1,1,650.0062,445.5584,691.5039,133.8084,1.000000,8,1
1,2,-14.5509,479.3801,469.8148,85.2403,1.000000,8,1
2,1,650.0062,445.5584,691.5039,133.8084,1.000000,8,1
2,2,-14.5509,479.3801,469.8148,85.2403,1.000000,8,1
3,1,650.0062,445.5584,691.5039,133.8084,1.000000,8,1
3,2,-14.5509,479.3801,469.8148,85.2403,1.000000,8,1
4,1,649.7934,445.4419,691.4133,133.7929,1.000000,8,1
4,2,-14.3810,479.2868,469.8046,85.2364,1.000000,8,1
5,1,649.4251,445.2469,691.2399,133.7630,1.000000,8,1
5,2,-14.0590,479.0940,469.7901,85.2294,1.000000,8,1
6,1,648.9521,445.0070,691.0081,133.7235,1.000000,8,1
6,2,-13.6204,478.8341,469.7746,85.2209,1.000000,8,1
7,1,648.4048,444.7440,690.7458,133.6797,1.000000,8,1
7,2,-13.0814,478.5308,469.7587,85.2117,1.000000,8,1
8,1,647.8146,444.4687,690.4722,133.6345,1.000000,8,1
8,2,-12.4781,478.2021,469.7450,85.2025,1.000000,8,1
9,1,647.1964,444.1936,690.1902,133.5888,1.000000,8,1
9,2,-11.8262,477.8656,469.7354,85.1944,1.000000,8,1
10,1,646.5593,443.9276,689.9026,133.5432,1.000000,8,1
10,2,-11.1350,477.5363,469.7320,85.1879,1.000000,8,1
11,1,645.9124,443.6732,689.6140,133.4984,1.000000,8,1
11,2,-10.4165,477.2212,469.7339,85.1832,1.000000,8,1
12,1,645.2590,443.4321,689.3269,133.4545,1.000000,8,1
12,2,-9.6770,476.9250,469.7411,85.1803,1.000000,8,1
13,1,644.6024,443.2062,689.0408,133.4119,1.000000,8,1
13,2,-8.9201,476.6534,469.7534,85.1793,1.000000,8,1
14,1,643.9447,442.9936,688.7550,133.3702,1.000000,8,1
14,2,-8.1514,476.4036,469.7707,85.1802,1.000000,8,1
15,1,643.2865,442.7938,688.4711,133.3293,1.000000,8,1
15,2,-7.3729,476.1756,469.7918,85.1826,1.000000,8,1
16,1,642.6285,442.6074,688.1888,133.2894,1.000000,8,1
16,2,-6.5859,475.9711,469.8166,85.1866,1.000000,8,1
17,1,641.9711,442.4314,687.9081,133.2504,1.000000,8,1
17,2,-5.7931,475.7844,469.8444,85.1918,1.000000,8,1
18,1,641.3145,442.2657,687.6283,133.2120,1.000000,8,1
18,2,-4.9951,475.6138,469.8747,85.1981,1.000000,8,1
19,1,640.6583,442.1113,687.3505,133.1745,1.000000,8,1
19,2,-4.1926,475.4592,469.9072,85.2054,1.000000,8,1
20,1,640.0029,441.9650,687.0728,133.1374,1.000000,8,1
20,2,-3.3858,475.3157,469.9410,85.2133,1.000000,8,1
21,1,639.3479,441.8268,686.7959,133.1009,1.000000,8,1
21,2,-2.5761,475.1815,469.9763,85.2219,1.000000,8,1
22,1,638.6931,441.6976,686.5190,133.0648,1.000000,8,1
22,2,-1.7641,475.0560,470.0130,85.2310,1.000000,8,1
23,1,638.0383,441.5750,686.2430,133.0292,1.000000,8,1
23,2,-0.9497,474.9361,470.0504,85.2404,1.000000,8,1
24,1,637.3832,441.4591,685.9683,132.9941,1.000000,8,1
24,2,-0.1337,474.8201,470.0887,85.2502,1.000000,8,1
25,1,636.7280,441.3503,685.6928,132.9594,1.000000,8,1
25,2,0.6836,474.7070,470.1280,85.2603,1.000000,8,1
26,1,636.0715,441.2469,685.4180,132.9250,1.000000,8,1
26,2,1.5031,474.5946,470.1676,85.2706,1.000000,8,1
27,1,635.4143,441.1491,685.1433,132.8910,1.000000,8,1
27,2,2.3236,474.4829,470.2079,85.2809,1.000000,8,1
28,1,634.7570,441.0579,684.8685,132.8572,1.000000,8,1
28,2,3.1439,474.3721,470.2493,85.2916,1.000000,8,1
29,1,634.0983,440.9712,684.5938,132.8238,1.000000,8,1
29,2,3.9659,474.2599,470.2905,85.3021,1.000000,8,1
30,1,633.4390,440.8893,684.3186,132.7905,1.000000,8,1
30,2,4.7883,474.1470,470.3322,85.3127,1.000000,8,1
31,1,632.7791,440.8132,684.0441,132.7577,1.000000,8,1
31,2,5.6092,474.0342,470.3754,85.3237,1.000000,8,1
32,1,632.1088,440.7412,683.7793,132.7252,1.000000,8,1
32,2,6.4300,473.9207,470.4190,85.3347,1.000000,8,1
33,1,631.4178,440.6736,683.5356,132.6930,1.000000,8,1
33,2,7.2499,473.8069,470.4634,85.3459,1.000000,8,1
34,1,630.7269,440.6112,683.2919,132.6613,1.000000,8,1
34,2,8.0680,473.6935,470.5091,85.3573,1.000000,8,1
35,1,630.0356,440.5526,683.0491,132.6299,1.000000,8,1
35,2,8.8858,473.5799,470.5548,85.3687,1.000000,8,1
36,1,629.3450,440.4980,682.8069,132.5987,1.000000,8,1
36,2,9.7014,473.4669,470.6019,85.3805,1.000000,8,1
37,1,628.6550,440.4478,682.5671,132.5682,1.000000,8,1
37,2,10.5139,473.3557,470.6509,85.3927,1.000000,8,1
38,1,627.9662,440.4012,682.3290,132.5382,1.000000,8,1
38,2,11.3256,473.2455,470.7007,85.4050,1.000000,8,1
39,1,627.2790,440.3587,682.0928,132.5088,1.000000,8,1
39,2,12.1350,473.1377,470.7520,85.4177,1.000000,8,1
40,1,626.5929,440.3206,681.8599,132.4801,1.000000,8,1
40,2,12.9407,473.0333,470.8060,85.4310,1.000000,8,1
41,1,625.9075,440.2852,681.6290,132.4520,1.000000,8,1
41,2,13.7441,472.9319,470.8616,85.4448,1.000000,8,1
42,1,625.2227,440.2530,681.4009,132.4245,1.000000,8,1
42,2,14.5437,472.8347,470.9199,85.4592,1.000000,8,1
43,1,624.5385,440.2245,681.1758,132.3978,1.000000,8,1
43,2,15.3380,472.7431,470.9816,85.4745,1.000000,8,1
44,1,623.8549,440.1986,680.9532,132.3716,1.000000,8,1
44,2,16.1294,472.6572,471.0450,85.4903,1.000000,8,1
45,1,623.1720,440.1752,680.7329,132.3461,1.000000,8,1
45,2,16.9167,472.5763,471.1110,85.5067,1.000000,8,1
46,1,622.4899,440.1549,680.5161,132.3213,1.000000,8,1
46,2,17.6992,472.5010,471.1799,85.5240,1.000000,8,1
47,1,621.8094,440.1378,680.3011,132.2970,1.000000,8,1
47,2,18.4786,472.4312,471.2509,85.5418,1.000000,8,1
48,1,621.1306,440.1237,680.0877,132.2731,1.000000,8,1
48,2,19.2542,472.3668,471.3242,85.5602,1.000000,8,1
49,1,620.4530,440.1129,679.8767,132.2497,1.000000,8,1
49,2,20.0253,472.3086,471.4006,85.5795,1.000000,8,1
50,1,619.7780,440.1054,679.6678,132.2269,1.000000,8,1
50,2,20.7937,472.2560,471.4787,85.5993,1.000000,8,1
51,1,619.1052,440.1010,679.4598,132.2044,1.000000,8,1
51,2,21.5581,472.2090,471.5593,85.6197,1.000000,8,1
52,1,618.4346,440.0995,679.2533,132.1822,1.000000,8,1
52,2,22.3181,472.1672,471.6428,85.6409,1.000000,8,1
53,1,617.7668,440.1009,679.0477,132.1602,1.000000,8,1
53,2,23.0756,472.1308,471.7278,85.6625,1.000000,8,1
54,1,617.1017,440.1049,678.8433,132.1386,1.000000,8,1
54,2,23.8303,472.0992,471.8147,85.6847,1.000000,8,1
55,1,616.4388,440.1115,678.6411,132.1174,1.000000,8,1
55,2,24.5816,472.0724,471.9037,85.7075,1.000000,8,1
56,1,615.7794,440.1206,678.4391,132.0963,1.000000,8,1
56,2,25.3303,472.0505,471.9943,85.7307,1.000000,8,1
57,1,615.1224,440.1319,678.2375,132.0752,1.000000,8,1
57,2,26.0768,472.0329,472.0862,85.7542,1.000000,8,1
58,1,614.4679,440.1454,678.0364,132.0544,1.000000,8,1
58,2,26.8213,472.0191,472.1794,85.7782,1.000000,8,1
59,1,613.8163,440.1608,677.8361,132.0337,1.000000,8,1
59,2,27.5640,472.0099,472.2733,85.8025,1.000000,8,1
60,1,613.1668,440.1775,677.6367,132.0132,1.000000,8,1
60,2,28.3047,472.0047,472.3684,85.8272,1.000000,8,1
61,1,612.5195,440.1955,677.4378,131.9929,1.000000,8,1
61,2,29.0434,472.0032,472.4648,85.8523,1.000000,8,1
62,1,611.8740,440.2144,677.2408,131.9727,1.000000,8,1
62,2,29.7805,472.0059,472.5618,85.8775,1.000000,8,1
63,1,611.2306,440.2339,677.0431,131.9526,1.000000,8,1
63,2,30.5161,472.0126,472.6597,85.9031,1.000000,8,1
64,1,610.5883,440.2539,676.8458,131.9325,1.000000,8,1
64,2,31.2506,472.0224,472.7583,85.9289,1.000000,8,1
65,1,609.9473,440.2740,676.6504,131.9126,1.000000,8,1
65,2,31.9839,472.0367,472.8573,85.9550,1.000000,8,1
66,1,609.3071,440.2944,676.4552,131.8928,1.000000,8,1
66,2,32.7166,472.0552,472.9567,85.9813,1.000000,8,1
67,1,608.6674,440.3149,676.2603,131.8731,1.000000,8,1
67,2,33.4494,472.0770,473.0564,86.0077,1.000000,8,1
68,1,608.0283,440.3348,676.0672,131.8537,1.000000,8,1
68,2,34.1824,472.1024,473.1556,86.0342,1.000000,8,1
69,1,607.3893,440.3543,675.8755,131.8344,1.000000,8,1
69,2,34.9155,472.1309,473.2550,86.0607,1.000000,8,1
70,1,606.7501,440.3732,675.6835,131.8152,1.000000,8,1
70,2,35.6489,472.1624,473.3546,86.0875,1.000000,8,1
71,1,606.1107,440.3908,675.4931,131.7961,1.000000,8,1
71,2,36.3838,472.1976,473.4534,86.1142,1.000000,8,1
72,1,605.4707,440.4074,675.3035,131.7771,1.000000,8,1
72,2,37.1204,472.2357,473.5514,86.1409,1.000000,8,1
73,1,604.8304,440.4229,675.1135,131.7581,1.000000,8,1
73,2,37.8587,472.2767,473.6487,86.1676,1.000000,8,1
74,1,604.1895,440.4366,674.9250,131.7393,1.000000,8,1
74,2,38.5997,472.3216,473.7445,86.1941,1.000000,8,1
75,1,603.5482,440.4485,674.7369,131.7204,1.000000,8,1
75,2,39.3435,472.3695,473.8389,86.2203,1.000000,8,1
76,1,602.9067,440.4584,674.5488,131.7015,1.000000,8,1
76,2,40.0898,472.4201,473.9322,86.2465,1.000000,8,1
77,1,602.2656,440.4669,674.3626,131.6828,1.000000,8,1
77,2,40.8390,472.4738,474.0236,86.2724,1.000000,8,1
78,1,601.6250,440.4737,674.1768,131.6641,1.000000,8,1
78,2,41.5914,472.5296,474.1134,86.2981,1.000000,8,1
79,1,600.9850,440.4784,673.9920,131.6455,1.000000,8,1
79,2,42.3476,472.5872,474.2014,86.3235,1.000000,8,1
80,1,600.3466,440.4808,673.8080,131.6269,1.000000,8,1
80,2,43.1075,472.6470,474.2870,86.3485,1.000000,8,1
81,1,599.7086,440.4810,673.6250,131.6083,1.000000,8,1
81,2,43.8714,472.7079,474.3702,86.3731,1.000000,8,1
82,1,599.0711,440.4789,673.4422,131.5897,1.000000,8,1
82,2,44.6402,472.7687,474.4509,86.3971,1.000000,8,1
83,1,598.4336,440.4742,673.2605,131.5711,1.000000,8,1
83,2,45.4131,472.8309,474.5292,86.4208,1.000000,8,1
84,1,597.7964,440.4672,673.0798,131.5525,1.000000,8,1
84,2,46.1897,472.8937,474.6054,86.4441,1.000000,8,1
85,1,597.1594,440.4571,672.8994,131.5340,1.000000,8,1
85,2,46.9704,472.9568,474.6793,86.4669,1.000000,8,1
86,1,596.5228,440.4447,672.7203,131.5155,1.000000,8,1
86,2,47.7548,473.0209,474.7511,86.4894,1.000000,8,1
87,1,595.8865,440.4304,672.5418,131.4971,1.000000,8,1
87,2,48.5429,473.0857,474.8208,86.5115,1.000000,8,1
88,1,595.2504,440.4140,672.3646,131.4787,1.000000,8,1
88,2,49.3342,473.1512,474.8886,86.5332,1.000000,8,1
89,1,594.6146,440.3952,672.1895,131.4607,1.000000,8,1
89,2,50.1276,473.2179,474.9553,86.5547,1.000000,8,1
90,1,593.9794,440.3755,672.0156,131.4428,1.000000,8,1
90,2,50.9234,473.2858,475.0204,86.5761,1.000000,8,1
91,1,593.3446,440.3556,671.8430,131.4251,1.000000,8,1
91,2,51.7211,473.3543,475.0848,86.5972,1.000000,8,1
92,1,592.7106,440.3344,671.6712,131.4075,1.000000,8,1
92,2,52.5209,473.4242,475.1483,86.6183,1.000000,8,1
93,1,592.0773,440.3136,671.5008,131.3903,1.000000,8,1
93,2,53.3223,473.4952,475.2110,86.6392,1.000000,8,1
94,1,591.4440,440.2940,671.3323,131.3734,1.000000,8,1
94,2,54.1256,473.5675,475.2731,86.6601,1.000000,8,1
95,1,590.8114,440.2747,671.1647,131.3566,1.000000,8,1
95,2,54.9300,473.6426,475.3350,86.6810,1.000000,8,1
96,1,590.1793,440.2570,670.9979,131.3401,1.000000,8,1
96,2,55.7362,473.7200,475.3963,86.7019,1.000000,8,1
97,1,589.5473,440.2419,670.8317,131.3239,1.000000,8,1
97,2,56.5441,473.7990,475.4572,86.7228,1.000000,8,1
98,1,588.9153,440.2292,670.6666,131.3079,1.000000,8,1
98,2,57.3531,473.8816,475.5177,86.7437,1.000000,8,1
99,1,588.2836,440.2197,670.5017,131.2922,1.000000,8,1
99,2,58.1639,473.9672,475.5778,86.7647,1.000000,8,1
100,1,587.6519,440.2144,670.3370,131.2767,1.000000,8,1
100,2,58.9773,474.0553,475.6369,86.7856,1.000000,8,1
101,1,587.0201,440.2131,670.1724,131.2614,1.000000,8,1
101,2,59.7924,474.1472,475.6957,86.8065,1.000000,8,1
102,1,586.3879,440.2166,670.0085,131.2465,1.000000,8,1
102,2,60.6099,474.2419,475.7535,86.8273,1.000000,8,1
103,1,585.7551,440.2255,669.8457,131.2321,1.000000,8,1
103,2,61.4297,474.3383,475.8105,86.8481,1.000000,8,1
104,1,585.1218,440.2388,669.6827,131.2180,1.000000,8,1
104,2,62.2514,474.4381,475.8671,86.8688,1.000000,8,1
105,1,584.4876,440.2565,669.5207,131.2041,1.000000,8,1
105,2,63.0754,474.5403,475.9226,86.8895,1.000000,8,1
106,1,583.8523,440.2791,669.3604,131.1909,1.000000,8,1
106,2,63.9020,474.6439,475.9770,86.9100,1.000000,8,1
107,1,583.2160,440.3065,669.2017,131.1783,1.000000,8,1
107,2,64.7306,474.7496,476.0308,86.9305,1.000000,8,1
108,1,582.5792,440.3381,669.0441,131.1662,1.000000,8,1
108,2,65.5609,474.8561,476.0840,86.9509,1.000000,8,1
109,1,581.9410,440.3739,668.8890,131.1546,1.000000,8,1
109,2,66.3934,474.9620,476.1363,86.9711,1.000000,8,1
110,1,581.3024,440.4136,668.7362,131.1440,1.000000,8,1
110,2,67.2270,475.0683,476.1885,86.9912,1.000000,8,1
111,1,580.6631,440.4568,668.5875,131.1342,1.000000,8,1
111,2,68.0616,475.1737,476.2406,87.0114,1.000000,8,1
112,1,580.0239,440.5037,668.4427,131.1252,1.000000,8,1
112,2,68.8972,475.2773,476.2921,87.0314,1.000000,8,1
113,1,579.3857,440.5537,668.3013,131.1172,1.000000,8,1
113,2,69.7329,475.3801,476.3438,87.0514,1.000000,8,1
114,1,578.7476,440.6063,668.1647,131.1102,1.000000,8,1
114,2,70.5687,475.4815,476.3959,87.0714,1.000000,8,1
115,1,578.1095,440.6610,668.0323,131.1042,1.000000,8,1
115,2,71.4039,475.5808,476.4483,87.0915,1.000000,8,1
116,1,577.4713,440.7172,667.9045,131.0990,1.000000,8,1
116,2,72.2367,475.6782,476.5024,87.1118,1.000000,8,1
117,1,576.8329,440.7745,667.7803,131.0947,1.000000,8,1
117,2,73.0682,475.7736,476.5574,87.1322,1.000000,8,1
118,1,576.1941,440.8328,667.6604,131.0912,1.000000,8,1
118,2,73.8993,475.8668,476.6122,87.1526,1.000000,8,1
119,1,575.5551,440.8925,667.5453,131.0889,1.000000,8,1
119,2,74.7274,475.9584,476.6688,87.1732,1.000000,8,1
120,1,574.9155,440.9532,667.4339,131.0873,1.000000,8,1
120,2,75.5533,476.0489,476.7264,87.1940,1.000000,8,1
121,1,574.2752,441.0144,667.3259,131.0863,1.000000,8,1
121,2,76.3770,476.1380,476.7851,87.2150,1.000000,8,1
122,1,573.6346,441.0771,667.2214,131.0862,1.000000,8,1
122,2,77.1973,476.2253,476.8458,87.2363,1.000000,8,1
123,1,572.9935,441.1411,667.1198,131.0867,1.000000,8,1
123,2,78.0156,476.3120,476.9075,87.2577,1.000000,8,1
124,1,572.3521,441.2064,667.0203,131.0877,1.000000,8,1
124,2,78.8327,476.3984,476.9694,87.2792,1.000000,8,1
125,1,571.7103,441.2741,666.9214,131.0889,1.000000,8,1
125,2,79.6480,476.4861,477.0322,87.3010,1.000000,8,1
126,1,571.0682,441.3438,666.8232,131.0903,1.000000,8,1
126,2,80.4628,476.5753,477.0948,87.3228,1.000000,8,1
127,1,570.4254,441.4147,666.7250,131.0919,1.000000,8,1
127,2,81.2781,476.6658,477.1569,87.3444,1.000000,8,1
128,1,569.7826,441.4887,666.6254,131.0934,1.000000,8,1
128,2,82.0932,476.7586,477.2188,87.3661,1.000000,8,1
129,1,569.1393,441.5655,666.5249,131.0948,1.000000,8,1
129,2,82.9099,476.8540,477.2793,87.3877,1.000000,8,1
130,1,568.4959,441.6446,666.4221,131.0959,1.000000,8,1
130,2,83.7291,476.9526,477.3379,87.4090,1.000000,8,1
131,1,567.8524,441.7266,666.3157,131.0965,1.000000,8,1
131,2,84.5509,477.0543,477.3947,87.4300,1.000000,8,1
132,1,567.2083,441.8108,666.2075,131.0966,1.000000,8,1
132,2,85.3765,477.1581,477.4489,87.4505,1.000000,8,1
133,1,566.5641,441.8968,666.0956,131.0963,1.000000,8,1
133,2,86.2066,477.2631,477.4999,87.4705,1.000000,8,1
134,1,565.9194,441.9850,665.9796,131.0952,1.000000,8,1
134,2,87.0410,477.3692,477.5481,87.4900,1.000000,8,1
135,1,565.2746,442.0743,665.8592,131.0933,1.000000,8,1
135,2,87.8796,477.4751,477.5934,87.5088,1.000000,8,1
136,1,564.6294,442.1645,665.7346,131.0908,1.000000,8,1
136,2,88.7238,477.5793,477.6347,87.5268,1.000000,8,1
137,1,563.9832,442.2557,665.6039,131.0871,1.000000,8,1
137,2,89.5733,477.6817,477.6723,87.5441,1.000000,8,1
138,1,563.3361,442.3466,665.4693,131.0825,1.000000,8,1
138,2,90.4281,477.7806,477.7062,87.5605,1.000000,8,1
139,1,562.6885,442.4361,665.3319,131.0773,1.000000,8,1
139,2,91.2885,477.8738,477.7362,87.5758,1.000000,8,1
140,1,562.0405,442.5240,665.1891,131.0711,1.000000,8,1
140,2,92.1544,477.9622,477.7624,87.5904,1.000000,8,1
141,1,561.3925,442.6098,665.0428,131.0640,1.000000,8,1
141,2,93.0249,478.0447,477.7853,87.6041,1.000000,8,1
142,1,560.7446,442.6926,664.8931,131.0562,1.000000,8,1
142,2,93.9001,478.1194,477.8047,87.6168,1.000000,8,1
143,1,560.0961,442.7722,664.7397,131.0474,1.000000,8,1
143,2,94.7796,478.1875,477.8210,87.6286,1.000000,8,1
144,1,559.4475,442.8485,664.5828,131.0377,1.000000,8,1
144,2,95.6630,478.2485,477.8344,87.6397,1.000000,8,1
145,1,558.7988,442.9209,664.4221,131.0272,1.000000,8,1
145,2,96.5502,478.3018,477.8446,87.6498,1.000000,8,1
146,1,558.1494,442.9888,664.2577,131.0157,1.000000,8,1
146,2,97.4403,478.3473,477.8527,87.6593,1.000000,8,1
147,1,557.4994,443.0522,664.0902,131.0034,1.000000,8,1
147,2,98.3336,478.3857,477.8582,87.6681,1.000000,8,1
148,1,556.8491,443.1105,663.9190,130.9901,1.000000,8,1
148,2,99.2311,478.4175,477.8604,87.6759,1.000000,8,1
149,1,556.1973,443.1635,663.7447,130.9760,1.000000,8,1
149,2,100.1320,478.4420,477.8604,87.6832,1.000000,8,1
150,1,555.5448,443.2116,663.5673,130.9610,1.000000,8,1
150,2,101.0365,478.4598,477.8582,87.6897,1.000000,8,1
151,1,554.8917,443.2545,663.3866,130.9451,1.000000,8,1
151,2,101.9456,478.4710,477.8530,87.6954,1.000000,8,1
152,1,554.2365,443.2917,663.2032,130.9284,1.000000,8,1
152,2,102.8590,478.4772,477.8455,87.7006,1.000000,8,1
153,1,553.5803,443.3237,663.0170,130.9110,1.000000,8,1
153,2,103.7761,478.4790,477.8358,87.7050,1.000000,8,1
154,1,552.9238,443.3510,662.8270,130.8927,1.000000,8,1
154,2,104.6969,478.4758,477.8233,87.7088,1.000000,8,1
155,1,552.2653,443.3728,662.6345,130.8735,1.000000,8,1
155,2,105.6207,478.4687,477.8091,87.7122,1.000000,8,0.96875
156,1,551.6058,443.3900,662.4399,130.8537,1.000000,8,1
156,2,106.5476,478.4570,477.7934,87.7152,1.000000,8,1
157,1,550.9461,443.4027,662.2414,130.8330,1.000000,8,1
157,2,107.4763,478.4399,477.7768,87.7176,1.000000,8,1
158,1,550.2843,443.4098,662.0404,130.8116,1.000000,8,1
158,2,108.4067,478.4185,477.7596,87.7199,1.000000,8,1
159,1,549.6212,443.4123,661.8378,130.7895,1.000000,8,1
159,2,109.3391,478.3920,477.7413,87.7219,1.000000,8,1
160,1,548.9579,443.4107,661.6315,130.7666,1.000000,8,1
160,2,110.2728,478.3593,477.7227,87.7235,1.000000,8,0.96875
161,1,548.2929,443.4045,661.4229,130.7431,1.000000,8,1
161,2,111.2073,478.3213,477.7043,87.7250,1.000000,8,0.9375
162,1,547.6270,443.3943,661.2126,130.7190,1.000000,8,1
162,2,112.1421,478.2780,477.6863,87.7265,1.000000,8,1
163,1,546.9611,443.3802,660.9993,130.6942,1.000000,8,1
163,2,113.0768,478.2290,477.6689,87.7279,1.000000,8,0.9375
164,1,546.2945,443.3620,660.7853,130.6690,1.000000,8,1
164,2,114.0114,478.1736,477.6520,87.7292,1.000000,8,1
165,1,545.6281,443.3402,660.5699,130.6433,1.000000,8,1
165,2,114.9445,478.1122,477.6369,87.7306,1.000000,8,0.9375
166,1,544.9627,443.3148,660.3530,130.6171,1.000000,8,1
166,2,115.8747,478.0451,477.6239,87.7323,1.000000,8,1
167,1,544.2975,443.2863,660.1355,130.5907,1.000000,8,1
167,2,116.8031,477.9714,477.6127,87.7341,1.000000,8,1
168,1,543.6329,443.2551,659.9174,130.5640,1.000000,8,1
168,2,117.7297,477.8916,477.6030,87.7360,1.000000,8,1
169,1,542.9700,443.2214,659.6970,130.5367,1.000000,8,1
169,2,118.6535,477.8063,477.5953,87.7382,1.000000,8,0.96875
170,1,542.3076,443.1852,659.4769,130.5092,1.000000,8,1
170,2,119.5730,477.7159,477.5914,87.7410,1.000000,8,0.96875
171,1,541.6468,443.1468,659.2554,130.4814,1.000000,8,1
171,2,120.4885,477.6210,477.5908,87.7443,1.000000,8,0.96875
172,1,540.9873,443.1065,659.0342,130.4534,1.000000,8,1
172,2,121.3992,477.5221,477.5938,87.7481,1.000000,8,0.96875
173,1,540.3290,443.0646,658.8126,130.4253,1.000000,8,1
173,2,122.3059,477.4173,477.6000,87.7524,1.000000,8,0.96875
174,1,539.6721,443.0219,658.5907,130.3970,1.000000,8,1
174,2,123.2083,477.3082,477.6097,87.7573,1.000000,8,0.96875
175,1,539.0172,442.9789,658.3690,130.3687,1.000000,8,1
175,2,124.1051,477.1967,477.6237,87.7629,1.000000,8,1
176,1,538.3636,442.9356,658.1476,130.3403,1.000000,8,1
176,2,124.9966,477.0800,477.6420,87.7694,1.000000,8,1
177,1,537.7117,442.8928,657.9261,130.3120,1.000000,8,1
177,2,125.8825,476.9598,477.6649,87.7765,1.000000,8,0.9375
178,1,537.0619,442.8511,657.7052,130.2838,1.000000,8,1
178,2,126.7624,476.8374,477.6925,87.7846,1.000000,8,0.96875
179,1,536.4136,442.8107,657.4846,130.2555,1.000000,8,1
179,2,127.6369,476.7112,477.7243,87.7934,1.000000,8,0.90625
180,1,535.7671,442.7724,657.2640,130.2275,1.000000,8,1
180,2,128.5061,476.5819,477.7604,87.8029,1.000000,8,0.90625
181,1,535.1218,442.7371,657.0451,130.1997,1.000000,8,1
181,2,129.3689,476.4502,477.8016,87.8134,1.000000,8,0.84375
182,1,534.4780,442.7042,656.8262,130.1721,1.000000,8,1
182,2,130.2261,476.3149,477.8474,87.8247,1.000000,8,0.875
183,1,533.8357,442.6740,656.6077,130.1447,1.000000,8,1
183,2,131.0769,476.1772,477.8985,87.8370,1.000000,8,1
184,1,533.1949,442.6482,656.3896,130.1174,1.000000,8,1
184,2,131.9204,476.0377,477.9553,87.8503,1.000000,8,0.90625
185,1,532.5550,442.6264,656.1719,130.0905,1.000000,8,1
185,2,132.7576,475.8949,478.0168,87.8646,1.000000,8,0.9375
186,1,531.9162,442.6085,655.9542,130.0637,1.000000,8,1
186,2,133.5878,475.7498,478.0839,87.8799,1.000000,8,0.875
187,1,531.2782,442.5944,655.7355,130.0369,1.000000,8,1
187,2,134.4098,475.6031,478.1574,87.8963,1.000000,8,0.96875
188,1,530.6408,442.5852,655.5167,130.0103,1.000000,8,1
188,2,135.2264,475.4539,478.2351,87.9136,1.000000,8,0.90625
189,1,530.0039,442.5803,655.2974,129.9837,1.000000,8,1
189,2,136.0365,475.3032,478.3180,87.9319,1.000000,8,0.90625
190,1,529.3673,442.5789,655.0771,129.9572,1.000000,8,1
190,2,136.8386,475.1520,478.4073,87.9515,1.000000,8,0.9375
191,1,528.7309,442.5824,654.8569,129.9308,1.000000,8,1
191,2,137.6360,474.9994,478.5005,87.9717,1.000000,8,0.96875
192,1,528.0944,442.5891,654.6360,129.9045,1.000000,8,1
192,2,138.4281,474.8464,478.5981,87.9929,1.000000,8,0.90625
193,1,527.4576,442.5984,654.4136,129.8780,1.000000,8,1
193,2,139.2140,474.6937,478.7007,88.0151,1.000000,8,0.90625
194,1,526.8193,442.6119,654.1895,129.8513,1.000000,8,1
194,2,139.9947,474.5403,478.8077,88.0381,1.000000,8,0.96875
195,1,526.1799,442.6276,653.9637,129.8246,1.000000,8,1
195,2,140.7707,474.3871,478.9186,88.0620,1.000000,8,0.90625
196,1,525.5397,442.6444,653.7375,129.7978,1.000000,8,1
196,2,141.5418,474.2352,479.0338,88.0867,1.000000,8,0.96875
197,1,524.8995,442.6633,653.5110,129.7710,1.000000,8,1
197,2,142.3099,474.0831,479.1517,88.1120,1.000000,8,0.75
198,1,524.2594,442.6831,653.2845,129.7442,1.000000,8,1
198,2,143.0744,473.9318,479.2728,88.1380,1.000000,8,0.90625
199,1,523.6200,442.7023,653.0580,129.7174,1.000000,8,1
199,2,143.8345,473.7826,479.3976,88.1648,1.000000,8,0.90625
200,1,522.9825,442.7223,652.8322,129.6907,1.000000,8,1
200,2,144.5929,473.6338,479.5234,88.1918,1.000000,8,0.9375
201,1,522.3463,442.7415,652.6074,129.6642,1.000000,8,1
201,2,145.3487,473.4856,479.6512,88.2193,1.000000,8,0.84375
202,1,521.7115,442.7584,652.3837,129.6377,1.000000,8,1
202,2,146.1019,473.3380,479.7812,88.2472,1.000000,8,0.96875
203,1,521.0793,442.7739,652.1606,129.6111,1.000000,8,1
203,2,146.8548,473.1891,479.9115,88.2751,1.000000,8,0.875
204,1,520.4489,442.7868,651.9391,129.5847,1.000000,8,1
204,2,147.6064,473.0399,480.0431,88.3033,1.000000,8,0.84375
205,1,519.8198,442.7960,651.7191,129.5585,1.000000,8,1
205,2,148.3565,472.8919,480.1762,88.3318,1.000000,8,0.90625
206,1,519.1929,442.8023,651.5007,129.5323,1.000000,8,1
206,2,149.1064,472.7427,480.3096,88.3604,1.000000,8,0.8125
207,1,518.5676,442.8051,651.2845,129.5062,1.000000,8,1
207,2,149.8560,472.5939,480.4435,88.3890,1.000000,8,0.875
208,1,517.9434,442.8038,651.0698,129.4803,1.000000,8,1
208,2,150.6055,472.4466,480.5779,88.4179,1.000000,8,0.9375
209,1,517.3219,442.7979,650.8550,129.4541,1.000000,8,1
209,2,151.3555,472.2990,480.7120,88.4466,1.000000,8,0.96875
210,1,516.7014,442.7874,650.6425,129.4280,1.000000,8,1
210,2,152.1055,472.1526,480.8650,88.4755,1.000000,8,0.90625
211,1,516.0814,442.7718,650.4330,129.4022,1.000000,8,1
211,2,152.8541,472.0087,481.0274,88.5048,1.000000,8,0.8125
212,1,515.4638,442.7517,650.2238,129.3763,1.000000,8,1
212,2,153.6034,471.8667,481.1894,88.5341,1.000000,8,0.84375
213,1,514.8470,442.7270,650.0167,129.3504,1.000000,8,1
213,2,154.3529,471.7273,481.3516,88.5635,1.000000,8,0.875
214,1,514.2307,442.6971,649.8110,129.3247,1.000000,8,1
214,2,155.1021,471.5918,481.5148,88.5932,1.000000,8,0.9375
215,1,513.6158,442.6621,649.6068,129.2989,1.000000,8,1
215,2,155.8526,471.4590,481.6776,88.6230,1.000000,8,0.84375
216,1,513.0013,442.6227,649.4047,129.2733,1.000000,8,1
216,2,156.6037,471.3294,481.8407,88.6530,1.000000,8,0.875
217,1,512.3864,442.5791,649.2059,129.2481,1.000000,8,1
217,2,157.3555,471.2042,482.0042,88.6831,1.000000,8,0.875
218,1,511.7726,442.5309,649.0081,129.2230,1.000000,8,1
218,2,158.1096,471.0826,482.1664,88.7131,1.000000,8,0.84375
219,1,511.1583,442.4792,648.8143,129.1983,1.000000,8,1
219,2,158.8649,470.9651,482.3283,88.7432,1.000000,8,0.75
220,1,510.5435,442.4244,648.6228,129.1741,1.000000,8,1
220,2,159.6208,470.8531,482.4905,88.7735,1.000000,8,0.875
221,1,509.9289,442.3659,648.4340,129.1502,1.000000,8,1
221,2,160.3790,470.7446,482.6512,88.8037,1.000000,8,0.90625
222,1,509.3139,442.3045,648.2469,129.1265,1.000000,8,1
222,2,161.1383,470.6401,482.8116,88.8339,1.000000,8,0.78125
223,1,508.6982,442.2403,648.0627,129.1033,1.000000,8,1
223,2,161.8988,470.5404,482.9714,88.8641,1.000000,8,0.84375
224,1,508.0823,442.1735,647.8810,129.0804,1.000000,8,1
224,2,162.6620,470.4435,483.1292,88.8941,1.000000,8,0.9375
225,1,507.4661,442.1049,647.7019,129.0580,1.000000,8,1
225,2,163.4262,470.3499,483.2865,88.9240,1.000000,8,0.9375
226,1,506.8480,442.0352,647.5278,129.0365,1.000000,8,1
226,2,164.1912,470.2597,483.4434,88.9539,1.000000,8,0.84375
227,1,506.2298,441.9639,647.3565,129.0155,1.000000,8,1
227,2,164.9582,470.1721,483.5986,88.9837,1.000000,8,0.90625
228,1,505.6107,441.8914,647.1885,128.9952,1.000000,8,1
228,2,165.7262,470.0880,483.7531,89.0134,1.000000,8,0.875
229,1,504.9907,441.8177,647.0235,128.9754,1.000000,8,1
229,2,166.4942,470.0082,483.9075,89.0432,1.000000,8,0.90625
230,1,504.3701,441.7422,646.8627,128.9564,1.000000,8,1
230,2,167.2631,469.9313,484.0609,89.0729,1.000000,8,0.90625
231,1,503.7484,441.6654,646.7061,128.9381,1.000000,8,1
231,2,168.0326,469.8583,484.2136,89.1026,1.000000,8,0.75
232,1,503.1258,441.5883,646.5532,128.9207,1.000000,8,1
232,2,168.8028,469.7903,484.3662,89.1325,1.000000,8,0.84375
233,1,502.5026,441.5094,646.4047,128.9040,1.000000,8,1
233,2,169.5739,469.7264,484.5191,89.1625,1.000000,8,0.8125
234,1,501.8788,441.4294,646.2599,128.8880,1.000000,8,1
234,2,170.3457,469.6686,484.6718,89.1928,1.000000,8,0.84375
235,1,501.2537,441.3494,646.1199,128.8730,1.000000,8,1
235,2,171.1185,469.6189,484.8240,89.2231,1.000000,8,0.90625
236,1,500.6282,441.2681,645.9839,128.8588,1.000000,8,1
236,2,171.8913,469.5767,484.9764,89.2538,1.000000,8,0.875
237,1,500.0020,441.1861,645.8523,128.8454,1.000000,8,1
237,2,172.6643,469.5421,485.1288,89.2848,1.000000,8,0.9375
238,1,499.3746,441.1036,645.7258,128.8330,1.000000,8,1
238,2,173.4375,469.5166,485.2815,89.3161,1.000000,8,0.8125
239,1,498.7478,441.0204,645.6029,128.8213,1.000000,8,1
239,2,174.2108,469.4991,485.4346,89.3477,1.000000,8,0.71875
240,1,498.1205,440.9371,645.4838,128.8104,1.000000,8,1
240,2,174.9849,469.4891,485.5874,89.3795,1.000000,8,0.78125
241,1,497.4920,440.8539,645.3678,128.8001,1.000000,8,1
241,2,175.7604,469.4875,485.7397,89.4115,1.000000,8,0.65625
242,1,496.8635,440.7698,645.2542,128.7902,1.000000,8,1
242,2,176.5361,469.4940,485.8924,89.4440,1.000000,8,0.90625
243,1,496.2343,440.6850,645.1425,128.7807,1.000000,8,1
243,2,177.3130,469.5075,486.0447,89.4765,1.000000,8,0.8125
244,1,495.6046,440.6004,645.0320,128.7715,1.000000,8,1
244,2,178.0912,469.5281,486.1965,89.5092,1.000000,8,0.78125
245,1,494.9748,440.5161,644.9223,128.7626,1.000000,8,1
245,2,178.8701,469.5558,486.3488,89.5422,1.000000,8,0.71875
246,1,494.3440,440.4327,644.8147,128.7540,1.000000,8,1
246,2,179.6508,469.5898,486.4998,89.5752,1.000000,8,0.71875
247,1,493.7129,440.3510,644.7064,128.7454,1.000000,8,1
247,2,180.4329,469.6297,486.6502,89.6082,1.000000,8,0.6875
248,1,493.0808,440.2692,644.5974,128.7367,1.000000,8,1
248,2,181.2157,469.6755,486.8000,89.6414,1.000000,8,0.84375
249,1,492.4482,440.1880,644.4868,128.7277,1.000000,8,1
249,2,181.9998,469.7256,486.9492,89.6746,1.000000,8,0.84375
250,1,491.8154,440.1084,644.3743,128.7184,1.000000,8,1
250,2,182.7858,469.7795,487.0977,89.7077,1.000000,8,0.90625
251,1,491.1826,440.0291,644.2607,128.7088,1.000000,8,1
251,2,183.5728,469.8387,487.2460,89.7410,1.000000,8,0.78125
252,1,490.5499,439.9506,644.1462,128.6993,1.000000,8,1
252,2,184.3609,469.9025,487.3941,89.7745,1.000000,8,0.90625
253,1,489.9173,439.8741,644.0303,128.6894,1.000000,8,1
253,2,185.1509,469.9709,487.5416,89.8079,1.000000,8,0.75
254,1,489.2850,439.7976,643.9115,128.6789,1.000000,8,1
254,2,185.9432,470.0450,487.6882,89.8413,1.000000,8,0.71875
255,1,488.6527,439.7216,643.7910,128.6682,1.000000,8,1
255,2,186.7384,470.1239,487.8332,89.8746,1.000000,8,0.6875
256,1,488.0199,439.6471,643.6688,128.6571,1.000000,8,1
256,2,187.5376,470.2067,487.9760,89.9076,1.000000,8,0.78125
257,1,487.3869,439.5712,643.5447,128.6457,1.000000,8,1
257,2,188.3398,470.2957,488.1177,89.9406,1.000000,8,0.6875
258,1,486.7541,439.4952,643.4193,128.6341,1.000000,8,1
258,2,189.1451,470.3895,488.2581,89.9735,1.000000,8,0.59375
259,1,486.1204,439.4205,643.2935,128.6223,1.000000,8,1
259,2,189.9542,470.4874,488.3964,90.0061,1.000000,8,0.8125
260,1,485.4864,439.3444,643.1660,128.6102,1.000000,8,1
260,2,190.7677,470.5910,488.5327,90.0385,1.000000,8,0.6875
261,1,484.8515,439.2681,643.0383,128.5981,1.000000,8,1
261,2,191.5852,470.6988,488.6670,90.0707,1.000000,8,0.78125
262,1,484.2160,439.1920,642.9106,128.5860,1.000000,8,1
262,2,192.4063,470.8099,488.7993,90.1025,1.000000,8,0.6875
263,1,483.5795,439.1145,642.7816,128.5735,1.000000,8,1
263,2,193.2298,470.9263,488.9301,90.1342,1.000000,8,0.625
264,1,482.9427,439.0366,642.6508,128.5608,1.000000,8,1
264,2,194.0570,471.0451,489.0583,90.1655,1.000000,8,0.78125
265,1,482.3048,438.9595,642.5200,128.5481,1.000000,8,1
265,2,194.8900,471.1638,489.1832,90.1961,1.000000,8,0.6875
266,1,481.6654,438.8809,642.3890,128.5353,1.000000,8,1
266,2,195.7261,471.2841,489.3068,90.2264,1.000000,8,0.75
267,1,481.0246,438.8023,642.2579,128.5225,1.000000,8,1
267,2,196.5658,471.4038,489.4284,90.2565,1.000000,8,0.6875
268,1,480.3820,438.7249,642.1279,128.5099,1.000000,8,1
268,2,197.4102,471.5217,489.5471,90.2858,1.000000,8,0.65625
269,1,479.7375,438.6468,641.9974,128.4975,1.000000,8,1
269,2,198.2576,471.6415,489.6641,90.3149,1.000000,8,0.71875
270,1,479.0914,438.5699,641.8673,128.4851,1.000000,8,1
270,2,199.1077,471.7607,489.7795,90.3436,1.000000,8,0.8125
271,1,478.4445,438.4960,641.7368,128.4729,1.000000,8,1
271,2,199.9607,471.8773,489.8933,90.3718,1.000000,8,0.625
272,1,477.7948,438.4222,641.6072,128.4608,1.000000,8,1
272,2,200.8158,471.9948,490.0059,90.4000,1.000000,8,0.625
273,1,477.1435,438.3505,641.4772,128.4489,1.000000,8,1
273,2,201.6728,472.1121,490.1174,90.4278,1.000000,8,0.8125
274,1,476.4915,438.2827,641.3459,128.4368,1.000000,8,1
274,2,202.5328,472.2277,490.2267,90.4552,1.000000,8,0.6875
275,1,475.8365,438.2174,641.2162,128.4254,1.000000,8,1
275,2,203.3946,472.3442,490.3345,90.4823,1.000000,8,0.6875
276,1,475.1802,438.1552,641.0864,128.4140,1.000000,8,1
276,2,204.2583,472.4608,490.4411,90.5091,1.000000,8,0.75
277,1,474.5233,438.0972,640.9550,128.4027,1.000000,8,1
277,2,205.1237,472.5762,490.5465,90.5357,1.000000,8,0.5625
278,1,473.8640,438.0434,640.8250,128.3919,1.000000,8,1
278,2,205.9926,472.6931,490.6500,90.5620,1.000000,8,0.59375
279,1,473.2040,437.9943,640.6960,128.3813,1.000000,8,1
279,2,206.8649,472.8099,490.7518,90.5879,1.000000,8,0.71875
280,1,472.5444,437.9503,640.5665,128.3711,1.000000,8,1
280,2,207.7406,472.9258,490.8519,90.6134,1.000000,8,0.5625
281,1,471.8840,437.9117,640.4403,128.3617,1.000000,8,1
281,2,208.6184,473.0452,490.9508,90.6388,1.000000,8,0.625
282,1,471.2238,437.8785,640.3141,128.3526,1.000000,8,1
282,2,209.4986,473.1665,491.0482,90.6639,1.000000,8,0.71875
283,1,470.5636,437.8513,640.1877,128.3438,1.000000,8,1
283,2,210.3815,473.2879,491.1434,90.6886,1.000000,8,0.78125
284,1,469.9015,437.8298,640.0638,128.3358,1.000000,8,1
284,2,211.2674,473.4127,491.2362,90.7130,1.000000,8,0.75
285,1,469.2386,437.8147,639.9413,128.3283,1.000000,8,1
285,2,212.1562,473.5381,491.3264,90.7368,1.000000,8,0.65625
286,1,468.5759,437.8068,639.8194,128.3214,1.000000,8,1
286,2,213.0481,473.6617,491.4144,90.7602,1.000000,8,0.65625
287,1,467.9109,437.8058,639.6990,128.3151,1.000000,8,1
287,2,213.9431,473.7864,491.4995,90.7829,1.000000,8,0.625
288,1,467.2452,437.8122,639.5802,128.3095,1.000000,8,1
288,2,214.8405,473.9102,491.5824,90.8052,1.000000,8,0.625
289,1,466.5803,437.8266,639.4615,128.3044,1.000000,8,1
289,2,215.7407,474.0305,491.6629,90.8269,1.000000,8,0.625
290,1,465.9135,437.8497,639.3445,128.3001,1.000000,8,1
290,2,216.6432,474.1502,491.7411,90.8481,1.000000,8,0.59375
291,1,465.2463,437.8805,639.2283,128.2962,1.000000,8,1
291,2,217.5479,474.2672,491.8170,90.8688,1.000000,8,0.625
292,1,464.5792,437.9198,639.1123,128.2929,1.000000,8,1
292,2,218.4550,474.3798,491.8907,90.8888,1.000000,8,0.5625
293,1,463.9106,437.9689,638.9984,128.2905,1.000000,8,1
293,2,219.3640,474.4910,491.9618,90.9083,1.000000,8,0.375
294,1,463.2416,438.0275,638.8851,128.2887,1.000000,8,1
294,2,220.2744,474.5994,492.0314,90.9273,1.000000,8,0.71875
295,1,462.5728,438.0959,638.7727,128.2875,1.000000,8,1
295,2,221.1859,474.7031,492.1001,90.9460,1.000000,8,0.6875
296,1,461.9034,438.1750,638.6611,128.2870,1.000000,8,1
296,2,222.0991,474.8036,492.1669,90.9642,1.000000,8,0.78125
297,1,461.2342,438.2635,638.5499,128.2870,1.000000,8,1
297,2,223.0128,474.9007,492.2331,90.9822,1.000000,8,0.53125
298,1,460.5643,438.3613,638.4416,128.2881,1.000000,8,1
298,2,223.9272,474.9938,492.2987,91.0000,1.000000,8,0.8125
299,1,459.8941,438.4700,638.3344,128.2899,1.000000,8,1
299,2,224.8413,475.0846,492.3633,91.0174,1.000000,8,0.625
300,1,459.2242,438.5878,638.2272,128.2923,1.000000,8,1
300,2,225.7557,475.1725,492.4272,91.0346,1.000000,8,0.71875
301,1,458.5546,438.7142,638.1208,128.2952,1.000000,8,1
301,2,226.6705,475.2568,492.4902,91.0516,1.000000,8,0.65625
302,1,457.8840,438.8514,638.0173,128.2991,1.000000,8,1
302,2,227.5851,475.3391,492.5523,91.0682,1.000000,8,0.65625
303,1,457.2130,438.9970,637.9158,128.3039,1.000000,8,1
303,2,228.4999,475.4195,492.6139,91.0847,1.000000,8,0.59375
304,1,456.5432,439.1505,637.8130,128.3087,1.000000,8,1
304,2,229.4153,475.4972,492.6743,91.1008,1.000000,8,0.40625
305,1,455.8725,439.3138,637.7126,128.3146,1.000000,8,1
305,2,230.3311,475.5727,492.7333,91.1166,1.000000,8,0.625
306,1,455.2020,439.4849,637.6127,128.3210,1.000000,8,1
306,2,231.2471,475.6461,492.7916,91.1322,1.000000,8,0.625
307,1,454.5325,439.6632,637.5118,128.3274,1.000000,8,1
307,2,232.1630,475.7165,492.9619,91.1476,1.000000,8,0.59375
308,1,453.8639,439.8510,637.4117,128.3346,1.000000,8,1
308,2,233.0794,475.7843,493.1310,91.1627,1.000000,8,0.65625
309,1,453.1960,440.0458,637.3127,128.3421,1.000000,8,1
309,2,233.9960,475.8501,493.2996,91.1776,1.000000,8,0.4375
310,1,452.5292,440.2459,637.2146,128.3501,1.000000,8,1
310,2,234.9133,475.9137,493.4673,91.1923,1.000000,8,0.59375
311,1,451.8647,440.4546,637.1158,128.3584,1.000000,8,1
311,2,235.8309,475.9736,493.6339,91.2066,1.000000,8,0.65625
312,1,451.2023,440.6692,637.0157,128.3665,1.000000,8,1
312,2,236.7487,476.0309,493.7999,91.2207,1.000000,8,0.6875
313,1,450.5424,440.8884,636.9138,128.3745,1.000000,8,1
313,2,237.6669,476.0856,493.9651,91.2345,1.000000,8,0.5625
314,1,449.8855,441.1158,636.8107,128.3826,1.000000,8,1
314,2,238.5841,476.1368,494.1296,91.2482,1.000000,8,0.59375
315,1,449.2308,441.3482,636.7059,128.3905,1.000000,8,1
315,2,239.5009,476.1851,494.2936,91.2616,1.000000,8,0.71875
316,1,448.5784,441.5835,636.5988,128.3980,1.000000,8,1
316,2,240.4172,476.2302,494.4570,91.2749,1.000000,8,0.5
317,1,447.9297,441.8261,636.4891,128.4053,1.000000,8,1
317,2,241.3326,476.2709,494.6203,91.2879,1.000000,8,0.53125
318,1,447.2840,442.0733,636.3762,128.4120,1.000000,8,1
318,2,242.2468,476.3078,494.7844,91.3010,1.000000,8,0.46875
319,1,446.6409,442.3227,636.2585,128.4178,1.000000,8,1
319,2,243.1596,476.3409,494.9495,91.3142,1.000000,8,0.65625
320,1,446.0017,442.5773,636.1350,128.4226,1.000000,8,1
320,2,244.0703,476.3698,495.1158,91.3276,1.000000,8,0.59375
321,1,445.3647,442.8344,636.0081,128.4266,1.000000,8,1
321,2,244.9794,476.3958,495.2832,91.3410,1.000000,8,0.59375
322,1,444.7292,443.0920,635.8782,128.4302,1.000000,8,1
322,2,245.8871,476.4191,495.4514,91.3545,1.000000,8,0.4375
323,1,444.0971,443.3534,635.7422,128.4325,1.000000,8,1
323,2,246.7921,476.4378,495.6218,91.3683,1.000000,8,0.46875
324,1,443.4673,443.6162,635.6014,128.4339,1.000000,8,1
324,2,247.6952,476.4538,495.7936,91.3823,1.000000,8,0.5625
325,1,442.8399,443.8787,635.4538,128.4340,1.000000,8,1
325,2,248.5966,476.4677,495.9666,91.3965,1.000000,8,0.5
326,1,442.2150,444.1434,635.3010,128.4329,1.000000,8,1
326,2,249.4947,476.4779,496.1418,91.4110,1.000000,8,0.40625
327,1,441.5922,444.4075,635.1428,128.4305,1.000000,8,1
327,2,250.3896,476.4866,496.3194,91.4260,1.000000,8,0.4375
328,1,440.9711,444.6683,634.9791,128.4270,1.000000,8,1
328,2,251.2812,476.4948,496.4991,91.4414,1.000000,8,0.53125
329,1,440.3516,444.9291,634.8110,128.4225,1.000000,8,1
329,2,252.1696,476.5001,496.6808,91.4571,1.000000,8,0.5625
330,1,439.7334,445.1879,634.6389,128.4169,1.000000,8,1
330,2,253.0550,476.5039,496.8646,91.4732,1.000000,8,0.6875
331,1,439.1160,445.4419,634.4622,128.4103,1.000000,8,1
331,2,253.9383,476.5074,497.0497,91.4897,1.000000,8,0.4375
332,1,438.4998,445.6937,634.2810,128.4026,1.000000,8,1
332,2,254.8190,476.5098,497.2372,91.5065,1.000000,8,0.6875
333,1,437.8845,445.9417,634.0962,128.3940,1.000000,8,1
333,2,255.6975,476.5125,497.4263,91.5237,1.000000,8,0.59375
334,1,437.2693,446.1837,633.9091,128.3845,1.000000,8,1
334,2,256.5741,476.5164,497.6169,91.5412,1.000000,8,0.53125
335,1,436.6549,446.4227,633.7191,128.3742,1.000000,8,1
335,2,257.4482,476.5211,497.8100,91.5593,1.000000,8,0.625
336,1,436.0411,446.6568,633.5256,128.3631,1.000000,8,1
336,2,258.3202,476.5279,498.0051,91.5778,1.000000,8,0.53125
337,1,435.4272,446.8833,633.3302,128.3511,1.000000,8,1
337,2,259.1905,476.5375,498.2015,91.5967,1.000000,8,0.5
338,1,434.8141,447.1057,633.1334,128.3387,1.000000,8,1
338,2,260.0584,476.5488,498.4005,91.6162,1.000000,8,0.65625
339,1,434.2016,447.3226,632.9352,128.3257,1.000000,8,1
339,2,260.9244,476.5630,498.6014,91.6362,1.000000,8,0.5625
340,1,433.5886,447.5324,632.7369,128.3122,1.000000,8,1
340,2,261.7891,476.5812,498.8037,91.6565,1.000000,8,0.53125
341,1,432.9771,447.7378,632.5369,128.2983,1.000000,8,1
341,2,262.6514,476.6026,499.0085,91.6775,1.000000,8,0.625
342,1,432.3657,447.9376,632.3364,128.2838,1.000000,8,1
342,2,263.5119,476.6273,499.2153,91.6990,1.000000,8,0.40625
343,1,431.7550,448.1305,632.1351,128.2690,1.000000,8,1
343,2,264.3718,476.6561,499.4233,91.7209,1.000000,8,0.5625
344,1,431.1451,448.3192,631.9346,128.2539,1.000000,8,1
344,2,265.2306,476.6879,499.6340,91.7433,1.000000,8,0.5625
345,1,430.5366,448.5032,631.7330,128.2385,1.000000,8,1
345,2,266.0891,476.7226,499.8461,91.7661,1.000000,8,0.5625
346,1,429.9288,448.6818,631.5300,128.2224,1.000000,8,1
346,2,266.9470,476.7610,500.0597,91.7894,1.000000,8,0.53125
347,1,429.3217,448.8575,631.3271,128.2063,1.000000,8,1
347,2,267.8038,476.8028,500.2759,91.8132,1.000000,8,0.625
348,1,428.7152,449.0293,631.1230,128.1897,1.000000,8,1
348,2,268.6597,476.8473,500.4940,91.8375,1.000000,8,0.46875
349,1,428.1088,449.1959,630.9188,128.1726,1.000000,8,1
349,2,269.5144,476.8951,500.7140,91.8622,1.000000,8,0.59375
350,1,427.5024,449.3605,630.7134,128.1554,1.000000,8,1
350,2,270.3676,476.9458,500.9368,91.8877,1.000000,8,0.40625
351,1,426.8954,449.5228,630.5079,128.1379,1.000000,8,1
351,2,271.2198,476.9994,501.1618,91.9136,1.000000,8,0.5
352,1,426.2878,449.6820,630.3008,128.1201,1.000000,8,1
352,2,272.0710,477.0560,501.3876,91.9397,1.000000,8,0.5625
353,1,425.6793,449.8402,630.0930,128.1020,1.000000,8,1
353,2,272.9211,477.1155,501.6156,91.9665,1.000000,8,0.5625
354,1,425.0706,449.9975,629.8848,128.0838,1.000000,8,1
354,2,273.7706,477.1780,501.8449,91.9936,1.000000,8,0.4375
355,1,424.4619,450.1530,629.6764,128.0654,1.000000,8,1
355,2,274.6191,477.2435,502.0753,92.0209,1.000000,8,0.5625
356,1,423.8544,450.3100,629.4682,128.0472,1.000000,8,1
356,2,275.4658,477.3121,502.3087,92.0489,1.000000,8,0.75
357,1,423.2475,450.4673,629.2607,128.0290,1.000000,8,1
357,2,276.3112,477.3839,502.5441,92.0775,1.000000,8,0.5
358,1,422.6414,450.6237,629.0536,128.0110,1.000000,8,1
358,2,277.1559,477.4584,502.7805,92.1063,1.000000,8,0.4375
359,1,422.0365,450.7828,628.8486,127.9934,1.000000,8,1
359,2,278.0002,477.5374,503.0186,92.1356,1.000000,8,0.4375
360,1,421.4327,450.9431,628.6452,127.9761,1.000000,8,1
360,2,278.8441,477.6198,503.2580,92.1652,1.000000,8,0.5
361,1,420.8301,451.1029,628.4429,127.9590,1.000000,8,1
361,2,279.6884,477.7046,503.4977,92.1950,1.000000,8,0.34375
362,1,420.2298,451.2654,628.2417,127.9422,1.000000,8,1
362,2,280.5319,477.7941,503.7394,92.2253,1.000000,8,0.34375
363,1,419.6304,451.4290,628.0427,127.9258,1.000000,8,1
363,2,281.3757,477.8870,503.9817,92.2558,1.000000,8,0.4375
364,1,419.0320,451.5923,627.8459,127.9098,1.000000,8,1
364,2,282.2206,477.9821,504.2234,92.2862,1.000000,8,0.625
365,1,418.4359,451.7575,627.6509,127.8943,1.000000,8,1
365,2,283.0659,478.0822,504.4665,92.3171,1.000000,8,0.4375
366,1,417.8403,451.9239,627.4590,127.8795,1.000000,8,1
366,2,283.9125,478.1859,504.7093,92.3480,1.000000,8,0.46875
367,1,417.2448,452.0903,627.2707,127.8652,1.000000,8,1
367,2,284.7612,478.2915,504.9507,92.3786,1.000000,8,0.375
368,1,416.6521,452.2575,627.0835,127.8512,1.000000,8,1
368,2,285.6115,478.4011,505.1917,92.4093,1.000000,8,0.40625
369,1,416.0607,452.4248,626.8984,127.8376,1.000000,8,1
369,2,286.4642,478.5131,505.4317,92.4399,1.000000,8,0.46875
370,1,415.4700,452.5909,626.7147,127.8243,1.000000,8,1
370,2,287.3190,478.6262,505.6702,92.4701,1.000000,8,0.5625
371,1,414.8803,452.7566,626.5346,127.8115,1.000000,8,1
371,2,288.1769,478.7430,505.9071,92.5000,1.000000,8,0.375
372,1,414.2916,452.9215,626.3563,127.7990,1.000000,8,1
372,2,289.0378,478.8615,506.1419,92.5297,1.000000,8,0.3125
373,1,413.7032,453.0845,626.1796,127.7867,1.000000,8,1
373,2,289.9023,478.9802,506.3741,92.5587,1.000000,8,0.5625
374,1,413.1155,453.2471,626.0051,127.7749,1.000000,8,1
374,2,290.7709,479.1028,506.6038,92.5874,1.000000,8,0.4375
375,1,412.5280,453.4082,625.8318,127.7633,1.000000,8,1
375,2,291.6435,479.2265,506.8303,92.6153,1.000000,8,0.53125
376,1,411.9399,453.5665,625.6603,127.7519,1.000000,8,1
376,2,292.5206,479.3484,507.0527,92.6424,1.000000,8,0.40625
377,1,411.3514,453.7226,625.4905,127.7407,1.000000,8,1
377,2,293.4030,479.4741,507.2712,92.6689,1.000000,8,0.34375
378,1,410.7625,453.8772,625.3225,127.7299,1.000000,8,1
378,2,294.2903,479.5996,507.4861,92.6945,1.000000,8,0.34375
379,1,410.1729,454.0306,625.1562,127.7193,1.000000,8,1
379,2,295.1830,479.7219,507.6967,92.7191,1.000000,8,0.3125
380,1,409.5831,454.1817,624.9895,127.7086,1.000000,8,1
380,2,296.0818,479.8459,507.9031,92.7429,1.000000,8,0.65625
381,1,408.9924,454.3307,624.8236,127.6978,1.000000,8,1
381,2,296.9862,479.9695,508.1048,92.7657,1.000000,8,0.40625
382,1,408.4011,454.4772,624.6575,127.6871,1.000000,8,1
382,2,297.8966,480.0901,508.3016,92.7874,1.000000,8,0.3125
383,1,407.8077,454.6224,624.4947,127.6768,1.000000,8,1
383,2,298.8141,480.2109,508.4935,92.8080,1.000000,8,0.34375
384,1,407.2134,454.7661,624.3318,127.6666,1.000000,8,1
384,2,299.7382,480.3291,508.6802,92.8274,1.000000,8,0.46875
385,1,406.6176,454.9075,624.1676,127.6561,1.000000,8,1
385,2,300.6685,480.4416,508.8614,92.8456,1.000000,8,0.40625
386,1,406.0208,455.0484,624.0046,127.6457,1.000000,8,1
386,2,301.6052,480.5515,509.0376,92.8625,1.000000,8,0.46875
387,1,405.4230,455.1886,623.8423,127.6354,1.000000,8,1
387,2,302.5479,480.6568,509.2091,92.8784,1.000000,8,0.46875
388,1,404.8245,455.3276,623.6784,127.6249,1.000000,8,1
388,2,303.4966,480.7551,509.3752,92.8929,1.000000,8,0.375
389,1,404.2249,455.4656,623.5154,127.6145,1.000000,8,1
389,2,304.4517,480.8485,509.5360,92.9061,1.000000,8,0.3125
390,1,403.6244,455.6028,623.3511,127.6038,1.000000,8,1
390,2,305.4122,480.9355,509.6919,92.9181,1.000000,8,0.46875
391,1,403.0234,455.7388,623.1852,127.5927,1.000000,8,1
391,2,306.3780,481.0135,509.8426,92.9288,1.000000,8,0.53125
392,1,402.4223,455.8739,623.0186,127.5814,1.000000,8,1
392,2,307.3497,481.0864,509.9877,92.9381,1.000000,8,0.5
393,1,401.8202,456.0085,622.8516,127.5700,1.000000,8,1
393,2,308.3263,481.1528,510.1277,92.9460,1.000000,8,0.46875
394,1,401.2180,456.1423,622.6822,127.5581,1.000000,8,1
394,2,309.3074,481.2112,510.2628,92.9529,1.000000,8,0.46875
395,1,400.6164,456.2737,622.5103,127.5455,1.000000,8,1
395,2,310.2934,481.2650,510.3925,92.9584,1.000000,8,0.375
396,1,400.0161,456.4027,622.3356,127.5324,1.000000,8,1
396,2,311.2833,481.3131,510.5175,92.9628,1.000000,8,0.3125
397,1,399.4167,456.5299,622.1591,127.5186,1.000000,8,1
397,2,312.2765,481.3538,510.6378,92.9661,1.000000,8,0.28125
398,1,398.8187,456.6558,621.9788,127.5039,1.000000,8,1
398,2,313.2742,481.3890,510.7530,92.9681,1.000000,8,0.5
399,1,398.2222,456.7786,621.7946,127.4883,1.000000,8,1
399,2,314.2755,481.4185,510.8642,92.9691,1.000000,8,0.4375
400,1,397.6273,456.8961,621.6066,127.4716,1.000000,8,1
400,2,315.2798,481.4421,510.9715,92.9692,1.000000,8,0.53125
401,1,397.0348,457.0132,621.4147,127.4540,1.000000,8,1
401,2,316.2875,481.4624,511.0748,92.9683,1.000000,8,0.46875
402,1,396.4440,457.1269,621.2189,127.4353,1.000000,8,1
402,2,317.2975,481.4796,511.1745,92.9666,1.000000,8,0.5
403,1,395.8557,457.2341,621.0182,127.4153,1.000000,8,1
403,2,318.3096,481.4933,511.2709,92.9642,1.000000,8,0.375
404,1,395.2705,457.3379,620.8134,127.3941,1.000000,8,1
404,2,319.3244,481.5041,511.3636,92.9609,1.000000,8,0.3125
405,1,394.6883,457.4366,620.6036,127.3716,1.000000,8,1
405,2,320.3406,481.5122,511.4541,92.9571,1.000000,8,0.375
406,1,394.1095,457.5295,620.3893,127.3478,1.000000,8,1
406,2,321.3574,481.5174,511.5430,92.9530,1.000000,8,0.40625
407,1,393.5349,457.6169,620.1685,127.3224,1.000000,8,1
407,2,322.3768,481.5201,511.6286,92.9480,1.000000,8,0.40625
408,1,392.9627,457.6988,619.9434,127.2956,1.000000,8,1
408,2,323.3978,481.5199,511.7124,92.9426,1.000000,8,0.53125
409,1,392.3933,457.7753,619.7140,127.2676,1.000000,8,1
409,2,324.4192,481.5159,511.7961,92.9371,1.000000,8,0.34375
410,1,391.8282,457.8438,619.4789,127.2380,1.000000,8,1
410,2,325.4420,481.5091,511.8780,92.9312,1.000000,8,0.4375
411,1,391.2658,457.9054,619.2394,127.2071,1.000000,8,1
411,2,326.4652,481.4989,511.9595,92.9250,1.000000,8,0.40625
412,1,390.7061,457.9614,618.9954,127.1748,1.000000,8,1
412,2,327.4879,481.4847,512.0415,92.9188,1.000000,8,0.34375
413,1,390.1492,458.0099,618.7462,127.1410,1.000000,8,1
413,2,328.5115,481.4673,512.1219,92.9121,1.000000,8,0.40625
414,1,389.5949,458.0524,618.4928,127.1060,1.000000,8,1
414,2,329.5347,481.4459,512.2025,92.9054,1.000000,8,0.375
415,1,389.0428,458.0875,618.2351,127.0698,1.000000,8,1
415,2,330.5564,481.4196,512.2841,92.8988,1.000000,8,0.34375
416,1,388.4934,458.1139,617.9727,127.0321,1.000000,8,1
416,2,331.5774,481.3889,512.3654,92.8919,1.000000,8,0.375
417,1,387.9462,458.1331,617.7067,126.9931,1.000000,8,1
417,2,332.5977,481.3529,512.4472,92.8850,1.000000,8,0.4375
418,1,387.4005,458.1465,617.4380,126.9534,1.000000,8,1
418,2,333.6171,481.3112,512.5298,92.8780,1.000000,8,0.5
419,1,386.8565,458.1519,617.1642,126.9121,1.000000,8,1
419,2,334.6366,481.2632,512.6116,92.8707,1.000000,8,0.1875
420,1,386.3141,458.1500,616.8868,126.8697,1.000000,8,1
420,2,335.6554,481.2089,512.6937,92.8632,1.000000,8,0.34375
421,1,385.7736,458.1418,616.6062,126.8263,1.000000,8,1
421,2,336.6725,481.1489,512.7775,92.8558,1.000000,8,0.34375
422,1,385.2344,458.1270,616.3217,126.7816,1.000000,8,1
422,2,337.6894,481.0832,512.8608,92.8482,1.000000,8,0.40625
423,1,384.6976,458.1071,616.0323,126.7359,1.000000,8,1
423,2,338.7055,481.0118,512.9452,92.8407,1.000000,8,0.25
424,1,384.1626,458.0816,615.7399,126.6890,1.000000,8,1
424,2,339.7196,480.9351,513.0324,92.8334,1.000000,8,0.3125
425,1,383.6287,458.0489,615.4427,126.6408,1.000000,8,1
425,2,340.7328,480.8526,513.1207,92.8262,1.000000,8,0.5
426,1,383.0960,458.0104,615.1427,126.5916,1.000000,8,1
426,2,341.7445,480.7647,513.2106,92.8191,1.000000,8,0.34375
427,1,382.5644,457.9669,614.8416,126.5420,1.000000,8,1
427,2,342.7547,480.6725,513.3025,92.8123,1.000000,8,0.3125
428,1,382.0339,457.9175,614.5377,126.4915,1.000000,8,1
428,2,343.7637,480.5745,513.3957,92.8055,1.000000,8,0.28125
429,1,381.5042,457.8629,614.2324,126.4404,1.000000,8,1
429,2,344.7715,480.4716,513.4907,92.7990,1.000000,8,0.46875
430,1,380.9753,457.8037,613.9271,126.3890,1.000000,8,1
430,2,345.7773,480.3648,513.5886,92.7928,1.000000,8,0.4375
431,1,380.4453,457.7400,613.6228,126.3377,1.000000,8,1
431,2,346.7813,480.2516,513.6890,92.7869,1.000000,8,0.40625
432,1,379.9142,457.6719,613.3206,126.2866,1.000000,8,1
432,2,347.7828,480.1331,513.7919,92.7813,1.000000,8,0.375
433,1,379.3819,457.5998,613.0201,126.2357,1.000000,8,1
433,2,348.7816,480.0095,513.8982,92.7763,1.000000,8,0.1875
434,1,378.8479,457.5241,612.7202,126.1848,1.000000,8,1
434,2,349.7793,479.8778,514.0057,92.7711,1.000000,8,0.40625
435,1,378.3129,457.4456,612.4208,126.1339,1.000000,8,1
435,2,350.7758,479.7397,514.1151,92.7662,1.000000,8,0.3125
436,1,377.7762,457.3654,612.1237,126.0834,1.000000,8,1
436,2,351.7701,479.5961,514.2273,92.7616,1.000000,8,0.28125
437,1,377.2382,457.2819,611.8281,126.0331,1.000000,8,1
437,2,352.7625,479.4435,514.3411,92.7570,1.000000,8,0.40625
438,1,376.6991,457.1971,611.5343,125.9832,1.000000,8,1
438,2,353.7534,479.2834,514.4565,92.7524,1.000000,8,0.46875
439,1,376.1594,457.1118,611.2417,125.9335,1.000000,8,1
439,2,354.7429,479.1176,514.5739,92.7481,1.000000,8,0.3125
440,1,375.6184,457.0218,610.9501,125.8838,1.000000,8,1
440,2,355.7301,478.9425,514.6935,92.7439,1.000000,8,0.375
441,1,375.0768,456.9302,610.6594,125.8341,1.000000,8,1
441,2,356.7154,478.7605,514.8152,92.7398,1.000000,8,0.28125
442,1,374.5349,456.8394,610.3700,125.7848,1.000000,8,1
442,2,357.6984,478.5734,514.9401,92.7362,1.000000,8,0.1875
443,1,373.9928,456.7450,610.0813,125.7355,1.000000,8,1
443,2,358.6797,478.3788,515.0662,92.7326,1.000000,8,0.34375
444,1,373.4503,456.6483,609.7932,125.6862,1.000000,8,1
444,2,359.6594,478.1789,515.1938,92.7291,1.000000,8,0.46875
445,1,372.9079,456.5513,609.5062,125.6371,1.000000,8,1
445,2,360.6373,477.9758,515.3240,92.7260,1.000000,8,0.34375
446,1,372.3651,456.4517,609.2205,125.5881,1.000000,8,1
446,2,361.6126,477.7663,515.4568,92.7232,1.000000,8,0.3125
447,1,371.8222,456.3503,608.9359,125.5392,1.000000,8,1
447,2,362.5861,477.5529,515.5920,92.7207,1.000000,8,0.46875
448,1,371.2810,456.2481,608.6501,125.4902,1.000000,8,1
448,2,363.5577,477.3372,515.7306,92.7188,1.000000,8,0.40625
449,1,370.7402,456.1423,608.3641,125.4408,1.000000,8,1
449,2,364.5284,477.1151,515.8727,92.7173,1.000000,8,0.34375
450,1,370.1999,456.0340,608.0789,125.3913,1.000000,8,1
450,2,365.4977,476.8896,516.0183,92.7163,1.000000,8,0.21875
451,1,369.6600,455.9240,607.7947,125.3421,1.000000,8,1
451,2,366.4655,476.6644,516.1680,92.7161,1.000000,8,0.34375
452,1,369.1203,455.8092,607.5105,125.2926,1.000000,8,1
452,2,367.4313,476.4368,516.3210,92.7165,1.000000,8,0.28125
453,1,368.5814,455.6914,607.2262,125.2430,1.000000,8,1
453,2,368.3958,476.2082,516.4773,92.7175,1.000000,8,0.28125
454,1,368.0435,455.5721,606.9423,125.1932,1.000000,8,1
454,2,369.3582,475.9802,516.6379,92.7192,1.000000,8,0.21875
455,1,367.5059,455.4468,606.6580,125.1432,1.000000,8,1
455,2,370.3188,475.7492,516.8019,92.7215,1.000000,8,0.21875
456,1,366.9686,455.3175,606.3746,125.0930,1.000000,8,1
456,2,371.2778,475.5170,516.9697,92.7245,1.000000,8,0.3125
457,1,366.4325,455.1859,606.0920,125.0429,1.000000,8,1
457,2,372.2350,475.2853,517.1417,92.7282,1.000000,8,0.25
458,1,365.8969,455.0481,605.8098,124.9926,1.000000,8,1
458,2,373.1905,475.0502,517.3175,92.7327,1.000000,8,0.15625
459,1,365.3624,454.9061,605.5275,124.9421,1.000000,8,1
459,2,374.1446,474.8134,517.4964,92.7375,1.000000,8,0.28125
460,1,364.8286,454.7608,605.2455,124.8914,1.000000,8,1
460,2,375.0980,474.5769,517.6782,92.7429,1.000000,8,0.34375
461,1,364.2948,454.6088,604.9640,124.8405,1.000000,8,1
461,2,376.0493,474.3369,517.8640,92.7490,1.000000,8,0.34375
462,1,363.7610,454.4521,604.6821,124.7894,1.000000,8,1
462,2,376.9997,474.0957,518.0523,92.7555,1.000000,8,0.1875
463,1,363.2266,454.2918,604.4014,124.7383,1.000000,8,1
463,2,377.9496,473.8551,518.2428,92.7623,1.000000,8,0.3125
464,1,362.6913,454.1248,604.1220,124.6871,1.000000,8,1
464,2,378.8981,473.6110,518.4360,92.7696,1.000000,8,0.09375
465,1,362.1556,453.9530,603.8431,124.6358,1.000000,8,1
465,2,379.8455,473.3655,518.6323,92.7773,1.000000,8,0.25
466,1,361.6205,453.7774,603.5636,124.5842,1.000000,8,1
466,2,380.7912,473.1213,518.8322,92.7858,1.000000,8,0.21875
467,1,361.0834,453.5946,603.2852,124.5326,1.000000,8,1
467,2,381.7366,472.8743,519.0336,92.7945,1.000000,8,0.25
468,1,360.5452,453.4066,603.0082,124.4810,1.000000,8,1
468,2,382.6816,472.6267,519.2368,92.8035,1.000000,8,0.21875
469,1,360.0064,453.2147,602.7316,124.4294,1.000000,8,1
469,2,383.6252,472.3813,519.4437,92.8132,1.000000,8,0.28125
470,1,359.4655,453.0160,602.4563,124.3777,1.000000,8,1
470,2,384.5677,472.1342,519.6528,92.8232,1.000000,8,0.25
471,1,358.9230,452.8118,602.1823,124.3261,1.000000,8,1
471,2,385.5092,471.8879,519.8645,92.8338,1.000000,8,0.15625
472,1,358.3805,452.6027,601.9086,124.2743,1.000000,8,1
472,2,386.4496,471.6452,520.0787,92.8449,1.000000,8,0.25
473,1,357.8354,452.3863,601.6368,124.2226,1.000000,8,1
473,2,387.3896,471.4020,520.2942,92.8563,1.000000,8,0.4375
474,1,357.2892,452.1643,601.3656,124.1709,1.000000,8,1
474,2,388.3294,471.1605,520.5110,92.8679,1.000000,8,0.15625
475,1,356.7421,451.9375,601.0957,124.1192,1.000000,8,1
475,2,389.2681,470.9233,520.7302,92.8801,1.000000,8,0.21875
476,1,356.1936,451.7027,600.8269,124.0675,1.000000,8,1
476,2,390.2059,470.6862,520.9506,92.8926,1.000000,8,0.3125
477,1,355.6435,451.4621,600.5609,124.0160,1.000000,8,1
477,2,391.1434,470.4515,521.1718,92.9052,1.000000,8,0.40625
478,1,355.0919,451.2170,600.2978,123.9649,1.000000,8,1
478,2,392.0809,470.2222,521.3936,92.9182,1.000000,8,0.3125
479,1,354.5391,450.9639,600.0363,123.9138,1.000000,8,1
479,2,393.0176,469.9932,521.6161,92.9313,1.000000,8,0.21875
480,1,353.9860,450.7047,599.7764,123.8629,1.000000,8,1
480,2,393.9534,469.7668,521.8403,92.9447,1.000000,8,0.21875
481,1,353.4324,450.4406,599.5187,123.8121,1.000000,8,1
481,2,394.8887,469.5462,522.0655,92.9586,1.000000,8,0.21875
482,1,352.8779,450.1685,599.2636,123.7615,1.000000,8,1
482,2,395.8240,469.3260,522.2903,92.9724,1.000000,8,0.25
483,1,352.3218,449.8905,599.0131,123.7116,1.000000,8,1
483,2,396.7590,469.1093,522.5151,92.9863,1.000000,8,0.21875
484,1,351.7656,449.6086,598.7661,123.6623,1.000000,8,1
484,2,397.6932,468.8987,522.7407,93.0005,1.000000,8,0.21875
485,1,351.2103,449.3194,598.5214,123.6131,1.000000,8,1
485,2,398.6263,468.6888,522.9662,93.0149,1.000000,8,0.3125
486,1,350.6552,449.0250,598.2799,123.5643,1.000000,8,1
486,2,399.5583,468.4823,523.1924,93.0294,1.000000,8,0.34375
487,1,350.0999,448.7277,598.0428,123.5163,1.000000,8,1
487,2,400.4893,468.2817,523.4197,93.0443,1.000000,8,0.15625
488,1,349.5450,448.4241,597.8082,123.4685,1.000000,8,1
488,2,401.4194,468.0822,523.6466,93.0592,1.000000,8,0.375
489,1,348.9893,448.1163,597.5778,123.4214,1.000000,8,1
489,2,402.3481,467.8867,523.8745,93.0745,1.000000,8,0.21875
490,1,348.4317,447.8061,597.3527,123.3753,1.000000,8,1
490,2,403.2755,467.6978,524.1037,93.0902,1.000000,8,0.25
491,1,347.8738,447.4906,597.1306,123.3296,1.000000,8,1
491,2,404.2020,467.5101,524.3329,93.1060,1.000000,8,0.25
492,1,347.3155,447.1721,596.9113,123.2843,1.000000,8,1
492,2,405.1277,467.3268,524.5623,93.1219,1.000000,8,0.46875
493,1,346.7554,446.8525,596.6971,123.2402,1.000000,8,1
493,2,406.0530,467.1509,524.7922,93.1382,1.000000,8,0.25
494,1,346.1935,446.5294,596.4881,123.1969,1.000000,8,1
494,2,406.9779,466.9765,525.0222,93.1546,1.000000,8,0.3125
495,1,345.6308,446.2050,596.2823,123.1544,1.000000,8,1
495,2,407.9024,466.8061,525.2526,93.1712,1.000000,8,0.28125
496,1,345.0669,445.8819,596.0814,123.1128,1.000000,8,1
496,2,408.8263,466.6432,525.4834,93.1881,1.000000,8,0.21875
497,1,344.5030,445.5571,595.8831,123.0718,1.000000,8,1
497,2,409.7509,466.4828,525.7130,93.2049,1.000000,8,0.28125
498,1,343.9377,445.2327,595.6888,123.0316,1.000000,8,1
498,2,410.6759,466.3263,525.9420,93.2216,1.000000,8,0.1875
499,1,343.3690,444.9108,595.5014,122.9930,1.000000,8,1
499,2,411.6012,466.1756,526.1713,93.2387,1.000000,8,0.3125
500,1,342.7977,444.5885,595.3199,122.9558,1.000000,8,1
500,2,412.5260,466.0273,526.4001,93.2557,1.000000,8,0.21875
501,1,342.2244,444.2681,595.1431,122.9196,1.000000,8,1
501,2,413.4511,465.8819,526.6279,93.2726,1.000000,8,0.1875
502,1,341.6489,443.9516,594.9708,122.8846,1.000000,8,1
502,2,414.3768,465.7402,526.8545,93.2894,1.000000,8,0.1875
503,1,341.0698,443.6356,594.8058,122.8513,1.000000,8,1
503,2,415.3033,465.5992,527.0792,93.3058,1.000000,8,0.125
504,1,340.4874,443.3224,594.6468,122.8194,1.000000,8,1
504,2,416.2301,465.4602,527.3032,93.3222,1.000000,8,0.375
505,1,339.9024,443.0145,594.4933,122.7888,1.000000,8,1
505,2,417.1566,465.3236,527.5277,93.3388,1.000000,8,0.3125
506,1,339.3148,442.7087,594.3433,122.7593,1.000000,8,1
506,2,418.0838,465.1859,527.7509,93.3551,1.000000,8,0.15625
507,1,338.7238,442.4070,594.1986,122.7312,1.000000,8,1
507,2,419.0110,465.0493,527.9735,93.3713,1.000000,8,0.375
508,1,338.1285,442.1114,594.0608,122.7047,1.000000,8,1
508,2,419.9378,464.9154,528.1967,93.3877,1.000000,8,0.21875
509,1,337.5302,441.8187,593.9268,122.6794,1.000000,8,1
509,2,420.8639,464.7802,528.4211,93.4042,1.000000,8,0.21875
510,1,336.9279,441.5307,593.7985,122.6555,1.000000,8,1
510,2,421.7892,464.6449,528.6467,93.4210,1.000000,8,0.125
511,1,336.3218,441.2497,593.6754,122.6331,1.000000,8,1
511,2,422.7133,464.5117,528.8742,93.4382,1.000000,8,0.28125
512,1,335.7120,440.9724,593.5567,122.6119,1.000000,8,1
512,2,423.6356,464.3778,529.1038,93.4558,1.000000,8,0.3125
513,1,335.0995,440.7003,593.4426,122.5921,1.000000,8,1
513,2,424.5563,464.2447,529.3359,93.4738,1.000000,8,0.25
514,1,334.4836,440.4349,593.3345,122.5738,1.000000,8,1
514,2,425.4752,464.1137,529.5715,93.4926,1.000000,8,0.25
515,1,333.8632,440.1732,593.2325,122.5570,1.000000,8,1
515,2,426.3923,463.9820,529.8094,93.5118,1.000000,8,0.1875
516,1,333.2395,439.9169,593.1348,122.5414,1.000000,8,1
516,2,427.3076,463.8508,530.0508,93.5316,1.000000,8,0.15625
517,1,332.6125,439.6682,593.0417,122.5274,1.000000,8,1
517,2,428.2203,463.7223,530.2972,93.5525,1.000000,8,0.40625
518,1,331.9811,439.4238,592.9547,122.5148,1.000000,8,1
518,2,429.1315,463.5953,530.5479,93.5741,1.000000,8,0.3125
519,1,331.3469,439.1846,592.8713,122.5034,1.000000,8,1
519,2,430.0413,463.4712,530.8022,93.5966,1.000000,8,0.28125
520,1,330.7101,438.9529,592.7933,122.4933,1.000000,8,1
520,2,430.9491,463.3514,531.0607,93.6200,1.000000,8,0.15625
521,1,330.0702,438.7261,592.7213,122.4849,1.000000,8,1
521,2,431.8550,463.2341,531.3235,93.6442,1.000000,8,0.28125
522,1,329.4283,438.5046,592.6542,122.4779,1.000000,8,1
522,2,432.7593,463.1205,531.5908,93.6694,1.000000,8,0.21875
523,1,328.7839,438.2900,592.5926,122.4722,1.000000,8,1
523,2,433.6620,463.0118,531.8625,93.6955,1.000000,8,0.3125
524,1,328.1378,438.0815,592.5350,122.4678,1.000000,8,1
524,2,434.5633,462.9059,532.1386,93.7225,1.000000,8,0.3125
525,1,327.4892,437.8792,592.4817,122.4646,1.000000,8,1
525,2,435.4630,462.8034,532.4186,93.7503,1.000000,8,0.40625
526,1,326.8370,437.6840,592.4327,122.4628,1.000000,8,1
526,2,436.3605,462.7058,532.7039,93.7793,1.000000,8,0.125
527,1,326.1809,437.4950,592.3878,122.4621,1.000000,8,1
527,2,437.2564,462.6127,532.9937,93.8093,1.000000,8,0.40625
528,1,325.5220,437.3128,592.3457,122.4625,1.000000,8,1
528,2,438.1509,462.5235,533.2880,93.8402,1.000000,8,0.3125
529,1,324.8609,437.1386,592.3059,122.4637,1.000000,8,1
529,2,439.0440,462.4372,533.5870,93.8720,1.000000,8,0.28125
530,1,324.1981,436.9709,592.2656,122.4653,1.000000,8,1
530,2,439.9362,462.3538,533.8911,93.9048,1.000000,8,0.375
531,1,323.5339,436.8102,592.2251,122.4672,1.000000,8,1
531,2,440.8271,462.2738,534.2004,93.9387,1.000000,8,0.21875
532,1,322.8679,436.6574,592.1853,122.4694,1.000000,8,1
532,2,441.7166,462.1974,534.5149,93.9736,1.000000,8,0.34375
533,1,322.2010,436.5114,592.1429,122.4716,1.000000,8,1
533,2,442.6044,462.1235,534.8351,94.0097,1.000000,8,0.40625
534,1,321.5337,436.3727,592.0986,122.4737,1.000000,8,1
534,2,443.4906,462.0525,535.1600,94.0467,1.000000,8,0.375
535,1,320.8668,436.2422,592.0508,122.4756,1.000000,8,1
535,2,444.3751,461.9850,535.4908,94.0848,1.000000,8,0.21875
536,1,320.2011,436.1174,591.9986,122.4767,1.000000,8,1
536,2,445.2577,461.9201,535.8270,94.1240,1.000000,8,0.15625
537,1,319.5369,435.9981,591.9420,122.4771,1.000000,8,1
537,2,446.1387,461.8574,536.1690,94.1643,1.000000,8,0.1875
538,1,318.8743,435.8849,591.8809,122.4768,1.000000,8,1
538,2,447.0181,461.7971,536.5166,94.2058,1.000000,8,0.34375
539,1,318.2128,435.7760,591.8162,122.4760,1.000000,8,1
539,2,447.8954,461.7391,536.8700,94.2483,1.000000,8,0.1875
540,1,317.5526,435.6700,591.7479,122.4745,1.000000,8,1
540,2,448.7711,461.6838,537.2284,94.2918,1.000000,8,0.34375
541,1,316.8930,435.5678,591.6771,122.4726,1.000000,8,1
541,2,449.6454,461.6313,537.5920,94.3364,1.000000,8,0.25
542,1,316.2348,435.4691,591.6026,122.4702,1.000000,8,1
542,2,450.5182,461.5805,537.9607,94.3818,1.000000,8,0.375
543,1,315.5774,435.3729,591.5260,122.4673,1.000000,8,1
543,2,451.3896,461.5328,538.3340,94.4282,1.000000,8,0.28125
544,1,314.9218,435.2789,591.4474,122.4642,1.000000,8,1
544,2,452.2600,461.4895,538.7120,94.4757,1.000000,8,0.15625
545,1,314.2687,435.1863,591.3660,122.4604,1.000000,8,1
545,2,453.1301,461.4489,539.0948,94.5240,1.000000,8,0.25
546,1,313.6172,435.0949,591.2832,122.4563,1.000000,8,1
546,2,453.9997,461.4121,539.4814,94.5731,1.000000,8,0.1875
547,1,312.9680,435.0046,591.1986,122.4519,1.000000,8,1
547,2,454.8685,461.3805,539.8718,94.6231,1.000000,8,0.40625
548,1,312.3218,434.9140,591.1122,122.4470,1.000000,8,1
548,2,455.7368,461.3539,540.2653,94.6738,1.000000,8,0.25
549,1,311.6780,434.8241,591.0241,122.4418,1.000000,8,1
549,2,456.6046,461.3319,540.6620,94.7252,1.000000,8,0.40625
550,1,311.0374,434.7353,590.9327,122.4358,1.000000,8,1
550,2,457.4720,461.3150,541.0614,94.7773,1.000000,8,0.3125
551,1,310.3997,434.6458,590.8392,122.4292,1.000000,8,1
551,2,458.3394,461.3041,541.4633,94.8299,1.000000,8,0.21875
552,1,309.7644,434.5563,590.7445,122.4223,1.000000,8,1
552,2,459.2070,461.2985,541.8671,94.8831,1.000000,8,0.3125
553,1,309.1315,434.4675,590.6486,122.4152,1.000000,8,1
553,2,460.0755,461.2974,542.2721,94.9366,1.000000,8,0.3125
554,1,308.5025,434.3793,590.5498,122.4074,1.000000,8,1
554,2,460.9447,461.3013,542.6785,94.9905,1.000000,8,0.25
555,1,307.8765,434.2924,590.4494,122.3993,1.000000,8,1
555,2,461.8152,461.3098,543.0855,95.0446,1.000000,8,0.28125
556,1,307.2526,434.2079,590.3484,122.3910,1.000000,8,1
556,2,462.6875,461.3225,543.4930,95.0989,1.000000,8,0.34375
557,1,306.6321,434.1247,590.2445,122.3821,1.000000,8,1
557,2,463.5618,461.3387,543.9008,95.1533,1.000000,8,0.1875
558,1,306.0140,434.0436,590.1385,122.3728,1.000000,8,1
558,2,464.4377,461.3584,544.3086,95.2078,1.000000,8,0.3125
559,1,305.3976,433.9655,590.0307,122.3633,1.000000,8,1
559,2,465.3144,461.3834,544.7172,95.2626,1.000000,8,0.28125
560,1,304.7838,433.8912,589.9214,122.3536,1.000000,8,1
560,2,466.1930,461.4114,545.1244,95.3171,1.000000,8,0.1875
561,1,304.1717,433.8210,589.8106,122.3436,1.000000,8,1
561,2,467.0735,461.4416,545.5305,95.3716,1.000000,8,0.40625
562,1,303.5604,433.7554,589.6984,122.3336,1.000000,8,1
562,2,467.9559,461.4744,545.9358,95.4259,1.000000,8,0.375
563,1,302.9493,433.6938,589.5828,122.3231,1.000000,8,1
563,2,468.8399,461.5099,546.3412,95.4803,1.000000,8,0.375
564,1,302.3378,433.6360,589.4653,122.3123,1.000000,8,1
564,2,469.7253,461.5484,546.7462,95.5346,1.000000,8,0.25
565,1,301.7259,433.5834,589.3462,122.3014,1.000000,8,1
565,2,470.6125,461.5896,547.1487,95.5886,1.000000,8,0.15625
566,1,301.1138,433.5348,589.2234,122.2901,1.000000,8,1
566,2,471.5015,461.6341,547.5497,95.6424,1.000000,8,0.34375
567,1,300.5009,433.4906,589.0994,122.2786,1.000000,8,1
567,2,472.3923,461.6825,547.9484,95.6959,1.000000,8,0.3125
568,1,299.8881,433.4525,588.9742,122.2672,1.000000,8,1
568,2,473.2852,461.7346,548.3439,95.7488,1.000000,8,0.40625
569,1,299.2762,433.4196,588.8485,122.2558,1.000000,8,1
569,2,474.1808,461.7903,548.7366,95.8014,1.000000,8,0.34375
570,1,298.6656,433.3916,588.7220,122.2446,1.000000,8,1
570,2,475.0785,461.8503,549.1263,95.8535,1.000000,8,0.40625
571,1,298.0557,433.3690,588.5961,122.2337,1.000000,8,1
571,2,475.9787,461.9158,549.5120,95.9050,1.000000,8,0.375
572,1,297.4464,433.3518,588.4708,122.2231,1.000000,8,1
572,2,476.8819,461.9872,549.8943,95.9561,1.000000,8,0.46875
573,1,296.8377,433.3394,588.3463,122.2129,1.000000,8,1
573,2,477.7878,462.0640,550.2725,96.0066,1.000000,8,0.1875
574,1,296.2292,433.3314,588.2227,122.2030,1.000000,8,1
574,2,478.6973,462.1456,550.6455,96.0563,1.000000,8,0.21875
575,1,295.6210,433.3271,588.1003,122.1937,1.000000,8,1
575,2,479.6103,462.2339,551.0137,96.1053,1.000000,8,0.375
576,1,295.0126,433.3268,587.9792,122.1847,1.000000,8,1
576,2,480.5270,462.3282,551.3758,96.1534,1.000000,8,0.34375
577,1,294.4034,433.3303,587.8603,122.1764,1.000000,8,1
577,2,481.4479,462.4275,551.7297,96.2001,1.000000,8,0.1875
578,1,293.7939,433.3370,587.7434,122.1687,1.000000,8,1
578,2,482.3730,462.5338,552.0754,96.2456,1.000000,8,0.3125
579,1,293.1837,433.3477,587.6293,122.1618,1.000000,8,1
579,2,483.3026,462.6452,552.4129,96.2896,1.000000,8,0.34375
580,1,292.5720,433.3627,587.5190,122.1558,1.000000,8,1
580,2,484.2365,462.7596,552.7413,96.3321,1.000000,8,0.40625
581,1,291.9593,433.3810,587.4105,122.1504,1.000000,8,1
581,2,485.1748,462.8798,553.0601,96.3731,1.000000,8,0.3125
582,1,291.3454,433.4026,587.3041,122.1457,1.000000,8,1
582,2,486.1174,463.0032,553.3693,96.4124,1.000000,8,0.4375
583,1,290.7302,433.4276,587.2004,122.1417,1.000000,8,1
583,2,487.0648,463.1273,553.6688,96.4498,1.000000,8,0.375
584,1,290.1142,433.4575,587.0995,122.1385,1.000000,8,1
584,2,488.0166,463.2534,553.9587,96.4858,1.000000,8,0.3125
585,1,289.4968,433.4924,587.0009,122.1362,1.000000,8,1
585,2,488.9723,463.3806,554.2401,96.5200,1.000000,8,0.375
586,1,288.8772,433.5335,586.9059,122.1348,1.000000,8,1
586,2,489.9321,463.5082,554.5118,96.5526,1.000000,8,0.3125
587,1,288.2565,433.5813,586.8124,122.1341,1.000000,8,1
587,2,490.8961,463.6367,554.7748,96.5835,1.000000,8,0.25
588,1,287.6340,433.6348,586.7209,122.1342,1.000000,8,1
588,2,491.8644,463.7649,555.0300,96.6130,1.000000,8,0.21875
589,1,287.0106,433.6940,586.6315,122.1350,1.000000,8,1
589,2,492.8366,463.8932,555.2782,96.6412,1.000000,8,0.4375
590,1,286.3859,433.7620,586.5446,122.1367,1.000000,8,1
590,2,493.8113,464.0255,555.5205,96.6684,1.000000,8,0.28125
591,1,285.7603,433.8376,586.4600,122.1392,1.000000,8,1
591,2,494.7885,464.1598,555.7571,96.6947,1.000000,8,0.46875
592,1,285.1335,433.9205,586.3764,122.1424,1.000000,8,1
592,2,495.7685,464.2944,555.9879,96.7199,1.000000,8,0.4375
593,1,284.5057,434.0139,586.2941,122.1464,1.000000,8,1
593,2,496.7505,464.4324,556.2141,96.7444,1.000000,8,0.40625
594,1,283.8774,434.1160,586.2123,122.1509,1.000000,8,1
594,2,497.7349,464.5721,556.4365,96.7682,1.000000,8,0.4375
595,1,283.2487,434.2256,586.1307,122.1558,1.000000,8,1
595,2,498.7219,464.7117,556.6550,96.7913,1.000000,8,0.375
596,1,282.6197,434.3477,586.0504,122.1615,1.000000,8,1
596,2,499.7112,464.8542,556.8710,96.8140,1.000000,8,0.5
597,1,281.9913,434.4798,585.9701,122.1677,1.000000,8,1
597,2,500.7025,464.9980,557.0844,96.8363,1.000000,8,0.5
598,1,281.3636,434.6195,585.8895,122.1742,1.000000,8,1
598,2,501.6964,465.1414,557.2949,96.8580,1.000000,8,0.46875
599,1,280.7361,434.7711,585.8099,122.1813,1.000000,8,1
599,2,502.6929,465.2861,557.5034,96.8793,1.000000,8,0.34375
600,1,280.1089,434.9324,585.7304,122.1891,1.000000,8,1
600,2,503.6918,465.4308,557.7095,96.9001,1.000000,8,0.46875
601,1,279.4822,435.1030,585.6507,122.1970,1.000000,8,1
601,2,504.6931,465.5735,557.9134,96.9205,1.000000,8,0.1875
602,1,278.8566,435.2856,585.5709,122.2056,1.000000,8,1
602,2,505.6956,465.7176,558.1154,96.9405,1.000000,8,0.46875
603,1,278.2318,435.4773,585.4901,122.2144,1.000000,8,1
603,2,506.6992,465.8615,558.3152,96.9601,1.000000,8,0.4375
604,1,277.6083,435.6764,585.4081,122.2231,1.000000,8,1
604,2,507.7036,466.0020,558.5132,96.9793,1.000000,8,0.4375
605,1,276.9855,435.8872,585.3268,122.2327,1.000000,8,1
605,2,508.7094,466.1415,558.7086,96.9980,1.000000,8,0.1875
606,1,276.3629,436.1071,585.2453,122.2425,1.000000,8,1
606,2,509.7164,466.2785,558.9023,97.0162,1.000000,8,0.34375
607,1,275.7410,436.3338,585.1622,122.2522,1.000000,8,1
607,2,510.7242,466.4110,559.0951,97.0341,1.000000,8,0.46875
608,1,275.1196,436.5710,585.0791,122.2626,1.000000,8,1
608,2,511.7337,466.5419,559.2859,97.0515,1.000000,8,0.5
609,1,274.4985,436.8156,584.9958,122.2731,1.000000,8,1
609,2,512.7439,466.6707,559.4763,97.0688,1.000000,8,0.5
610,1,273.8782,437.0651,584.9109,122.2835,1.000000,8,1
610,2,513.7546,466.7965,559.6661,97.0859,1.000000,8,0.34375
611,1,273.2582,437.3250,584.8271,122.2947,1.000000,8,1
611,2,514.7661,466.9219,559.8546,97.1027,1.000000,8,0.40625
612,1,272.6381,437.5916,584.7430,122.3061,1.000000,8,1
612,2,515.7775,467.0463,560.0439,97.1196,1.000000,8,0.375
613,1,272.0175,437.8628,584.6589,122.3177,1.000000,8,1
613,2,516.7881,467.1690,560.2357,97.1368,1.000000,8,0.46875
614,1,271.3977,438.1430,584.5753,122.3298,1.000000,8,1
614,2,517.7988,467.2923,560.4285,97.1543,1.000000,8,0.375
615,1,270.7780,438.4290,584.4915,122.3422,1.000000,8,1
615,2,518.8093,467.4154,560.6231,97.1721,1.000000,8,0.375
616,1,270.1575,438.7182,584.4086,122.3548,1.000000,8,1
616,2,519.8190,467.5379,560.8199,97.1902,1.000000,8,0.5
617,1,269.5377,439.0145,584.3253,122.3678,1.000000,8,1
617,2,520.8285,467.6617,561.0198,97.2089,1.000000,8,0.5
618,1,268.9174,439.3151,584.2432,122.3811,1.000000,8,1
618,2,521.8373,467.7859,561.2230,97.2283,1.000000,8,0.5
619,1,268.2969,439.6180,584.1604,122.3945,1.000000,8,1
619,2,522.8452,467.9095,561.4297,97.2482,1.000000,8,0.5
620,1,267.6764,439.9269,584.0786,122.4083,1.000000,8,1
620,2,523.8523,468.0351,561.6418,97.2691,1.000000,8,0.65625
621,1,267.0556,440.2388,583.9975,122.4224,1.000000,8,1
621,2,524.8584,468.1609,561.8591,97.2910,1.000000,8,0.4375
622,1,266.4346,440.5514,583.9163,122.4366,1.000000,8,1
622,2,525.8636,468.2853,562.0812,97.3136,1.000000,8,0.3125
623,1,265.8144,440.8687,583.8353,122.4510,1.000000,8,1
623,2,526.8682,468.4108,562.3093,97.3374,1.000000,8,0.625
624,1,265.1948,441.1877,583.7539,122.4654,1.000000,8,1
624,2,527.8719,468.5357,562.5432,97.3621,1.000000,8,0.53125
625,1,264.5750,441.5060,583.6731,122.4798,1.000000,8,1
625,2,528.8748,468.6582,562.7829,97.3878,1.000000,8,0.5
626,1,263.9557,441.8275,583.5930,122.4945,1.000000,8,1
626,2,529.8768,468.7817,563.0298,97.4148,1.000000,8,0.4375
627,1,263.3376,442.1497,583.5128,122.5093,1.000000,8,1
627,2,530.8777,468.9046,563.2834,97.4428,1.000000,8,0.3125
628,1,262.7205,442.4703,583.4321,122.5238,1.000000,8,1
628,2,531.8771,469.0249,563.5443,97.4721,1.000000,8,0.53125
629,1,262.1040,442.7928,583.3524,122.5385,1.000000,8,1
629,2,532.8752,469.1459,563.8136,97.5030,1.000000,8,0.65625
630,1,261.4878,443.1147,583.2736,122.5535,1.000000,8,1
630,2,533.8723,469.2662,564.0898,97.5350,1.000000,8,0.53125
631,1,260.8727,443.4338,583.1945,122.5683,1.000000,8,1
631,2,534.8685,469.3851,564.3715,97.5677,1.000000,8,0.5625
632,1,260.2597,443.7541,583.1152,122.5829,1.000000,8,1
632,2,535.8640,469.5060,564.6603,97.6020,1.000000,8,0.65625
633,1,259.6480,444.0732,583.0359,122.5975,1.000000,8,1
633,2,536.8587,469.6272,564.9554,97.6373,1.000000,8,0.5625
634,1,259.0374,444.3887,582.9564,122.6119,1.000000,8,1
634,2,537.8532,469.7473,565.2559,97.6735,1.000000,8,0.5
635,1,258.4301,444.7046,582.8760,122.6260,1.000000,8,1
635,2,538.8478,469.8706,565.5638,97.7110,1.000000,8,0.59375
636,1,257.8251,445.0188,582.7945,122.6397,1.000000,8,1
636,2,539.8428,469.9952,565.8777,97.7497,1.000000,8,0.71875
637,1,257.2212,445.3283,582.7134,122.6533,1.000000,8,1
637,2,540.8382,470.1195,566.1967,97.7891,1.000000,8,0.6875
638,1,256.6197,445.6370,582.6320,122.6667,1.000000,8,1
638,2,541.8340,470.2488,566.5224,97.8299,1.000000,8,0.53125
639,1,256.0207,445.9436,582.5497,122.6797,1.000000,8,1
639,2,542.8304,470.3804,566.8529,97.8716,1.000000,8,0.5625
640,1,255.4230,446.2463,582.4670,122.6924,1.000000,8,1
640,2,543.8278,470.5125,567.1875,97.9140,1.000000,8,0.65625
641,1,254.8259,446.5470,582.3859,122.7054,1.000000,8,1
641,2,544.8260,470.6502,567.5274,97.9575,1.000000,8,0.5
642,1,254.2303,446.8448,582.3041,122.7181,1.000000,8,1
642,2,545.8250,470.7903,567.8719,98.0018,1.000000,8,0.53125
643,1,253.6365,447.1383,582.2216,122.7303,1.000000,8,1
643,2,546.8251,470.9297,568.2196,98.0466,1.000000,8,0.53125
644,1,253.0434,447.4293,582.1399,122.7426,1.000000,8,1
644,2,547.8260,471.0746,568.5707,98.0922,1.000000,8,0.625
645,1,252.4503,447.7173,582.0593,122.7550,1.000000,8,1
645,2,548.8281,471.2216,568.9249,98.1384,1.000000,8,0.625
646,1,251.8576,448.0012,581.9785,122.7671,1.000000,8,1
646,2,549.8312,471.3680,569.2808,98.1848,1.000000,8,0.59375
647,1,251.2645,448.2820,581.8992,122.7794,1.000000,8,1
647,2,550.8358,471.5185,569.6389,98.2317,1.000000,8,0.625
648,1,250.6721,448.5593,581.8192,122.7914,1.000000,8,1
648,2,551.8418,471.6703,569.9980,98.2787,1.000000,8,0.625
649,1,250.0817,448.8317,581.7363,122.8025,1.000000,8,1
649,2,552.8494,471.8213,570.3576,98.3257,1.000000,8,0.5
650,1,249.4888,449.1015,581.6553,122.8139,1.000000,8,1
650,2,553.8589,471.9760,570.7174,98.3730,1.000000,8,0.65625
651,1,248.8942,449.3675,581.5748,122.8253,1.000000,8,1
651,2,554.8703,472.1313,571.0770,98.4201,1.000000,8,0.5625
652,1,248.2979,449.6276,581.4940,122.8365,1.000000,8,1
652,2,555.8835,472.2857,571.4368,98.4671,1.000000,8,0.6875
653,1,247.7005,449.8842,581.4139,122.8477,1.000000,8,1
653,2,556.8983,472.4445,571.7956,98.5142,1.000000,8,0.71875
654,1,247.1025,450.1367,581.3341,122.8586,1.000000,8,1
654,2,557.9146,472.6052,572.1523,98.5609,1.000000,8,0.625
655,1,246.5042,450.3837,581.2543,122.8695,1.000000,8,1
655,2,558.9328,472.7654,572.5067,98.6071,1.000000,8,0.5625
656,1,245.9050,450.6268,581.1752,122.8802,1.000000,8,1
656,2,559.9525,472.9298,572.8583,98.6530,1.000000,8,0.625
657,1,245.3047,450.8656,581.0971,122.8910,1.000000,8,1
657,2,560.9741,473.0961,573.2067,98.6983,1.000000,8,0.6875
658,1,244.7036,451.0991,581.0190,122.9016,1.000000,8,1
658,2,561.9972,473.2609,573.5519,98.7430,1.000000,8,0.53125
659,1,244.1019,451.3274,580.9408,122.9119,1.000000,8,1
659,2,563.0218,473.4292,573.8928,98.7870,1.000000,8,0.5625
660,1,243.4995,451.5507,580.8622,122.9220,1.000000,8,1
660,2,564.0482,473.5988,574.2292,98.8302,1.000000,8,0.53125
661,1,242.8960,451.7685,580.7835,122.9318,1.000000,8,1
661,2,565.0768,473.7670,574.5604,98.8725,1.000000,8,0.59375
662,1,242.2917,451.9797,580.7036,122.9411,1.000000,8,1
662,2,566.1075,473.9373,574.8865,98.9139,1.000000,8,0.5625
663,1,241.6866,452.1853,580.6237,122.9501,1.000000,8,1
663,2,567.1402,474.1077,575.2078,98.9544,1.000000,8,0.59375
664,1,241.0814,452.3855,580.5419,122.9584,1.000000,8,1
664,2,568.1753,474.2768,575.5233,98.9938,1.000000,8,0.71875
665,1,240.4748,452.5809,580.4591,122.9665,1.000000,8,1
665,2,569.2124,474.4474,575.8330,99.0322,1.000000,8,0.53125
666,1,239.8669,452.7706,580.3763,122.9742,1.000000,8,1
666,2,570.2520,474.6172,576.1366,99.0695,1.000000,8,0.6875
667,1,239.2594,452.9523,580.2908,122.9811,1.000000,8,1
667,2,571.2944,474.7844,576.4326,99.1053,1.000000,8,0.65625
668,1,238.6510,453.1280,580.2041,122.9874,1.000000,8,1
668,2,572.3387,474.9525,576.7225,99.1401,1.000000,8,0.4375
669,1,238.0426,453.2981,580.1152,122.9929,1.000000,8,1
669,2,573.3849,475.1198,577.0060,99.1736,1.000000,8,0.59375
670,1,237.4344,453.4615,580.0243,122.9977,1.000000,8,1
670,2,574.4335,475.2834,577.2810,99.2055,1.000000,8,0.75
671,1,236.8254,453.6192,579.9316,123.0019,1.000000,8,1
671,2,575.4832,475.4459,577.5481,99.2361,1.000000,8,0.71875
672,1,236.2165,453.7711,579.8370,123.0054,1.000000,8,1
672,2,576.5341,475.6062,577.8082,99.2652,1.000000,8,0.59375
673,1,235.6096,453.9166,579.7377,123.0076,1.000000,8,1
673,2,577.5865,475.7620,578.0604,99.2929,1.000000,8,0.5625
674,1,235.0017,454.0559,579.6375,123.0093,1.000000,8,1
674,2,578.6402,475.9138,578.3049,99.3189,1.000000,8,0.6875
675,1,234.3940,454.1897,579.5355,123.0104,1.000000,8,1
675,2,579.6953,476.0609,578.5426,99.3437,1.000000,8,0.75
676,1,233.7881,454.3182,579.4303,123.0105,1.000000,8,1
676,2,580.7519,476.2018,578.7735,99.3669,1.000000,8,0.75
677,1,233.1821,454.4417,579.3220,123.0098,1.000000,8,1
677,2,581.8097,476.3394,578.9977,99.3889,1.000000,8,0.78125
678,1,232.5762,454.5605,579.2111,123.0082,1.000000,8,1
678,2,582.8687,476.4724,579.2161,99.4097,1.000000,8,0.65625
679,1,231.9722,454.6739,579.0952,123.0052,1.000000,8,1
679,2,583.9293,476.5991,579.4276,99.4291,1.000000,8,0.71875
680,1,231.3676,454.7823,578.9760,123.0014,1.000000,8,1
680,2,584.9907,476.7207,579.6339,99.4473,1.000000,8,0.6875
681,1,230.7637,454.8860,578.8535,122.9966,1.000000,8,1
681,2,586.0531,476.8370,579.8353,99.4645,1.000000,8,0.875
682,1,230.1616,454.9850,578.7265,122.9906,1.000000,8,1
682,2,587.1157,476.9473,580.0331,99.4808,1.000000,8,0.71875
683,1,229.5601,455.0814,578.5953,122.9835,1.000000,8,1
683,2,588.1791,477.0523,580.2260,99.4961,1.000000,8,0.71875
684,1,228.9604,455.1744,578.4600,122.9755,1.000000,8,1
684,2,589.2429,477.1517,580.4159,99.5106,1.000000,8,0.625
685,1,228.3624,455.2630,578.3215,122.9664,1.000000,8,1
685,2,590.3066,477.2443,580.6039,99.5246,1.000000,8,0.71875
686,1,227.7666,455.3484,578.1783,122.9561,1.000000,8,1
686,2,591.3691,477.3312,580.7886,99.5378,1.000000,8,0.625
687,1,227.1738,455.4307,578.0306,122.9446,1.000000,8,1
687,2,592.4301,477.4130,580.9709,99.5505,1.000000,8,0.71875
688,1,226.5834,455.5096,577.8792,122.9322,1.000000,8,1
688,2,593.4896,477.4894,581.1514,99.5626,1.000000,8,0.71875
689,1,225.9951,455.5852,577.7249,122.9189,1.000000,8,1
689,2,594.5486,477.5580,581.3285,99.5739,1.000000,8,0.78125
690,1,225.4092,455.6581,577.5674,122.9047,1.000000,8,1
690,2,595.6072,477.6186,581.5044,99.5846,1.000000,8,0.8125
691,1,224.8267,455.7283,577.4061,122.8895,1.000000,8,1
691,2,596.6652,477.6708,581.6802,99.5950,1.000000,8,0.6875
692,1,224.2477,455.7959,577.2406,122.8732,1.000000,8,1
692,2,597.7231,477.7154,581.8538,99.6049,1.000000,8,0.65625
693,1,223.6717,455.8614,577.0721,122.8560,1.000000,8,1
693,2,598.7808,477.7537,582.0266,99.6143,1.000000,8,0.53125
694,1,223.0987,455.9251,576.9020,122.8383,1.000000,8,1
694,2,599.8379,477.7855,582.1992,99.6234,1.000000,8,0.65625
695,1,222.5301,455.9868,576.7280,122.8196,1.000000,8,1
695,2,600.8945,477.8101,582.3720,99.6324,1.000000,8,0.8125
696,1,221.9648,456.0465,576.5520,122.8002,1.000000,8,1
696,2,601.9506,477.8284,582.5451,99.6411,1.000000,8,0.75
697,1,221.4029,456.1039,576.3729,122.7801,1.000000,8,1
697,2,603.0063,477.8400,582.7178,99.6496,1.000000,8,0.6875
698,1,220.8442,456.1597,576.1916,122.7593,1.000000,8,1
698,2,604.0607,477.8460,582.8919,99.6581,1.000000,8,0.65625
699,1,220.2888,456.2141,576.0076,122.7377,1.000000,8,1
699,2,605.1144,477.8478,583.0679,99.6668,1.000000,8,0.59375
700,1,219.7377,456.2680,575.8206,122.7153,1.000000,8,1
700,2,606.1675,477.8441,583.2451,99.6755,1.000000,8,0.78125
701,1,219.1898,456.3222,575.6307,122.6923,1.000000,8,1
701,2,607.2190,477.8342,583.4236,99.6842,1.000000,8,0.71875
702,1,218.6452,456.3754,575.4390,122.6687,1.000000,8,1
702,2,608.2694,477.8192,583.6038,99.6930,1.000000,8,0.59375
703,1,218.1057,456.4272,575.2444,122.6443,1.000000,8,1
703,2,609.3188,477.7979,583.7853,99.7018,1.000000,8,0.65625
704,1,217.5703,456.4810,575.0464,122.6192,1.000000,8,1
704,2,610.3677,477.7697,583.9678,99.7106,1.000000,8,0.78125
705,1,217.0380,456.5366,574.8475,122.5938,1.000000,8,1
705,2,611.4160,477.7358,584.1523,99.7195,1.000000,8,0.8125
706,1,216.5108,456.5938,574.6459,122.5678,1.000000,8,1
706,2,612.4641,477.6964,584.3403,99.7288,1.000000,8,0.625
707,1,215.9885,456.6526,574.4413,122.5411,1.000000,8,1
707,2,613.5125,477.6495,584.5300,99.7380,1.000000,8,0.65625
708,1,215.4698,456.7126,574.2348,122.5138,1.000000,8,1
708,2,614.5610,477.5969,584.7222,99.7475,1.000000,8,0.71875
709,1,214.9545,456.7740,574.0262,122.4862,1.000000,8,1
709,2,615.6091,477.5385,584.9171,99.7573,1.000000,8,0.6875
710,1,214.4431,456.8387,573.8149,122.4580,1.000000,8,1
710,2,616.6569,477.4728,585.1135,99.7670,1.000000,8,0.625
711,1,213.9356,456.9055,573.6014,122.4294,1.000000,8,1
711,2,617.7045,477.4012,585.3118,99.7769,1.000000,8,0.84375
712,1,213.4312,456.9731,573.3870,122.4004,1.000000,8,1
712,2,618.7515,477.3246,585.5132,99.7870,1.000000,8,0.78125
713,1,212.9301,457.0443,573.1694,122.3708,1.000000,8,1
713,2,619.7978,477.2412,585.7154,99.7971,1.000000,8,0.84375
714,1,212.4315,457.1174,572.9503,122.3410,1.000000,8,1
714,2,620.8436,477.1522,585.9194,99.8073,1.000000,8,0.75
715,1,211.9357,457.1917,572.7293,122.3107,1.000000,8,1
715,2,621.8885,477.0586,586.1267,99.8178,1.000000,8,0.8125
716,1,211.4412,457.2692,572.5083,122.2805,1.000000,8,1
716,2,622.9327,476.9591,586.3354,99.8284,1.000000,8,0.78125
717,1,210.9493,457.3478,572.2847,122.2498,1.000000,8,1
717,2,623.9761,476.8548,586.5458,99.8392,1.000000,8,0.6875
718,1,210.4600,457.4259,572.0596,122.2186,1.000000,8,1
718,2,625.0189,476.7464,586.7590,99.8502,1.000000,8,0.84375
719,1,209.9729,457.5072,571.8332,122.1871,1.000000,8,1
719,2,626.0629,476.6311,586.9728,99.8611,1.000000,8,0.6875
720,1,209.4881,457.5892,571.6045,122.1552,1.000000,8,1
720,2,627.1085,476.5110,587.1881,99.8719,1.000000,8,0.8125
721,1,209.0043,457.6697,571.3746,122.1229,1.000000,8,1
721,2,628.1559,476.3881,587.4063,99.8832,1.000000,8,0.78125
722,1,208.5237,457.7510,571.1432,122.0902,1.000000,8,1
722,2,629.2047,476.2620,587.6253,99.8944,1.000000,8,0.84375
723,1,208.0452,457.8321,570.9108,122.0572,1.000000,8,1
723,2,630.2540,476.1352,587.8461,99.9059,1.000000,8,0.8125
724,1,207.5686,457.9112,570.6778,122.0240,1.000000,8,1
724,2,631.3036,476.0087,588.0690,99.9177,1.000000,8,0.78125
725,1,207.0947,457.9902,570.4429,121.9902,1.000000,8,1
725,2,632.3527,475.8802,588.2925,99.9294,1.000000,8,0.84375
726,1,206.6234,458.0685,570.2068,121.9561,1.000000,8,1
726,2,633.3687,475.7507,588.5497,99.9412,1.000000,8,0.71875
727,1,206.1547,458.1443,569.9701,121.9218,1.000000,8,1
727,2,634.3845,475.6205,588.8087,99.9532,1.000000,8,0.71875
728,1,205.6897,458.2179,569.7316,121.8867,1.000000,8,1
728,2,635.4006,475.4866,589.0670,99.9650,1.000000,8,0.84375
729,1,205.2275,458.2882,569.4920,121.8512,1.000000,8,1
729,2,636.4170,475.3506,589.3252,99.9767,1.000000,8,0.78125
730,1,204.7683,458.3548,569.2502,121.8150,1.000000,8,1
730,2,637.4335,475.2131,589.5843,99.9884,1.000000,8,0.75
731,1,204.3128,458.4197,569.0069,121.7782,1.000000,8,1
731,2,638.4506,475.0706,589.8423,99.9998,1.000000,8,0.8125
732,1,203.8598,458.4819,568.7625,121.7411,1.000000,8,1
732,2,639.4678,474.9254,590.1003,100.0110,1.000000,8,0.90625
733,1,203.4087,458.5411,568.5172,121.7035,1.000000,8,1
733,2,640.4850,474.7795,590.3588,100.0223,1.000000,8,0.875
734,1,202.9603,458.5980,568.2702,121.6653,1.000000,8,1
734,2,641.5027,474.6285,590.6161,100.0331,1.000000,8,0.6875
735,1,202.5141,458.6517,568.0210,121.6265,1.000000,8,1
735,2,642.5204,474.4750,590.8738,100.0439,1.000000,8,0.8125
736,1,202.0684,458.7012,567.7704,121.5872,1.000000,8,1
736,2,643.5376,474.3213,591.1320,100.0548,1.000000,8,0.71875
737,1,201.6231,458.7486,567.5166,121.5471,1.000000,8,1
737,2,644.5543,474.1630,591.3883,100.0653,1.000000,8,0.84375
738,1,201.1784,458.7939,567.2608,121.5064,1.000000,8,1
738,2,645.5698,474.0032,591.6443,100.0756,1.000000,8,0.875
739,1,200.7338,458.8363,567.0039,121.4654,1.000000,8,1
739,2,646.5836,473.8447,591.9009,100.0861,1.000000,8,0.875
740,1,200.2899,458.8758,566.7454,121.4237,1.000000,8,1
740,2,647.5962,473.6833,592.1561,100.0963,1.000000,8,0.875
741,1,199.8467,458.9128,566.4848,121.3816,1.000000,8,1
741,2,648.6075,473.5224,592.4111,100.1065,1.000000,8,0.78125
742,1,199.4049,458.9476,566.2225,121.3390,1.000000,8,1
742,2,649.6173,473.3642,592.6666,100.1169,1.000000,8,0.84375
743,1,198.9635,458.9804,565.9598,121.2961,1.000000,8,1
743,2,650.6263,473.2053,592.9218,100.1273,1.000000,8,0.90625
744,1,198.5223,459.0108,565.6960,121.2528,1.000000,8,1
744,2,651.6343,473.0490,593.1763,100.1376,1.000000,8,0.875
745,1,198.0810,459.0384,565.4309,121.2092,1.000000,8,1
745,2,652.6413,472.8978,593.4310,100.1482,1.000000,8,0.90625
746,1,197.6405,459.0633,565.1660,121.1654,1.000000,8,1
746,2,653.6482,472.7484,593.6857,100.1588,1.000000,8,0.8125
747,1,197.2007,459.0854,564.9006,121.1214,1.000000,8,1
747,2,654.6549,472.6029,593.9402,100.1696,1.000000,8,0.96875
748,1,196.7603,459.1042,564.6354,121.0773,1.000000,8,1
748,2,655.6614,472.4633,594.1946,100.1805,1.000000,8,0.875
749,1,196.3202,459.1197,564.3695,121.0330,1.000000,8,1
749,2,656.6686,472.3271,594.4490,100.1916,1.000000,8,0.90625
750,1,195.8798,459.1319,564.1048,120.9886,1.000000,8,1
750,2,657.6761,472.1959,594.7025,100.2027,1.000000,8,0.90625
751,1,195.4393,459.1405,563.8400,120.9441,1.000000,8,1
751,2,658.6838,472.0716,594.9547,100.2137,1.000000,8,0.8125
752,1,194.9983,459.1447,563.5759,120.8995,1.000000,8,1
752,2,659.6917,471.9513,595.2053,100.2246,1.000000,8,0.96875
753,1,194.5570,459.1448,563.3121,120.8547,1.000000,8,1
753,2,660.6998,471.8352,595.4536,100.2354,1.000000,8,0.875
754,1,194.1158,459.1407,563.0472,120.8097,1.000000,8,1
754,2,661.7081,471.7244,595.6990,100.2457,1.000000,8,0.875
755,1,193.6743,459.1314,562.7833,120.7645,1.000000,8,1
755,2,662.7172,471.6156,595.9421,100.2558,1.000000,8,0.9375
756,1,193.2325,459.1173,562.5195,120.7193,1.000000,8,1
756,2,663.7271,471.5096,596.1819,100.2654,1.000000,8,0.84375
757,1,192.7893,459.0978,562.2571,120.6740,1.000000,8,1
757,2,664.7376,471.4073,596.4177,100.2744,1.000000,8,0.96875
758,1,192.3455,459.0707,561.9948,120.6284,1.000000,8,1
758,2,665.7495,471.3075,596.6490,100.2828,1.000000,8,0.84375
759,1,191.9014,459.0378,561.7325,120.5825,1.000000,8,1
759,2,666.7625,471.2108,596.8766,100.2905,1.000000,8,0.84375
760,1,191.4572,459.0003,561.4701,120.5364,1.000000,8,1
760,2,667.7764,471.1180,597.0992,100.2976,1.000000,8,0.90625
761,1,191.0127,458.9549,561.2068,120.4898,1.000000,8,1
761,2,668.7916,471.0273,597.3169,100.3038,1.000000,8,0.9375
762,1,190.5679,458.9028,560.9438,120.4430,1.000000,8,1
762,2,669.8080,470.9387,597.5289,100.3092,1.000000,8,0.9375
763,1,190.1221,458.8449,560.6814,120.3960,1.000000,8,1
763,2,670.8249,470.8525,597.7360,100.3138,1.000000,8,0.875
764,1,189.6740,458.7793,560.4198,120.3490,1.000000,8,1
764,2,671.8422,470.7690,597.9384,100.3177,1.000000,8,0.84375
765,1,189.2245,458.7071,560.1589,120.3017,1.000000,8,1
765,2,672.8594,470.6880,598.1360,100.3209,1.000000,8,0.8125
766,1,188.7740,458.6290,559.8988,120.2544,1.000000,8,1
766,2,673.8764,470.6089,598.3283,100.3232,1.000000,8,0.875
767,1,188.3198,458.5431,559.6401,120.2073,1.000000,8,1
767,2,674.8939,470.5302,598.5158,100.3248,1.000000,8,0.84375
768,1,187.8631,458.4511,559.3829,120.1601,1.000000,8,1
768,2,675.9119,470.4521,598.6992,100.3257,1.000000,8,0.84375
769,1,187.4037,458.3542,559.1276,120.1132,1.000000,8,1
769,2,676.9305,470.3750,598.8781,100.3258,1.000000,8,0.9375
770,1,186.9412,458.2498,558.8739,120.0664,1.000000,8,1
770,2,677.9498,470.2983,599.0529,100.3253,1.000000,8,0.9375
771,1,186.4757,458.1397,558.6221,120.0199,1.000000,8,1
771,2,678.9697,470.2221,599.2237,100.3240,1.000000,8,1
772,1,186.0066,458.0255,558.3727,119.9737,1.000000,8,1
772,2,679.9901,470.1467,599.3896,100.3220,1.000000,8,0.96875
773,1,185.5327,457.9037,558.1255,119.9278,1.000000,8,1
773,2,681.0110,470.0714,599.5519,100.3194,1.000000,8,0.84375
774,1,185.0555,457.7764,557.8802,119.8821,1.000000,8,1
774,2,682.0325,469.9962,599.7106,100.3161,1.000000,8,0.90625
775,1,184.5757,457.6457,557.6367,119.8368,1.000000,8,1
775,2,683.0543,469.9207,599.8661,100.3123,1.000000,8,0.90625
776,1,184.0909,457.5092,557.3959,119.7919,1.000000,8,1
776,2,684.0762,469.8450,600.0186,100.3080,1.000000,8,0.875
777,1,183.6033,457.3683,557.1565,119.7472,1.000000,8,1
777,2,685.0981,469.7692,600.1689,100.3033,1.000000,8,0.96875
778,1,183.1145,457.2241,556.9175,119.7025,1.000000,8,1
778,2,686.1199,469.6930,600.3174,100.2983,1.000000,8,0.9375
779,1,182.6217,457.0747,556.6829,119.6584,1.000000,8,1
779,2,687.1411,469.6164,600.4642,100.2931,1.000000,8,0.96875
780,1,182.1264,456.9213,556.4502,119.6148,1.000000,8,1
780,2,688.1617,469.5394,600.6092,100.2875,1.000000,8,0.96875
781,1,181.6300,456.7648,556.2192,119.5714,1.000000,8,1
781,2,689.1820,469.4616,600.7523,100.2816,1.000000,8,0.96875
782,1,181.1315,456.6034,555.9901,119.5282,1.000000,8,1
782,2,690.2023,469.3820,600.8949,100.2755,1.000000,8,0.875
783,1,180.6307,456.4386,555.7642,119.4857,1.000000,8,1
783,2,691.2225,469.3009,601.0367,100.2693,1.000000,8,0.96875
784,1,180.1282,456.2715,555.5415,119.4438,1.000000,8,1
784,2,692.2429,469.2192,601.1777,100.2629,1.000000,8,1
785,1,179.6239,456.0991,555.3218,119.4022,1.000000,8,1
785,2,693.2632,469.1361,601.3193,100.2565,1.000000,8,0.9375
786,1,179.1184,455.9233,555.1047,119.3612,1.000000,8,1
786,2,694.2836,469.0526,601.4622,100.2503,1.000000,8,1
787,1,178.6107,455.7461,554.8920,119.3211,1.000000,8,1
787,2,695.3040,468.9693,601.6055,100.2443,1.000000,8,1
788,1,178.1012,455.5648,554.6830,119.2816,1.000000,8,1
788,2,696.3242,468.8842,601.7493,100.2382,1.000000,8,0.96875
789,1,177.5893,455.3806,554.4787,119.2431,1.000000,8,1
789,2,697.3443,468.7981,601.8946,100.2324,1.000000,8,0.84375
790,1,177.0763,455.1952,554.2773,119.2052,1.000000,8,1
790,2,698.3641,468.7122,602.0422,100.2270,1.000000,8,0.9375
791,1,176.5615,455.0065,554.0803,119.1681,1.000000,8,1
791,2,699.3837,468.6251,602.1910,100.2217,1.000000,8,0.96875
792,1,176.0449,454.8159,553.8873,119.1318,1.000000,8,1
792,2,700.4029,468.5373,602.3422,100.2168,1.000000,8,1
793,1,175.5266,454.6239,553.6987,119.0965,1.000000,8,1
793,2,701.4219,468.4499,602.4956,100.2123,1.000000,8,0.90625
794,1,175.0061,454.4291,553.5148,119.0621,1.000000,8,1
794,2,702.4396,468.3610,602.6522,100.2083,1.000000,8,0.9375
795,1,174.4827,454.2332,553.3360,119.0289,1.000000,8,1
795,2,703.4564,468.2720,602.8122,100.2049,1.000000,8,0.96875
796,1,173.9560,454.0381,553.1625,118.9969,1.000000,8,1
796,2,704.4720,468.1838,602.9756,100.2021,1.000000,8,1
797,1,173.4280,453.8417,552.9926,118.9657,1.000000,8,1
797,2,705.4871,468.0938,603.1433,100.2000,1.000000,8,1
798,1,172.8971,453.6453,552.8278,118.9355,1.000000,8,1
798,2,706.5018,468.0033,603.3151,100.1985,1.000000,8,1
799,1,172.3636,453.4498,552.6672,118.9064,1.000000,8,1
799,2,707.5164,467.9144,603.4926,100.1981,1.000000,8,0.96875
800,1,171.8288,453.2545,552.5095,118.8780,1.000000,8,1
800,2,708.5305,467.8245,603.6764,100.1987,1.000000,8,1
801,1,171.2916,453.0605,552.4124,118.8506,1.000000,8,1
801,2,709.5442,467.7355,603.8665,100.2003,1.000000,8,1
802,1,170.7505,452.8696,552.3630,118.8244,1.000000,8,1
802,2,710.5576,467.6493,604.0630,100.2032,1.000000,8,0.96875
803,1,170.2081,452.6801,552.3159,118.7988,1.000000,8,1
803,2,711.5703,467.5643,604.2677,100.2074,1.000000,8,1
804,1,169.6633,452.4933,552.2717,118.7741,1.000000,8,1
804,2,712.5823,467.4819,604.4801,100.2131,1.000000,8,1
805,1,169.1144,452.3102,552.2318,118.7506,1.000000,8,1
805,2,713.5937,467.4037,604.7004,100.2202,1.000000,8,1
806,1,168.5638,452.1306,552.1934,118.7275,1.000000,8,1
806,2,714.6042,467.3277,604.9277,100.2285,1.000000,8,1
807,1,168.0113,451.9550,552.1566,118.7052,1.000000,8,1
807,2,715.6143,467.2554,605.1618,100.2382,1.000000,8,1
808,1,167.4564,451.7835,552.1222,118.6834,1.000000,8,1
808,2,716.6243,467.1879,605.4036,100.2493,1.000000,8,1
809,1,166.9019,451.6159,552.0872,118.6619,1.000000,8,1
809,2,717.6346,467.1238,605.6530,100.2619,1.000000,8,1
810,1,166.3460,451.4523,552.0539,118.6408,1.000000,8,1
810,2,718.6459,467.0636,605.9088,100.2754,1.000000,8,1
811,1,165.7869,451.2930,552.0240,118.6208,1.000000,8,1
811,2,719.6585,467.0087,606.1703,100.2902,1.000000,8,1
812,1,165.2285,451.1378,551.9940,118.6010,1.000000,8,1
812,2,720.6725,466.9593,606.4390,100.3063,1.000000,8,1
813,1,164.6698,450.9868,551.9648,118.5815,1.000000,8,1
813,2,721.6876,466.9151,606.7133,100.3235,1.000000,8,1
814,1,164.1101,450.8410,551.9370,118.5625,1.000000,8,1
814,2,722.7036,466.8760,606.9925,100.3416,1.000000,8,1
815,1,163.5492,450.6986,551.9106,118.5442,1.000000,8,1
815,2,723.7204,466.8415,607.2769,100.3607,1.000000,8,1
816,1,162.9875,450.5597,551.8855,118.5263,1.000000,8,1
816,2,724.6688,466.8105,607.6349,100.3807,1.000000,8,1
817,1,162.4264,450.4254,551.8601,118.5085,1.000000,8,1
817,2,725.5862,466.7822,608.0295,100.4016,1.000000,8,1
818,1,161.8652,450.2941,551.8354,118.4910,1.000000,8,1
818,2,726.5040,466.7558,608.4270,100.4229,1.000000,8,1
819,1,161.3031,450.1658,551.8119,118.4740,1.000000,8,1
819,2,727.4225,466.7309,608.8285,100.4449,1.000000,8,1
820,1,160.7396,450.0412,551.7904,118.4576,1.000000,8,1
820,2,728.3416,466.7071,609.2347,100.4677,1.000000,8,1
821,1,160.1773,449.9199,551.7686,118.4413,1.000000,8,1
821,2,729.2609,466.6833,609.6466,100.4914,1.000000,8,1
822,1,159.6148,449.8015,551.7475,118.4253,1.000000,8,1
822,2,730.1807,466.6594,610.0612,100.5155,1.000000,8,1
823,1,159.0512,449.6866,551.7282,118.4099,1.000000,8,1
823,2,731.1008,466.6350,610.4778,100.5398,1.000000,8,1
824,1,158.4894,449.5747,551.7083,118.3946,1.000000,8,1
824,2,732.0214,466.6096,610.8995,100.5649,1.000000,8,1
825,1,157.9278,449.4658,551.6888,118.3793,1.000000,8,1
825,2,732.9426,466.5829,611.3242,100.5904,1.000000,8,1
826,1,157.3661,449.3596,551.6699,118.3646,1.000000,8,1
826,2,733.8646,466.5551,611.7513,100.6162,1.000000,8,1
827,1,156.8042,449.2559,551.6526,118.3501,1.000000,8,1
827,2,734.7869,466.5267,612.1829,100.6427,1.000000,8,1
828,1,156.2421,449.1552,551.6360,118.3361,1.000000,8,1
828,2,735.7093,466.4977,612.6181,100.6698,1.000000,8,1
829,1,155.6797,449.0587,551.6202,118.3224,1.000000,8,1
829,2,736.6324,466.4677,613.0576,100.6973,1.000000,8,1
830,1,155.1173,448.9641,551.6055,118.3091,1.000000,8,1
830,2,737.5556,466.4367,613.5005,100.7255,1.000000,8,1
831,1,154.5551,448.8722,551.5911,118.2959,1.000000,8,1
831,2,738.4793,466.4051,613.9468,100.7541,1.000000,8,1
832,1,153.9937,448.7838,551.5760,118.2829,1.000000,8,1
832,2,739.4037,466.3723,614.3973,100.7832,1.000000,8,1
833,1,153.4332,448.6982,551.5606,118.2698,1.000000,8,1
833,2,740.3289,466.3384,614.8506,100.8129,1.000000,8,1
834,1,152.8726,448.6161,551.5454,118.2570,1.000000,8,1
834,2,741.2548,466.3035,615.3073,100.8428,1.000000,8,1
835,1,152.3121,448.5379,551.5299,118.2442,1.000000,8,1
835,2,742.1818,466.2670,615.7684,100.8734,1.000000,8,1
836,1,151.7514,448.4623,551.5146,118.2315,1.000000,8,1
836,2,743.1100,466.2292,616.2326,100.9044,1.000000,8,1
837,1,151.1909,448.3900,551.4988,118.2191,1.000000,8,1
837,2,744.0397,466.1902,616.7001,100.9357,1.000000,8,1
838,1,150.6304,448.3215,551.4821,118.2065,1.000000,8,1
838,2,744.9710,466.1495,617.1713,100.9675,1.000000,8,1
839,1,150.0694,448.2565,551.4653,118.1939,1.000000,8,1
839,2,745.9042,466.1067,617.6461,100.9996,1.000000,8,1
840,1,149.5087,448.1954,551.4471,118.1813,1.000000,8,1
840,2,746.8390,466.0623,618.1239,101.0322,1.000000,8,1
841,1,148.9479,448.1378,551.4279,118.1685,1.000000,8,1
841,2,747.7752,466.0166,618.6054,101.0652,1.000000,8,1
842,1,148.3865,448.0838,551.4080,118.1558,1.000000,8,1
842,2,748.7127,465.9681,619.0889,101.0983,1.000000,8,1
843,1,147.8252,448.0336,551.3864,118.1428,1.000000,8,1
843,2,749.6515,465.9172,619.5747,101.1315,1.000000,8,1
844,1,147.2632,447.9874,551.3643,118.1297,1.000000,8,1
844,2,750.5914,465.8640,620.0640,101.1652,1.000000,8,1
845,1,146.7007,447.9441,551.3406,118.1165,1.000000,8,1
845,2,751.5322,465.8077,620.5546,101.1989,1.000000,8,1
846,1,146.1382,447.9040,551.3159,118.1031,1.000000,8,1
846,2,752.4739,465.7487,621.0481,101.2329,1.000000,8,1
847,1,145.5755,447.8684,551.2902,118.0897,1.000000,8,1
847,2,753.4167,465.6873,621.5465,101.2675,1.000000,8,1
848,1,145.0123,447.8358,551.2634,118.0762,1.000000,8,1
848,2,754.3605,465.6239,622.0476,101.3024,1.000000,8,1
849,1,144.4488,447.8063,551.2357,118.0625,1.000000,8,1
849,2,755.3052,465.5590,622.5515,101.3377,1.000000,8,1
850,1,143.8858,447.7802,551.2065,118.0487,1.000000,8,1
850,2,756.2507,465.4936,623.0587,101.3734,1.000000,8,1
851,1,143.3216,447.7563,551.1776,118.0349,1.000000,8,1
851,2,757.1973,465.4274,623.5693,101.4095,1.000000,8,1
852,1,142.7578,447.7354,551.1475,118.0211,1.000000,8,1
852,2,758.1447,465.3618,624.0837,101.4461,1.000000,8,1
853,1,142.1946,447.7179,551.1166,118.0072,1.000000,8,1
853,2,759.0929,465.2989,624.6028,101.4836,1.000000,8,1
854,1,141.6322,447.7024,551.0856,117.9934,1.000000,8,1
854,2,760.0422,465.2372,625.1265,101.5218,1.000000,8,1
855,1,141.0700,447.6891,551.0552,117.9798,1.000000,8,1
855,2,760.9927,465.1775,625.6548,101.5607,1.000000,8,1
856,1,140.5088,447.6783,551.0242,117.9662,1.000000,8,1
856,2,761.9445,465.1210,626.1888,101.6005,1.000000,8,1
857,1,139.9475,447.6688,550.9943,117.9528,1.000000,8,1
857,2,762.8976,465.0684,626.7276,101.6412,1.000000,8,1
858,1,139.3869,447.6606,550.9640,117.9396,1.000000,8,1
858,2,763.8518,465.0204,627.2714,101.6828,1.000000,8,1
859,1,138.8268,447.6541,550.9338,117.9264,1.000000,8,1
859,2,764.8065,464.9782,627.8206,101.7253,1.000000,8,1
860,1,138.2663,447.6487,550.9049,117.9135,1.000000,8,1
860,2,765.7625,464.9410,628.3751,101.7689,1.000000,8,1
861,1,137.7060,447.6444,550.8759,117.9008,1.000000,8,1
861,2,766.7194,464.9084,628.9350,101.8134,1.000000,8,1
862,1,137.1458,447.6415,550.8477,117.8883,1.000000,8,1
862,2,767.6776,464.8804,629.5009,101.8590,1.000000,8,1
863,1,136.5859,447.6396,550.8204,117.8759,1.000000,8,1
863,2,768.6374,464.8573,630.0721,101.9054,1.000000,8,1
864,1,136.0267,447.6386,550.7933,117.8638,1.000000,8,1
864,2,769.5988,464.8382,630.6478,101.9527,1.000000,8,1
865,1,135.4679,447.6389,550.7664,117.8518,1.000000,8,1
865,2,770.5614,464.8225,631.2288,102.0008,1.000000,8,1
866,1,134.9092,447.6401,550.7407,117.8401,1.000000,8,1
866,2,771.5258,464.8113,631.8152,102.0499,1.000000,8,1
867,1,134.3511,447.6424,550.7158,117.8286,1.000000,8,1
867,2,772.4917,464.8034,632.4072,102.0999,1.000000,8,1
868,1,133.7946,447.6465,550.6903,117.8171,1.000000,8,1
868,2,773.4589,464.7981,633.0053,102.1508,1.000000,8,1
869,1,133.2390,447.6512,550.6652,117.8058,1.000000,8,1
869,2,774.4277,464.7966,633.6084,102.2026,1.000000,8,1
870,1,132.6838,447.6569,550.6404,117.7945,1.000000,8,1
870,2,775.3973,464.7980,634.2164,102.2552,1.000000,8,1
871,1,132.1298,447.6640,550.6157,117.7834,1.000000,8,1
871,2,776.3669,464.8018,634.8287,102.3085,1.000000,8,1
872,1,131.5768,447.6720,550.5906,117.7721,1.000000,8,1
872,2,777.3362,464.8092,635.4448,102.3626,1.000000,8,1
873,1,131.0250,447.6810,550.5648,117.7609,1.000000,8,1
873,2,778.3058,464.8180,636.0649,102.4173,1.000000,8,1
874,1,130.4745,447.6909,550.5388,117.7495,1.000000,8,1
874,2,779.2762,464.8273,636.6891,102.4725,1.000000,8,1
875,1,129.9238,447.7017,550.5132,117.7384,1.000000,8,1
875,2,780.2479,464.8388,637.3171,102.5284,1.000000,8,1
876,1,129.3735,447.7135,550.4874,117.7273,1.000000,8,1
876,2,781.2206,464.8522,637.9487,102.5849,1.000000,8,1
877,1,128.8236,447.7259,550.4615,117.7160,1.000000,8,1
877,2,782.1942,464.8671,638.5834,102.6417,1.000000,8,1
878,1,128.2736,447.7379,550.4349,117.7047,1.000000,8,1
878,2,783.1687,464.8850,639.2200,102.6989,1.000000,8,1
879,1,127.7234,447.7496,550.4083,117.6933,1.000000,8,1
879,2,784.1443,464.9052,639.8586,102.7565,1.000000,8,1
880,1,127.1725,447.7613,550.3820,117.6820,1.000000,8,1
880,2,785.1206,464.9275,640.4994,102.8143,1.000000,8,1
881,1,126.6203,447.7723,550.3560,117.6707,1.000000,8,1
881,2,786.0977,464.9549,641.1411,102.8724,1.000000,8,1
882,1,126.0675,447.7825,550.3299,117.6594,1.000000,8,1
882,2,787.0755,464.9861,641.7830,102.9307,1.000000,8,1
883,1,125.5130,447.7915,550.3049,117.6482,1.000000,8,1
883,2,788.0540,465.0197,642.4243,102.9888,1.000000,8,1
884,1,124.9566,447.7992,550.2802,117.6372,1.000000,8,1
884,2,789.0327,465.0578,643.0647,103.0469,1.000000,8,1
885,1,124.3979,447.8059,550.2571,117.6263,1.000000,8,1
885,2,790.0121,465.0994,643.7043,103.1050,1.000000,8,1
886,1,123.8380,447.8111,550.2343,117.6156,1.000000,8,1
886,2,790.9918,465.1434,644.3419,103.1627,1.000000,8,1
887,1,123.2763,447.8141,550.2135,117.6051,1.000000,8,1
887,2,791.9720,465.1916,644.9772,103.2202,1.000000,8,1
888,1,122.7131,447.8150,550.1943,117.5950,1.000000,8,1
888,2,792.9529,465.2416,645.6097,103.2772,1.000000,8,1
889,1,122.1494,447.8140,550.1763,117.5851,1.000000,8,1
889,2,793.9346,465.2914,646.2388,103.3336,1.000000,8,1
890,1,121.5836,447.8111,550.1614,117.5759,1.000000,8,1
890,2,794.9170,465.3447,646.8650,103.3895,1.000000,8,1
891,1,121.0158,447.8062,550.1488,117.5671,1.000000,8,1
891,2,795.9005,465.3996,647.4884,103.4450,1.000000,8,1
892,1,120.4456,447.7988,550.1381,117.5587,1.000000,8,1
892,2,796.8853,465.4542,648.1106,103.5002,1.000000,8,1
893,1,119.8704,447.7885,550.1307,117.5508,1.000000,8,1
893,2,797.8706,465.5106,648.7292,103.5547,1.000000,8,1
894,1,119.2911,447.7758,550.1260,117.5436,1.000000,8,1
894,2,798.8571,465.5667,649.3447,103.6088,1.000000,8,1
895,1,118.7090,447.7613,550.1230,117.5367,1.000000,8,1
895,2,799.8448,465.6212,649.9567,103.6621,1.000000,8,1
896,1,118.1227,447.7444,550.1221,117.5302,1.000000,8,1
896,2,800.8334,465.6769,650.5657,103.7148,1.000000,8,1
897,1,117.5328,447.7256,550.1234,117.5240,1.000000,8,1
897,2,801.8231,465.7314,651.1724,103.7670,1.000000,8,1
898,1,116.9403,447.7058,550.1265,117.5183,1.000000,8,1
898,2,802.8141,465.7832,651.7770,103.8187,1.000000,8,1
899,1,116.3443,447.6855,550.1312,117.5129,1.000000,8,1
899,2,803.8057,465.8354,652.3760,103.8695,1.000000,8,1
900,1,115.7458,447.6648,550.1369,117.5077,1.000000,8,1
900,2,804.7980,465.8859,652.9708,103.9194,1.000000,8,1
901,1,115.1462,447.6443,550.1432,117.5027,1.000000,8,1
901,2,805.7915,465.9332,653.5597,103.9682,1.000000,8,1
902,1,114.5444,447.6248,550.1505,117.4978,1.000000,8,1
902,2,806.7854,465.9804,654.1421,104.0158,1.000000,8,1
903,1,113.9419,447.6065,550.1575,117.4931,1.000000,8,1
903,2,807.7806,466.0258,654.7181,104.0624,1.000000,8,1
904,1,113.3390,447.5895,550.1648,117.4884,1.000000,8,1
904,2,808.7775,466.0681,655.2896,104.1079,1.000000,8,1
905,1,111.2214,447.5481,550.1891,117.4725,1.000000,8,1
905,2,812.2913,466.2031,657.2382,104.2572,1.000000,8,1
