1,1,861.6668,523.0422,162.6923,22.0414,1.000000,1,0
1,2,1104.3790,519.2891,78.6006,33.0270,1.000000,0,1
1,3,605.1066,476.7367,495.9246,69.8740,1.000000,0,1
1,4,1245.6970,521.2011,92.7794,29.1282,1.000000,0,1
2,1,861.6668,523.0422,162.6923,22.0414,1.000000,1,0
2,2,1104.3790,519.2891,78.6006,33.0270,1.000000,0,1
2,3,605.1066,476.7367,495.9246,69.8740,1.000000,0,1
2,4,1245.6970,521.2011,92.7794,29.1282,1.000000,0,1
3,1,861.6668,523.0422,162.6923,22.0414,1.000000,1,0
3,2,1104.3790,519.2891,78.6006,33.0270,1.000000,0,1
3,3,605.1066,476.7367,495.9246,69.8740,1.000000,0,1
3,4,1245.6970,521.2011,92.7794,29.1282,1.000000,0,1
4,1,861.3779,522.7000,162.6389,22.0099,1.000000,1,0
4,2,1104.0620,519.3263,78.5801,33.0275,1.000000,0,1
4,3,605.0300,476.8690,495.9409,69.8811,1.000000,0,1
4,4,1245.3410,521.1140,92.7509,29.1206,1.000000,0,1
5,1,860.8257,522.0115,162.5303,21.9459,1.000000,1,0
5,2,1103.4500,519.4100,78.5402,33.0290,1.000000,0,1
5,3,604.8912,477.0892,495.9604,69.8919,1.000000,0,1
5,4,1244.7110,521.0706,92.7026,29.1141,1.000000,0,1
6,1,860.0876,521.1315,162.3860,21.8639,1.000000,1,0
6,2,1102.5950,519.5300,78.4835,33.0309,1.000000,0,1
6,3,604.7096,477.3591,495.9791,69.9047,1.000000,0,1
6,4,1243.8550,521.0663,92.6383,29.1087,1.000000,0,1
7,1,859.2120,520.2139,162.2228,21.7777,1.000000,1,0
7,2,1101.5250,519.6716,78.4127,33.0327,1.000000,0,1
7,3,604.4959,477.6569,496.0002,69.9190,1.000000,0,1
7,4,1242.7920,521.0860,92.5593,29.1037,1.000000,0,1
8,1,858.2548,519.3829,162.0549,21.6989,1.000000,1,0
8,2,1100.2980,519.8139,78.3296,33.0330,1.000000,0,1
8,3,604.2592,477.9643,496.0251,69.9345,1.000000,0,1
8,4,1241.5750,521.1075,92.4681,29.0975,1.000000,0,1
9,1,857.2387,518.6804,161.8873,21.6311,1.000000,1,0
9,2,1098.9410,519.9520,78.2368,33.0320,1.000000,0,1
9,3,604.0071,478.2754,496.0510,69.9504,1.000000,0,1
9,4,1240.2280,521.1256,92.3662,29.0902,1.000000,0,1
10,1,856.1763,518.1461,161.7241,21.5778,1.000000,1,0
10,2,1097.4690,520.0752,78.1350,33.0288,1.000000,0,1
10,3,603.7444,478.5863,496.0766,69.9665,1.000000,0,1
10,4,1238.7660,521.1355,92.2548,29.0814,1.000000,0,1
11,1,855.0858,517.7656,161.5663,21.5380,1.000000,1,0
11,2,1095.9100,520.1674,78.0260,33.0228,1.000000,0,1
11,3,603.4758,478.8953,496.1024,69.9827,1.000000,0,1
11,4,1237.2220,521.1347,92.1370,29.0713,1.000000,0,1
12,1,853.9731,517.5250,161.4143,21.5103,1.000000,1,0
12,2,1094.2730,520.2209,77.9103,33.0138,1.000000,0,1
12,3,603.2029,479.2004,496.1280,69.9988,1.000000,0,1
12,4,1235.6120,521.1237,92.0132,29.0601,1.000000,0,1
13,1,852.8394,517.4141,161.2675,21.4940,1.000000,1,0
13,2,1092.5660,520.2316,77.7881,33.0013,1.000000,0,1
13,3,602.9259,479.4968,496.1520,70.0145,1.000000,0,1
13,4,1233.9440,521.1027,91.8846,29.0477,1.000000,0,1
14,1,851.6896,517.3944,161.1244,21.4856,1.000000,1,0
14,2,1090.8080,520.2057,77.6615,32.9860,1.000000,0,1
14,3,602.6466,479.7846,496.1742,70.0297,1.000000,0,1
14,4,1232.2350,521.0729,91.7526,29.0343,1.000000,0,1
15,1,850.5253,517.4432,160.9835,21.4831,1.000000,1,0
15,2,1089.0130,520.1531,77.5314,32.9686,1.000000,0,1
15,3,602.3652,480.0626,496.1945,70.0445,1.000000,0,1
15,4,1230.4950,521.0372,91.6172,29.0203,1.000000,0,1
16,1,849.3469,517.5450,160.8443,21.4852,1.000000,1,0
16,2,1087.1890,520.0834,77.3986,32.9498,1.000000,0,1
16,3,602.0817,480.3289,496.2129,70.0587,1.000000,0,1
16,4,1228.7260,520.9985,91.4800,29.0059,1.000000,0,1
17,1,848.1574,517.6785,160.7056,21.4901,1.000000,1,0
17,2,1085.3460,520.0024,77.2640,32.9301,1.000000,0,1
17,3,601.7982,480.5848,496.2290,70.0723,1.000000,0,1
17,4,1226.9390,520.9564,91.3408,28.9911,1.000000,0,1
18,1,846.9591,517.8328,160.5673,21.4967,1.000000,1,0
18,2,1083.4900,519.9177,77.1282,32.9099,1.000000,0,1
18,3,601.5163,480.8268,496.2424,70.0852,1.000000,0,1
18,4,1225.1370,520.9138,91.2007,28.9761,1.000000,0,1
19,1,845.7526,517.9991,160.4285,21.5043,1.000000,1,0
19,2,1081.6270,519.8357,76.9919,32.8897,1.000000,0,1
19,3,601.2368,481.0506,496.2521,70.0970,1.000000,0,1
19,4,1223.3230,520.8727,91.0597,28.9610,1.000000,0,1
20,1,844.5392,518.1692,160.2891,21.5121,1.000000,1,0
20,2,1079.7590,519.7537,76.8550,32.8694,1.000000,0,1
20,3,600.9608,481.2579,496.2586,70.1078,1.000000,0,1
20,4,1221.5010,520.8314,90.9180,28.9459,1.000000,0,1
21,1,843.3200,518.3376,160.1486,21.5198,1.000000,1,0
21,2,1077.8870,519.6754,76.7181,32.8492,1.000000,0,1
21,3,600.6876,481.4488,496.2619,70.1178,1.000000,0,1
21,4,1219.6740,520.7914,90.7759,28.9309,1.000000,0,1
22,1,842.0948,518.4985,160.0070,21.5267,1.000000,1,0
22,2,1076.0140,519.6041,76.5811,32.8295,1.000000,0,1
22,3,600.4167,481.6219,496.2614,70.1265,1.000000,0,1
22,4,1217.8420,520.7540,90.6340,28.9160,1.000000,0,1
23,1,840.8654,518.6509,159.8638,21.5328,1.000000,1,0
23,2,1074.1400,519.5353,76.4442,32.8100,1.000000,0,1
23,3,600.1497,481.7814,496.2566,70.1344,1.000000,0,1
23,4,1216.0080,520.7164,90.4918,28.9011,1.000000,0,1
24,1,839.6323,518.7928,159.7195,21.5379,1.000000,1,0
24,2,1072.2650,519.4717,76.3073,32.7906,1.000000,0,1
24,3,599.8852,481.9282,496.2481,70.1413,1.000000,0,1
24,4,1214.1720,520.6793,90.3496,28.8861,1.000000,0,1
25,1,838.3960,518.9205,159.5740,21.5417,1.000000,1,0
25,2,1070.3910,519.4155,76.1707,32.7716,1.000000,0,1
25,3,599.6231,482.0616,496.2358,70.1473,1.000000,0,1
25,4,1212.3340,520.6432,90.2076,28.8714,1.000000,0,1
26,1,837.1577,519.0370,159.4274,21.5446,1.000000,1,0
26,2,1068.5190,519.3627,76.0342,32.7529,1.000000,0,1
26,3,599.3641,482.1857,496.2196,70.1524,1.000000,0,1
26,4,1210.4970,520.6049,90.0657,28.8564,1.000000,0,1
27,1,835.9177,519.1421,159.2800,21.5463,1.000000,1,0
27,2,1066.6460,519.3141,75.8982,32.7346,1.000000,0,1
27,3,599.1075,482.3009,496.1998,70.1568,1.000000,0,1
27,4,1208.6590,520.5652,89.9238,28.8415,1.000000,0,1
28,1,834.6758,519.2344,159.1315,21.5470,1.000000,1,0
28,2,1064.7740,519.2717,75.7623,32.7166,1.000000,0,1
28,3,598.8527,482.4073,496.1765,70.1604,1.000000,0,1
28,4,1206.8210,520.5254,89.7820,28.8264,1.000000,0,1
29,1,833.4327,519.3171,158.9825,21.5468,1.000000,1,0
29,2,1062.9020,519.2344,75.6268,32.6990,1.000000,0,1
29,3,598.6010,482.5079,496.1492,70.1632,1.000000,0,1
29,4,1204.9830,520.4817,89.6401,28.8111,1.000000,0,1
30,1,832.1890,519.3911,158.8327,21.5458,1.000000,1,0
30,2,1061.0290,519.2023,75.4911,32.6816,1.000000,0,1
30,3,598.3512,482.6030,496.1189,70.1654,1.000000,0,1
30,4,1203.1450,520.4360,89.4978,28.7957,1.000000,0,1
31,1,830.9451,519.4560,158.6830,21.5441,1.000000,1,0
31,2,1059.1530,519.1757,75.3551,32.6642,1.000000,0,1
31,3,598.1031,482.6921,496.0851,70.1669,1.000000,0,1
31,4,1201.3080,520.3901,89.3560,28.7802,1.000000,0,1
32,1,829.7012,519.5140,158.5333,21.5417,1.000000,1,0
32,2,1057.2760,519.1541,75.2185,32.6470,1.000000,0,1
32,3,597.8577,482.7776,496.0479,70.1678,1.000000,0,1
32,4,1199.4700,520.3402,89.2136,28.7643,1.000000,0,1
33,1,828.4578,519.5653,158.3834,21.5389,1.000000,1,0
33,2,1055.3950,519.1365,75.0815,32.6299,1.000000,0.125,0.875
33,3,597.6141,482.8595,496.0075,70.1681,1.000000,0,1
33,4,1197.6340,520.2889,89.0713,28.7484,1.000000,0,1
34,1,827.2157,519.6096,158.2338,21.5355,1.000000,1,0
34,2,1053.5100,519.1222,74.9437,32.6125,1.000000,0.0625,0.9375
34,3,597.3715,482.9374,495.9646,70.1680,1.000000,0,1
34,4,1195.7990,520.2384,88.9290,28.7324,1.000000,0,1
35,1,825.9781,519.6476,158.0853,21.5317,1.000000,1,0
35,2,1051.6200,519.1121,74.8052,32.5952,1.000000,0.0625,0.9375
35,3,597.1315,483.0133,495.9189,70.1673,1.000000,0,1
35,4,1193.9640,520.1850,88.7864,28.7161,1.000000,0,1
36,1,824.7452,519.6796,157.9377,21.5275,1.000000,1,0
36,2,1049.7270,519.1050,74.6663,32.5779,1.000000,0,1
36,3,596.8929,483.0867,495.8710,70.1663,1.000000,0,1
36,4,1192.1310,520.1315,88.6439,28.6998,1.000000,0,1
37,1,823.5151,519.7050,157.7913,21.5228,1.000000,1,0
37,2,1047.8310,519.1006,74.5269,32.5606,1.000000,0.125,0.875
37,3,596.6552,483.1572,495.8212,70.1649,1.000000,0,1
37,4,1190.2990,520.0804,88.5012,28.6836,1.000000,0,1
38,1,822.2867,519.7211,157.6455,21.5175,1.000000,1,0
38,2,1045.9360,519.1023,74.3875,32.5434,1.000000,0.3125,0.6875
38,3,596.4194,483.2255,495.7688,70.1631,1.000000,0,1
38,4,1188.4690,520.0273,88.3589,28.6673,1.000000,0,1
39,1,821.0602,519.7305,157.5005,21.5118,1.000000,1,0
39,2,1044.0420,519.1080,74.2478,32.5265,1.000000,0.25,0.75
39,3,596.1846,483.2915,495.7154,70.1610,1.000000,0,1
39,4,1186.6400,519.9747,88.2168,28.6510,1.000000,0,1
40,1,819.8359,519.7341,157.3566,21.5057,1.000000,1,0
40,2,1042.1490,519.1157,74.1089,32.5097,1.000000,0.1875,0.8125
40,3,595.9505,483.3548,495.6606,70.1586,1.000000,0,1
40,4,1184.8160,519.9248,88.0751,28.6349,1.000000,0,1
41,1,818.6134,519.7293,157.2139,21.4990,1.000000,1,0
41,2,1040.2610,519.1278,73.9707,32.4933,1.000000,0.1875,0.8125
41,3,595.7177,483.4157,495.6046,70.1560,1.000000,0,1
41,4,1182.9930,519.8728,87.9336,28.6187,1.000000,0,1
42,1,817.3927,519.7189,157.0720,21.4920,1.000000,1,0
42,2,1038.3750,519.1426,73.8329,32.4773,1.000000,0.25,0.75
42,3,595.4854,483.4744,495.5479,70.1532,1.000000,0,1
42,4,1181.1720,519.8214,87.7922,28.6025,1.000000,0,1
43,1,816.1746,519.7049,156.9310,21.4848,1.000000,1,0
43,2,1036.4920,519.1586,73.6958,32.4614,1.000000,0.25,0.75
43,3,595.2530,483.5303,495.4907,70.1503,1.000000,0,1
43,4,1179.3540,519.7730,87.6516,28.5867,1.000000,0,1
44,1,814.9582,519.6852,156.7913,21.4774,1.000000,1,0
44,2,1034.6120,519.1796,73.5593,32.4460,1.000000,0.3125,0.6875
44,3,595.0214,483.5836,495.4334,70.1473,1.000000,0,1
44,4,1177.5380,519.7237,87.5114,28.5708,1.000000,0,1
45,1,813.7440,519.6627,156.6526,21.4698,1.000000,1,0
45,2,1032.7350,519.2034,73.4236,32.4309,1.000000,0.5625,0.4375
45,3,594.7902,483.6343,495.3757,70.1441,1.000000,0,1
45,4,1175.7250,519.6759,87.3716,28.5551,1.000000,0,1
46,1,812.5325,519.6394,156.5151,21.4622,1.000000,1,0
46,2,1030.8600,519.2282,73.2882,32.4160,1.000000,0.25,0.75
46,3,594.5585,483.6819,495.3182,70.1409,1.000000,0,1
46,4,1173.9150,519.6320,87.2322,28.5397,1.000000,0,1
47,1,811.3221,519.6130,156.3785,21.4545,1.000000,1,0
47,2,1028.9890,519.2581,73.1537,32.4015,1.000000,0.25,0.75
47,3,594.3273,483.7264,495.2606,70.1376,1.000000,0,1
47,4,1172.1060,519.5870,87.0935,28.5243,1.000000,0,1
48,1,810.1130,519.5856,156.2426,21.4468,1.000000,1,0
48,2,1027.1200,519.2901,73.0197,32.3873,1.000000,0.4375,0.5625
48,3,594.0961,483.7679,495.2031,70.1342,1.000000,0,1
48,4,1170.3010,519.5435,86.9551,28.5091,1.000000,0,1
49,1,808.9049,519.5587,156.1070,21.4392,1.000000,1,0
49,2,1025.2530,519.3215,72.8860,32.3731,1.000000,0.5,0.5
49,3,593.8643,483.8060,495.1453,70.1307,1.000000,0,1
49,4,1168.5000,519.5040,86.8175,28.4942,1.000000,0,1
50,1,807.6967,519.5306,155.9725,21.4316,1.000000,1,0
50,2,1023.3880,519.3561,72.7527,32.3592,1.000000,0.375,0.625
50,3,593.6320,483.8409,495.0884,70.1273,1.000000,0,1
50,4,1166.7010,519.4647,86.6803,28.4795,1.000000,0,1
51,1,806.4891,519.5024,155.8380,21.4241,1.000000,1,0
51,2,1021.5250,519.3909,72.6199,32.3455,1.000000,0.375,0.625
51,3,593.3993,483.8727,495.0315,70.1237,1.000000,0,1
51,4,1164.9050,519.4279,86.5438,28.4649,1.000000,0,1
52,1,805.2821,519.4752,155.7042,21.4166,1.000000,1,0
52,2,1019.6630,519.4232,72.4876,32.3317,1.000000,0.625,0.375
52,3,593.1660,483.9008,494.9754,70.1202,1.000000,0,1
52,4,1163.1130,519.3956,86.4078,28.4508,1.000000,0,1
53,1,804.0747,519.4473,155.5706,21.4092,1.000000,1,0
53,2,1017.8050,519.4561,72.3557,32.3180,1.000000,0.4375,0.5625
53,3,592.9320,483.9257,494.9191,70.1167,1.000000,0,1
53,4,1161.3240,519.3648,86.2725,28.4369,1.000000,0,1
54,1,802.8674,519.4189,155.4371,21.4017,1.000000,1,0
54,2,1015.9500,519.4868,72.2242,32.3044,1.000000,0.5625,0.4375
54,3,592.6971,483.9477,494.8634,70.1130,1.000000,0,1
54,4,1159.5400,519.3375,86.1378,28.4232,1.000000,0,1
55,1,801.6614,519.3911,155.3040,21.3943,1.000000,1,0
55,2,1014.0980,519.5132,72.0935,32.2906,1.000000,0.6875,0.3125
55,3,592.4615,483.9670,494.8080,70.1094,1.000000,0,1
55,4,1157.7600,519.3153,86.0040,28.4100,1.000000,0,1
56,1,800.4570,519.3608,155.1713,21.3867,1.000000,1,0
56,2,1012.2510,519.5385,71.9635,32.2771,1.000000,0.6875,0.3125
56,3,592.2249,483.9830,494.7537,70.1059,1.000000,0,1
56,4,1155.9830,519.2959,85.8710,28.3971,1.000000,0,1
57,1,799.2537,519.3289,155.0389,21.3790,1.000000,1,0
57,2,1010.4070,519.5615,71.8347,32.2637,1.000000,0.75,0.25
57,3,591.9872,483.9966,494.6993,70.1023,1.000000,0,1
57,4,1154.2110,519.2814,85.7387,28.3846,1.000000,0,1
58,1,798.0511,519.2964,154.9065,21.3713,1.000000,1,0
58,2,1008.5680,519.5813,71.7067,32.2504,1.000000,0.5625,0.4375
58,3,591.7485,484.0083,494.6461,70.0988,1.000000,0,1
58,4,1152.4430,519.2733,85.6074,28.3728,1.000000,0,1
59,1,796.8478,519.2597,154.7736,21.3632,1.000000,1,0
59,2,1006.7350,519.6008,71.5797,32.2374,1.000000,0.875,0.125
59,3,591.5085,484.0174,494.5933,70.0954,1.000000,0,1
59,4,1150.6790,519.2705,85.4768,28.3613,1.000000,0,1
60,1,795.6444,519.2205,154.6401,21.3548,1.000000,1,0
60,2,1004.9090,519.6188,71.4539,32.2246,1.000000,0.6875,0.3125
60,3,591.2676,484.0245,494.5412,70.0920,1.000000,0,1
60,4,1148.9190,519.2731,85.3472,28.3504,1.000000,0,1
61,1,794.4415,519.1801,154.5063,21.3462,1.000000,1,0
61,2,1003.0870,519.6343,71.3289,32.2120,1.000000,0.8125,0.1875
61,3,591.0258,484.0300,494.4896,70.0886,1.000000,0,1
61,4,1147.1630,519.2819,85.2185,28.3400,1.000000,0,1
62,1,793.2385,519.1367,154.3720,21.3374,1.000000,1,0
62,2,1001.2720,519.6500,71.2053,32.1998,1.000000,0.8125,0.1875
62,3,590.7828,484.0344,494.4391,70.0855,1.000000,0,1
62,4,1145.4100,519.2962,85.0907,28.3301,1.000000,0,1
63,1,792.0361,519.0919,154.2371,21.3283,1.000000,1,0
63,2,999.4626,519.6653,71.0830,32.1879,1.000000,0.9375,0.0625
63,3,590.5386,484.0377,494.3896,70.0824,1.000000,0,1
63,4,1143.6600,519.3156,84.9631,28.3205,1.000000,0,1
64,1,790.8350,519.0472,154.1019,21.3191,1.000000,1,0
64,2,997.6564,519.6796,70.9611,32.1762,1.000000,0.8125,0.1875
64,3,590.2932,484.0399,494.3408,70.0794,1.000000,0,1
64,4,1141.9120,519.3397,84.8369,28.3115,1.000000,0,1
65,1,789.6345,519.0005,153.9659,21.3097,1.000000,1,0
65,2,995.8555,519.6948,70.8405,32.1649,1.000000,1,0
65,3,590.0463,484.0414,494.2930,70.0765,1.000000,0,1
65,4,1140.1670,519.3698,84.7114,28.3030,1.000000,0,1
66,1,788.4347,518.9537,153.8296,21.3003,1.000000,1,0
66,2,994.0573,519.7090,70.7206,32.1537,1.000000,1,0
66,3,589.7982,484.0425,494.2461,70.0738,1.000000,0,1
66,4,1138.4240,519.4039,84.5864,28.2949,1.000000,0,1
67,1,787.2358,518.9085,153.6926,21.2908,1.000000,1,0
67,2,992.2603,519.7205,70.6006,32.1424,1.000000,0.8125,0.1875
67,3,589.5497,484.0435,494.2004,70.0712,1.000000,0,1
67,4,1136.6830,519.4403,84.4623,28.2871,1.000000,0,1
68,1,786.0370,518.8629,153.5553,21.2813,1.000000,1,0
68,2,990.4663,519.7307,70.4818,32.1313,1.000000,1,0
68,3,589.3004,484.0446,494.1554,70.0689,1.000000,0,1
68,4,1134.9450,519.4813,84.3385,28.2797,1.000000,0,1
69,1,784.8388,518.8181,153.4175,21.2717,1.000000,1,0
69,2,988.6746,519.7382,70.3632,32.1202,1.000000,0.9375,0.0625
69,3,589.0504,484.0458,494.1114,70.0666,1.000000,0,1
69,4,1133.2090,519.5248,84.2157,28.2726,1.000000,0,1
70,1,783.6417,518.7756,153.2791,21.2623,1.000000,1,0
70,2,986.8840,519.7415,70.2451,32.1090,1.000000,1,0
70,3,588.7999,484.0474,494.0682,70.0645,1.000000,0,1
70,4,1131.4750,519.5693,84.0936,28.2657,1.000000,0,1
71,1,782.4448,518.7338,153.1404,21.2528,1.000000,1,0
71,2,985.0957,519.7411,70.1279,32.0979,1.000000,1,0
71,3,588.5485,484.0486,494.0258,70.0624,1.000000,0,1
71,4,1129.7430,519.6180,83.9724,28.2593,1.000000,0,1
72,1,781.2488,518.6933,153.0012,21.2433,1.000000,1,0
72,2,983.3092,519.7366,70.0111,32.0868,1.000000,0.9375,0.0625
72,3,588.2965,484.0500,493.9838,70.0605,1.000000,0,1
72,4,1128.0120,519.6691,83.8512,28.2530,1.000000,0,1
73,1,780.0540,518.6556,152.8617,21.2341,1.000000,1,0
73,2,981.5240,519.7266,69.8945,32.0754,1.000000,1,0
73,3,588.0444,484.0522,493.9420,70.0587,1.000000,0,1
73,4,1126.2830,519.7210,83.7310,28.2470,1.000000,0,1
74,1,778.8589,518.6185,152.7222,21.2248,1.000000,1,0
74,2,979.7423,519.7106,69.7786,32.0638,1.000000,1,0
74,3,587.7915,484.0546,493.9004,70.0568,1.000000,0,1
74,4,1124.5560,519.7775,83.6108,28.2413,1.000000,0,1
75,1,777.6639,518.5833,152.5824,21.2157,1.000000,1,0
75,2,977.9631,519.6892,69.6628,32.0520,1.000000,1,0
75,3,587.5379,484.0573,493.8594,70.0550,1.000000,0,1
75,4,1122.8300,519.8361,83.4915,28.2358,1.000000,0,1
76,1,776.4692,518.5510,152.4426,21.2067,1.000000,1,0
76,2,976.1864,519.6631,69.5477,32.0401,1.000000,1,0
76,3,587.2847,484.0605,493.8177,70.0532,1.000000,0,1
76,4,1121.1060,519.8945,83.3721,28.2304,1.000000,0,1
77,1,775.2745,518.5206,152.3022,21.1979,1.000000,1,0
77,2,974.4133,519.6317,69.4336,32.0282,1.000000,1,0
77,3,587.0307,484.0640,493.7757,70.0514,1.000000,0,1
77,4,1119.3820,519.9569,83.2531,28.2251,1.000000,0,1
78,1,774.0801,518.4924,152.1619,21.1892,1.000000,1,0
78,2,972.6439,519.5973,69.3200,32.0164,1.000000,1,0
78,3,586.7764,484.0679,493.7333,70.0495,1.000000,0,1
78,4,1117.6580,520.0203,83.1342,28.2201,1.000000,0,1
79,1,772.8867,518.4672,152.0209,21.1806,1.000000,1,0
79,2,970.8778,519.5616,69.2068,32.0047,1.000000,1,0
79,3,586.5225,484.0724,493.6904,70.0475,1.000000,0,1
79,4,1115.9350,520.0820,83.0158,28.2149,1.000000,0,1
80,1,771.6937,518.4432,151.8796,21.1721,1.000000,1,0
80,2,969.1153,519.5225,69.0942,31.9928,1.000000,1,0
80,3,586.2678,484.0771,493.6466,70.0454,1.000000,0,1
80,4,1114.2130,520.1443,82.8972,28.2099,1.000000,0,1
81,1,770.5016,518.4213,151.7383,21.1637,1.000000,1,0
81,2,967.3558,519.4824,68.9821,31.9811,1.000000,1,0
81,3,586.0129,484.0822,493.6021,70.0433,1.000000,0,1
81,4,1112.4920,520.2047,82.7791,28.2048,1.000000,0,1
82,1,769.3108,518.4019,151.5967,21.1555,1.000000,1,0
82,2,965.5994,519.4442,68.8704,31.9695,1.000000,1,0
82,3,585.7584,484.0879,493.5563,70.0410,1.000000,0,1
82,4,1110.7730,520.2612,82.6611,28.1994,1.000000,0,1
83,1,768.1208,518.3846,151.4551,21.1474,1.000000,1,0
83,2,963.8457,519.4047,68.7592,31.9581,1.000000,1,0
83,3,585.5032,484.0932,493.5092,70.0384,1.000000,0,1
83,4,1109.0560,520.3160,82.5436,28.1941,1.000000,0,1
84,1,766.9319,518.3694,151.3137,21.1395,1.000000,1,0
84,2,962.0944,519.3658,68.6484,31.9467,1.000000,1,0
84,3,585.2477,484.0986,493.4611,70.0358,1.000000,0,1
84,4,1107.3430,520.3681,82.4268,28.1886,1.000000,0,1
85,1,765.7441,518.3563,151.1724,21.1317,1.000000,1,0
85,2,960.3451,519.3300,68.5378,31.9356,1.000000,1,0
85,3,584.9926,484.1041,493.4119,70.0330,1.000000,0,1
85,4,1105.6330,520.4163,82.3101,28.1832,1.000000,0,1
86,1,764.5574,518.3447,151.0309,21.1239,1.000000,1,0
86,2,958.5962,519.2942,68.4275,31.9245,1.000000,1,0
86,3,584.7367,484.1094,493.3615,70.0300,1.000000,0,1
86,4,1103.9270,520.4622,82.1942,28.1777,1.000000,0,1
87,1,763.3716,518.3345,150.8900,21.1165,1.000000,1,0
87,2,956.8480,519.2603,68.3173,31.9135,1.000000,1,0
87,3,584.4803,484.1149,493.3102,70.0269,1.000000,0,1
87,4,1102.2250,520.5058,82.0791,28.1721,1.000000,0,1
88,1,762.1870,518.3254,150.7491,21.1090,1.000000,1,0
88,2,955.1002,519.2295,68.2070,31.9027,1.000000,1,0
88,3,584.2244,484.1205,493.2573,70.0236,1.000000,0,1
88,4,1100.5270,520.5466,81.9644,28.1666,1.000000,0,1
89,1,761.0037,518.3171,150.6088,21.1016,1.000000,1,0
89,2,953.3519,519.1993,68.0967,31.8918,1.000000,1,0
89,3,583.9677,484.1254,493.2034,70.0202,1.000000,0,1
89,4,1098.8320,520.5858,81.8503,28.1611,1.000000,0,1
90,1,759.8218,518.3094,150.4687,21.0944,1.000000,1,0
90,2,951.6034,519.1709,67.9863,31.8810,1.000000,1,0
90,3,583.7109,484.1302,493.1486,70.0166,1.000000,0,1
90,4,1097.1400,520.6231,81.7367,28.1555,1.000000,0,1
91,1,758.6417,518.3025,150.3290,21.0872,1.000000,1,0
91,2,949.8547,519.1458,67.8759,31.8703,1.000000,1,0
91,3,583.4543,484.1352,493.0930,70.0128,1.000000,0,1
91,4,1095.4520,520.6581,81.6237,28.1499,1.000000,0,1
92,1,757.4633,518.2957,150.1902,21.0801,1.000000,1,0
92,2,948.1053,519.1210,67.7649,31.8594,1.000000,1,0
92,3,583.1973,484.1393,493.0357,70.0089,1.000000,0,1
92,4,1093.7650,520.6911,81.5109,28.1443,1.000000,0,1
93,1,756.2861,518.2891,150.0524,21.0732,1.000000,1,0
93,2,946.3553,519.0974,67.6536,31.8484,1.000000,1,0
93,3,582.9401,484.1433,492.9778,70.0048,1.000000,0,1
93,4,1092.0790,520.7220,81.3984,28.1386,1.000000,0,1
94,1,755.1105,518.2832,149.9147,21.0663,1.000000,1,0
94,2,944.6044,519.0753,67.5421,31.8373,1.000000,1,0
94,3,582.6834,484.1472,492.9191,70.0007,1.000000,0,1
94,4,1090.3960,520.7502,81.2863,28.1328,1.000000,0,1
95,1,753.9362,518.2782,149.7781,21.0595,1.000000,1,0
95,2,942.8516,519.0522,67.4298,31.8259,1.000000,1,0
95,3,582.4261,484.1506,492.8597,69.9964,1.000000,0,1
95,4,1088.7140,520.7745,81.1742,28.1268,1.000000,0,1
96,1,752.7634,518.2745,149.6418,21.0530,1.000000,1,0
96,2,941.0980,519.0295,67.3172,31.8142,1.000000,1,0
96,3,582.1691,484.1539,492.7994,69.9920,1.000000,0,1
96,4,1087.0340,520.7946,81.0624,28.1206,1.000000,0,1
97,1,751.5920,518.2724,149.5057,21.0466,1.000000,1,0
97,2,939.3445,519.0080,67.2045,31.8026,1.000000,1,0
97,3,581.9127,484.1578,492.7384,69.9875,1.000000,0,1
97,4,1085.3550,520.8100,80.9508,28.1143,1.000000,0,1
98,1,750.4222,518.2727,149.3705,21.0404,1.000000,1,0
98,2,937.5896,518.9847,67.0911,31.7906,1.000000,1,0
98,3,581.6560,484.1614,492.6770,69.9829,1.000000,0,1
98,4,1083.6780,520.8192,80.8395,28.1076,1.000000,0,1
99,1,749.2537,518.2751,149.2357,21.0344,1.000000,1,0
99,2,935.8344,518.9611,66.9774,31.7784,1.000000,1,0
99,3,581.3998,484.1651,492.6143,69.9781,1.000000,0,1
99,4,1082.0040,520.8229,80.7284,28.1006,1.000000,0,1
100,1,748.0861,518.2794,149.1008,21.0286,1.000000,1,0
100,2,934.0801,518.9384,66.8635,31.7661,1.000000,1,0
100,3,581.1445,484.1692,492.5505,69.9732,1.000000,0,1
100,4,1080.3310,520.8221,80.6177,28.0934,1.000000,0,1
101,1,746.9185,518.2866,148.9662,21.0230,1.000000,1,0
101,2,932.3249,518.9125,66.7491,31.7534,1.000000,1,0
101,3,580.8888,484.1735,492.4865,69.9682,1.000000,0,1
101,4,1078.6610,520.8152,80.5071,28.0860,1.000000,0,1
102,1,745.7496,518.2959,148.8315,21.0175,1.000000,1,0
102,2,930.5701,518.8860,66.6344,31.7405,1.000000,1,0
102,3,580.6334,484.1783,492.4213,69.9631,1.000000,0,1
102,4,1076.9920,520.8048,80.3967,28.0783,1.000000,0,1
103,1,744.5789,518.3066,148.6963,21.0122,1.000000,1,0
103,2,928.8167,518.8604,66.5197,31.7276,1.000000,1,0
103,3,580.3788,484.1838,492.3553,69.9579,1.000000,0,1
103,4,1075.3250,520.7928,80.2864,28.0706,1.000000,0,1
104,1,743.4072,518.3215,148.5610,21.0071,1.000000,1,0
104,2,927.0633,518.8320,66.4045,31.7142,1.000000,1,0
104,3,580.1240,484.1899,492.2888,69.9527,1.000000,0,1
104,4,1073.6580,520.7783,80.1759,28.0626,1.000000,0,1
105,1,742.2349,518.3387,148.4254,21.0022,1.000000,1,0
105,2,925.3109,518.8031,66.2894,31.7008,1.000000,1,0
105,3,579.8691,484.1970,492.2220,69.9474,1.000000,0,1
105,4,1071.9900,520.7631,80.0654,28.0546,1.000000,0,1
106,1,741.0619,518.3564,148.2890,20.9972,1.000000,1,0
106,2,923.5610,518.7762,66.1744,31.6875,1.000000,1,0
106,3,579.6153,484.2052,492.1537,69.9419,1.000000,0,1
106,4,1070.3210,520.7491,79.9542,28.0465,1.000000,0,1
107,1,739.8883,518.3769,148.1525,20.9923,1.000000,1,0
107,2,921.8122,518.7473,66.0590,31.6738,1.000000,1,0
107,3,579.3615,484.2149,492.0853,69.9364,1.000000,0,1
107,4,1068.6490,520.7336,79.8425,28.0381,1.000000,0,1
108,1,738.7141,518.3978,148.0156,20.9875,1.000000,1,0
108,2,920.0650,518.7184,65.9439,31.6602,1.000000,1,0
108,3,579.1083,484.2260,492.0162,69.9309,1.000000,0,1
108,4,1066.9740,520.7172,79.7302,28.0295,1.000000,0,1
109,1,737.5389,518.4172,147.8781,20.9825,1.000000,1,0
109,2,918.3204,518.6921,65.8289,31.6466,1.000000,1,0
109,3,578.8559,484.2383,491.9468,69.9254,1.000000,0,1
109,4,1065.2960,520.6996,79.6171,28.0205,1.000000,0,1
110,1,736.3630,518.4373,147.7404,20.9775,1.000000,1,0
110,2,916.5768,518.6647,65.7138,31.6330,1.000000,1,0
110,3,578.6036,484.2523,491.8774,69.9199,1.000000,0,1
110,4,1063.6140,520.6771,79.5028,28.0109,1.000000,0,1
111,1,735.1862,518.4556,147.6022,20.9723,1.000000,1,0
111,2,914.8351,518.6384,65.5988,31.6193,1.000000,1,0
111,3,578.3519,484.2679,491.8078,69.9144,1.000000,0,1
111,4,1061.9280,520.6502,79.3878,28.0009,1.000000,0,1
112,1,734.0082,518.4705,147.4633,20.9667,1.000000,1,0
112,2,913.0962,518.6150,65.4841,31.6059,1.000000,1,0
112,3,578.1012,484.2854,491.7374,69.9088,1.000000,0,1
112,4,1060.2400,520.6183,79.2715,27.9903,1.000000,0,1
113,1,732.8302,518.4847,147.3239,20.9610,1.000000,1,0
113,2,911.3586,518.5902,65.3695,31.5923,1.000000,1,0
113,3,577.8510,484.3051,491.6666,69.9032,1.000000,0,1
113,4,1058.5470,520.5768,79.1544,27.9789,1.000000,0,1
114,1,731.6381,518.4968,147.1981,20.9551,1.000000,1,0
114,2,909.6229,518.5660,65.2551,31.5787,1.000000,1,0
114,3,577.6015,484.3269,491.5955,69.8976,1.000000,0,1
114,4,1056.8520,520.5289,79.0364,27.9668,1.000000,0,1
115,1,730.4169,518.5054,147.1008,20.9488,1.000000,1,0
115,2,907.8900,518.5443,65.1409,31.5653,1.000000,1,0
115,3,577.3531,484.3504,491.5243,69.8921,1.000000,0,1
115,4,1055.1560,520.4772,78.9180,27.9544,1.000000,0,1
116,1,729.1959,518.5118,147.0028,20.9423,1.000000,1,0
116,2,906.1579,518.5206,65.0267,31.5517,1.000000,1,0
116,3,577.1052,484.3761,491.4529,69.8865,1.000000,0,1
116,4,1053.4580,520.4174,78.7991,27.9414,1.000000,0,1
117,1,727.9749,518.5154,146.9045,20.9355,1.000000,1,0
117,2,904.4274,518.4968,64.9124,31.5382,1.000000,1,0
117,3,576.8579,484.4036,491.3809,69.8809,1.000000,0,1
117,4,1051.7600,520.3542,78.6798,27.9281,1.000000,0,1
118,1,726.7541,518.5157,146.8056,20.9284,1.000000,1,0
118,2,902.6987,518.4745,64.7986,31.5248,1.000000,1,0
118,3,576.6114,484.4326,491.3091,69.8754,1.000000,0,1
118,4,1050.0640,520.2912,78.5606,27.9147,1.000000,0,1
119,1,725.5337,518.5153,146.7068,20.9212,1.000000,1,0
119,2,900.9705,518.4509,64.6848,31.5112,1.000000,1,0
119,3,576.3655,484.4636,491.2363,69.8697,1.000000,0,1
119,4,1048.3680,520.2244,78.4412,27.9010,1.000000,0,1
120,1,724.3134,518.5137,146.6076,20.9138,1.000000,1,0
120,2,899.2438,518.4277,64.5710,31.4975,1.000000,1,0
120,3,576.1201,484.4957,491.1633,69.8641,1.000000,0,1
120,4,1046.6730,520.1580,78.3217,27.8873,1.000000,0,1
121,1,723.0919,518.5106,146.5083,20.9063,1.000000,1,0
121,2,897.5189,518.4067,64.4575,31.4842,1.000000,1,0
121,3,575.8753,484.5290,491.0900,69.8584,1.000000,0,1
121,4,1044.9810,520.0956,78.2019,27.8737,1.000000,0,1
122,1,721.8682,518.5094,146.4087,20.8990,1.000000,1,0
122,2,895.7946,518.3845,64.3439,31.4706,1.000000,1,0
122,3,575.6310,484.5635,491.0167,69.8527,1.000000,0,1
122,4,1043.2880,520.0327,78.0823,27.8600,1.000000,0,1
123,1,720.6437,518.5087,146.3090,20.8916,1.000000,1,0
123,2,894.0714,518.3629,64.2306,31.4571,1.000000,1,0
123,3,575.3871,484.5989,490.9429,69.8470,1.000000,0,1
123,4,1041.5960,519.9717,77.9622,27.8462,1.000000,0,1
124,1,719.4186,518.5073,146.2092,20.8842,1.000000,1,0
124,2,892.3495,518.3436,64.1175,31.4438,1.000000,1,0
124,3,575.1439,484.6347,490.8682,69.8412,1.000000,0,1
124,4,1039.9050,519.9149,77.8420,27.8326,1.000000,0,1
125,1,718.1938,518.5085,146.1095,20.8770,1.000000,1,0
125,2,890.6272,518.3237,64.0043,31.4304,1.000000,1,0
125,3,574.9005,484.6718,490.7938,69.8355,1.000000,0,1
125,4,1038.2130,519.8571,77.7211,27.8188,1.000000,0,1
126,1,716.9691,518.5095,146.0099,20.8698,1.000000,1,0
126,2,888.9056,518.3046,63.8911,31.4171,1.000000,1,0
126,3,574.6575,484.7091,490.7186,69.8295,1.000000,0,1
126,4,1036.5190,519.7997,77.5999,27.8048,1.000000,0,1
127,1,715.7443,518.5078,145.9102,20.8624,1.000000,1,0
127,2,887.1856,518.2875,63.7785,31.4040,1.000000,1,0
127,3,574.4150,484.7458,490.6428,69.8236,1.000000,0,1
127,4,1034.8260,519.7448,77.4780,27.7907,1.000000,0,1
128,1,714.5194,518.5056,145.8104,20.8548,1.000000,1,0
128,2,885.4659,518.2711,63.6658,31.3908,1.000000,1,0
128,3,574.1725,484.7828,490.5665,69.8176,1.000000,0,1
128,4,1033.1310,519.6873,77.3555,27.7762,1.000000,0.125,0.875
129,1,713.2944,518.5007,145.7107,20.8471,1.000000,1,0
129,2,883.7473,518.2565,63.5534,31.3779,1.000000,1,0
129,3,573.9299,484.8194,490.4901,69.8114,1.000000,0,1
129,4,1031.4360,519.6288,77.2332,27.7616,1.000000,0.0625,0.9375
130,1,712.0691,518.4910,145.6111,20.8391,1.000000,1,0
130,2,882.0299,518.2446,63.4415,31.3651,1.000000,1,0
130,3,573.6874,484.8548,490.4127,69.8052,1.000000,0,1
130,4,1029.7430,519.5708,77.1100,27.7468,1.000000,0,1
131,1,710.8442,518.4783,145.5115,20.8308,1.000000,1,0
131,2,880.3120,518.2340,63.3297,31.3526,1.000000,1,0
131,3,573.4451,484.8895,490.3347,69.7988,1.000000,0,1
131,4,1028.0480,519.5099,76.9866,27.7317,1.000000,0.125,0.875
132,1,709.6198,518.4609,145.4119,20.8221,1.000000,1,0
132,2,878.5945,518.2257,63.2182,31.3403,1.000000,1,0
132,3,573.2030,484.9229,490.2559,69.7924,1.000000,0,1
132,4,1026.3540,519.4480,76.8630,27.7165,1.000000,0,1
133,1,708.3965,518.4372,145.3126,20.8131,1.000000,1,0
133,2,876.8780,518.2207,63.1072,31.3283,1.000000,1,0
133,3,572.9609,484.9542,490.1768,69.7858,1.000000,0,1
133,4,1024.6610,519.3871,76.7394,27.7013,1.000000,0,1
134,1,707.1746,518.4080,145.2133,20.8035,1.000000,1,0
134,2,875.1616,518.2181,62.9962,31.3164,1.000000,1,0
134,3,572.7192,484.9839,490.0967,69.7790,1.000000,0,1
134,4,1022.9670,519.3245,76.6156,27.6859,1.000000,0.125,0.875
135,1,705.9539,518.3728,145.1145,20.7935,1.000000,1,0
135,2,873.4458,518.2178,62.8854,31.3047,1.000000,1,0
135,3,572.4775,485.0117,490.0164,69.7721,1.000000,0,1
135,4,1021.2740,519.2614,76.4917,27.6704,1.000000,0.25,0.75
136,1,704.7348,518.3313,145.0165,20.7832,1.000000,1,0
136,2,871.7310,518.2196,62.7749,31.2932,1.000000,1,0
136,3,572.2362,485.0363,489.9355,69.7651,1.000000,0,1
136,4,1019.5830,519.1993,76.3679,27.6550,1.000000,0.125,0.875
137,1,703.5177,518.2838,144.9187,20.7724,1.000000,1,0
137,2,870.0153,518.2228,62.6643,31.2817,1.000000,1,0
137,3,571.9955,485.0587,489.8536,69.7578,1.000000,0,1
137,4,1017.8920,519.1357,76.2441,27.6393,1.000000,0.3125,0.6875
138,1,702.3023,518.2311,144.8217,20.7614,1.000000,1,0
138,2,868.2995,518.2274,62.5539,31.2704,1.000000,1,0
138,3,571.7554,485.0782,489.7708,69.7503,1.000000,0,1
138,4,1016.2010,519.0720,76.1204,27.6238,1.000000,0.3125,0.6875
139,1,701.0889,518.1740,144.7256,20.7500,1.000000,1,0
139,2,866.5844,518.2333,62.4436,31.2591,1.000000,1,0
139,3,571.5162,485.0940,489.6876,69.7426,1.000000,0,1
139,4,1014.5140,519.0094,75.9970,27.6083,1.000000,0.1875,0.8125
140,1,699.8774,518.1111,144.6300,20.7383,1.000000,1,0
140,2,864.8694,518.2399,62.3334,31.2479,1.000000,1,0
140,3,571.2780,485.1068,489.6041,69.7348,1.000000,0,1
140,4,1012.8270,518.9439,75.8740,27.5928,1.000000,0.125,0.875
141,1,698.6679,518.0444,144.5353,20.7265,1.000000,1,0
141,2,863.1558,518.2469,62.2234,31.2366,1.000000,1,0
141,3,571.0407,485.1160,489.5206,69.7270,1.000000,0,1
141,4,1011.1420,518.8774,75.7512,27.5771,1.000000,0.3125,0.6875
142,1,697.4598,517.9752,144.4418,20.7146,1.000000,1,0
142,2,861.4438,518.2543,62.1139,31.2256,1.000000,1,0
142,3,570.8040,485.1216,489.4376,69.7190,1.000000,0,1
142,4,1009.4590,518.8116,75.6288,27.5617,1.000000,0.1875,0.8125
143,1,696.2525,517.9015,144.3490,20.7024,1.000000,1,0
143,2,859.7333,518.2612,62.0044,31.2146,1.000000,1,0
143,3,570.5685,485.1231,489.3543,69.7109,1.000000,0,1
143,4,1007.7760,518.7433,75.5065,27.5461,1.000000,0.3125,0.6875
144,1,695.0463,517.8251,144.2573,20.6902,1.000000,1,0
144,2,858.0240,518.2681,61.8955,31.2037,1.000000,1,0
144,3,570.3337,485.1209,489.2710,69.7027,1.000000,0,1
144,4,1006.0960,518.6749,75.3846,27.5305,1.000000,0.5625,0.4375
145,1,693.8416,517.7479,144.1668,20.6782,1.000000,1,0
145,2,856.3165,518.2757,61.7871,31.1931,1.000000,1,0
145,3,570.0991,485.1149,489.1882,69.6944,1.000000,0,1
145,4,1004.4200,518.6082,75.2628,27.5151,1.000000,0.375,0.625
146,1,692.6389,517.6683,144.0770,20.6660,1.000000,1,0
146,2,854.6109,518.2851,61.6791,31.1827,1.000000,1,0
146,3,569.8652,485.1043,489.1064,69.6861,1.000000,0,1
146,4,1002.7460,518.5402,75.1417,27.4997,1.000000,0.3125,0.6875
147,1,691.4375,517.5874,143.9882,20.6538,1.000000,1,0
147,2,852.9070,518.2961,61.5715,31.1724,1.000000,1,0
147,3,569.6314,485.0894,489.0248,69.6778,1.000000,0,1
147,4,1001.0750,518.4730,75.0211,27.4843,1.000000,0.1875,0.8125
148,1,690.2368,517.5062,143.9008,20.6418,1.000000,1,0
148,2,851.2048,518.3088,61.4644,31.1625,1.000000,1,0
148,3,569.3976,485.0703,488.9437,69.6695,1.000000,0,1
148,4,999.4072,518.4091,74.9008,27.4694,1.000000,0.5625,0.4375
149,1,689.0371,517.4228,143.8135,20.6297,1.000000,1,0
149,2,849.5041,518.3238,61.3574,31.1526,1.000000,1,0
149,3,569.1638,485.0471,488.8636,69.6611,1.000000,0,1
149,4,997.7411,518.3466,74.7809,27.4545,1.000000,0.5625,0.4375
150,1,687.8378,517.3386,143.7273,20.6176,1.000000,1,0
150,2,847.8040,518.3397,61.2509,31.1430,1.000000,1,0
150,3,568.9295,485.0200,488.7844,69.6527,1.000000,0,1
150,4,996.0776,518.2868,74.6612,27.4398,1.000000,0.3125,0.6875
151,1,686.6387,517.2548,143.6420,20.6057,1.000000,1,0
151,2,846.1041,518.3558,61.1444,31.1334,1.000000,1,0
151,3,568.6949,484.9886,488.7050,69.6443,1.000000,0,1
151,4,994.4167,518.2312,74.5421,27.4254,1.000000,0.6875,0.3125
152,1,685.4397,517.1702,143.5569,20.5938,1.000000,1,0
152,2,844.4042,518.3732,61.0380,31.1238,1.000000,1,0
152,3,568.4603,484.9531,488.6269,69.6359,1.000000,0,1
152,4,992.7567,518.1780,74.4234,27.4112,1.000000,0.5,0.5
153,1,684.2408,517.0861,143.4726,20.5820,1.000000,1,0
153,2,842.7046,518.3903,60.9316,31.1142,1.000000,1,0
153,3,568.2252,484.9139,488.5499,69.6276,1.000000,0,1
153,4,991.0980,518.1274,74.3051,27.3973,1.000000,0.4375,0.5625
154,1,683.0419,517.0037,143.3890,20.5704,1.000000,1,0
154,2,841.0057,518.4055,60.8254,31.1047,1.000000,1,0
154,3,567.9897,484.8713,488.4740,69.6194,1.000000,0,1
154,4,989.4410,518.0797,74.1869,27.3836,1.000000,0.5625,0.4375
155,1,681.8440,516.9216,143.3058,20.5590,1.000000,1,0
155,2,839.3076,518.4186,60.7196,31.0951,1.000000,1,0
155,3,567.7542,484.8246,488.3992,69.6112,1.000000,0,1
155,4,987.7843,518.0340,74.0692,27.3700,1.000000,0.625,0.375
156,1,680.6465,516.8411,143.2232,20.5477,1.000000,1,0
156,2,837.6107,518.4297,60.6138,31.0853,1.000000,1,0
156,3,567.5184,484.7750,488.3259,69.6031,1.000000,0,1
156,4,986.1284,517.9899,73.9520,27.3567,1.000000,0.8125,0.1875
157,1,679.4492,516.7635,143.1414,20.5368,1.000000,1,0
157,2,835.9158,518.4385,60.5083,31.0756,1.000000,1,0
157,3,567.2822,484.7232,488.2538,69.5952,1.000000,0,1
157,4,984.4738,517.9475,73.8350,27.3436,1.000000,0.4375,0.5625
158,1,678.2524,516.6869,143.0601,20.5261,1.000000,1,0
158,2,834.2235,518.4451,60.4035,31.0659,1.000000,1,0
158,3,567.0460,484.6680,488.1833,69.5874,1.000000,0,1
158,4,982.8206,517.9064,73.7184,27.3306,1.000000,0.375,0.625
159,1,677.0559,516.6127,142.9794,20.5155,1.000000,1,0
159,2,832.5339,518.4507,60.2990,31.0563,1.000000,1,0
159,3,566.8098,484.6098,488.1143,69.5797,1.000000,0,1
159,4,981.1695,517.8658,73.6024,27.3177,1.000000,0.625,0.375
160,1,675.8591,516.5420,142.8994,20.5053,1.000000,1,0
160,2,830.8468,518.4563,60.1952,31.0468,1.000000,1,0
160,3,566.5731,484.5494,488.0467,69.5722,1.000000,0,1
160,4,979.5204,517.8254,73.4867,27.3050,1.000000,0.6875,0.3125
161,1,674.6625,516.4719,142.8193,20.4953,1.000000,1,0
161,2,829.1624,518.4624,60.0915,31.0375,1.000000,1,0
161,3,566.3364,484.4860,487.9811,69.5649,1.000000,0,1
161,4,977.8722,517.7849,73.3717,27.2925,1.000000,0.6875,0.3125
162,1,673.4661,516.3998,142.7399,20.4897,1.000000,1,0
162,2,827.4802,518.4696,59.9881,31.0282,1.000000,1,0
162,3,566.0996,484.4207,487.9175,69.5578,1.000000,0,1
162,4,976.2255,517.7449,73.2572,27.2801,1.000000,0.9375,0.0625
163,1,672.2700,516.3322,142.6613,20.4846,1.000000,1,0
163,2,825.8001,518.4786,59.8850,31.0191,1.000000,1,0
163,3,565.8625,484.3541,487.8555,69.5509,1.000000,0,1
163,4,974.5804,517.7069,73.1431,27.2679,1.000000,0.75,0.25
164,1,671.0761,516.2655,142.5829,20.4796,1.000000,1,0
164,2,824.1215,518.4893,59.7819,31.0100,1.000000,1,0
164,3,565.6258,484.2849,487.7955,69.5443,1.000000,0,1
164,4,972.9367,517.6717,73.0299,27.2561,1.000000,0.75,0.25
165,1,669.8837,516.2012,142.5054,20.4747,1.000000,1,0
165,2,822.4440,518.5014,59.6789,31.0010,1.000000,1,0
165,3,565.3890,484.2142,487.7377,69.5379,1.000000,0,1
165,4,971.2953,517.6393,72.9171,27.2445,1.000000,0.875,0.125
166,1,668.6926,516.1401,142.4285,20.4698,1.000000,1,0
166,2,820.7672,518.5136,59.5758,30.9919,1.000000,1,0
166,3,565.1520,484.1425,487.6823,69.5318,1.000000,0,1
166,4,969.6573,517.6096,72.8049,27.2333,1.000000,0.75,0.25
167,1,667.5031,516.0789,142.3517,20.4650,1.000000,1,0
167,2,819.0901,518.5239,59.4725,30.9825,1.000000,1,0
167,3,564.9152,484.0682,487.6295,69.5260,1.000000,0,1
167,4,968.0226,517.5850,72.6940,27.2228,1.000000,0.8125,0.1875
168,1,666.3146,516.0198,142.2759,20.4604,1.000000,1,0
168,2,817.4130,518.5320,59.3687,30.9730,1.000000,1,0
168,3,564.6782,483.9924,487.5795,69.5206,1.000000,0,1
168,4,966.3903,517.5643,72.5836,27.2125,1.000000,0.9375,0.0625
169,1,665.1270,515.9650,142.2012,20.4559,1.000000,1,0
169,2,815.7360,518.5371,59.2650,30.9631,1.000000,1,0
169,3,564.4406,483.9163,487.5328,69.5157,1.000000,0,1
169,4,964.7600,517.5480,72.4736,27.2026,1.000000,0.9375,0.0625
170,1,663.9403,515.9111,142.1267,20.4515,1.000000,1,0
170,2,814.0598,518.5384,59.1611,30.9529,1.000000,1,0
170,3,564.2029,483.8391,487.4896,69.5111,1.000000,0,1
170,4,963.1316,517.5386,72.3645,27.1933,1.000000,0.875,0.125
171,1,662.7545,515.8601,142.0528,20.4471,1.000000,1,0
171,2,812.3848,518.5368,59.0574,30.9425,1.000000,1,0
171,3,563.9653,483.7612,487.4488,69.5070,1.000000,0,1
171,4,961.5048,517.5341,72.2559,27.1844,1.000000,1,0
172,1,661.5695,515.8142,141.9802,20.4430,1.000000,1,0
172,2,810.7115,518.5334,58.9537,30.9321,1.000000,1,0
172,3,563.7271,483.6833,487.4114,69.5034,1.000000,0,1
172,4,959.8792,517.5327,72.1475,27.1757,1.000000,1,0
173,1,660.3867,515.7701,141.9081,20.4390,1.000000,1,0
173,2,809.0394,518.5276,58.8501,30.9215,1.000000,1,0
173,3,563.4890,483.6052,487.3772,69.5002,1.000000,0,1
173,4,958.2551,517.5375,72.0397,27.1675,1.000000,1,0
174,1,659.2066,515.7302,141.8368,20.4350,1.000000,1,0
174,2,807.3688,518.5209,58.7466,30.9108,1.000000,1,0
174,3,563.2506,483.5273,487.3461,69.4974,1.000000,0,1
174,4,956.6315,517.5458,71.9323,27.1596,1.000000,0.9375,0.0625
175,1,658.0291,515.6975,141.7667,20.4313,1.000000,1,0
175,2,805.7000,518.5146,58.6433,30.9002,1.000000,1,0
175,3,563.0115,483.4504,487.3178,69.4951,1.000000,0,1
175,4,955.0077,517.5552,71.8246,27.1517,1.000000,0.9375,0.0625
176,1,656.8538,515.6669,141.6975,20.4277,1.000000,1,0
176,2,804.0321,518.5088,58.5400,30.8896,1.000000,1,0
176,3,562.7725,483.3745,487.2924,69.4931,1.000000,0,1
176,4,953.3843,517.5698,71.7173,27.1441,1.000000,1,0
177,1,655.6802,515.6411,141.6288,20.4242,1.000000,1,0
177,2,802.3656,518.5046,58.4369,30.8791,1.000000,1,0
177,3,562.5331,483.2999,487.2692,69.4917,1.000000,0,1
177,4,951.7603,517.5863,71.6104,27.1367,1.000000,0.8125,0.1875
178,1,654.5075,515.6235,141.5616,20.4211,1.000000,1,0
178,2,800.7002,518.5032,58.3339,30.8688,1.000000,1,0
178,3,562.2926,483.2278,487.2498,69.4908,1.000000,0,1
178,4,950.1354,517.6018,71.5028,27.1291,1.000000,1,0
179,1,653.3361,515.6104,141.4948,20.4179,1.000000,1,0
179,2,799.0353,518.5035,58.2309,30.8584,1.000000,1,0
179,3,562.0525,483.1578,487.2317,69.4901,1.000000,0,1
179,4,948.5115,517.6205,71.3956,27.1217,1.000000,0.9375,0.0625
180,1,652.1656,515.6038,141.4288,20.4150,1.000000,1,0
180,2,797.3710,518.5056,58.1278,30.8480,1.000000,1,0
180,3,561.8118,483.0903,487.2156,69.4898,1.000000,0,1
180,4,946.8881,517.6385,71.2885,27.1143,1.000000,1,0
181,1,650.9956,515.6064,141.3639,20.4122,1.000000,1,0
181,2,795.7069,518.5092,58.0242,30.8375,1.000000,1,0
181,3,561.5705,483.0265,487.2010,69.4898,1.000000,0,1
181,4,945.2649,517.6532,71.1811,27.1066,1.000000,1,0
182,1,649.8261,515.6154,141.2994,20.4096,1.000000,1,0
182,2,794.0425,518.5130,57.9205,30.8268,1.000000,1,0
182,3,561.3292,482.9658,487.1874,69.4901,1.000000,0,1
182,4,943.6421,517.6688,71.0741,27.0991,1.000000,1,0
183,1,648.6573,515.6321,141.2356,20.4071,1.000000,1,0
183,2,792.3785,518.5167,57.8165,30.8160,1.000000,1,0
183,3,561.0873,482.9086,487.1746,69.4905,1.000000,0,1
183,4,942.0199,517.6827,70.9669,27.0914,1.000000,1,0
184,1,647.4895,515.6582,141.1724,20.4047,1.000000,1,0
184,2,790.7152,518.5192,57.7122,30.8049,1.000000,1,0
184,3,560.8446,482.8558,487.1631,69.4913,1.000000,0,1
184,4,940.3977,517.6935,70.8597,27.0835,1.000000,1,0
185,1,646.3225,515.6913,141.1097,20.4025,1.000000,1,0
185,2,789.0521,518.5194,57.6080,30.7936,1.000000,1,0
185,3,560.6017,482.8068,487.1519,69.4922,1.000000,0,1
185,4,938.7769,517.7059,70.7528,27.0757,1.000000,1,0
186,1,645.1558,515.7317,141.0477,20.4005,1.000000,1,0
186,2,787.3900,518.5179,57.5034,30.7821,1.000000,1,0
186,3,560.3585,482.7621,487.1412,69.4933,1.000000,0,1
186,4,937.1577,517.7174,70.6459,27.0678,1.000000,1,0
187,1,643.9891,515.7798,140.9862,20.3986,1.000000,1,0
187,2,785.7291,518.5147,57.3989,30.7704,1.000000,1,0
187,3,560.1147,482.7227,487.1313,69.4947,1.000000,0,1
187,4,935.5403,517.7258,70.5389,27.0597,1.000000,1,0
188,1,642.8222,515.8332,140.9250,20.3967,1.000000,1,0
188,2,784.0695,518.5093,57.2942,30.7585,1.000000,1,0
188,3,559.8701,482.6879,487.1221,69.4963,1.000000,0,1
188,4,933.9258,517.7357,70.4326,27.0517,1.000000,1,0
189,1,641.6548,515.8912,140.8638,20.3949,1.000000,1,0
189,2,782.4114,518.5024,57.1897,30.7465,1.000000,1,0
189,3,559.6250,482.6575,487.1132,69.4981,1.000000,0,1
189,4,932.3135,517.7450,70.3263,27.0439,1.000000,1,0
190,1,640.4868,515.9535,140.8026,20.3931,1.000000,1,0
190,2,780.7556,518.4948,57.0855,30.7345,1.000000,1,0
190,3,559.3790,482.6318,487.1052,69.5002,1.000000,0,1
190,4,930.7023,517.7520,70.2200,27.0358,1.000000,1,0
191,1,639.3130,516.0186,140.7462,20.3914,1.000000,1,0
191,2,779.1015,518.4859,56.9816,30.7225,1.000000,1,0
191,3,559.1325,482.6100,487.0980,69.5024,1.000000,0,1
191,4,929.0934,517.7607,70.1143,27.0278,1.000000,1,0
192,1,638.1351,516.0860,140.6933,20.3896,1.000000,1,0
192,2,777.4493,518.4760,56.8782,30.7107,1.000000,1,0
192,3,558.8855,482.5921,487.0909,69.5049,1.000000,0,1
192,4,927.4863,517.7696,70.0087,27.0199,1.000000,1,0
193,1,636.9574,516.1551,140.6403,20.3877,1.000000,1,0
193,2,775.7991,518.4651,56.7748,30.6988,1.000000,1,0
193,3,558.6376,482.5787,487.0848,69.5075,1.000000,0,1
193,4,925.8807,517.7777,69.9031,27.0120,1.000000,1,0
194,1,635.7816,516.2253,140.5871,20.3859,1.000000,1,0
194,2,774.1501,518.4520,56.6718,30.6869,1.000000,1,0
194,3,558.3893,482.5693,487.0789,69.5103,1.000000,0,1
194,4,924.2772,517.7885,69.7980,27.0044,1.000000,1,0
195,1,634.6068,516.2965,140.5336,20.3840,1.000000,1,0
195,2,772.5025,518.4376,56.5690,30.6749,1.000000,1,0
195,3,558.1404,482.5635,487.0737,69.5133,1.000000,0,1
195,4,922.6752,517.8002,69.6931,26.9968,1.000000,1,0
196,1,633.4327,516.3680,140.4797,20.3821,1.000000,1,0
196,2,770.8569,518.4224,56.4665,30.6630,1.000000,1,0
196,3,557.8910,482.5611,487.0690,69.5166,1.000000,0,1
196,4,921.0742,517.8107,69.5885,26.9891,1.000000,1,0
197,1,632.2587,516.4396,140.4255,20.3801,1.000000,1,0
197,2,769.2127,518.4051,56.3644,30.6512,1.000000,1,0
197,3,557.6411,482.5617,487.0647,69.5199,1.000000,0,1
197,4,919.4750,517.8226,69.4841,26.9816,1.000000,1,0
198,1,631.0851,516.5090,140.3707,20.3809,1.000000,1,0
198,2,767.5703,518.3868,56.2627,30.6394,1.000000,1,0
198,3,557.3907,482.5649,487.0607,69.5234,1.000000,0,1
198,4,917.8768,517.8339,69.3798,26.9741,1.000000,1,0
199,1,629.9125,516.5779,140.3151,20.3834,1.000000,1,0
199,2,765.9302,518.3687,56.1610,30.6276,1.000000,1,0
199,3,557.1400,482.5705,487.0574,69.5270,1.000000,0,1
199,4,916.2795,517.8425,69.2758,26.9664,1.000000,1,0
200,1,628.7407,516.6482,140.2587,20.3859,1.000000,1,0
200,2,764.2919,518.3497,56.0596,30.6158,1.000000,1,0
200,3,556.8887,482.5785,487.0544,69.5308,1.000000,0,1
200,4,914.6838,517.8503,69.1716,26.9587,1.000000,1,0
201,1,627.5695,516.7192,140.2019,20.3884,1.000000,1,0
201,2,762.6558,518.3309,55.9583,30.6039,1.000000,1,0
201,3,556.6372,482.5884,487.0510,69.5345,1.000000,0,1
201,4,913.0892,517.8557,69.0679,26.9509,1.000000,1,0
202,1,626.3988,516.7902,140.1444,20.3907,1.000000,1,0
202,2,761.0220,518.3132,55.8570,30.5921,1.000000,1,0
202,3,556.3856,482.5997,487.0470,69.5382,1.000000,0,1
202,4,911.4954,517.8574,68.9641,26.9429,1.000000,1,0
203,1,625.2283,516.8622,140.0864,20.3931,1.000000,1,0
203,2,759.3903,518.2968,55.7559,30.5803,1.000000,1,0
203,3,556.1334,482.6128,487.0435,69.5420,1.000000,0,1
203,4,909.9031,517.8567,68.8604,26.9347,1.000000,1,0
204,1,624.0576,516.9349,140.0278,20.3954,1.000000,1,0
204,2,757.7604,518.2819,55.6551,30.5686,1.000000,1,0
204,3,555.8808,482.6275,487.0396,69.5459,1.000000,0,1
204,4,908.3120,517.8530,68.7568,26.9264,1.000000,1,0
205,1,622.8868,517.0077,139.9684,20.3976,1.000000,1,0
205,2,756.1325,518.2692,55.5540,30.5568,1.000000,1,0
205,3,555.6274,482.6433,487.0352,69.5496,1.000000,0,1
205,4,906.7219,517.8457,68.6533,26.9179,1.000000,1,0
206,1,621.7155,517.0826,139.9084,20.4000,1.000000,1,0
206,2,754.5065,518.2589,55.4529,30.5451,1.000000,1,0
206,3,555.3731,482.6594,487.0297,69.5533,1.000000,0,1
206,4,905.1334,517.8357,68.5496,26.9092,1.000000,1,0
207,1,620.5438,517.1589,139.8476,20.4022,1.000000,1,0
207,2,752.8821,518.2505,55.3517,30.5334,1.000000,1,0
207,3,555.1179,482.6761,487.0233,69.5569,1.000000,0,1
207,4,903.5458,517.8230,68.4462,26.9003,1.000000,1,0
208,1,619.3717,517.2357,139.7861,20.4044,1.000000,1,0
208,2,751.2591,518.2435,55.2504,30.5216,1.000000,1,0
208,3,554.8617,482.6937,487.0165,69.5604,1.000000,0,1
208,4,901.9592,517.8083,68.3426,26.8913,1.000000,1,0
209,1,618.1991,517.3141,139.7238,20.4066,1.000000,1,0
209,2,749.6362,518.2382,55.1491,30.5097,1.000000,1,0
209,3,554.6042,482.7114,487.0076,69.5636,1.000000,0,1
209,4,900.3729,517.7927,68.2388,26.8821,1.000000,1,0
210,1,617.0261,517.3932,139.6606,20.4088,1.000000,1,0
210,2,748.0134,518.2334,55.0477,30.4979,1.000000,1,0
210,3,554.3458,482.7297,486.9974,69.5668,1.000000,0,1
210,4,898.7871,517.7766,68.1350,26.8728,1.000000,1,0
211,1,615.8528,517.4714,139.5969,20.4108,1.000000,1,0
211,2,746.3909,518.2280,54.9462,30.4859,1.000000,1,0
211,3,554.0869,482.7490,486.9855,69.5697,1.000000,0,1
211,4,897.2018,517.7607,68.0313,26.8635,1.000000,1,0
212,1,614.6801,517.5499,139.5325,20.4127,1.000000,1,0
212,2,744.7684,518.2225,54.8446,30.4739,1.000000,1,0
212,3,553.8273,482.7688,486.9718,69.5723,1.000000,0,1
212,4,895.6168,517.7446,67.9271,26.8541,1.000000,1,0
213,1,613.5082,517.6270,139.4677,20.4144,1.000000,1,0
213,2,743.1463,518.2163,54.7430,30.4617,1.000000,1,0
213,3,553.5679,482.7893,486.9559,69.5747,1.000000,0,1
213,4,894.0321,517.7285,67.8228,26.8445,1.000000,1,0
214,1,612.3368,517.7008,139.4022,20.4157,1.000000,1,0
214,2,741.5250,518.2086,54.6413,30.4493,1.000000,1,0
214,3,553.3085,482.8105,486.9382,69.5768,1.000000,0,1
214,4,892.4476,517.7117,67.7184,26.8349,1.000000,1,0
215,1,611.1653,517.7723,139.3361,20.4169,1.000000,1,0
215,2,739.9047,518.1990,54.5399,30.4370,1.000000,1,0
215,3,553.0487,482.8320,486.9185,69.5787,1.000000,0,1
215,4,890.8631,517.6937,67.6138,26.8251,1.000000,1,0
216,1,609.9944,517.8408,139.2694,20.4176,1.000000,1,0
216,2,738.2856,518.1871,54.4386,30.4245,1.000000,1,0
216,3,552.7888,482.8540,486.8969,69.5803,1.000000,0,1
216,4,889.2787,517.6747,67.5092,26.8152,1.000000,1,0
217,1,608.8243,517.9053,139.2017,20.4179,1.000000,1,0
217,2,736.6675,518.1729,54.3373,30.4120,1.000000,1,0
217,3,552.5294,482.8759,486.8732,69.5816,1.000000,0,1
217,4,887.6948,517.6548,67.4046,26.8052,1.000000,1,0
218,1,607.6549,517.9676,139.1334,20.4180,1.000000,1,0
218,2,735.0496,518.1557,54.2365,30.3994,1.000000,1,0
218,3,552.2694,482.8975,486.8473,69.5826,1.000000,0,1
218,4,886.1115,517.6332,67.3001,26.7952,1.000000,1,0
219,1,606.4866,518.0271,139.0648,20.4178,1.000000,1,0
219,2,733.4324,518.1365,54.1359,30.3868,1.000000,1,0
219,3,552.0096,482.9189,486.8192,69.5833,1.000000,0,1
219,4,884.5291,517.6108,67.1958,26.7851,1.000000,1,0
220,1,605.3195,518.0829,138.9955,20.4172,1.000000,1,0
220,2,731.8109,518.1157,54.0412,30.3743,1.000000,1,0
220,3,551.7501,482.9396,486.7892,69.5836,1.000000,0,1
220,4,882.9481,517.5884,67.0921,26.7753,1.000000,1,0
221,1,604.1530,518.1373,138.9259,20.4164,1.000000,1,0
221,2,730.1547,518.0933,53.9832,30.3620,1.000000,1,0
221,3,551.4901,482.9595,486.7571,69.5837,1.000000,0,1
221,4,881.3685,517.5648,66.9887,26.7654,1.000000,1,0
222,1,602.9868,518.1897,138.8560,20.4155,1.000000,1,0
222,2,728.5002,518.0702,53.9258,30.3500,1.000000,1,0
222,3,551.2301,482.9783,486.7230,69.5835,1.000000,0,1
222,4,879.7906,517.5408,66.8857,26.7557,1.000000,1,0
223,1,601.8207,518.2397,138.7855,20.4142,1.000000,1,0
223,2,726.8473,518.0472,53.8691,30.3384,1.000000,1,0
223,3,550.9705,482.9958,486.6874,69.5829,1.000000,0,1
223,4,878.2147,517.5177,66.7836,26.7463,1.000000,1,0
224,1,600.6550,518.2898,138.7146,20.4130,1.000000,1,0
224,2,725.1956,518.0255,53.8130,30.3271,1.000000,1,0
224,3,550.7104,483.0120,486.6492,69.5820,1.000000,0,1
224,4,876.6407,517.4949,66.6820,26.7370,1.000000,1,0
225,1,599.4897,518.3389,138.6435,20.4116,1.000000,1,0
225,2,723.5449,518.0058,53.7576,30.3163,1.000000,1,0
225,3,550.4504,483.0269,486.6097,69.5808,1.000000,0,1
225,4,875.0684,517.4731,66.5811,26.7279,1.000000,1,0
226,1,598.3251,518.3861,138.5718,20.4099,1.000000,1,0
226,2,721.8959,517.9893,53.7028,30.3059,1.000000,1,0
226,3,550.1907,483.0401,486.5685,69.5794,1.000000,0,1
226,4,873.4976,517.4528,66.4804,26.7192,1.000000,1,0
227,1,597.1604,518.4342,138.5001,20.4084,1.000000,1,0
227,2,720.2477,517.9772,53.6485,30.2961,1.000000,1,0
227,3,549.9304,483.0510,486.5259,69.5777,1.000000,0,1
227,4,871.9285,517.4327,66.3803,26.7105,1.000000,1,0
228,1,595.9958,518.4814,138.4283,20.4066,1.000000,1,0
228,2,718.5999,517.9688,53.5949,30.2868,1.000000,1,0
228,3,549.6701,483.0604,486.4820,69.5758,1.000000,0,1
228,4,870.3612,517.4138,66.2803,26.7019,1.000000,1,0
229,1,594.8318,518.5255,138.3558,20.4046,1.000000,1,0
229,2,716.9526,517.9635,53.5416,30.2778,1.000000,1,0
229,3,549.4103,483.0685,486.4367,69.5737,1.000000,0,1
229,4,868.7953,517.3967,66.1810,26.6936,1.000000,1,0
230,1,593.6673,518.5697,138.2862,20.4026,1.000000,1,0
230,2,715.3054,517.9633,53.4887,30.2692,1.000000,1,0
230,3,549.1498,483.0750,486.3907,69.5714,1.000000,0,1
230,4,867.2310,517.3799,66.0820,26.6853,1.000000,1,0
231,1,592.5023,518.6121,138.2573,20.4004,1.000000,1,0
231,2,713.6576,517.9658,53.4360,30.2610,1.000000,1,0
231,3,548.8896,483.0802,486.3433,69.5689,1.000000,0,1
231,4,865.6682,517.3640,65.9833,26.6772,1.000000,1,0
232,1,591.3368,518.6503,138.2281,20.3979,1.000000,1,0
232,2,712.0090,517.9695,53.3834,30.2528,1.000000,1,0
232,3,548.6298,483.0842,486.2952,69.5662,1.000000,0,1
232,4,864.1068,517.3491,65.8850,26.6693,1.000000,1,0
233,1,590.1708,518.6881,138.1989,20.3953,1.000000,1,0
233,2,710.3595,517.9760,53.3310,30.2448,1.000000,1,0
233,3,548.3692,483.0869,486.2473,69.5635,1.000000,0,1
233,4,862.5467,517.3337,65.7869,26.6614,1.000000,1,0
234,1,589.0050,518.7236,138.1692,20.3925,1.000000,1,0
234,2,708.7094,517.9829,53.2784,30.2368,1.000000,1,0
234,3,548.1086,483.0889,486.1987,69.5608,1.000000,0,1
234,4,860.9879,517.3187,65.6892,26.6536,1.000000,1,0
235,1,587.8397,518.7551,138.1392,20.3893,1.000000,1,0
235,2,707.0582,517.9880,53.2257,30.2287,1.000000,1,0
235,3,547.8481,483.0903,486.1503,69.5580,1.000000,0,1
235,4,859.4308,517.3050,65.5918,26.6460,1.000000,1,0
236,1,586.6746,518.7838,138.1089,20.3858,1.000000,1,0
236,2,705.4065,517.9928,53.1731,30.2205,1.000000,1,0
236,3,547.5872,483.0916,486.1011,69.5551,1.000000,0,1
236,4,857.8754,517.2914,65.4948,26.6385,1.000000,1,0
237,1,585.5099,518.8082,138.0782,20.3820,1.000000,1,0
237,2,703.7542,517.9957,53.1204,30.2122,1.000000,1,0
237,3,547.3259,483.0928,486.0519,69.5523,1.000000,0,1
237,4,856.3219,517.2793,65.3982,26.6311,1.000000,1,0
238,1,584.3457,518.8276,138.0474,20.3777,1.000000,1,0
238,2,702.1011,517.9955,53.0676,30.2037,1.000000,1,0
238,3,547.0648,483.0942,486.0036,69.5495,1.000000,0,1
238,4,854.7702,517.2701,65.3021,26.6241,1.000000,1,0
239,1,583.1815,518.8455,138.0168,20.3734,1.000000,1,0
239,2,700.4479,517.9950,53.0151,30.1953,1.000000,1,0
239,3,546.8030,483.0961,485.9551,69.5467,1.000000,0,1
239,4,853.2205,517.2622,65.2065,26.6172,1.000000,1,0
240,1,582.0171,518.8604,137.9863,20.3689,1.000000,1,0
240,2,698.7948,517.9929,52.9625,30.1868,1.000000,1,0
240,3,546.5411,483.0989,485.9069,69.5440,1.000000,0,1
240,4,851.6727,517.2566,65.1110,26.6105,1.000000,1,0
241,1,580.8520,518.8711,137.9561,20.3641,1.000000,1,0
241,2,697.1425,517.9885,52.9100,30.1782,1.000000,1,0
241,3,546.2792,483.1029,485.8588,69.5414,1.000000,0,1
241,4,850.1261,517.2541,65.0160,26.6041,1.000000,1,0
242,1,579.6854,518.8804,137.9262,20.3593,1.000000,1,0
242,2,695.4914,517.9844,52.8577,30.1697,1.000000,1,0
242,3,546.0153,483.1084,485.8111,69.5389,1.000000,0,1
242,4,848.5814,517.2542,64.9213,26.5979,1.000000,1,0
243,1,578.5183,518.8875,137.8965,20.3543,1.000000,1,0
243,2,693.8416,517.9795,52.8055,30.1613,1.000000,1,0
243,3,545.7504,483.1151,485.7642,69.5366,1.000000,0,1
243,4,847.0382,517.2569,64.8269,26.5919,1.000000,1,0
244,1,577.3514,518.8907,137.8671,20.3490,1.000000,1,0
244,2,692.1927,517.9732,52.7537,30.1529,1.000000,1,0
244,3,545.4850,483.1224,485.7169,69.5342,1.000000,0,1
244,4,845.4967,517.2626,64.7330,26.5862,1.000000,1,0
245,1,576.1841,518.8923,137.8381,20.3438,1.000000,1,0
245,2,690.5455,517.9680,52.7022,30.1447,1.000000,1,0
245,3,545.2183,483.1315,485.6702,69.5320,1.000000,0,1
245,4,843.9575,517.2719,64.6396,26.5809,1.000000,1,0
246,1,575.0165,518.8912,137.8097,20.3384,1.000000,1,0
246,2,688.8995,517.9634,52.6509,30.1367,1.000000,1,0
246,3,544.9510,483.1421,485.6237,69.5297,1.000000,0,1
246,4,842.4197,517.2844,64.5465,26.5758,1.000000,1,0
247,1,573.8494,518.8855,137.7813,20.3326,1.000000,1,0
247,2,687.2543,517.9594,52.5999,30.1289,1.000000,1,0
247,3,544.6839,483.1536,485.5766,69.5276,1.000000,0,1
247,4,840.8831,517.3008,64.4538,26.5709,1.000000,1,0
248,1,572.6819,518.8757,137.7538,20.3268,1.000000,1,0
248,2,685.6104,517.9589,52.5495,30.1215,1.000000,1,0
248,3,544.4170,483.1668,485.5298,69.5255,1.000000,0,1
248,4,839.3481,517.3214,64.3615,26.5665,1.000000,1,0
249,1,571.5142,518.8615,137.7268,20.3205,1.000000,1,0
249,2,683.9674,517.9603,52.4994,30.1143,1.000000,1,0
249,3,544.1509,483.1817,485.4832,69.5234,1.000000,0,1
249,4,837.8143,517.3459,64.2692,26.5622,1.000000,1,0
250,1,570.3468,518.8422,137.7001,20.3140,1.000000,1,0
250,2,682.3254,517.9628,52.4494,30.1073,1.000000,1,0
250,3,543.8861,483.1978,485.4366,69.5214,1.000000,0,1
250,4,836.2806,517.3746,64.1774,26.5583,1.000000,1,0
251,1,569.1778,518.8184,137.6740,20.3073,1.000000,1,0
251,2,680.6848,517.9690,52.3998,30.1006,1.000000,1,0
251,3,543.6225,483.2157,485.3902,69.5194,1.000000,0,1
251,4,834.7478,517.4071,64.0857,26.5546,1.000000,1,0
252,1,568.0083,518.7903,137.6481,20.3002,1.000000,1,0
252,2,679.0452,517.9769,52.3666,30.0941,1.000000,1,0
252,3,543.3602,483.2350,485.3437,69.5174,1.000000,0,1
252,4,833.2148,517.4421,63.9941,26.5511,1.000000,1,0
253,1,566.8392,518.7573,137.6227,20.2929,1.000000,1,0
253,2,677.4058,517.9851,52.3601,30.0876,1.000000,1,0
253,3,543.0998,483.2549,485.2968,69.5153,1.000000,0,1
253,4,831.6810,517.4788,63.9025,26.5477,1.000000,1,0
254,1,565.6708,518.7208,137.5978,20.2854,1.000000,1,0
254,2,675.7673,517.9971,52.3539,30.0814,1.000000,1,0
254,3,542.8411,483.2762,485.2498,69.5132,1.000000,0,1
254,4,830.1471,517.5162,63.8108,26.5442,1.000000,1,0
255,1,564.5033,518.6807,137.5735,20.2777,1.000000,1,0
255,2,674.1299,518.0112,52.3475,30.0754,1.000000,1,0
255,3,542.5840,483.2978,485.2019,69.5110,1.000000,0,1
255,4,828.6127,517.5546,63.7191,26.5408,1.000000,1,0
256,1,563.3370,518.6365,137.5496,20.2698,1.000000,1,0
256,2,672.4932,518.0257,52.3412,30.0693,1.000000,1,0
256,3,542.3286,483.3192,485.1534,69.5087,1.000000,0,1
256,4,827.0779,517.5939,63.6273,26.5375,1.000000,1,0
257,1,562.1715,518.5886,137.5264,20.2616,1.000000,1,0
257,2,670.8585,518.0438,52.3351,30.0635,1.000000,1,0
257,3,542.0751,483.3413,485.1049,69.5063,1.000000,0,1
257,4,825.5436,517.6339,63.5355,26.5341,1.000000,1,0
258,1,561.0070,518.5373,137.5037,20.2533,1.000000,1,0
258,2,669.2254,518.0637,52.3288,30.0577,1.000000,1,0
258,3,541.8232,483.3635,485.0560,69.5039,1.000000,0,1
258,4,824.0106,517.6750,63.4440,26.5308,1.000000,1,0
259,1,559.8438,518.4834,137.4814,20.2449,1.000000,1,0
259,2,667.5928,518.0836,52.3226,30.0520,1.000000,1,0
259,3,541.5728,483.3854,485.0067,69.5014,1.000000,0,1
259,4,822.4791,517.7180,63.3528,26.5277,1.000000,1,0
260,1,558.6809,518.4267,137.4601,20.2365,1.000000,1,0
260,2,665.9618,518.1093,52.3164,30.0465,1.000000,1,0
260,3,541.3240,483.4070,484.9567,69.4987,1.000000,0,1
260,4,820.9504,517.7642,63.2622,26.5249,1.000000,1,0
261,1,557.5187,518.3683,137.4391,20.2279,1.000000,1,0
261,2,664.3311,518.1387,52.3102,30.0412,1.000000,1,0
261,3,541.0765,483.4279,484.9056,69.4959,1.000000,0,1
261,4,819.4235,517.8144,63.1717,26.5225,1.000000,1,0
262,1,556.3569,518.3094,137.4191,20.2195,1.000000,1,0
262,2,662.7006,518.1706,52.3037,30.0359,1.000000,1,0
262,3,540.8298,483.4474,484.8540,69.4929,1.000000,0,1
262,4,817.8972,517.8694,63.0817,26.5204,1.000000,1,0
263,1,555.1956,518.2501,137.4000,20.2111,1.000000,1,0
263,2,661.0723,518.2113,52.2972,30.0310,1.000000,1,0
263,3,540.5844,483.4658,484.8019,69.4897,1.000000,0,1
263,4,816.3726,517.9309,62.9919,26.5187,1.000000,1,0
264,1,554.0351,518.1915,137.3813,20.2030,1.000000,0.9375,0.0625
264,2,659.4451,518.2570,52.2905,30.0262,1.000000,1,0
264,3,540.3396,483.4829,484.7496,69.4866,1.000000,0,1
264,4,814.8481,517.9993,62.9025,26.5173,1.000000,1,0
265,1,552.8760,518.1353,137.3631,20.1950,1.000000,1,0
265,2,657.8179,518.3044,52.2833,30.0213,1.000000,1,0
265,3,540.0952,483.4983,484.6971,69.4834,1.000000,0,1
265,4,813.3221,518.0756,62.8132,26.5166,1.000000,1,0
266,1,551.7180,518.0809,137.3454,20.1873,1.000000,1,0
266,2,656.1913,518.3604,52.2760,30.0167,1.000000,1,0
266,3,539.8513,483.5121,484.6445,69.4800,1.000000,0,1
266,4,811.7939,518.1636,62.7241,26.5165,1.000000,1,0
267,1,550.5609,518.0294,137.3283,20.1799,1.000000,1,0
267,2,654.5637,518.4207,52.2683,30.0120,1.000000,1,0
267,3,539.6078,483.5241,484.5916,69.4767,1.000000,0,1
267,4,810.2638,518.2601,62.6351,26.5170,1.000000,1,0
268,1,549.4046,517.9821,137.3114,20.1728,1.000000,1,0
268,2,652.9340,518.4822,52.2601,30.0072,1.000000,1,0
268,3,539.3641,483.5342,484.5390,69.4733,1.000000,0,1
268,4,808.7308,518.3617,62.5457,26.5176,1.000000,1,0
269,1,548.2493,517.9387,137.2943,20.1660,1.000000,1,0
269,2,651.3055,518.5530,52.2517,30.0027,1.000000,1,0
269,3,539.1205,483.5426,484.4868,69.4699,1.000000,0,1
269,4,807.1964,518.4719,62.4561,26.5185,1.000000,1,0
270,1,547.0946,517.8995,137.2770,20.1594,1.000000,1,0
270,2,649.6768,518.6274,52.2431,29.9982,1.000000,1,0
270,3,538.8766,483.5497,484.4352,69.4665,1.000000,0,1
270,4,805.6598,518.5864,62.3660,26.5196,1.000000,1,0
271,1,545.9402,517.8651,137.2593,20.1533,1.000000,0.9375,0.0625
271,2,648.0472,518.7004,52.2343,29.9934,1.000000,1,0
271,3,538.6321,483.5553,484.3842,69.4632,1.000000,0,1
271,4,804.1202,518.7006,62.2756,26.5205,1.000000,1,0
272,1,544.7858,517.8343,137.2409,20.1472,1.000000,1,0
272,2,646.4203,518.7821,52.2252,29.9890,1.000000,1,0
272,3,538.3875,483.5594,484.3338,69.4600,1.000000,0,1
272,4,802.5811,518.8192,62.1848,26.5214,1.000000,1,0
273,1,543.6318,517.8064,137.2217,20.1412,1.000000,1,0
273,2,644.7942,518.8665,52.2161,29.9847,1.000000,1,0
273,3,538.1424,483.5621,484.2849,69.4569,1.000000,0,1
273,4,801.0419,518.9385,62.0938,26.5223,1.000000,1,0
274,1,542.4785,517.7809,137.2020,20.1354,1.000000,1,0
274,2,643.1666,518.9483,52.2069,29.9803,1.000000,1,0
274,3,537.8968,483.5634,484.2365,69.4539,1.000000,0,1
274,4,799.5017,519.0557,62.0024,26.5230,1.000000,1,0
275,1,541.3262,517.7573,137.1818,20.1296,1.000000,1,0
275,2,641.5409,519.0372,52.1979,29.9762,1.000000,1,0
275,3,537.6505,483.5639,484.1899,69.4511,1.000000,0,1
275,4,797.9632,519.1760,61.9111,26.5237,1.000000,1,0
276,1,540.1747,517.7351,137.1609,20.1238,1.000000,1,0
276,2,639.9150,519.1277,52.1895,29.9721,1.000000,1,0
276,3,537.4036,483.5638,484.1448,69.4485,1.000000,0,1
276,4,796.4252,519.2974,61.8197,26.5245,1.000000,1,0
277,1,539.0239,517.7150,137.1396,20.1181,1.000000,0.9375,0.0625
277,2,638.2715,519.2148,52.1982,29.9677,1.000000,1,0
277,3,537.1563,483.5631,484.1008,69.4461,1.000000,0,1
277,4,794.8871,519.4175,61.7280,26.5250,1.000000,1,0
278,1,537.8741,517.6970,137.1175,20.1124,1.000000,1,0
278,2,636.6317,519.3079,52.2067,29.9636,1.000000,1,0
278,3,536.9084,483.5621,484.0586,69.4439,1.000000,0,1
278,4,793.3510,519.5425,61.6364,26.5257,1.000000,1,0
279,1,536.7251,517.6800,137.0952,20.1068,1.000000,1,0
279,2,634.9935,519.4012,52.2151,29.9594,1.000000,1,0
279,3,536.6606,483.5609,484.0174,69.4420,1.000000,0,1
279,4,791.8152,519.6713,61.5447,26.5266,1.000000,1,0
280,1,535.5767,517.6643,137.0724,20.1013,1.000000,0.9375,0.0625
280,2,633.3555,519.4904,52.2231,29.9548,1.000000,1,0
280,3,536.4122,483.5595,483.9777,69.4401,1.000000,0,1
280,4,790.2786,519.8022,61.4527,26.5275,1.000000,1,0
281,1,534.4298,517.6497,137.0494,20.0958,1.000000,1,0
281,2,631.7197,519.5828,52.2310,29.9503,1.000000,1,0
281,3,536.1641,483.5585,483.9391,69.4385,1.000000,0,1
281,4,788.7439,519.9414,61.3610,26.5289,1.000000,1,0
282,1,533.2844,517.6364,137.0261,20.0903,1.000000,0.9375,0.0625
282,2,630.0851,519.6746,52.2386,29.9456,1.000000,1,0
282,3,535.9161,483.5581,483.9015,69.4370,1.000000,0,1
282,4,787.2098,520.0851,61.2689,26.5303,1.000000,1,0
283,1,532.1398,517.6250,137.0029,20.0850,1.000000,0.9375,0.0625
283,2,628.4510,519.7620,52.2461,29.9407,1.000000,1,0
283,3,535.6680,483.5587,483.8652,69.4358,1.000000,0,1
283,4,785.6747,520.2296,61.1764,26.5316,1.000000,1,0
284,1,530.9971,517.6162,136.9795,20.0798,1.000000,0.9375,0.0625
284,2,626.8196,519.8493,52.2531,29.9354,1.000000,1,0
284,3,535.4205,483.5607,483.8301,69.4347,1.000000,0,1
284,4,784.1411,520.3808,61.0836,26.5330,1.000000,1,0
285,1,529.8555,517.6104,136.9561,20.0748,1.000000,0.875,0.125
285,2,625.1902,519.9333,52.2598,29.9299,1.000000,1,0
285,3,535.1733,483.5638,483.7958,69.4338,1.000000,0,1
285,4,782.6071,520.5348,60.9905,26.5344,1.000000,1,0
286,1,528.7145,517.6088,136.9328,20.0703,1.000000,0.9375,0.0625
286,2,623.5624,520.0116,52.2662,29.9240,1.000000,1,0
286,3,534.9264,483.5685,483.7620,69.4330,1.000000,0,1
286,4,781.0712,520.6877,60.8966,26.5355,1.000000,1,0
287,1,527.5752,517.6124,136.9092,20.0661,1.000000,0.75,0.25
287,2,621.9361,520.0863,52.2724,29.9177,1.000000,1,0
287,3,534.6804,483.5756,483.7287,69.4322,1.000000,0,1
287,4,779.5364,520.8457,60.8022,26.5365,1.000000,1,0
288,1,526.4368,517.6215,136.8855,20.0622,1.000000,0.875,0.125
288,2,620.3107,520.1563,52.2783,29.9111,1.000000,1,0
288,3,534.4351,483.5850,483.6957,69.4317,1.000000,0,1
288,4,778.0012,521.0042,60.7072,26.5373,1.000000,1,0
289,1,525.2992,517.6364,136.8615,20.0587,1.000000,0.8125,0.1875
289,2,618.6863,520.2203,52.2841,29.9041,1.000000,1,0
289,3,534.1899,483.5970,483.6638,69.4313,1.000000,0,1
289,4,776.4647,521.1578,60.6112,26.5374,1.000000,1,0
290,1,524.1632,517.6585,136.8367,20.0556,1.000000,0.875,0.125
290,2,617.0637,520.2805,52.2893,29.8967,1.000000,1,0
290,3,533.9462,483.6120,483.6316,69.4309,1.000000,0,1
290,4,774.9294,521.3147,60.5146,26.5374,1.000000,1,0
291,1,523.0279,517.6874,136.8116,20.0531,1.000000,0.875,0.125
291,2,615.4431,520.3367,52.2943,29.8889,1.000000,1,0
291,3,533.7032,483.6298,483.5989,69.4305,1.000000,0,1
291,4,773.3942,521.4701,60.4175,26.5371,1.000000,1,0
292,1,521.8936,517.7227,136.7858,20.0508,1.000000,0.8125,0.1875
292,2,613.8248,520.3880,52.2988,29.8807,1.000000,1,0
292,3,533.4608,483.6503,483.5660,69.4302,1.000000,0,1
292,4,771.8583,521.6191,60.3194,26.5359,1.000000,1,0
293,1,520.7620,517.7657,136.7589,20.0490,1.000000,0.75,0.25
293,2,612.2097,520.4351,52.3029,29.8720,1.000000,1,0
293,3,533.2195,483.6746,483.5321,69.4298,1.000000,0,1
293,4,770.3229,521.7699,60.2208,26.5346,1.000000,1,0
294,1,519.6320,517.8151,136.7314,20.0476,1.000000,0.8125,0.1875
294,2,610.5978,520.4783,52.3066,29.8629,1.000000,1,0
294,3,532.9786,483.7021,483.4975,69.4294,1.000000,0,1
294,4,768.7872,521.9184,60.1214,26.5328,1.000000,1,0
295,1,518.5027,517.8691,136.7032,20.0464,1.000000,0.8125,0.1875
295,2,608.9890,520.5179,52.3099,29.8536,1.000000,1,0
295,3,532.7379,483.7328,483.4630,69.4290,1.000000,0,1
295,4,767.2505,522.0602,60.0212,26.5303,1.000000,1,0
296,1,517.3758,517.9297,136.6743,20.0456,1.000000,0.875,0.125
296,2,607.3845,520.5538,52.3129,29.8438,1.000000,1,0
296,3,532.4982,483.7680,483.4269,69.4286,1.000000,0,1
296,4,765.7157,522.2034,59.9205,26.5276,1.000000,1,0
297,1,516.2502,517.9948,136.6447,20.0450,1.000000,0.8125,0.1875
297,2,605.7836,520.5873,52.3156,29.8338,1.000000,1,0
297,3,532.2587,483.8069,483.3903,69.4282,1.000000,0,1
297,4,764.1815,522.3429,59.8191,26.5244,1.000000,1,0
298,1,515.1251,518.0629,136.6146,20.0446,1.000000,0.8125,0.1875
298,2,604.1859,520.6194,52.3181,29.8236,1.000000,1,0
298,3,532.0192,483.8491,483.3525,69.4277,1.000000,0,1
298,4,762.6470,522.4740,59.7169,26.5202,1.000000,1,0
299,1,514.0026,518.1360,136.5834,20.0443,1.000000,0.75,0.25
299,2,602.5926,520.6499,52.3201,29.8132,1.000000,1,0
299,3,531.7802,483.8954,483.3139,69.4271,1.000000,0,1
299,4,761.1141,522.6042,59.6143,26.5159,1.000000,1,0
300,1,512.8812,518.2126,136.5515,20.0443,1.000000,0.8125,0.1875
300,2,601.0026,520.6802,52.3220,29.8026,1.000000,1,0
300,3,531.5412,483.9455,483.2742,69.4265,1.000000,0,1
300,4,759.5820,522.7293,59.5111,26.5109,1.000000,1,0
301,1,511.7596,518.2918,136.5198,20.0445,1.000000,0.75,0.25
301,2,599.4144,520.7115,52.3239,29.7921,1.000000,1,0
301,3,531.3019,483.9988,483.2335,69.4259,1.000000,0,1
301,4,758.0498,522.8445,59.4075,26.5052,1.000000,1,0
302,1,510.6394,518.3752,136.4876,20.0448,1.000000,0.8125,0.1875
302,2,597.8276,520.7443,52.3253,29.7816,1.000000,1,0
302,3,531.0625,484.0566,483.1920,69.4253,1.000000,0,1
302,4,756.5190,522.9574,59.3036,26.4993,1.000000,1,0
303,1,509.5196,518.4615,136.4552,20.0454,1.000000,0.875,0.125
303,2,596.2422,520.7789,52.3267,29.7711,1.000000,1,0
303,3,530.8226,484.1177,483.1501,69.4247,1.000000,0,1
303,4,754.9891,523.0641,59.1993,26.4928,1.000000,1,0
304,1,508.3996,518.5500,136.4228,20.0461,1.000000,0.6875,0.3125
304,2,594.6584,520.8155,52.3276,29.7604,1.000000,1,0
304,3,530.5822,484.1816,483.1075,69.4241,1.000000,0,1
304,4,753.4595,523.1600,59.0945,26.4854,1.000000,1,0
305,1,507.2811,518.6428,136.3901,20.0471,1.000000,0.6875,0.3125
305,2,593.0776,520.8534,52.3279,29.7495,1.000000,1,0
305,3,530.3408,484.2505,483.0656,69.4237,1.000000,0,1
305,4,751.9319,523.2507,58.9897,26.4777,1.000000,1,0
306,1,506.1631,518.7384,136.3571,20.0482,1.000000,0.875,0.125
306,2,591.4993,520.8918,52.3279,29.7384,1.000000,1,0
306,3,530.0988,484.3232,483.0237,69.4235,1.000000,0,1
306,4,750.4059,523.3340,58.8845,26.4694,1.000000,1,0
307,1,505.0449,518.8356,136.3245,20.0496,1.000000,0.625,0.375
307,2,589.9232,520.9304,52.3273,29.7271,1.000000,1,0
307,3,529.8558,484.3986,482.9820,69.4233,1.000000,0,1
307,4,748.8809,523.4077,58.7791,26.4605,1.000000,1,0
308,1,503.9277,518.9365,136.2914,20.0511,1.000000,0.6875,0.3125
308,2,588.3520,520.9670,52.3261,29.7152,1.000000,1,0
308,3,529.6123,484.4786,482.9407,69.4234,1.000000,0,1
308,4,747.3572,523.4752,58.6737,26.4511,1.000000,1,0
309,1,502.8109,519.0392,136.2651,20.0527,1.000000,0.75,0.25
309,2,586.7852,521.0017,52.3337,29.7029,1.000000,1,0
309,3,529.3678,484.5623,482.9003,69.4237,1.000000,0,1
309,4,745.8343,523.5352,58.5681,26.4413,1.000000,1,0
310,1,501.6941,519.1429,136.2404,20.0545,1.000000,0.875,0.125
310,2,585.2213,521.0349,52.3484,29.6905,1.000000,1,0
310,3,529.1224,484.6485,482.8603,69.4241,1.000000,0,1
310,4,744.3122,523.5862,58.4626,26.4309,1.000000,1,0
311,1,500.5782,519.2498,136.2153,20.0564,1.000000,0.75,0.25
311,2,583.6616,521.0657,52.3626,29.6778,1.000000,1,0
311,3,528.8763,484.7395,482.8217,69.4248,1.000000,0,1
311,4,742.7916,523.6321,58.3571,26.4203,1.000000,1,0
312,1,499.4629,519.3581,136.1902,20.0584,1.000000,0.875,0.125
312,2,582.1052,521.0966,52.3765,29.6650,1.000000,1,0
312,3,528.6298,484.8342,482.7838,69.4258,1.000000,0,1
312,4,741.2725,523.6724,58.2516,26.4094,1.000000,1,0
313,1,498.3485,519.4666,136.1649,20.0604,1.000000,0.9375,0.0625
313,2,580.5513,521.1292,52.3906,29.6524,1.000000,1,0
313,3,528.3829,484.9321,482.7458,69.4269,1.000000,0,1
313,4,739.7548,523.7065,58.1462,26.3980,1.000000,1,0
314,1,497.2366,519.5775,136.1393,20.0626,1.000000,0.5625,0.4375
314,2,579.0003,521.1639,52.4047,29.6400,1.000000,1,0
314,3,528.1355,485.0352,482.7100,69.4284,1.000000,0,1
314,4,738.2392,523.7363,58.0408,26.3863,1.000000,1,0
315,1,496.1266,519.6896,136.1135,20.0647,1.000000,0.875,0.125
315,2,577.4508,521.2021,52.4191,29.6279,1.000000,1,0
315,3,527.8879,485.1420,482.6752,69.4302,1.000000,0,1
315,4,736.7253,523.7617,57.9356,26.3745,1.000000,1,0
316,1,495.0185,519.8005,136.0872,20.0668,1.000000,0.75,0.25
316,2,575.9022,521.2462,52.4340,29.6164,1.000000,1,0
316,3,527.6403,485.2520,482.6413,69.4322,1.000000,0,1
316,4,735.2131,523.7817,57.8308,26.3625,1.000000,1,0
317,1,493.9123,519.9125,136.0606,20.0689,1.000000,0.875,0.125
317,2,574.3557,521.2972,52.4490,29.6055,1.000000,1,0
317,3,527.3931,485.3684,482.6093,69.4346,1.000000,0,1
317,4,733.7025,523.7977,57.7263,26.3503,1.000000,1,0
318,1,492.8080,520.0248,136.0337,20.0709,1.000000,0.75,0.25
318,2,572.8102,521.3538,52.4642,29.5949,1.000000,1,0
318,3,527.1462,485.4894,482.5778,69.4371,1.000000,0,1
318,4,732.1935,523.8092,57.6220,26.3380,1.000000,1,0
319,1,491.7053,520.1368,136.0063,20.0728,1.000000,0.8125,0.1875
319,2,571.2627,521.4108,52.4795,29.5844,1.000000,1,0
319,3,526.9000,485.6130,482.5460,69.4398,1.000000,0,1
319,4,730.6494,523.8158,57.5548,26.3253,1.000000,1,0
320,1,490.6050,520.2499,135.9785,20.0748,1.000000,0.6875,0.3125
320,2,569.7135,521.4684,52.4947,29.5738,1.000000,1,0
320,3,526.6542,485.7430,482.5151,69.4427,1.000000,0,1
320,4,729.1028,523.8182,57.4922,26.3125,1.000000,1,0
321,1,489.5061,520.3630,135.9506,20.0767,1.000000,0.625,0.375
321,2,568.1620,521.5245,52.5099,29.5632,1.000000,1,0
321,3,526.4086,485.8774,482.4846,69.4458,1.000000,0,1
321,4,727.5583,523.8163,57.4295,26.2995,1.000000,1,0
322,1,488.4086,520.4755,135.9223,20.0785,1.000000,0.5,0.5
322,2,566.6080,521.5782,52.5246,29.5522,1.000000,1,0
322,3,526.1630,486.0148,482.4542,69.4489,1.000000,0,1
322,4,726.0159,523.8093,57.3672,26.2861,1.000000,1,0
323,1,487.3132,520.5892,135.8935,20.0804,1.000000,0.5,0.5
323,2,565.0532,521.6328,52.5392,29.5411,1.000000,1,0
323,3,525.9179,486.1584,482.4232,69.4522,1.000000,0,1
323,4,724.4758,523.7970,57.3049,26.2726,1.000000,1,0
324,1,486.2193,520.7030,135.8645,20.0822,1.000000,0.5625,0.4375
324,2,563.4979,521.6875,52.5535,29.5299,1.000000,1,0
324,3,525.6729,486.3066,482.3920,69.4555,1.000000,0,1
324,4,722.9379,523.7797,57.2427,26.2589,1.000000,1,0
325,1,485.1269,520.8155,135.8349,20.0839,1.000000,0.625,0.375
325,2,561.9424,521.7418,52.5676,29.5185,1.000000,1,0
325,3,525.4279,486.4585,482.3596,69.4588,1.000000,0,1
325,4,721.4023,523.7573,57.1807,26.2448,1.000000,1,0
326,1,484.0361,520.9291,135.8055,20.0856,1.000000,0.625,0.375
326,2,560.3890,521.8007,52.5815,29.5073,1.000000,1,0
326,3,525.1833,486.6166,482.3257,69.4620,1.000000,0,1
326,4,719.8690,523.7291,57.1186,26.2306,1.000000,1,0
327,1,482.9464,521.0422,135.7758,20.0872,1.000000,0.5625,0.4375
327,2,558.8370,521.8626,52.5954,29.4963,1.000000,1,0
327,3,524.9392,486.7795,482.2901,69.4651,1.000000,0,1
327,4,718.3380,523.6967,57.0569,26.2161,1.000000,1,0
328,1,481.8573,521.1528,135.7458,20.0887,1.000000,0.6875,0.3125
328,2,557.2856,521.9268,52.6093,29.4854,1.000000,1,0
328,3,524.6952,486.9458,482.2532,69.4681,1.000000,0,1
328,4,716.8096,523.6613,56.9952,26.2015,1.000000,1,0
329,1,480.7690,521.2635,135.7160,20.0902,1.000000,0.625,0.375
329,2,555.7365,521.9963,52.6232,29.4748,1.000000,1,0
329,3,524.4520,487.1184,482.2143,69.4709,1.000000,0,1
329,4,715.2833,523.6221,56.9338,26.1868,1.000000,1,0
330,1,479.6809,521.3726,135.6864,20.0915,1.000000,0.5625,0.4375
330,2,554.1880,522.0692,52.6373,29.4645,1.000000,1,0
330,3,524.2095,487.2956,482.1731,69.4736,1.000000,0,1
330,4,713.7596,523.5813,56.8727,26.1722,1.000000,1,0
331,1,478.5922,521.4781,135.6568,20.0926,1.000000,0.625,0.375
331,2,552.6395,522.1433,52.6516,29.4544,1.000000,1,0
331,3,523.9678,487.4757,482.1296,69.4759,1.000000,0,1
331,4,712.2385,523.5407,56.8119,26.1576,1.000000,1,0
332,1,477.5036,521.5838,135.6277,20.0938,1.000000,0.75,0.25
332,2,551.0930,522.2222,52.6659,29.4446,1.000000,1,0
332,3,523.7267,487.6619,482.0845,69.4782,1.000000,0,1
332,4,710.7194,523.4987,56.7514,26.1431,1.000000,1,0
333,1,476.4147,521.6880,135.5987,20.0949,1.000000,0.5625,0.4375
333,2,549.5472,522.3032,52.6803,29.4350,1.000000,1,0
333,3,523.4867,487.8519,482.0371,69.4802,1.000000,0,1
333,4,709.2023,523.4567,56.6912,26.1286,1.000000,1,0
334,1,475.3251,521.7889,135.5701,20.0958,1.000000,0.6875,0.3125
334,2,548.0009,522.3839,52.6950,29.4255,1.000000,1,0
334,3,523.2469,488.0436,481.9879,69.4820,1.000000,0,1
334,4,707.6874,523.4160,56.6308,26.1141,1.000000,1,0
335,1,474.2354,521.8893,135.5419,20.0967,1.000000,0.375,0.625
335,2,546.4562,522.4686,52.7096,29.4163,1.000000,1,0
335,3,523.0085,488.2410,481.9359,69.4836,1.000000,0,1
335,4,706.1737,523.3749,56.5708,26.0998,1.000000,1,0
336,1,473.1454,521.9882,135.5138,20.0976,1.000000,0.5,0.5
336,2,544.9120,522.5543,52.7244,29.4071,1.000000,1,0
336,3,522.7709,488.4411,481.8817,69.4849,1.000000,0,1
336,4,704.6617,523.3350,56.5108,26.0854,1.000000,1,0
337,1,472.0543,522.0840,135.4864,20.0982,1.000000,0.5625,0.4375
337,2,543.3680,522.6384,52.7392,29.3980,1.000000,1,0
337,3,522.5336,488.6415,481.8250,69.4858,1.000000,0,1
337,4,703.1516,523.2986,56.4508,26.0713,1.000000,1,0
338,1,470.9623,522.1790,135.4594,20.0989,1.000000,0.5,0.5
338,2,541.8260,522.7266,52.7541,29.3890,1.000000,1,0
338,3,522.2973,488.8460,481.7658,69.4865,1.000000,0,1
338,4,701.6425,523.2631,56.3908,26.0572,1.000000,1,0
339,1,469.8695,522.2722,135.4326,20.0995,1.000000,0.8125,0.1875
339,2,540.2853,522.8159,52.7690,29.3803,1.000000,1,0
339,3,522.0615,489.0518,481.7042,69.4867,1.000000,0,1
339,4,700.1348,523.2291,56.3308,26.0431,1.000000,1,0
340,1,468.7756,522.3625,135.4063,20.1000,1.000000,0.5625,0.4375
340,2,538.7452,522.9036,52.7838,29.3715,1.000000,1,0
340,3,521.8260,489.2565,481.6401,69.4867,1.000000,0,1
340,4,698.6288,523.1985,56.2709,26.0292,1.000000,1,0
341,1,467.6804,522.4528,135.3806,20.1005,1.000000,0.375,0.625
341,2,537.2081,522.9943,52.7987,29.3628,1.000000,1,0
341,3,521.5908,489.4633,481.5740,69.4864,1.000000,0,1
341,4,697.1241,523.1694,56.2111,26.0153,1.000000,1,0
342,1,466.5840,522.5416,135.3551,20.1010,1.000000,0.5625,0.4375
342,2,535.6728,523.0845,52.8135,29.3541,1.000000,1,0
342,3,521.3559,489.6700,481.5056,69.4858,1.000000,0,1
342,4,695.6211,523.1429,56.1513,26.0016,1.000000,1,0
343,1,465.4871,522.6275,135.3298,20.1012,1.000000,0.4375,0.5625
343,2,534.1381,523.1714,52.8282,29.3452,1.000000,1,0
343,3,521.1210,489.8745,481.4352,69.4848,1.000000,0,1
343,4,694.1198,523.1210,56.0914,25.9880,1.000000,1,0
344,1,464.3900,522.7136,135.3048,20.1016,1.000000,0.5,0.5
344,2,532.6060,523.2609,52.8429,29.3366,1.000000,1,0
344,3,520.8864,490.0795,481.3622,69.4834,1.000000,0,1
344,4,692.6205,523.1024,56.0317,25.9747,1.000000,1,0
345,1,463.2934,522.7982,135.2797,20.1018,1.000000,0.4375,0.5625
345,2,531.0751,523.3500,52.8576,29.3279,1.000000,1,0
345,3,520.6523,490.2828,481.2871,69.4817,1.000000,0,1
345,4,691.1232,523.0876,55.9722,25.9616,1.000000,1,0
346,1,462.1974,522.8801,135.2545,20.1018,1.000000,0.5625,0.4375
346,2,529.5449,523.4352,52.8722,29.3190,1.000000,1,0
346,3,520.4184,490.4820,481.2106,69.4796,1.000000,0,1
346,4,689.6280,523.0775,55.9130,25.9488,1.000000,1,0
347,1,461.1019,522.9618,135.2294,20.1018,1.000000,0.5625,0.4375
347,2,528.0175,523.5223,52.8867,29.3102,1.000000,1,0
347,3,520.1847,490.6796,481.1317,69.4772,1.000000,0,1
347,4,688.1351,523.0725,55.8537,25.9362,1.000000,1,0
348,1,460.0070,523.0421,135.2043,20.1016,1.000000,0.5625,0.4375
348,2,526.4915,523.6078,52.9013,29.3014,1.000000,1,0
348,3,519.9510,490.8737,481.0513,69.4745,1.000000,0,1
348,4,686.6442,523.0728,55.7948,25.9240,1.000000,1,0
349,1,458.9130,523.1196,135.1786,20.1012,1.000000,0.375,0.625
349,2,524.9663,523.6882,52.9157,29.2923,1.000000,1,0
349,3,519.7180,491.0629,480.9688,69.4713,1.000000,0,1
349,4,685.1547,523.0790,55.7362,25.9122,1.000000,1,0
350,1,457.8195,523.1969,135.1529,20.1008,1.000000,0.625,0.375
350,2,523.4432,523.7683,52.9300,29.2831,1.000000,1,0
350,3,519.4851,491.2497,480.8841,69.4677,1.000000,0,1
350,4,683.6658,523.0930,55.6777,25.9009,1.000000,1,0
351,1,456.7269,523.2731,135.1270,20.1002,1.000000,0.375,0.625
351,2,521.9209,523.8447,52.9442,29.2737,1.000000,1,0
351,3,519.2524,491.4316,480.7977,69.4638,1.000000,0,1
351,4,682.1768,523.1142,55.6195,25.8900,1.000000,1,0
352,1,455.6358,523.3470,135.1005,20.0995,1.000000,0.4375,0.5625
352,2,520.3986,523.9146,52.9583,29.2640,1.000000,1,0
352,3,519.0200,491.6065,480.7085,69.4592,1.000000,0,1
352,4,680.6882,523.1423,55.5615,25.8795,1.000000,1,0
353,1,454.5456,523.4210,135.0739,20.0986,1.000000,0.5625,0.4375
353,2,518.8773,523.9823,52.9723,29.2542,1.000000,1,0
353,3,518.7878,491.7778,480.6171,69.4542,1.000000,0,1
353,4,679.2007,523.1802,55.5037,25.8696,1.000000,1,0
354,1,453.4565,523.4940,135.0468,20.0977,1.000000,0.6875,0.3125
354,2,517.3569,524.0459,52.9862,29.2441,1.000000,1,0
354,3,518.5563,491.9436,480.5239,69.4488,1.000000,0,1
354,4,677.7141,523.2249,55.4460,25.8601,1.000000,1,0
355,1,452.3697,523.5654,135.0191,20.0965,1.000000,0.3125,0.6875
355,2,515.8376,524.1030,52.9997,29.2336,1.000000,1,0
355,3,518.3259,492.1018,480.4281,69.4429,1.000000,0,1
355,4,676.2278,523.2734,55.3997,25.8508,1.000000,1,0
356,1,451.2849,523.6373,134.9909,20.0953,1.000000,0.5,0.5
356,2,514.3197,524.1575,53.0131,29.2229,1.000000,1,0
356,3,518.0959,492.2549,480.3311,69.4366,1.000000,0,1
356,4,674.7423,523.3299,55.3837,25.8418,1.000000,1,0
357,1,450.2026,523.7084,134.9623,20.0940,1.000000,0.5625,0.4375
357,2,512.8025,524.2084,53.0266,29.2121,1.000000,1,0
357,3,517.8666,492.4019,480.2328,69.4299,1.000000,0,1
357,4,673.2563,523.3905,55.3678,25.8331,1.000000,1,0
358,1,449.1220,523.7772,134.9330,20.0924,1.000000,0.375,0.625
358,2,511.2856,524.2548,53.0398,29.2009,1.000000,1,0
358,3,517.6386,492.5415,480.1315,69.4226,1.000000,0,1
358,4,671.7691,523.4525,55.3516,25.8245,1.000000,1,0
359,1,448.0431,523.8446,134.9034,20.0906,1.000000,0.25,0.75
359,2,509.7691,524.2985,53.0531,29.1897,1.000000,1,0
359,3,517.4111,492.6746,480.0285,69.4148,1.000000,0,1
359,4,670.2823,523.5220,55.3357,25.8162,1.000000,1,0
360,1,446.9654,523.9102,134.8735,20.0887,1.000000,0.375,0.625
360,2,508.2530,524.3386,53.0663,29.1784,1.000000,1,0
360,3,517.1845,492.8013,479.9240,69.4067,1.000000,0,1
360,4,668.7958,523.5939,55.3197,25.8080,1.000000,1,0
361,1,445.8894,523.9724,134.8429,20.0864,1.000000,0.5,0.5
361,2,506.7375,524.3745,53.0795,29.1668,1.000000,1,0
361,3,516.9592,492.9210,479.8174,69.3980,1.000000,0,1
361,4,667.3096,523.6642,55.3034,25.7997,1.000000,1,0
362,1,444.8148,524.0328,134.8120,20.0840,1.000000,0.3125,0.6875
362,2,505.2236,524.4069,53.0926,29.1550,1.000000,1,0
362,3,516.7350,493.0347,479.7092,69.3889,1.000000,0,1
362,4,665.8247,523.7390,55.2872,25.7916,1.000000,1,0
363,1,443.7418,524.0906,134.7806,20.0813,1.000000,0.3125,0.6875
363,2,503.7109,524.4351,53.1056,29.1430,1.000000,1,0
363,3,516.5115,493.1412,479.5996,69.3794,1.000000,0,1
363,4,664.3408,523.8132,55.2708,25.7834,1.000000,1,0
364,1,442.6698,524.1447,134.7489,20.0782,1.000000,0.375,0.625
364,2,502.1989,524.4587,53.1187,29.1309,1.000000,1,0
364,3,516.2891,493.2394,479.4885,69.3696,1.000000,0,1
364,4,662.8568,523.8816,55.2545,25.7748,1.000000,1,0
365,1,441.5997,524.1963,134.7168,20.0749,1.000000,0.375,0.625
365,2,500.6879,524.4761,53.1315,29.1184,1.000000,1,0
365,3,516.0671,493.3323,479.3763,69.3593,1.000000,0,1
365,4,661.3745,523.9532,55.2381,25.7665,1.000000,1,0
366,1,440.5316,524.2454,134.6846,20.0715,1.000000,0.125,0.875
366,2,499.1779,524.4879,53.1442,29.1055,1.000000,1,0
366,3,515.8461,493.4194,479.2632,69.3487,1.000000,0,1
366,4,659.8939,524.0242,55.2219,25.7583,1.000000,1,0
367,1,439.4662,524.2911,134.6517,20.0676,1.000000,0.5,0.5
367,2,497.6697,524.4946,53.1569,29.0925,1.000000,1,0
367,3,515.6263,493.4989,479.1484,69.3377,1.000000,0,1
367,4,658.4150,524.0909,55.2056,25.7497,1.000000,1,0
368,1,438.4023,524.3324,134.6190,20.0635,1.000000,0.5,0.5
368,2,496.1644,524.4955,53.1693,29.0791,1.000000,1,0
368,3,515.4073,493.5727,479.0330,69.3264,1.000000,0,1
368,4,656.9402,524.1595,55.1895,25.7414,1.000000,1,0
369,1,437.3399,524.3700,134.5859,20.0591,1.000000,0.25,0.75
369,2,494.6624,524.4914,53.1815,29.0655,1.000000,1,0
369,3,515.1891,493.6405,478.9172,69.3149,1.000000,0,1
369,4,655.4684,524.2263,55.1734,25.7329,1.000000,1,0
370,1,436.2794,524.4037,134.5523,20.0543,1.000000,0.4375,0.5625
370,2,493.1632,524.4827,53.1936,29.0515,1.000000,1,0
370,3,514.9714,493.7009,478.8006,69.3031,1.000000,0,1
370,4,653.9991,524.2867,55.1575,25.7243,1.000000,1,0
371,1,435.2197,524.4327,134.5188,20.0492,1.000000,0.125,0.875
371,2,491.6663,524.4671,53.2056,29.0373,1.000000,1,0
371,3,514.7537,493.7555,478.6839,69.2911,1.000000,0,1
371,4,652.5339,524.3456,55.1416,25.7157,1.000000,1,0
372,1,434.1612,524.4574,134.4851,20.0437,1.000000,0.25,0.75
372,2,490.1715,524.4473,53.2174,29.0228,1.000000,1,0
372,3,514.5364,493.8047,478.5677,69.2791,1.000000,0,1
372,4,651.0708,524.4014,55.1260,25.7070,1.000000,1,0
373,1,433.1045,524.4775,134.4511,20.0378,1.000000,0.375,0.625
373,2,488.6791,524.4249,53.2291,29.0082,1.000000,1,0
373,3,514.3192,493.8482,478.4531,69.2671,1.000000,0,1
373,4,649.6093,524.4523,55.1105,25.6982,1.000000,1,0
374,1,432.0488,524.4929,134.4168,20.0316,1.000000,0.125,0.875
374,2,487.1886,524.3962,53.2408,28.9933,1.000000,1,0
374,3,514.1024,493.8863,478.3383,69.2549,1.000000,0,1
374,4,648.1520,524.5032,55.0952,25.6893,1.000000,1,0
375,1,430.9946,524.5038,134.3824,20.0250,1.000000,0.3125,0.6875
375,2,485.7007,524.3637,53.2524,28.9782,1.000000,1,0
375,3,513.8854,493.9194,478.2241,69.2427,1.000000,0,1
375,4,646.6975,524.5507,55.0800,25.6805,1.000000,1,0
376,1,429.9426,524.5105,134.3477,20.0182,1.000000,0.25,0.75
376,2,484.2160,524.3290,53.2638,28.9631,1.000000,1,0
376,3,513.6681,493.9484,478.1120,69.2306,1.000000,0,1
376,4,645.2452,524.5923,55.0647,25.6713,1.000000,1,0
377,1,428.8925,524.5118,134.3130,20.0108,1.000000,0.3125,0.6875
377,2,482.7324,524.2863,53.2753,28.9476,1.000000,1,0
377,3,513.4507,493.9723,478.0013,69.2187,1.000000,0,1
377,4,643.7970,524.6322,55.0496,25.6621,1.000000,1,0
378,1,427.8444,524.5091,134.2782,20.0033,1.000000,0.25,0.75
378,2,481.2503,524.2386,53.2869,28.9319,1.000000,1,0
378,3,513.2332,493.9915,477.8918,69.2068,1.000000,0,1
378,4,642.3506,524.6678,55.0346,25.6527,1.000000,1,0
379,1,426.7986,524.5037,134.2432,19.9954,1.000000,0.25,0.75
379,2,479.7702,524.1888,53.2985,28.9163,1.000000,1,0
379,3,513.0155,494.0057,477.7833,69.1950,1.000000,0,1
379,4,640.9033,524.6965,55.0195,25.6431,1.000000,1,0
380,1,425.7544,524.4936,134.2079,19.9871,1.000000,0.375,0.625
380,2,478.2897,524.1303,53.3103,28.9004,1.000000,1,0
380,3,512.7980,494.0150,477.6754,69.1830,1.000000,0,1
380,4,639.4504,524.7211,55.0100,25.6334,1.000000,1,0
381,1,424.7116,524.4797,134.1724,19.9787,1.000000,0.375,0.625
381,2,476.8101,524.0675,53.3223,28.8843,1.000000,1,0
381,3,512.5806,494.0202,477.5686,69.1711,1.000000,0,1
381,4,637.9891,524.7404,55.0090,25.6234,1.000000,1,0
382,1,423.6702,524.4630,134.1368,19.9700,1.000000,0.25,0.75
382,2,475.3323,524.0048,53.3345,28.8685,1.000000,1,0
382,3,512.3632,494.0220,477.4636,69.1594,1.000000,0,1
382,4,636.5280,524.7520,55.0082,25.6132,1.000000,1,0
383,1,422.6305,524.4421,134.1010,19.9609,1.000000,0.1875,0.8125
383,2,473.8551,523.9360,53.3468,28.8525,1.000000,1,0
383,3,512.1464,494.0201,477.3588,69.1476,1.000000,0,1
383,4,635.0683,524.7569,55.0073,25.6026,1.000000,1,0
384,1,421.5923,524.4183,134.0649,19.9516,1.000000,0.25,0.75
384,2,472.3794,523.8656,53.3592,28.8365,1.000000,1,0
384,3,511.9299,494.0142,477.2547,69.1358,1.000000,0,1
384,4,633.6096,524.7550,55.0065,25.5918,1.000000,1,0
385,1,420.5555,524.3924,134.0286,19.9421,1.000000,0.3125,0.6875
385,2,470.9061,523.7974,53.3718,28.8207,1.000000,1,0
385,3,511.7134,494.0043,477.1513,69.1240,1.000000,0,1
385,4,632.1517,524.7455,55.0058,25.5806,1.000000,1,0
386,1,419.5201,524.3617,133.9922,19.9323,1.000000,0.3125,0.6875
386,2,469.4331,523.7237,53.3844,28.8047,1.000000,1,0
386,3,511.4971,493.9899,477.0485,69.1122,1.000000,0,1
386,4,630.6951,524.7281,55.0054,25.5692,1.000000,1,0
387,1,418.4863,524.3272,133.9556,19.9222,1.000000,0.1875,0.8125
387,2,467.9617,523.6490,53.3972,28.7888,1.000000,1,0
387,3,511.2809,493.9720,476.9461,69.1003,1.000000,0,1
387,4,629.2394,524.7043,55.0052,25.5576,1.000000,1,0
388,1,417.4536,524.2899,133.9193,19.9119,1.000000,0.3125,0.6875
388,2,466.4929,523.5779,53.4097,28.7730,1.000000,1,0
388,3,511.0649,493.9514,476.8441,69.0884,1.000000,0,1
388,4,627.7845,524.6750,55.0053,25.5460,1.000000,1,0
389,1,416.4207,524.2477,133.8827,19.9012,1.000000,0.25,0.75
389,2,465.0239,523.5034,53.4223,28.7571,1.000000,1,0
389,3,510.8487,493.9261,476.7425,69.0764,1.000000,0,1
389,4,626.3311,524.6401,55.0055,25.5340,1.000000,1,0
390,1,415.3885,524.2015,133.8461,19.8903,1.000000,0.0625,0.9375
390,2,463.5563,523.4290,53.4348,28.7411,1.000000,1,0
390,3,510.6322,493.8971,476.6409,69.0644,1.000000,0,1
390,4,624.8788,524.6010,55.0057,25.5220,1.000000,1,0
391,1,414.3569,524.1520,133.8096,19.8791,1.000000,0.0625,0.9375
391,2,462.0914,523.3578,53.4471,28.7254,1.000000,1,0
391,3,510.4150,493.8651,476.5399,69.0523,1.000000,0,1
391,4,623.4279,524.5594,55.0059,25.5098,1.000000,1,0
392,1,413.3250,524.0968,133.7733,19.8676,1.000000,0.25,0.75
392,2,460.6274,523.2822,53.4594,28.7093,1.000000,1,0
392,3,510.1972,493.8291,476.4396,69.0403,1.000000,0,1
392,4,621.9780,524.5127,55.0062,25.4973,1.000000,1,0
393,1,412.2932,524.0378,133.7372,19.8557,1.000000,0.1875,0.8125
393,2,459.1650,523.2057,53.4716,28.6932,1.000000,1,0
393,3,509.9788,493.7900,476.3402,69.0283,1.000000,0,1
393,4,620.5283,524.4625,55.0064,25.4848,1.000000,1,0
394,1,411.2619,523.9762,133.7013,19.8438,1.000000,0.3125,0.6875
394,2,457.7046,523.1321,53.4837,28.6773,1.000000,1,0
394,3,509.7595,493.7481,476.2418,69.0164,1.000000,0,1
394,4,619.0774,524.4116,55.0068,25.4723,1.000000,1,0
395,1,410.2307,523.9095,133.6655,19.8315,1.000000,0.125,0.875
395,2,456.2429,523.0544,53.4959,28.6613,1.000000,1,0
395,3,509.5397,493.7023,476.1439,69.0045,1.000000,0,1
395,4,617.6249,524.3564,55.0073,25.4596,1.000000,1,0
396,1,409.1996,523.8395,133.6300,19.8190,1.000000,0.125,0.875
396,2,454.7813,522.9763,53.5083,28.6454,1.000000,1,0
396,3,509.3191,493.6536,476.0472,68.9927,1.000000,0,1
396,4,616.1718,524.2987,55.0079,25.4468,1.000000,1,0
397,1,408.1685,523.7669,133.5952,19.8065,1.000000,0,1
397,2,453.3204,522.9010,53.5210,28.6298,1.000000,1,0
397,3,509.0975,493.6026,475.9518,68.9810,1.000000,0,1
397,4,614.7187,524.2402,55.0084,25.4340,1.000000,1,0
398,1,407.1375,523.6882,133.5603,19.7935,1.000000,0.1875,0.8125
398,2,451.8582,522.8209,53.5338,28.6140,1.000000,1,0
398,3,508.8746,493.5478,475.8575,68.9695,1.000000,0,1
398,4,613.2643,524.1748,55.0089,25.4208,1.000000,1,0
399,1,406.1063,523.6057,133.5259,19.7803,1.000000,0,1
399,2,450.3960,522.7400,53.5469,28.5983,1.000000,1,0
399,3,508.6510,493.4908,475.7648,68.9580,1.000000,0,1
399,4,611.8097,524.1050,55.0093,25.4074,1.000000,1,0
400,1,405.0748,523.5215,133.4917,19.7670,1.000000,0,1
400,2,448.9349,522.6620,53.5602,28.5829,1.000000,1,0
400,3,508.4274,493.4325,475.6727,68.9467,1.000000,0,1
400,4,610.3557,524.0332,55.0098,25.3940,1.000000,1,0
401,1,404.0421,523.4325,133.4579,19.7535,1.000000,0.125,0.875
401,2,447.4720,522.5786,53.5737,28.5674,1.000000,1,0
401,3,508.2024,493.3715,475.5832,68.9356,1.000000,0,1
401,4,608.9014,523.9539,55.0105,25.3803,1.000000,1,0
402,1,403.0090,523.3406,133.4246,19.7398,1.000000,0.0625,0.9375
402,2,446.0094,522.4943,53.5875,28.5521,1.000000,1,0
402,3,507.9764,493.3081,475.4950,68.9248,1.000000,0,1
402,4,607.4474,523.8706,55.0114,25.3665,1.000000,1,0
403,1,401.9753,523.2472,133.3918,19.7261,1.000000,0,1
403,2,444.5483,522.4135,53.6014,28.5369,1.000000,1,0
403,3,507.7494,493.2431,475.4081,68.9141,1.000000,0,1
403,4,605.9943,523.7870,55.0123,25.3527,1.000000,1,0
404,1,400.9410,523.1487,133.3594,19.7121,1.000000,0.0625,0.9375
404,2,443.0870,522.3290,53.6155,28.5218,1.000000,1,0
404,3,507.5215,493.1757,475.3228,68.9035,1.000000,0,1
404,4,604.5406,523.6976,55.0133,25.3387,1.000000,1,0
405,1,399.9062,523.0469,133.3274,19.6979,1.000000,0.0625,0.9375
405,2,441.6272,522.2452,53.6296,28.5067,1.000000,1,0
405,3,507.2933,493.1069,475.2385,68.8931,1.000000,0,1
405,4,603.0873,523.6066,55.0145,25.3247,1.000000,1,0
406,1,398.8705,522.9432,133.2958,19.6837,1.000000,0.1875,0.8125
406,2,440.1700,522.1665,53.6439,28.4920,1.000000,1,0
406,3,507.0647,493.0380,475.1555,68.8829,1.000000,0,1
406,4,601.6352,523.5181,55.0156,25.3108,1.000000,1,0
407,1,397.8342,522.8335,133.2648,19.6691,1.000000,0.1875,0.8125
407,2,438.7128,522.0864,53.6581,28.4773,1.000000,1,0
407,3,506.8353,492.9669,475.0742,68.8728,1.000000,0,1
407,4,600.1819,523.4259,55.0170,25.2968,1.000000,1,0
408,1,396.7977,522.7197,133.2343,19.6543,1.000000,0.0625,0.9375
408,2,437.2569,522.0090,53.6725,28.4626,1.000000,1,0
408,3,506.6052,492.8941,474.9948,68.8630,1.000000,0,1
408,4,598.7291,523.3334,55.0184,25.2829,1.000000,1,0
409,1,395.7614,522.6034,133.2042,19.6394,1.000000,0.125,0.875
409,2,435.8039,521.9377,53.6866,28.4484,1.000000,1,0
409,3,506.3752,492.8206,474.9166,68.8534,1.000000,0,1
409,4,597.2772,523.2436,55.0199,25.2692,1.000000,1,0
410,1,394.7246,522.4805,133.1746,19.6242,1.000000,0,1
410,2,434.3506,521.8667,53.7008,28.4341,1.000000,1,0
410,3,506.1447,492.7449,474.8402,68.8440,1.000000,0,1
410,4,595.8247,523.1498,55.0213,25.2552,1.000000,1,0
411,1,393.6879,522.3540,133.1455,19.6086,1.000000,0.0625,0.9375
411,2,432.8987,521.7980,53.7151,28.4201,1.000000,1,0
411,3,505.9139,492.6684,474.7651,68.8347,1.000000,0,1
411,4,594.3730,523.0547,55.0226,25.2412,1.000000,1,0
412,1,392.6520,522.2267,133.1168,19.5932,1.000000,0,1
412,2,431.4490,521.7338,53.7293,28.4061,1.000000,1,0
412,3,505.6829,492.5919,474.6906,68.8256,1.000000,0,1
412,4,592.9230,522.9612,55.0237,25.2271,1.000000,1,0
413,1,391.6164,522.0940,133.0888,19.5775,1.000000,0.125,0.875
413,2,429.9995,521.6680,53.7435,28.3922,1.000000,1,0
413,3,505.4517,492.5133,474.6168,68.8164,1.000000,0,1
413,4,591.4725,522.8622,55.0247,25.2127,1.000000,1,0
414,1,390.5820,521.9595,133.0610,19.5617,1.000000,0.0625,0.9375
414,2,428.5511,521.6024,53.7576,28.3783,1.000000,1,0
414,3,505.2208,492.4334,474.5430,68.8073,1.000000,0,1
414,4,590.0231,522.7608,55.0256,25.1982,1.000000,1,0
415,1,389.5491,521.8270,133.0337,19.5461,1.000000,0,1
415,2,427.1048,521.5387,53.7717,28.3645,1.000000,1,0
415,3,504.9896,492.3524,474.4703,68.7983,1.000000,0,1
415,4,588.5768,522.6593,55.0262,25.1836,1.000000,1,0
416,1,388.5153,521.6914,133.0069,19.5304,1.000000,0,1
416,2,425.6581,521.4711,53.7859,28.3505,1.000000,1,0
416,3,504.7585,492.2691,474.3983,68.7893,1.000000,0,1
416,4,587.1328,522.5494,55.0266,25.1685,1.000000,1,0
417,1,387.4811,521.5568,132.9806,19.5148,1.000000,0,1
417,2,424.2128,521.4019,53.8000,28.3365,1.000000,1,0
417,3,504.5278,492.1849,474.3259,68.7803,1.000000,0,1
417,4,585.6913,522.4353,55.0270,25.1532,1.000000,1,0
418,1,386.4478,521.4271,132.9545,19.4997,1.000000,0.0625,0.9375
418,2,422.7703,521.3333,53.8141,28.3225,1.000000,1,0
418,3,504.2974,492.1001,474.2542,68.7712,1.000000,0,1
418,4,584.2534,522.3209,55.0335,25.1377,1.000000,1,0
419,1,385.4148,521.2982,132.9290,19.4846,1.000000,0,1
419,2,421.3287,521.2609,53.8282,28.3085,1.000000,1,0
419,3,504.0671,492.0129,474.1817,68.7621,1.000000,0,1
419,4,582.8174,522.1978,55.0463,25.1219,1.000000,1,0
420,1,384.3823,521.1724,132.9038,19.4699,1.000000,0,1
420,2,419.8889,521.1876,53.8424,28.2945,1.000000,1,0
420,3,503.8368,491.9241,474.1092,68.7529,1.000000,0,1
420,4,581.3840,522.0723,55.0593,25.1059,1.000000,1,0
421,1,383.3505,521.0520,132.8791,19.4556,1.000000,0,1
421,2,418.4511,521.1163,53.8568,28.2806,1.000000,1,0
421,3,503.6067,491.8344,474.0364,68.7436,1.000000,0,1
421,4,579.9540,521.9502,55.0720,25.0902,1.000000,1,0
422,1,382.3189,520.9324,132.8546,19.4415,1.000000,0.0625,0.9375
422,2,417.0137,521.0435,53.8713,28.2669,1.000000,1,0
422,3,503.3769,491.7415,473.9624,68.7340,1.000000,0,1
422,4,578.5261,521.8221,55.0850,25.0742,1.000000,1,0
423,1,381.2877,520.8153,132.8304,19.4274,1.000000,0,1
423,2,415.5774,520.9718,53.8860,28.2533,1.000000,1,0
423,3,503.1473,491.6468,473.8878,68.7243,1.000000,0,1
423,4,577.1012,521.6940,55.0981,25.0584,1.000000,1,0
424,1,380.2571,520.7026,132.8064,19.4139,1.000000,0,1
424,2,414.1418,520.9041,53.9010,28.2400,1.000000,1,0
424,3,502.9181,491.5513,473.8123,68.7145,1.000000,0,1
424,4,575.6797,521.5708,55.1113,25.0429,1.000000,1,0
425,1,379.2261,520.5897,132.7827,19.4003,1.000000,0,1
425,2,412.7047,520.8363,53.9161,28.2269,1.000000,1,0
425,3,502.6888,491.4527,473.7360,68.7045,1.000000,0,1
425,4,574.2598,521.4433,55.1248,25.0273,1.000000,1,0
426,1,378.1949,520.4784,132.7593,19.3870,1.000000,0,1
426,2,411.2666,520.7703,53.9317,28.2140,1.000000,1,0
426,3,502.4597,491.3518,473.6588,68.6943,1.000000,0,1
426,4,572.8419,521.3164,55.1382,25.0118,1.000000,1,0
427,1,377.1640,520.3704,132.7362,19.3738,1.000000,0,1
427,2,409.8286,520.7076,53.9473,28.2013,1.000000,1,0
427,3,502.2310,491.2495,473.5794,68.6837,1.000000,0,1
427,4,571.4265,521.1953,55.1519,24.9967,1.000000,1,0
428,1,376.1333,520.2601,132.7134,19.3606,1.000000,0,1
428,2,408.3884,520.6439,53.9630,28.1887,1.000000,1,0
428,3,502.0027,491.1431,473.4989,68.6728,1.000000,0,1
428,4,570.0115,521.0711,55.1655,24.9815,1.000000,1,0
429,1,375.1036,520.1501,132.6906,19.3474,1.000000,0,1
429,2,406.9471,520.5804,53.9789,28.1762,1.000000,1,0
429,3,501.7747,491.0343,473.4175,68.6617,1.000000,0,1
429,4,568.5977,520.9485,55.1793,24.9665,1.000000,1,0
430,1,374.0746,520.0427,132.6679,19.3344,1.000000,0,1
430,2,405.5056,520.5186,53.9950,28.1638,1.000000,1,0
430,3,501.5470,490.9243,473.3347,68.6505,1.000000,0,1
430,4,567.1856,520.8318,55.1933,24.9519,1.000000,1,0
431,1,373.0466,519.9330,132.6454,19.3213,1.000000,0,1
431,2,404.0619,520.4551,54.0114,28.1515,1.000000,1,0
431,3,501.3196,490.8098,473.2502,68.6388,1.000000,0,1
431,4,565.7743,520.7123,55.2072,24.9372,1.000000,1,0
432,1,372.0200,519.8240,132.6229,19.3082,1.000000,0,1
432,2,402.6179,520.3914,54.0279,28.1393,1.000000,1,0
432,3,501.0926,490.6926,473.1641,68.6268,1.000000,0,1
432,4,564.3641,520.5936,55.2211,24.9224,1.000000,1,0
433,1,370.9946,519.7186,132.6005,19.2954,1.000000,0,1
433,2,401.1746,520.3290,54.0446,28.1272,1.000000,1,0
433,3,500.8663,490.5740,473.0764,68.6145,1.000000,0,1
433,4,562.9550,520.4788,55.2351,24.9080,1.000000,1,0
434,1,369.9701,519.6123,132.5781,19.2826,1.000000,0,1
434,2,399.7307,520.2651,54.0615,28.1152,1.000000,1,0
434,3,500.6404,490.4505,472.9878,68.6020,1.000000,0,1
434,4,561.5450,520.3597,55.2492,24.8933,1.000000,1,0
435,1,368.9466,519.5081,132.5556,19.2699,1.000000,0,1
435,2,398.2871,520.2020,54.0786,28.1034,1.000000,1,0
435,3,500.4150,490.3237,472.8983,68.5892,1.000000,0,1
435,4,560.1348,520.2405,55.2632,24.8787,1.000000,1,0
436,1,367.9240,519.4094,132.5329,19.2576,1.000000,0,1
436,2,396.8450,520.1416,54.0955,28.0917,1.000000,1,0
436,3,500.1907,490.1951,472.8074,68.5762,1.000000,0,1
436,4,558.7242,520.1251,55.2774,24.8644,1.000000,1,0
437,1,366.9014,519.3126,132.5102,19.2455,1.000000,0,1
437,2,395.4020,520.0815,54.1127,28.0800,1.000000,1,0
437,3,499.9672,490.0614,472.7154,68.5628,1.000000,0,1
437,4,557.3124,520.0056,55.2919,24.8500,1.000000,1,0
438,1,365.8797,519.2198,132.4874,19.2335,1.000000,0,1
438,2,393.9588,520.0236,54.1299,28.0686,1.000000,1,0
438,3,499.7447,489.9246,472.6219,68.5493,1.000000,0,1
438,4,555.9004,519.8858,55.3064,24.8355,1.000000,1,0
439,1,364.8599,519.1334,132.4642,19.2220,1.000000,0,1
439,2,392.5161,519.9698,54.1473,28.0574,1.000000,1,0
439,3,499.5228,489.7862,472.5283,68.5355,1.000000,0,1
439,4,554.4888,519.7693,55.3210,24.8214,1.000000,1,0
440,1,363.8412,519.0503,132.4408,19.2108,1.000000,0,1
440,2,391.0724,519.9191,54.1645,28.0463,1.000000,1,0
440,3,499.3020,489.6421,472.4321,68.5213,1.000000,0,1
440,4,553.0756,519.6481,55.3359,24.8071,1.000000,1,0
441,1,362.8236,518.9711,132.4171,19.1997,1.000000,0,1
441,2,389.6292,519.8712,54.1816,28.0352,1.000000,1,0
441,3,499.0817,489.4942,472.3354,68.5068,1.000000,0,1
441,4,551.6619,519.5264,55.3510,24.7929,1.000000,1,0
442,1,361.8069,518.8964,132.3930,19.1889,1.000000,0,1
442,2,388.1878,519.8251,54.1985,28.0241,1.000000,1,0
442,3,498.8620,489.3440,472.2382,68.4922,1.000000,0,1
442,4,550.2479,519.4084,55.3663,24.7790,1.000000,1,0
443,1,360.7901,518.8231,132.3688,19.1782,1.000000,0,1
443,2,386.7458,519.7780,54.2153,28.0130,1.000000,1,0
443,3,498.6432,489.1882,472.1393,68.4773,1.000000,0,1
443,4,548.8326,519.2872,55.3817,24.7650,1.000000,1,0
444,1,359.7733,518.7515,132.3444,19.1676,1.000000,0,1
444,2,385.3044,519.7301,54.2319,28.0017,1.000000,1,0
444,3,498.4251,489.0288,472.0394,68.4620,1.000000,0,1
444,4,547.4175,519.1669,55.3971,24.7510,1.000000,1,0
445,1,358.7563,518.6824,132.3196,19.1571,1.000000,0,1
445,2,383.8639,519.6819,54.2483,27.9903,1.000000,1,0
445,3,498.2077,488.8672,471.9384,68.4466,1.000000,0,1
445,4,546.0032,519.0513,55.4128,24.7374,1.000000,1,0
446,1,357.7387,518.6132,132.2948,19.1466,1.000000,0,1
446,2,382.4223,519.6319,54.2644,27.9787,1.000000,1,0
446,3,497.9914,488.7001,471.8356,68.4307,1.000000,0,1
446,4,544.5881,518.9332,55.4284,24.7237,1.000000,1,0
447,1,356.7212,518.5447,132.2697,19.1361,1.000000,0,1
447,2,380.9813,519.5807,54.2804,27.9671,1.000000,1,0
447,3,497.7755,488.5297,471.7326,68.4147,1.000000,0,1
447,4,543.1735,518.8164,55.4442,24.7101,1.000000,1,0
448,1,355.7034,518.4775,132.2445,19.1257,1.000000,0,1
448,2,379.5421,519.5291,54.2962,27.9553,1.000000,1,0
448,3,497.5604,488.3575,471.6291,68.3986,1.000000,0,1
448,4,541.7599,518.7048,55.4600,24.6968,1.000000,1,0
449,1,354.6855,518.4097,132.2192,19.1153,1.000000,0,1
449,2,378.1025,519.4751,54.3120,27.9433,1.000000,1,0
449,3,497.3461,488.1796,471.5242,68.3821,1.000000,0,1
449,4,540.3458,518.5922,55.4759,24.6835,1.000000,1,0
450,1,353.6677,518.3420,132.1938,19.1048,1.000000,0,1
450,2,376.6642,519.4198,54.3276,27.9314,1.000000,1,0
450,3,497.1322,487.9986,471.4194,68.3655,1.000000,0,1
450,4,538.9327,518.4827,55.4919,24.6704,1.000000,1,0
451,1,352.6498,518.2756,132.1685,19.0944,1.000000,0,1
451,2,375.2285,519.3641,54.3429,27.9192,1.000000,1,0
451,3,496.9189,487.8163,471.3147,68.3489,1.000000,0,1
451,4,537.5219,518.3802,55.5079,24.6578,1.000000,1,0
452,1,351.6311,518.2084,132.1433,19.0841,1.000000,0,1
452,2,373.7909,519.3072,54.3583,27.9070,1.000000,1,0
452,3,496.7064,487.6286,471.2087,68.3320,1.000000,0,1
452,4,536.1116,518.2791,55.5242,24.6453,1.000000,1,0
453,1,350.6129,518.1417,132.1176,19.0737,1.000000,0,1
453,2,372.3539,519.2502,54.3736,27.8948,1.000000,1,0
453,3,496.4944,487.4380,471.1023,68.3149,1.000000,0,1
453,4,534.7028,518.1819,55.5405,24.6330,1.000000,1,0
454,1,349.5951,518.0765,132.0920,19.0633,1.000000,0,1
454,2,370.9193,519.1940,54.3888,27.8827,1.000000,1,0
454,3,496.2828,487.2467,470.9960,68.2978,1.000000,0,1
454,4,533.2957,518.0914,55.5571,24.6213,1.000000,1,0
455,1,348.5765,518.0106,132.0663,19.0530,1.000000,0,1
455,2,369.4856,519.1377,54.4039,27.8706,1.000000,1,0
455,3,496.0716,487.0500,470.8889,68.2805,1.000000,0,1
455,4,531.8884,518.0029,55.5739,24.6097,1.000000,1,0
456,1,347.5578,517.9453,132.0407,19.0427,1.000000,0,1
456,2,368.0545,519.0818,54.4189,27.8583,1.000000,1,0
456,3,495.8607,486.8510,470.7819,68.2630,1.000000,0,1
456,4,530.4811,517.9186,55.5909,24.5984,1.000000,1,0
457,1,346.5398,517.8816,132.0150,19.0325,1.000000,0,1
457,2,366.6266,519.0266,54.4339,27.8462,1.000000,1,0
457,3,495.6497,486.6515,470.6755,68.2457,1.000000,0,1
457,4,529.0746,517.8413,55.6080,24.5875,1.000000,1,0
458,1,345.5222,517.8173,131.9891,19.0222,1.000000,0,1
458,2,365.1989,518.9705,54.4486,27.8340,1.000000,1,0
458,3,495.4389,486.4471,470.5684,68.2282,1.000000,0,1
458,4,527.6679,517.7672,55.6253,24.5769,1.000000,1,0
459,1,344.5052,517.7531,131.9633,19.0120,1.000000,0,1
459,2,363.7724,518.9139,54.4634,27.8217,1.000000,1,0
459,3,495.2277,486.2406,470.4620,68.2106,1.000000,0,1
459,4,526.2615,517.6969,55.6428,24.5665,1.000000,1,0
460,1,343.4890,517.6901,131.9373,19.0018,1.000000,0,1
460,2,362.3490,518.8568,54.4778,27.8093,1.000000,1,0
460,3,495.0162,486.0344,470.3566,68.1933,1.000000,0,1
460,4,524.8560,517.6320,55.6604,24.5565,1.000000,1,0
461,1,342.4726,517.6259,131.9116,18.9916,1.000000,0,1
461,2,360.9268,518.7975,54.4923,27.7968,1.000000,1,0
461,3,494.8040,485.8235,470.2515,68.1759,1.000000,0,1
461,4,523.4503,517.5687,55.6782,24.5466,1.000000,1,0
462,1,341.4570,517.5612,131.8857,18.9813,1.000000,0,1
462,2,359.5072,518.7363,54.5065,27.7842,1.000000,1,0
462,3,494.5912,485.6108,470.1465,68.1584,1.000000,0,1
462,4,522.0452,517.5078,55.6959,24.5369,1.000000,1,0
463,1,340.4424,517.4974,131.8597,18.9712,1.000000,0,1
463,2,358.0911,518.6736,54.5203,27.7714,1.000000,1,0
463,3,494.3778,485.3987,470.0424,68.1411,1.000000,0,1
463,4,520.6410,517.4497,55.7138,24.5274,1.000000,1,0
464,1,339.4277,517.4321,131.8337,18.9608,1.000000,0,1
464,2,356.6764,518.6070,54.5339,27.7583,1.000000,1,0
464,3,494.1629,485.1829,469.9393,68.1239,1.000000,0,1
464,4,519.2376,517.3915,55.7316,24.5179,1.000000,1,0
465,1,338.4138,517.3663,131.8078,18.9505,1.000000,0,1
465,2,355.2642,518.5375,54.5475,27.7451,1.000000,1,0
465,3,493.9471,484.9658,469.8368,68.1068,1.000000,0,1
465,4,517.8350,517.3347,55.7495,24.5084,1.000000,1,0
466,1,337.4012,517.3010,131.7817,18.9401,1.000000,0,1
466,2,353.8553,518.4660,54.5607,27.7317,1.000000,1,0
466,3,493.7301,484.7498,469.7361,68.0900,1.000000,0,1
466,4,516.4331,517.2809,55.7675,24.4993,1.000000,1,0
467,1,336.3893,517.2338,131.7556,18.9297,1.000000,0,1
467,2,352.4480,518.3898,54.5739,27.7180,1.000000,1,0
467,3,493.5110,484.5305,469.6371,68.0734,1.000000,0,1
467,4,515.0318,517.2277,55.7857,24.4901,1.000000,1,0
468,1,335.3785,517.1656,131.7295,18.9191,1.000000,0,1
468,2,351.0438,518.3102,54.5867,27.7042,1.000000,1,0
468,3,493.2901,484.3107,469.5396,68.0569,1.000000,0,1
468,4,513.6317,517.1771,55.8038,24.4811,1.000000,1,0
469,1,334.3686,517.0975,131.7035,18.9087,1.000000,0,1
469,2,349.6436,518.2282,54.5993,27.6901,1.000000,1,0
469,3,493.0681,484.0930,469.4438,68.0409,1.000000,0,1
469,4,512.2330,517.1315,55.8219,24.4725,1.000000,1,0
470,1,333.3593,517.0272,131.6775,18.8981,1.000000,0,1
470,2,348.2462,518.1401,54.6116,27.6757,1.000000,1,0
470,3,492.8435,483.8723,469.3501,68.0250,1.000000,0,1
470,4,510.8348,517.0890,55.8403,24.4640,1.000000,1,0
471,1,332.3505,516.9562,131.6516,18.8874,1.000000,0,1
471,2,346.8526,518.0492,54.6237,27.6610,1.000000,1,0
471,3,492.6169,483.6517,469.2588,68.0096,1.000000,0,1
471,4,509.4378,517.0509,55.8585,24.4557,1.000000,1,0
472,1,331.3422,516.8860,131.6262,18.8768,1.000000,0,1
472,2,345.4633,517.9584,54.6356,27.6464,1.000000,1,0
472,3,492.3884,483.4335,469.1697,67.9946,1.000000,0,1
472,4,508.0417,517.0190,55.8767,24.4478,1.000000,1,0
473,1,330.3342,516.8138,131.6008,18.8662,1.000000,0,1
473,2,344.0766,517.8638,54.6472,27.6315,1.000000,1,0
473,3,492.1567,483.2133,469.0841,67.9801,1.000000,0,1
473,4,506.6461,516.9929,55.8950,24.4402,1.000000,1,0
474,1,329.3265,516.7413,131.5757,18.8555,1.000000,0,1
474,2,342.6931,517.7686,54.6586,27.6165,1.000000,1,0
474,3,491.9231,482.9936,469.0013,67.9660,1.000000,0,1
474,4,505.2508,516.9720,55.9132,24.4327,1.000000,1,0
475,1,328.3192,516.6694,131.5509,18.8450,1.000000,0,1
475,2,341.3141,517.6756,54.6698,27.6015,1.000000,1,0
475,3,491.6883,482.7768,468.9214,67.9524,1.000000,0,1
475,4,503.8557,516.9561,55.9313,24.4255,1.000000,1,0
476,1,327.3120,516.5958,131.5265,18.8344,1.000000,0,1
476,2,339.9380,517.5803,54.6807,27.5864,1.000000,1,0
476,3,491.4514,482.5591,468.8451,67.9395,1.000000,0,1
476,4,502.4611,516.9442,55.9491,24.4184,1.000000,1,0
477,1,326.3050,516.5219,131.5026,18.8238,1.000000,0,1
477,2,338.5654,517.4852,54.6914,27.5712,1.000000,1,0
477,3,491.2129,482.3429,468.7728,67.9271,1.000000,0,1
477,4,501.0671,516.9343,55.9666,24.4112,1.000000,1,0
478,1,325.2985,516.4482,131.4789,18.8145,1.000000,0,1
478,2,337.1970,517.3926,54.7018,27.5560,1.000000,1,0
478,3,490.9729,482.1303,468.7057,67.9155,1.000000,0,1
478,4,499.6736,516.9243,55.9837,24.4038,1.000000,1,0
479,1,324.2916,516.3689,131.4557,18.8087,1.000000,0,1
479,2,335.8317,517.2962,54.7118,27.5405,1.000000,1,0
479,3,490.7305,481.9177,468.6432,67.9047,1.000000,0,1
479,4,498.2799,516.9132,56.0006,24.3963,1.000000,1,0
480,1,323.2845,516.2887,131.4329,18.8030,1.000000,0,1
480,2,334.4696,517.1990,54.7215,27.5249,1.000000,1,0
480,3,490.4860,481.7069,468.5847,67.8946,1.000000,0,1
480,4,496.8864,516.9003,56.0172,24.3886,1.000000,0.9375,0.0625
481,1,322.2779,516.2097,131.4105,18.7973,1.000000,0,1
481,2,333.1104,517.1036,54.7313,27.5094,1.000000,1,0
481,3,490.2392,481.4995,468.5306,67.8852,1.000000,0,1
481,4,495.4932,516.8846,56.0334,24.3806,1.000000,1,0
482,1,321.2711,516.1295,131.3884,18.7916,1.000000,0,1
482,2,331.7538,517.0048,54.7407,27.4936,1.000000,1,0
482,3,489.9891,481.2924,468.4811,67.8766,1.000000,0,1
482,4,494.1002,516.8660,56.0493,24.3724,1.000000,1,0
483,1,320.2642,516.0504,131.3668,18.7860,1.000000,0,1
483,2,330.3996,516.9059,54.7499,27.4779,1.000000,1,0
483,3,489.7366,481.0879,468.4355,67.8685,1.000000,0,1
483,4,492.7082,516.8448,56.0649,24.3639,1.000000,0.9375,0.0625
484,1,319.2575,515.9741,131.3455,18.7806,1.000000,0,1
484,2,329.0481,516.8101,54.7592,27.4623,1.000000,1,0
484,3,489.4821,480.8879,468.3936,67.8613,1.000000,0,1
484,4,491.3187,516.8214,56.0804,24.3553,1.000000,0.9375,0.0625
485,1,318.2505,515.8979,131.3245,18.7751,1.000000,0,1
485,2,327.6984,516.7111,54.7683,27.4465,1.000000,1,0
485,3,489.2244,480.6893,468.3563,67.8547,1.000000,0,1
485,4,489.9327,516.7944,56.0955,24.3463,1.000000,0.9375,0.0625
486,1,317.2442,515.8231,131.3035,18.7697,1.000000,0,1
486,2,326.3507,516.6122,54.7772,27.4306,1.000000,1,0
486,3,488.9640,480.4940,468.3232,67.8489,1.000000,0,1
486,4,488.5490,516.7654,56.1104,24.3373,1.000000,0.9375,0.0625
487,1,316.2385,515.7506,131.2829,18.7643,1.000000,0,1
487,2,325.0056,516.5167,54.7862,27.4150,1.000000,1,0
487,3,488.7011,480.3050,468.2945,67.8440,1.000000,0,1
487,4,487.1671,516.7360,56.1254,24.3282,1.000000,0.875,0.125
488,1,315.2334,515.6776,131.2621,18.7589,1.000000,0,1
488,2,323.6620,516.4168,54.7948,27.4008,1.000000,1,0
488,3,488.4361,480.1185,468.2680,67.8394,1.000000,0,1
488,4,485.7866,516.7054,56.1402,24.3191,1.000000,0.875,0.125
489,1,314.2291,515.6055,131.2415,18.7536,1.000000,0,1
489,2,322.3203,516.3159,54.8033,27.3882,1.000000,1,0
489,3,488.1692,479.9365,468.2443,67.8354,1.000000,0,1
489,4,484.4070,516.6755,56.1550,24.3100,1.000000,0.625,0.375
490,1,313.2257,515.5355,131.2210,18.7482,1.000000,0,1
490,2,320.9802,516.2189,54.8118,27.3757,1.000000,1,0
490,3,487.9000,479.7611,468.2250,67.8322,1.000000,0,1
490,4,483.0281,516.6475,56.1699,24.3011,1.000000,0.8125,0.1875
491,1,312.2234,515.4645,131.2002,18.7429,1.000000,0,1
491,2,319.6431,516.1199,54.8198,27.3630,1.000000,1,0
491,3,487.6290,479.5908,468.2075,67.8295,1.000000,0,1
491,4,481.6498,516.6207,56.1848,24.2922,1.000000,0.6875,0.3125
492,1,311.2214,515.3939,131.1796,18.7376,1.000000,0,1
492,2,318.3092,516.0219,54.8274,27.3502,1.000000,1,0
492,3,487.3567,479.4267,468.1923,67.8273,1.000000,0,1
492,4,480.2719,516.5959,56.1997,24.2835,1.000000,0.625,0.375
493,1,310.2202,515.3249,131.1589,18.7322,1.000000,0,1
493,2,316.9769,515.9276,54.8351,27.3374,1.000000,1,0
493,3,487.0828,479.2705,468.1803,67.8258,1.000000,0,1
493,4,478.8945,516.5735,56.2147,24.2749,1.000000,0.75,0.25
494,1,309.2199,515.2550,131.1383,18.7269,1.000000,0,1
494,2,315.6451,515.8306,54.8425,27.3245,1.000000,1,0
494,3,486.8071,479.1203,468.1696,67.8246,1.000000,0,1
494,4,477.5179,516.5507,56.2295,24.2662,1.000000,0.75,0.25
495,1,308.2206,515.1852,131.1175,18.7216,1.000000,0,1
495,2,314.3133,515.7352,54.8500,27.3117,1.000000,1,0
495,3,486.5301,478.9771,468.1601,67.8238,1.000000,0,1
495,4,476.1416,516.5276,56.2444,24.2576,1.000000,0.75,0.25
496,1,307.2217,515.1166,131.0970,18.7163,1.000000,0,1
496,2,312.9810,515.6447,54.8578,27.2991,1.000000,1,0
496,3,486.2526,478.8422,468.1518,67.8235,1.000000,0,1
496,4,474.7657,516.5046,56.2592,24.2490,1.000000,0.75,0.25
497,1,306.2240,515.0474,131.0762,18.7109,1.000000,0,1
497,2,311.6472,515.5537,54.8657,27.2865,1.000000,1,0
497,3,485.9747,478.7145,468.1435,67.8233,1.000000,0,1
497,4,473.3905,516.4794,56.2738,24.2401,1.000000,0.6875,0.3125
498,1,305.2267,514.9786,131.0556,18.7056,1.000000,0,1
498,2,310.3123,515.4651,54.8738,27.2741,1.000000,1,0
498,3,485.6964,478.5946,468.1359,67.8234,1.000000,0,1
498,4,472.0167,516.4516,56.2883,24.2317,1.000000,0.6875,0.3125
499,1,304.2292,514.9119,131.0353,18.7003,1.000000,0,1
499,2,308.9759,515.3818,54.8824,27.2620,1.000000,1,0
499,3,485.4184,478.4836,468.1291,67.8239,1.000000,0,1
499,4,470.6451,516.4219,56.3026,24.2237,1.000000,0.75,0.25
500,1,303.2327,514.8448,131.0148,18.6951,1.000000,0,1
500,2,307.6374,515.2991,54.8914,27.2500,1.000000,1,0
500,3,485.1404,478.3801,468.1219,67.8245,1.000000,0,1
500,4,469.2761,516.3882,56.3165,24.2155,1.000000,0.625,0.375
501,1,302.2361,514.7788,130.9947,18.6899,1.000000,0,1
501,2,306.2976,515.2189,54.9005,27.2382,1.000000,1,0
501,3,484.8624,478.2838,468.1148,67.8253,1.000000,0,1
501,4,467.9089,516.3513,56.3303,24.2074,1.000000,0.6875,0.3125
502,1,301.2389,514.7150,130.9748,18.6847,1.000000,0,1
502,2,304.9558,515.1432,54.9103,27.2267,1.000000,1,0
502,3,484.5846,478.1959,468.1077,67.8263,1.000000,0,1
502,4,466.5429,516.3123,56.3442,24.1991,1.000000,0.625,0.375
503,1,300.2422,514.6514,130.9547,18.6796,1.000000,0,1
503,2,303.6114,515.0681,54.9202,27.2152,1.000000,1,0
503,3,484.3077,478.1149,468.0999,67.8274,1.000000,0,1
503,4,465.1789,516.2681,56.3579,24.1908,1.000000,0.625,0.375
504,1,299.2451,514.5889,130.9349,18.6744,1.000000,0,1
504,2,302.2650,514.9952,54.9303,27.2040,1.000000,1,0
504,3,484.0313,478.0401,468.0921,67.8287,1.000000,0,1
504,4,463.8162,516.2212,56.3715,24.1825,1.000000,0.625,0.375
505,1,298.2465,514.5283,130.9156,18.6693,1.000000,0,1
505,2,300.9175,514.9271,54.9410,27.1930,1.000000,1,0
505,3,483.7550,477.9728,468.0849,67.8302,1.000000,0,1
505,4,462.4539,516.1733,56.3851,24.1742,1.000000,0.5,0.5
506,1,297.2482,514.4683,130.8963,18.6643,1.000000,0,1
506,2,299.5688,514.8582,54.9517,27.1821,1.000000,1,0
506,3,483.4803,477.9129,468.0774,67.8318,1.000000,0,1
506,4,461.0923,516.1212,56.3984,24.1658,1.000000,0.5,0.5
507,1,296.2495,514.4098,130.8772,18.6593,1.000000,0,1
507,2,298.2189,514.7904,54.9628,27.1713,1.000000,1,0
507,3,483.2062,477.8589,468.0699,67.8336,1.000000,0,1
507,4,459.7316,516.0664,56.4116,24.1572,1.000000,0.3125,0.6875
508,1,295.2498,514.3536,130.8587,18.6544,1.000000,0,1
508,2,296.8680,514.7264,54.9742,27.1608,1.000000,1,0
508,3,482.9322,477.8109,468.0636,67.8358,1.000000,0,1
508,4,458.3717,516.0104,56.4248,24.1487,1.000000,0.3125,0.6875
509,1,294.2514,514.2992,130.8399,18.6495,1.000000,0,1
509,2,295.5162,514.6631,54.9859,27.1504,1.000000,1,0
509,3,482.6593,477.7694,468.0581,67.8381,1.000000,0,1
509,4,457.0127,515.9482,56.4377,24.1400,1.000000,0.5625,0.4375
510,1,293.2526,514.2471,130.8216,18.6447,1.000000,0,1
510,2,294.1632,514.6028,54.9981,27.1403,1.000000,1,0
510,3,482.3877,477.7338,468.0524,67.8407,1.000000,0,1
510,4,455.6541,515.8821,56.4506,24.1313,1.000000,0.3125,0.6875
511,1,292.2528,514.1975,130.8037,18.6399,1.000000,0,1
511,2,292.8091,514.5471,55.0106,27.1304,1.000000,1,0
511,3,482.1177,477.7039,468.0469,67.8433,1.000000,0,1
511,4,454.2962,515.8148,56.4634,24.1225,1.000000,0.5,0.5
512,1,291.2531,514.1490,130.7859,18.6351,1.000000,0,1
512,2,291.4527,514.4912,55.0238,27.1209,1.000000,1,0
512,3,481.8493,477.6794,468.0415,67.8460,1.000000,0,1
512,4,452.9402,515.7401,56.4759,24.1136,1.000000,0.3125,0.6875
513,1,290.2531,514.1027,130.7685,18.6305,1.000000,0,1
513,2,290.0942,514.4371,55.0374,27.1115,1.000000,1,0
513,3,481.5823,477.6599,468.0359,67.8490,1.000000,0,1
513,4,451.5862,515.6608,56.4881,24.1045,1.000000,0.1875,0.8125
514,1,289.2524,514.0593,130.7513,18.6259,1.000000,0,1
514,2,288.7335,514.3867,55.0516,27.1024,1.000000,1,0
514,3,481.3168,477.6462,468.0308,67.8520,1.000000,0,1
514,4,450.2341,515.5794,56.5003,24.0955,1.000000,0.3125,0.6875
515,1,288.2509,514.0182,130.7342,18.6213,1.000000,0,1
515,2,287.3696,514.3370,55.0664,27.0936,1.000000,1,0
515,3,481.0532,477.6386,468.0243,67.8550,1.000000,0,1
515,4,448.8841,515.4893,56.5122,24.0862,1.000000,0.1875,0.8125
516,1,287.2479,513.9799,130.7176,18.6168,1.000000,0,1
516,2,286.0027,514.2898,55.0817,27.0852,1.000000,1,0
516,3,480.7908,477.6362,468.0176,67.8581,1.000000,0,1
516,4,447.5357,515.3950,56.5241,24.0770,1.000000,0.1875,0.8125
517,1,286.2430,513.9449,130.7016,18.6124,1.000000,0,1
517,2,284.6326,514.2478,55.0976,27.0771,1.000000,0.9375,0.0625
517,3,480.5300,477.6387,468.0104,67.8612,1.000000,0,1
517,4,446.1887,515.3005,56.5363,24.0679,1.000000,0.125,0.875
518,1,285.2381,513.9136,130.6857,18.6081,1.000000,0,1
518,2,283.2579,514.2088,55.1139,27.0691,1.000000,1,0
518,3,480.2716,477.6466,468.0020,67.8641,1.000000,0,1
518,4,444.8434,515.1987,56.5483,24.0586,1.000000,0.0625,0.9375
519,1,284.2320,513.8854,130.6704,18.6039,1.000000,0,1
519,2,281.8799,514.1724,55.1306,27.0614,1.000000,0.9375,0.0625
519,3,480.0154,477.6588,467.9915,67.8670,1.000000,0,1
519,4,443.4995,515.0950,56.5605,24.0495,1.000000,0.375,0.625
520,1,283.2231,513.8601,130.6559,18.5998,1.000000,0,1
520,2,280.4990,514.1395,55.1478,27.0538,1.000000,1,0
520,3,479.7608,477.6755,467.9800,67.8698,1.000000,0,1
520,4,442.1559,514.9954,56.5731,24.0406,1.000000,0.3125,0.6875
521,1,282.2141,513.8370,130.6414,18.5958,1.000000,0,1
521,2,279.1134,514.1109,55.1655,27.0466,1.000000,0.9375,0.0625
521,3,479.5082,477.6976,467.9680,67.8725,1.000000,0,1
521,4,440.8130,514.8940,56.5856,24.0317,1.000000,0.25,0.75
522,1,281.2038,513.8154,130.6273,18.5917,1.000000,0,1
522,2,277.7248,514.0858,55.1838,27.0396,1.000000,0.9375,0.0625
522,3,479.2574,477.7234,467.9549,67.8752,1.000000,0,1
522,4,439.4711,514.7954,56.5982,24.0229,1.000000,0.0625,0.9375
523,1,280.1914,513.7960,130.6136,18.5878,1.000000,0,1
523,2,276.3350,514.0637,55.2021,27.0327,1.000000,0.9375,0.0625
523,3,479.0079,477.7524,467.9396,67.8777,1.000000,0,1
523,4,438.1293,514.7043,56.6114,24.0143,1.000000,0.125,0.875
524,1,279.1785,513.7775,130.5998,18.5839,1.000000,0,1
524,2,274.9442,514.0426,55.2205,27.0259,1.000000,0.9375,0.0625
524,3,478.7601,477.7856,467.9231,67.8801,1.000000,0,1
524,4,436.7883,514.6128,56.6245,24.0057,1.000000,0.125,0.875
525,1,278.1643,513.7600,130.5864,18.5800,1.000000,0,1
525,2,273.5520,514.0220,55.2394,27.0193,1.000000,0.9375,0.0625
525,3,478.5139,477.8212,467.9047,67.8822,1.000000,0,1
525,4,435.4475,514.5237,56.6376,23.9973,1.000000,0,1
526,1,277.1478,513.7430,130.5737,18.5762,1.000000,0,1
526,2,272.1580,514.0024,55.2584,27.0127,1.000000,0.9375,0.0625
526,3,478.2685,477.8588,467.8849,67.8842,1.000000,0,1
526,4,434.1063,514.4400,56.6512,23.9890,1.000000,0,1
527,1,276.1310,513.7249,130.5609,18.5724,1.000000,0,1
527,2,270.7629,513.9827,55.2778,27.0063,1.000000,0.9375,0.0625
527,3,478.0249,477.8992,467.8635,67.8859,1.000000,0,1
527,4,432.7654,514.3547,56.6643,23.9805,1.000000,0,1
528,1,275.1129,513.7064,130.5485,18.5687,1.000000,0,1
528,2,269.3670,513.9631,55.2972,27.0001,1.000000,0.9375,0.0625
528,3,477.7821,477.9420,467.8410,67.8876,1.000000,0,1
528,4,431.4248,514.2707,56.6775,23.9721,1.000000,0,1
529,1,274.0928,513.6884,130.5369,18.5651,1.000000,0,1
529,2,267.9698,513.9437,55.3173,26.9940,1.000000,0.9375,0.0625
529,3,477.5402,477.9865,467.8169,67.8890,1.000000,0,1
529,4,430.0835,514.1898,56.6912,23.9639,1.000000,0.0625,0.9375
530,1,273.0722,513.6702,130.5256,18.5615,1.000000,0,1
530,2,266.5714,513.9268,55.3378,26.9881,1.000000,0.875,0.125
530,3,477.2996,478.0313,467.7913,67.8903,1.000000,0,1
530,4,428.7415,514.1064,56.7048,23.9558,1.000000,0,1
531,1,272.0506,513.6519,130.5145,18.5579,1.000000,0,1
531,2,265.1715,513.9126,55.3586,26.9825,1.000000,0.9375,0.0625
531,3,477.0599,478.0764,467.7643,67.8913,1.000000,0,1
531,4,427.3986,514.0233,56.7190,23.9478,1.000000,0,1
532,1,271.0269,513.6337,130.5042,18.5545,1.000000,0,1
532,2,263.7695,513.9015,55.3798,26.9771,1.000000,0.9375,0.0625
532,3,476.8204,478.1223,467.7368,67.8922,1.000000,0,1
532,4,426.0546,513.9425,56.7337,23.9401,1.000000,0,1
533,1,270.0022,513.6158,130.4941,18.5511,1.000000,0,1
533,2,262.3656,513.8953,55.4015,26.9720,1.000000,0.9375,0.0625
533,3,476.5817,478.1678,467.7079,67.8930,1.000000,0,1
533,4,424.7094,513.8596,56.7488,23.9325,1.000000,0,1
534,1,268.9755,513.5988,130.4843,18.5477,1.000000,0,1
534,2,260.9594,513.8927,55.4237,26.9672,1.000000,0.875,0.125
534,3,476.3433,478.2126,467.6783,67.8936,1.000000,0,1
534,4,423.3624,513.7781,56.7646,23.9253,1.000000,0,1
535,1,267.9461,513.5831,130.4755,18.5445,1.000000,0,1
535,2,259.5509,513.8927,55.4461,26.9624,1.000000,0.875,0.125
535,3,476.1053,478.2563,467.6480,67.8941,1.000000,0,1
535,4,422.0135,513.7019,56.7810,23.9184,1.000000,0,1
536,1,266.9153,513.5695,130.4669,18.5414,1.000000,0,1
536,2,258.1400,513.8969,55.4689,26.9578,1.000000,1,0
536,3,475.8689,478.2991,467.6174,67.8944,1.000000,0,1
536,4,420.6621,513.6287,56.7982,23.9117,1.000000,0,1
537,1,265.8823,513.5574,130.4591,18.5383,1.000000,0,1
537,2,256.7269,513.9034,55.4917,26.9534,1.000000,0.9375,0.0625
537,3,475.6333,478.3411,467.5864,67.8948,1.000000,0,1
537,4,419.3088,513.5615,56.8160,23.9054,1.000000,0,1
538,1,264.8467,513.5467,130.4518,18.5354,1.000000,0,1
538,2,255.3111,513.9113,55.5149,26.9489,1.000000,0.8125,0.1875
538,3,475.3978,478.3815,467.5563,67.8951,1.000000,0,1
538,4,417.9535,513.5039,56.8344,23.8995,1.000000,0,1
539,1,263.8093,513.5370,130.4454,18.5325,1.000000,0,1
539,2,253.8936,513.9208,55.5381,26.9446,1.000000,0.875,0.125
539,3,475.1624,478.4206,467.5262,67.8955,1.000000,0,1
539,4,416.5961,513.4537,56.8535,23.8939,1.000000,0,1
540,1,262.7695,513.5284,130.4395,18.5298,1.000000,0,1
540,2,252.4736,513.9305,55.5614,26.9403,1.000000,0.875,0.125
540,3,474.9268,478.4578,467.4963,67.8958,1.000000,0,1
540,4,415.2363,513.4121,56.8732,23.8886,1.000000,0,1
541,1,261.7273,513.5208,130.4344,18.5271,1.000000,0,1
541,2,251.0501,513.9396,55.5850,26.9362,1.000000,0.75,0.25
541,3,474.6909,478.4926,467.4661,67.8960,1.000000,0,1
541,4,413.8736,513.3807,56.8933,23.8835,1.000000,0,1
542,1,260.6826,513.5132,130.4297,18.5246,1.000000,0,1
542,2,249.6254,513.9491,55.6089,26.9321,1.000000,0.875,0.125
542,3,474.4544,478.5254,467.4354,67.8962,1.000000,0,1
542,4,412.5080,513.3585,56.9137,23.8788,1.000000,0,1
543,1,259.6351,513.5063,130.4257,18.5222,1.000000,0,1
543,2,248.2001,513.9589,55.6327,26.9280,1.000000,0.9375,0.0625
543,3,474.2169,478.5560,467.4053,67.8963,1.000000,0,1
543,4,411.1395,513.3441,56.9348,23.8742,1.000000,0,1
544,1,258.5854,513.4998,130.4224,18.5198,1.000000,0,1
544,2,246.7735,513.9683,55.6567,26.9240,1.000000,0.875,0.125
544,3,473.9780,478.5854,467.3751,67.8964,1.000000,0,1
544,4,409.7681,513.3356,56.9562,23.8699,1.000000,0,1
545,1,257.5352,513.4928,130.4195,18.5175,1.000000,0,1
545,2,245.3469,513.9777,55.6809,26.9201,1.000000,0.6875,0.3125
545,3,473.7379,478.6130,467.3446,67.8965,1.000000,0,1
545,4,408.3942,513.3346,56.9782,23.8659,1.000000,0,1
546,1,256.4837,513.4856,130.4173,18.5153,1.000000,0,1
546,2,243.9189,513.9886,55.7055,26.9164,1.000000,0.875,0.125
546,3,473.4964,478.6386,467.3139,67.8965,1.000000,0,1
546,4,407.0183,513.3395,57.0005,23.8620,1.000000,0,1
547,1,255.4301,513.4780,130.4159,18.5132,1.000000,0,1
547,2,242.4883,514.0032,55.7303,26.9129,1.000000,0.8125,0.1875
547,3,473.2531,478.6623,467.2834,67.8965,1.000000,0,1
547,4,405.6406,513.3489,57.0232,23.8583,1.000000,0,1
548,1,254.3749,513.4697,130.4151,18.5112,1.000000,0,1
548,2,241.0572,514.0234,55.7556,26.9095,1.000000,0.875,0.125
548,3,473.0084,478.6848,467.2524,67.8964,1.000000,0,1
548,4,404.2608,513.3655,57.0463,23.8549,1.000000,0,1
549,1,253.3176,513.4611,130.4153,18.5094,1.000000,0,1
549,2,239.6248,514.0491,55.7811,26.9063,1.000000,0.6875,0.3125
549,3,472.7621,478.7066,467.2215,67.8964,1.000000,0,1
549,4,402.8788,513.3875,57.0698,23.8517,1.000000,0,1
550,1,252.2582,513.4531,130.4160,18.5076,1.000000,0,1
550,2,238.1908,514.0793,55.8066,26.9033,1.000000,0.625,0.375
550,3,472.5146,478.7281,467.1902,67.8963,1.000000,0,1
550,4,401.4948,513.4136,57.0938,23.8487,1.000000,0,1
551,1,251.1966,513.4446,130.4172,18.5058,1.000000,0,1
551,2,236.7586,514.1174,55.8322,26.9003,1.000000,0.75,0.25
551,3,472.2659,478.7491,467.1589,67.8961,1.000000,0,1
551,4,400.1093,513.4489,57.1179,23.8459,1.000000,0,1
552,1,250.1326,513.4365,130.4195,18.5043,1.000000,0,1
552,2,235.3267,514.1601,55.8577,26.8974,1.000000,0.75,0.25
552,3,472.0164,478.7693,467.1268,67.8959,1.000000,0,1
552,4,398.7225,513.4910,57.1425,23.8432,1.000000,0,1
553,1,249.0661,513.4308,130.4225,18.5028,1.000000,0,1
553,2,233.8927,514.2042,55.8835,26.8945,1.000000,0.75,0.25
553,3,471.7657,478.7890,467.0947,67.8957,1.000000,0,1
553,4,397.3347,513.5384,57.1672,23.8407,1.000000,0,1
554,1,247.9978,513.4268,130.4260,18.5015,1.000000,0,1
554,2,232.4592,514.2540,55.9092,26.8917,1.000000,0.8125,0.1875
554,3,471.5145,478.8096,467.0628,67.8956,1.000000,0,1
554,4,395.9469,513.5941,57.1921,23.8383,1.000000,0,1
555,1,246.9273,513.4250,130.4303,18.5002,1.000000,0,1
555,2,231.0243,514.3074,55.9352,26.8891,1.000000,0.75,0.25
555,3,471.2628,478.8307,467.0307,67.8954,1.000000,0,1
555,4,394.5589,513.6545,57.2170,23.8360,1.000000,0,1
556,1,245.8547,513.4266,130.4355,18.4991,1.000000,0,1
556,2,229.5871,514.3627,55.9612,26.8866,1.000000,0.6875,0.3125
556,3,471.0107,478.8522,466.9984,67.8952,1.000000,0,1
556,4,393.1705,513.7166,57.2420,23.8337,1.000000,0,1
557,1,244.7799,513.4319,130.4413,18.4982,1.000000,0,1
557,2,228.1523,514.4226,55.9876,26.8842,1.000000,0.6875,0.3125
557,3,470.7582,478.8742,466.9658,67.8951,1.000000,0,1
557,4,391.7822,513.7855,57.2670,23.8316,1.000000,0,1
558,1,243.7035,513.4406,130.4475,18.4973,1.000000,0,1
558,2,226.7178,514.4856,56.0139,26.8819,1.000000,0.6875,0.3125
558,3,470.5054,478.8966,466.9333,67.8949,1.000000,0,1
558,4,390.3934,513.8583,57.2921,23.8294,1.000000,0,1
559,1,242.6253,513.4529,130.4543,18.4965,1.000000,0,1
559,2,225.2798,514.5497,56.0407,26.8797,1.000000,0.8125,0.1875
559,3,470.2527,478.9205,466.9012,67.8948,1.000000,0,1
559,4,389.0045,513.9321,57.3174,23.8274,1.000000,0,1
560,1,241.5459,513.4694,130.4613,18.4958,1.000000,0,1
560,2,223.8414,514.6190,56.0678,26.8778,1.000000,0.6875,0.3125
560,3,470.0005,478.9457,466.8691,67.8948,1.000000,0,1
560,4,387.6171,514.0118,57.3426,23.8254,1.000000,0,1
561,1,240.4656,513.4893,130.4685,18.4952,1.000000,0,1
561,2,222.4009,514.6924,56.0951,26.8760,1.000000,0.6875,0.3125
561,3,469.7482,478.9716,466.8373,67.8947,1.000000,0,1
561,4,386.2311,514.0947,57.3677,23.8234,1.000000,0,1
562,1,239.3835,513.5132,130.4759,18.4946,1.000000,0,1
562,2,220.9564,514.7697,56.1227,26.8743,1.000000,0.6875,0.3125
562,3,469.4958,478.9980,466.8051,67.8947,1.000000,0,1
562,4,384.8462,514.1787,57.3928,23.8214,1.000000,0,1
563,1,238.3006,513.5413,130.4834,18.4940,1.000000,0,1
563,2,219.5114,514.8556,56.1504,26.8727,1.000000,0.75,0.25
563,3,469.2435,479.0259,466.7735,67.8948,1.000000,0,1
563,4,383.4630,514.2703,57.4178,23.8196,1.000000,0,1
564,1,237.2173,513.5720,130.4907,18.4934,1.000000,0,1
564,2,218.0658,514.9480,56.1778,26.8711,1.000000,0.6875,0.3125
564,3,468.9911,479.0546,466.7424,67.8950,1.000000,0,1
564,4,382.0807,514.3658,57.4429,23.8177,1.000000,0,1
565,1,236.1349,513.6045,130.4978,18.4928,1.000000,0,1
565,2,216.6194,515.0440,56.2049,26.8694,1.000000,0.6875,0.3125
565,3,468.7389,479.0837,466.7117,67.8953,1.000000,0,1
565,4,380.6989,514.4618,57.4679,23.8158,1.000000,0,1
566,1,235.0537,513.6404,130.5048,18.4922,1.000000,0,1
566,2,215.1751,515.1492,56.2317,26.8677,1.000000,0.75,0.25
566,3,468.4869,479.1143,466.6817,67.8957,1.000000,0,1
566,4,379.3181,514.5673,57.4929,23.8140,1.000000,0,1
567,1,233.9729,513.6770,130.5118,18.4916,1.000000,0,1
567,2,213.7322,515.2589,56.2581,26.8657,1.000000,0.6875,0.3125
567,3,468.2349,479.1455,466.6522,67.8962,1.000000,0,1
567,4,377.9382,514.6777,57.5178,23.8122,1.000000,0,1
568,1,232.8931,513.7128,130.5181,18.4909,1.000000,0,1
568,2,212.2894,515.3678,56.2839,26.8636,1.000000,0.8125,0.1875
568,3,467.9831,479.1769,466.6235,67.8967,1.000000,0,1
568,4,376.5591,514.7875,57.5425,23.8104,1.000000,0,1
569,1,231.8132,513.7496,130.5242,18.4902,1.000000,0,1
569,2,210.8493,515.4822,56.3094,26.8613,1.000000,0.5625,0.4375
569,3,467.7314,479.2097,466.5959,67.8976,1.000000,0,1
569,4,375.1826,514.9039,57.5669,23.8086,1.000000,0,1
570,1,230.7333,513.7872,130.5303,18.4895,1.000000,0,1
570,2,209.4120,515.5979,56.3343,26.8588,1.000000,0.625,0.375
570,3,467.4794,479.2434,466.5691,67.8985,1.000000,0,1
570,4,373.8068,515.0225,57.5912,23.8067,1.000000,0,1
571,1,229.6534,513.8254,130.5365,18.4888,1.000000,0,1
571,2,207.9779,515.7108,56.3586,26.8560,1.000000,0.8125,0.1875
571,3,467.2264,479.2778,466.5432,67.8996,1.000000,0,1
571,4,372.4307,515.1389,57.6156,23.8048,1.000000,0,1
572,1,228.5734,513.8647,130.5424,18.4881,1.000000,0,1
572,2,206.5487,515.8245,56.3825,26.8531,1.000000,0.4375,0.5625
572,3,466.9727,479.3132,466.5184,67.9009,1.000000,0,1
572,4,371.0547,515.2601,57.6400,23.8030,1.000000,0,1
573,1,227.4936,513.9051,130.5484,18.4874,1.000000,0,1
573,2,205.1213,515.9375,56.4060,26.8500,1.000000,0.375,0.625
573,3,466.7185,479.3492,466.4947,67.9024,1.000000,0,1
573,4,369.6782,515.3822,57.6645,23.8012,1.000000,0,1
574,1,226.4147,513.9463,130.5540,18.4867,1.000000,0,1
574,2,203.6940,516.0479,56.4294,26.8469,1.000000,0.6875,0.3125
574,3,466.4636,479.3847,466.4717,67.9040,1.000000,0,1
574,4,368.3008,515.5009,57.6889,23.7994,1.000000,0,1
575,1,225.3359,513.9899,130.5601,18.4860,1.000000,0,1
575,2,202.2705,516.1613,56.4526,26.8438,1.000000,0.625,0.375
575,3,466.2082,479.4222,466.4504,67.9059,1.000000,0,1
575,4,366.9250,515.6244,57.7134,23.7976,1.000000,0,1
576,1,224.2570,514.0351,130.5663,18.4854,1.000000,0,1
576,2,200.8490,516.2752,56.4759,26.8406,1.000000,0.5,0.5
576,3,465.9521,479.4613,466.4304,67.9080,1.000000,0,1
576,4,365.5501,515.7485,57.7380,23.7960,1.000000,0,1
577,1,223.1780,514.0815,130.5726,18.4848,1.000000,0,1
577,2,199.4288,516.3873,56.4988,26.8373,1.000000,0.25,0.75
577,3,465.6949,479.5013,466.4114,67.9103,1.000000,0,1
577,4,364.1758,515.8700,57.7624,23.7942,1.000000,0,1
578,1,222.0985,514.1329,130.5791,18.4842,1.000000,0,1
578,2,198.0122,516.5043,56.5217,26.8353,1.000000,0.75,0.25
578,3,465.4370,479.5426,466.3940,67.9129,1.000000,0,1
578,4,362.8015,515.9971,57.7870,23.7926,1.000000,0,1
579,1,221.0187,514.1881,130.5855,18.4837,1.000000,0,1
579,2,196.5981,516.6211,56.5442,26.8359,1.000000,0.6875,0.3125
579,3,465.1783,479.5853,466.3781,67.9158,1.000000,0,1
579,4,361.4272,516.1259,57.8118,23.7909,1.000000,0,1
580,1,219.9384,514.2463,130.5922,18.4832,1.000000,0,1
580,2,195.1858,516.7368,56.5666,26.8363,1.000000,0.375,0.625
580,3,464.9185,479.6298,466.3638,67.9189,1.000000,0,1
580,4,360.0529,516.2529,57.8362,23.7893,1.000000,0,1
581,1,218.8583,514.3104,130.5983,18.4827,1.000000,0,1
581,2,193.7783,516.8567,56.5888,26.8370,1.000000,0.625,0.375
581,3,464.6581,479.6769,466.3513,67.9225,1.000000,0,1
581,4,358.6786,516.3862,57.8608,23.7876,1.000000,0,1
582,1,217.7783,514.3789,130.6046,18.4822,1.000000,0,1
582,2,192.3730,516.9774,56.6108,26.8375,1.000000,0.625,0.375
582,3,464.3967,479.7267,466.3405,67.9263,1.000000,0,1
582,4,357.3043,516.5194,57.8852,23.7879,1.000000,0,1
583,1,216.6984,514.4503,130.6104,18.4818,1.000000,0,1
583,2,190.9689,517.0953,56.6325,26.8379,1.000000,0.5,0.5
583,3,464.1348,479.7792,466.3308,67.9304,1.000000,0,1
583,4,355.9317,516.6469,57.9091,23.7908,1.000000,0,1
584,1,215.6190,514.5274,130.6159,18.4813,1.000000,0,1
584,2,189.5695,517.2154,56.6538,26.8382,1.000000,0.5,0.5
584,3,463.8723,479.8350,466.3227,67.9348,1.000000,0,1
584,4,354.5606,516.7785,57.9330,23.7938,1.000000,0,1
585,1,214.5409,514.6079,130.6210,18.4807,1.000000,0,1
585,2,188.1728,517.3342,56.6748,26.8383,1.000000,0.5625,0.4375
585,3,463.6095,479.8942,466.3161,67.9395,1.000000,0,1
585,4,353.1906,516.9098,57.9564,23.7966,1.000000,0,1
586,1,213.4640,514.6891,130.6255,18.4801,1.000000,0,1
586,2,186.7769,517.4475,56.6958,26.8381,1.000000,0.5,0.5
586,3,463.3463,479.9565,466.3110,67.9446,1.000000,0,1
586,4,351.8219,517.0360,57.9793,23.7990,1.000000,0,1
587,1,212.3870,514.7738,130.6297,18.4794,1.000000,0,1
587,2,185.3841,517.5596,56.7165,26.8378,1.000000,0.5,0.5
587,3,463.0829,480.0234,466.3076,67.9500,1.000000,0,1
587,4,350.4542,517.1646,58.0022,23.8014,1.000000,0,1
588,1,211.3112,514.8597,130.6335,18.4787,1.000000,0,1
588,2,183.9930,517.6675,56.7367,26.8373,1.000000,0.375,0.625
588,3,462.8193,480.0942,466.3057,67.9556,1.000000,0,1
588,4,349.0874,517.2918,58.0247,23.8037,1.000000,0,1
589,1,210.2374,514.9445,130.6367,18.4779,1.000000,0,1
589,2,182.6029,517.7684,56.7570,26.8362,1.000000,0.625,0.375
589,3,462.5558,480.1687,466.3051,67.9617,1.000000,0,1
589,4,347.7225,517.4142,58.0464,23.8055,1.000000,0,1
590,1,209.1649,515.0311,130.6392,18.4771,1.000000,0,1
590,2,181.2165,517.8671,56.7768,26.8350,1.000000,0.5,0.5
590,3,462.2931,480.2487,466.3055,67.9680,1.000000,0,1
590,4,346.3613,517.5391,58.0678,23.8073,1.000000,0,1
591,1,208.0940,515.1173,130.6411,18.4760,1.000000,0,1
591,2,179.8325,517.9628,56.7961,26.8335,1.000000,0.3125,0.6875
591,3,462.0308,480.3330,466.3075,67.9746,1.000000,0,1
591,4,345.0035,517.6627,58.0887,23.8088,1.000000,0,1
592,1,207.0255,515.2006,130.6423,18.4750,1.000000,0,1
592,2,178.4494,518.0546,56.8152,26.8317,1.000000,0.4375,0.5625
592,3,461.7685,480.4208,466.3113,67.9816,1.000000,0,1
592,4,343.6493,517.7816,58.1088,23.8098,1.000000,0,1
593,1,205.9596,515.2852,130.6428,18.4738,1.000000,0,1
593,2,177.0710,518.1462,56.8339,26.8297,1.000000,0.3125,0.6875
593,3,461.5071,480.5150,466.3158,67.9888,1.000000,0,1
593,4,342.2978,517.9030,58.1285,23.8108,1.000000,0,1
594,1,204.8960,515.3688,130.6428,18.4725,1.000000,0,1
594,2,175.6962,518.2355,56.8523,26.8275,1.000000,0.375,0.625
594,3,461.2463,480.6140,466.3209,67.9962,1.000000,0,1
594,4,340.9496,518.0236,58.1475,23.8115,1.000000,0,1
595,1,203.8350,515.4499,130.6420,18.4712,1.000000,0,1
595,2,174.3261,518.3201,56.8699,26.8249,1.000000,0.5,0.5
595,3,460.9865,480.7172,466.3262,68.0038,1.000000,0,1
595,4,339.6048,518.1403,58.1659,23.8117,1.000000,0,1
596,1,202.7758,515.5313,130.6409,18.4698,1.000000,0,1
596,2,172.9621,518.4034,56.8872,26.8219,1.000000,0.1875,0.8125
596,3,460.7279,480.8262,466.3315,68.0115,1.000000,0,1
596,4,338.2641,518.2604,58.1835,23.8119,1.000000,0,1
597,1,201.7194,515.6112,130.6394,18.4683,1.000000,0,1
597,2,171.6035,518.4836,56.9035,26.8187,1.000000,0.4375,0.5625
597,3,460.4700,480.9396,466.3374,68.0194,1.000000,0,1
597,4,336.9271,518.3799,58.2005,23.8118,1.000000,0,1
598,1,200.6676,515.6882,130.6367,18.4666,1.000000,0,1
598,2,170.2505,518.5582,56.9196,26.8149,1.000000,0.25,0.75
598,3,460.2127,481.0567,466.3434,68.0274,1.000000,0,1
598,4,335.5941,518.4950,58.2167,23.8112,1.000000,0,1
599,1,199.6183,515.7658,130.6337,18.4649,1.000000,0,1
599,2,168.9052,518.6292,56.9348,26.8107,1.000000,0.5,0.5
599,3,459.9570,481.1794,466.3486,68.0354,1.000000,0,1
599,4,334.2653,518.6129,58.2323,23.8105,1.000000,0,1
600,1,198.5719,515.8427,130.6297,18.4631,1.000000,0,1
600,2,167.5663,518.6962,56.9496,26.8062,1.000000,0.625,0.375
600,3,459.7019,481.3061,466.3533,68.0434,1.000000,0,1
600,4,332.9389,518.7296,58.2473,23.8095,1.000000,0,1
601,1,197.5293,515.9174,130.6250,18.4611,1.000000,0,1
601,2,166.2349,518.7584,56.9634,26.8012,1.000000,0.3125,0.6875
601,3,459.4471,481.4358,466.3577,68.0514,1.000000,0,1
601,4,331.6134,518.8406,58.2621,23.8082,1.000000,0,1
602,1,196.4901,515.9927,130.6197,18.4591,1.000000,0,1
602,2,164.9115,518.8160,56.9768,26.7958,1.000000,0.5625,0.4375
602,3,459.1938,481.5702,466.3604,68.0594,1.000000,0,1
602,4,330.2899,518.9530,58.2764,23.8068,1.000000,0,1
603,1,195.4548,516.0681,130.6134,18.4569,1.000000,0,1
603,2,163.5940,518.8699,56.9896,26.7901,1.000000,0.5,0.5
603,3,458.9414,481.7079,466.3621,68.0672,1.000000,0,1
603,4,328.9682,519.0630,58.2904,23.8053,1.000000,0,1
604,1,194.4240,516.1432,130.6062,18.4546,1.000000,0,1
604,2,162.2803,518.9207,57.0021,26.7841,1.000000,0.1875,0.8125
604,3,458.6895,481.8478,466.3627,68.0749,1.000000,0,1
604,4,327.6489,519.1665,58.3042,23.8032,1.000000,0,1
605,1,193.3968,516.2207,130.5984,18.4522,1.000000,0,1
605,2,160.9717,518.9693,57.0142,26.7779,1.000000,0.25,0.75
605,3,458.4384,481.9917,466.3620,68.0825,1.000000,0,1
605,4,326.3330,519.2689,58.3175,23.8010,1.000000,0,1
606,1,192.3735,516.2999,130.5897,18.4498,1.000000,0,1
606,2,159.6672,519.0165,57.0260,26.7716,1.000000,0.375,0.625
606,3,458.1877,482.1376,466.3599,68.0900,1.000000,0,1
606,4,325.0191,519.3669,58.3306,23.7985,1.000000,0,1
607,1,191.3546,516.3802,130.5802,18.4471,1.000000,0,1
607,2,158.3679,519.0628,57.0372,26.7649,1.000000,0.5625,0.4375
607,3,457.9376,482.2840,466.3563,68.0973,1.000000,0,1
607,4,323.7057,519.4573,58.3435,23.7956,1.000000,0,1
608,1,190.3403,516.4631,130.5696,18.4444,1.000000,0,1
608,2,157.0731,519.1077,57.0480,26.7580,1.000000,0.4375,0.5625
608,3,457.6884,482.4335,466.3510,68.1043,1.000000,0,1
608,4,322.3948,519.5449,58.3563,23.7925,1.000000,0,1
609,1,189.3309,516.5430,130.5580,18.4462,1.000000,0,1
609,2,155.7818,519.1521,57.0583,26.7510,1.000000,0.625,0.375
609,3,457.4402,482.5842,466.3441,68.1112,1.000000,0,1
609,4,321.0861,519.6282,58.3687,23.7892,1.000000,0,1
610,1,188.3269,516.6235,130.5453,18.4482,1.000000,0,1
610,2,154.4934,519.1956,57.0685,26.7439,1.000000,0.25,0.75
610,3,457.1927,482.7342,466.3365,68.1179,1.000000,0,1
610,4,319.7793,519.7047,58.3810,23.7854,1.000000,0,1
611,1,187.3281,516.7061,130.5316,18.4501,1.000000,0,1
611,2,153.2114,519.2355,57.0779,26.7364,1.000000,0.3125,0.6875
611,3,456.9464,482.8862,466.3277,68.1245,1.000000,0,1
611,4,318.4750,519.7795,58.3932,23.7816,1.000000,0,1
612,1,186.3351,516.7893,130.5164,18.4519,1.000000,0,1
612,2,151.9345,519.2722,57.0869,26.7286,1.000000,0.5,0.5
612,3,456.7009,483.0385,466.3187,68.1310,1.000000,0,1
612,4,317.1740,519.8511,58.4052,23.7776,1.000000,0,1
613,1,185.3491,516.8713,130.4999,18.4535,1.000000,0,1
613,2,150.6600,519.3061,57.0956,26.7205,1.000000,0.125,0.875
613,3,456.4557,483.1898,466.3094,68.1375,1.000000,0,1
613,4,315.8783,519.9174,58.4165,23.7732,1.000000,0,1
614,1,184.3689,516.9547,130.4822,18.4549,1.000000,0,1
614,2,149.3874,519.3342,57.1042,26.7121,1.000000,0.25,0.75
614,3,456.2116,483.3420,466.2995,68.1439,1.000000,0,1
614,4,314.5860,519.9822,58.4278,23.7687,1.000000,0,1
615,1,183.3945,517.0378,130.4632,18.4562,1.000000,0,1
615,2,148.1162,519.3592,57.1124,26.7034,1.000000,0.5,0.5
615,3,455.9676,483.4937,466.2901,68.1503,1.000000,0,1
615,4,313.2968,520.0447,58.4388,23.7639,1.000000,0,1
616,1,182.4251,517.1194,130.4434,18.4572,1.000000,0,1
616,2,146.8462,519.3839,57.1205,26.6948,1.000000,0.375,0.625
616,3,455.7233,483.6430,466.2804,68.1567,1.000000,0,1
616,4,312.0094,520.1035,58.4496,23.7590,1.000000,0,1
617,1,181.4632,517.2010,130.4223,18.4580,1.000000,0,1
617,2,145.5772,519.4082,57.1287,26.6861,1.000000,0.25,0.75
617,3,455.4789,483.7921,466.2701,68.1629,1.000000,0,1
617,4,310.7239,520.1617,58.4605,23.7541,1.000000,0,1
618,1,180.5075,517.2815,130.3998,18.4587,1.000000,0,1
618,2,144.3096,519.4348,57.1366,26.6775,1.000000,0.25,0.75
618,3,455.2341,483.9399,466.2599,68.1692,1.000000,0,1
618,4,309.4406,520.2187,58.4712,23.7491,1.000000,0,1
619,1,179.5560,517.3594,130.3768,18.4590,1.000000,0,1
619,2,143.0437,519.4662,57.1445,26.6691,1.000000,0.375,0.625
619,3,454.9886,484.0850,466.2498,68.1754,1.000000,0,1
619,4,308.1607,520.2734,58.4815,23.7438,1.000000,0,1
620,1,178.6095,517.4370,130.3528,18.4591,1.000000,0,1
620,2,141.7772,519.5026,57.1526,26.6610,1.000000,0.125,0.875
620,3,454.7424,484.2298,466.2402,68.1816,1.000000,0,1
620,4,306.8846,520.3291,58.4913,23.7384,1.000000,0,1
621,1,177.6679,517.5134,130.3280,18.4591,1.000000,0,1
621,2,140.5106,519.5441,57.1606,26.6531,1.000000,0.25,0.75
621,3,454.4955,484.3732,466.2303,68.1879,1.000000,0,1
621,4,305.6113,520.3838,58.5008,23.7330,1.000000,0,1
622,1,176.7325,517.5874,130.3018,18.4587,1.000000,0,1
622,2,139.2452,519.5914,57.1687,26.6455,1.000000,0.25,0.75
622,3,454.2481,484.5140,466.2201,68.1940,1.000000,0,1
622,4,304.3388,520.4358,58.5101,23.7272,1.000000,0,1
623,1,175.8014,517.6617,130.2750,18.4582,1.000000,0,1
623,2,137.9810,519.6454,57.1765,26.6380,1.000000,0.3125,0.6875
623,3,453.9997,484.6548,466.2104,68.2002,1.000000,0,1
623,4,303.0691,520.4871,58.5192,23.7214,1.000000,0,1
624,1,174.8741,517.7352,130.2473,18.4576,1.000000,0,1
624,2,136.7186,519.7045,57.1841,26.6307,1.000000,0.375,0.625
624,3,453.7506,484.7946,466.2009,68.2063,1.000000,0,1
624,4,301.8017,520.5362,58.5277,23.7154,1.000000,0,1
625,1,173.9513,517.8067,130.2188,18.4568,1.000000,0,1
625,2,135.4594,519.7666,57.1912,26.6234,1.000000,0.25,0.75
625,3,453.5015,484.9322,466.1900,68.2124,1.000000,0,1
625,4,300.5356,520.5815,58.5361,23.7090,1.000000,0,1
626,1,173.0326,517.8788,130.1896,18.4558,1.000000,0,1
626,2,134.2022,519.8321,57.1980,26.6161,1.000000,0.1875,0.8125
626,3,453.2518,485.0703,466.1787,68.2183,1.000000,0,1
626,4,299.2733,520.6246,58.5441,23.7024,1.000000,0,1
627,1,172.1173,517.9501,130.1597,18.4547,1.000000,0,1
627,2,132.9474,519.8984,57.2045,26.6087,1.000000,0.1875,0.8125
627,3,453.0019,485.2076,466.1667,68.2241,1.000000,0,1
627,4,298.0148,520.6637,58.5513,23.6955,1.000000,0,1
628,1,171.2057,518.0193,130.1288,18.4533,1.000000,0,1
628,2,131.6955,519.9631,57.2105,26.6010,1.000000,0.1875,0.8125
628,3,452.7516,485.3435,466.1543,68.2297,1.000000,0,1
628,4,296.7597,520.6967,58.5582,23.6881,1.000000,0,1
629,1,170.2975,518.0891,130.0972,18.4519,1.000000,0,1
629,2,130.4456,520.0284,57.2160,26.5932,1.000000,0.0625,0.9375
629,3,452.5018,485.4805,466.1400,68.2352,1.000000,0,1
629,4,295.5081,520.7236,58.5645,23.6803,1.000000,0,1
630,1,169.3928,518.1580,130.0648,18.4503,1.000000,0,1
630,2,129.1988,520.0931,57.2213,26.5853,1.000000,0,1
630,3,452.2524,485.6176,466.1235,68.2403,1.000000,0,1
630,4,294.2591,520.7447,58.5705,23.6720,1.000000,0,1
631,1,168.4926,518.2247,130.0313,18.4483,1.000000,0,1
631,2,127.9564,520.1558,57.2259,26.5769,1.000000,0.1875,0.8125
631,3,452.0036,485.7538,466.1052,68.2452,1.000000,0,1
631,4,293.0128,520.7601,58.5763,23.6635,1.000000,0,1
632,1,167.5955,518.2918,129.9972,18.4463,1.000000,0,1
632,2,126.7168,520.2191,57.2301,26.5685,1.000000,0.0625,0.9375
632,3,451.7552,485.8920,466.0853,68.2497,1.000000,0,1
632,4,291.7692,520.7698,58.5817,23.6546,1.000000,0,1
633,1,166.7010,518.3580,129.9626,18.4442,1.000000,0,1
633,2,125.4798,520.2809,57.2340,26.5599,1.000000,0,1
633,3,451.5080,486.0308,466.0623,68.2540,1.000000,0,1
633,4,290.5283,520.7751,58.5868,23.6454,1.000000,0,1
634,1,165.8096,518.4224,129.9273,18.4419,1.000000,0,1
634,2,124.2449,520.3394,57.2375,26.5510,1.000000,0.25,0.75
634,3,451.2619,486.1693,466.0369,68.2578,1.000000,0,1
634,4,289.2916,520.7764,58.5915,23.6359,1.000000,0,1
635,1,164.9212,518.4866,129.8914,18.4395,1.000000,0,1
635,2,123.0117,520.3973,57.2408,26.5420,1.000000,0.0625,0.9375
635,3,451.0164,486.3099,466.0094,68.2613,1.000000,0,1
635,4,288.0615,520.7713,58.5958,23.6260,1.000000,0,1
636,1,164.0355,518.5498,129.8551,18.4369,1.000000,0,1
636,2,121.7810,520.4528,57.2440,26.5329,1.000000,0.25,0.75
636,3,450.7721,486.4513,465.9791,68.2645,1.000000,0,1
636,4,286.8364,520.7621,58.5999,23.6159,1.000000,0,1
637,1,163.1516,518.6109,129.8184,18.4342,1.000000,0,1
637,2,120.5554,520.5035,57.2467,26.5234,1.000000,0.1875,0.8125
637,3,450.5298,486.5918,465.9445,68.2669,1.000000,0,1
637,4,285.6151,520.7510,58.6037,23.6056,1.000000,0.0625,0.9375
638,1,162.2706,518.6715,129.7816,18.4314,1.000000,0,1
638,2,119.3353,520.5520,57.2488,26.5135,1.000000,0.3125,0.6875
638,3,450.2885,486.7343,465.9069,68.2690,1.000000,0,1
638,4,284.3969,520.7350,58.6073,23.5951,1.000000,0.0625,0.9375
639,1,161.3916,518.7310,129.7448,18.4285,1.000000,0,1
639,2,118.1199,520.5970,57.2505,26.5035,1.000000,0.0625,0.9375
639,3,450.0490,486.8777,465.8661,68.2705,1.000000,0,1
639,4,283.1813,520.7177,58.6108,23.5844,1.000000,0,1
640,1,160.5138,518.7885,129.7080,18.4255,1.000000,0,1
640,2,116.9089,520.6367,57.2519,26.4931,1.000000,0.1875,0.8125
640,3,449.8117,487.0201,465.8207,68.2714,1.000000,0,1
640,4,281.9688,520.7017,58.6142,23.5739,1.000000,0,1
641,1,159.6374,518.8447,129.6711,18.4224,1.000000,0,1
641,2,115.7013,520.6744,57.2533,26.4827,1.000000,0.0625,0.9375
641,3,449.5757,487.1638,465.7716,68.2717,1.000000,0,1
641,4,280.7600,520.6840,58.6174,23.5631,1.000000,0,1
642,1,158.7620,518.8998,129.6344,18.4192,1.000000,0,1
642,2,114.4970,520.7088,57.2546,26.4720,1.000000,0.25,0.75
642,3,449.3417,487.3076,465.7188,68.2714,1.000000,0,1
642,4,279.5548,520.6670,58.6203,23.5525,1.000000,0,1
643,1,157.8873,518.9542,129.5975,18.4159,1.000000,0,1
643,2,113.2972,520.7386,57.2556,26.4612,1.000000,0.1875,0.8125
643,3,449.1094,487.4499,465.6626,68.2706,1.000000,0,1
643,4,278.3527,520.6530,58.6230,23.5419,1.000000,0.0625,0.9375
644,1,157.0125,519.0092,129.5611,18.4128,1.000000,0,1
644,2,112.1016,520.7673,57.2563,26.4502,1.000000,0.0625,0.9375
644,3,448.8789,487.5930,465.6025,68.2692,1.000000,0,1
644,4,277.1538,520.6381,58.6255,23.5311,1.000000,0,1
645,1,156.1379,519.0644,129.5250,18.4097,1.000000,0,1
645,2,110.9097,520.7936,57.2568,26.4391,1.000000,0,1
645,3,448.6504,487.7354,465.5385,68.2671,1.000000,0,1
645,4,275.9575,520.6244,58.6280,23.5205,1.000000,0.0625,0.9375
646,1,155.2641,519.1194,129.4889,18.4066,1.000000,0,1
646,2,109.7210,520.8154,57.2574,26.4278,1.000000,0.0625,0.9375
646,3,448.4240,487.8755,465.4706,68.2644,1.000000,0,1
646,4,274.7632,520.6140,58.6301,23.5099,1.000000,0,1
647,1,154.3905,519.1753,129.4529,18.4036,1.000000,0,1
647,2,108.5352,520.8340,57.2578,26.4164,1.000000,0.0625,0.9375
647,3,448.1991,488.0163,465.4002,68.2613,1.000000,0,1
647,4,273.5706,520.6039,58.6320,23.4993,1.000000,0,1
648,1,153.5170,519.2316,129.4173,18.4007,1.000000,0,1
648,2,107.3514,520.8482,57.2583,26.4048,1.000000,0.125,0.875
648,3,447.9756,488.1560,465.3271,68.2578,1.000000,0,1
648,4,272.3802,520.5954,58.6337,23.4886,1.000000,0,1
649,1,152.6436,519.2880,129.3816,18.3978,1.000000,0,1
649,2,106.1699,520.8563,57.2588,26.3931,1.000000,0,1
649,3,447.7543,488.2932,465.2501,68.2536,1.000000,0,1
649,4,271.1933,520.5896,58.6350,23.4780,1.000000,0.125,0.875
650,1,151.7703,519.3453,129.3462,18.3949,1.000000,0,1
650,2,104.9914,520.8600,57.2592,26.3810,1.000000,0,1
650,3,447.5345,488.4305,465.1706,68.2491,1.000000,0,1
650,4,270.0094,520.5840,58.6361,23.4673,1.000000,0.0625,0.9375
651,1,150.8971,519.4031,129.3109,18.3921,1.000000,0,1
651,2,103.8154,520.8588,57.2595,26.3688,1.000000,0.0625,0.9375
651,3,447.3163,488.5666,465.0882,68.2439,1.000000,0,1
651,4,268.8278,520.5795,58.6368,23.4565,1.000000,0,1
652,1,150.0235,519.4604,129.2758,18.3894,1.000000,0,1
652,2,102.6411,520.8513,57.2599,26.3565,1.000000,0.0625,0.9375
652,3,447.0996,488.7001,465.0035,68.2385,1.000000,0,1
652,4,267.6474,520.5768,58.6374,23.4458,1.000000,0,1
653,1,149.1494,519.5186,129.2411,18.3867,1.000000,0,1
653,2,101.4687,520.8354,57.2604,26.3438,1.000000,0.125,0.875
653,3,446.8852,488.8334,464.9159,68.2324,1.000000,0,1
653,4,266.4676,520.5739,58.6378,23.4351,1.000000,0,1
654,1,148.2743,519.5768,129.2067,18.3840,1.000000,0,1
654,2,100.2975,520.8121,57.2610,26.3309,1.000000,0,1
654,3,446.6725,488.9652,464.8258,68.2261,1.000000,0,1
654,4,265.2881,520.5717,58.6382,23.4244,1.000000,0,1
655,1,147.3979,519.6346,129.1728,18.3815,1.000000,0,1
655,2,99.1269,520.7827,57.2618,26.3178,1.000000,0,1
655,3,446.4608,489.0943,464.7346,68.2194,1.000000,0,1
655,4,264.1089,520.5708,58.6386,23.4137,1.000000,0.0625,0.9375
656,1,146.5201,519.6930,129.1396,18.3790,1.000000,0,1
656,2,97.9557,520.7477,57.2627,26.3046,1.000000,0,1
656,3,446.2511,489.2238,464.6413,68.2125,1.000000,0,1
656,4,262.9311,520.5696,58.6388,23.4029,1.000000,0.125,0.875
657,1,145.6408,519.7516,129.1066,18.3766,1.000000,0,1
657,2,96.7841,520.7100,57.2638,26.2913,1.000000,0,1
657,3,446.0424,489.3526,464.5467,68.2052,1.000000,0,1
657,4,261.7537,520.5686,58.6389,23.3922,1.000000,0.125,0.875
658,1,144.7591,519.8097,129.0745,18.3743,1.000000,0,1
658,2,95.6120,520.6711,57.2651,26.2781,1.000000,0.0625,0.9375
658,3,445.8347,489.4787,464.4507,68.1977,1.000000,0,1
658,4,260.5761,520.5682,58.6392,23.3816,1.000000,0.0625,0.9375
659,1,143.8753,519.8684,129.0429,18.3721,1.000000,0,1
659,2,94.4377,520.6305,57.2669,26.2650,1.000000,0,1
659,3,445.6283,489.6043,464.3527,68.1899,1.000000,0,1
659,4,259.3988,520.5664,58.6394,23.3709,1.000000,0.125,0.875
660,1,142.9897,519.9276,129.0121,18.3700,1.000000,0,1
660,2,93.2618,520.5886,57.2688,26.2520,1.000000,0.0625,0.9375
660,3,445.4225,489.7285,464.2535,68.1818,1.000000,0,1
660,4,258.2211,520.5646,58.6397,23.3602,1.000000,0.1875,0.8125
661,1,142.1023,519.9866,128.9817,18.3680,1.000000,0,1
661,2,92.0849,520.5454,57.2710,26.2390,1.000000,0,1
661,3,445.2176,489.8503,464.1528,68.1734,1.000000,0,1
661,4,257.0427,520.5639,58.6403,23.3497,1.000000,0,1
662,1,141.2137,520.0458,128.9519,18.3661,1.000000,0,1
662,2,90.9047,520.4999,57.2734,26.2260,1.000000,0,1
662,3,445.0129,489.9721,464.0511,68.1649,1.000000,0,1
662,4,255.8640,520.5635,58.6410,23.3392,1.000000,0.125,0.875
663,1,140.3238,520.1050,128.9223,18.3642,1.000000,0,1
663,2,89.7224,520.4531,57.2761,26.2131,1.000000,0,1
663,3,444.8085,490.0928,463.9491,68.1563,1.000000,0,1
663,4,254.6860,520.5646,58.6417,23.3289,1.000000,0,1
664,1,139.4319,520.1639,128.8933,18.3624,1.000000,0,1
664,2,88.5394,520.4056,57.2788,26.2002,1.000000,0.0625,0.9375
664,3,444.6049,490.2113,463.8455,68.1475,1.000000,0,1
664,4,253.5080,520.5684,58.6428,23.3188,1.000000,0.125,0.875
665,1,138.5394,520.2234,128.8646,18.3606,1.000000,0,1
665,2,87.3552,520.3561,57.2816,26.1872,1.000000,0,1
665,3,444.4016,490.3296,463.7416,68.1385,1.000000,0,1
665,4,252.3299,520.5740,58.6439,23.3088,1.000000,0.1875,0.8125
666,1,137.6465,520.2834,128.8361,18.3590,1.000000,0,1
666,2,86.1714,520.3057,57.2842,26.1742,1.000000,0,1
666,3,444.1983,490.4467,463.6378,68.1295,1.000000,0,1
666,4,251.1513,520.5823,58.6454,23.2991,1.000000,0,1
667,1,136.7534,520.3436,128.8078,18.3573,1.000000,0,1
667,2,84.9875,520.2563,57.2872,26.1613,1.000000,0,1
667,3,443.9954,490.5612,463.5337,68.1204,1.000000,0,1
667,4,249.9723,520.5938,58.6469,23.2896,1.000000,0.0625,0.9375
668,1,135.8601,520.4047,128.7797,18.3557,1.000000,0,1
668,2,83.8030,520.2078,57.2904,26.1485,1.000000,0,1
668,3,443.7930,490.6757,463.4299,68.1114,1.000000,0,1
668,4,248.7923,520.6077,58.6488,23.2803,1.000000,0.0625,0.9375
669,1,134.9670,520.4666,128.7517,18.3543,1.000000,0,1
669,2,82.6185,520.1612,57.2935,26.1359,1.000000,0,1
669,3,443.5905,490.7889,463.3264,68.1023,1.000000,0,1
669,4,247.6114,520.6248,58.6509,23.2713,1.000000,0,1
670,1,134.0735,520.5287,128.7240,18.3528,1.000000,0,1
670,2,81.4347,520.1185,57.2968,26.1234,1.000000,0,1
670,3,443.3883,490.8998,463.2225,68.0931,1.000000,0,1
670,4,246.4287,520.6461,58.6534,23.2626,1.000000,0.0625,0.9375
671,1,133.1796,520.5920,128.6966,18.3515,1.000000,0,1
671,2,80.2520,520.0806,57.2999,26.1112,1.000000,0,1
671,3,443.1859,491.0106,463.1197,68.0841,1.000000,0,1
671,4,245.2448,520.6702,58.6562,23.2541,1.000000,0.0625,0.9375
672,1,132.2851,520.6560,128.6694,18.3502,1.000000,0,1
672,2,79.0694,520.0464,57.3031,26.0991,1.000000,0,1
672,3,442.9835,491.1203,463.0174,68.0751,1.000000,0,1
672,4,244.0595,520.6968,58.6593,23.2459,1.000000,0.0625,0.9375
673,1,131.3904,520.7205,128.6423,18.3491,1.000000,0,1
673,2,77.8856,520.0153,57.3066,26.0874,1.000000,0,1
673,3,442.7811,491.2276,462.9160,68.0662,1.000000,0,1
673,4,242.8727,520.7257,58.6627,23.2379,1.000000,0.125,0.875
674,1,130.4948,520.7863,128.6158,18.3480,1.000000,0,1
674,2,76.7006,519.9874,57.3103,26.0758,1.000000,0,1
674,3,442.5784,491.3340,462.8157,68.0574,1.000000,0,1
674,4,241.6836,520.7571,58.6666,23.2303,1.000000,0.125,0.875
675,1,129.5983,520.8529,128.5895,18.3471,1.000000,0,1
675,2,75.5135,519.9619,57.3143,26.0644,1.000000,0,1
675,3,442.3753,491.4389,462.7167,68.0488,1.000000,0,1
675,4,240.4929,520.7903,58.6708,23.2228,1.000000,0.1875,0.8125
676,1,128.7015,520.9196,128.5634,18.3463,1.000000,0,1
676,2,74.3229,519.9380,57.3187,26.0533,1.000000,0,1
676,3,442.1714,491.5406,462.6196,68.0404,1.000000,0,1
676,4,239.3004,520.8252,58.6752,23.2154,1.000000,0.25,0.75
677,1,127.8038,520.9875,128.5375,18.3455,1.000000,0,1
677,2,73.1313,519.9169,57.3229,26.0423,1.000000,0,1
677,3,441.9665,491.6409,462.5248,68.0323,1.000000,0,1
677,4,238.1055,520.8630,58.6802,23.2084,1.000000,0.1875,0.8125
678,1,126.9049,521.0560,128.5123,18.3448,1.000000,0,1
678,2,71.9380,519.8966,57.3277,26.0316,1.000000,0,1
678,3,441.7609,491.7396,462.4315,68.0244,1.000000,0,1
678,4,236.9090,520.9030,58.6855,23.2016,1.000000,0.375,0.625
679,1,126.0044,521.1243,128.4873,18.3442,1.000000,0,1
679,2,70.7421,519.8758,57.3327,26.0209,1.000000,0,1
679,3,441.5544,491.8346,462.3403,68.0168,1.000000,0,1
679,4,235.7110,520.9436,58.6912,23.1950,1.000000,0.375,0.625
680,1,125.1023,521.1934,128.4626,18.3436,1.000000,0,1
680,2,69.5449,519.8547,57.3379,26.0102,1.000000,0,1
680,3,441.3468,491.9280,462.2515,68.0094,1.000000,0,1
680,4,234.5116,520.9868,58.6972,23.1886,1.000000,0.0625,0.9375
681,1,124.1997,521.2626,128.4380,18.3431,1.000000,0,1
681,2,68.3463,519.8336,57.3434,25.9998,1.000000,0,1
681,3,441.1380,492.0190,462.1646,68.0024,1.000000,0,1
681,4,233.3109,521.0309,58.7036,23.1825,1.000000,0.3125,0.6875
682,1,123.2962,521.3307,128.4137,18.3425,1.000000,0,1
682,2,67.1451,519.8136,57.3492,25.9895,1.000000,0,1
682,3,440.9281,492.1053,462.0797,67.9954,1.000000,0,1
682,4,232.1091,521.0748,58.7101,23.1764,1.000000,0.125,0.875
683,1,122.3926,521.3988,128.3895,18.3420,1.000000,0,1
683,2,65.9422,519.7964,57.3554,25.9794,1.000000,0,1
683,3,440.7171,492.1891,461.9974,67.9888,1.000000,0,1
683,4,230.9055,521.1204,58.7170,23.1704,1.000000,0.25,0.75
684,1,121.4892,521.4656,128.3649,18.3413,1.000000,0,1
684,2,64.7377,519.7821,57.3620,25.9697,1.000000,0,1
684,3,440.5051,492.2698,461.9177,67.9825,1.000000,0,1
684,4,229.7008,521.1660,58.7241,23.1646,1.000000,0.25,0.75
685,1,120.5867,521.5295,128.3405,18.3404,1.000000,0,1
685,2,63.5318,519.7714,57.3686,25.9602,1.000000,0,1
685,3,440.2922,492.3461,461.8409,67.9765,1.000000,0,1
685,4,228.4955,521.2100,58.7313,23.1587,1.000000,0.1875,0.8125
686,1,119.6848,521.5923,128.3157,18.3394,1.000000,0,1
686,2,62.3261,519.7661,57.3757,25.9511,1.000000,0,1
686,3,440.0777,492.4193,461.7665,67.9709,1.000000,0,1
686,4,227.2899,521.2546,58.7387,23.1530,1.000000,0.1875,0.8125
687,1,118.7833,521.6530,128.2910,18.3383,1.000000,0,1
687,2,61.1195,519.7647,57.3830,25.9421,1.000000,0,1
687,3,439.8622,492.4894,461.6944,67.9655,1.000000,0,1
687,4,226.0844,521.2985,58.7460,23.1472,1.000000,0.375,0.625
688,1,117.8819,521.7102,128.2661,18.3369,1.000000,0,1
688,2,59.9104,519.7667,57.3906,25.9336,1.000000,0,1
688,3,439.6457,492.5555,461.6245,67.9604,1.000000,0,1
688,4,224.8792,521.3404,58.7536,23.1414,1.000000,0.3125,0.6875
689,1,116.9809,521.7653,128.2413,18.3354,1.000000,0,1
689,2,58.7003,519.7756,57.3984,25.9254,1.000000,0,1
689,3,439.4278,492.6184,461.5571,67.9556,1.000000,0,1
689,4,223.6742,521.3815,58.7613,23.1356,1.000000,0.3125,0.6875
690,1,116.0797,521.8182,128.2166,18.3338,1.000000,0,1
690,2,57.4881,519.7894,57.4067,25.9176,1.000000,0,1
690,3,439.2087,492.6778,461.4921,67.9510,1.000000,0,1
690,4,222.4696,521.4207,58.7692,23.1299,1.000000,0.3125,0.6875
691,1,115.1767,521.8683,128.1924,18.3320,1.000000,0,1
691,2,56.2743,519.8057,57.4149,25.9099,1.000000,0,1
691,3,438.9883,492.7324,461.4287,67.9466,1.000000,0,1
691,4,221.2659,521.4572,58.7770,23.1240,1.000000,0.375,0.625
692,1,114.2734,521.9168,128.1684,18.3302,1.000000,0,1
692,2,55.0618,519.8289,57.4236,25.9027,1.000000,0,1
692,3,438.7663,492.7833,461.3676,67.9424,1.000000,0,1
692,4,220.0626,521.4918,58.7849,23.1181,1.000000,0.25,0.75
693,1,113.3693,521.9635,128.1447,18.3282,1.000000,0,1
693,2,53.8491,519.8564,57.4323,25.8957,1.000000,0,1
693,3,438.5433,492.8309,461.3082,67.9384,1.000000,0,1
693,4,218.8590,521.5246,58.7931,23.1122,1.000000,0.1875,0.8125
694,1,112.4638,522.0074,128.1214,18.3262,1.000000,0,1
694,2,52.6344,519.8870,57.4413,25.8890,1.000000,0,1
694,3,438.3197,492.8750,461.2502,67.9346,1.000000,0,1
694,4,217.6545,521.5558,58.8015,23.1063,1.000000,0.3125,0.6875
695,1,111.5578,522.0498,128.0984,18.3240,1.000000,0,1
695,2,51.4184,519.9262,57.4507,25.8828,1.000000,0,1
695,3,438.0945,492.9150,461.1938,67.9309,1.000000,0,1
695,4,216.4489,521.5869,58.8104,23.1006,1.000000,0.25,0.75
696,1,110.6511,522.0906,128.0757,18.3218,1.000000,0,1
696,2,50.1994,519.9709,57.4604,25.8770,1.000000,0,1
696,3,437.8684,492.9510,461.1382,67.9272,1.000000,0,1
696,4,215.2419,521.6182,58.8196,23.0951,1.000000,0.25,0.75
697,1,109.7424,522.1294,128.0536,18.3197,1.000000,0,1
697,2,48.9770,520.0186,57.4705,25.8713,1.000000,0,1
697,3,437.6413,492.9834,461.0837,67.9236,1.000000,0,1
697,4,214.0331,521.6502,58.8292,23.0897,1.000000,0.4375,0.5625
698,1,108.8328,522.1669,128.0320,18.3174,1.000000,0,1
698,2,47.7544,520.0740,57.4808,25.8662,1.000000,0,1
698,3,437.4131,493.0136,461.0310,67.9202,1.000000,0,1
698,4,212.8220,521.6826,58.8395,23.0846,1.000000,0.5625,0.4375
699,1,107.9221,522.2034,128.0109,18.3151,1.000000,0,1
699,2,46.5305,520.1333,57.4912,25.8612,1.000000,0,1
699,3,437.1842,493.0408,460.9786,67.9169,1.000000,0,1
699,4,211.6088,521.7165,58.8502,23.0797,1.000000,0.25,0.75
700,1,107.0093,522.2384,127.9905,18.3129,1.000000,0,1
700,2,45.3042,520.1931,57.5018,25.8565,1.000000,0,1
700,3,436.9546,493.0641,460.9263,67.9134,1.000000,0,1
700,4,210.3935,521.7527,58.8614,23.0751,1.000000,0.375,0.625
701,1,106.0961,522.2718,127.9704,18.3106,1.000000,0,1
701,2,44.0761,520.2592,57.5127,25.8520,1.000000,0,1
701,3,436.7239,493.0843,460.8743,67.9099,1.000000,0,1
701,4,209.1746,521.7922,58.8734,23.0710,1.000000,0.1875,0.8125
702,1,105.1818,522.3038,127.9507,18.3083,1.000000,0,1
702,2,42.8451,520.3282,57.5235,25.8476,1.000000,0,1
702,3,436.4925,493.1025,460.8225,67.9064,1.000000,0,1
702,4,207.9533,521.8358,58.8856,23.0671,1.000000,0.5,0.5
703,1,104.2665,522.3344,127.9316,18.3059,1.000000,0,1
703,2,41.6109,520.3972,57.5347,25.8433,1.000000,0,1
703,3,436.2605,493.1183,460.7710,67.9029,1.000000,0,1
703,4,206.7304,521.8840,58.8984,23.0637,1.000000,0.25,0.75
704,1,103.3508,522.3634,127.9128,18.3036,1.000000,0,1
704,2,40.3769,520.4725,57.5459,25.8393,1.000000,0,1
704,3,436.0281,493.1315,460.7193,67.8993,1.000000,0,1
704,4,205.5055,521.9373,58.9117,23.0605,1.000000,0.25,0.75
705,1,102.4342,522.3916,127.8947,18.3012,1.000000,0,1
705,2,39.1431,520.5499,57.5568,25.8353,1.000000,0,1
705,3,435.7950,493.1425,460.6675,67.8957,1.000000,0,1
705,4,204.2802,521.9944,58.9249,23.0577,1.000000,0.25,0.75
706,1,101.5160,522.4194,127.8771,18.2989,1.000000,0,1
706,2,37.9096,520.6255,57.5676,25.8311,1.000000,0,1
706,3,435.5612,493.1509,460.6153,67.8919,1.000000,0,1
706,4,203.0554,522.0550,58.9383,23.0550,1.000000,0.3125,0.6875
707,1,100.5976,522.4458,127.8598,18.2965,1.000000,0,1
707,2,36.6782,520.7062,57.5780,25.8271,1.000000,0,1
707,3,435.3272,493.1577,460.5627,67.8880,1.000000,0,1
707,4,201.8300,522.1200,58.9516,23.0525,1.000000,0.3125,0.6875
708,1,99.6785,522.4716,127.8429,18.2942,1.000000,0,1
708,2,35.4476,520.7872,57.5885,25.8230,1.000000,0,1
708,3,435.0932,493.1626,460.5096,67.8840,1.000000,0,1
708,4,200.6049,522.1884,58.9648,23.0501,1.000000,0.5625,0.4375
709,1,98.7579,522.4971,127.8267,18.2919,1.000000,0,1
709,2,34.2168,520.8646,57.5985,25.8187,1.000000,0,1
709,3,434.8593,493.1646,460.4555,67.8798,1.000000,0,1
709,4,199.3819,522.2596,58.9777,23.0476,1.000000,0.3125,0.6875
710,1,97.8363,522.5215,127.8106,18.2896,1.000000,0,1
710,2,32.9889,520.9458,57.6083,25.8144,1.000000,0,1
710,3,434.6255,493.1648,460.4014,67.8756,1.000000,0,1
710,4,198.1595,522.3353,58.9903,23.0454,1.000000,0.3125,0.6875
711,1,96.9146,522.5455,127.7948,18.2873,1.000000,0,1
711,2,31.7626,521.0269,57.6179,25.8100,1.000000,0,1
711,3,434.3922,493.1633,460.3471,67.8712,1.000000,0,1
711,4,196.9395,522.4134,59.0027,23.0431,1.000000,0.5,0.5
712,1,95.9927,522.5688,127.7792,18.2850,1.000000,0,1
712,2,30.5373,521.1036,57.6271,25.8053,1.000000,0,1
712,3,434.1592,493.1604,460.2927,67.8667,1.000000,0,1
712,4,195.7247,522.4919,59.0141,23.0406,1.000000,0.3125,0.6875
713,1,95.0708,522.5908,127.7639,18.2826,1.000000,0,1
713,2,29.3160,521.1821,57.6362,25.8006,1.000000,0,1
713,3,433.9265,493.1557,460.2370,67.8621,1.000000,0,1
713,4,194.5132,522.5729,59.0253,23.0381,1.000000,0.375,0.625
714,1,94.1489,522.6122,127.7487,18.2802,1.000000,0,1
714,2,28.0971,521.2588,57.6448,25.7958,1.000000,0,1
714,3,433.6946,493.1493,460.1800,67.8572,1.000000,0,1
714,4,193.3046,522.6549,59.0360,23.0354,1.000000,0.4375,0.5625
715,1,93.2264,522.6333,127.7339,18.2779,1.000000,0,1
715,2,26.8785,521.3311,57.6537,25.7908,1.000000,0,1
715,3,433.4631,493.1414,460.1226,67.8523,1.000000,0,1
715,4,192.0988,522.7364,59.0462,23.0326,1.000000,0.3125,0.6875
716,1,92.3045,522.6527,127.7191,18.2754,1.000000,0,1
716,2,25.6629,521.4028,57.6621,25.7856,1.000000,0,1
716,3,433.2323,493.1311,460.0642,67.8470,1.000000,0,1
716,4,190.8948,522.8212,59.0562,23.0298,1.000000,0.1875,0.8125
717,1,91.3832,522.6710,127.7042,18.2729,1.000000,0,1
717,2,24.4488,521.4720,57.6705,25.7803,1.000000,0,1
717,3,433.0023,493.1192,460.0052,67.8416,1.000000,0,1
717,4,189.6933,522.9073,59.0657,23.0269,1.000000,0.3125,0.6875
718,1,90.4619,522.6878,127.6899,18.2703,1.000000,0,1
718,2,23.2356,521.5362,57.6788,25.7748,1.000000,0,1
718,3,432.7733,493.1060,459.9449,67.8360,1.000000,0,1
718,4,188.4949,522.9931,59.0749,23.0239,1.000000,0.3125,0.6875
719,1,89.5413,522.7026,127.6754,18.2676,1.000000,0,1
719,2,22.0275,521.5967,57.6867,25.7690,1.000000,0,1
719,3,432.5458,493.0907,459.8836,67.8302,1.000000,0,1
719,4,187.3006,523.0813,59.0836,23.0208,1.000000,0.5625,0.4375
720,1,88.6213,522.7159,127.6609,18.2648,1.000000,0,1
720,2,20.8223,521.6530,57.6942,25.7629,1.000000,0,1
720,3,432.3195,493.0734,459.8213,67.8242,1.000000,0,1
720,4,186.1084,523.1702,59.0919,23.0177,1.000000,0.25,0.75
721,1,87.7018,522.7278,127.6468,18.2620,1.000000,0,1
721,2,19.6190,521.7037,57.7018,25.7566,1.000000,0,1
721,3,432.0944,493.0534,459.7578,67.8178,1.000000,0,1
721,4,184.9162,523.2587,59.1004,23.0146,1.000000,0.375,0.625
722,1,86.7817,522.7380,127.6330,18.2590,1.000000,0,1
722,2,18.4213,521.7489,57.7089,25.7500,1.000000,0,1
722,3,431.8709,493.0316,459.6931,67.8113,1.000000,0,1
722,4,183.7249,523.3504,59.1088,23.0117,1.000000,0.375,0.625
723,1,85.8615,522.7470,127.6191,18.2560,1.000000,0,1
723,2,17.2267,521.7896,57.7159,25.7431,1.000000,0,1
723,3,431.6485,493.0079,459.6278,67.8045,1.000000,0,1
723,4,182.5340,523.4432,59.1169,23.0086,1.000000,0.625,0.375
724,1,84.9411,522.7552,127.6056,18.2530,1.000000,0,1
724,2,16.0338,521.8259,57.7226,25.7359,1.000000,0,1
724,3,431.4276,492.9819,459.5609,67.7975,1.000000,0,1
724,4,181.3434,523.5343,59.1251,23.0056,1.000000,0.25,0.75
725,1,84.0198,522.7629,127.5923,18.2499,1.000000,0,1
725,2,14.8475,521.8574,57.7287,25.7284,1.000000,0,1
725,3,431.2086,492.9537,459.4926,67.7901,1.000000,0,1
725,4,180.1546,523.6276,59.1332,23.0026,1.000000,0.375,0.625
726,1,83.0982,522.7708,127.5792,18.2470,1.000000,0,1
726,2,13.6661,521.8849,57.7346,25.7206,1.000000,0,1
726,3,430.9915,492.9234,459.4230,67.7825,1.000000,0,1
726,4,178.9674,523.7196,59.1415,22.9997,1.000000,0.4375,0.5625
727,1,82.1772,522.7800,127.5660,18.2441,1.000000,0,1
727,2,12.4880,521.9084,57.7402,25.7126,1.000000,0,1
727,3,430.7758,492.8916,459.3523,67.7747,1.000000,0,1
727,4,177.7818,523.8074,59.1495,22.9964,1.000000,0.5,0.5
728,1,81.2555,522.7900,127.5526,18.2412,1.000000,0,1
728,2,11.3174,521.9264,57.7452,25.7041,1.000000,0,1
728,3,430.5622,492.8574,459.2796,67.7665,1.000000,0,1
728,4,176.5982,523.8953,59.1575,22.9932,1.000000,0.3125,0.6875
729,1,80.3348,522.8007,127.5389,18.2384,1.000000,0,1
729,2,10.1513,521.9397,57.7499,25.6954,1.000000,0,1
729,3,430.3500,492.8208,459.2056,67.7580,1.000000,0,1
729,4,175.4172,523.9808,59.1652,22.9898,1.000000,0.4375,0.5625
730,1,79.4160,522.8129,127.5249,18.2355,1.000000,0,1
730,2,8.9883,521.9489,57.7543,25.6864,1.000000,0,1
730,3,430.1389,492.7823,459.1309,67.7493,1.000000,0,1
730,4,174.2384,524.0621,59.1727,22.9862,1.000000,0.375,0.625
731,1,78.4977,522.8262,127.5105,18.2328,1.000000,0,1
731,2,7.8322,521.9510,57.7581,25.6769,1.000000,0,1
731,3,429.9299,492.7405,459.0543,67.7402,1.000000,0,1
731,4,173.0624,524.1440,59.1801,22.9825,1.000000,0.3125,0.6875
732,1,77.5813,522.8404,127.4959,18.2300,1.000000,0,1
732,2,6.6803,521.9482,57.7618,25.6672,1.000000,0,1
732,3,429.7224,492.6964,458.9764,67.7308,1.000000,0,1
732,4,171.8901,524.2241,59.1870,22.9787,1.000000,0.5,0.5
733,1,76.6674,522.8558,127.4804,18.2272,1.000000,0,1
733,2,5.5299,521.9425,57.7655,25.6573,1.000000,0,1
733,3,429.5162,492.6506,458.8972,67.7213,1.000000,0,1
733,4,170.7218,524.2993,59.1937,22.9745,1.000000,0.4375,0.5625
734,1,75.7547,522.8718,127.4645,18.2244,1.000000,0,1
734,2,4.3848,521.9310,57.7688,25.6472,1.000000,0,1
734,3,429.3113,492.6021,458.8165,67.7113,1.000000,0,1
734,4,169.5573,524.3730,59.2000,22.9702,1.000000,0.5,0.5
735,1,74.8443,522.8879,127.4480,18.2215,1.000000,0,1
735,2,3.2420,521.9166,57.7720,25.6369,1.000000,0,1
735,3,429.1071,492.5512,458.7349,67.7011,1.000000,0,1
735,4,168.3961,524.4429,59.2060,22.9656,1.000000,0.5,0.5
736,1,73.9374,522.9037,127.4306,18.2184,1.000000,0,1
736,2,2.0981,521.9014,57.7756,25.6268,1.000000,0,1
736,3,428.9037,492.4980,458.6528,67.6909,1.000000,0,1
736,4,167.2383,524.5063,59.2116,22.9607,1.000000,0.625,0.375
737,1,73.0330,522.9207,127.4126,18.2153,1.000000,0,1
737,2,0.9571,521.8824,57.7790,25.6164,1.000000,0,1
737,3,428.7020,492.4417,458.5688,67.6802,1.000000,0,1
737,4,166.0831,524.5663,59.2169,22.9554,1.000000,0.5,0.5
738,1,72.1321,522.9377,127.3937,18.2121,1.000000,0,1
738,2,-0.1832,521.8624,57.7828,25.6062,1.000000,0,1
738,3,428.5013,492.3834,458.4841,67.6694,1.000000,0,1
738,4,164.9305,524.6212,59.2219,22.9499,1.000000,0.5625,0.4375
739,1,71.2356,522.9532,127.3738,18.2087,1.000000,0,1
739,2,-1.3240,521.8440,57.7865,25.5960,1.000000,0,1
739,3,428.3008,492.3234,458.3993,67.6585,1.000000,0,1
739,4,163.7813,524.6687,59.2266,22.9439,1.000000,0.8125,0.1875
740,1,70.3415,522.9690,127.3532,18.2053,1.000000,0,1
740,2,-2.4628,521.8232,57.7905,25.5859,1.000000,0,1
740,3,428.1013,492.2593,458.3133,67.6474,1.000000,0,1
740,4,162.6366,524.7096,59.2307,22.9375,1.000000,0.5,0.5
741,1,69.4500,522.9843,127.3320,18.2016,1.000000,0,1
741,2,-3.6012,521.8029,57.7947,25.5759,1.000000,0,1
741,3,427.9020,492.1927,458.2274,67.6360,1.000000,0,1
741,4,161.4950,524.7427,59.2347,22.9307,1.000000,0.5,0.5
742,1,68.5627,522.9983,127.3100,18.1977,1.000000,0,1
742,2,-4.7404,521.7857,57.7990,25.5662,1.000000,0,1
742,3,427.7031,492.1243,458.1411,67.6247,1.000000,0,1
742,4,160.3563,524.7667,59.2382,22.9234,1.000000,0.625,0.375
743,1,67.6780,523.0126,127.2872,18.1938,1.000000,0,1
743,2,-5.8773,521.7682,57.8035,25.5564,1.000000,0,1
743,3,427.5047,492.0526,458.0541,67.6131,1.000000,0,1
743,4,159.2212,524.7825,59.2413,22.9156,1.000000,0.4375,0.5625
744,1,66.7965,523.0265,127.2637,18.1898,1.000000,0,1
744,2,-7.0127,521.7528,57.8079,25.5467,1.000000,0,1
744,3,427.3068,491.9783,457.9662,67.6014,1.000000,0,1
744,4,158.0890,524.7906,59.2444,22.9074,1.000000,0.4375,0.5625
745,1,65.9192,523.0396,127.2393,18.1856,1.000000,0,1
745,2,-8.1473,521.7415,57.8123,25.5374,1.000000,0,1
745,3,427.1094,491.9021,457.8778,67.5895,1.000000,0,1
745,4,156.9594,524.7911,59.2470,22.8988,1.000000,0.6875,0.3125
746,1,65.0450,523.0529,127.2143,18.1813,1.000000,0,1
746,2,-9.2803,521.7307,57.8171,25.5281,1.000000,0,1
746,3,426.9120,491.8215,457.7899,67.5775,1.000000,0,1
746,4,155.8323,524.7851,59.2495,22.8898,1.000000,0.5625,0.4375
747,1,64.1750,523.0659,127.1883,18.1768,1.000000,0,1
747,2,-10.4127,521.7221,57.8220,25.5190,1.000000,0,1
747,3,426.7148,491.7379,457.7022,67.5655,1.000000,0,1
747,4,154.7073,524.7742,59.2519,22.8807,1.000000,0.75,0.25
748,1,63.3102,523.0776,127.1616,18.1722,1.000000,0,1
748,2,-11.5456,521.7176,57.8268,25.5101,1.000000,0,1
748,3,426.5180,491.6520,457.6141,67.5534,1.000000,0,1
748,4,153.5843,524.7589,59.2541,22.8713,1.000000,0.4375,0.5625
749,1,62.4501,523.0881,127.1338,18.1673,1.000000,0,1
749,2,-12.6776,521.7135,57.8320,25.5013,1.000000,0,1
749,3,426.3213,491.5616,457.5260,67.5412,1.000000,0,1
749,4,152.4627,524.7388,59.2563,22.8616,1.000000,0.4375,0.5625
750,1,61.5944,523.0970,127.1055,18.1623,1.000000,0,1
750,2,-13.8093,521.7117,57.8369,25.4926,1.000000,0,1
750,3,426.1246,491.4683,457.4382,67.5289,1.000000,0,1
750,4,151.3423,524.7145,59.2583,22.8518,1.000000,0.3125,0.6875
751,1,60.7428,523.1034,127.0765,18.1570,1.000000,0,1
751,2,-14.9419,521.7134,57.8421,25.4841,1.000000,0,1
751,3,425.9275,491.3726,457.3511,67.5167,1.000000,0,1
751,4,150.2232,524.6868,59.2604,22.8419,1.000000,0.5625,0.4375
752,1,59.8953,523.1077,127.0467,18.1514,1.000000,0,1
752,2,-16.0745,521.7148,57.8473,25.4756,1.000000,0,1
752,3,425.7310,491.2721,457.2636,67.5043,1.000000,0,1
752,4,149.1032,524.6540,59.2623,22.8316,1.000000,0.75,0.25
753,1,59.0516,523.1097,127.0165,18.1457,1.000000,0,1
753,2,-17.2072,521.7168,57.8526,25.4672,1.000000,0,1
753,3,425.5342,491.1683,457.1768,67.4919,1.000000,0,1
753,4,147.9826,524.6171,59.2643,22.8212,1.000000,0.8125,0.1875
754,1,58.2121,523.1078,126.9855,18.1396,1.000000,0,1
754,2,-18.3400,521.7200,57.8581,25.4589,1.000000,0,1
754,3,425.3369,491.0619,457.0904,67.4795,1.000000,0,1
754,4,146.8625,524.5767,59.2662,22.8107,1.000000,0.625,0.375
755,1,57.3758,523.1039,126.9540,18.1332,1.000000,0,1
755,2,-19.4730,521.7205,57.8634,25.4505,1.000000,0,1
755,3,425.1394,490.9507,457.0039,67.4670,1.000000,0,1
755,4,145.7428,524.5291,59.2680,22.7998,1.000000,0.625,0.375
756,1,56.5427,523.0978,126.9223,18.1267,1.000000,0,1
756,2,-20.6065,521.7166,57.8687,25.4418,1.000000,0,1
756,3,424.9412,490.8363,456.9180,67.4545,1.000000,0,1
756,4,144.6242,524.4754,59.2696,22.7886,1.000000,0.5625,0.4375
757,1,55.7129,523.0888,126.8901,18.1200,1.000000,0,1
757,2,-21.7408,521.7047,57.8740,25.4327,1.000000,0,1
757,3,424.7424,490.7195,456.8320,67.4420,1.000000,0,1
757,4,143.5078,524.4162,59.2710,22.7771,1.000000,0.6875,0.3125
758,1,54.8861,523.0773,126.8579,18.1130,1.000000,0,1
758,2,-22.8761,521.6777,57.8787,25.4229,1.000000,0,1
758,3,424.5426,490.5980,456.7461,67.4293,1.000000,0,1
758,4,142.3928,524.3474,59.2722,22.7651,1.000000,0.5625,0.4375
759,1,54.0617,523.0632,126.8256,18.1059,1.000000,0,1
759,2,-24.0116,521.6412,57.8834,25.4127,1.000000,0,1
759,3,424.3421,490.4736,456.6604,67.4166,1.000000,0,1
759,4,141.2796,524.2706,59.2730,22.7527,1.000000,0.5625,0.4375
760,1,53.2390,523.0463,126.7933,18.0987,1.000000,0,1
760,2,-25.1472,521.6001,57.8880,25.4022,1.000000,0,1
760,3,424.1409,490.3472,456.5747,67.4038,1.000000,0,1
760,4,140.1688,524.1876,59.2738,22.7400,1.000000,0.5,0.5
761,1,52.4183,523.0276,126.7606,18.0913,1.000000,0,1
761,2,-26.2844,521.5503,57.8927,25.3914,1.000000,0,1
761,3,423.9389,490.2163,456.4890,67.3910,1.000000,0,1
761,4,139.0598,524.0944,59.2743,22.7267,1.000000,0.875,0.125
762,1,51.5979,523.0070,126.7283,18.0837,1.000000,0,1
762,2,-27.4232,521.4986,57.8975,25.3806,1.000000,0,1
762,3,423.7359,490.0829,456.4038,67.3782,1.000000,0,1
762,4,137.9524,523.9941,59.2747,22.7131,1.000000,0.625,0.375
763,1,50.7779,522.9839,126.6962,18.0761,1.000000,0,1
763,2,-28.5632,521.4517,57.9026,25.3701,1.000000,0,1
763,3,423.5320,489.9481,456.3191,67.3654,1.000000,0,1
763,4,136.8472,523.8899,59.2751,22.6994,1.000000,0.6875,0.3125
764,1,49.9589,522.9589,126.6639,18.0683,1.000000,0,1
764,2,-29.7046,521.4051,57.9083,25.3598,1.000000,0,1
764,3,423.3278,489.8090,456.2331,67.3524,1.000000,0,1
764,4,135.7435,523.7762,59.2754,22.6852,1.000000,0.5,0.5
765,1,49.1407,522.9316,126.6315,18.0604,1.000000,0,1
765,2,-30.8465,521.3629,57.9140,25.3498,1.000000,0,1
765,3,423.1226,489.6675,456.1475,67.3393,1.000000,0,1
765,4,134.6411,523.6573,59.2755,22.6709,1.000000,0.75,0.25
766,1,48.3240,522.9019,126.5989,18.0522,1.000000,0,1
766,2,-31.9891,521.3285,57.9201,25.3402,1.000000,0,1
766,3,422.9165,489.5250,456.0624,67.3263,1.000000,0,1
766,4,133.5396,523.5372,59.2758,22.6565,1.000000,0.8125,0.1875
767,1,47.5087,522.8686,126.5663,18.0439,1.000000,0,1
767,2,-33.1345,521.2961,57.9267,25.3309,1.000000,0,1
767,3,422.7098,489.3790,455.9762,67.3131,1.000000,0,1
767,4,132.4385,523.4093,59.2761,22.6419,1.000000,0.5625,0.4375
768,1,46.6953,522.8322,126.5334,18.0352,1.000000,0,1
768,2,-34.2815,521.2686,57.9333,25.3219,1.000000,0,1
768,3,422.5024,489.2311,455.8902,67.2999,1.000000,0,1
768,4,131.3380,523.2778,59.2763,22.6270,1.000000,0.625,0.375
769,1,45.8843,522.7919,126.5000,18.0263,1.000000,0,1
769,2,-35.4282,521.2491,57.9401,25.3133,1.000000,0,1
769,3,422.2938,489.0829,455.8047,67.2867,1.000000,0,1
769,4,130.2381,523.1464,59.2767,22.6122,1.000000,0.625,0.375
770,1,45.0759,522.7454,126.4663,18.0169,1.000000,0,1
770,2,-36.5764,521.2338,57.9472,25.3049,1.000000,0,1
770,3,422.0844,488.9313,455.7188,67.2735,1.000000,0,1
770,4,129.1394,523.0070,59.2769,22.5971,1.000000,0.625,0.375
771,1,44.2694,522.6938,126.4323,18.0071,1.000000,0,1
771,2,-37.7242,521.2220,57.9543,25.2967,1.000000,0,1
771,3,421.8741,488.7783,455.6332,67.2602,1.000000,0,1
771,4,128.0423,522.8637,59.2773,22.5818,1.000000,0.625,0.375
772,1,43.4648,522.6377,126.3980,17.9971,1.000000,0,1
772,2,-38.8696,521.2129,57.9609,25.2885,1.000000,0,1
772,3,421.6627,488.6249,455.5480,67.2470,1.000000,0,1
772,4,126.9470,522.7202,59.2774,22.5665,1.000000,0.75,0.25
773,1,42.6629,522.5743,126.3634,17.9865,1.000000,0,1
773,2,-40.0155,521.2007,57.9678,25.2802,1.000000,0,1
773,3,421.4502,488.4684,455.4624,67.2337,1.000000,0,1
773,4,125.8527,522.5673,59.2779,22.5508,1.000000,0.8125,0.1875
774,1,41.8630,522.5054,126.3284,17.9755,1.000000,0,1
774,2,-41.1596,521.1863,57.9744,25.2718,1.000000,0,1
774,3,421.2367,488.3109,455.3768,67.2203,1.000000,0,1
774,4,124.7600,522.4097,59.2781,22.5351,1.000000,0.8125,0.1875
775,1,41.0646,522.4324,126.2934,17.9642,1.000000,0,1
775,2,-42.3003,521.1708,57.9804,25.2631,1.000000,0,1
775,3,421.0218,488.1537,455.2922,67.2072,1.000000,0,1
775,4,123.6682,522.2516,59.2787,22.5193,1.000000,0.75,0.25
776,1,40.2693,522.3519,126.2579,17.9524,1.000000,0,1
776,2,-43.4399,521.1508,57.9864,25.2542,1.000000,0,1
776,3,420.8056,487.9938,455.2073,67.1939,1.000000,0,1
776,4,122.5781,522.0841,59.2790,22.5031,1.000000,0.6875,0.3125
777,1,39.4768,522.2664,126.2222,17.9401,1.000000,0,1
777,2,-44.5773,521.1285,57.9922,25.2451,1.000000,0,1
777,3,420.5885,487.8331,455.1223,67.1807,1.000000,0,1
777,4,121.4893,521.9125,59.2794,22.4869,1.000000,0.75,0.25
778,1,38.6855,522.1775,126.1868,17.9278,1.000000,0,1
778,2,-45.7124,521.1063,57.9978,25.2360,1.000000,0,1
778,3,420.3699,487.6727,455.0381,67.1676,1.000000,0,1
778,4,120.4004,521.7422,59.2804,22.4708,1.000000,0.8125,0.1875
779,1,37.8962,522.0811,126.1509,17.9150,1.000000,0,1
779,2,-46.8471,521.0804,58.0032,25.2267,1.000000,0,1
779,3,420.1497,487.5103,454.9542,67.1544,1.000000,0,1
779,4,119.3107,521.5635,59.2814,22.4545,1.000000,0.875,0.125
780,1,37.1082,521.9802,126.1152,17.9018,1.000000,0,1
780,2,-47.9804,521.0536,58.0088,25.2174,1.000000,0,1
780,3,419.9282,487.3477,454.8707,67.1414,1.000000,0,1
780,4,118.2202,521.3823,59.2829,22.4382,1.000000,0.6875,0.3125
781,1,36.3210,521.8773,126.0794,17.8884,1.000000,0,1
781,2,-49.1122,521.0286,58.0141,25.2081,1.000000,0,1
781,3,419.7050,487.1864,454.7883,67.1286,1.000000,0,1
781,4,117.1288,521.2050,59.2850,22.4223,1.000000,0.75,0.25
782,1,35.5345,521.7687,126.0437,17.8748,1.000000,0,1
782,2,-50.2456,521.0032,58.0198,25.1989,1.000000,0,1
782,3,419.4799,487.0232,454.7065,67.1159,1.000000,0,1
782,4,116.0355,521.0211,59.2873,22.4063,1.000000,0.8125,0.1875
783,1,34.7482,521.6570,126.0082,17.8610,1.000000,0,1
783,2,-51.3792,520.9800,58.0254,25.1898,1.000000,0,1
783,3,419.2533,486.8603,454.6260,67.1034,1.000000,0,1
783,4,114.9401,520.8374,59.2902,22.3904,1.000000,0.875,0.125
784,1,33.9605,521.5449,125.9731,17.8471,1.000000,0,1
784,2,-52.5118,520.9619,58.0310,25.1810,1.000000,0,1
784,3,419.0252,486.6994,454.5466,67.0911,1.000000,0,1
784,4,113.8422,520.6604,59.2936,22.3751,1.000000,0.875,0.125
785,1,33.1731,521.4283,125.9380,17.8331,1.000000,0,1
785,2,-53.6466,520.9472,58.0368,25.1724,1.000000,0,1
785,3,418.7956,486.5371,454.4673,67.0789,1.000000,0,1
785,4,112.7402,520.4794,59.2978,22.3598,1.000000,0.8125,0.1875
786,1,32.3851,521.3100,125.9031,17.8189,1.000000,0,1
786,2,-54.7820,520.9360,58.0430,25.1639,1.000000,0,1
786,3,418.5649,486.3758,454.3889,67.0668,1.000000,0,1
786,4,111.6344,520.3006,59.3026,22.3449,1.000000,0.8125,0.1875
787,1,31.5957,521.1919,125.8687,17.8049,1.000000,0,1
787,2,-55.9168,520.9280,58.0489,25.1557,1.000000,0,1
787,3,418.3330,486.2173,454.3120,67.0550,1.000000,0,1
787,4,110.5252,520.1306,59.3080,22.3305,1.000000,0.8125,0.1875
788,1,30.8061,521.0697,125.8342,17.7905,1.000000,0,1
788,2,-57.0541,520.9221,58.0551,25.1475,1.000000,0,1
788,3,418.0995,486.0579,454.2354,67.0433,1.000000,0,1
788,4,109.4095,519.9594,59.3139,22.3163,1.000000,0.75,0.25
789,1,30.0156,520.9457,125.8001,17.7762,1.000000,0,1
789,2,-58.1916,520.9180,58.0615,25.1395,1.000000,0,1
789,3,417.8649,485.8997,454.1596,67.0317,1.000000,0,1
789,4,108.2901,519.7921,59.3202,22.3024,1.000000,0.875,0.125
790,1,29.2231,520.8221,125.7667,17.7619,1.000000,0,1
790,2,-59.3282,520.9156,58.0676,25.1316,1.000000,0,1
790,3,417.6290,485.7447,454.0856,67.0205,1.000000,0,1
790,4,107.1684,519.6341,59.3270,22.2890,1.000000,0.9375,0.0625
791,1,28.4292,520.6935,125.7333,17.7473,1.000000,0,1
791,2,-60.4665,520.9149,58.0740,25.1238,1.000000,0,1
791,3,417.3923,485.5904,454.0121,67.0095,1.000000,0,1
791,4,106.0416,519.4769,59.3341,22.2757,1.000000,0.875,0.125
792,1,27.6332,520.5626,125.7003,17.7326,1.000000,0,1
792,2,-61.6048,520.9153,58.0804,25.1160,1.000000,0,1
792,3,417.1545,485.4385,453.9404,66.9986,1.000000,0,1
792,4,104.9109,519.3247,59.3417,22.2629,1.000000,0.8125,0.1875
793,1,26.8340,520.4321,125.6683,17.7182,1.000000,0,1
793,2,-62.7425,520.9164,58.0869,25.1083,1.000000,0,1
793,3,416.9157,485.2900,453.8704,66.9883,1.000000,0,1
793,4,103.7778,519.1819,59.3493,22.2505,1.000000,0.875,0.125
794,1,26.0330,520.2958,125.6365,17.7034,1.000000,0,1
794,2,-63.8817,520.9189,58.0935,25.1007,1.000000,0,1
794,3,416.6764,485.1423,453.8009,66.9780,1.000000,0,1
794,4,102.6400,519.0413,59.3575,22.2383,1.000000,0.8125,0.1875
795,1,25.2296,520.1569,125.6054,17.6884,1.000000,0,1
795,2,-65.0215,520.9221,58.1001,25.0932,1.000000,0,1
795,3,416.4367,484.9973,453.7323,66.9679,1.000000,0,1
795,4,101.4991,518.9063,59.3658,22.2264,1.000000,0.9375,0.0625
796,1,24.4231,520.0179,125.5751,17.6737,1.000000,0,1
796,2,-66.1621,520.9250,58.1069,25.0857,1.000000,0,1
796,3,416.1966,484.8569,453.6648,66.9581,1.000000,0,1
796,4,100.3551,518.7805,59.3745,22.2150,1.000000,0.8125,0.1875
797,1,23.6144,519.8728,125.5456,17.6586,1.000000,0,1
797,2,-67.3064,520.9283,58.1139,25.0783,1.000000,0,1
797,3,415.9559,484.7194,453.5983,66.9485,1.000000,0,1
797,4,99.2053,518.6575,59.3835,22.2039,1.000000,0.8125,0.1875
798,1,22.8032,519.7252,125.5167,17.6434,1.000000,0,1
798,2,-68.4526,520.9316,58.1210,25.0709,1.000000,0,1
798,3,415.7149,484.5854,453.5329,66.9392,1.000000,0,1
798,4,98.0519,518.5404,59.3929,22.1931,1.000000,0.875,0.125
799,1,21.9884,519.5782,125.4889,17.6285,1.000000,0,1
799,2,-69.6001,520.9342,58.1282,25.0636,1.000000,0,1
799,3,415.4743,484.4561,453.4683,66.9301,1.000000,0,1
799,4,96.8949,518.4331,59.4027,22.1829,1.000000,0.875,0.125
800,1,21.1697,519.4265,125.4619,17.6134,1.000000,0,1
800,2,-70.7519,520.9379,58.1360,25.0564,1.000000,0,1
800,3,415.2335,484.3300,453.4042,66.9212,1.000000,0,1
800,4,95.7292,518.3328,59.4134,22.1732,1.000000,1,0
801,1,20.3471,519.2740,125.4358,17.5983,1.000000,0,1
801,2,-71.9059,520.9422,58.1438,25.0494,1.000000,0,1
801,3,414.9927,484.2082,453.3405,66.9125,1.000000,0,1
801,4,94.5574,518.2413,59.4247,22.1641,1.000000,0.9375,0.0625
802,1,19.5206,519.1248,125.4109,17.5837,1.000000,0,1
802,2,-73.0611,520.9467,58.1518,25.0424,1.000000,0,1
802,3,414.7519,484.0930,453.2783,66.9041,1.000000,0,1
802,4,93.3830,518.1608,59.4362,22.1555,1.000000,0.9375,0.0625
803,1,18.6900,518.9732,125.3868,17.5690,1.000000,0,1
803,2,-74.2197,520.9540,58.1600,25.0356,1.000000,0,1
803,3,414.5107,483.9818,453.2162,66.8959,1.000000,0,1
803,4,92.2043,518.0893,59.4480,22.1475,1.000000,0.8125,0.1875
804,1,17.8556,518.8229,125.3634,17.5545,1.000000,0,1
804,2,-75.3795,520.9633,58.1683,25.0290,1.000000,0,1
804,3,414.2695,483.8757,453.1546,66.8879,1.000000,0,1
804,4,91.0232,518.0263,59.4600,22.1399,1.000000,1,0
805,1,17.0167,518.6775,125.3413,17.5405,1.000000,0,1
805,2,-76.5390,520.9734,58.1767,25.0223,1.000000,0,1
805,3,414.0285,483.7763,453.0927,66.8800,1.000000,0,1
805,4,89.8416,517.9719,59.4721,22.1326,1.000000,1,0
806,1,16.1724,518.5317,125.3200,17.5266,1.000000,0,1
806,2,-77.6975,520.9860,58.1847,25.0158,1.000000,0,1
806,3,413.7872,483.6816,453.0310,66.8722,1.000000,0,1
806,4,88.6575,517.9255,59.4841,22.1256,1.000000,1,0
807,1,15.3235,518.3889,125.2996,17.5129,1.000000,0,1
807,2,-78.8548,520.9995,58.1930,25.0092,1.000000,0,1
807,3,413.5461,483.5920,452.9691,66.8646,1.000000,0,1
807,4,87.4730,517.8854,59.4962,22.1190,1.000000,1,0
808,1,14.4697,518.2521,125.2800,17.4999,1.000000,0,1
808,2,-80.0105,521.0120,58.2008,25.0025,1.000000,0,1
808,3,413.3055,483.5087,452.9072,66.8571,1.000000,0,1
808,4,86.2898,517.8501,59.5079,22.1124,1.000000,0.9375,0.0625
809,1,13.6108,518.1166,125.2614,17.4870,1.000000,0,1
809,2,-81.1646,521.0255,58.2087,24.9958,1.000000,0,1
809,3,413.0650,483.4311,452.8447,66.8496,1.000000,0,1
809,4,85.1067,517.8196,59.5196,22.1060,1.000000,0.9375,0.0625
810,1,12.7474,517.9851,125.2437,17.4746,1.000000,0,1
810,2,-82.3161,521.0381,58.2160,24.9890,1.000000,0,1
810,3,412.8252,483.3591,452.7818,66.8422,1.000000,0,1
810,4,83.9253,517.7922,59.5310,22.0997,1.000000,1,0
811,1,11.8795,517.8596,125.2268,17.4626,1.000000,0,1
811,2,-83.4645,521.0478,58.2232,24.9821,1.000000,0,1
811,3,412.5864,483.2933,452.7184,66.8349,1.000000,0,1
811,4,82.7466,517.7666,59.5422,22.0934,1.000000,1,0
812,1,11.0054,517.7355,125.2110,17.4508,1.000000,0,1
812,2,-84.6095,521.0565,58.2304,24.9750,1.000000,0,1
812,3,412.3489,483.2332,452.6549,66.8277,1.000000,0,1
812,4,81.5689,517.7446,59.5532,22.0872,1.000000,1,0
813,1,10.1265,517.6147,125.1961,17.4395,1.000000,0,1
813,2,-85.7511,521.0626,58.2374,24.9678,1.000000,0,1
813,3,412.1128,483.1788,452.5907,66.8206,1.000000,0,1
813,4,80.3920,517.7255,59.5643,22.0811,1.000000,1,0
814,1,9.2426,517.4995,125.1820,17.4285,1.000000,0,1
814,2,-86.8902,521.0651,58.2442,24.9605,1.000000,0,1
814,3,411.8786,483.1302,452.5260,66.8134,1.000000,0,1
814,4,79.2154,517.7100,59.5755,22.0753,1.000000,1,0
815,1,8.3528,517.3857,125.1690,17.4179,1.000000,0,1
815,2,-88.0264,521.0652,58.2508,24.9529,1.000000,0,1
815,3,411.6458,483.0872,452.4612,66.8064,1.000000,0,1
815,4,78.0393,517.7022,59.5869,22.0699,1.000000,1,0
816,1,7.4585,517.2751,125.1567,17.4074,1.000000,0,1
816,2,-89.1598,521.0629,58.2573,24.9453,1.000000,0,1
816,3,411.4144,483.0490,452.3958,66.7994,1.000000,0,1
816,4,76.8641,517.7003,59.5984,22.0648,1.000000,1,0
817,1,6.5594,517.1697,125.1455,17.3977,1.000000,0,1
817,2,-90.2911,521.0579,58.2636,24.9374,1.000000,0,1
817,3,411.1843,483.0155,452.3306,66.7925,1.000000,0,1
817,4,75.6910,517.7025,59.6098,22.0598,1.000000,1,0
818,1,5.6531,517.0674,125.1354,17.3881,1.000000,0,1
818,2,-91.4200,521.0527,58.2699,24.9297,1.000000,0,1
818,3,410.9559,482.9864,452.2646,66.7856,1.000000,0,1
818,4,74.5195,517.7126,59.6215,22.0553,1.000000,1,0
819,1,4.7411,516.9698,125.1262,17.3790,1.000000,0,1
819,2,-92.5470,521.0466,58.2761,24.9218,1.000000,0,1
819,3,410.7286,482.9610,452.1985,66.7788,1.000000,0,1
819,4,73.3494,517.7278,59.6331,22.0509,1.000000,1,0
820,1,3.8243,516.8788,125.1179,17.3705,1.000000,0,1
820,2,-93.6714,521.0388,58.2819,24.9137,1.000000,0,1
820,3,410.5031,482.9391,452.1318,66.7719,1.000000,0,1
820,4,72.1801,517.7452,59.6447,22.0467,1.000000,1,0
821,1,2.9020,516.7931,125.1104,17.3624,1.000000,0,1
821,2,-94.7919,521.0290,58.2871,24.9055,1.000000,0,1
821,3,410.2788,482.9201,452.0649,66.7650,1.000000,0,1
821,4,71.0120,517.7687,59.6562,22.0428,1.000000,1,0
822,1,1.9748,516.7135,125.1037,17.3548,1.000000,0,1
822,2,-95.9099,521.0158,58.2925,24.8971,1.000000,0,1
822,3,410.0556,482.9036,451.9976,66.7582,1.000000,0,1
822,4,69.8451,517.7953,59.6675,22.0389,1.000000,1,0
823,1,1.0428,516.6414,125.0975,17.3477,1.000000,0,1
823,2,-97.0257,520.9987,58.2976,24.8884,1.000000,0,1
823,3,409.8329,482.8893,451.9307,66.7514,1.000000,0,1
823,4,68.6801,517.8216,59.6787,22.0349,1.000000,0.9375,0.0625
824,1,0.1058,516.5754,125.0918,17.3412,1.000000,0,1
824,2,-98.1374,520.9785,58.3019,24.8793,1.000000,0,1
824,3,409.6114,482.8768,451.8634,66.7446,1.000000,0,1
824,4,67.5177,517.8514,59.6895,22.0311,1.000000,1,0
825,1,-0.8347,516.5155,125.0863,17.3350,1.000000,0,1
825,2,-99.2457,520.9547,58.3061,24.8701,1.000000,0,1
825,3,409.3906,482.8657,451.7960,66.7378,1.000000,0,1
825,4,66.3577,517.8810,59.7004,22.0272,1.000000,1,0
826,1,-1.7776,516.4615,125.0811,17.3296,1.000000,0,1
826,2,-100.3512,520.9266,58.3100,24.8606,1.000000,0,1
826,3,409.1708,482.8557,451.7285,66.7311,1.000000,0,1
826,4,65.2004,517.9073,59.7108,22.0230,1.000000,0.9375,0.0625
827,1,-2.7244,516.4121,125.0759,17.3270,1.000000,0,1
827,2,-101.4547,520.8942,58.3136,24.8509,1.000000,0,1
827,3,408.9514,482.8463,451.6614,66.7243,1.000000,0,1
827,4,64.0466,517.9344,59.7210,22.0188,1.000000,1,0
828,1,-3.6735,516.3680,125.0710,17.3245,1.000000,0,1
828,2,-102.5578,520.8582,58.3172,24.8409,1.000000,0,1
828,3,408.7325,482.8373,451.5946,66.7177,1.000000,0,1
828,4,62.8951,517.9600,59.7312,22.0146,1.000000,1,0
829,1,-4.6239,516.3281,125.0660,17.3220,1.000000,0,1
829,2,-103.6612,520.8198,58.3209,24.8310,1.000000,0,1
829,3,408.5136,482.8286,451.5284,66.7111,1.000000,0,1
829,4,61.7456,517.9818,59.7410,22.0102,1.000000,0.9375,0.0625
830,1,-5.5766,516.2928,125.0610,17.3196,1.000000,0,1
830,2,-104.7647,520.7776,58.3246,24.8209,1.000000,0,1
830,3,408.2950,482.8198,451.4628,66.7046,1.000000,0,1
830,4,60.5984,518.0048,59.7507,22.0057,1.000000,1,0
831,1,-6.5298,516.2603,125.0560,17.3172,1.000000,0,1
831,2,-105.8694,520.7332,58.3284,24.8108,1.000000,0,1
831,3,408.0764,482.8109,451.3979,66.6982,1.000000,0,1
831,4,59.4527,518.0268,59.7604,22.0012,1.000000,0.9375,0.0625
832,1,-7.4827,516.2299,125.0507,17.3147,1.000000,0,1
832,2,-106.9760,520.6880,58.3327,24.8007,1.000000,0,1
832,3,407.8571,482.8025,451.3347,66.6921,1.000000,0,1
832,4,58.3091,518.0459,59.7697,21.9965,1.000000,0.9375,0.0625
833,1,-8.4364,516.2024,125.0455,17.3122,1.000000,0,1
833,2,-108.0836,520.6407,58.3369,24.7907,1.000000,0,1
833,3,407.6373,482.7938,451.2726,66.6861,1.000000,0,1
833,4,57.1679,518.0666,59.7791,21.9917,1.000000,0.875,0.125
834,1,-9.3897,516.1768,125.0400,17.3098,1.000000,0,1
834,2,-109.1929,520.5928,58.3415,24.7807,1.000000,0,1
834,3,407.4168,482.7845,451.2126,66.6805,1.000000,0,1
834,4,56.0288,518.0868,59.7881,21.9870,1.000000,1,0
835,1,-10.3420,516.1526,125.0343,17.3073,1.000000,0,1
835,2,-110.3034,520.5451,58.3463,24.7709,1.000000,0,1
835,3,407.1954,482.7751,451.1541,66.6750,1.000000,0,1
835,4,54.8912,518.1049,59.7971,21.9821,1.000000,1,0
836,1,-11.2946,516.1311,125.0286,17.3048,1.000000,0,1
836,2,-111.4146,520.4949,58.3511,24.7610,1.000000,0,1
836,3,406.9728,482.7654,451.0976,66.6700,1.000000,0,1
836,4,53.7558,518.1241,59.8055,21.9772,1.000000,1,0
837,1,-12.2458,516.1115,125.0226,17.3024,1.000000,0,1
837,2,-112.5269,520.4432,58.3562,24.7510,1.000000,0,1
837,3,406.7490,482.7559,451.0434,66.6652,1.000000,0,1
837,4,52.6211,518.1426,59.8140,21.9722,1.000000,1,0
838,1,-13.1947,516.0939,125.0161,17.2998,1.000000,0,1
838,2,-113.6405,520.3909,58.3613,24.7411,1.000000,0,1
838,3,406.5236,482.7471,450.9914,66.6608,1.000000,0,1
838,4,51.4860,518.1591,59.8225,21.9671,1.000000,1,0
839,1,-14.1416,516.0793,125.0095,17.2972,1.000000,0,1
839,2,-114.7536,520.3354,58.3664,24.7311,1.000000,0,1
839,3,406.2967,482.7385,450.9420,66.6569,1.000000,0,1
839,4,50.3511,518.1772,59.8310,21.9621,1.000000,1,0
840,1,-15.0861,516.0667,125.0024,17.2947,1.000000,0,1
840,2,-115.8672,520.2781,58.3716,24.7210,1.000000,0,1
840,3,406.0685,482.7303,450.8949,66.6533,1.000000,0,1
840,4,49.2158,518.1948,59.8395,21.9571,1.000000,1,0
841,1,-16.0278,516.0558,124.9949,17.2920,1.000000,0,1
841,2,-116.9835,520.2192,58.3770,24.7109,1.000000,0,1
841,3,405.8388,482.7227,450.8499,66.6500,1.000000,0,1
841,4,48.0797,518.2101,59.8481,21.9520,1.000000,1,0
842,1,-16.9679,516.0497,124.9872,17.2894,1.000000,0,1
842,2,-118.1014,520.1558,58.3823,24.7007,1.000000,0,1
842,3,405.6075,482.7161,450.8077,66.6472,1.000000,0,1
842,4,46.9434,518.2250,59.8565,21.9468,1.000000,1,0
843,1,-17.9063,516.0470,124.9794,17.2868,1.000000,0,1
843,2,-119.2216,520.0895,58.3883,24.6905,1.000000,0,1
843,3,405.3748,482.7103,450.7677,66.6448,1.000000,0,1
843,4,45.8059,518.2382,59.8652,21.9417,1.000000,1,0
844,1,-18.8422,516.0472,124.9712,17.2841,1.000000,0,1
844,2,-120.3440,520.0219,58.3942,24.6803,1.000000,0,1
844,3,405.1406,482.7055,450.7301,66.6428,1.000000,0,1
844,4,44.6661,518.2492,59.8740,21.9364,1.000000,1,0
845,1,-19.7781,516.0528,124.9631,17.2815,1.000000,0,1
845,2,-121.4683,519.9489,58.4002,24.6699,1.000000,0,1
845,3,404.9048,482.7024,450.6951,66.6412,1.000000,0,1
845,4,43.5241,518.2612,59.8830,21.9314,1.000000,1,0
846,1,-20.7126,516.0622,124.9548,17.2789,1.000000,0,1
846,2,-122.5947,519.8727,58.4065,24.6596,1.000000,0,1
846,3,404.6678,482.7007,450.6617,66.6400,1.000000,0,1
846,4,42.3801,518.2732,59.8921,21.9263,1.000000,1,0
847,1,-21.6452,516.0743,124.9462,17.2763,1.000000,0,1
847,2,-123.7234,519.7958,58.4131,24.6492,1.000000,0,1
847,3,404.4290,482.7009,450.6309,66.6391,1.000000,0,1
847,4,41.2343,518.2842,59.9014,21.9212,1.000000,1,0
848,1,-22.5764,516.0917,124.9377,17.2737,1.000000,0,1
848,2,-124.8560,519.7136,58.4199,24.6388,1.000000,0,1
848,3,404.1891,482.7037,450.6025,66.6388,1.000000,0,1
848,4,40.0867,518.2969,59.9110,21.9163,1.000000,1,0
849,1,-23.5058,516.1119,124.9292,17.2712,1.000000,0,1
849,2,-125.9911,519.6294,58.4273,24.6285,1.000000,0,1
849,3,403.9480,482.7085,450.5762,66.6388,1.000000,0,1
849,4,38.9379,518.3096,59.9204,21.9114,1.000000,1,0
850,1,-24.4334,516.1331,124.9203,17.2686,1.000000,0,1
850,2,-127.1276,519.5454,58.4348,24.6181,1.000000,0,1
850,3,403.7056,482.7155,450.5519,66.6392,1.000000,0,1
850,4,37.7877,518.3207,59.9302,21.9065,1.000000,1,0
851,1,-25.3597,516.1562,124.9115,17.2660,1.000000,0,1
851,2,-128.2666,519.4576,58.4422,24.6077,1.000000,0,1
851,3,403.4625,482.7255,450.5295,66.6399,1.000000,0,1
851,4,36.6366,518.3330,59.9399,21.9016,1.000000,1,0
852,1,-26.2843,516.1797,124.9025,17.2634,1.000000,0,1
852,2,-129.4061,519.3688,58.4498,24.5973,1.000000,0,1
852,3,403.2189,482.7380,450.5082,66.6409,1.000000,0,1
852,4,35.4846,518.3450,59.9497,21.8968,1.000000,1,0
853,1,-27.2076,516.2022,124.8935,17.2608,1.000000,0,1
853,2,-130.5455,519.2816,58.4573,24.5870,1.000000,0,1
853,3,402.9747,482.7529,450.4879,66.6421,1.000000,0,1
853,4,34.3327,518.3550,59.9592,21.8918,1.000000,1,0
854,1,-28.1290,516.2256,124.8839,17.2582,1.000000,0,1
854,2,-131.6872,519.1909,58.4654,24.5766,1.000000,0,1
854,3,402.7306,482.7711,450.4688,66.6436,1.000000,0,1
854,4,33.1807,518.3654,59.9689,21.8868,1.000000,1,0
855,1,-29.8084,516.2675,124.8659,17.2532,1.000000,0,1
855,2,-133.7741,519.0275,58.4802,24.5580,1.000000,0,1
855,3,402.2833,482.8109,450.4367,66.6469,1.000000,0,1
855,4,31.0795,518.3802,59.9865,21.8776,1.000000,1,0
