1,1,778.2415,584.9005,42.9945,23.7079,1.000000,0,1
1,2,432.8468,532.8489,290.6954,80.6613,1.000000,0,1
1,3,874.6625,586.2791,50.4481,20.7726,1.000000,0,1
1,4,-80.0083,583.6904,162.3356,19.8412,1.000000,0,1
1,5,98.4047,587.4230,103.0160,14.8512,1.000000,0,1
1,6,1077.9040,533.5889,734.7354,87.3075,1.000000,0,1
2,1,778.2415,584.9005,42.9945,23.7079,1.000000,0,1
2,2,432.8468,532.8489,290.6954,80.6613,1.000000,0,1
2,3,874.6625,586.2791,50.4481,20.7726,1.000000,0,1
2,4,-80.0083,583.6904,162.3356,19.8412,1.000000,0,1
2,5,98.4047,587.4230,103.0160,14.8512,1.000000,0,1
2,6,1077.9040,533.5889,734.7354,87.3075,1.000000,0,1
3,1,778.2415,584.9005,42.9945,23.7079,1.000000,0,1
3,2,432.8468,532.8489,290.6954,80.6613,1.000000,0,1
3,3,874.6625,586.2791,50.4481,20.7726,1.000000,0,1
3,4,-80.0083,583.6904,162.3356,19.8412,1.000000,0,1
3,5,98.4047,587.4230,103.0160,14.8512,1.000000,0,1
3,6,1077.9040,533.5889,734.7354,87.3075,1.000000,0,1
4,1,778.0826,584.9238,42.9875,23.7085,1.000000,0,1
4,2,432.9414,532.9384,290.7108,80.6699,1.000000,0,1
4,3,874.4608,586.2202,50.4366,20.7688,1.000000,0,1
4,4,-79.9056,583.6291,162.3299,19.8353,1.000000,0,1
4,5,98.5955,587.1739,103.0025,14.8361,1.000000,0,1
4,6,1077.8080,533.7772,734.7694,87.3235,1.000000,0,1
5,1,777.7997,584.9742,42.9749,23.7098,1.000000,0,1
5,2,433.1236,533.0645,290.7369,80.6836,1.000000,0,1
5,3,874.1244,586.1848,50.4186,20.7656,1.000000,0,1
5,4,-79.7305,583.5396,162.3238,19.8270,1.000000,0,1
5,5,98.8974,586.8311,102.9847,14.8156,1.000000,0,1
5,6,1077.6120,534.1193,734.8036,87.3504,1.000000,0,1
6,1,777.4318,585.0435,42.9583,23.7114,1.000000,0,1
6,2,433.3636,533.2082,290.7697,80.7002,1.000000,0,1
6,3,873.6966,586.1699,50.3962,20.7630,1.000000,0,1
6,4,-79.5014,583.4360,162.3180,19.8176,1.000000,0,1
6,5,99.2744,586.4537,102.9654,14.7931,1.000000,0,1
6,6,1077.3300,534.5685,734.8264,87.3838,1.000000,0,1
7,1,777.0032,585.1243,42.9388,23.7133,1.000000,0,1
7,2,433.6435,533.3571,290.8062,80.7183,1.000000,0,1
7,3,873.2030,586.1679,50.3707,20.7607,1.000000,0,1
7,4,-79.2214,583.3234,162.3117,19.8076,1.000000,0,1
7,5,99.7130,586.0730,102.9459,14.7705,1.000000,0,1
7,6,1076.9710,535.0995,734.8386,87.4225,1.000000,0,1
8,1,776.5408,585.2117,42.9172,23.7151,1.000000,0,1
8,2,433.9435,533.4960,290.8446,80.7366,1.000000,0,1
8,3,872.6710,586.1703,50.3436,20.7586,1.000000,0,1
8,4,-78.9012,583.2015,162.3042,19.7967,1.000000,0,1
8,5,100.1994,585.7083,102.9249,14.7487,1.000000,0,1
8,6,1076.5540,535.6897,734.8368,87.4645,1.000000,0,1
9,1,776.0553,585.3020,42.8942,23.7166,1.000000,0,1
9,2,434.2566,533.6270,290.8844,80.7549,1.000000,0,1
9,3,872.1122,586.1736,50.3148,20.7562,1.000000,0,1
9,4,-78.5516,583.0762,162.2958,19.7854,1.000000,0,1
9,5,100.7174,585.3710,102.9041,14.7283,1.000000,0,1
9,6,1076.0870,536.3195,734.8179,87.5080,1.000000,0,1
10,1,775.5531,585.3928,42.8701,23.7180,1.000000,0,1
10,2,434.5779,533.7493,290.9244,80.7730,1.000000,0,1
10,3,871.5333,586.1755,50.2850,20.7538,1.000000,0,1
10,4,-78.1792,582.9525,162.2879,19.7744,1.000000,0,1
10,5,101.2570,585.0724,102.8845,14.7103,1.000000,0,1
10,6,1075.5750,536.9722,734.7782,87.5517,1.000000,0,1
11,1,775.0414,585.4830,42.8454,23.7192,1.000000,0,1
11,2,434.9024,533.8629,290.9644,80.7908,1.000000,0,1
11,3,870.9421,586.1741,50.2545,20.7511,1.000000,0,1
11,4,-77.7918,582.8304,162.2802,19.7649,1.000000,0,1
11,5,101.8080,584.8090,102.8666,14.6945,1.000000,0,1
11,6,1075.0310,537.6283,734.7202,87.5947,1.000000,0,1
12,1,774.5220,585.5696,42.8201,23.7202,1.000000,0,1
12,2,435.2282,533.9674,291.0040,80.8080,1.000000,0,1
12,3,870.3430,586.1694,50.2232,20.7481,1.000000,0,1
12,4,-77.3936,582.7054,162.2733,19.7640,1.000000,0,1
12,5,102.3663,584.5811,102.8499,14.6807,1.000000,0,1
12,6,1074.4610,538.2767,734.6427,87.6359,1.000000,0,1
13,1,773.9924,585.6455,42.7943,23.7205,1.000000,0,1
13,2,435.5546,534.0623,291.0427,80.8247,1.000000,0,1
13,3,869.7385,586.1613,50.1917,20.7449,1.000000,0,1
13,4,-76.9875,582.5883,162.2672,19.7633,1.000000,0,1
13,5,102.9288,584.3902,102.8355,14.6692,1.000000,0,1
13,6,1073.8660,538.9062,734.5426,87.6744,1.000000,0,1
14,1,773.4548,585.7102,42.7677,23.7202,1.000000,0,1
14,2,435.8798,534.1488,291.0811,80.8408,1.000000,0,1
14,3,869.1305,586.1494,50.1598,20.7415,1.000000,0,1
14,4,-76.5765,582.4769,162.2621,19.7628,1.000000,0,1
14,5,103.4936,584.2271,102.8222,14.6595,1.000000,0,1
14,6,1073.2530,539.5140,734.4232,87.7104,1.000000,0,1
15,1,772.9102,585.7625,42.7407,23.7194,1.000000,0,1
15,2,436.2040,534.2274,291.1189,80.8564,1.000000,0,1
15,3,868.5203,586.1342,50.1277,20.7379,1.000000,0,1
15,4,-76.1619,582.3721,162.2576,19.7624,1.000000,0,1
15,5,104.0596,584.0887,102.8104,14.6513,1.000000,0,1
15,6,1072.6240,540.0974,734.2834,87.7433,1.000000,0,1
16,1,772.3599,585.8012,42.7130,23.7177,1.000000,0,1
16,2,436.5270,534.2979,291.1561,80.8715,1.000000,0,1
16,3,867.9086,586.1166,50.0953,20.7341,1.000000,0,1
16,4,-75.7455,582.2748,162.2545,19.7624,1.000000,0,1
16,5,104.6262,583.9745,102.7997,14.6445,1.000000,0,1
16,6,1071.9800,540.6516,734.1227,87.7731,1.000000,0,1
17,1,771.8060,585.8297,42.6851,23.7155,1.000000,0,1
17,2,436.8484,534.3616,291.1931,80.8863,1.000000,0,1
17,3,867.2954,586.0962,50.0629,20.7301,1.000000,0,1
17,4,-75.3272,582.1823,162.2517,19.7623,1.000000,0,1
17,5,105.1929,583.8757,102.7900,14.6387,1.000000,0,1
17,6,1071.3230,541.1761,733.9432,87.7997,1.000000,0,1
18,1,771.2502,585.8500,42.6567,23.7130,1.000000,0,1
18,2,437.1684,534.4191,291.2299,80.9007,1.000000,0,1
18,3,866.6818,586.0740,50.0302,20.7261,1.000000,0,1
18,4,-74.9078,582.0948,162.2495,19.7625,1.000000,0,1
18,5,105.7594,583.7904,102.7810,14.6337,1.000000,0,1
18,6,1070.6500,541.6630,733.7393,87.8222,1.000000,0,1
19,1,770.6936,585.8638,42.6283,23.7100,1.000000,0,1
19,2,437.4872,534.4703,291.2665,80.9148,1.000000,0,1
19,3,866.0681,586.0506,49.9974,20.7219,1.000000,0,1
19,4,-74.4888,582.0130,162.2484,19.7628,1.000000,0,1
19,5,106.3260,583.7165,102.7726,14.6294,1.000000,0,1
19,6,1069.9590,542.1014,733.5054,87.8397,1.000000,0,1
20,1,770.1370,585.8735,42.5999,23.7069,1.000000,0,1
20,2,437.8046,534.5167,291.3028,80.9286,1.000000,0,1
20,3,865.4542,586.0253,49.9646,20.7176,1.000000,0,1
20,4,-74.0682,581.9341,162.2471,19.7632,1.000000,0,1
20,5,106.8932,583.6462,102.7646,14.6254,1.000000,0,1
20,6,1069.2530,542.4978,733.2469,87.8528,1.000000,0,1
21,1,769.5808,585.8800,42.5714,23.7036,1.000000,0,1
21,2,438.1210,534.5588,291.3391,80.9423,1.000000,0,1
21,3,864.8406,585.9990,49.9317,20.7133,1.000000,0,1
21,4,-73.6472,581.8585,162.2465,19.7637,1.000000,0,1
21,5,107.4607,583.5790,102.7569,14.6216,1.000000,0,1
21,6,1068.5330,542.8532,732.9663,87.8619,1.000000,0,1
22,1,769.0258,585.8842,42.5429,23.7002,1.000000,0,1
22,2,438.4363,534.5964,291.3753,80.9557,1.000000,0,1
22,3,864.2278,585.9723,49.8986,20.7088,1.000000,0,1
22,4,-73.2266,581.7864,162.2462,19.7642,1.000000,0,1
22,5,108.0285,583.5139,102.7494,14.6180,1.000000,0,1
22,6,1067.8000,543.1651,732.6600,87.8664,1.000000,0,1
23,1,768.4719,585.8869,42.5145,23.6968,1.000000,0,1
23,2,438.7509,534.6309,291.4113,80.9689,1.000000,0,1
23,3,863.6150,585.9443,49.8655,20.7043,1.000000,0,1
23,4,-72.8043,581.7157,162.2460,19.7648,1.000000,0,1
23,5,108.5964,583.4466,102.7423,14.6142,1.000000,0,1
23,6,1067.0570,543.4441,732.3368,87.8677,1.000000,0,1
24,1,767.9192,585.8883,42.4861,23.6933,1.000000,0,1
24,2,439.0652,534.6627,291.4470,80.9819,1.000000,0,1
24,3,863.0029,585.9155,49.8322,20.6996,1.000000,0,1
24,4,-72.3815,581.6465,162.2461,19.7655,1.000000,0,1
24,5,109.1644,583.3774,102.7352,14.6103,1.000000,0,1
24,6,1066.3050,543.6934,731.9973,87.8661,1.000000,0,1
25,1,767.3676,585.8884,42.4579,23.6898,1.000000,0,1
25,2,439.3788,534.6919,291.4825,80.9947,1.000000,0,1
25,3,862.3916,585.8865,49.7991,20.6951,1.000000,0,1
25,4,-71.9586,581.5795,162.2461,19.7661,1.000000,0,1
25,5,109.7319,583.3068,102.7283,14.6065,1.000000,0,1
25,6,1065.5450,543.9137,731.6431,87.8616,1.000000,0,1
26,1,766.8169,585.8875,42.4296,23.6862,1.000000,0,1
26,2,439.6919,534.7196,291.5181,81.0075,1.000000,0,1
26,3,861.7807,585.8559,49.7656,20.6902,1.000000,0,1
26,4,-71.5349,581.5126,162.2466,19.7668,1.000000,0,1
26,5,110.2995,583.2325,102.7216,14.6024,1.000000,0,1
26,6,1064.7800,544.1139,731.2791,87.8553,1.000000,0,1
27,1,766.2668,585.8849,42.4017,23.6826,1.000000,0,1
27,2,440.0046,534.7457,291.5536,81.0203,1.000000,0,1
27,3,861.1702,585.8243,49.7322,20.6854,1.000000,0,1
27,4,-71.1103,581.4463,162.2468,19.7675,1.000000,0,1
27,5,110.8668,583.1555,102.7150,14.5982,1.000000,0,1
27,6,1064.0100,544.2966,730.9070,87.8474,1.000000,0,1
28,1,765.7173,585.8807,42.3735,23.6790,1.000000,0,1
28,2,440.3171,534.7704,291.5887,81.0327,1.000000,0,1
28,3,860.5603,585.7922,49.6985,20.6804,1.000000,0,1
28,4,-70.6865,581.3808,162.2475,19.7682,1.000000,0,1
28,5,111.4332,583.0767,102.7085,14.5940,1.000000,0,1
28,6,1063.2370,544.4628,730.5282,87.8379,1.000000,0,1
29,1,765.1669,585.8745,42.3455,23.6753,1.000000,0,1
29,2,440.6291,534.7948,291.6238,81.0453,1.000000,0,1
29,3,859.9503,585.7585,49.6647,20.6753,1.000000,0,1
29,4,-70.2621,581.3146,162.2483,19.7690,1.000000,0,1
29,5,111.9992,582.9943,102.7022,14.5896,1.000000,0,1
29,6,1062.4620,544.6187,730.1470,87.8278,1.000000,0,1
30,1,764.6162,585.8663,42.3174,23.6715,1.000000,0,1
30,2,440.9408,534.8185,291.6587,81.0577,1.000000,0,1
30,3,859.3405,585.7239,49.6310,20.6701,1.000000,0,1
30,4,-69.8377,581.2481,162.2489,19.7697,1.000000,0,1
30,5,112.5645,582.9095,102.6961,14.5850,1.000000,0,1
30,6,1061.6860,544.7657,729.7633,87.8170,1.000000,0,1
31,1,764.0659,585.8564,42.2893,23.6676,1.000000,0,1
31,2,441.2523,534.8416,291.6938,81.0701,1.000000,0,1
31,3,858.7311,585.6888,49.5971,20.6649,1.000000,0,1
31,4,-69.4142,581.1818,162.2499,19.7705,1.000000,0,1
31,5,113.1292,582.8221,102.6903,14.5815,1.000000,0,1
31,6,1060.9090,544.9038,729.3788,87.8057,1.000000,0,1
32,1,763.5157,585.8446,42.2612,23.6637,1.000000,0,1
32,2,441.5636,534.8646,291.7287,81.0825,1.000000,0,1
32,3,858.1215,585.6522,49.5630,20.6595,1.000000,0,1
32,4,-68.9906,581.1142,162.2509,19.7713,1.000000,0,1
32,5,113.6940,582.7288,102.6845,14.5808,1.000000,0,1
32,6,1060.1320,545.0366,728.9956,87.7943,1.000000,0,1
33,1,762.9662,585.8309,42.2332,23.6596,1.000000,0,1
33,2,441.8745,534.8878,291.7636,81.0949,1.000000,0,1
33,3,857.5121,585.6147,49.5289,20.6541,1.000000,0,1
33,4,-68.5677,581.0459,162.2522,19.7721,1.000000,0,1
33,5,114.2584,582.6342,102.6791,14.5802,1.000000,0,1
33,6,1059.3570,545.1642,728.6145,87.7829,1.000000,0,1
34,1,762.4176,585.8154,42.2052,23.6556,1.000000,0,1
34,2,442.1851,534.9111,291.7986,81.1074,1.000000,0,1
34,3,856.9032,585.5768,49.4948,20.6487,1.000000,0,1
34,4,-68.1464,580.9775,162.2535,19.7729,1.000000,0,1
34,5,114.8226,582.5399,102.6737,14.5797,1.000000,0,1
34,6,1058.5830,545.2858,728.2373,87.7716,1.000000,0,1
35,1,761.8693,585.7971,42.1773,23.6513,1.000000,0,1
35,2,442.4953,534.9352,291.8337,81.1199,1.000000,0,1
35,3,856.2943,585.5371,49.4605,20.6431,1.000000,0,1
35,4,-67.7261,580.9073,162.2552,19.7737,1.000000,0,1
35,5,115.3862,582.4449,102.6686,14.5791,1.000000,0,1
35,6,1057.8120,545.4036,727.8641,87.7604,1.000000,0,1
36,1,761.3215,585.7762,42.1491,23.6470,1.000000,0,1
36,2,442.8053,534.9595,291.8690,81.1325,1.000000,0,1
36,3,855.6855,585.4963,49.4262,20.6374,1.000000,0,1
36,4,-67.3075,580.8361,162.2573,19.7746,1.000000,0,1
36,5,115.9497,582.3497,102.6638,14.5786,1.000000,0,1
36,6,1057.0430,545.5175,727.4943,87.7494,1.000000,0,1
37,1,760.7745,585.7532,42.1210,23.6425,1.000000,0,1
37,2,443.1149,534.9839,291.9218,81.1451,1.000000,0,1
37,3,855.0773,585.4553,49.3919,20.6317,1.000000,0,1
37,4,-66.8910,580.7648,162.2595,19.7755,1.000000,0,1
37,5,116.5135,582.2554,102.6590,14.5781,1.000000,0,1
37,6,1056.2760,545.6265,727.1270,87.7384,1.000000,0,1
38,1,760.2276,585.7266,42.0930,23.6379,1.000000,0,1
38,2,443.4239,535.0094,291.9837,81.1577,1.000000,0,1
38,3,854.4693,585.4124,49.3575,20.6259,1.000000,0,1
38,4,-66.4764,580.6917,162.2623,19.7764,1.000000,0,1
38,5,117.0773,582.1608,102.6545,14.5777,1.000000,0,1
38,6,1055.5090,545.7316,726.7623,87.7276,1.000000,0,1
39,1,759.6813,585.6974,42.0648,23.6331,1.000000,0,1
39,2,443.7325,535.0353,292.0457,81.1704,1.000000,0,1
39,3,853.8618,585.3685,49.3234,20.6203,1.000000,0,1
39,4,-66.0639,580.6180,162.2653,19.7773,1.000000,0,1
39,5,117.6413,582.0666,102.6501,14.5772,1.000000,0,1
39,6,1054.7440,545.8328,726.4009,87.7169,1.000000,0,1
40,1,759.1357,585.6665,42.0367,23.6282,1.000000,0,1
40,2,444.0405,535.0616,292.1079,81.1831,1.000000,0,1
40,3,853.2549,585.3244,49.2891,20.6144,1.000000,0,1
40,4,-65.6543,580.5449,162.2690,19.7783,1.000000,0,1
40,5,118.2062,581.9732,102.6458,14.5768,1.000000,0,1
40,6,1053.9800,545.9297,726.0420,87.7063,1.000000,0,1
41,1,758.5904,585.6315,42.0085,23.6231,1.000000,0,1
41,2,444.3482,535.0895,292.1699,81.1959,1.000000,0,1
41,3,852.6478,585.2784,49.2549,20.6085,1.000000,0,1
41,4,-65.2472,580.4711,162.2731,19.7794,1.000000,0,1
41,5,118.7718,581.8793,102.6415,14.5763,1.000000,0,1
41,6,1053.2180,546.0231,725.6868,87.6957,1.000000,0,1
42,1,758.0455,585.5940,41.9804,23.6179,1.000000,0,1
42,2,444.6556,535.1183,292.2318,81.2087,1.000000,0,1
42,3,852.0414,585.2316,49.2208,20.6027,1.000000,0,1
42,4,-64.8425,580.3978,162.2778,19.7805,1.000000,0,1
42,5,119.3383,581.7853,102.6371,14.5760,1.000000,0,1
42,6,1052.4560,546.1129,725.3345,87.6855,1.000000,0,1
43,1,757.5018,585.5549,41.9522,23.6127,1.000000,0,1
43,2,444.9627,535.1483,292.2938,81.2215,1.000000,0,1
43,3,851.4359,585.1850,49.1870,20.5969,1.000000,0,1
43,4,-64.4408,580.3265,162.2831,19.7817,1.000000,0,1
43,5,119.9056,581.6917,102.6329,14.5755,1.000000,0,1
43,6,1051.6960,546.1979,724.9836,87.6751,1.000000,0,1
44,1,756.9585,585.5118,41.9240,23.6072,1.000000,0,1
44,2,445.2695,535.1803,292.3553,81.2343,1.000000,0,1
44,3,850.8306,585.1366,49.1530,20.5910,1.000000,0,1
44,4,-64.0424,580.2559,162.2890,19.7830,1.000000,0,1
44,5,120.4731,581.5977,102.6287,14.5751,1.000000,0,1
44,6,1050.9360,546.2793,724.6349,87.6647,1.000000,0,1
45,1,756.4161,585.4665,41.8958,23.6016,1.000000,0,1
45,2,445.5765,535.2139,292.4164,81.2472,1.000000,0,1
45,3,850.2258,585.0877,49.1194,20.5852,1.000000,0,1
45,4,-63.6469,580.1871,162.2955,19.7844,1.000000,0,1
45,5,121.0407,581.5035,102.6246,14.5747,1.000000,0,1
45,6,1050.1770,546.3566,724.2878,87.6543,1.000000,0,1
46,1,755.8750,585.4200,41.8677,23.5961,1.000000,0,1
46,2,445.8837,535.2485,292.4775,81.2599,1.000000,0,1
46,3,849.6223,585.0396,49.0860,20.5795,1.000000,0,1
46,4,-63.2552,580.1216,162.3030,19.7859,1.000000,0,1
46,5,121.6090,581.4089,102.6204,14.5743,1.000000,0,1
46,6,1049.4200,546.4291,723.9419,87.6438,1.000000,0,1
47,1,755.3345,585.3697,41.8395,23.5903,1.000000,0,1
47,2,446.1910,535.2852,292.5377,81.2726,1.000000,0,1
47,3,849.0192,584.9905,49.0527,20.5738,1.000000,0,1
47,4,-62.8668,580.0577,162.3112,19.7876,1.000000,0,1
47,5,122.1771,581.3130,102.6164,14.5740,1.000000,0,1
47,6,1048.6630,546.4971,723.5981,87.6334,1.000000,0,1
48,1,754.7949,585.3173,41.8113,23.5844,1.000000,0,1
48,2,446.4986,535.3237,292.5976,81.2852,1.000000,0,1
48,3,848.4172,584.9414,49.0197,20.5682,1.000000,0,1
48,4,-62.4815,579.9965,162.3201,19.7893,1.000000,0,1
48,5,122.7450,581.2165,102.6125,14.5736,1.000000,0,1
48,6,1047.9060,546.5607,723.2563,87.6229,1.000000,0,1
49,1,754.2565,585.2642,41.7833,23.5785,1.000000,0,1
49,2,446.8068,535.3640,292.6570,81.2978,1.000000,0,1
49,3,847.8162,584.8932,48.9871,20.5628,1.000000,0,1
49,4,-62.0987,579.9391,162.3295,19.7911,1.000000,0,1
49,5,123.3120,581.1200,102.6089,14.5732,1.000000,0,1
49,6,1047.1490,546.6192,722.9142,87.6122,1.000000,0,1
50,1,753.7182,585.2073,41.7554,23.5725,1.000000,0,1
50,2,447.1155,535.4069,292.7155,81.3102,1.000000,0,1
50,3,847.2157,584.8438,48.9545,20.5574,1.000000,0,1
50,4,-61.7192,579.8846,162.3398,19.7931,1.000000,0,1
50,5,123.8781,581.0224,102.6053,14.5729,1.000000,0,1
50,6,1046.3930,546.6725,722.5745,87.6014,1.000000,0,1
51,1,753.1807,585.1490,41.7275,23.5664,1.000000,0,1
51,2,447.4249,535.4518,292.7737,81.3226,1.000000,0,1
51,3,846.6161,584.7943,48.9221,20.5520,1.000000,0,1
51,4,-61.3424,579.8335,162.3507,19.7952,1.000000,0,1
51,5,124.4431,580.9244,102.6021,14.5725,1.000000,0,1
51,6,1045.6360,546.7207,722.2352,87.5905,1.000000,0,1
52,1,752.6443,585.0911,41.6997,23.5604,1.000000,0,1
52,2,447.7354,535.4980,292.8312,81.3348,1.000000,0,1
52,3,846.0177,584.7458,48.8901,20.5468,1.000000,0,1
52,4,-60.9677,579.7866,162.3619,19.7973,1.000000,0,1
52,5,125.0060,580.8268,102.5993,14.5724,1.000000,0,1
52,6,1044.8790,546.7630,721.8964,87.5794,1.000000,0,1
53,1,752.1077,585.0302,41.6719,23.5543,1.000000,0,1
53,2,448.0471,535.5468,292.8878,81.3468,1.000000,0,1
53,3,845.4194,584.6964,48.8584,20.5416,1.000000,0,1
53,4,-60.5954,579.7430,162.3744,19.7997,1.000000,0,1
53,5,125.5666,580.7289,102.5969,14.5722,1.000000,0,1
53,6,1044.1200,546.7994,721.5566,87.5681,1.000000,0,1
54,1,751.5715,584.9684,41.6441,23.5482,1.000000,0,1
54,2,448.3599,535.5975,292.9437,81.3588,1.000000,0,1
54,3,844.8218,584.6473,48.8268,20.5365,1.000000,0,1
54,4,-60.2248,579.7032,162.3869,19.8021,1.000000,0,1
54,5,126.1248,580.6315,102.5951,14.5721,1.000000,0,1
54,6,1043.3590,546.8300,721.2178,87.5566,1.000000,0,1
55,1,751.0361,584.9074,41.6165,23.5422,1.000000,0,1
55,2,448.6743,535.6505,292.9990,81.3707,1.000000,0,1
55,3,844.2249,584.5996,48.7955,20.5316,1.000000,0,1
55,4,-59.8558,579.6677,162.4001,19.8045,1.000000,0,1
55,5,126.6802,580.5351,102.5939,14.5721,1.000000,0,1
55,6,1042.5990,546.8542,720.8802,87.5449,1.000000,0,1
56,1,750.5000,584.8436,41.5889,23.5360,1.000000,0,1
56,2,448.9904,535.7060,293.0532,81.3822,1.000000,0,1
56,3,843.6282,584.5519,48.7643,20.5266,1.000000,0,1
56,4,-59.4878,579.6358,162.4137,19.8071,1.000000,0,1
56,5,127.2322,580.4389,102.5932,14.5721,1.000000,0,1
56,6,1041.8370,546.8719,720.5424,87.5329,1.000000,0,1
57,1,749.9641,584.7795,41.5612,23.5299,1.000000,0,1
57,2,449.3080,535.7629,293.1066,81.3936,1.000000,0,1
57,3,843.0321,584.5052,48.7335,20.5219,1.000000,0,1
57,4,-59.1206,579.6072,162.4273,19.8097,1.000000,0,1
57,5,127.7818,580.3433,102.5933,14.5723,1.000000,0,1
57,6,1041.0760,546.8831,720.2048,87.5207,1.000000,0,1
58,1,749.4287,584.7172,41.5338,23.5239,1.000000,0,1
58,2,449.6274,535.8215,293.1591,81.4048,1.000000,0,1
58,3,842.4368,584.4606,48.7028,20.5174,1.000000,0,1
58,4,-58.7534,579.5820,162.4412,19.8124,1.000000,0,1
58,5,128.3287,580.2491,102.5937,14.5726,1.000000,0,1
58,6,1040.3150,546.8873,719.8687,87.5083,1.000000,0,1
59,1,748.8926,584.6526,41.5063,23.5177,1.000000,0,1
59,2,449.9485,535.8823,293.2110,81.4159,1.000000,0,1
59,3,841.8420,584.4167,48.6722,20.5128,1.000000,0,1
59,4,-58.3865,579.5600,162.4551,19.8151,1.000000,0,1
59,5,128.8728,580.1552,102.5948,14.5729,1.000000,0,1
59,6,1039.5530,546.8835,719.5319,87.4955,1.000000,0,1
60,1,748.3566,584.5880,41.4789,23.5116,1.000000,0,1
60,2,450.2713,535.9449,293.2623,81.4269,1.000000,0,1
60,3,841.2477,584.3743,48.6420,20.5085,1.000000,0,1
60,4,-58.0198,579.5406,162.4693,19.8179,1.000000,0,1
60,5,129.4143,580.0623,102.5966,14.5733,1.000000,0,1
60,6,1038.7910,546.8722,719.1940,87.4822,1.000000,0,1
61,1,747.8210,584.5250,41.4515,23.5056,1.000000,0,1
61,2,450.5958,536.0085,293.3129,81.4377,1.000000,0,1
61,3,840.6544,584.3344,48.6118,20.5043,1.000000,0,1
61,4,-57.6528,579.5240,162.4834,19.8208,1.000000,0,1
61,5,129.9528,579.9715,102.5990,14.5739,1.000000,0,1
61,6,1038.0300,546.8540,718.8583,87.4688,1.000000,0,1
62,1,747.2845,584.4595,41.4240,23.4995,1.000000,0,1
62,2,450.9215,536.0741,293.3631,81.4485,1.000000,0,1
62,3,840.0614,584.2957,48.5818,20.5002,1.000000,0,1
62,4,-57.2857,579.5107,162.4977,19.8236,1.000000,0,1
62,5,130.4883,579.8824,102.6023,14.5746,1.000000,0,1
62,6,1037.2670,546.8284,718.5214,87.4551,1.000000,0,1
63,1,746.7480,584.3942,41.3967,23.4934,1.000000,0,1
63,2,451.2487,536.1407,293.4128,81.4591,1.000000,0,1
63,3,839.4689,584.2589,48.5519,20.4962,1.000000,0,1
63,4,-56.9179,579.4999,162.5118,19.8265,1.000000,0,1
63,5,131.0216,579.7952,102.6059,14.5753,1.000000,0,1
63,6,1036.5040,546.7957,718.1847,87.4409,1.000000,0,1
64,1,746.2119,584.3312,41.3695,23.4875,1.000000,0,1
64,2,451.5778,536.2082,293.4622,81.4696,1.000000,0,1
64,3,838.8770,584.2249,48.5222,20.4924,1.000000,0,1
64,4,-56.5496,579.4912,162.5259,19.8293,1.000000,0,1
64,5,131.5520,579.7098,102.6101,14.5761,1.000000,0,1
64,6,1035.7410,546.7556,717.8470,87.4264,1.000000,0,1
65,1,745.6745,584.2665,41.3422,23.4815,1.000000,0,1
65,2,451.9080,536.2767,293.5114,81.4801,1.000000,0,1
65,3,838.2855,584.1921,48.4925,20.4886,1.000000,0,1
65,4,-56.1803,579.4845,162.5401,19.8322,1.000000,0,1
65,5,132.0804,579.6259,102.6149,14.5771,1.000000,0,1
65,6,1034.9760,546.7077,717.5071,87.4112,1.000000,0,1
66,1,745.1370,584.2023,41.3151,23.4757,1.000000,0,1
66,2,452.2397,536.3459,293.5602,81.4905,1.000000,0,1
66,3,837.6942,584.1613,48.4630,20.4850,1.000000,0,1
66,4,-55.8101,579.4793,162.5539,19.8352,1.000000,0,1
66,5,132.6070,579.5439,102.6200,14.5780,1.000000,0,1
66,6,1034.2100,546.6531,717.1652,87.3956,1.000000,0,1
67,1,744.5999,584.1407,41.2881,23.4700,1.000000,0,1
67,2,452.5727,536.4154,293.6085,81.5007,1.000000,0,1
67,3,837.1033,584.1331,48.4335,20.4814,1.000000,0,1
67,4,-55.4391,579.4758,162.5677,19.8381,1.000000,0,1
67,5,133.1314,579.4642,102.6255,14.5791,1.000000,0,1
67,6,1033.4430,546.5915,716.8210,87.3795,1.000000,0,1
68,1,744.0614,584.0779,41.2612,23.4642,1.000000,0.125,0.875
68,2,452.9068,536.4854,293.6564,81.5109,1.000000,0,1
68,3,836.5117,584.1064,48.4038,20.4780,1.000000,0,1
68,4,-55.0671,579.4736,162.5816,19.8410,1.000000,0,1
68,5,133.6544,579.3856,102.6315,14.5802,1.000000,0,1
68,6,1032.6740,546.5226,716.4730,87.3625,1.000000,0,1
69,1,743.5227,584.0161,41.2343,23.4586,1.000000,0,1
69,2,453.2417,536.5555,293.7041,81.5209,1.000000,0,1
69,3,835.9198,584.0817,48.3744,20.4747,1.000000,0,1
69,4,-54.6939,579.4727,162.5951,19.8439,1.000000,0,1
69,5,134.1757,579.3087,102.6377,14.5814,1.000000,0,1
69,6,1031.9040,546.4475,716.1219,87.3450,1.000000,0,1
70,1,742.9844,583.9573,41.2076,23.4532,1.000000,0.0625,0.9375
70,2,453.5779,536.6250,293.7514,81.5308,1.000000,0,1
70,3,835.3282,584.0588,48.3451,20.4714,1.000000,0,1
70,4,-54.3199,579.4728,162.6086,19.8469,1.000000,0,1
70,5,134.6950,579.2344,102.6444,14.5827,1.000000,0,1
70,6,1031.1340,546.3671,715.7681,87.3268,1.000000,0,1
71,1,742.4449,583.8983,41.1809,23.4479,1.000000,0.1875,0.8125
71,2,453.9155,536.6946,293.7984,81.5406,1.000000,0,1
71,3,834.7369,584.0376,48.3157,20.4682,1.000000,0,1
71,4,-53.9462,579.4744,162.6222,19.8498,1.000000,0,1
71,5,135.2129,579.1610,102.6514,14.5840,1.000000,0,1
71,6,1030.3610,546.2805,715.4087,87.3078,1.000000,0,1
72,1,741.9052,583.8412,41.1545,23.4426,1.000000,0.375,0.625
72,2,454.2542,536.7637,293.8449,81.5502,1.000000,0,1
72,3,834.1460,584.0181,48.2866,20.4652,1.000000,0,1
72,4,-53.5722,579.4771,162.6360,19.8528,1.000000,0,1
72,5,135.7292,579.0890,102.6586,14.5853,1.000000,0,1
72,6,1029.5880,546.1891,715.0461,87.2883,1.000000,0,1
73,1,741.3660,583.7876,41.1281,23.4377,1.000000,0.0625,0.9375
73,2,454.5945,536.8314,293.8906,81.5595,1.000000,0,1
73,3,833.5555,584.0002,48.2575,20.4623,1.000000,0,1
73,4,-53.1976,579.4802,162.6494,19.8557,1.000000,0,1
73,5,136.2437,579.0188,102.6661,14.5867,1.000000,0,1
73,6,1028.8130,546.0940,714.6805,87.2681,1.000000,0,1
74,1,740.8259,583.7344,41.1019,23.4328,1.000000,0.125,0.875
74,2,454.9362,536.8988,293.9357,81.5686,1.000000,0,1
74,3,832.9658,583.9838,48.2284,20.4594,1.000000,0,1
74,4,-52.8226,579.4841,162.6629,19.8587,1.000000,0,1
74,5,136.7559,578.9498,102.6740,14.5882,1.000000,0,1
74,6,1028.0380,545.9944,714.3103,87.2473,1.000000,0,1
75,1,740.2863,583.6838,41.0757,23.4281,1.000000,0.1875,0.8125
75,2,455.2794,536.9655,293.9801,81.5774,1.000000,0,1
75,3,832.3766,583.9686,48.1995,20.4567,1.000000,0,1
75,4,-52.4470,579.4887,162.6763,19.8616,1.000000,0,1
75,5,137.2658,578.8826,102.6820,14.5897,1.000000,0,1
75,6,1027.2610,545.8916,713.9364,87.2259,1.000000,0,1
76,1,739.7474,583.6376,41.0500,23.4236,1.000000,0.1875,0.8125
76,2,455.6241,537.0306,294.0235,81.5860,1.000000,0,1
76,3,831.7878,583.9548,48.1707,20.4540,1.000000,0,1
76,4,-52.0706,579.4938,162.6899,19.8646,1.000000,0,1
76,5,137.7725,578.8170,102.6906,14.5913,1.000000,0,1
76,6,1026.4830,545.7867,713.5576,87.2038,1.000000,0,1
77,1,739.2072,583.5922,41.0242,23.4192,1.000000,0.0625,0.9375
77,2,455.9701,537.0951,294.0662,81.5942,1.000000,0,1
77,3,831.1998,583.9420,48.1419,20.4513,1.000000,0,1
77,4,-51.6932,579.5004,162.7030,19.8676,1.000000,0,1
77,5,138.2769,578.7514,102.6994,14.5929,1.000000,0,1
77,6,1025.7040,545.6783,713.1741,87.1811,1.000000,0,1
78,1,738.6669,583.5494,40.9984,23.4150,1.000000,0.125,0.875
78,2,456.3176,537.1584,294.1077,81.6020,1.000000,0,1
78,3,830.6123,583.9303,48.1134,20.4488,1.000000,0,1
78,4,-51.3155,579.5078,162.7162,19.8705,1.000000,0,1
78,5,138.7788,578.6865,102.7084,14.5945,1.000000,0,1
78,6,1024.9240,545.5679,712.7860,87.1577,1.000000,0,1
79,1,738.1268,583.5107,40.9729,23.4111,1.000000,0.3125,0.6875
79,2,456.6664,537.2206,294.1483,81.6095,1.000000,0,1
79,3,830.0258,583.9199,48.0848,20.4462,1.000000,0,1
79,4,-50.9364,579.5157,162.7294,19.8735,1.000000,0,1
79,5,139.2773,578.6230,102.7180,14.5963,1.000000,0,1
79,6,1024.1430,545.4570,712.3947,87.1339,1.000000,0,1
80,1,737.5858,583.4741,40.9475,23.4073,1.000000,0.125,0.875
80,2,457.0166,537.2821,294.1877,81.6166,1.000000,0,1
80,3,829.4399,583.9102,48.0564,20.4438,1.000000,0,1
80,4,-50.5563,579.5253,162.7423,19.8765,1.000000,0,1
80,5,139.7732,578.5599,102.7281,14.5981,1.000000,0,1
80,6,1023.3600,545.3442,711.9968,87.1092,1.000000,0,1
81,1,737.0450,583.4407,40.9219,23.4036,1.000000,0.125,0.875
81,2,457.3681,537.3426,294.2258,81.6233,1.000000,0,1
81,3,828.8549,583.9017,48.0281,20.4415,1.000000,0,1
81,4,-50.1746,579.5358,162.7549,19.8794,1.000000,0,1
81,5,140.2666,578.4979,102.7382,14.5999,1.000000,0,1
81,6,1022.5760,545.2305,711.5943,87.0841,1.000000,0,1
82,1,736.5051,583.4117,40.8967,23.4002,1.000000,0.4375,0.5625
82,2,457.7209,537.4014,294.2627,81.6295,1.000000,0,1
82,3,828.2706,583.8947,48.0001,20.4393,1.000000,0,1
82,4,-49.7912,579.5467,162.7674,19.8824,1.000000,0,1
82,5,140.7568,578.4384,102.7489,14.6018,1.000000,0,1
82,6,1021.7910,545.1175,711.1879,87.0585,1.000000,0,1
83,1,735.9656,583.3867,40.8713,23.3969,1.000000,0.125,0.875
83,2,458.0747,537.4601,294.2986,81.6355,1.000000,0,1
83,3,827.6877,583.8887,47.9722,20.4372,1.000000,0,1
83,4,-49.4063,579.5592,162.7798,19.8853,1.000000,0,1
83,5,141.2443,578.3804,102.7599,14.6038,1.000000,0,1
83,6,1021.0050,545.0034,710.7753,87.0321,1.000000,0,1
84,1,735.4272,583.3658,40.8463,23.3939,1.000000,0.1875,0.8125
84,2,458.4296,537.5182,294.3334,81.6411,1.000000,0,1
84,3,827.1057,583.8839,47.9444,20.4352,1.000000,0,1
84,4,-49.0196,579.5725,162.7915,19.8882,1.000000,0,1
84,5,141.7284,578.3246,102.7715,14.6058,1.000000,0,1
84,6,1020.2170,544.8891,710.3590,87.0053,1.000000,0,1
85,1,734.8904,583.3498,40.8213,23.3911,1.000000,0.1875,0.8125
85,2,458.7852,537.5747,294.3673,81.6463,1.000000,0,1
85,3,826.5243,583.8804,47.9166,20.4332,1.000000,0,1
85,4,-48.6311,579.5863,162.8031,19.8910,1.000000,0,1
85,5,142.2090,578.2723,102.7835,14.6080,1.000000,0,1
85,6,1019.4280,544.7765,709.9377,86.9781,1.000000,0,1
86,1,734.3463,583.3382,40.8048,23.3885,1.000000,0.25,0.75
86,2,459.1415,537.6313,294.4001,81.6513,1.000000,0,1
86,3,825.9438,583.8777,47.8890,20.4313,1.000000,0,1
86,4,-48.2408,579.6014,162.8143,19.8938,1.000000,0,1
86,5,142.6867,578.2229,102.7959,14.6102,1.000000,0,1
86,6,1018.6380,544.6641,709.5122,86.9503,1.000000,0,1
87,1,733.8016,583.3304,40.7901,23.3861,1.000000,0.4375,0.5625
87,2,459.4982,537.6873,294.4323,81.6561,1.000000,0,1
87,3,825.3641,583.8765,47.8616,20.4295,1.000000,0,1
87,4,-47.8492,579.6166,162.8255,19.8967,1.000000,0,1
87,5,143.1614,578.1771,102.8089,14.6125,1.000000,0,1
87,6,1017.8470,544.5526,709.0825,86.9221,1.000000,0,1
88,1,733.2584,583.3262,40.7755,23.3839,1.000000,0.375,0.625
88,2,459.8549,537.7422,294.4640,81.6607,1.000000,0,1
88,3,824.7848,583.8770,47.8341,20.4278,1.000000,0,1
88,4,-47.4554,579.6315,162.8360,19.8994,1.000000,0,1
88,5,143.6335,578.1360,102.8222,14.6149,1.000000,0,1
88,6,1017.0550,544.4430,708.6504,86.8936,1.000000,0,1
89,1,732.7168,583.3264,40.7610,23.3819,1.000000,0.4375,0.5625
89,2,460.2117,537.7970,294.4949,81.6650,1.000000,0,1
89,3,824.2061,583.8788,47.8066,20.4261,1.000000,0,1
89,4,-47.0601,579.6465,162.8464,19.9022,1.000000,0,1
89,5,144.1030,578.0989,102.8358,14.6174,1.000000,0,1
89,6,1016.2620,544.3342,708.2129,86.8647,1.000000,0,1
90,1,732.1768,583.3301,40.7466,23.3800,1.000000,0.375,0.625
90,2,460.5685,537.8511,294.5256,81.6692,1.000000,0,1
90,3,823.6278,583.8821,47.7792,20.4245,1.000000,0,1
90,4,-46.6637,579.6613,162.8567,19.9049,1.000000,0,1
90,5,144.5699,578.0668,102.8500,14.6200,1.000000,0,1
90,6,1015.4690,544.2268,707.7732,86.8354,1.000000,0,1
91,1,731.6377,583.3367,40.7323,23.3784,1.000000,0.25,0.75
91,2,460.9252,537.9042,294.5558,81.6734,1.000000,0,1
91,3,823.0496,583.8871,47.7519,20.4230,1.000000,0,1
91,4,-46.2661,579.6754,162.8665,19.9076,1.000000,0,1
91,5,145.0349,578.0403,102.8645,14.6227,1.000000,0,1
91,6,1014.6750,544.1214,707.3308,86.8060,1.000000,0,1
92,1,731.1002,583.3481,40.7181,23.3770,1.000000,0.5,0.5
92,2,461.2816,537.9570,294.5860,81.6774,1.000000,0,1
92,3,822.4718,583.8934,47.7245,20.4215,1.000000,0,1
92,4,-45.8672,579.6891,162.8763,19.9102,1.000000,0,1
92,5,145.4987,578.0190,102.8793,14.6255,1.000000,0,1
92,6,1013.8790,544.0172,706.8857,86.7763,1.000000,0,1
93,1,730.5634,583.3628,40.7041,23.3757,1.000000,0.5,0.5
93,2,461.6374,538.0093,294.6161,81.6814,1.000000,0,1
93,3,821.8939,583.9014,47.6971,20.4201,1.000000,0,1
93,4,-45.4677,579.7020,162.8860,19.9129,1.000000,0,1
93,5,145.9611,578.0035,102.8941,14.6283,1.000000,0,1
93,6,1013.0840,543.9142,706.4374,86.7463,1.000000,0,1
94,1,730.0272,583.3799,40.6900,23.3746,1.000000,0.5,0.5
94,2,461.9931,538.0607,294.6460,81.6854,1.000000,0,1
94,3,821.3159,583.9108,47.6697,20.4187,1.000000,0,1
94,4,-45.0675,579.7136,162.8955,19.9155,1.000000,0,1
94,5,146.4215,577.9938,102.9095,14.6312,1.000000,0,1
94,6,1012.2880,543.8132,705.9868,86.7160,1.000000,0,1
95,1,729.4915,583.4008,40.6760,23.3736,1.000000,0.5625,0.4375
95,2,462.3484,538.1115,294.6757,81.6893,1.000000,0,1
95,3,820.7378,583.9216,47.6422,20.4173,1.000000,0,1
95,4,-44.6674,579.7249,162.9052,19.9181,1.000000,0,1
95,5,146.8810,577.9890,102.9251,14.6342,1.000000,0,1
95,6,1011.4910,543.7133,705.5335,86.6855,1.000000,0,1
96,1,728.9560,583.4237,40.6622,23.3728,1.000000,0.9375,0.0625
96,2,462.7033,538.1614,294.7054,81.6931,1.000000,0,1
96,3,820.1594,583.9337,47.6147,20.4160,1.000000,0,1
96,4,-44.2676,579.7357,162.9147,19.9207,1.000000,0,1
96,5,147.3397,577.9891,102.9408,14.6373,1.000000,0,1
96,6,1010.6940,543.6151,705.0778,86.6548,1.000000,0,1
97,1,728.4207,583.4484,40.6484,23.3720,1.000000,0.5625,0.4375
97,2,463.0577,538.2098,294.7354,81.6970,1.000000,0,1
97,3,819.5808,583.9471,47.5871,20.4147,1.000000,0,1
97,4,-43.8685,579.7455,162.9245,19.9234,1.000000,0,1
97,5,147.7981,577.9940,102.9566,14.6403,1.000000,0,1
97,6,1009.8980,543.5195,704.6212,86.6240,1.000000,0,1
98,1,727.8857,583.4760,40.6345,23.3714,1.000000,0.5625,0.4375
98,2,463.4117,538.2573,294.7653,81.7007,1.000000,0,1
98,3,819.0023,583.9612,47.5595,20.4134,1.000000,0,1
98,4,-43.4701,579.7548,162.9344,19.9260,1.000000,0,1
98,5,148.2562,578.0036,102.9726,14.6435,1.000000,0,1
98,6,1009.1010,543.4252,704.1625,86.5931,1.000000,0,1
99,1,727.3507,583.5056,40.6207,23.3709,1.000000,0.8125,0.1875
99,2,463.7658,538.3037,294.7947,81.7044,1.000000,0,1
99,3,818.4236,583.9764,47.5316,20.4122,1.000000,0,1
99,4,-43.0726,579.7635,162.9445,19.9286,1.000000,0,1
99,5,148.7142,578.0176,102.9884,14.6466,1.000000,0,1
99,6,1008.3040,543.3324,703.7019,86.5619,1.000000,0,1
100,1,726.8157,583.5365,40.6069,23.3704,1.000000,0.5625,0.4375
100,2,464.1194,538.3482,294.8244,81.7080,1.000000,0,1
100,3,817.8445,583.9933,47.5038,20.4109,1.000000,0,1
100,4,-42.6762,579.7718,162.9546,19.9313,1.000000,0,1
100,5,149.1718,578.0353,103.0045,14.6499,1.000000,0,1
100,6,1007.5080,543.2418,703.2401,86.5307,1.000000,0,1
101,1,726.2809,583.5699,40.5932,23.3700,1.000000,0.75,0.25
101,2,464.4727,538.3908,294.8540,81.7115,1.000000,0,1
101,3,817.2651,584.0112,47.4760,20.4096,1.000000,0,1
101,4,-42.2812,579.7800,162.9653,19.9340,1.000000,0,1
101,5,149.6297,578.0566,103.0206,14.6532,1.000000,0,1
101,6,1006.7120,543.1530,702.7762,86.4993,1.000000,0,1
102,1,725.7462,583.6052,40.5795,23.3697,1.000000,0.75,0.25
102,2,464.8260,538.4315,294.8831,81.7148,1.000000,0,1
102,3,816.6853,584.0302,47.4480,20.4084,1.000000,0,1
102,4,-41.8869,579.7880,162.9758,19.9367,1.000000,0,1
102,5,150.0882,578.0809,103.0367,14.6565,1.000000,0,1
102,6,1005.9160,543.0664,702.3114,86.4679,1.000000,0,1
103,1,725.2112,583.6414,40.5657,23.3695,1.000000,0.8125,0.1875
103,2,465.1794,538.4696,294.9120,81.7180,1.000000,0,1
103,3,816.1049,584.0502,47.4199,20.4072,1.000000,0,1
103,4,-41.4941,579.7961,162.9868,19.9394,1.000000,0,1
103,5,150.5472,578.1086,103.0526,14.6597,1.000000,0,1
103,6,1005.1210,542.9829,701.8461,86.4364,1.000000,0,1
104,1,724.6758,583.6799,40.5519,23.3694,1.000000,0.6875,0.3125
104,2,465.5325,538.5048,294.9406,81.7209,1.000000,0,1
104,3,815.5239,584.0717,47.3917,20.4060,1.000000,0,1
104,4,-41.1025,579.8053,162.9981,19.9422,1.000000,0,1
104,5,151.0063,578.1401,103.0685,14.6631,1.000000,0,1
104,6,1004.3270,542.9012,701.3786,86.4048,1.000000,0,1
105,1,724.1395,583.7201,40.5382,23.3692,1.000000,0.8125,0.1875
105,2,465.8855,538.5375,294.9691,81.7237,1.000000,0,1
105,3,814.9421,584.0943,47.3635,20.4048,1.000000,0,1
105,4,-40.7123,579.8156,163.0096,19.9451,1.000000,0,1
105,5,151.4656,578.1750,103.0844,14.6663,1.000000,0,1
105,6,1003.5340,542.8223,700.9102,86.3731,1.000000,0,1
106,1,723.6027,583.7609,40.5243,23.3691,1.000000,0.6875,0.3125
106,2,466.2380,538.5672,294.9978,81.7264,1.000000,0,1
106,3,814.3594,584.1177,47.3349,20.4036,1.000000,0,1
106,4,-40.3236,579.8276,163.0215,19.9479,1.000000,0,1
106,5,151.9257,578.2136,103.1004,14.6697,1.000000,0,1
106,6,1002.7420,542.7475,700.4429,86.3417,1.000000,0,1
107,1,723.0657,583.8039,40.5103,23.3691,1.000000,0.6875,0.3125
107,2,466.5900,538.5931,295.0262,81.7289,1.000000,0,1
107,3,813.7757,584.1427,47.3065,20.4025,1.000000,0,1
107,4,-39.9361,579.8416,163.0338,19.9509,1.000000,0,1
107,5,152.3872,578.2557,103.1158,14.6731,1.000000,0,1
107,6,1001.9510,542.6750,699.9751,86.3102,1.000000,0,1
108,1,722.5287,583.8483,40.4963,23.3690,1.000000,0.75,0.25
108,2,466.9414,538.6158,295.0545,81.7313,1.000000,0,1
108,3,813.1910,584.1693,47.2778,20.4014,1.000000,0,1
108,4,-39.5496,579.8575,163.0461,19.9539,1.000000,0,1
108,5,152.8495,578.3009,103.1314,14.6765,1.000000,0,1
108,6,1001.1610,542.6059,699.5082,86.2789,1.000000,0,1
109,1,721.9919,583.8929,40.4822,23.3687,1.000000,0.875,0.125
109,2,467.2920,538.6351,295.0827,81.7335,1.000000,0,1
109,3,812.6049,584.1968,47.2488,20.4002,1.000000,0,1
109,4,-39.1647,579.8752,163.0589,19.9570,1.000000,0,1
109,5,153.3130,578.3503,103.1467,14.6798,1.000000,0,1
109,6,1000.3730,542.5420,699.0432,86.2481,1.000000,0,1
110,1,721.4554,583.9392,40.4678,23.3686,1.000000,0.625,0.375
110,2,467.6419,538.6498,295.1108,81.7355,1.000000,0,1
110,3,812.0167,584.2263,47.2198,20.3990,1.000000,0,1
110,4,-38.7805,579.8948,163.0719,19.9601,1.000000,0,1
110,5,153.7776,578.4039,103.1620,14.6832,1.000000,0,1
110,6,999.5865,542.4814,698.5790,86.2174,1.000000,0,1
111,1,720.9191,583.9860,40.4533,23.3684,1.000000,1,0
111,2,467.9912,538.6605,295.1388,81.7373,1.000000,0,1
111,3,811.4270,584.2572,47.1904,20.3978,1.000000,0,1
111,4,-38.3971,579.9161,163.0849,19.9631,1.000000,0,1
111,5,154.2437,578.4609,103.1771,14.6866,1.000000,0,1
111,6,998.8011,542.4252,698.1171,86.1871,1.000000,0,1
112,1,720.3832,584.0326,40.4388,23.3681,1.000000,0.9375,0.0625
112,2,468.3401,538.6674,295.1669,81.7390,1.000000,0,1
112,3,810.8359,584.2894,47.1608,20.3966,1.000000,0,1
112,4,-38.0154,579.9390,163.0985,19.9664,1.000000,0,1
112,5,154.7113,578.5214,103.1920,14.6900,1.000000,0,1
112,6,998.0164,542.3746,697.6572,86.1572,1.000000,0,1
113,1,719.8477,584.0800,40.4240,23.3677,1.000000,0.875,0.125
113,2,468.6888,538.6690,295.1946,81.7403,1.000000,0,1
113,3,810.2440,584.3243,47.1309,20.3954,1.000000,0,1
113,4,-37.6344,579.9636,163.1121,19.9696,1.000000,0,1
113,5,155.1808,578.5865,103.2068,14.6934,1.000000,0,1
113,6,997.2324,542.3280,697.1994,86.1278,1.000000,0,1
114,1,719.3124,584.1273,40.4091,23.3672,1.000000,1,0
114,2,469.0372,538.6661,295.2225,81.7415,1.000000,0,1
114,3,809.6512,584.3605,47.1010,20.3942,1.000000,0,1
114,4,-37.2543,579.9893,163.1257,19.9728,1.000000,0,1
114,5,155.6519,578.6555,103.2212,14.6968,1.000000,0,1
114,6,996.4495,542.2864,696.7445,86.0989,1.000000,0,1
115,1,718.7773,584.1741,40.3940,23.3666,1.000000,1,0
115,2,469.3854,538.6589,295.2503,81.7425,1.000000,0,1
115,3,809.0573,584.3969,47.0706,20.3929,1.000000,0,1
115,4,-36.8752,580.0156,163.1398,19.9761,1.000000,0,1
115,5,156.1246,578.7277,103.2357,14.7003,1.000000,0,1
115,6,995.6688,542.2512,696.2941,86.0708,1.000000,0,1
116,1,718.2426,584.2211,40.3789,23.3659,1.000000,1,0
116,2,469.7337,538.6465,295.2780,81.7433,1.000000,0,1
116,3,808.4625,584.4350,47.0402,20.3916,1.000000,0,1
116,4,-36.4970,580.0431,163.1539,19.9794,1.000000,0,1
116,5,156.5993,578.8043,103.2499,14.7037,1.000000,0,1
116,6,994.8904,542.2208,695.8487,86.0433,1.000000,0,1
117,1,717.7081,584.2673,40.3635,23.3650,1.000000,1,0
117,2,470.0820,538.6296,295.3058,81.7438,1.000000,0,1
117,3,807.8669,584.4731,47.0096,20.3902,1.000000,0,1
117,4,-36.1202,580.0714,163.1682,19.9827,1.000000,0,1
117,5,157.0761,578.8844,103.2638,14.7071,1.000000,0,1
117,6,994.1151,542.1959,695.4081,86.0166,1.000000,0,1
118,1,717.1740,584.3123,40.3479,23.3641,1.000000,1,0
118,2,470.4299,538.6089,295.3337,81.7443,1.000000,0,1
118,3,807.2703,584.5099,46.9788,20.3888,1.000000,0,1
118,4,-35.7449,580.1000,163.1827,19.9862,1.000000,0,1
118,5,157.5544,578.9667,103.2778,14.7106,1.000000,0,1
118,6,993.3429,542.1771,694.9738,85.9908,1.000000,0,1
119,1,716.6398,584.3565,40.3322,23.3630,1.000000,1,0
119,2,470.7779,538.5830,295.3619,81.7446,1.000000,0,1
119,3,806.6730,584.5474,46.9478,20.3872,1.000000,0,1
119,4,-35.3709,580.1294,163.1973,19.9895,1.000000,0,1
119,5,158.0348,579.0531,103.2912,14.7140,1.000000,0,1
119,6,992.5735,542.1627,694.5458,85.9659,1.000000,0,1
120,1,716.1057,584.3995,40.3163,23.3617,1.000000,1,0
120,2,471.1253,538.5531,295.3905,81.7449,1.000000,0,1
120,3,806.0751,584.5839,46.9168,20.3857,1.000000,0,1
120,4,-34.9983,580.1591,163.2121,19.9929,1.000000,0,1
120,5,158.5168,579.1425,103.3046,14.7174,1.000000,0,1
120,6,991.8069,542.1532,694.1238,85.9418,1.000000,0,1
121,1,715.5718,584.4405,40.3002,23.3602,1.000000,1,0
121,2,471.4724,538.5197,295.4193,81.7451,1.000000,0,1
121,3,805.4766,584.6180,46.8855,20.3839,1.000000,0,1
121,4,-34.6273,580.1886,163.2271,19.9963,1.000000,0,1
121,5,159.0012,579.2332,103.3178,14.7208,1.000000,0,1
121,6,991.0428,542.1494,693.7077,85.9185,1.000000,0,1
122,1,715.0381,584.4794,40.2838,23.3586,1.000000,1,0
122,2,471.8195,538.4814,295.4482,81.7451,1.000000,0,1
122,3,804.8779,584.6517,46.8542,20.3821,1.000000,0,1
122,4,-34.2573,580.2178,163.2421,19.9998,1.000000,0,1
122,5,159.4882,579.3263,103.3306,14.7242,1.000000,0,1
122,6,990.2813,542.1491,693.2974,85.8960,1.000000,0,1
123,1,714.5046,584.5162,40.2674,23.3567,1.000000,1,0
123,2,472.1663,538.4396,295.4774,81.7450,1.000000,0,1
123,3,804.2794,584.6840,46.8229,20.3803,1.000000,0,1
123,4,-33.8886,580.2473,163.2575,20.0032,1.000000,0,1
123,5,159.9780,579.4205,103.3430,14.7275,1.000000,0,1
123,6,989.5218,542.1530,692.8922,85.8743,1.000000,0,1
124,1,713.9716,584.5502,40.2509,23.3547,1.000000,1,0
124,2,472.5124,538.3943,295.5073,81.7450,1.000000,0,1
124,3,803.6814,584.7133,46.7915,20.3782,1.000000,0,1
124,4,-33.5213,580.2773,163.2729,20.0066,1.000000,0,1
124,5,160.4712,579.5150,103.3552,14.7308,1.000000,0,1
124,6,988.7645,542.1619,692.4928,85.8534,1.000000,0,1
125,1,713.4388,584.5815,40.2342,23.3525,1.000000,1,0
125,2,472.8584,538.3448,295.5376,81.7450,1.000000,0,1
125,3,803.0838,584.7415,46.7603,20.3762,1.000000,0,1
125,4,-33.1551,580.3082,163.2884,20.0101,1.000000,0,1
125,5,160.9676,579.6115,103.3668,14.7341,1.000000,0,1
125,6,988.0095,542.1741,692.0997,85.8334,1.000000,0,1
126,1,712.9066,584.6100,40.2173,23.3500,1.000000,1,0
126,2,473.2042,538.2922,295.5682,81.7448,1.000000,0,1
126,3,802.4866,584.7673,46.7288,20.3740,1.000000,0,1
126,4,-32.7901,580.3403,163.3040,20.0137,1.000000,0,1
126,5,161.4669,579.7087,103.3781,14.7373,1.000000,0,1
126,6,987.2570,542.1902,691.7130,85.8142,1.000000,0,1
127,1,712.3748,584.6355,40.2004,23.3475,1.000000,1,0
127,2,473.5494,538.2367,295.5994,81.7448,1.000000,0,1
127,3,801.8896,584.7897,46.6974,20.3716,1.000000,0,1
127,4,-32.4262,580.3738,163.3197,20.0172,1.000000,0,1
127,5,161.9699,579.8055,103.3888,14.7404,1.000000,0,1
127,6,986.5064,542.2111,691.3320,85.7958,1.000000,0,1
128,1,711.8433,584.6572,40.1834,23.3448,1.000000,1,0
128,2,473.8942,538.1774,295.6313,81.7447,1.000000,0,1
128,3,801.2932,584.8102,46.6660,20.3693,1.000000,0,1
128,4,-32.0628,580.4093,163.3354,20.0208,1.000000,0,1
128,5,162.4764,579.9042,103.3990,14.7434,1.000000,0,1
128,6,985.7575,542.2350,690.9559,85.7780,1.000000,0,1
129,1,711.3125,584.6755,40.1664,23.3418,1.000000,1,0
129,2,474.2385,538.1151,295.6635,81.7447,1.000000,0,1
129,3,800.6971,584.8279,46.6346,20.3667,1.000000,0,1
129,4,-31.6995,580.4468,163.3512,20.0243,1.000000,0,1
129,5,162.9864,580.0034,103.4086,14.7464,1.000000,0,1
129,6,985.0101,542.2623,690.5842,85.7609,1.000000,0,1
130,1,710.7819,584.6901,40.1492,23.3386,1.000000,1,0
130,2,474.5822,538.0507,295.6965,81.7448,1.000000,0,1
130,3,800.1017,584.8421,46.6033,20.3640,1.000000,0,1
130,4,-31.3363,580.4865,163.3669,20.0279,1.000000,0,1
130,5,163.4998,580.1014,103.4178,14.7494,1.000000,0,1
130,6,984.2644,542.2925,690.2168,85.7445,1.000000,0,1
131,1,710.2517,584.7002,40.1321,23.3353,1.000000,1,0
131,2,474.9255,537.9834,295.7301,81.7449,1.000000,0,1
131,3,799.5070,584.8538,46.5718,20.3612,1.000000,0,1
131,4,-30.9721,580.5287,163.3824,20.0315,1.000000,0,1
131,5,164.0166,580.2007,103.4266,14.7522,1.000000,0,1
131,6,983.5205,542.3251,689.8536,85.7286,1.000000,0,1
132,1,709.7218,584.7068,40.1150,23.3318,1.000000,1,0
132,2,475.2683,537.9139,295.7644,81.7452,1.000000,0,1
132,3,798.9130,584.8626,46.5405,20.3583,1.000000,0,1
132,4,-30.6075,580.5735,163.3979,20.0352,1.000000,0,1
132,5,164.5371,580.2997,103.4348,14.7550,1.000000,0,1
132,6,982.7789,542.3601,689.4952,85.7133,1.000000,0,1
133,1,709.1924,584.7100,40.0978,23.3281,1.000000,1,0
133,2,475.6106,537.8428,295.7988,81.7454,1.000000,0,1
133,3,798.3198,584.8681,46.5093,20.3552,1.000000,0,1
133,4,-30.2423,580.6208,163.4134,20.0389,1.000000,0,1
133,5,165.0607,580.3970,103.4424,14.7578,1.000000,0,1
133,6,982.0398,542.3971,689.1421,85.6986,1.000000,0,1
134,1,708.6631,584.7083,40.0806,23.3243,1.000000,1,0
134,2,475.9526,537.7690,295.8341,81.7458,1.000000,0,1
134,3,797.7276,584.8706,46.4780,20.3521,1.000000,0,1
134,4,-29.8745,580.6708,163.4287,20.0425,1.000000,0,1
134,5,165.5887,580.4937,103.4496,14.7604,1.000000,0,1
134,6,981.3028,542.4347,688.7944,85.6845,1.000000,0,1
135,1,708.1342,584.7026,40.0634,23.3202,1.000000,1,0
135,2,476.2943,537.6933,295.8700,81.7461,1.000000,0,1
135,3,797.1363,584.8698,46.4470,20.3488,1.000000,0,1
135,4,-29.5041,580.7233,163.4436,20.0461,1.000000,0,1
135,5,166.1211,580.5885,103.4563,14.7630,1.000000,0,1
135,6,980.5677,542.4730,688.4515,85.6710,1.000000,0,1
136,1,707.6057,584.6935,40.0462,23.3161,1.000000,1,0
136,2,476.6362,537.6163,295.9061,81.7466,1.000000,0,1
136,3,796.5461,584.8655,46.4158,20.3453,1.000000,0,1
136,4,-29.1308,580.7783,163.4579,20.0498,1.000000,0,1
136,5,166.6577,580.6804,103.4624,14.7654,1.000000,0,1
136,6,979.8345,542.5118,688.1140,85.6580,1.000000,0,1
137,1,707.0764,584.6779,40.0290,23.3116,1.000000,1,0
137,2,476.9789,537.5370,295.9425,81.7470,1.000000,0,1
137,3,795.9572,584.8576,46.3848,20.3417,1.000000,0,1
137,4,-28.7547,580.8361,163.4720,20.0534,1.000000,0,1
137,5,167.1983,580.7723,103.4680,14.7678,1.000000,0,1
137,6,979.1028,542.5499,687.7814,85.6456,1.000000,0,1
138,1,706.5464,584.6564,40.0117,23.3070,1.000000,1,0
138,2,477.3224,537.4561,295.9792,81.7474,1.000000,0,1
138,3,795.3696,584.8466,46.3538,20.3381,1.000000,0,1
138,4,-28.3756,580.8957,163.4854,20.0569,1.000000,0,1
138,5,167.7420,580.8628,103.4732,14.7702,1.000000,0,1
138,6,978.3726,542.5871,687.4540,85.6337,1.000000,0,1
139,1,706.0154,584.6301,39.9944,23.3021,1.000000,1,0
139,2,477.6658,537.3741,296.0165,81.7480,1.000000,0,1
139,3,794.7836,584.8329,46.3230,20.3343,1.000000,0,1
139,4,-27.9934,580.9557,163.4984,20.0605,1.000000,0,1
139,5,168.2882,580.9498,103.4781,14.7724,1.000000,0,1
139,6,977.6443,542.6226,687.1301,85.6222,1.000000,0,1
140,1,705.4828,584.5961,39.9771,23.2970,1.000000,1,0
140,2,478.0103,537.2906,296.0541,81.7485,1.000000,0,1
140,3,794.1989,584.8146,46.2924,20.3304,1.000000,0,1
140,4,-27.6075,581.0165,163.5106,20.0639,1.000000,0,1
140,5,168.8368,581.0354,103.4824,14.7746,1.000000,0,1
140,6,976.9180,542.6563,686.8141,85.6114,1.000000,0,1
141,1,704.9493,584.5570,39.9597,23.2916,1.000000,1,0
141,2,478.3553,537.2064,296.0918,81.7489,1.000000,0,1
141,3,793.6155,584.7930,46.2621,20.3265,1.000000,0,1
141,4,-27.2180,581.0769,163.5223,20.0673,1.000000,0,1
141,5,169.3875,581.1180,103.4866,14.7768,1.000000,0,1
141,6,976.1938,542.6884,686.5042,85.6013,1.000000,0,1
142,1,704.4156,584.5146,39.9424,23.2861,1.000000,1,0
142,2,478.6998,537.1220,296.1295,81.7495,1.000000,0,1
142,3,793.0335,584.7688,46.2319,20.3225,1.000000,0,1
142,4,-26.8250,581.1359,163.5333,20.0706,1.000000,0,1
142,5,169.9403,581.1960,103.4904,14.7788,1.000000,0,1
142,6,975.4717,542.7196,686.1995,85.5916,1.000000,0,1
143,1,703.8801,584.4659,39.9252,23.2805,1.000000,1,0
143,2,479.0439,537.0368,296.1678,81.7501,1.000000,0,1
143,3,792.4530,584.7406,46.2019,20.3185,1.000000,0,1
143,4,-26.4278,581.1940,163.5435,20.0737,1.000000,0,1
143,5,170.4948,581.2708,103.4939,14.7808,1.000000,0,1
143,6,974.7511,542.7497,685.9001,85.5825,1.000000,0,1
144,1,703.3442,584.4139,39.9079,23.2747,1.000000,1,0
144,2,479.3878,536.9512,296.2060,81.7507,1.000000,0,1
144,3,791.8739,584.7099,46.1722,20.3143,1.000000,0,1
144,4,-26.0268,581.2507,163.5530,20.0768,1.000000,0,1
144,5,171.0507,581.3410,103.4970,14.7827,1.000000,0,1
144,6,974.0320,542.7788,685.6049,85.5738,1.000000,0,1
145,1,702.8082,584.3604,39.8909,23.2689,1.000000,1,0
145,2,479.7312,536.8658,296.2443,81.7513,1.000000,0,1
145,3,791.2964,584.6773,46.1428,20.3102,1.000000,0,1
145,4,-25.6223,581.3047,163.5617,20.0798,1.000000,0,1
145,5,171.6084,581.4051,103.4998,14.7845,1.000000,0,1
145,6,973.3145,542.8059,685.3141,85.5655,1.000000,0,1
146,1,702.2706,584.3013,39.8738,23.2630,1.000000,1,0
146,2,480.0740,536.7793,296.2829,81.7520,1.000000,0,1
146,3,790.7203,584.6411,46.1135,20.3061,1.000000,0,1
146,4,-25.2133,581.3567,163.5697,20.0827,1.000000,0,1
146,5,172.1674,581.4644,103.5022,14.7862,1.000000,0,1
146,6,972.5988,542.8319,685.0282,85.5578,1.000000,0,1
147,1,701.7328,584.2400,39.8569,23.2570,1.000000,1,0
147,2,480.4160,536.6922,296.3218,81.7529,1.000000,0,1
147,3,790.1458,584.6030,46.0847,20.3020,1.000000,0,1
147,4,-24.8008,581.4064,163.5768,20.0854,1.000000,0,1
147,5,172.7275,581.5184,103.5045,14.7878,1.000000,0,1
147,6,971.8842,542.8569,684.7452,85.5503,1.000000,0,1
148,1,701.1954,584.1789,39.8402,23.2512,1.000000,1,0
148,2,480.7569,536.6049,296.3613,81.7538,1.000000,0,1
148,3,789.5728,584.5641,46.0562,20.2980,1.000000,0,1
148,4,-24.3845,581.4529,163.5833,20.0881,1.000000,0,1
148,5,173.2876,581.5663,103.5067,14.7895,1.000000,0,1
148,6,971.1703,542.8816,684.4650,85.5431,1.000000,0,1
149,1,700.6565,584.1134,39.8235,23.2452,1.000000,1,0
149,2,481.0974,536.5163,296.4012,81.7548,1.000000,0,1
149,3,789.0010,584.5226,46.0278,20.2939,1.000000,0,1
149,4,-23.9653,581.4969,163.5891,20.0906,1.000000,0,1
149,5,173.8485,581.6093,103.5086,14.7910,1.000000,0,1
149,6,970.4571,542.9056,684.1894,85.5364,1.000000,0,1
150,1,700.1175,584.0469,39.8070,23.2393,1.000000,1,0
150,2,481.4368,536.4273,296.4417,81.7559,1.000000,0,1
150,3,788.4305,584.4800,45.9999,20.2900,1.000000,0,1
150,4,-23.5427,581.5385,163.5940,20.0930,1.000000,0,1
150,5,174.4093,581.6471,103.5103,14.7925,1.000000,0,1
150,6,969.7440,542.9291,683.9157,85.5299,1.000000,0,1
151,1,699.5795,583.9818,39.7907,23.2335,1.000000,1,0
151,2,481.7753,536.3384,296.4828,81.7573,1.000000,0,1
151,3,787.8612,584.4377,45.9721,20.2860,1.000000,0,1
151,4,-23.1182,581.5766,163.5986,20.0953,1.000000,0,1
151,5,174.9699,581.6794,103.5122,14.7939,1.000000,0,1
151,6,969.0308,542.9523,683.6436,85.5235,1.000000,0,1
152,1,699.0405,583.9127,39.7744,23.2277,1.000000,1,0
152,2,482.1127,536.2479,296.5247,81.7588,1.000000,0,1
152,3,787.2919,584.3940,45.9447,20.2822,1.000000,0,1
152,4,-22.6906,581.6120,163.6024,20.0976,1.000000,0,1
152,5,175.5305,581.7067,103.5137,14.7952,1.000000,0,1
152,6,968.3180,542.9761,683.3739,85.5176,1.000000,0,1
153,1,698.5019,583.8431,39.7583,23.2219,1.000000,1,0
153,2,482.4490,536.1567,296.5672,81.7605,1.000000,0,1
153,3,786.7225,584.3505,45.9173,20.2785,1.000000,0,1
153,4,-22.2609,581.6447,163.6060,20.0998,1.000000,0,1
153,5,176.0904,581.7294,103.5154,14.7965,1.000000,0,1
153,6,967.6050,543.0001,683.1054,85.5117,1.000000,0,1
154,1,697.9642,583.7764,39.7426,23.2164,1.000000,1,0
154,2,482.7841,536.0656,296.6110,81.7626,1.000000,0,1
154,3,786.1533,584.3087,45.8901,20.2748,1.000000,0,1
154,4,-21.8294,581.6741,163.6090,20.1019,1.000000,0,1
154,5,176.6492,581.7477,103.5170,14.7978,1.000000,0,1
154,6,966.8918,543.0237,682.8370,85.5059,1.000000,0,1
155,1,697.4254,583.7068,39.7267,23.2108,1.000000,1,0
155,2,483.1180,535.9730,296.6561,81.7649,1.000000,0,1
155,3,785.5841,584.2674,45.8629,20.2712,1.000000,0,1
155,4,-21.3956,581.7010,163.6116,20.1038,1.000000,0,1
155,5,177.2069,581.7615,103.5185,14.7991,1.000000,0,1
155,6,966.1786,543.0478,682.5701,85.5003,1.000000,0,1
156,1,696.8866,583.6376,39.7112,23.2053,1.000000,1,0
156,2,483.4507,535.8800,296.7024,81.7677,1.000000,0,1
156,3,785.0150,584.2274,45.8359,20.2678,1.000000,0,1
156,4,-20.9605,581.7253,163.6138,20.1058,1.000000,0,1
156,5,177.7629,581.7714,103.5203,14.8003,1.000000,0,1
156,6,965.4651,543.0717,682.3041,85.4947,1.000000,0,1
157,1,696.3488,583.5714,39.6957,23.2000,1.000000,1,0
157,2,483.7819,535.7875,296.7502,81.7708,1.000000,0,1
157,3,784.4459,584.1893,45.8089,20.2643,1.000000,0,1
157,4,-20.5242,581.7466,163.6158,20.1076,1.000000,0,1
157,5,178.3173,581.7777,103.5221,14.8015,1.000000,0,1
157,6,964.7510,543.0953,682.0367,85.4891,1.000000,0,1
158,1,695.8099,583.5039,39.6805,23.1948,1.000000,1,0
158,2,484.1122,535.6947,296.7990,81.7743,1.000000,0,1
158,3,783.8764,584.1514,45.7819,20.2609,1.000000,0,1
158,4,-20.0864,581.7656,163.6176,20.1094,1.000000,0,1
158,5,178.8698,581.7800,103.5243,14.8028,1.000000,0,1
158,6,964.0366,543.1193,681.7703,85.4835,1.000000,0,1
159,1,695.2713,583.4382,39.6653,23.1897,1.000000,1,0
159,2,484.4412,535.6024,296.8494,81.7782,1.000000,0,1
159,3,783.3066,584.1146,45.7547,20.2576,1.000000,0,1
159,4,-19.6475,581.7823,163.6189,20.1112,1.000000,0,1
159,5,179.4203,581.7789,103.5266,14.8040,1.000000,0,1
159,6,963.3218,543.1431,681.5038,85.4780,1.000000,0,1
160,1,694.7338,583.3763,39.6581,23.1849,1.000000,1,0
160,2,484.7689,535.5110,296.9013,81.7826,1.000000,0,1
160,3,782.7366,584.0798,45.7277,20.2543,1.000000,0,1
160,4,-19.2077,581.7963,163.6201,20.1130,1.000000,0,1
160,5,179.9687,581.7755,103.5293,14.8053,1.000000,0,1
160,6,962.6065,543.1661,681.2369,85.4723,1.000000,0,1
161,1,694.1954,583.3141,39.6535,23.1801,1.000000,1,0
161,2,485.0957,535.4190,296.9549,81.7875,1.000000,0,1
161,3,782.1660,584.0444,45.7004,20.2509,1.000000,0,1
161,4,-18.7669,581.8080,163.6211,20.1146,1.000000,0,1
161,5,180.5154,581.7682,103.5323,14.8066,1.000000,0,1
161,6,961.8904,543.1887,680.9697,85.4667,1.000000,0,1
162,1,693.6572,583.2543,39.6493,23.1756,1.000000,1,0
162,2,485.4214,535.3281,297.0100,81.7928,1.000000,0,1
162,3,781.5950,584.0094,45.6733,20.2476,1.000000,0,1
162,4,-18.3254,581.8174,163.6220,20.1162,1.000000,0,1
162,5,181.0600,581.7582,103.5356,14.8079,1.000000,0,1
162,6,961.1737,543.2101,680.7013,85.4608,1.000000,0,1
163,1,693.1201,583.1990,39.6451,23.1713,1.000000,1,0
163,2,485.7459,535.2396,297.0666,81.7987,1.000000,0,1
163,3,781.0237,583.9756,45.6461,20.2443,1.000000,0,1
163,4,-17.8834,581.8243,163.6227,20.1178,1.000000,0,1
163,5,181.6022,581.7462,103.5393,14.8092,1.000000,0,1
163,6,960.4561,543.2293,680.4315,85.4548,1.000000,0,1
164,1,692.5825,583.1444,39.6411,23.1672,1.000000,1,0
164,2,486.0697,535.1524,297.1248,81.8051,1.000000,0,1
164,3,780.4516,583.9406,45.6187,20.2409,1.000000,0,1
164,4,-17.4412,581.8291,163.6232,20.1193,1.000000,0,1
164,5,182.1422,581.7308,103.5434,14.8106,1.000000,0,1
164,6,959.7375,543.2474,680.1605,85.4486,1.000000,0,1
165,1,692.0455,583.0929,39.6372,23.1632,1.000000,1,0
165,2,486.3928,535.0677,297.1844,81.8120,1.000000,0,1
165,3,779.8790,583.9053,45.5913,20.2375,1.000000,0,1
165,4,-16.9988,581.8318,163.6238,20.1209,1.000000,0,1
165,5,182.6801,581.7132,103.5479,14.8120,1.000000,0,1
165,6,959.0178,543.2637,679.8885,85.4421,1.000000,0,1
166,1,691.5095,583.0464,39.6336,23.1595,1.000000,1,0
166,2,486.7146,534.9863,297.2457,81.8195,1.000000,0,1
166,3,779.3062,583.8702,45.5642,20.2342,1.000000,0,1
166,4,-16.5562,581.8324,163.6242,20.1223,1.000000,0,1
166,5,183.2151,581.6940,103.5528,14.8135,1.000000,0,1
166,6,958.2964,543.2778,679.6147,85.4354,1.000000,0,1
167,1,690.9730,583.0021,39.6300,23.1560,1.000000,1,0
167,2,487.0361,534.9074,297.3086,81.8276,1.000000,0,1
167,3,778.7328,583.8331,45.5368,20.2307,1.000000,0.0625,0.9375
167,4,-16.1134,581.8310,163.6244,20.1237,1.000000,0,1
167,5,183.7461,581.6730,103.5582,14.8149,1.000000,0,1
167,6,957.5725,543.2903,679.3379,85.4284,1.000000,0,1
168,1,690.4366,582.9614,39.6266,23.1528,1.000000,1,0
168,2,487.3573,534.8323,297.3726,81.8361,1.000000,0,1
168,3,778.1593,583.7957,45.5096,20.2273,1.000000,0,1
168,4,-15.6709,581.8276,163.6246,20.1252,1.000000,0,1
168,5,184.2739,581.6499,103.5639,14.8165,1.000000,0,1
168,6,956.8464,543.3008,679.0582,85.4209,1.000000,0,1
169,1,689.9009,582.9258,39.6235,23.1499,1.000000,1,0
169,2,487.6779,534.7624,297.4381,81.8453,1.000000,0,1
169,3,777.5860,583.7590,45.4823,20.2239,1.000000,0.0625,0.9375
169,4,-15.2279,581.8224,163.6246,20.1266,1.000000,0,1
169,5,184.7989,581.6245,103.5702,14.8181,1.000000,0,1
169,6,956.1188,543.3085,678.7761,85.4131,1.000000,0,1
170,1,689.3647,582.8932,39.6204,23.1472,1.000000,1,0
170,2,487.9985,534.6971,297.5050,81.8551,1.000000,0,1
170,3,777.0120,583.7205,45.4551,20.2205,1.000000,0.0625,0.9375
170,4,-14.7851,581.8156,163.6248,20.1279,1.000000,0,1
170,5,185.3215,581.5950,103.5768,14.8197,1.000000,0,1
170,6,955.3895,543.3143,678.4905,85.4049,1.000000,0,1
171,1,688.8288,582.8649,39.6176,23.1448,1.000000,1,0
171,2,488.3197,534.6368,297.5727,81.8652,1.000000,0,1
171,3,776.4379,583.6824,45.4280,20.2171,1.000000,0.125,0.875
171,4,-14.3420,581.8071,163.6250,20.1292,1.000000,0,1
171,5,185.8422,581.5629,103.5837,14.8213,1.000000,0,1
171,6,954.6591,543.3178,678.2020,85.3962,1.000000,0,1
172,1,688.2935,582.8419,39.6149,23.1427,1.000000,1,0
172,2,488.6414,534.5826,297.6413,81.8759,1.000000,0,1
172,3,775.8643,583.6469,45.4011,20.2139,1.000000,0.125,0.875
172,4,-13.8989,581.7975,163.6249,20.1306,1.000000,0,1
172,5,186.3607,581.5287,103.5910,14.8230,1.000000,0,1
172,6,953.9271,543.3188,677.9110,85.3871,1.000000,0,1
173,1,687.7579,582.8228,39.6124,23.1413,1.000000,1,0
173,2,488.9639,534.5345,297.7105,81.8870,1.000000,0,1
173,3,775.2902,583.6104,45.3742,20.2106,1.000000,0.125,0.875
173,4,-13.4559,581.7869,163.6248,20.1319,1.000000,0,1
173,5,186.8773,581.4915,103.5988,14.8247,1.000000,0,1
173,6,953.1937,543.3175,677.6157,85.3775,1.000000,0,1
174,1,687.2227,582.8083,39.6101,23.1401,1.000000,1,0
174,2,489.2870,534.4932,297.7802,81.8984,1.000000,0,1
174,3,774.7162,583.5754,45.3473,20.2075,1.000000,0.1875,0.8125
174,4,-13.0132,581.7752,163.6250,20.1332,1.000000,0,1
174,5,187.3920,581.4525,103.6069,14.8265,1.000000,0,1
174,6,952.4586,543.3135,677.3168,85.3673,1.000000,0,1
175,1,686.6879,582.7986,39.6079,23.1389,1.000000,1,0
175,2,489.6102,534.4594,297.8502,81.9104,1.000000,0,1
175,3,774.1428,583.5439,45.3204,20.2045,1.000000,0.0625,0.9375
175,4,-12.5706,581.7628,163.6250,20.1345,1.000000,0,1
175,5,187.9052,581.4123,103.6153,14.8283,1.000000,0,1
175,6,951.7223,543.3063,677.0145,85.3566,1.000000,0,1
176,1,686.1531,582.7937,39.6058,23.1381,1.000000,1,0
176,2,489.9335,534.4333,297.9204,81.9226,1.000000,0,1
176,3,773.5688,583.5126,45.2938,20.2016,1.000000,0.125,0.875
176,4,-12.1285,581.7498,163.6252,20.1358,1.000000,0,1
176,5,188.4167,581.3701,103.6241,14.8301,1.000000,0,1
176,6,950.9840,543.2971,676.7079,85.3453,1.000000,0,1
177,1,685.6188,582.7930,39.6038,23.1373,1.000000,1,0
177,2,490.2571,534.4145,297.9907,81.9352,1.000000,0,1
177,3,772.9952,583.4834,45.2670,20.1987,1.000000,0.1875,0.8125
177,4,-11.6865,581.7365,163.6256,20.1371,1.000000,0,1
177,5,188.9267,581.3268,103.6333,14.8320,1.000000,0,1
177,6,950.2444,543.2856,676.3976,85.3335,1.000000,0,1
178,1,685.0848,582.7965,39.6021,23.1366,1.000000,1,0
178,2,490.5809,534.4026,298.0613,81.9483,1.000000,0,1
178,3,772.4219,583.4582,45.2404,20.1960,1.000000,0.3125,0.6875
178,4,-11.2453,581.7227,163.6260,20.1385,1.000000,0,1
178,5,189.4353,581.2833,103.6428,14.8338,1.000000,0,1
178,6,949.5037,543.2714,676.0836,85.3212,1.000000,0,1
179,1,684.5511,582.8052,39.6005,23.1361,1.000000,1,0
179,2,490.9044,534.3984,298.1320,81.9615,1.000000,0,1
179,3,771.8484,583.4344,45.2139,20.1934,1.000000,0.25,0.75
179,4,-10.8045,581.7086,163.6266,20.1398,1.000000,0,1
179,5,189.9422,581.2388,103.6525,14.8358,1.000000,0,1
179,6,948.7613,543.2545,675.7648,85.3082,1.000000,0,1
180,1,684.0178,582.8182,39.5989,23.1358,1.000000,1,0
180,2,491.2279,534.4008,298.2028,81.9752,1.000000,0,1
180,3,771.2750,583.4135,45.1874,20.1909,1.000000,0.25,0.75
180,4,-10.3644,581.6942,163.6273,20.1412,1.000000,0,1
180,5,190.4477,581.1942,103.6625,14.8378,1.000000,0,1
180,6,948.0176,543.2355,675.4416,85.2946,1.000000,0,1
181,1,683.4846,582.8351,39.5975,23.1354,1.000000,1,0
181,2,491.5515,534.4093,298.2737,81.9891,1.000000,0,1
181,3,770.7019,583.3965,45.1608,20.1887,1.000000,0.3125,0.6875
181,4,-9.9256,581.6797,163.6282,20.1425,1.000000,0,1
181,5,190.9518,581.1501,103.6729,14.8397,1.000000,0,1
181,6,947.2730,543.2150,675.1157,85.2805,1.000000,0,1
182,1,682.9522,582.8567,39.5961,23.1355,1.000000,1,0
182,2,491.8749,534.4250,298.3445,82.0034,1.000000,0,1
182,3,770.1284,583.3815,45.1343,20.1865,1.000000,0.3125,0.6875
182,4,-9.4879,581.6651,163.6295,20.1440,1.000000,0,1
182,5,191.4544,581.1058,103.6835,14.8419,1.000000,0,1
182,6,946.5270,543.1919,674.7850,85.2659,1.000000,0,1
183,1,682.4202,582.8815,39.5949,23.1360,1.000000,1,0
183,2,492.1982,534.4467,298.4152,82.0178,1.000000,0,1
183,3,769.5548,583.3698,45.1079,20.1844,1.000000,0.0625,0.9375
183,4,-9.0517,581.6504,163.6310,20.1454,1.000000,0,1
183,5,191.9559,581.0616,103.6946,14.8440,1.000000,0,1
183,6,945.7797,543.1672,674.4504,85.2506,1.000000,0,1
184,1,681.8884,582.9086,39.5935,23.1366,1.000000,1,0
184,2,492.5211,534.4735,298.4857,82.0324,1.000000,0,1
184,3,768.9810,583.3618,45.0815,20.1825,1.000000,0.1875,0.8125
184,4,-8.6167,581.6356,163.6327,20.1469,1.000000,0,1
184,5,192.4570,581.0181,103.7057,14.8461,1.000000,0,1
184,6,945.0318,543.1418,674.1124,85.2350,1.000000,0,1
185,1,681.3575,582.9407,39.5922,23.1375,1.000000,1,0
185,2,492.8437,534.5065,298.5564,82.0473,1.000000,0,1
185,3,768.4064,583.3562,45.0551,20.1807,1.000000,0.4375,0.5625
185,4,-8.1835,581.6207,163.6351,20.1484,1.000000,0,1
185,5,192.9578,580.9749,103.7171,14.8483,1.000000,0,1
185,6,944.2823,543.1152,673.7700,85.2188,1.000000,0,1
186,1,680.8274,582.9758,39.5909,23.1384,1.000000,1,0
186,2,493.1660,534.5443,298.6273,82.0625,1.000000,0,1
186,3,767.8315,583.3535,45.0287,20.1791,1.000000,0.4375,0.5625
186,4,-7.7517,581.6058,163.6375,20.1500,1.000000,0,1
186,5,193.4586,580.9323,103.7287,14.8505,1.000000,0,1
186,6,943.5320,543.0879,673.4238,85.2021,1.000000,0,1
187,1,680.2975,583.0121,39.5895,23.1393,1.000000,1,0
187,2,493.4882,534.5863,298.6982,82.0779,1.000000,0,1
187,3,767.2563,583.3541,45.0023,20.1776,1.000000,0.375,0.625
187,4,-7.3219,581.5916,163.6403,20.1516,1.000000,0,1
187,5,193.9597,580.8909,103.7403,14.8527,1.000000,0,1
187,6,942.7802,543.0607,673.0745,85.1851,1.000000,0,1
188,1,679.7688,583.0524,39.5880,23.1404,1.000000,1,0
188,2,493.8098,534.6335,298.7691,82.0935,1.000000,0,1
188,3,766.6802,583.3575,44.9760,20.1762,1.000000,0.5625,0.4375
188,4,-6.8947,581.5775,163.6438,20.1532,1.000000,0,1
188,5,194.4610,580.8507,103.7520,14.8550,1.000000,0,1
188,6,942.0264,543.0330,672.7195,85.1673,1.000000,0,1
189,1,679.2408,583.0945,39.5864,23.1414,1.000000,1,0
189,2,494.1310,534.6844,298.8401,82.1093,1.000000,0,1
189,3,766.1033,583.3635,44.9497,20.1749,1.000000,0.4375,0.5625
189,4,-6.4697,581.5638,163.6477,20.1550,1.000000,0,1
189,5,194.9625,580.8115,103.7637,14.8573,1.000000,0,1
189,6,941.2714,543.0057,672.3612,85.1492,1.000000,0,1
190,1,678.7131,583.1367,39.5847,23.1424,1.000000,1,0
190,2,494.4525,534.7382,298.9106,82.1251,1.000000,0,1
190,3,765.5260,583.3721,44.9233,20.1738,1.000000,0.625,0.375
190,4,-6.0479,581.5511,163.6523,20.1568,1.000000,0,1
190,5,195.4639,580.7736,103.7756,14.8595,1.000000,0,1
190,6,940.5164,542.9796,672.0010,85.1310,1.000000,0,1
191,1,678.1860,583.1805,39.5829,23.1434,1.000000,1,0
191,2,494.7734,534.7961,298.9810,82.1410,1.000000,0,1
191,3,764.9478,583.3830,44.8970,20.1727,1.000000,0.3125,0.6875
191,4,-5.6295,581.5391,163.6575,20.1587,1.000000,0,1
191,5,195.9659,580.7369,103.7874,14.8619,1.000000,0,1
191,6,939.7603,542.9537,671.6379,85.1123,1.000000,0,1
192,1,677.6596,583.2248,39.5809,23.1443,1.000000,1,0
192,2,495.0941,534.8569,299.0513,82.1570,1.000000,0,1
192,3,764.3692,583.3961,44.8707,20.1718,1.000000,0.75,0.25
192,4,-5.2145,581.5284,163.6635,20.1608,1.000000,0,1
192,5,196.4677,580.7016,103.7994,14.8642,1.000000,0,1
192,6,939.0039,542.9282,671.2725,85.0934,1.000000,0,1
193,1,677.1337,583.2684,39.5788,23.1451,1.000000,1,0
193,2,495.4150,534.9193,299.1215,82.1731,1.000000,0,1
193,3,763.7903,583.4113,44.8444,20.1710,1.000000,0.625,0.375
193,4,-4.8031,581.5199,163.6702,20.1629,1.000000,0,1
193,5,196.9694,580.6674,103.8113,14.8665,1.000000,0,1
193,6,938.2474,542.9030,670.9057,85.0744,1.000000,0,1
194,1,676.6085,583.3117,39.5764,23.1457,1.000000,1,0
194,2,495.7358,534.9846,299.1913,82.1892,1.000000,0,1
194,3,763.2110,583.4282,44.8181,20.1702,1.000000,0.4375,0.5625
194,4,-4.3961,581.5130,163.6777,20.1651,1.000000,0,1
194,5,197.4711,580.6343,103.8235,14.8689,1.000000,0,1
194,6,937.4900,542.8775,670.5367,85.0551,1.000000,0,1
195,1,676.0839,583.3541,39.5739,23.1462,1.000000,1,0
195,2,496.0569,535.0517,299.2606,82.2052,1.000000,0,1
195,3,762.6312,583.4462,44.7919,20.1695,1.000000,0.5625,0.4375
195,4,-3.9931,581.5083,163.6861,20.1674,1.000000,0,1
195,5,197.9725,580.6022,103.8357,14.8713,1.000000,0,1
195,6,936.7325,542.8517,670.1675,85.0357,1.000000,0,1
196,1,675.5598,583.3949,39.5713,23.1466,1.000000,1,0
196,2,496.3788,535.1194,299.3296,82.2211,1.000000,0,1
196,3,762.0511,583.4646,44.7654,20.1688,1.000000,0.8125,0.1875
196,4,-3.5940,581.5066,163.6953,20.1699,1.000000,0,1
196,5,198.4738,580.5715,103.8482,14.8737,1.000000,0,1
196,6,935.9751,542.8251,669.7979,85.0162,1.000000,0,1
197,1,675.0365,583.4349,39.5683,23.1467,1.000000,1,0
197,2,496.7007,535.1890,299.3982,82.2371,1.000000,0,1
197,3,761.4703,583.4846,44.7393,20.1682,1.000000,0.6875,0.3125
197,4,-3.1981,581.5074,163.7054,20.1725,1.000000,0,1
197,5,198.9750,580.5421,103.8607,14.8761,1.000000,0,1
197,6,935.2172,542.7972,669.4266,84.9965,1.000000,0,1
198,1,674.5136,583.4739,39.5654,23.1468,1.000000,1,0
198,2,497.0234,535.2595,299.4662,82.2528,1.000000,0,1
198,3,760.8893,583.5051,44.7130,20.1676,1.000000,0.5,0.5
198,4,-2.8053,581.5114,163.7160,20.1752,1.000000,0,1
198,5,199.4756,580.5139,103.8733,14.8787,1.000000,0,1
198,6,934.4592,542.7673,669.0550,84.9766,1.000000,0,1
199,1,673.9915,583.5111,39.5623,23.1467,1.000000,1,0
199,2,497.3470,535.3299,299.5339,82.2685,1.000000,0,1
199,3,760.3081,583.5258,44.6865,20.1670,1.000000,0.8125,0.1875
199,4,-2.4157,581.5193,163.7274,20.1780,1.000000,0,1
199,5,199.9753,580.4868,103.8863,14.8812,1.000000,0,1
199,6,933.7017,542.7348,668.6838,84.9566,1.000000,0,1
200,1,673.4699,583.5471,39.5590,23.1466,1.000000,1,0
200,2,497.6710,535.4014,299.6011,82.2841,1.000000,0,1
200,3,759.7265,583.5477,44.6602,20.1664,1.000000,0.5625,0.4375
200,4,-2.0296,581.5318,163.7397,20.1810,1.000000,0,1
200,5,200.4739,580.4613,103.8993,14.8838,1.000000,0,1
200,6,932.9443,542.6991,668.3140,84.9366,1.000000,0,1
201,1,672.9490,583.5819,39.5555,23.1462,1.000000,1,0
201,2,497.9958,535.4728,299.6678,82.2995,1.000000,0,1
201,3,759.1448,583.5703,44.6339,20.1659,1.000000,0.9375,0.0625
201,4,-1.6465,581.5487,163.7524,20.1841,1.000000,0,1
201,5,200.9712,580.4370,103.9128,14.8864,1.000000,0,1
201,6,932.1876,542.6603,667.9457,84.9167,1.000000,0,1
202,1,672.4286,583.6150,39.5519,23.1458,1.000000,1,0
202,2,498.3219,535.5433,299.7340,82.3148,1.000000,0,1
202,3,758.5630,583.5925,44.6077,20.1654,1.000000,0.8125,0.1875
202,4,-1.2661,581.5702,163.7659,20.1873,1.000000,0,1
202,5,201.4664,580.4139,103.9267,14.8891,1.000000,0,1
202,6,931.4314,542.6180,667.5792,84.8968,1.000000,0,1
203,1,671.9089,583.6465,39.5483,23.1452,1.000000,1,0
203,2,498.6488,535.6143,299.7996,82.3297,1.000000,0,1
203,3,757.9813,583.6161,44.5814,20.1649,1.000000,0.6875,0.3125
203,4,-0.8878,581.5964,163.7798,20.1906,1.000000,0,1
203,5,201.9595,580.3924,103.9410,14.8919,1.000000,0,1
203,6,930.6760,542.5715,667.2148,84.8770,1.000000,0,1
204,1,671.3895,583.6767,39.5446,23.1444,1.000000,1,0
204,2,498.9768,535.6846,299.8646,82.3446,1.000000,0,1
204,3,757.3998,583.6398,44.5551,20.1644,1.000000,0.5625,0.4375
204,4,-0.5114,581.6268,163.7941,20.1940,1.000000,0,1
204,5,202.4500,580.3723,103.9556,14.8947,1.000000,0,1
204,6,929.9216,542.5208,666.8527,84.8572,1.000000,0,1
205,1,670.8704,583.7057,39.5409,23.1437,1.000000,1,0
205,2,499.3062,535.7535,299.9288,82.3591,1.000000,0,1
205,3,756.8184,583.6629,44.5288,20.1640,1.000000,1,0
205,4,-0.1361,581.6615,163.8088,20.1974,1.000000,0,1
205,5,202.9376,580.3542,103.9710,14.8976,1.000000,0,1
205,6,929.1689,542.4656,666.4932,84.8375,1.000000,0,1
206,1,670.3519,583.7333,39.5370,23.1428,1.000000,1,0
206,2,499.6366,535.8221,299.9924,82.3735,1.000000,0,1
206,3,756.2371,583.6875,44.5025,20.1635,1.000000,0.875,0.125
206,4,0.2380,581.7007,163.8237,20.2010,1.000000,0,1
206,5,203.4225,580.3381,103.9868,14.9007,1.000000,0,1
206,6,928.4185,542.4055,666.1370,84.8179,1.000000,0,1
207,1,669.8334,583.7600,39.5331,23.1418,1.000000,1,0
207,2,499.9684,535.8893,300.0553,82.3875,1.000000,0,1
207,3,755.6558,583.7122,44.4762,20.1631,1.000000,0.875,0.125
207,4,0.6112,581.7434,163.8388,20.2046,1.000000,0,1
207,5,203.9046,580.3241,104.0031,14.9038,1.000000,0,1
207,6,927.6697,542.3408,665.7842,84.7984,1.000000,0,1
208,1,669.3146,583.7856,39.5292,23.1408,1.000000,1,0
208,2,500.3017,535.9541,300.1175,82.4013,1.000000,0,1
208,3,755.0743,583.7359,44.4498,20.1626,1.000000,0.9375,0.0625
208,4,0.9837,581.7894,163.8541,20.2083,1.000000,0,1
208,5,204.3839,580.3123,104.0199,14.9069,1.000000,0,1
208,6,926.9227,542.2720,665.4345,84.7791,1.000000,0,1
209,1,668.7957,583.8101,39.5252,23.1398,1.000000,1,0
209,2,500.6358,536.0178,300.1790,82.4148,1.000000,0,1
209,3,754.4929,583.7607,44.4235,20.1621,1.000000,1,0
209,4,1.3559,581.8391,163.8696,20.2120,1.000000,0,1
209,5,204.8606,580.3034,104.0371,14.9102,1.000000,0,1
209,6,926.1769,542.1981,665.0884,84.7599,1.000000,0,1
210,1,668.2765,583.8337,39.5213,23.1387,1.000000,1,0
210,2,500.9710,536.0798,300.2396,82.4279,1.000000,0,1
210,3,753.9113,583.7852,44.3970,20.1616,1.000000,1,0
210,4,1.7284,581.8915,163.8850,20.2158,1.000000,0,1
210,5,205.3351,580.2972,104.0549,14.9136,1.000000,0,1
210,6,925.4320,542.1200,664.7445,84.7408,1.000000,0,1
211,1,667.7573,583.8563,39.5174,23.1376,1.000000,1,0
211,2,501.3069,536.1393,300.2994,82.4407,1.000000,0,1
211,3,753.3298,583.8085,44.3704,20.1609,1.000000,0.9375,0.0625
211,4,2.1014,581.9460,163.9002,20.2195,1.000000,0,1
211,5,205.8076,580.2943,104.0730,14.9170,1.000000,0,1
211,6,924.6882,542.0381,664.4036,84.7219,1.000000,0,1
212,1,667.2381,583.8782,39.5136,23.1365,1.000000,1,0
212,2,501.6425,536.1976,300.3583,82.4532,1.000000,0,1
212,3,752.7487,583.8329,44.3438,20.1603,1.000000,0.875,0.125
212,4,2.4741,582.0032,163.9155,20.2233,1.000000,0,1
212,5,206.2781,580.2958,104.0915,14.9205,1.000000,0,1
212,6,923.9458,541.9517,664.0659,84.7031,1.000000,0,1
213,1,666.7188,583.8995,39.5098,23.1355,1.000000,1,0
213,2,501.9781,536.2538,300.4164,82.4654,1.000000,0,1
213,3,752.1677,583.8571,44.3172,20.1597,1.000000,1,0
213,4,2.8473,582.0623,163.9308,20.2271,1.000000,0,1
213,5,206.7471,580.3018,104.1103,14.9242,1.000000,0,1
213,6,923.2045,541.8621,663.7318,84.6846,1.000000,0,1
214,1,666.1992,583.9203,39.5062,23.1345,1.000000,1,0
214,2,502.3139,536.3067,300.4736,82.4772,1.000000,0,1
214,3,751.5870,583.8797,44.2906,20.1590,1.000000,1,0
214,4,3.2209,582.1222,163.9459,20.2309,1.000000,0,1
214,5,207.2149,580.3124,104.1293,14.9278,1.000000,0,1
214,6,922.4647,541.7708,663.4017,84.6664,1.000000,0,1
215,1,665.6796,583.9407,39.5026,23.1335,1.000000,1,0
215,2,502.6495,536.3572,300.5295,82.4886,1.000000,0,1
215,3,751.0072,583.9031,44.2637,20.1583,1.000000,0.875,0.125
215,4,3.5943,582.1840,163.9611,20.2348,1.000000,0,1
215,5,207.6818,580.3288,104.1486,14.9315,1.000000,0,1
215,6,921.7264,541.6772,663.0753,84.6485,1.000000,0,1
216,1,665.1599,583.9610,39.4993,23.1326,1.000000,1,0
216,2,502.9853,536.4045,300.5844,82.4995,1.000000,0,1
216,3,750.4279,583.9258,44.2369,20.1574,1.000000,1,0
216,4,3.9684,582.2467,163.9762,20.2386,1.000000,0,1
216,5,208.1482,580.3502,104.1680,14.9354,1.000000,0,1
216,6,920.9893,541.5826,662.7524,84.6311,1.000000,0,1
217,1,664.6399,583.9814,39.4960,23.1317,1.000000,1,0
217,2,503.3213,536.4481,300.6384,82.5100,1.000000,0,1
217,3,749.8493,583.9471,44.2101,20.1565,1.000000,1,0
217,4,4.3429,582.3096,163.9912,20.2424,1.000000,0,1
217,5,208.6146,580.3768,104.1875,14.9393,1.000000,0,1
217,6,920.2532,541.4872,662.4328,84.6139,1.000000,0,1
218,1,664.1196,584.0024,39.4929,23.1311,1.000000,1,0
218,2,503.6575,536.4880,300.6911,82.5200,1.000000,0,1
218,3,749.2720,583.9697,44.1833,20.1557,1.000000,1,0
218,4,4.7179,582.3738,164.0063,20.2462,1.000000,0,1
218,5,209.0811,580.4093,104.2071,14.9432,1.000000,0,1
218,6,919.5186,541.3900,662.1174,84.5972,1.000000,0,1
219,1,663.5992,584.0240,39.4898,23.1304,1.000000,1,0
219,2,503.9940,536.5242,300.7428,82.5296,1.000000,0,1
219,3,748.6957,583.9918,44.1565,20.1548,1.000000,1,0
219,4,5.0938,582.4385,164.0211,20.2501,1.000000,0,1
219,5,209.5486,580.4470,104.2267,14.9472,1.000000,0,1
219,6,918.7851,541.2926,661.8062,84.5809,1.000000,0,1
220,1,663.0786,584.0462,39.4869,23.1299,1.000000,1,0
220,2,504.3309,536.5558,300.7936,82.5387,1.000000,0,1
220,3,748.1201,584.0121,44.1297,20.1539,1.000000,1,0
220,4,5.4705,582.5029,164.0359,20.2539,1.000000,0,1
220,5,210.0176,580.4891,104.2462,14.9511,1.000000,0,1
220,6,918.0526,541.1966,661.4976,84.5650,1.000000,0,1
221,1,662.5575,584.0698,39.4841,23.1295,1.000000,1,0
221,2,504.6678,536.5834,300.8434,82.5473,1.000000,0,1
221,3,747.5458,584.0331,44.1029,20.1529,1.000000,1,0
221,4,5.8476,582.5681,164.0507,20.2577,1.000000,0,1
221,5,210.4882,580.5367,104.2657,14.9551,1.000000,0,1
221,6,917.3208,541.1005,661.1930,84.5495,1.000000,0,1
222,1,662.0361,584.0948,39.4814,23.1292,1.000000,1,0
222,2,505.0049,536.6068,300.8923,82.5556,1.000000,0,1
222,3,746.9724,584.0535,44.0762,20.1519,1.000000,1,0
222,4,6.2258,582.6332,164.0654,20.2615,1.000000,0,1
222,5,210.9605,580.5884,104.2849,14.9592,1.000000,0,1
222,6,916.5897,541.0052,660.8914,84.5345,1.000000,0,1
223,1,661.5143,584.1212,39.4787,23.1289,1.000000,1,0
223,2,505.3423,536.6261,300.9404,82.5634,1.000000,0,1
223,3,746.3997,584.0721,44.0496,20.1509,1.000000,1,0
223,4,6.6059,582.6974,164.0798,20.2653,1.000000,0,1
223,5,211.4349,580.6430,104.3039,14.9632,1.000000,0,1
223,6,915.8595,540.9113,660.5930,84.5198,1.000000,0,1
224,1,660.9915,584.1487,39.4760,23.1287,1.000000,1,0
224,2,505.6797,536.6406,300.9876,82.5707,1.000000,0,1
224,3,745.8285,584.0906,44.0228,20.1498,1.000000,1,0
224,4,6.9866,582.7622,164.0942,20.2691,1.000000,0,1
224,5,211.9121,580.7020,104.3228,14.9673,1.000000,0,1
224,6,915.1298,540.8192,660.2977,84.5056,1.000000,0,1
225,1,660.4667,584.1752,39.4733,23.1285,1.000000,1,0
225,2,506.0173,536.6511,301.0341,82.5777,1.000000,0,1
225,3,745.2582,584.1082,43.9962,20.1486,1.000000,1,0
225,4,7.3692,582.8266,164.1083,20.2728,1.000000,0,1
225,5,212.3920,580.7638,104.3412,14.9712,1.000000,0,1
225,6,914.4001,540.7291,660.0054,84.4919,1.000000,0,1
226,1,659.9398,584.2001,39.4703,23.1281,1.000000,1,0
226,2,506.3551,536.6575,301.0802,82.5845,1.000000,0,1
226,3,744.6887,584.1237,43.9695,20.1475,1.000000,1,0
226,4,7.7540,582.8862,164.1219,20.2798,1.000000,0,1
226,5,212.8749,580.8270,104.3593,14.9752,1.000000,0,1
226,6,913.6707,540.6409,659.7158,84.4786,1.000000,0,1
227,1,659.4111,584.2249,39.4675,23.1277,1.000000,1,0
227,2,506.6926,536.6593,301.1259,82.5909,1.000000,0,1
227,3,744.1206,584.1390,43.9431,20.1463,1.000000,1,0
227,4,8.1397,582.9444,164.1356,20.2882,1.000000,0,1
227,5,213.3611,580.8927,104.3769,14.9791,1.000000,0,1
227,6,912.9414,540.5559,659.4286,84.4657,1.000000,0,1
228,1,658.8810,584.2494,39.4645,23.1272,1.000000,1,0
228,2,507.0300,536.6573,301.1713,82.5970,1.000000,0,1
228,3,743.5536,584.1534,43.9166,20.1450,1.000000,1,0
228,4,8.5279,583.0016,164.1488,20.2965,1.000000,0,1
228,5,213.8504,580.9592,104.3941,14.9830,1.000000,0,1
228,6,912.2123,540.4742,659.1437,84.4533,1.000000,0,1
229,1,658.3495,584.2738,39.4614,23.1267,1.000000,1,0
229,2,507.3674,536.6520,301.2165,82.6030,1.000000,0,1
229,3,742.9873,584.1662,43.8902,20.1438,1.000000,1,0
229,4,8.9189,583.0566,164.1614,20.3045,1.000000,0,1
229,5,214.3426,581.0254,104.4109,14.9868,1.000000,0,1
229,6,911.4828,540.3954,658.8600,84.4412,1.000000,0,1
230,1,657.8173,584.3004,39.4583,23.1262,1.000000,1,0
230,2,507.7045,536.6429,301.2614,82.6087,1.000000,0,1
230,3,742.4224,584.1791,43.8639,20.1426,1.000000,1,0
230,4,9.3120,583.1105,164.1737,20.3123,1.000000,0,1
230,5,214.8379,581.0924,104.4272,14.9906,1.000000,0,1
230,6,910.7525,540.3207,658.5771,84.4293,1.000000,0,1
231,1,657.2845,584.3283,39.4552,23.1258,1.000000,1,0
231,2,508.0413,536.6306,301.3065,82.6143,1.000000,0,1
231,3,741.8580,584.1913,43.8378,20.1414,1.000000,1,0
231,4,9.7072,583.1622,164.1857,20.3200,1.000000,0,1
231,5,215.3360,581.1591,104.4431,14.9943,1.000000,0,1
231,6,910.0217,540.2501,658.2947,84.4177,1.000000,0,1
232,1,656.7512,584.3572,39.4521,23.1253,1.000000,1,0
232,2,508.3777,536.6154,301.3520,82.6200,1.000000,0,1
232,3,741.2939,584.2026,43.8120,20.1402,1.000000,1,0
232,4,10.1048,583.2109,164.1972,20.3273,1.000000,0,1
232,5,215.8365,581.2244,104.4586,14.9979,1.000000,0,1
232,6,909.2903,540.1844,658.0133,84.4065,1.000000,0,1
233,1,656.2177,584.3894,39.4488,23.1250,1.000000,1,0
233,2,508.7137,536.5968,301.3976,82.6255,1.000000,0,1
233,3,740.7309,584.2142,43.7862,20.1391,1.000000,1,0
233,4,10.5039,583.2576,164.2085,20.3343,1.000000,0,1
233,5,216.3400,581.2902,104.4736,15.0014,1.000000,0,1
233,6,908.5577,540.1240,657.7324,84.3956,1.000000,0,1
234,1,655.6839,584.4238,39.4456,23.1248,1.000000,1,0
234,2,509.0495,536.5760,301.4434,82.6310,1.000000,0,1
234,3,740.1685,584.2261,43.7604,20.1380,1.000000,1,0
234,4,10.9051,583.3014,164.2194,20.3411,1.000000,0,1
234,5,216.8460,581.3550,104.4880,15.0049,1.000000,0,1
234,6,907.8243,540.0687,657.4506,84.3849,1.000000,0,1
235,1,655.1498,584.4598,39.4424,23.1247,1.000000,1,0
235,2,509.3847,536.5536,301.4900,82.6367,1.000000,0,1
235,3,739.6068,584.2382,43.7348,20.1370,1.000000,1,0
235,4,11.3084,583.3417,164.2297,20.3475,1.000000,0,1
235,5,217.3546,581.4181,104.5020,15.0084,1.000000,0,1
235,6,907.0900,540.0188,657.1688,84.3744,1.000000,0,1
236,1,654.6160,584.4995,39.4392,23.1247,1.000000,1,0
236,2,509.7192,536.5287,301.5374,82.6424,1.000000,0,1
236,3,739.0461,584.2518,43.7095,20.1361,1.000000,1,0
236,4,11.7131,583.3793,164.2400,20.3537,1.000000,0,1
236,5,217.8652,581.4810,104.5156,15.0117,1.000000,0,1
236,6,906.3545,539.9746,656.8862,84.3641,1.000000,0,1
237,1,654.0823,584.5416,39.4361,23.1248,1.000000,1,0
237,2,510.0533,536.5021,301.5852,82.6483,1.000000,0,1
237,3,738.4863,584.2666,43.6841,20.1353,1.000000,1,0
237,4,12.1194,583.4138,164.2498,20.3594,1.000000,0,1
237,5,218.3779,581.5431,104.5286,15.0149,1.000000,0,1
237,6,905.6182,539.9352,656.6029,84.3540,1.000000,0,1
238,1,653.5482,584.5853,39.4330,23.1250,1.000000,1,0
238,2,510.3867,536.4743,301.6340,82.6542,1.000000,0,1
238,3,737.9268,584.2822,43.6589,20.1345,1.000000,1,0
238,4,12.5274,583.4446,164.2593,20.3649,1.000000,0,1
238,5,218.8927,581.6038,104.5411,15.0181,1.000000,0,1
238,6,904.8804,539.9008,656.3184,84.3439,1.000000,0,1
239,1,653.0145,584.6334,39.4300,23.1254,1.000000,1,0
239,2,510.7195,536.4452,301.6835,82.6605,1.000000,0,1
239,3,737.3682,584.3004,43.6339,20.1339,1.000000,1,0
239,4,12.9363,583.4723,164.2686,20.3700,1.000000,0,1
239,5,219.4098,581.6641,104.5530,15.0212,1.000000,0,1
239,6,904.1414,539.8723,656.0333,84.3340,1.000000,0,1
240,1,652.4806,584.6840,39.4271,23.1260,1.000000,1,0
240,2,511.0517,536.4153,301.7342,82.6670,1.000000,0,1
240,3,736.8101,584.3204,43.6088,20.1334,1.000000,1,0
240,4,13.3461,583.4966,164.2778,20.3747,1.000000,0,1
240,5,219.9286,581.7237,104.5646,15.0243,1.000000,0,1
240,6,903.4018,539.8481,655.7476,84.3245,1.000000,0,1
241,1,651.9464,584.7360,39.4240,23.1266,1.000000,1,0
241,2,511.3836,536.3854,301.7856,82.6737,1.000000,0,1
241,3,736.2518,584.3420,43.5837,20.1329,1.000000,1,0
241,4,13.7575,583.5170,164.2867,20.3792,1.000000,0,1
241,5,220.4491,581.7820,104.5757,15.0272,1.000000,0,1
241,6,902.6610,539.8278,655.4613,84.3148,1.000000,0,1
242,1,651.4130,584.7930,39.4211,23.1274,1.000000,1,0
242,2,511.7148,536.3555,301.8382,82.6807,1.000000,0,1
242,3,735.6941,584.3670,43.5588,20.1326,1.000000,1,0
242,4,14.1692,583.5347,164.2954,20.3833,1.000000,0,1
242,5,220.9709,581.8403,104.5865,15.0301,1.000000,0,1
242,6,901.9191,539.8124,655.1722,84.3052,1.000000,0,1
243,1,650.8796,584.8530,39.4182,23.1283,1.000000,1,0
243,2,512.0457,536.3254,301.8914,82.6879,1.000000,0,1
243,3,735.1362,584.3949,43.5341,20.1325,1.000000,1,0
243,4,14.5816,583.5494,164.3039,20.3872,1.000000,0,1
243,5,221.4944,581.8984,104.5969,15.0330,1.000000,0,1
243,6,901.1766,539.8009,654.8828,84.2957,1.000000,0,1
244,1,650.3458,584.9141,39.4152,23.1293,1.000000,1,0
244,2,512.3762,536.2956,301.9454,82.6953,1.000000,0,1
244,3,734.5734,584.4253,43.5136,20.1325,1.000000,1,0
244,4,14.9952,583.5607,164.3121,20.3906,1.000000,0,1
244,5,222.0199,581.9559,104.6068,15.0358,1.000000,0,1
244,6,900.4340,539.7930,654.5951,84.2865,1.000000,0,1
245,1,649.8129,584.9804,39.4123,23.1304,1.000000,1,0
245,2,512.7067,536.2662,301.9999,82.7029,1.000000,0,1
245,3,734.0030,584.4606,43.4999,20.1326,1.000000,1,0
245,4,15.4091,583.5687,164.3203,20.3938,1.000000,0,1
245,5,222.5461,582.0142,104.6165,15.0385,1.000000,0,1
245,6,899.6913,539.7889,654.3058,84.2773,1.000000,0,1
246,1,649.2798,585.0490,39.4094,23.1317,1.000000,1,0
246,2,513.0366,536.2374,302.0552,82.7107,1.000000,0,1
246,3,733.4313,584.4995,43.4863,20.1330,1.000000,1,0
246,4,15.8240,583.5739,164.3282,20.3966,1.000000,0,1
246,5,223.0733,582.0726,104.6259,15.0413,1.000000,0,1
246,6,898.9489,539.7880,654.0172,84.2684,1.000000,0,1
247,1,648.7464,585.1178,39.4064,23.1329,1.000000,1,0
247,2,513.3661,536.2097,302.1115,82.7189,1.000000,0,1
247,3,732.8583,584.5415,43.4726,20.1334,1.000000,1,0
247,4,16.2406,583.5765,164.3358,20.3992,1.000000,0,1
247,5,223.6020,582.1309,104.6349,15.0440,1.000000,0,1
247,6,898.2065,539.7899,653.7297,84.2596,1.000000,0,1
248,1,648.2140,585.1917,39.4033,23.1343,1.000000,1,0
248,2,513.6951,536.1827,302.1682,82.7272,1.000000,0,1
248,3,732.2852,584.5895,43.4589,20.1340,1.000000,1,0
248,4,16.6583,583.5767,164.3433,20.4016,1.000000,0,1
248,5,224.1313,582.1896,104.6437,15.0466,1.000000,0,1
248,6,897.4647,539.7953,653.4433,84.2513,1.000000,0,1
249,1,647.6816,585.2673,39.4003,23.1358,1.000000,1,0
249,2,514.0237,536.1569,302.2252,82.7356,1.000000,0,1
249,3,731.7114,584.6416,43.4451,20.1349,1.000000,1,0
249,4,17.0773,583.5746,164.3503,20.4037,1.000000,0,1
249,5,224.6614,582.2479,104.6520,15.0492,1.000000,0,1
249,6,896.7229,539.8035,653.1581,84.2431,1.000000,0,1
250,1,647.1487,585.3423,39.3970,23.1372,1.000000,1,0
250,2,514.3514,536.1328,302.2826,82.7443,1.000000,0,1
250,3,731.1365,584.6965,43.4315,20.1358,1.000000,1,0
250,4,17.4979,583.5703,164.3570,20.4056,1.000000,0,1
250,5,225.1930,582.3054,104.6602,15.0517,1.000000,0,1
250,6,895.9808,539.8137,652.8730,84.2350,1.000000,0,1
251,1,646.6169,585.4220,39.3940,23.1387,1.000000,1,0
251,2,514.6777,536.1105,302.3403,82.7531,1.000000,0,1
251,3,730.5616,584.7579,43.4178,20.1370,1.000000,1,0
251,4,17.9196,583.5640,164.3634,20.4072,1.000000,0,1
251,5,225.7253,582.3628,104.6679,15.0542,1.000000,0,1
251,6,895.2393,539.8270,652.5892,84.2272,1.000000,0,1
252,1,646.0856,585.5029,39.3908,23.1404,1.000000,1,0
252,2,515.0029,536.0900,302.3981,82.7621,1.000000,0,1
252,3,729.9859,584.8232,43.4039,20.1383,1.000000,1,0
252,4,18.3431,583.5558,164.3694,20.4086,1.000000,0,1
252,5,226.2583,582.4198,104.6754,15.0566,1.000000,0,1
252,6,894.4980,539.8425,652.3063,84.2196,1.000000,0,1
253,1,645.5536,585.5827,39.3875,23.1418,1.000000,1,0
253,2,515.3272,536.0713,302.4559,82.7712,1.000000,0,1
253,3,729.4089,584.8906,43.3901,20.1397,1.000000,1,0
253,4,18.7684,583.5457,164.3748,20.4098,1.000000,0,1
253,5,226.7921,582.4757,104.6826,15.0590,1.000000,0,1
253,6,893.7570,539.8610,652.0248,84.2123,1.000000,0,1
254,1,645.0231,585.6664,39.3842,23.1434,1.000000,1,0
254,2,515.6506,536.0535,302.5142,82.7804,1.000000,0,1
254,3,728.8318,584.9641,43.3762,20.1413,1.000000,1,0
254,4,19.1945,583.5341,164.3800,20.4108,1.000000,0,1
254,5,227.3261,582.5305,104.6896,15.0614,1.000000,0,1
254,6,893.0167,539.8830,651.7455,84.2054,1.000000,0,1
255,1,644.4927,585.7507,39.3809,23.1451,1.000000,1,0
255,2,515.9738,536.0366,302.5725,82.7897,1.000000,0,1
255,3,728.2538,585.0409,43.3624,20.1431,1.000000,1,0
255,4,19.6217,583.5214,164.3851,20.4117,1.000000,0,1
255,5,227.8609,582.5841,104.6963,15.0637,1.000000,0,1
255,6,892.2773,539.9082,651.4677,84.1988,1.000000,0,1
256,1,643.9619,585.8331,39.3774,23.1466,1.000000,1,0
256,2,516.2969,536.0208,302.6310,82.7991,1.000000,0,1
256,3,727.6747,585.1194,43.3483,20.1449,1.000000,1,0
256,4,20.0510,583.5074,164.3895,20.4124,1.000000,0,1
256,5,228.3968,582.6362,104.7026,15.0659,1.000000,0,1
256,6,891.5385,539.9371,651.1909,84.1925,1.000000,0,1
257,1,643.4325,585.9194,39.3740,23.1483,1.000000,1,0
257,2,516.6201,536.0053,302.6901,82.8086,1.000000,0,1
257,3,727.0955,585.2039,43.3343,20.1469,1.000000,1,0
257,4,20.4809,583.4927,164.3936,20.4129,1.000000,0,1
257,5,228.9326,582.6871,104.7089,15.0681,1.000000,0,1
257,6,890.8007,539.9701,650.9156,84.1865,1.000000,0,1
258,1,642.9032,586.0060,39.3705,23.1499,1.000000,1,0
258,2,516.9435,535.9908,302.7495,82.8183,1.000000,0,1
258,3,726.5155,585.2914,43.3202,20.1489,1.000000,1,0
258,4,20.9116,583.4772,164.3976,20.4134,1.000000,0,1
258,5,229.4685,582.7370,104.7149,15.0703,1.000000,0,1
258,6,890.0638,540.0068,650.6420,84.1809,1.000000,0,1
259,1,642.3734,586.0902,39.3670,23.1514,1.000000,1,0
259,2,517.2673,535.9773,302.8093,82.8281,1.000000,0,1
259,3,725.9343,585.3798,43.3059,20.1511,1.000000,1,0
259,4,21.3431,583.4611,164.4012,20.4139,1.000000,0,1
259,5,230.0048,582.7853,104.7208,15.0725,1.000000,0,1
259,6,889.3279,540.0475,650.3713,84.1757,1.000000,0,1
260,1,641.8450,586.1779,39.3635,23.1531,1.000000,1,0
260,2,517.5912,535.9646,302.8698,82.8382,1.000000,0,1
260,3,725.3533,585.4741,43.2918,20.1534,1.000000,1,0
260,4,21.7752,583.4438,164.4047,20.4141,1.000000,0,1
260,5,230.5410,582.8330,104.7264,15.0745,1.000000,0,1
260,6,888.5934,540.0927,650.1021,84.1709,1.000000,0,1
261,1,641.3168,586.2656,39.3598,23.1546,1.000000,1,0
261,2,517.9152,535.9529,302.9314,82.8485,1.000000,0,1
261,3,724.7719,585.5709,43.2775,20.1557,1.000000,1,0
261,4,22.2076,583.4256,164.4080,20.4143,1.000000,0,1
261,5,231.0775,582.8787,104.7319,15.0782,1.000000,0,1
261,6,887.8602,540.1419,649.8351,84.1664,1.000000,0,1
262,1,640.7878,586.3505,39.3561,23.1561,1.000000,1,0
262,2,518.2394,535.9426,302.9935,82.8591,1.000000,0,1
262,3,724.1895,585.6676,43.2629,20.1580,1.000000,1,0
262,4,22.6404,583.4069,164.4113,20.4144,1.000000,0,1
262,5,231.6143,582.9231,104.7372,15.0824,1.000000,0,1
262,6,887.1282,540.1961,649.5688,84.1623,1.000000,0,1
263,1,640.2604,586.4390,39.3525,23.1576,1.000000,1,0
263,2,518.5640,535.9336,303.0565,82.8700,1.000000,0,1
263,3,723.6080,585.7695,43.2483,20.1605,1.000000,1,0
263,4,23.0730,583.3873,164.4145,20.4144,1.000000,0,1
263,5,232.1510,582.9675,104.7424,15.0865,1.000000,0,1
263,6,886.3976,540.2557,649.3041,84.1585,1.000000,0,1
264,1,639.7300,586.5273,39.3519,23.1592,1.000000,1,0
264,2,518.8884,535.9258,303.1206,82.8812,1.000000,0,1
264,3,723.0264,585.8733,43.2336,20.1629,1.000000,1,0
264,4,23.5049,583.3674,164.4178,20.4144,1.000000,0,1
264,5,232.6877,583.0123,104.7475,15.0906,1.000000,0,1
264,6,885.6683,540.3201,649.0411,84.1552,1.000000,0,1
265,1,639.1959,586.6125,39.3542,23.1606,1.000000,1,0
265,2,519.2128,535.9193,303.1858,82.8927,1.000000,0,1
265,3,722.4441,585.9761,43.2187,20.1653,1.000000,1,0
265,4,23.9365,583.3472,164.4212,20.4144,1.000000,0,1
265,5,233.2249,583.0573,104.7523,15.0948,1.000000,0,1
265,6,884.9403,540.3887,648.7804,84.1522,1.000000,0,1
266,1,638.6631,586.7004,39.3565,23.1620,1.000000,1,0
266,2,519.5373,535.9144,303.2520,82.9047,1.000000,0,1
266,3,721.8629,586.0837,43.2037,20.1677,1.000000,1,0
266,4,24.3673,583.3263,164.4247,20.4143,1.000000,0,1
266,5,233.7620,583.1033,104.7571,15.0989,1.000000,0,1
266,6,884.2140,540.4633,648.5214,84.1496,1.000000,0,1
267,1,638.1306,586.7877,39.3587,23.1634,1.000000,1,0
267,2,519.8616,535.9113,303.3195,82.9170,1.000000,0,1
267,3,721.2818,586.1927,43.1887,20.1702,1.000000,1,0
267,4,24.7971,583.3051,164.4282,20.4143,1.000000,0,1
267,5,234.2994,583.1500,104.7619,15.1031,1.000000,0,1
267,6,883.4888,540.5430,648.2631,84.1473,1.000000,0,1
268,1,637.5975,586.8713,39.3608,23.1647,1.000000,1,0
268,2,520.1862,535.9100,303.3876,82.9296,1.000000,0,1
268,3,720.7000,586.3002,43.1733,20.1725,1.000000,1,0
268,4,25.2261,583.2838,164.4320,20.4141,1.000000,0,1
268,5,234.8380,583.1973,104.7666,15.1073,1.000000,0,1
268,6,882.7644,540.6272,648.0060,84.1453,1.000000,0,1
269,1,637.0660,586.9568,39.3630,23.1659,1.000000,1,0
269,2,520.5108,535.9104,303.4571,82.9427,1.000000,0,1
269,3,720.1197,586.4116,43.1580,20.1750,1.000000,1,0
269,4,25.6540,583.2622,164.4358,20.4141,1.000000,0,1
269,5,235.3781,583.2445,104.7711,15.1115,1.000000,0,1
269,6,882.0413,540.7172,647.7499,84.1437,1.000000,0,1
270,1,636.5350,587.0413,39.3650,23.1671,1.000000,1,0
270,2,520.8353,535.9126,303.5276,82.9561,1.000000,0,1
270,3,719.5395,586.5236,43.1423,20.1773,1.000000,1,0
270,4,26.0810,583.2405,164.4398,20.4140,1.000000,0,1
270,5,235.9197,583.2921,104.7756,15.1157,1.000000,0,1
270,6,881.3190,540.8123,647.4945,84.1423,1.000000,0,1
271,1,636.0036,587.1219,39.3669,23.1681,1.000000,1,0
271,2,521.1598,535.9166,303.5991,82.9698,1.000000,0,1
271,3,718.9587,586.6334,43.1266,20.1795,1.000000,1,0
271,4,26.5072,583.2193,164.4439,20.4140,1.000000,0,1
271,5,236.4633,583.3403,104.7799,15.1200,1.000000,0,1
271,6,880.5976,540.9122,647.2392,84.1411,1.000000,0,1
272,1,635.4732,587.2032,39.3688,23.1691,1.000000,1,0
272,2,521.4843,535.9229,303.6713,82.9839,1.000000,0,1
272,3,718.3792,586.7463,43.1107,20.1818,1.000000,1,0
272,4,26.9326,583.1981,164.4480,20.4139,1.000000,0,1
272,5,237.0074,583.3901,104.7843,15.1242,1.000000,0,1
272,6,879.8778,541.0180,646.9847,84.1403,1.000000,0,1
273,1,634.9431,587.2828,39.3707,23.1700,1.000000,1,0
273,2,521.8085,535.9312,303.7446,82.9982,1.000000,0,1
273,3,717.8003,586.8599,43.0947,20.1839,1.000000,1,0
273,4,27.3574,583.1771,164.4524,20.4140,1.000000,0,1
273,5,237.5522,583.4409,104.7886,15.1287,1.000000,0,1
273,6,879.1596,541.1292,646.7305,84.1396,1.000000,0,1
274,1,634.4129,587.3585,39.3725,23.1707,1.000000,1,0
274,2,522.1326,535.9416,303.8185,83.0129,1.000000,0,1
274,3,717.2212,586.9709,43.0786,20.1859,1.000000,1,0
274,4,27.7819,583.1566,164.4570,20.4140,1.000000,0,1
274,5,238.0989,583.4916,104.7927,15.1330,1.000000,0,1
274,6,878.4423,541.2448,646.4769,84.1392,1.000000,0,1
275,1,633.8835,587.4341,39.3742,23.1714,1.000000,1,0
275,2,522.4569,535.9544,303.8929,83.0279,1.000000,0,1
275,3,716.6439,587.0840,43.0624,20.1881,1.000000,1,0
275,4,28.2068,583.1371,164.4613,20.4142,1.000000,0,1
275,5,238.6465,583.5426,104.7966,15.1373,1.000000,0,1
275,6,877.7271,541.3665,646.2236,84.1389,1.000000,0,1
276,1,633.3546,587.5078,39.3758,23.1719,1.000000,1,0
276,2,522.7811,535.9694,303.9680,83.0430,1.000000,0,1
276,3,716.0676,587.1971,43.0461,20.1900,1.000000,1,0
276,4,28.6309,583.1193,164.4660,20.4146,1.000000,0,1
276,5,239.1951,583.5930,104.8006,15.1416,1.000000,0,1
276,6,877.0132,541.4930,645.9692,84.1388,1.000000,0,1
277,1,632.8259,587.5779,39.3774,23.1724,1.000000,1,0
277,2,523.1053,535.9868,304.0435,83.0584,1.000000,0,1
277,3,715.4914,587.3074,43.0297,20.1919,1.000000,1,0
277,4,29.0543,583.1036,164.4707,20.4151,1.000000,0,1
277,5,239.7451,583.6422,104.8044,15.1459,1.000000,0,1
277,6,876.2997,541.6232,645.7123,84.1384,1.000000,0,1
278,1,632.2973,587.6465,39.3790,23.1727,1.000000,1,0
278,2,523.4298,536.0070,304.1193,83.0740,1.000000,0,1
278,3,714.9163,587.4185,43.0131,20.1938,1.000000,1,0
278,4,29.4772,583.0903,164.4756,20.4159,1.000000,0,1
278,5,240.2955,583.6904,104.8083,15.1500,1.000000,0,1
278,6,875.5872,541.7585,645.4541,84.1379,1.000000,0,1
279,1,631.7691,587.7125,39.3804,23.1728,1.000000,1,0
279,2,523.7547,536.0295,304.1951,83.0897,1.000000,0,1
279,3,714.3414,587.5286,42.9967,20.1956,1.000000,1,0
279,4,29.9000,583.0789,164.4803,20.4168,1.000000,0,1
279,5,240.8470,583.7372,104.8120,15.1541,1.000000,0,1
279,6,874.8749,541.8977,645.1930,84.1373,1.000000,0,1
280,1,631.2413,587.7755,39.3818,23.1728,1.000000,1,0
280,2,524.0797,536.0544,304.2712,83.1056,1.000000,0,1
280,3,713.7666,587.6353,42.9801,20.1971,1.000000,1,0
280,4,30.3223,583.0700,164.4852,20.4180,1.000000,0,1
280,5,241.3995,583.7819,104.8158,15.1581,1.000000,0,1
280,6,874.1625,542.0397,644.9280,84.1363,1.000000,0,1
281,1,630.7136,587.8367,39.3832,23.1727,1.000000,1,0
281,2,524.4059,536.0822,304.3473,83.1216,1.000000,0,1
281,3,713.1926,587.7423,42.9634,20.1988,1.000000,1,0
281,4,30.7447,583.0634,164.4899,20.4194,1.000000,0,1
281,5,241.9518,583.8250,104.8197,15.1620,1.000000,0,1
281,6,873.4512,542.1869,644.6624,84.1355,1.000000,0,1
282,1,630.1862,587.8958,39.3845,23.1726,1.000000,1,0
282,2,524.7330,536.1127,304.4233,83.1376,1.000000,0,1
282,3,712.6191,587.8479,42.9467,20.2002,1.000000,1,0
282,4,31.1670,583.0587,164.4948,20.4210,1.000000,0,1
282,5,242.5046,583.8661,104.8236,15.1658,1.000000,0,1
282,6,872.7397,542.3378,644.3955,84.1345,1.000000,0,1
283,1,629.6592,587.9517,39.3857,23.1721,1.000000,1,0
283,2,525.0608,536.1459,304.4995,83.1538,1.000000,0,1
283,3,712.0456,587.9500,42.9299,20.2015,1.000000,1,0
283,4,31.5896,583.0562,164.4998,20.4228,1.000000,0,1
283,5,243.0580,583.9046,104.8275,15.1695,1.000000,0,1
283,6,872.0281,542.4908,644.1252,84.1333,1.000000,0,1
284,1,629.1326,588.0056,39.3868,23.1716,1.000000,1,0
284,2,525.3898,536.1826,304.5751,83.1700,1.000000,0,1
284,3,711.4728,588.0519,42.9132,20.2028,1.000000,1,0
284,4,32.0125,583.0557,164.5045,20.4248,1.000000,0,1
284,5,243.6101,583.9412,104.8315,15.1730,1.000000,0,1
284,6,871.3168,542.6483,643.8526,84.1320,1.000000,0,1
285,1,628.6062,588.0571,39.3879,23.1710,1.000000,1,0
285,2,525.7195,536.2225,304.6505,83.1862,1.000000,0,1
285,3,710.9003,588.1522,42.8964,20.2041,1.000000,1,0
285,4,32.4359,583.0571,164.5093,20.4269,1.000000,0,1
285,5,244.1616,583.9753,104.8356,15.1764,1.000000,0,1
285,6,870.6053,542.8085,643.5774,84.1304,1.000000,0,1
286,1,628.0804,588.1060,39.3889,23.1702,1.000000,1,0
286,2,526.0497,536.2657,304.7255,83.2024,1.000000,0,1
286,3,710.3278,588.2489,42.8795,20.2051,1.000000,1,0
286,4,32.8593,583.0603,164.5142,20.4292,1.000000,0,1
286,5,244.7127,584.0065,104.8398,15.1797,1.000000,0,1
286,6,869.8932,542.9701,643.2991,84.1284,1.000000,0,1
287,1,627.5547,588.1530,39.3898,23.1693,1.000000,1,0
287,2,526.3807,536.3125,304.8004,83.2189,1.000000,0,1
287,3,709.7560,588.3450,42.8627,20.2061,1.000000,1,0
287,4,33.2835,583.0654,164.5189,20.4317,1.000000,0,1
287,5,245.2629,584.0345,104.8441,15.1829,1.000000,0,1
287,6,869.1815,543.1354,643.0194,84.1264,1.000000,0,1
288,1,627.0294,588.1979,39.3906,23.1683,1.000000,1,0
288,2,526.7128,536.3625,304.8747,83.2352,1.000000,0,1
288,3,709.1847,588.4392,42.8459,20.2071,1.000000,1,0
288,4,33.7077,583.0722,164.5237,20.4344,1.000000,0,1
288,5,245.8125,584.0602,104.8484,15.1859,1.000000,0,1
288,6,868.4693,543.3024,642.7370,84.1242,1.000000,0,1
289,1,626.5045,588.2398,39.3914,23.1671,1.000000,1,0
289,2,527.0457,536.4156,304.9479,83.2514,1.000000,0,1
289,3,708.6134,588.5300,42.8289,20.2078,1.000000,1,0
289,4,34.1323,583.0810,164.5286,20.4373,1.000000,0,1
289,5,246.3613,584.0833,104.8530,15.1888,1.000000,0,1
289,6,867.7570,543.4693,642.4515,84.1216,1.000000,0,1
290,1,625.9800,588.2800,39.3920,23.1658,1.000000,1,0
290,2,527.3795,536.4727,305.0205,83.2674,1.000000,0,1
290,3,708.0432,588.6201,42.8120,20.2086,1.000000,1,0
290,4,34.5573,583.0912,164.5332,20.4402,1.000000,0,1
290,5,246.9090,584.1042,104.8577,15.1915,1.000000,0,1
290,6,867.0464,543.6389,642.1674,84.1191,1.000000,0,1
291,1,625.4559,588.3181,39.3926,23.1644,1.000000,1,0
291,2,527.7144,536.5325,305.0923,83.2834,1.000000,0,1
291,3,707.4733,588.7085,42.7953,20.2093,1.000000,1,0
291,4,34.9825,583.1027,164.5380,20.4433,1.000000,0,1
291,5,247.4556,584.1235,104.8627,15.1943,1.000000,0,1
291,6,866.3372,543.8097,641.8829,84.1166,1.000000,0,1
292,1,624.9322,588.3539,39.3931,23.1628,1.000000,1,0
292,2,528.0502,536.5951,305.1628,83.2992,1.000000,0,1
292,3,706.9031,588.7933,42.7783,20.2097,1.000000,1,0
292,4,35.4083,583.1155,164.5426,20.4465,1.000000,0,1
292,5,248.0016,584.1414,104.8677,15.1970,1.000000,0,1
292,6,865.6283,543.9794,641.5977,84.1140,1.000000,0,1
293,1,624.4089,588.3875,39.3934,23.1611,1.000000,1,0
293,2,528.3868,536.6615,305.2329,83.3150,1.000000,0,1
293,3,706.3330,588.8774,42.7615,20.2103,1.000000,1,0
293,4,35.8345,583.1293,164.5472,20.4498,1.000000,0,1
293,5,248.5463,584.1585,104.8732,15.1997,1.000000,0,1
293,6,864.9197,544.1520,641.3141,84.1117,1.000000,0,1
294,1,623.8860,588.4189,39.3937,23.1591,1.000000,1,0
294,2,528.7243,536.7303,305.3021,83.3307,1.000000,0,1
294,3,705.7625,588.9592,42.7446,20.2107,1.000000,1,0
294,4,36.2613,583.1441,164.5517,20.4532,1.000000,0,1
294,5,249.0900,584.1752,104.8789,15.2024,1.000000,0,1
294,6,864.2111,544.3252,641.0308,84.1094,1.000000,0,1
295,1,623.3637,588.4484,39.3938,23.1571,1.000000,1,0
295,2,529.0627,536.8010,305.3705,83.3462,1.000000,0,1
295,3,705.1908,589.0365,42.7275,20.2108,1.000000,1,0
295,4,36.6889,583.1602,164.5560,20.4566,1.000000,0,1
295,5,249.6329,584.1921,104.8849,15.2051,1.000000,0,1
295,6,863.5015,544.4964,640.7480,84.1071,1.000000,0,1
296,1,622.8419,588.4756,39.3938,23.1550,1.000000,1,0
296,2,529.4023,536.8752,305.4378,83.3615,1.000000,0,1
296,3,704.6189,589.1134,42.7105,20.2110,1.000000,1,0
296,4,37.1172,583.1776,164.5601,20.4602,1.000000,0,1
296,5,250.1748,584.2101,104.8912,15.2080,1.000000,0,1
296,6,862.7916,544.6699,640.4646,84.1050,1.000000,0,1
297,1,622.3207,588.5012,39.3937,23.1527,1.000000,1,0
297,2,529.7427,536.9520,305.5044,83.3767,1.000000,0,1
297,3,704.0463,589.1877,42.6933,20.2110,1.000000,1,0
297,4,37.5462,583.1964,164.5643,20.4639,1.000000,0,1
297,5,250.7160,584.2289,104.8979,15.2110,1.000000,0,1
297,6,862.0806,544.8438,640.1816,84.1028,1.000000,0,1
298,1,621.8002,588.5248,39.3936,23.1502,1.000000,1,0
298,2,530.0844,537.0302,305.5690,83.3914,1.000000,0,1
298,3,703.4726,589.2581,42.6761,20.2108,1.000000,1,0
298,4,37.9765,583.2163,164.5681,20.4677,1.000000,0,1
298,5,251.2570,584.2489,104.9050,15.2141,1.000000,0,1
298,6,861.3688,545.0157,639.8982,84.1005,1.000000,0,1
299,1,621.2804,588.5466,39.3931,23.1477,1.000000,1,0
299,2,530.4275,537.1108,305.6326,83.4059,1.000000,0,1
299,3,702.8986,589.3280,42.6588,20.2106,1.000000,1,0
299,4,38.4075,583.2376,164.5718,20.4716,1.000000,0,1
299,5,251.7982,584.2714,104.9120,15.2173,1.000000,0,1
299,6,860.6565,545.1904,639.6139,84.0983,1.000000,0,1
300,1,620.7612,588.5669,39.3927,23.1450,1.000000,1,0
300,2,530.7716,537.1934,305.6951,83.4202,1.000000,0,1
300,3,702.3237,589.3954,42.6415,20.2102,1.000000,1,0
300,4,38.8394,583.2601,164.5756,20.4756,1.000000,0,1
300,5,252.3394,584.2958,104.9196,15.2207,1.000000,0,1
300,6,859.9430,545.3655,639.3285,84.0960,1.000000,0,1
301,1,620.2424,588.5859,39.3922,23.1422,1.000000,1,0
301,2,531.1168,537.2770,305.7563,83.4341,1.000000,0,1
301,3,701.7478,589.4584,42.6239,20.2097,1.000000,1,0
301,4,39.2723,583.2838,164.5792,20.4797,1.000000,0,1
301,5,252.8807,584.3216,104.9271,15.2242,1.000000,0,1
301,6,859.2285,545.5392,639.0416,84.0934,1.000000,0,1
302,1,619.7240,588.6036,39.3915,23.1392,1.000000,1,0
302,2,531.4633,537.3630,305.8159,83.4477,1.000000,0,1
302,3,701.1718,589.5203,42.6063,20.2089,1.000000,1,0
302,4,39.7062,583.3089,164.5826,20.4839,1.000000,0,1
302,5,253.4220,584.3496,104.9348,15.2278,1.000000,0,1
302,6,858.5132,545.7150,638.7543,84.0909,1.000000,0,1
303,1,619.2057,588.6202,39.3909,23.1363,1.000000,1,0
303,2,531.8112,537.4506,305.8738,83.4610,1.000000,0,1
303,3,700.5951,589.5793,42.5886,20.2081,1.000000,1,0
303,4,40.1405,583.3351,164.5861,20.4882,1.000000,0,1
303,5,253.9632,584.3787,104.9426,15.2315,1.000000,0,1
303,6,857.7971,545.8910,638.4657,84.0883,1.000000,0,1
304,1,618.6876,588.6361,39.3901,23.1333,1.000000,1,0
304,2,532.1597,537.5392,305.9306,83.4739,1.000000,0,1
304,3,700.0176,589.6335,42.5707,20.2069,1.000000,1,0
304,4,40.5755,583.3622,164.5896,20.4926,1.000000,0,1
304,5,254.5050,584.4073,104.9505,15.2352,1.000000,0,1
304,6,857.0800,546.0654,638.1744,84.0853,1.000000,0,1
305,1,618.1701,588.6511,39.3893,23.1302,1.000000,1,0
305,2,532.5099,537.6297,305.9854,83.4863,1.000000,0,1
305,3,699.4406,589.6851,42.5528,20.2057,1.000000,1,0
305,4,41.0102,583.3905,164.5930,20.4971,1.000000,0,1
305,5,255.0471,584.4368,104.9586,15.2390,1.000000,0,1
305,6,856.3622,546.2420,637.8832,84.0823,1.000000,0,1
306,1,617.6529,588.6652,39.3885,23.1271,1.000000,1,0
306,2,532.8613,537.7216,306.0385,83.4982,1.000000,0,1
306,3,698.8640,589.7332,42.5349,20.2043,1.000000,1,0
306,4,41.4449,583.4191,164.5966,20.5017,1.000000,0,1
306,5,255.5899,584.4661,104.9667,15.2427,1.000000,0,1
306,6,855.6436,546.4186,637.5905,84.0793,1.000000,0,1
307,1,617.1360,588.6786,39.3877,23.1239,1.000000,1,0
307,2,533.2134,537.8145,306.0898,83.5098,1.000000,0,1
307,3,698.2875,589.7766,42.5167,20.2026,1.000000,1,0
307,4,41.8801,583.4473,164.6000,20.5062,1.000000,0,1
307,5,256.1332,584.4938,104.9747,15.2464,1.000000,0,1
307,6,854.9240,546.5933,637.2943,84.0757,1.000000,0,1
308,1,616.6196,588.6910,39.3867,23.1206,1.000000,1,0
308,2,533.5665,537.9095,306.1394,83.5209,1.000000,0,1
308,3,697.7109,589.8166,42.4985,20.2008,1.000000,1,0
308,4,42.3149,583.4747,164.6037,20.5107,1.000000,0,1
308,5,256.6772,584.5206,104.9828,15.2500,1.000000,0,1
308,6,854.2039,546.7698,636.9967,84.0721,1.000000,0,1
309,1,616.1038,588.7025,39.3856,23.1172,1.000000,1,0
309,2,533.9203,538.0057,306.1876,83.5317,1.000000,0,1
309,3,697.1341,589.8522,42.4804,20.1988,1.000000,1,0
309,4,42.7495,583.5012,164.6074,20.5150,1.000000,0,1
309,5,257.2215,584.5462,104.9909,15.2536,1.000000,0,1
309,6,853.4830,546.9459,636.6971,84.0681,1.000000,0,1
310,1,615.5883,588.7132,39.3845,23.1137,1.000000,1,0
310,2,534.2751,538.1018,306.2339,83.5419,1.000000,0,1
310,3,696.5573,589.8829,42.4620,20.1966,1.000000,1,0
310,4,43.1836,583.5262,164.6113,20.5194,1.000000,0,1
310,5,257.7659,584.5697,104.9989,15.2570,1.000000,0,1
310,6,852.7612,547.1189,636.3939,84.0636,1.000000,0,1
311,1,615.0736,588.7227,39.3832,23.1102,1.000000,1,0
311,2,534.6314,538.2000,306.2780,83.5516,1.000000,0,1
311,3,695.9805,589.9101,42.4436,20.1941,1.000000,1,0
311,4,43.6164,583.5500,164.6156,20.5236,1.000000,0,1
311,5,258.3096,584.5922,105.0069,15.2604,1.000000,0,1
311,6,852.0386,547.2931,636.0876,84.0587,1.000000,0,1
312,1,614.5593,588.7316,39.3820,23.1067,1.000000,1,0
312,2,534.9890,538.2992,306.3202,83.5609,1.000000,0,1
312,3,695.4040,589.9335,42.4251,20.1914,1.000000,1,0
312,4,44.0483,583.5724,164.6203,20.5277,1.000000,0,1
312,5,258.8521,584.6138,105.0147,15.2637,1.000000,0,1
312,6,851.3152,547.4662,635.7788,84.0535,1.000000,0,1
313,1,614.0457,588.7402,39.3807,23.1031,1.000000,1,0
313,2,535.3478,538.3984,306.3605,83.5696,1.000000,0,1
313,3,694.8278,589.9526,42.4066,20.1886,1.000000,1,0
313,4,44.4788,583.5933,164.6252,20.5317,1.000000,0,1
313,5,259.3936,584.6329,105.0225,15.2669,1.000000,0,1
313,6,850.5907,547.6363,635.4678,84.0479,1.000000,0,1
314,1,613.5325,588.7474,39.3794,23.0994,1.000000,1,0
314,2,535.7080,538.4995,306.3993,83.5779,1.000000,0,1
314,3,694.2518,589.9680,42.3880,20.1856,1.000000,1,0
314,4,44.9068,583.6132,164.6307,20.5357,1.000000,0,1
314,5,259.9349,584.6490,105.0300,15.2698,1.000000,0,1
314,6,849.8658,547.8064,635.1552,84.0421,1.000000,0,1
315,1,613.0198,588.7535,39.3780,23.0956,1.000000,1,0
315,2,536.0693,538.6014,306.4365,83.5858,1.000000,0,1
315,3,693.6765,589.9799,42.3693,20.1824,1.000000,1,0
315,4,45.3327,583.6322,164.6368,20.5396,1.000000,0,1
315,5,260.4758,584.6620,105.0375,15.2726,1.000000,0,1
315,6,849.1403,547.9752,634.8417,84.0361,1.000000,0,1
316,1,612.5077,588.7588,39.3765,23.0917,1.000000,1,0
316,2,536.4318,538.7028,306.4716,83.5931,1.000000,0,1
316,3,693.1017,589.9883,42.3506,20.1790,1.000000,1,0
316,4,45.7569,583.6503,164.6434,20.5436,1.000000,0,1
316,5,261.0165,584.6720,105.0448,15.2752,1.000000,0,1
316,6,848.4137,548.1410,634.5251,84.0295,1.000000,0,1
317,1,611.9961,588.7629,39.3749,23.0878,1.000000,1,0
317,2,536.7955,538.8066,306.5056,83.6001,1.000000,0,1
317,3,692.5277,589.9926,42.3319,20.1754,1.000000,1,0
317,4,46.1781,583.6682,164.6505,20.5476,1.000000,0,1
317,5,261.5571,584.6790,105.0520,15.2775,1.000000,0,1
317,6,847.6871,548.3067,634.2075,84.0229,1.000000,0,1
318,1,611.4847,588.7661,39.3734,23.0838,1.000000,1,0
318,2,537.1600,538.9112,306.5382,83.6068,1.000000,0,1
318,3,691.9544,589.9933,42.3236,20.1717,1.000000,1,0
318,4,46.5968,583.6859,164.6583,20.5516,1.000000,0,1
318,5,262.0972,584.6840,105.0591,15.2798,1.000000,0,1
318,6,846.9608,548.4712,633.8891,84.0161,1.000000,0,1
319,1,610.9734,588.7687,39.3716,23.0798,1.000000,1,0
319,2,537.5258,539.0149,306.5685,83.6129,1.000000,0,1
319,3,691.3821,589.9908,42.3165,20.1678,1.000000,1,0
319,4,47.0135,583.7034,164.6665,20.5558,1.000000,0,1
319,5,262.6370,584.6876,105.0660,15.2820,1.000000,0,1
319,6,846.2341,548.6331,633.5699,84.0091,1.000000,0,1
320,1,610.4628,588.7704,39.3699,23.0757,1.000000,1,0
320,2,537.8923,539.1207,306.5979,83.6186,1.000000,0,1
320,3,690.8104,589.9847,42.3091,20.1636,1.000000,1,0
320,4,47.4278,583.7211,164.6754,20.5600,1.000000,0,1
320,5,263.1765,584.6895,105.0729,15.2840,1.000000,0,1
320,6,845.5077,548.7953,633.2506,84.0020,1.000000,0,1
321,1,609.9528,588.7713,39.3680,23.0714,1.000000,1,0
321,2,538.2596,539.2269,306.6259,83.6241,1.000000,0,1
321,3,690.2390,589.9755,42.3019,20.1594,1.000000,1,0
321,4,47.8402,583.7394,164.6847,20.5643,1.000000,0,1
321,5,263.7157,584.6904,105.0796,15.2860,1.000000,0,1
321,6,844.7814,548.9567,632.9304,83.9948,1.000000,0,1
322,1,609.4430,588.7711,39.3662,23.0672,1.000000,1,0
322,2,538.6274,539.3322,306.6523,83.6291,1.000000,0,1
322,3,689.6680,589.9633,42.2945,20.1549,1.000000,1,0
322,4,48.2507,583.7587,164.6945,20.5688,1.000000,0,1
322,5,264.2540,584.6918,105.0864,15.2881,1.000000,0,1
322,6,844.0551,549.1157,632.6100,83.9874,1.000000,0,1
323,1,608.9339,588.7697,39.3642,23.0629,1.000000,1,0
323,2,538.9959,539.4387,306.6774,83.6337,1.000000,0,1
323,3,689.0974,589.9478,42.2870,20.1504,1.000000,1,0
323,4,48.6589,583.7797,164.7050,20.5734,1.000000,0,1
323,5,264.7925,584.6931,105.0930,15.2900,1.000000,0,1
323,6,843.3290,549.2750,632.2888,83.9799,1.000000,0,1
324,1,608.4252,588.7672,39.3621,23.0584,1.000000,1,0
324,2,539.3650,539.5450,306.7013,83.6381,1.000000,0,1
324,3,688.5273,589.9297,42.2795,20.1456,1.000000,1,0
324,4,49.0658,583.8022,164.7159,20.5783,1.000000,0,1
324,5,265.3313,584.6948,105.0994,15.2920,1.000000,0,1
324,6,842.6028,549.4341,631.9673,83.9723,1.000000,0,1
325,1,607.9165,588.7628,39.3599,23.0538,1.000000,1,0
325,2,539.7344,539.6505,306.7241,83.6421,1.000000,0,1
325,3,687.9581,589.9093,42.2719,20.1408,1.000000,1,0
325,4,49.4717,583.8260,164.7272,20.5834,1.000000,0,1
325,5,265.8698,584.6974,105.1057,15.2941,1.000000,0,1
325,6,841.8771,549.5922,631.6452,83.9646,1.000000,0,1
326,1,607.4059,588.7528,39.3575,23.0488,1.000000,1,0
326,2,540.1039,539.7567,306.7462,83.6458,1.000000,0,1
326,3,687.3896,589.8850,42.2641,20.1357,1.000000,1,0
326,4,49.8764,583.8520,164.7389,20.5887,1.000000,0,1
326,5,266.4091,584.7013,105.1119,15.2961,1.000000,0,1
326,6,841.1517,549.7507,631.3239,83.9570,1.000000,0,1
327,1,606.8938,588.7380,39.3550,23.0437,1.000000,1,0
327,2,540.4735,539.8622,306.7672,83.6493,1.000000,0,1
327,3,686.8219,589.8582,42.2562,20.1305,1.000000,1,0
327,4,50.2804,583.8794,164.7510,20.5942,1.000000,0,1
327,5,266.9494,584.7064,105.1178,15.2982,1.000000,0,1
327,6,840.4268,549.9093,631.0024,83.9494,1.000000,0,1
328,1,606.3809,588.7197,39.3524,23.0382,1.000000,1,0
328,2,540.8433,539.9661,306.7873,83.6525,1.000000,0,1
328,3,686.2550,589.8303,42.2485,20.1253,1.000000,1,0
328,4,50.6841,583.9075,164.7633,20.5998,1.000000,0,1
328,5,267.4911,584.7128,105.1233,15.3003,1.000000,0,1
328,6,839.7018,550.0671,630.6810,83.9417,1.000000,0,1
329,1,605.8663,588.6953,39.3496,23.0324,1.000000,1,0
329,2,541.2129,540.0702,306.8066,83.6555,1.000000,0.0625,0.9375
329,3,685.6888,589.7980,42.2404,20.1199,1.000000,1,0
329,4,51.0871,583.9373,164.7760,20.6056,1.000000,0,1
329,5,268.0347,584.7207,105.1286,15.3025,1.000000,0,1
329,6,838.9776,550.2268,630.3598,83.9341,1.000000,0,1
330,1,605.3511,588.6674,39.3467,23.0264,1.000000,1,0
330,2,541.5827,540.1732,306.8254,83.6582,1.000000,0,1
330,3,685.1232,589.7629,42.2326,20.1143,1.000000,1,0
330,4,51.4901,583.9678,164.7888,20.6114,1.000000,0,1
330,5,268.5800,584.7296,105.1337,15.3047,1.000000,0,1
330,6,838.2533,550.3870,630.0388,83.9265,1.000000,0,1
331,1,604.8358,588.6376,39.3436,23.0203,1.000000,1,0
331,2,541.9524,540.2742,306.8436,83.6608,1.000000,0,1
331,3,684.5587,589.7260,42.2247,20.1086,1.000000,1,0
331,4,51.8932,583.9980,164.8016,20.6173,1.000000,0,1
331,5,269.1276,584.7390,105.1382,15.3068,1.000000,0,1
331,6,837.5288,550.5459,629.7151,83.9185,1.000000,0,1
332,1,604.3201,588.6028,39.3402,23.0138,1.000000,1,0
332,2,542.3217,540.3748,306.8614,83.6631,1.000000,0,1
332,3,683.9947,589.6844,42.2166,20.1027,1.000000,1,0
332,4,52.2962,584.0287,164.8147,20.6233,1.000000,0,1
332,5,269.6776,584.7494,105.1424,15.3090,1.000000,0,1
332,6,836.8047,550.7067,629.3903,83.9104,1.000000,0,1
333,1,603.8049,588.5656,39.3369,23.0072,1.000000,1,0
333,2,542.6905,540.4742,306.8789,83.6654,1.000000,0,1
333,3,683.4315,589.6406,42.2085,20.0968,1.000000,1,0
333,4,52.6994,584.0591,164.8278,20.6292,1.000000,0,1
333,5,270.2296,584.7603,105.1463,15.3111,1.000000,0,1
333,6,836.0804,550.8683,629.0642,83.9022,1.000000,0,1
334,1,603.2910,588.5284,39.3335,23.0007,1.000000,1,0
334,2,543.0590,540.5712,306.8962,83.6676,1.000000,0,1
334,3,682.8688,589.5958,42.2005,20.0908,1.000000,1,0
334,4,53.1028,584.0883,164.8409,20.6350,1.000000,0,1
334,5,270.7845,584.7711,105.1497,15.3132,1.000000,0,1
334,6,835.3562,551.0297,628.7346,83.8935,1.000000,0,1
335,1,602.7772,588.4875,39.3300,22.9939,1.000000,1,0
335,2,543.4269,540.6667,306.9136,83.6696,1.000000,0,1
335,3,682.3064,589.5455,42.1924,20.0846,1.000000,1,0
335,4,53.5047,584.1179,164.8542,20.6408,1.000000,0,1
335,5,271.3421,584.7823,105.1527,15.3152,1.000000,0,1
335,6,834.6324,551.1923,628.4036,83.8845,1.000000,0,1
336,1,602.2639,588.4449,39.3265,22.9870,1.000000,1,0
336,2,543.7943,540.7601,306.9310,83.6717,1.000000,0,1
336,3,681.7443,589.4922,42.1842,20.0782,1.000000,1,0
336,4,53.9064,584.1467,164.8674,20.6466,1.000000,0,1
336,5,271.9024,584.7933,105.1554,15.3172,1.000000,0,1
336,6,833.9091,551.3550,628.0704,83.8754,1.000000,0,1
337,1,601.7518,588.4019,39.3229,22.9801,1.000000,1,0
337,2,544.1616,540.8511,306.9481,83.6735,1.000000,0,1
337,3,681.1827,589.4380,42.1762,20.0717,1.000000,1,0
337,4,54.3082,584.1732,164.8808,20.6522,1.000000,0,1
337,5,272.4657,584.8033,105.1575,15.3190,1.000000,0,1
337,6,833.1860,551.5169,627.7342,83.8657,1.000000,0,1
338,1,601.2398,588.3551,39.3193,22.9730,1.000000,1,0
338,2,544.5281,540.9405,306.9653,83.6753,1.000000,0,1
338,3,680.6213,589.3789,42.1680,20.0651,1.000000,1,0
338,4,54.7102,584.1980,164.8941,20.6577,1.000000,0,1
338,5,273.0315,584.8132,105.1590,15.3208,1.000000,0,1
338,6,832.4635,551.6809,627.3971,83.8559,1.000000,0,1
339,1,600.7286,588.3069,39.3157,22.9658,1.000000,1,0
339,2,544.8939,541.0273,306.9824,83.6770,1.000000,0,1
339,3,680.0602,589.3175,42.1598,20.0584,1.000000,1,0
339,4,55.1123,584.2214,164.9077,20.6629,1.000000,0,1
339,5,273.5996,584.8224,105.1602,15.3224,1.000000,0,1
339,6,831.7413,551.8454,627.0580,83.8459,1.000000,0,1
340,1,600.2184,588.2588,39.3174,22.9588,1.000000,1,0
340,2,545.2592,541.1116,306.9998,83.6786,1.000000,0,1
340,3,679.4996,589.2555,42.1517,20.0518,1.000000,1,0
340,4,55.5145,584.2435,164.9213,20.6681,1.000000,0,1
340,5,274.1703,584.8297,105.1608,15.3239,1.000000,0,1
340,6,831.0190,552.0084,626.7149,83.8354,1.000000,0,1
341,1,599.7081,588.2070,39.3196,22.9516,1.000000,1,0
341,2,545.6239,541.1942,307.0176,83.6803,1.000000,0.0625,0.9375
341,3,678.9389,589.1887,42.1435,20.0448,1.000000,1,0
341,4,55.9169,584.2650,164.9348,20.6733,1.000000,0,1
341,5,274.7437,584.8356,105.1611,15.3252,1.000000,0,1
341,6,830.2966,552.1731,626.3708,83.8246,1.000000,0,1
342,1,599.1984,588.1544,39.3220,22.9444,1.000000,1,0
342,2,545.9880,541.2750,307.0356,83.6821,1.000000,0,1
342,3,678.3785,589.1199,42.1353,20.0378,1.000000,1,0
342,4,56.3190,584.2857,164.9483,20.6784,1.000000,0,1
342,5,275.3197,584.8397,105.1609,15.3264,1.000000,0,1
342,6,829.5745,552.3378,626.0247,83.8136,1.000000,0,1
343,1,598.6899,588.1029,39.3243,22.9373,1.000000,1,0
343,2,546.3519,541.3532,307.0541,83.6837,1.000000,0.0625,0.9375
343,3,677.8186,589.0515,42.1271,20.0308,1.000000,1,0
343,4,56.7207,584.3059,164.9622,20.6834,1.000000,0,1
343,5,275.8985,584.8412,105.1605,15.3274,1.000000,0,1
343,6,828.8518,552.5007,625.6752,83.8021,1.000000,0,1
344,1,598.1812,588.0482,39.3266,22.9301,1.000000,1,0
344,2,546.7156,541.4290,307.0729,83.6854,1.000000,0,1
344,3,677.2582,588.9785,42.1189,20.0236,1.000000,1,0
344,4,57.1224,584.3264,164.9758,20.6886,1.000000,0,1
344,5,276.4797,584.8409,105.1596,15.3283,1.000000,0,1
344,6,828.1294,552.6652,625.3250,83.7906,1.000000,0,1
345,1,597.6729,587.9930,39.3292,22.9229,1.000000,1,0
345,2,547.0788,541.5027,307.0921,83.6871,1.000000,0,1
345,3,676.6978,588.9039,42.1108,20.0164,1.000000,1,0
345,4,57.5239,584.3470,164.9898,20.6936,1.000000,0,1
345,5,277.0630,584.8386,105.1585,15.3290,1.000000,0,1
345,6,827.4071,552.8295,624.9718,83.7786,1.000000,0,1
346,1,597.1656,587.9396,39.3317,22.9160,1.000000,1,0
346,2,547.4417,541.5743,307.1119,83.6890,1.000000,0.0625,0.9375
346,3,676.1376,588.8305,42.1027,20.0092,1.000000,1,0
346,4,57.9253,584.3677,165.0035,20.6988,1.000000,0,1
346,5,277.6483,584.8337,105.1571,15.3295,1.000000,0,1
346,6,826.6841,552.9927,624.6157,83.7661,1.000000,0,1
347,1,596.6578,587.8835,39.3344,22.9089,1.000000,1,0
347,2,547.8041,541.6439,307.1321,83.6908,1.000000,0,1
347,3,675.5758,588.7530,42.0946,20.0020,1.000000,1,0
347,4,58.3266,584.3893,165.0173,20.7039,1.000000,0,1
347,5,278.2355,584.8270,105.1555,15.3299,1.000000,0,1
347,6,825.9609,553.1582,624.2581,83.7537,1.000000,0,1
348,1,596.1503,587.8275,39.3372,22.9019,1.000000,1,0
348,2,548.1663,541.7120,307.1529,83.6928,1.000000,0.0625,0.9375
348,3,675.0133,588.6747,42.0866,19.9947,1.000000,1,0
348,4,58.7283,584.4113,165.0309,20.7092,1.000000,0,1
348,5,278.8237,584.8182,105.1538,15.3302,1.000000,0,1
348,6,825.2371,553.3240,623.8977,83.7407,1.000000,0,1
349,1,595.6434,587.7739,39.3402,22.8952,1.000000,1,0
349,2,548.5276,541.7784,307.1746,83.6949,1.000000,0.0625,0.9375
349,3,674.4502,588.5981,42.0787,19.9875,1.000000,1,0
349,4,59.1299,584.4334,165.0448,20.7144,1.000000,0,1
349,5,279.4126,584.8071,105.1521,15.3303,1.000000,0,1
349,6,824.5123,553.4861,623.5336,83.7272,1.000000,0,1
350,1,595.1360,587.7175,39.3431,22.8883,1.000000,1,0
350,2,548.8879,541.8433,307.1971,83.6972,1.000000,0,1
350,3,673.8855,588.5182,42.0708,19.9803,1.000000,1,0
350,4,59.5326,584.4562,165.0582,20.7197,1.000000,0,1
350,5,280.0021,584.7946,105.1502,15.3304,1.000000,0,1
350,6,823.7883,553.6496,623.1678,83.7135,1.000000,0,1
351,1,594.6289,587.6613,39.3463,22.8816,1.000000,1,0
351,2,549.2476,541.9068,307.2206,83.6997,1.000000,0.0625,0.9375
351,3,673.3203,588.4379,42.0629,19.9730,1.000000,1,0
351,4,59.9365,584.4796,165.0715,20.7250,1.000000,0,1
351,5,280.5920,584.7803,105.1485,15.3302,1.000000,0,1
351,6,823.0646,553.8127,622.8008,83.6995,1.000000,0,1
352,1,594.1224,587.6077,39.3496,22.8750,1.000000,1,0
352,2,549.6068,541.9688,307.2450,83.7024,1.000000,0.0625,0.9375
352,3,672.7551,588.3597,42.0551,19.9658,1.000000,1,0
352,4,60.3415,584.5038,165.0847,20.7303,1.000000,0,1
352,5,281.1820,584.7634,105.1467,15.3301,1.000000,0,1
352,6,822.3416,553.9733,622.4304,83.6850,1.000000,0,1
353,1,593.6154,587.5530,39.3531,22.8686,1.000000,1,0
353,2,549.9648,542.0297,307.2706,83.7054,1.000000,0,1
353,3,672.1888,588.2787,42.0474,19.9586,1.000000,1,0
353,4,60.7482,584.5291,165.0973,20.7358,1.000000,0,1
353,5,281.7722,584.7449,105.1452,15.3298,1.000000,0,1
353,6,821.6195,554.1343,622.0580,83.6702,1.000000,0,1
354,1,593.1084,587.4991,39.3567,22.8622,1.000000,1,0
354,2,550.3221,542.0895,307.2972,83.7087,1.000000,0,1
354,3,671.6222,588.1978,42.0396,19.9513,1.000000,1,0
354,4,61.1561,584.5553,165.1101,20.7413,1.000000,0,1
354,5,282.3626,584.7245,105.1435,15.3294,1.000000,0,1
354,6,820.8979,554.2937,621.6832,83.6548,1.000000,0,1
355,1,592.6020,587.4475,39.3605,22.8560,1.000000,1,0
355,2,550.6786,542.1486,307.3252,83.7122,1.000000,0,1
355,3,671.0556,588.1195,42.0321,19.9442,1.000000,1,0
355,4,61.5658,584.5820,165.1222,20.7468,1.000000,0,1
355,5,282.9530,584.7023,105.1419,15.3290,1.000000,0,1
355,6,820.1765,554.4496,621.3048,83.6389,1.000000,0,1
356,1,592.0950,587.3954,39.3644,22.8500,1.000000,1,0
356,2,551.0339,542.2070,307.3542,83.7162,1.000000,0.125,0.875
356,3,670.4879,588.0392,42.0244,19.9371,1.000000,1,0
356,4,61.9778,584.6096,165.1338,20.7523,1.000000,0,1
356,5,283.5437,584.6790,105.1406,15.3285,1.000000,0,1
356,6,819.4548,554.6047,620.9236,83.6225,1.000000,0,1
357,1,591.5879,587.3451,39.3685,22.8440,1.000000,1,0
357,2,551.3885,542.2640,307.3843,83.7203,1.000000,0.0625,0.9375
357,3,669.9198,587.9594,42.0170,19.9300,1.000000,1,0
357,4,62.3918,584.6376,165.1447,20.7577,1.000000,0,1
357,5,284.1344,584.6547,105.1393,15.3280,1.000000,0,1
357,6,818.7322,554.7573,620.5390,83.6055,1.000000,0,1
358,1,591.0812,587.2980,39.3727,22.8383,1.000000,1,0
358,2,551.7427,542.3198,307.4156,83.7247,1.000000,0.0625,0.9375
358,3,669.3518,587.8828,42.0096,19.9231,1.000000,1,0
358,4,62.8079,584.6654,165.1551,20.7631,1.000000,0,1
358,5,284.7249,584.6298,105.1382,15.3274,1.000000,0,1
358,6,818.0090,554.9057,620.1484,83.5877,1.000000,0,1
359,1,590.5737,587.2512,39.3771,22.8327,1.000000,1,0
359,2,552.0958,542.3757,307.4483,83.7295,1.000000,0,1
359,3,668.7826,587.8052,42.0023,19.9162,1.000000,1,0
359,4,63.2267,584.6935,165.1649,20.7684,1.000000,0,1
359,5,285.3155,584.6044,105.1371,15.3268,1.000000,0,1
359,6,817.2856,555.0538,619.7554,83.5694,1.000000,0,1
360,1,590.0660,587.2064,39.3817,22.8273,1.000000,1,0
360,2,552.4479,542.4316,307.4821,83.7346,1.000000,0,1
360,3,668.2130,587.7291,41.9951,19.9094,1.000000,1,0
360,4,63.6480,584.7216,165.1739,20.7737,1.000000,0,1
360,5,285.9060,584.5781,105.1361,15.3263,1.000000,0,1
360,6,816.5624,555.1993,619.3593,83.5507,1.000000,0,1
361,1,589.5583,587.1653,39.3865,22.8221,1.000000,1,0
361,2,552.7991,542.4869,307.5170,83.7401,1.000000,0.1875,0.8125
361,3,667.6437,587.6567,41.9879,19.9027,1.000000,1,0
361,4,64.0720,584.7494,165.1822,20.7788,1.000000,0,1
361,5,286.4967,584.5515,105.1350,15.3256,1.000000,0,1
361,6,815.8394,555.3403,618.9592,83.5311,1.000000,0,1
362,1,589.0496,587.1257,39.3914,22.8170,1.000000,1,0
362,2,553.1490,542.5422,307.5532,83.7459,1.000000,0,1
362,3,667.0732,587.5840,41.9807,19.8961,1.000000,1,0
362,4,64.4995,584.7770,165.1894,20.7838,1.000000,0,1
362,5,287.0878,584.5248,105.1339,15.3250,1.000000,0,1
362,6,815.1160,555.4795,618.5559,83.5110,1.000000,0,1
363,1,588.5403,587.0889,39.3964,22.8122,1.000000,1,0
363,2,553.4982,542.5964,307.5906,83.7520,1.000000,0,1
363,3,666.5024,587.5131,41.9736,19.8895,1.000000,1,0
363,4,64.9295,584.8043,165.1962,20.7887,1.000000,0,1
363,5,287.6790,584.4979,105.1328,15.3243,1.000000,0,1
363,6,814.3922,555.6155,618.1487,83.4902,1.000000,0,1
364,1,588.0308,587.0561,39.4016,22.8075,1.000000,1,0
364,2,553.8467,542.6490,307.6290,83.7583,1.000000,0.125,0.875
364,3,665.9323,587.4461,41.9666,19.8832,1.000000,1,0
364,4,65.3619,584.8312,165.2022,20.7935,1.000000,0,1
364,5,288.2700,584.4705,105.1316,15.3236,1.000000,0,1
364,6,813.6688,555.7477,617.7365,83.4686,1.000000,0,1
365,1,587.5198,587.0256,39.4070,22.8031,1.000000,1,0
365,2,554.1938,542.7013,307.6687,83.7650,1.000000,0.0625,0.9375
365,3,665.3616,587.3792,41.9596,19.8769,1.000000,1,0
365,4,65.7977,584.8577,165.2074,20.7982,1.000000,0,1
365,5,288.8617,584.4430,105.1303,15.3228,1.000000,0,1
365,6,812.9453,555.8773,617.3221,83.4465,1.000000,0,1
366,1,587.0082,586.9981,39.4125,22.7988,1.000000,1,0
366,2,554.5403,542.7523,307.7094,83.7719,1.000000,0.1875,0.8125
366,3,664.7911,587.3142,41.9526,19.8707,1.000000,1,0
366,4,66.2363,584.8832,165.2120,20.8026,1.000000,0,1
366,5,289.4535,584.4148,105.1289,15.3221,1.000000,0,1
366,6,812.2223,556.0034,616.9036,83.4237,1.000000,0,1
367,1,586.4963,586.9744,39.4180,22.7947,1.000000,1,0
367,2,554.8862,542.8018,307.7513,83.7791,1.000000,0.0625,0.9375
367,3,664.2212,587.2537,41.9459,19.8647,1.000000,1,0
367,4,66.6784,584.9077,165.2159,20.8069,1.000000,0,1
367,5,290.0458,584.3862,105.1273,15.3213,1.000000,0,1
367,6,811.4993,556.1240,616.4818,83.4002,1.000000,0,1
368,1,585.9832,586.9536,39.4237,22.7908,1.000000,1,0
368,2,555.2308,542.8508,307.7942,83.7865,1.000000,0.0625,0.9375
368,3,663.6508,587.1940,41.9391,19.8588,1.000000,1,0
368,4,67.1240,584.9323,165.2190,20.8111,1.000000,0,1
368,5,290.6394,584.3569,105.1256,15.3204,1.000000,0,1
368,6,810.7769,556.2413,616.0573,83.3761,1.000000,0,1
369,1,585.4692,586.9358,39.4295,22.7871,1.000000,1,0
369,2,555.5749,542.8987,307.8381,83.7941,1.000000,0,1
369,3,663.0807,587.1367,41.9324,19.8530,1.000000,1,0
369,4,67.5719,584.9570,165.2214,20.8153,1.000000,0,1
369,5,291.2341,584.3268,105.1235,15.3194,1.000000,0,1
369,6,810.0548,556.3540,615.6298,83.3514,1.000000,0,1
370,1,584.9549,586.9214,39.4353,22.7835,1.000000,1,0
370,2,555.9183,542.9446,307.8832,83.8021,1.000000,0.0625,0.9375
370,3,662.5114,587.0835,41.9258,19.8473,1.000000,1,0
370,4,68.0220,584.9812,165.2232,20.8193,1.000000,0,1
370,5,291.8294,584.2959,105.1214,15.3184,1.000000,0,1
370,6,809.3334,556.4611,615.1997,83.3261,1.000000,0,1
371,1,584.4393,586.9099,39.4413,22.7801,1.000000,1,0
371,2,556.2609,542.9890,307.9294,83.8103,1.000000,0.0625,0.9375
371,3,661.9416,587.0315,41.9193,19.8418,1.000000,1,0
371,4,68.4742,585.0051,165.2246,20.8232,1.000000,0,1
371,5,292.4260,584.2647,105.1188,15.3173,1.000000,0,1
371,6,808.6121,556.5641,614.7681,83.3003,1.000000,0,1
372,1,583.9231,586.9012,39.4473,22.7768,1.000000,1,0
372,2,556.6028,543.0322,307.9766,83.8188,1.000000,0.125,0.875
372,3,661.3720,586.9824,41.9128,19.8365,1.000000,1,0
372,4,68.9283,585.0281,165.2253,20.8271,1.000000,0,1
372,5,293.0234,584.2334,105.1162,15.3162,1.000000,0,1
372,6,807.8910,556.6627,614.3348,83.2741,1.000000,0,1
373,1,583.4067,586.8956,39.4533,22.7736,1.000000,1,0
373,2,556.9440,543.0741,308.0249,83.8274,1.000000,0.0625,0.9375
373,3,660.8033,586.9373,41.9062,19.8312,1.000000,1,0
373,4,69.3839,585.0499,165.2255,20.8306,1.000000,0,1
373,5,293.6209,584.2018,105.1133,15.3150,1.000000,0,1
373,6,807.1696,556.7556,613.8986,83.2472,1.000000,0,1
374,1,582.8893,586.8925,39.4595,22.7706,1.000000,1,0
374,2,557.2841,543.1138,308.0739,83.8361,1.000000,0.125,0.875
374,3,660.2346,586.8940,41.8997,19.8261,1.000000,1,0
374,4,69.8414,585.0710,165.2252,20.8341,1.000000,0,1
374,5,294.2188,584.1689,105.1103,15.3137,1.000000,0,1
374,6,806.4472,556.8423,613.4590,83.2197,1.000000,0,1
375,1,582.3718,586.8915,39.4655,22.7677,1.000000,1,0
375,2,557.6238,543.1516,308.1234,83.8450,1.000000,0,1
375,3,659.6666,586.8536,41.8932,19.8209,1.000000,1,0
375,4,70.3008,585.0912,165.2243,20.8374,1.000000,0,1
375,5,294.8169,584.1349,105.1069,15.3123,1.000000,0,1
375,6,805.7247,556.9233,613.0165,83.1914,1.000000,0,1
376,1,581.8542,586.8926,39.4717,22.7649,1.000000,1,0
376,2,557.9630,543.1875,308.1738,83.8540,1.000000,0.125,0.875
376,3,659.0997,586.8165,41.8866,19.8160,1.000000,1,0
376,4,70.7620,585.1098,165.2230,20.8405,1.000000,0,1
376,5,295.4145,584.0996,105.1035,15.3109,1.000000,0,1
376,6,805.0022,556.9976,612.5723,83.1626,1.000000,0,1
377,1,581.3364,586.8960,39.4780,22.7622,1.000000,1,0
377,2,558.3011,543.2224,308.2245,83.8631,1.000000,0.125,0.875
377,3,658.5331,586.7811,41.8801,19.8111,1.000000,1,0
377,4,71.2252,585.1270,165.2210,20.8434,1.000000,0,1
377,5,296.0117,584.0625,105.0999,15.3093,1.000000,0,1
377,6,804.2805,557.0652,612.1264,83.1333,1.000000,0,1
378,1,580.8184,586.9010,39.4841,22.7595,1.000000,1,0
378,2,558.6390,543.2555,308.2756,83.8722,1.000000,0.125,0.875
378,3,657.9674,586.7482,41.8735,19.8064,1.000000,1,0
378,4,71.6904,585.1426,165.2186,20.8462,1.000000,0,1
378,5,296.6083,584.0237,105.0963,15.3076,1.000000,0,1
378,6,803.5592,557.1262,611.6787,83.1034,1.000000,0,1
379,1,580.3004,586.9075,39.4904,22.7570,1.000000,1,0
379,2,558.9771,543.2861,308.3273,83.8814,1.000000,0.0625,0.9375
379,3,657.4030,586.7184,41.8671,19.8017,1.000000,1,0
379,4,72.1576,585.1560,165.2158,20.8486,1.000000,0,1
379,5,297.2039,583.9835,105.0927,15.3059,1.000000,0,1
379,6,802.8383,557.1810,611.2301,83.0731,1.000000,0,1
380,1,579.7822,586.9158,39.4967,22.7545,1.000000,1,0
380,2,559.3158,543.3142,308.3788,83.8904,1.000000,0.1875,0.8125
380,3,656.8391,586.6898,41.8604,19.7971,1.000000,1,0
380,4,72.6278,585.1678,165.2121,20.8508,1.000000,0,1
380,5,297.7981,583.9414,105.0892,15.3040,1.000000,0,1
380,6,802.1185,557.2291,610.7805,83.0422,1.000000,0,1
381,1,579.2642,586.9253,39.5030,22.7520,1.000000,1,0
381,2,559.6555,543.3403,308.4304,83.8992,1.000000,0.0625,0.9375
381,3,656.2760,586.6631,41.8539,19.7926,1.000000,1,0
381,4,73.1002,585.1779,165.2077,20.8528,1.000000,0,1
381,5,298.3908,583.8978,105.0859,15.3020,1.000000,0,1
381,6,801.3995,557.2698,610.3304,83.0110,1.000000,0,1
382,1,578.7464,586.9360,39.5093,22.7496,1.000000,1,0
382,2,559.9958,543.3650,308.4814,83.9079,1.000000,0.0625,0.9375
382,3,655.7142,586.6393,41.8475,19.7882,1.000000,1,0
382,4,73.5748,585.1862,165.2029,20.8545,1.000000,0,1
382,5,298.9816,583.8530,105.0829,15.3001,1.000000,0,1
382,6,800.6816,557.3020,609.8789,82.9791,1.000000,0,1
383,1,578.2288,586.9486,39.5156,22.7473,1.000000,1,0
383,2,560.3373,543.3875,308.5317,83.9163,1.000000,0.0625,0.9375
383,3,655.1529,586.6170,41.8410,19.7839,1.000000,1,0
383,4,74.0526,585.1922,165.1973,20.8559,1.000000,0,1
383,5,299.5710,583.8060,105.0799,15.2980,1.000000,0,1
383,6,799.9640,557.3267,609.4266,82.9467,1.000000,0,1
384,1,577.7117,586.9626,39.5219,22.7451,1.000000,1,0
384,2,560.6803,543.4084,308.5812,83.9243,1.000000,0,1
384,3,654.5923,586.5966,41.8347,19.7797,1.000000,1,0
384,4,74.5332,585.1960,165.1911,20.8571,1.000000,0,1
384,5,300.1589,583.7579,105.0772,15.2960,1.000000,0,1
384,6,799.2474,557.3442,608.9734,82.9139,1.000000,0,1
385,1,577.1950,586.9774,39.5283,22.7429,1.000000,1,0
385,2,561.0249,543.4280,308.6296,83.9320,1.000000,0.0625,0.9375
385,3,654.0327,586.5786,41.8285,19.7757,1.000000,1,0
385,4,75.0163,585.1983,165.1840,20.8580,1.000000,0,1
385,5,300.7448,583.7097,105.0749,15.2939,1.000000,0,1
385,6,798.5318,557.3544,608.5214,82.8808,1.000000,0,1
386,1,576.6788,586.9935,39.5346,22.7408,1.000000,0.9375,0.0625
386,2,561.3719,543.4455,308.6766,83.9391,1.000000,0.125,0.875
386,3,653.4739,586.5620,41.8223,19.7717,1.000000,1,0
386,4,75.5020,585.1984,165.1762,20.8586,1.000000,0,1
386,5,301.3291,583.6595,105.0728,15.2917,1.000000,0,1
386,6,797.8170,557.3548,608.0680,82.8470,1.000000,0,1
387,1,576.1630,587.0101,39.5409,22.7387,1.000000,1,0
387,2,561.7208,543.4614,308.7225,83.9459,1.000000,0,1
387,3,652.9163,586.5469,41.8162,19.7679,1.000000,1,0
387,4,75.9901,585.1965,165.1677,20.8589,1.000000,0,1
387,5,301.9117,583.6089,105.0709,15.2897,1.000000,0,1
387,6,797.1028,557.3469,607.6143,82.8129,1.000000,0,1
388,1,575.6476,587.0265,39.5472,22.7366,1.000000,1,0
388,2,562.0716,543.4757,308.7670,83.9521,1.000000,0.0625,0.9375
388,3,652.3597,586.5336,41.8102,19.7642,1.000000,1,0
388,4,76.4806,585.1921,165.1585,20.8589,1.000000,0,1
388,5,302.4926,583.5587,105.0694,15.2876,1.000000,0,1
388,6,796.3896,557.3314,607.1616,82.7785,1.000000,0,1
389,1,575.1327,587.0436,39.5535,22.7346,1.000000,0.9375,0.0625
389,2,562.4253,543.4880,308.8093,83.9576,1.000000,0.125,0.875
389,3,651.8040,586.5212,41.8044,19.7605,1.000000,1,0
389,4,76.9739,585.1846,165.1486,20.8585,1.000000,0,1
389,5,303.0714,583.5079,105.0681,15.2856,1.000000,0,1
389,6,795.6768,557.3056,606.7083,82.7435,1.000000,0,1
390,1,574.6180,587.0604,39.5599,22.7325,1.000000,1,0
390,2,562.7813,543.4986,308.8501,83.9626,1.000000,0.125,0.875
390,3,651.2487,586.5100,41.7986,19.7570,1.000000,1,0
390,4,77.4694,585.1741,165.1380,20.8578,1.000000,0,1
390,5,303.6487,583.4575,105.0672,15.2836,1.000000,0,1
390,6,794.9645,557.2706,606.2545,82.7081,1.000000,0,1
391,1,574.1036,587.0760,39.5663,22.7304,1.000000,1,0
391,2,563.1395,543.5076,308.8890,83.9669,1.000000,0,1
391,3,650.6935,586.5001,41.7930,19.7535,1.000000,1,0
391,4,77.9667,585.1602,165.1270,20.8567,1.000000,0,1
391,5,304.2240,583.4084,105.0666,15.2817,1.000000,0,1
391,6,794.2530,557.2277,605.8012,82.6723,1.000000,0,1
392,1,573.5895,587.0913,39.5725,22.7282,1.000000,1,0
392,2,563.4999,543.5140,308.9260,83.9706,1.000000,0.125,0.875
392,3,650.1385,586.4912,41.7873,19.7501,1.000000,1,0
392,4,78.4667,585.1425,165.1151,20.8552,1.000000,0,1
392,5,304.7979,583.3593,105.0662,15.2800,1.000000,0,1
392,6,793.5422,557.1757,605.3488,82.6361,1.000000,0,1
393,1,573.0757,587.1054,39.5788,22.7260,1.000000,1,0
393,2,563.8622,543.5181,308.9613,83.9737,1.000000,0.0625,0.9375
393,3,649.5834,586.4836,41.7819,19.7468,1.000000,1,0
393,4,78.9689,585.1210,165.1027,20.8532,1.000000,0,1
393,5,305.3702,583.3112,105.0662,15.2782,1.000000,0,1
393,6,792.8326,557.1165,604.8969,82.5997,1.000000,0,1
394,1,572.5623,587.1177,39.5850,22.7238,1.000000,0.9375,0.0625
394,2,564.2266,543.5205,308.9949,83.9762,1.000000,0.125,0.875
394,3,649.0282,586.4773,41.7763,19.7437,1.000000,1,0
394,4,79.4721,585.0961,165.0899,20.8509,1.000000,0,1
394,5,305.9407,583.2650,105.0665,15.2767,1.000000,0,1
394,6,792.1245,557.0511,604.4470,82.5633,1.000000,0,1
395,1,572.0493,587.1283,39.5913,22.7214,1.000000,0.9375,0.0625
395,2,564.5936,543.5192,309.0263,83.9779,1.000000,0,1
395,3,648.4724,586.4726,41.7709,19.7405,1.000000,1,0
395,4,79.9766,585.0677,165.0768,20.8481,1.000000,0,1
395,5,306.5103,583.2194,105.0670,15.2752,1.000000,0,1
395,6,791.4173,556.9769,603.9954,82.5261,1.000000,0,1
396,1,571.5367,587.1369,39.5974,22.7190,1.000000,0.9375,0.0625
396,2,564.9624,543.5147,309.0558,83.9789,1.000000,0,1
396,3,647.9166,586.4691,41.7654,19.7374,1.000000,1,0
396,4,80.4821,585.0360,165.0632,20.8450,1.000000,0,1
396,5,307.0789,583.1750,105.0678,15.2738,1.000000,0,1
396,6,790.7114,556.8968,603.5438,82.4887,1.000000,0,1
397,1,571.0245,587.1425,39.6036,22.7164,1.000000,0.875,0.125
397,2,565.3326,543.5079,309.0836,83.9793,1.000000,0.0625,0.9375
397,3,647.3602,586.4664,41.7599,19.7343,1.000000,1,0
397,4,80.9884,585.0010,165.0494,20.8416,1.000000,0,1
397,5,307.6456,583.1328,105.0692,15.2725,1.000000,0,1
397,6,790.0067,556.8124,603.0937,82.4512,1.000000,0,1
398,1,570.5128,587.1454,39.6097,22.7138,1.000000,0.9375,0.0625
398,2,565.7048,543.4967,309.1100,83.9791,1.000000,0.0625,0.9375
398,3,646.8030,586.4651,41.7544,19.7313,1.000000,1,0
398,4,81.4945,584.9623,165.0354,20.8377,1.000000,0,1
398,5,308.2112,583.0916,105.0708,15.2715,1.000000,0,1
398,6,789.3032,556.7214,602.6432,82.4133,1.000000,0,1
399,1,570.0018,587.1456,39.6157,22.7109,1.000000,0.9375,0.0625
399,2,566.0784,543.4814,309.1352,83.9785,1.000000,0.125,0.875
399,3,646.2452,586.4643,41.7488,19.7283,1.000000,1,0
399,4,82.0002,584.9207,165.0211,20.8337,1.000000,0,1
399,5,308.7755,583.0522,105.0728,15.2705,1.000000,0,1
399,6,788.6006,556.6256,602.1936,82.3752,1.000000,0,1
400,1,569.4913,587.1421,39.6216,22.7079,1.000000,0.75,0.25
400,2,566.4531,543.4624,309.1588,83.9771,1.000000,0.1875,0.8125
400,3,645.6870,586.4635,41.7432,19.7251,1.000000,1,0
400,4,82.5048,584.8762,165.0069,20.8293,1.000000,0,1
400,5,309.3386,583.0152,105.0750,15.2698,1.000000,0,1
400,6,787.8986,556.5257,601.7449,82.3370,1.000000,0,1
401,1,568.9811,587.1342,39.6276,22.7047,1.000000,0.875,0.125
401,2,566.8293,543.4381,309.1813,83.9753,1.000000,0,1
401,3,645.1281,586.4630,41.7374,19.7220,1.000000,1,0
401,4,83.0100,584.8270,164.9923,20.8244,1.000000,0,1
401,5,309.8994,582.9796,105.0779,15.2692,1.000000,0,1
401,6,787.1975,556.4216,601.2957,82.2986,1.000000,0,1
402,1,568.4714,587.1222,39.6333,22.7012,1.000000,0.6875,0.3125
402,2,567.2063,543.4091,309.2028,83.9728,1.000000,0.125,0.875
402,3,644.5690,586.4617,41.7316,19.7188,1.000000,1,0
402,4,83.5151,584.7743,164.9777,20.8192,1.000000,0,1
402,5,310.4585,582.9457,105.0810,15.2687,1.000000,0,1
402,6,786.4973,556.3152,600.8467,82.2601,1.000000,0,1
403,1,567.9625,587.1061,39.6389,22.6976,1.000000,0.9375,0.0625
403,2,567.5836,543.3757,309.2228,83.9699,1.000000,0.0625,0.9375
403,3,644.0096,586.4587,41.7258,19.7156,1.000000,1,0
403,4,84.0196,584.7190,164.9632,20.8138,1.000000,0,1
403,5,311.0161,582.9142,105.0846,15.2684,1.000000,0,1
403,6,785.7978,556.2080,600.3983,82.2215,1.000000,0,1
404,1,567.4537,587.0850,39.6446,22.6937,1.000000,0.875,0.125
404,2,567.9609,543.3364,309.2421,83.9664,1.000000,0.25,0.75
404,3,643.4498,586.4548,41.7200,19.7123,1.000000,1,0
404,4,84.5239,584.6600,164.9487,20.8080,1.000000,0,1
404,5,311.5718,582.8840,105.0887,15.2683,1.000000,0,1
404,6,785.0982,556.0984,599.9484,82.1826,1.000000,0,1
405,1,566.9455,587.0596,39.6501,22.6897,1.000000,0.625,0.375
405,2,568.3383,543.2925,309.2604,83.9625,1.000000,0.3125,0.6875
405,3,642.8900,586.4492,41.7141,19.7089,1.000000,1,0
405,4,85.0283,584.5989,164.9344,20.8021,1.000000,0,1
405,5,312.1260,582.8557,105.0933,15.2683,1.000000,0,1
405,6,784.3988,555.9877,599.4989,82.1436,1.000000,0,1
406,1,566.4383,587.0303,39.6556,22.6855,1.000000,0.8125,0.1875
406,2,568.7158,543.2449,309.2776,83.9582,1.000000,0.0625,0.9375
406,3,642.3302,586.4413,41.7080,19.7054,1.000000,1,0
406,4,85.5326,584.5363,164.9199,20.7960,1.000000,0,1
406,5,312.6784,582.8293,105.0984,15.2694,1.000000,0,1
406,6,783.6996,555.8774,599.0497,82.1048,1.000000,0,1
407,1,565.9316,586.9946,39.6609,22.6809,1.000000,0.9375,0.0625
407,2,569.0928,543.1907,309.2939,83.9533,1.000000,0.25,0.75
407,3,641.7699,586.4308,41.7022,19.7019,1.000000,1,0
407,4,86.0376,584.4710,164.9052,20.7896,1.000000,0,1
407,5,313.2294,582.8046,105.1040,15.2710,1.000000,0,1
407,6,782.9996,555.7657,598.6002,82.0658,1.000000,0,1
408,1,565.4258,586.9541,39.6660,22.6762,1.000000,0.5625,0.4375
408,2,569.4695,543.1310,309.3095,83.9480,1.000000,0.25,0.75
408,3,641.2097,586.4179,41.6962,19.6981,1.000000,1,0
408,4,86.5424,584.4042,164.8908,20.7831,1.000000,0,1
408,5,313.7789,582.7823,105.1101,15.2727,1.000000,0,1
408,6,782.2991,555.6538,598.1495,82.0267,1.000000,0,1
409,1,564.9210,586.9099,39.6711,22.6711,1.000000,0.625,0.375
409,2,569.8456,543.0663,309.3243,83.9423,1.000000,0.125,0.875
409,3,640.6498,586.4020,41.6904,19.6944,1.000000,1,0
409,4,87.0464,584.3368,164.8767,20.7765,1.000000,0,1
409,5,314.3271,582.7629,105.1169,15.2745,1.000000,0,1
409,6,781.5978,555.5430,597.6978,81.9875,1.000000,0,1
410,1,564.4164,586.8591,39.6761,22.6659,1.000000,0.625,0.375
410,2,570.2222,542.9949,309.3381,83.9359,1.000000,0.25,0.75
410,3,640.0898,586.3832,41.6845,19.6905,1.000000,1,0
410,4,87.5510,584.2675,164.8624,20.7698,1.000000,0,1
410,5,314.8745,582.7462,105.1239,15.2763,1.000000,0,1
410,6,780.8954,555.4300,597.2436,81.9479,1.000000,0,1
411,1,563.9125,586.8038,39.6810,22.6604,1.000000,0.375,0.625
411,2,570.5991,542.9177,309.3508,83.9291,1.000000,0.1875,0.8125
411,3,639.5255,586.3618,41.6832,19.6865,1.000000,1,0
411,4,88.0555,584.1972,164.8482,20.7630,1.000000,0,1
411,5,315.4210,582.7325,105.1315,15.2783,1.000000,0,1
411,6,780.1926,555.3158,596.7892,81.9082,1.000000,0,1
412,1,563.4100,586.7451,39.6859,22.6548,1.000000,0.5625,0.4375
412,2,570.9760,542.8351,309.3628,83.9218,1.000000,0.1875,0.8125
412,3,638.9611,586.3378,41.6829,19.6824,1.000000,1,0
412,4,88.5606,584.1261,164.8338,20.7562,1.000000,0,1
412,5,315.9668,582.7220,105.1396,15.2804,1.000000,0,1
412,6,779.4897,555.2007,596.3361,81.8686,1.000000,0,1
413,1,562.9073,586.6797,39.6906,22.6488,1.000000,0.625,0.375
413,2,571.3535,542.7461,309.3737,83.9139,1.000000,0.125,0.875
413,3,638.3972,586.3098,41.6827,19.6783,1.000000,1,0
413,4,89.0653,584.0537,164.8196,20.7491,1.000000,0,1
413,5,316.5129,582.7144,105.1479,15.2825,1.000000,0,1
413,6,778.7861,555.0819,595.8824,81.8288,1.000000,0,1
414,1,562.4052,586.6105,39.6953,22.6427,1.000000,0.375,0.625
414,2,571.7311,542.6521,309.3839,83.9056,1.000000,0.25,0.75
414,3,637.8342,586.2788,41.6824,19.6740,1.000000,1,0
414,4,89.5696,583.9806,164.8053,20.7421,1.000000,0,1
414,5,317.0590,582.7098,105.1564,15.2847,1.000000,0,1
414,6,778.0823,554.9607,595.4294,81.7890,1.000000,0,1
415,1,561.9042,586.5394,39.6999,22.6365,1.000000,0.3125,0.6875
415,2,572.1085,542.5541,309.3933,83.8970,1.000000,0.1875,0.8125
415,3,637.2726,586.2451,41.6824,19.6696,1.000000,1,0
415,4,90.0732,583.9066,164.7911,20.7349,1.000000,0,1
415,5,317.6053,582.7084,105.1653,15.2870,1.000000,0,1
415,6,777.3781,554.8368,594.9769,81.7491,1.000000,0,1
416,1,561.4028,586.4621,39.7045,22.6301,1.000000,0.3125,0.6875
416,2,572.4860,542.4502,309.4014,83.8877,1.000000,0.125,0.875
416,3,636.7115,586.2073,41.6824,19.6652,1.000000,1,0
416,4,90.5776,583.8294,164.7767,20.7274,1.000000,0,1
416,5,318.1523,582.7102,105.1744,15.2893,1.000000,0,1
416,6,776.6730,554.7068,594.5238,81.7089,1.000000,0,1
417,1,560.9017,586.3817,39.7091,22.6234,1.000000,0.375,0.625
417,2,572.8637,542.3419,309.4088,83.8781,1.000000,0,1
417,3,636.1511,586.1666,41.6826,19.6608,1.000000,1,0
417,4,91.0822,583.7500,164.7623,20.7198,1.000000,0,1
417,5,318.7003,582.7150,105.1835,15.2916,1.000000,0,1
417,6,775.9675,554.5724,594.0715,81.6686,1.000000,0,1
418,1,560.4017,586.3004,39.7136,22.6169,1.000000,0.3125,0.6875
418,2,573.2409,542.2305,309.4155,83.8681,1.000000,0.1875,0.8125
418,3,635.5914,586.1243,41.6827,19.6563,1.000000,1,0
418,4,91.5865,583.6689,164.7480,20.7120,1.000000,0,1
418,5,319.2494,582.7228,105.1927,15.2940,1.000000,0,1
418,6,775.2619,554.4344,593.6207,81.6284,1.000000,0,1
419,1,559.9008,586.2137,39.7181,22.6100,1.000000,0.4375,0.5625
419,2,573.6182,542.1141,309.4212,83.8576,1.000000,0.1875,0.8125
419,3,635.0318,586.0780,41.6829,19.6517,1.000000,1,0
419,4,92.0909,583.5845,164.7338,20.7039,1.000000,0,1
419,5,319.8001,582.7333,105.2017,15.2964,1.000000,0,1
419,6,774.5550,554.2892,593.1706,81.5880,1.000000,0,1
420,1,559.4001,586.1246,39.7226,22.6031,1.000000,0.5,0.5
420,2,573.9949,541.9940,309.4265,83.8469,1.000000,0.0625,0.9375
420,3,634.4722,586.0291,41.6834,19.6471,1.000000,1,0
420,4,92.5946,583.4980,164.7197,20.6955,1.000000,0,1
420,5,320.3521,582.7462,105.2108,15.2988,1.000000,0,1
420,6,773.8474,554.1382,592.7214,81.5474,1.000000,0,1
421,1,558.9004,586.0360,39.7271,22.5962,1.000000,0.4375,0.5625
421,2,574.3709,541.8712,309.4315,83.8360,1.000000,0.375,0.625
421,3,633.9128,585.9788,41.6838,19.6424,1.000000,1,0
421,4,93.0972,583.4102,164.7059,20.6871,1.000000,0,1
421,5,320.9056,582.7607,105.2196,15.3012,1.000000,0,1
421,6,773.1395,553.9822,592.2732,81.5069,1.000000,0,1
422,1,558.3995,585.9421,39.7315,22.5890,1.000000,0.4375,0.5625
422,2,574.7466,541.7440,309.4362,83.8248,1.000000,0.125,0.875
422,3,633.3535,585.9247,41.6843,19.6375,1.000000,1,0
422,4,93.5987,583.3193,164.6924,20.6785,1.000000,0,1
422,5,321.4607,582.7772,105.2284,15.3036,1.000000,0,1
422,6,772.4310,553.8187,591.8259,81.4661,1.000000,0,1
423,1,557.8987,585.8465,39.7360,22.5818,1.000000,0.4375,0.5625
423,2,575.1218,541.6142,309.4412,83.8136,1.000000,0.25,0.75
423,3,632.7945,585.8684,41.6848,19.6326,1.000000,1,0
423,4,94.0989,583.2267,164.6793,20.6697,1.000000,0,1
423,5,322.0174,582.7950,105.2370,15.3060,1.000000,0,1
423,6,771.7225,553.6494,591.3799,81.4252,1.000000,0,1
424,1,557.3987,585.7521,39.7404,22.5746,1.000000,0.25,0.75
424,2,575.4957,541.4825,309.4468,83.8025,1.000000,0.0625,0.9375
424,3,632.2360,585.8109,41.6853,19.6278,1.000000,1,0
424,4,94.5969,583.1332,164.6665,20.6609,1.000000,0,1
424,5,322.5754,582.8134,105.2455,15.3083,1.000000,0,1
424,6,771.0145,553.4760,590.9368,81.3845,1.000000,0,1
425,1,556.8973,585.6533,39.7448,22.5672,1.000000,0.3125,0.6875
425,2,575.8692,541.3468,309.4518,83.7912,1.000000,0.375,0.625
425,3,631.6774,585.7498,41.6859,19.6227,1.000000,1,0
425,4,95.0935,583.0373,164.6542,20.6519,1.000000,0,1
425,5,323.1357,582.8324,105.2536,15.3107,1.000000,0,1
425,6,770.3060,553.2952,590.4945,81.3436,1.000000,0,1
426,1,556.3959,585.5537,39.7491,22.5598,1.000000,0.3125,0.6875
426,2,576.2415,541.2086,309.4574,83.7798,1.000000,0.125,0.875
426,3,631.1193,585.6862,41.6865,19.6177,1.000000,1,0
426,4,95.5879,582.9399,164.6422,20.6428,1.000000,0,1
426,5,323.6974,582.8512,105.2615,15.3133,1.000000,0,1
426,6,769.5978,553.1093,590.0543,81.3028,1.000000,0,1
427,1,555.8951,585.4561,39.7535,22.5525,1.000000,0.25,0.75
427,2,576.6122,541.0682,309.4639,83.7687,1.000000,0.3125,0.6875
427,3,630.5616,585.6218,41.6872,19.6126,1.000000,1,0
427,4,96.0797,582.8419,164.6310,20.6341,1.000000,0,1
427,5,324.2606,582.8691,105.2693,15.3164,1.000000,0,1
427,6,768.8903,552.9197,589.6175,81.2623,1.000000,0,1
428,1,555.3929,585.3544,39.7579,22.5450,1.000000,0.125,0.875
428,2,576.9816,540.9245,309.4712,83.7576,1.000000,0.125,0.875
428,3,630.0041,585.5532,41.6878,19.6073,1.000000,1,0
428,4,96.5688,582.7338,164.6205,20.6332,1.000000,0,1
428,5,324.8251,582.8866,105.2767,15.3195,1.000000,0,1
428,6,768.1832,552.7229,589.1835,81.2217,1.000000,0,1
429,1,554.8907,585.2524,39.7623,22.5376,1.000000,0.4375,0.5625
429,2,577.3493,540.7783,309.4799,83.7468,1.000000,0.1875,0.8125
429,3,629.4469,585.4821,41.6887,19.6020,1.000000,1,0
429,4,97.0559,582.6248,164.6104,20.6324,1.000000,0,1
429,5,325.3905,582.9035,105.2840,15.3225,1.000000,0,1
429,6,767.4768,552.5214,588.7531,81.1815,1.000000,0,1
430,1,554.3891,585.1534,39.7668,22.5303,1.000000,0.25,0.75
430,2,577.7156,540.6296,309.4896,83.7363,1.000000,0.25,0.75
430,3,628.8904,585.4102,41.6894,19.5967,1.000000,1,0
430,4,97.5403,582.5157,164.6013,20.6316,1.000000,0,1
430,5,325.9565,582.9192,105.2912,15.3254,1.000000,0,1
430,6,766.7709,552.3181,588.3270,81.1417,1.000000,0,1
431,1,553.8860,585.0512,39.7712,22.5228,1.000000,0.0625,0.9375
431,2,578.0800,540.4775,309.5007,83.7260,1.000000,0.0625,0.9375
431,3,628.3339,585.3335,41.6903,19.5913,1.000000,1,0
431,4,98.0224,582.4055,164.5929,20.6310,1.000000,0,1
431,5,326.5235,582.9335,105.2982,15.3283,1.000000,0,1
431,6,766.0643,552.1102,587.9044,81.1023,1.000000,0,1
432,1,553.3827,584.9495,39.7758,22.5154,1.000000,0.125,0.875
432,2,578.4423,540.3230,309.5135,83.7161,1.000000,0.125,0.875
432,3,627.7776,585.2545,41.6912,19.5857,1.000000,1,0
432,4,98.5019,582.2954,164.5853,20.6304,1.000000,0,1
432,5,327.0910,582.9464,105.3049,15.3310,1.000000,0,1
432,6,765.3573,551.9001,587.4863,81.0633,1.000000,0,1
433,1,552.8800,584.8514,39.7804,22.5082,1.000000,0.125,0.875
433,2,578.8029,540.1664,309.5278,83.7065,1.000000,0.1875,0.8125
433,3,627.2219,585.1754,41.6922,19.5802,1.000000,1,0
433,4,98.9785,582.1862,164.5786,20.6300,1.000000,0,1
433,5,327.6584,582.9577,105.3118,15.3337,1.000000,0,1
433,6,764.6501,551.6899,587.0729,81.0251,1.000000,0,1
434,1,552.3760,584.7505,39.7849,22.5009,1.000000,0,1
434,2,579.1610,540.0058,309.5439,83.6973,1.000000,0.3125,0.6875
434,3,626.6660,585.0917,41.6931,19.5746,1.000000,1,0
434,4,99.4526,582.0770,164.5726,20.6296,1.000000,0,1
434,5,328.2266,582.9669,105.3185,15.3361,1.000000,0,1
434,6,763.9420,551.4769,586.6640,80.9872,1.000000,0,1
435,1,551.8717,584.6508,39.7897,22.4937,1.000000,0.0625,0.9375
435,2,579.5168,539.8425,309.5622,83.6887,1.000000,0.125,0.875
435,3,626.1100,585.0060,41.6942,19.5688,1.000000,1,0
435,4,99.9239,581.9685,164.5675,20.6294,1.000000,0,1
435,5,328.7951,582.9742,105.3251,15.3386,1.000000,0,1
435,6,763.2334,551.2636,586.2590,80.9500,1.000000,0,1
436,1,551.3684,584.5551,39.7946,22.4866,1.000000,0.125,0.875
436,2,579.8702,539.6776,309.5829,83.6806,1.000000,0.3125,0.6875
436,3,625.5546,584.9203,41.6953,19.5632,1.000000,1,0
436,4,100.3923,581.8615,164.5632,20.6293,1.000000,0,1
436,5,329.3640,582.9794,105.3316,15.3408,1.000000,0,1
436,6,762.5253,551.0526,585.8580,80.9134,1.000000,0,1
437,1,550.8634,584.4579,39.7994,22.4796,1.000000,0,1
437,2,580.2213,539.5084,309.6054,83.6729,1.000000,0.0625,0.9375
437,3,624.9987,584.8305,41.6965,19.5573,1.000000,1,0
437,4,100.8581,581.7545,164.5597,20.6292,1.000000,0,1
437,5,329.9334,582.9822,105.3379,15.3429,1.000000,0,1
437,6,761.8164,550.8408,585.4633,80.8776,1.000000,0,1
438,1,550.3580,584.3627,39.8044,22.4728,1.000000,0,1
438,2,580.5704,539.3367,309.6294,83.6655,1.000000,0.1875,0.8125
438,3,624.4429,584.7394,41.6978,19.5516,1.000000,1,0
438,4,101.3212,581.6484,164.5569,20.6293,1.000000,0,1
438,5,330.5029,582.9828,105.3442,15.3449,1.000000,0,1
438,6,761.1078,550.6299,585.0732,80.8425,1.000000,0,1
439,1,549.8530,584.2725,39.8096,22.4662,1.000000,0.0625,0.9375
439,2,580.9172,539.1635,309.6556,83.6587,1.000000,0.25,0.75
439,3,623.8876,584.6495,41.6990,19.5459,1.000000,1,0
439,4,101.7810,581.5440,164.5551,20.6295,1.000000,0,1
439,5,331.0723,582.9811,105.3505,15.3467,1.000000,0,1
439,6,760.3995,550.4219,584.6854,80.8078,1.000000,0,1
440,1,549.3459,584.1821,39.8151,22.4598,1.000000,0,1
440,2,581.2615,538.9861,309.6842,83.6524,1.000000,0.0625,0.9375
440,3,623.3320,584.5562,41.7004,19.5399,1.000000,1,0
440,4,102.2386,581.4404,164.5540,20.6298,1.000000,0,1
440,5,331.6423,582.9758,105.3565,15.3483,1.000000,0,1
440,6,759.6906,550.2135,584.3018,80.7737,1.000000,0,1
441,1,548.8384,584.0943,39.8206,22.4534,1.000000,0,1
441,2,581.6038,538.8062,309.7148,83.6466,1.000000,0.0625,0.9375
441,3,622.7763,584.4625,41.7018,19.5341,1.000000,1,0
441,4,102.6939,581.3381,164.5536,20.6302,1.000000,0,1
441,5,332.2127,582.9677,105.3622,15.3497,1.000000,0,1
441,6,758.9819,550.0062,583.9228,80.7402,1.000000,0,1
442,1,548.3314,584.0117,39.8263,22.4474,1.000000,0.0625,0.9375
442,2,581.9442,538.6246,309.7478,83.6414,1.000000,0.25,0.75
442,3,622.2209,584.3708,41.7033,19.5284,1.000000,1,0
442,4,103.1461,581.2380,164.5540,20.6307,1.000000,0,1
442,5,332.7830,582.9574,105.3679,15.3509,1.000000,0,1
442,6,758.2736,549.8016,583.5464,80.7072,1.000000,0,1
443,1,547.8229,583.9302,39.8321,22.4415,1.000000,0,1
443,2,582.2828,538.4391,309.7824,83.6364,1.000000,0.25,0.75
443,3,621.6642,584.2766,41.7048,19.5226,1.000000,1,0
443,4,103.5963,581.1382,164.5549,20.6313,1.000000,0,1
443,5,333.3535,582.9435,105.3735,15.3520,1.000000,0,1
443,6,757.5648,549.5961,583.1714,80.6744,1.000000,0,1
444,1,547.3143,583.8524,39.8380,22.4358,1.000000,0,1
444,2,582.6193,538.2521,309.8190,83.6320,1.000000,0,1
444,3,621.1067,584.1824,41.7064,19.5168,1.000000,1,0
444,4,104.0446,581.0396,164.5565,20.6320,1.000000,0,1
444,5,333.9241,582.9269,105.3789,15.3529,1.000000,0,1
444,6,756.8560,549.3909,582.7976,80.6417,1.000000,0,1
445,1,546.8062,583.7805,39.8441,22.4304,1.000000,0,1
445,2,582.9537,538.0647,309.8583,83.6283,1.000000,0.125,0.875
445,3,620.5488,584.0912,41.7081,19.5112,1.000000,1,0
445,4,104.4910,580.9431,164.5587,20.6328,1.000000,0,1
445,5,334.4945,582.9083,105.3842,15.3536,1.000000,0,1
445,6,756.1469,549.1876,582.4261,80.6094,1.000000,0,1
446,1,546.2968,583.7103,39.8503,22.4251,1.000000,0,1
446,2,583.2862,537.8741,309.8993,83.6251,1.000000,0.1875,0.8125
446,3,619.9894,583.9978,41.7098,19.5055,1.000000,1,0
446,4,104.9359,580.8474,164.5616,20.6336,1.000000,0,1
446,5,335.0651,582.8862,105.3891,15.3540,1.000000,0,1
446,6,755.4377,548.9819,582.0559,80.5772,1.000000,0,1
447,1,545.7871,583.6434,39.8567,22.4200,1.000000,0,1
447,2,583.6173,537.6823,309.9420,83.6221,1.000000,0.0625,0.9375
447,3,619.4294,583.9053,41.7114,19.4998,1.000000,1,0
447,4,105.3794,580.7534,164.5649,20.6346,1.000000,0,1
447,5,335.6357,582.8611,105.3938,15.3543,1.000000,0,1
447,6,754.7285,548.7756,581.6873,80.5452,1.000000,0,1
448,1,545.2778,583.5817,39.8632,22.4152,1.000000,0,1
448,2,583.9469,537.4908,309.9871,83.6200,1.000000,0.3125,0.6875
448,3,618.8691,583.8165,41.7133,19.4944,1.000000,1,0
448,4,105.8214,580.6625,164.5688,20.6356,1.000000,0,1
448,5,336.2061,582.8328,105.3984,15.3551,1.000000,0,1
448,6,754.0190,548.5701,581.3203,80.5134,1.000000,0,1
449,1,544.7672,583.5214,39.8696,22.4105,1.000000,0,1
449,2,584.2754,537.2974,310.0338,83.6181,1.000000,0.3125,0.6875
449,3,618.3079,583.7266,41.7151,19.4888,1.000000,1,0
449,4,106.2621,580.5732,164.5729,20.6367,1.000000,0,1
449,5,336.7769,582.7990,105.4028,15.3564,1.000000,0,1
449,6,753.3090,548.3615,580.9518,80.4813,1.000000,0,1
450,1,544.2563,583.4639,39.8763,22.4060,1.000000,0,1
450,2,584.6030,537.1041,310.0820,83.6167,1.000000,0.3125,0.6875
450,3,617.7462,583.6383,41.7169,19.4834,1.000000,1,0
450,4,106.7018,580.4864,164.5776,20.6379,1.000000,0,1
450,5,337.3476,582.7614,105.4071,15.3578,1.000000,0,1
450,6,752.5988,548.1513,580.5836,80.4491,1.000000,0,1
451,1,543.7457,583.4109,39.8831,22.4017,1.000000,0,1
451,2,584.9298,536.9130,310.1321,83.6159,1.000000,0.375,0.625
451,3,617.1844,583.5540,41.7189,19.4782,1.000000,1,0
451,4,107.1403,580.4030,164.5827,20.6391,1.000000,0,1
451,5,337.9178,582.7205,105.4113,15.3591,1.000000,0,1
451,6,751.8890,547.9414,580.2177,80.4173,1.000000,0,1
452,1,543.2341,583.3596,39.8899,22.3975,1.000000,0,1
452,2,585.2560,536.7211,310.1836,83.6155,1.000000,0.3125,0.6875
452,3,616.6216,583.4695,41.7208,19.4729,1.000000,1,0
452,4,107.5786,580.3220,164.5878,20.6405,1.000000,0,1
452,5,338.4885,582.6744,105.4152,15.3603,1.000000,0,1
452,6,751.1796,547.7274,579.8518,80.3853,1.000000,0,1
453,1,542.7223,583.3109,39.8969,22.3935,1.000000,0,1
453,2,585.5816,536.5304,310.2369,83.6156,1.000000,0.3125,0.6875
453,3,616.0585,583.3871,41.7228,19.4678,1.000000,1,0
453,4,108.0163,580.2433,164.5932,20.6418,1.000000,0,1
453,5,339.0590,582.6244,105.4190,15.3614,1.000000,0,1
453,6,750.4708,547.5110,579.4862,80.3531,1.000000,0,1
454,1,542.2106,583.2660,39.9041,22.3897,1.000000,0,1
454,2,585.9066,536.3428,310.2924,83.6165,1.000000,0.1875,0.8125
454,3,615.4954,583.3088,41.7249,19.4628,1.000000,1,0
454,4,108.4533,580.1678,164.5991,20.6433,1.000000,0,1
454,5,339.6288,582.5710,105.4229,15.3626,1.000000,0,1
454,6,749.7629,547.2943,579.1216,80.3212,1.000000,0,1
455,1,541.6981,583.2223,39.9113,22.3860,1.000000,0,1
455,2,586.2314,536.1559,310.3489,83.6176,1.000000,0.0625,0.9375
455,3,614.9312,583.2310,41.7271,19.4579,1.000000,1,0
455,4,108.8904,580.0944,164.6048,20.6447,1.000000,0,1
455,5,340.1987,582.5122,105.4265,15.3637,1.000000,0,1
455,6,749.0557,547.0727,578.7593,80.2892,1.000000,0,1
456,1,541.1857,583.1811,39.9185,22.3824,1.000000,0,1
456,2,586.5563,535.9709,310.4064,83.6191,1.000000,0.3125,0.6875
456,3,614.3669,583.1559,41.7292,19.4531,1.000000,1,0
456,4,109.3278,580.0232,164.6108,20.6462,1.000000,0,1
456,5,340.7684,582.4490,105.4299,15.3647,1.000000,0,1
456,6,748.3492,546.8487,578.3982,80.2572,1.000000,0,1
457,1,540.6736,583.1432,39.9258,22.3790,1.000000,0,1
457,2,586.8811,535.7904,310.4651,83.6212,1.000000,0.1875,0.8125
457,3,613.8025,583.0853,41.7315,19.4485,1.000000,1,0
457,4,109.7657,579.9543,164.6167,20.6478,1.000000,0,1
457,5,341.3371,582.3823,105.4335,15.3657,1.000000,0,1
457,6,747.6438,546.6245,578.0371,80.2252,1.000000,0,1
458,1,540.1611,583.1067,39.9334,22.3758,1.000000,0,1
458,2,587.2057,535.6115,310.5246,83.6234,1.000000,0.375,0.625
458,3,613.2374,583.0157,41.7336,19.4440,1.000000,1,0
458,4,110.2043,579.8871,164.6227,20.6493,1.000000,0,1
458,5,341.9056,582.3099,105.4369,15.3666,1.000000,0,1
458,6,746.9390,546.3957,577.6774,80.1932,1.000000,0,1
459,1,539.6486,583.0722,39.9410,22.3726,1.000000,0,1
459,2,587.5304,535.4355,310.5850,83.6261,1.000000,0.1875,0.8125
459,3,612.6719,582.9489,41.7360,19.4396,1.000000,1,0
459,4,110.6435,579.8217,164.6285,20.6509,1.000000,0,1
459,5,342.4734,582.2333,105.4404,15.3675,1.000000,0,1
459,6,746.2349,546.1646,577.3188,80.1613,1.000000,0,1
460,1,539.1364,583.0403,39.9486,22.3696,1.000000,0,1
460,2,587.8552,535.2646,310.6464,83.6292,1.000000,0.3125,0.6875
460,3,612.1064,582.8870,41.7385,19.4355,1.000000,1,0
460,4,111.0833,579.7583,164.6344,20.6525,1.000000,0,1
460,5,343.0402,582.1541,105.4436,15.3684,1.000000,0,1
460,6,745.5315,545.9337,576.9626,80.1296,1.000000,0,1
461,1,538.6240,583.0098,39.9564,22.3667,1.000000,0,1
461,2,588.1804,535.0961,310.7078,83.6325,1.000000,0.125,0.875
461,3,611.5405,582.8265,41.7409,19.4319,1.000000,1,0
461,4,111.5242,579.6957,164.6402,20.6541,1.000000,0,1
461,5,343.6066,582.0691,105.4468,15.3692,1.000000,0,1
461,6,744.8286,545.6989,576.6080,80.0978,1.000000,0,1
462,1,538.1116,582.9814,39.9642,22.3639,1.000000,0,1
462,2,588.5058,534.9315,310.7698,83.6360,1.000000,0.25,0.75
462,3,610.9744,582.7683,41.7435,19.4296,1.000000,1,0
462,4,111.9658,579.6342,164.6460,20.6557,1.000000,0,1
462,5,344.1727,581.9799,105.4498,15.3699,1.000000,0,1
462,6,744.1263,545.4628,576.2540,80.0662,1.000000,0,1
463,1,537.5994,582.9561,39.9722,22.3614,1.000000,0,1
463,2,588.8314,534.7717,310.8330,83.6401,1.000000,0.3125,0.6875
463,3,610.4086,582.7150,41.7462,19.4275,1.000000,1,0
463,4,112.4082,579.5745,164.6516,20.6573,1.000000,0,1
463,5,344.7382,581.8882,105.4526,15.3706,1.000000,0,1
463,6,743.4241,545.2278,575.9033,80.0350,1.000000,0,1
464,1,537.0869,582.9323,39.9802,22.3589,1.000000,0,1
464,2,589.1578,534.6146,310.8959,83.6442,1.000000,0.1875,0.8125
464,3,609.8426,582.6639,41.7488,19.4253,1.000000,1,0
464,4,112.8517,579.5149,164.6570,20.6589,1.000000,0,1
464,5,345.3038,581.7910,105.4555,15.3713,1.000000,0,1
464,6,742.7224,544.9897,575.5546,80.0039,1.000000,0,1
465,1,536.5742,582.9104,39.9883,22.3565,1.000000,0,1
465,2,589.4846,534.4613,310.9589,83.6485,1.000000,0.25,0.75
465,3,609.2764,582.6164,41.7516,19.4232,1.000000,1,0
465,4,113.2957,579.4562,164.6623,20.6605,1.000000,0,1
465,5,345.8693,581.6906,105.4583,15.3719,1.000000,0,1
465,6,742.0209,544.7510,575.2073,79.9731,1.000000,0,1
466,1,536.0612,582.8909,39.9965,22.3543,1.000000,0,1
466,2,589.8120,534.3124,311.0225,83.6532,1.000000,0.3125,0.6875
466,3,608.7105,582.5737,41.7545,19.4212,1.000000,1,0
466,4,113.7402,579.3987,164.6675,20.6621,1.000000,0,1
466,5,346.4349,581.5887,105.4610,15.3724,1.000000,0,1
466,6,741.3198,544.5146,574.8608,79.9423,1.000000,0,1
467,1,535.5477,582.8734,40.0047,22.3521,1.000000,0,1
467,2,590.1400,534.1662,311.0862,83.6580,1.000000,0.1875,0.8125
467,3,608.1445,582.5336,41.7573,19.4193,1.000000,1,0
467,4,114.1852,579.3409,164.6725,20.6636,1.000000,0,1
467,5,347.0016,581.4825,105.4634,15.3730,1.000000,0,1
467,6,740.6190,544.2766,574.5175,79.9119,1.000000,0,1
468,1,535.0339,582.8583,40.0129,22.3501,1.000000,0,1
468,2,590.4688,534.0237,311.1501,83.6629,1.000000,0.4375,0.5625
468,3,607.5785,582.4972,41.7604,19.4174,1.000000,1,0
468,4,114.6305,579.2835,164.6776,20.6652,1.000000,0,1
468,5,347.5684,581.3742,105.4657,15.3735,1.000000,0,1
468,6,739.9185,544.0391,574.1760,79.8818,1.000000,0,1
469,1,534.5199,582.8459,40.0211,22.3483,1.000000,0,1
469,2,590.7982,533.8862,311.2148,83.6683,1.000000,0.25,0.75
469,3,607.0128,582.4656,41.7632,19.4155,1.000000,1,0
469,4,115.0758,579.2272,164.6825,20.6668,1.000000,0,1
469,5,348.1350,581.2648,105.4681,15.3740,1.000000,0,1
469,6,739.2182,543.8049,573.8375,79.8522,1.000000,0,1
470,1,534.0057,582.8358,40.0295,22.3466,1.000000,0,1
470,2,591.1285,533.7518,311.2792,83.6736,1.000000,0.125,0.875
470,3,606.4467,582.4371,41.7663,19.4138,1.000000,1,0
470,4,115.5215,579.1706,164.6873,20.6683,1.000000,0,1
470,5,348.7028,581.1519,105.4703,15.3744,1.000000,0,1
470,6,738.5193,543.5693,573.5009,79.8229,1.000000,0,1
471,1,533.4915,582.8278,40.0377,22.3451,1.000000,0,1
471,2,591.4597,533.6211,311.3434,83.6792,1.000000,0.1875,0.8125
471,3,605.8804,582.4119,41.7693,19.4121,1.000000,1,0
471,4,115.9676,579.1145,164.6920,20.6698,1.000000,0,1
471,5,349.2709,581.0369,105.4723,15.3748,1.000000,0,1
471,6,737.8216,543.3342,573.1682,79.7938,1.000000,0,1
472,1,532.9769,582.8217,40.0458,22.3435,1.000000,0,1
472,2,591.7917,533.4951,311.4078,83.6849,1.000000,0.3125,0.6875
472,3,605.3138,582.3903,41.7724,19.4104,1.000000,1,0
472,4,116.4133,579.0601,164.6969,20.6714,1.000000,0,1
472,5,349.8389,580.9213,105.4743,15.3751,1.000000,0,1
472,6,737.1252,543.1020,572.8384,79.7655,1.000000,0,1
473,1,532.4620,582.8182,40.0540,22.3419,1.000000,0,1
473,2,592.1252,533.3722,311.4714,83.6905,1.000000,0.375,0.625
473,3,604.7468,582.3719,41.7755,19.4087,1.000000,1,0
473,4,116.8593,579.0054,164.7015,20.6729,1.000000,0,1
473,5,350.4071,580.8029,105.4763,15.3755,1.000000,0,1
473,6,736.4294,542.8678,572.5112,79.7372,1.000000,0,1
474,1,531.9468,582.8167,40.0621,22.3404,1.000000,0,1
474,2,592.4600,533.2526,311.5349,83.6962,1.000000,0.5,0.5
474,3,604.1799,582.3563,41.7786,19.4071,1.000000,1,0
474,4,117.3051,578.9518,164.7062,20.6745,1.000000,0,1
474,5,350.9752,580.6826,105.4782,15.3758,1.000000,0,1
474,6,735.7343,542.6334,572.1867,79.7093,1.000000,0,1
475,1,531.4312,582.8164,40.0702,22.3388,1.000000,0,1
475,2,592.7965,533.1371,311.5979,83.7020,1.000000,0.4375,0.5625
475,3,603.6134,582.3434,41.7816,19.4055,1.000000,1,0
475,4,117.7502,578.9000,164.7111,20.6761,1.000000,0,1
475,5,351.5429,580.5612,105.4802,15.3761,1.000000,0,1
475,6,735.0396,542.4016,571.8666,79.6822,1.000000,0,1
476,1,530.9153,582.8177,40.0782,22.3371,1.000000,0,1
476,2,593.1342,533.0241,311.6608,83.7078,1.000000,0.1875,0.8125
476,3,603.0474,582.3335,41.7847,19.4039,1.000000,1,0
476,4,118.1957,578.8480,164.7159,20.6777,1.000000,0,1
476,5,352.1117,580.4353,105.4822,15.3765,1.000000,0,1
476,6,734.3000,542.1676,571.5950,79.6553,1.000000,0,1
477,1,530.3990,582.8200,40.0861,22.3355,1.000000,0,1
477,2,593.4733,532.9151,311.7232,83.7136,1.000000,0.0625,0.9375
477,3,602.4818,582.3258,41.7877,19.4024,1.000000,0.9375,0.0625
477,4,118.6409,578.7969,164.7207,20.6793,1.000000,0,1
477,5,352.6808,580.3068,105.4843,15.3768,1.000000,0,1
477,6,733.5364,541.9338,571.3523,79.6290,1.000000,0,1
478,1,529.8821,582.8225,40.0939,22.3337,1.000000,0,1
478,2,593.8136,532.8113,311.7849,83.7194,1.000000,0.3125,0.6875
478,3,601.9166,582.3200,41.7908,19.4009,1.000000,1,0
478,4,119.0852,578.7480,164.7258,20.6809,1.000000,0,1
478,5,353.2495,580.1773,105.4865,15.3771,1.000000,0,1
478,6,732.7731,541.7034,571.1136,79.6035,1.000000,0,1
479,1,529.3650,582.8251,40.1016,22.3320,1.000000,0,1
479,2,594.1558,532.7094,311.8456,83.7250,1.000000,0.4375,0.5625
479,3,601.3519,582.3169,41.7940,19.3994,1.000000,0.9375,0.0625
479,4,119.5298,578.6990,164.7308,20.6826,1.000000,0,1
479,5,353.8189,580.0447,105.4886,15.3773,1.000000,0,1
479,6,732.0109,541.4707,570.8788,79.5782,1.000000,0,1
480,1,528.8474,582.8275,40.1094,22.3302,1.000000,0,1
480,2,594.4997,532.6100,311.9053,83.7304,1.000000,0.3125,0.6875
480,3,600.7877,582.3156,41.7971,19.3980,1.000000,0.9375,0.0625
480,4,119.9743,578.6507,164.7361,20.6843,1.000000,0,1
480,5,354.3883,579.9103,105.4911,15.3776,1.000000,0,1
480,6,731.2493,541.2386,570.6489,79.5537,1.000000,0,1
481,1,528.3297,582.8291,40.1169,22.3284,1.000000,0,1
481,2,594.8444,532.5148,311.9641,83.7357,1.000000,0.3125,0.6875
481,3,600.2241,582.3156,41.8002,19.3966,1.000000,1,0
481,4,120.4175,578.6046,164.7415,20.6860,1.000000,0,1
481,5,354.9576,579.7758,105.4935,15.3779,1.000000,0,1
481,6,730.4886,541.0110,570.4247,79.5302,1.000000,0,1
482,1,527.8121,582.8303,40.1243,22.3264,1.000000,0,1
482,2,595.1901,532.4226,312.0214,83.7407,1.000000,0.3125,0.6875
482,3,599.6611,582.3177,41.8034,19.3952,1.000000,1,0
482,4,120.8601,578.5595,164.7470,20.6878,1.000000,0,1
482,5,355.5270,579.6390,105.4960,15.3783,1.000000,0,1
482,6,729.7296,540.7825,570.2047,79.5072,1.000000,0,1
483,1,527.2951,582.8303,40.1317,22.3244,1.000000,0,1
483,2,595.5364,532.3338,312.0775,83.7455,1.000000,0.25,0.75
483,3,599.0986,582.3217,41.8066,19.3939,1.000000,0.9375,0.0625
483,4,121.3018,578.5157,164.7526,20.6896,1.000000,0,1
483,5,356.0964,579.5020,105.4987,15.3786,1.000000,0,1
483,6,728.9713,540.5562,569.9899,79.4849,1.000000,0,1
484,1,526.7785,582.8290,40.1390,22.3224,1.000000,0,1
484,2,595.8832,532.2490,312.1320,83.7502,1.000000,0.25,0.75
484,3,598.5363,582.3266,41.8098,19.3925,1.000000,1,0
484,4,121.7422,578.4735,164.7587,20.6914,1.000000,0,1
484,5,356.6656,579.3664,105.5014,15.3789,1.000000,0,1
484,6,728.2144,540.3347,569.7815,79.4638,1.000000,0,1
485,1,526.2627,582.8257,40.1461,22.3202,1.000000,0,1
485,2,596.2306,532.1650,312.1848,83.7543,1.000000,0.25,0.75
485,3,597.9745,582.3338,41.8151,19.3913,1.000000,0.875,0.125
485,4,122.1816,578.4320,164.7651,20.6932,1.000000,0,1
485,5,357.2348,579.2299,105.5042,15.3793,1.000000,0,1
485,6,727.4590,540.1152,569.5786,79.4434,1.000000,0,1
486,1,525.7476,582.8206,40.1533,22.3181,1.000000,0,1
486,2,596.5786,532.0826,312.2361,83.7581,1.000000,0.25,0.75
486,3,597.4130,582.3428,41.8239,19.3900,1.000000,0.9375,0.0625
486,4,122.6201,578.3916,164.7714,20.6952,1.000000,0,1
486,5,357.8043,579.0937,105.5071,15.3796,1.000000,0,1
486,6,726.7050,539.8995,569.3809,79.4239,1.000000,0,1
487,1,525.2329,582.8134,40.1604,22.3159,1.000000,0,1
487,2,596.9276,532.0027,312.2860,83.7616,1.000000,0.5,0.5
487,3,596.8514,582.3530,41.8325,19.3888,1.000000,0.9375,0.0625
487,4,123.0573,578.3530,164.7782,20.6971,1.000000,0,1
487,5,358.3749,578.9587,105.5101,15.3800,1.000000,0,1
487,6,725.9522,539.6893,569.1896,79.4055,1.000000,0,1
488,1,524.7192,582.8031,40.1674,22.3136,1.000000,0,1
488,2,597.2775,531.9226,312.3341,83.7646,1.000000,0.375,0.625
488,3,596.2904,582.3651,41.8412,19.3876,1.000000,0.875,0.125
488,4,123.4936,578.3146,164.7852,20.6992,1.000000,0,1
488,5,358.9478,578.8233,105.5132,15.3804,1.000000,0,1
488,6,725.2009,539.4818,569.0023,79.3877,1.000000,0,1
489,1,524.2063,582.7903,40.1743,22.3113,1.000000,0,1
489,2,597.6284,531.8431,312.3805,83.7672,1.000000,0.25,0.75
489,3,595.7296,582.3781,41.8499,19.3865,1.000000,0.8125,0.1875
489,4,123.9288,578.2767,164.7925,20.7012,1.000000,0,1
489,5,359.5218,578.6898,105.5163,15.3808,1.000000,0,1
489,6,724.4504,539.2802,568.8205,79.3709,1.000000,0,1
490,1,523.6945,582.7751,40.1813,22.3090,1.000000,0,1
490,2,597.9803,531.7655,312.4257,83.7695,1.000000,0.3125,0.6875
490,3,595.1690,582.3921,41.8585,19.3853,1.000000,0.875,0.125
490,4,124.3622,578.2406,164.8003,20.7033,1.000000,0,1
490,5,360.0959,578.5596,105.5197,15.3813,1.000000,0,1
490,6,723.7002,539.0873,568.6458,79.3555,1.000000,0,1
491,1,523.1837,582.7562,40.1882,22.3066,1.000000,0,1
491,2,598.3334,531.6874,312.4692,83.7712,1.000000,0.5,0.5
491,3,594.6089,582.4081,41.8673,19.3842,1.000000,0.75,0.25
491,4,124.7946,578.2045,164.8082,20.7054,1.000000,0,1
491,5,360.6711,578.4310,105.5231,15.3818,1.000000,0,1
491,6,722.9495,538.8997,568.4750,79.3408,1.000000,0,1
492,1,522.6739,582.7347,40.1950,22.3042,1.000000,0,1
492,2,598.6869,531.6093,312.5115,83.7727,1.000000,0.4375,0.5625
492,3,594.0491,582.4252,41.8759,19.3831,1.000000,0.6875,0.3125
492,4,125.2256,578.1693,164.8168,20.7077,1.000000,0,1
492,5,361.2465,578.3046,105.5267,15.3823,1.000000,0,1
492,6,722.1978,538.7185,568.3086,79.3270,1.000000,0,1
493,1,522.1652,582.7114,40.2020,22.3018,1.000000,0,1
493,2,599.0408,531.5319,312.5527,83.7739,1.000000,0.3125,0.6875
493,3,593.4893,582.4427,41.8846,19.3820,1.000000,0.75,0.25
493,4,125.6552,578.1360,164.8255,20.7099,1.000000,0,1
493,5,361.8214,578.1810,105.5305,15.3830,1.000000,0,1
493,6,721.4443,538.5463,568.1473,79.3144,1.000000,0,1
494,1,521.6580,582.6843,40.2087,22.2993,1.000000,0,1
494,2,599.3956,531.4536,312.5924,83.7747,1.000000,0.5625,0.4375
494,3,592.9301,582.4620,41.8933,19.3809,1.000000,0.6875,0.3125
494,4,126.0834,578.1027,164.8346,20.7123,1.000000,0,1
494,5,362.3964,578.0581,105.5345,15.3836,1.000000,0,1
494,6,720.6904,538.3807,567.9890,79.3024,1.000000,0,1
495,1,521.1519,582.6547,40.2156,22.2967,1.000000,0,1
495,2,599.7507,531.3756,312.6313,83.7752,1.000000,0.375,0.625
495,3,592.3712,582.4818,41.9019,19.3798,1.000000,0.625,0.375
495,4,126.5104,578.0701,164.8441,20.7146,1.000000,0,1
495,5,362.9712,577.9359,105.5387,15.3843,1.000000,0,1
495,6,719.9366,538.2229,567.8353,79.2914,1.000000,0,1
496,1,520.6470,582.6238,40.2225,22.2943,1.000000,0,1
496,2,600.1066,531.2985,312.6693,83.7755,1.000000,0.1875,0.8125
496,3,591.8123,582.5015,41.9105,19.3786,1.000000,0.875,0.125
496,4,126.9357,578.0393,164.8540,20.7170,1.000000,0,1
496,5,363.5450,577.8142,105.5433,15.3850,1.000000,0,1
496,6,719.1829,538.0750,567.6873,79.2816,1.000000,0,1
497,1,520.1434,582.5881,40.2292,22.2917,1.000000,0,1
497,2,600.4627,531.2197,312.7063,83.7755,1.000000,0.25,0.75
497,3,591.2538,582.5220,41.9191,19.3774,1.000000,0.625,0.375
497,4,127.3597,578.0089,164.8642,20.7195,1.000000,0,1
497,5,364.1179,577.6923,105.5482,15.3858,1.000000,0,1
497,6,718.4293,537.9342,567.5417,79.2724,1.000000,0,1
498,1,519.6405,582.5488,40.2358,22.2890,1.000000,0,1
498,2,600.8188,531.1409,312.7427,83.7753,1.000000,0.5625,0.4375
498,3,590.6957,582.5424,41.9275,19.3763,1.000000,0.625,0.375
498,4,127.7825,577.9791,164.8746,20.7220,1.000000,0,1
498,5,364.6896,577.5707,105.5536,15.3866,1.000000,0,1
498,6,717.6758,537.8009,567.3998,79.2641,1.000000,0,1
499,1,519.1384,582.5067,40.2424,22.2864,1.000000,0,1
499,2,601.1748,531.0625,312.7786,83.7750,1.000000,0.4375,0.5625
499,3,590.1375,582.5623,41.9360,19.3751,1.000000,0.6875,0.3125
499,4,128.2038,577.9503,164.8855,20.7246,1.000000,0,1
499,5,365.2599,577.4504,105.5594,15.3876,1.000000,0,1
499,6,716.9226,537.6768,567.2622,79.2567,1.000000,0,1
500,1,518.6372,582.4596,40.2490,22.2836,1.000000,0,1
500,2,601.5313,530.9824,312.8140,83.7744,1.000000,0.4375,0.5625
500,3,589.5800,582.5817,41.9442,19.3738,1.000000,0.3125,0.6875
500,4,128.6240,577.9214,164.8967,20.7272,1.000000,0,1
500,5,365.8289,577.3297,105.5657,15.3885,1.000000,0,1
500,6,716.1697,537.5590,567.1273,79.2500,1.000000,0,1
501,1,518.1368,582.4087,40.2555,22.2807,1.000000,0,1
501,2,601.8879,530.9021,312.8497,83.7740,1.000000,0.125,0.875
501,3,589.0229,582.6000,41.9525,19.3725,1.000000,0.5625,0.4375
501,4,129.0428,577.8931,164.9083,20.7298,1.000000,0,1
501,5,366.3965,577.2092,105.5726,15.3896,1.000000,0,1
501,6,715.4166,537.4479,566.9955,79.2439,1.000000,0,1
502,1,517.6368,582.3550,40.2620,22.2778,1.000000,0,1
502,2,602.2444,530.8228,312.8853,83.7735,1.000000,0.25,0.75
502,3,588.4664,582.6165,41.9606,19.3712,1.000000,0.5,0.5
502,4,129.4601,577.8659,164.9202,20.7326,1.000000,0,1
502,5,366.9624,577.0905,105.5800,15.3908,1.000000,0,1
502,6,714.6634,537.3438,566.8679,79.2387,1.000000,0,1
503,1,517.1372,582.2966,40.2683,22.2748,1.000000,0,1
503,2,602.6002,530.7423,312.9213,83.7730,1.000000,0.3125,0.6875
503,3,587.9108,582.6313,41.9684,19.3697,1.000000,0.625,0.375
503,4,129.8765,577.8384,164.9325,20.7353,1.000000,0,1
503,5,367.5268,576.9725,105.5880,15.3921,1.000000,0,1
503,6,713.9103,537.2441,566.7422,79.2341,1.000000,0,1
504,1,516.6378,582.2350,40.2746,22.2717,1.000000,0,1
504,2,602.9553,530.6619,312.9575,83.7728,1.000000,0.4375,0.5625
504,3,587.3558,582.6443,41.9761,19.3682,1.000000,0.5,0.5
504,4,130.2915,577.8116,164.9452,20.7381,1.000000,0,1
504,5,368.0890,576.8565,105.5968,15.3935,1.000000,0,1
504,6,713.1567,537.1501,566.6199,79.2300,1.000000,0,1
505,1,516.1385,582.1718,40.2809,22.2687,1.000000,0,1
505,2,603.3094,530.5824,312.9946,83.7728,1.000000,0.3125,0.6875
505,3,586.8013,582.6552,41.9838,19.3665,1.000000,0.375,0.625
505,4,130.7044,577.7870,164.9585,20.7410,1.000000,0,1
505,5,368.6487,576.7445,105.6062,15.3950,1.000000,0,1
505,6,712.4026,537.0624,566.5012,79.2268,1.000000,0,1
506,1,515.6396,582.1042,40.2872,22.2655,1.000000,0,1
506,2,603.6628,530.5032,313.0328,83.7731,1.000000,0.5,0.5
506,3,586.2473,582.6637,41.9911,19.3648,1.000000,0.5,0.5
506,4,131.1160,577.7624,164.9723,20.7440,1.000000,0,1
506,5,369.2062,576.6359,105.6161,15.3966,1.000000,0,1
506,6,711.6479,536.9779,566.3843,79.2240,1.000000,0,1
507,1,515.1409,582.0342,40.2935,22.2623,1.000000,0,1
507,2,604.0153,530.4245,313.0720,83.7737,1.000000,0.5,0.5
507,3,585.6937,582.6699,41.9982,19.3629,1.000000,0.375,0.625
507,4,131.5261,577.7383,164.9862,20.7470,1.000000,0,1
507,5,369.7616,576.5311,105.6266,15.3983,1.000000,0,1
507,6,710.8930,536.8975,566.2695,79.2216,1.000000,0,1
508,1,514.6423,581.9630,40.2997,22.2592,1.000000,0,1
508,2,604.3670,530.3470,313.1121,83.7747,1.000000,0.4375,0.5625
508,3,585.1404,582.6737,42.0053,19.3609,1.000000,0.4375,0.5625
508,4,131.9341,577.7158,165.0010,20.7501,1.000000,0,1
508,5,370.3149,576.4316,105.6376,15.4002,1.000000,0,1
508,6,710.1378,536.8228,566.1586,79.2201,1.000000,0,1
509,1,514.1442,581.8882,40.3059,22.2559,1.000000,0,1
509,2,604.7170,530.2704,313.1537,83.7760,1.000000,0.3125,0.6875
509,3,584.5876,582.6748,42.0120,19.3588,1.000000,0.3125,0.6875
509,4,132.3405,577.6943,165.0163,20.7533,1.000000,0,1
509,5,370.8663,576.3363,105.6493,15.4021,1.000000,0,1
509,6,709.3820,536.7522,566.0497,79.2190,1.000000,0,1
510,1,513.6464,581.8120,40.3121,22.2526,1.000000,0,1
510,2,605.0659,530.1951,313.1966,83.7779,1.000000,0.375,0.625
510,3,584.0353,582.6735,42.0186,19.3566,1.000000,0.1875,0.8125
510,4,132.7451,577.6740,165.0320,20.7565,1.000000,0,1
510,5,371.4166,576.2459,105.6613,15.4042,1.000000,0,1
510,6,708.6255,536.6863,565.9439,79.2185,1.000000,0,1
511,1,513.1487,581.7351,40.3182,22.2493,1.000000,0,1
511,2,605.4133,530.1219,313.2408,83.7802,1.000000,0.125,0.875
511,3,583.4836,582.6693,42.0250,19.3542,1.000000,0.125,0.875
511,4,133.1469,577.6557,165.0487,20.7599,1.000000,0,1
511,5,371.9659,576.1620,105.6737,15.4064,1.000000,0,1
511,6,707.8689,536.6259,565.8408,79.2187,1.000000,0,1
512,1,512.6515,581.6546,40.3243,22.2460,1.000000,0,1
512,2,605.7592,530.0496,313.2866,83.7829,1.000000,0.375,0.625
512,3,582.9325,582.6614,42.0310,19.3517,1.000000,0.3125,0.6875
512,4,133.5463,577.6382,165.0661,20.7635,1.000000,0,1
512,5,372.5143,576.0830,105.6865,15.4086,1.000000,0,1
512,6,707.1115,536.5696,565.7394,79.2192,1.000000,0,1
513,1,512.1546,581.5724,40.3305,22.2426,1.000000,0,1
513,2,606.1036,529.9788,313.3337,83.7861,1.000000,0.4375,0.5625
513,3,582.3818,582.6504,42.0371,19.3492,1.000000,0.1875,0.8125
513,4,133.9435,577.6221,165.0840,20.7670,1.000000,0,1
513,5,373.0624,576.0092,105.6998,15.4110,1.000000,0,1
513,6,706.3544,536.5183,565.6400,79.2203,1.000000,0,1
514,1,511.6583,581.4901,40.3366,22.2393,1.000000,0,1
514,2,606.4473,529.9108,313.3826,83.7899,1.000000,0.5,0.5
514,3,581.8319,582.6368,42.0429,19.3464,1.000000,0.375,0.625
514,4,134.3380,577.6083,165.1029,20.7707,1.000000,0,1
514,5,373.6107,575.9414,105.7131,15.4134,1.000000,0,1
514,6,705.5978,536.4735,565.5443,79.2221,1.000000,0,1
515,1,511.1627,581.4053,40.3427,22.2359,1.000000,0,1
515,2,606.7905,529.8443,313.4324,83.7941,1.000000,0.3125,0.6875
515,3,581.2825,582.6191,42.0484,19.3437,1.000000,0.25,0.75
515,4,134.7302,577.5955,165.1225,20.7745,1.000000,0,1
515,5,374.1592,575.8799,105.7266,15.4159,1.000000,0,1
515,6,704.8410,536.4325,565.4500,79.2243,1.000000,0,1
516,1,510.6677,581.3197,40.3489,22.2326,1.000000,0,1
516,2,607.1332,529.7798,313.4839,83.7988,1.000000,0.4375,0.5625
516,3,580.7338,582.5984,42.0540,19.3408,1.000000,0.4375,0.5625
516,4,135.1197,577.5845,165.1431,20.7785,1.000000,0,1
516,5,374.7078,575.8240,105.7403,15.4185,1.000000,0,1
516,6,704.0845,536.3967,565.3568,79.2269,1.000000,0,1
517,1,510.1731,581.2350,40.3552,22.2293,1.000000,0,1
517,2,607.4752,529.7190,313.5367,83.8040,1.000000,0.25,0.75
517,3,580.1865,582.5747,42.0593,19.3379,1.000000,0.25,0.75
517,4,135.5063,577.5755,165.1645,20.7826,1.000000,0,1
517,5,375.2571,575.7736,105.7539,15.4211,1.000000,0,1
517,6,703.3280,536.3680,565.2662,79.2301,1.000000,0,1
518,1,509.6784,581.1494,40.3615,22.2261,1.000000,0,1
518,2,607.8161,529.6617,313.5905,83.8096,1.000000,0.5,0.5
518,3,579.6404,582.5461,42.0646,19.3348,1.000000,0.3125,0.6875
518,4,135.8907,577.5683,165.1868,20.7868,1.000000,0,1
518,5,375.8067,575.7275,105.7674,15.4238,1.000000,0,1
518,6,702.5717,536.3441,565.1762,79.2336,1.000000,0,1
519,1,509.1835,581.0643,40.3680,22.2230,1.000000,0,1
519,2,608.1562,529.6079,313.6451,83.8157,1.000000,0.625,0.375
519,3,579.0950,582.5144,42.0698,19.3317,1.000000,0.125,0.875
519,4,136.2729,577.5628,165.2098,20.7911,1.000000,0,1
519,5,376.3565,575.6851,105.7809,15.4264,1.000000,0,1
519,6,701.8152,536.3256,565.0876,79.2375,1.000000,0,1
520,1,508.6887,580.9814,40.3746,22.2199,1.000000,0,1
520,2,608.4957,529.5583,313.7007,83.8222,1.000000,0.3125,0.6875
520,3,578.5502,582.4805,42.0750,19.3286,1.000000,0.3125,0.6875
520,4,136.6525,577.5588,165.2338,20.7955,1.000000,0,1
520,5,376.9072,575.6460,105.7942,15.4291,1.000000,0,1
520,6,701.0586,536.3148,564.9987,79.2417,1.000000,0,1
521,1,508.1940,580.8974,40.3814,22.2168,1.000000,0,1
521,2,608.8344,529.5125,313.7571,83.8291,1.000000,0.375,0.625
521,3,578.0051,582.4414,42.0803,19.3255,1.000000,0.1875,0.8125
521,4,137.0298,577.5576,165.2584,20.8001,1.000000,0,1
521,5,377.4579,575.6100,105.8075,15.4318,1.000000,0,1
521,6,700.3014,536.3112,564.9087,79.2461,1.000000,0,1
522,1,507.6996,580.8148,40.3881,22.2139,1.000000,0,1
522,2,609.1725,529.4703,313.8146,83.8364,1.000000,0.4375,0.5625
522,3,577.4601,582.3987,42.0856,19.3224,1.000000,0.0625,0.9375
522,4,137.4047,577.5591,165.2839,20.8048,1.000000,0,1
522,5,378.0090,575.5765,105.8209,15.4345,1.000000,0,1
522,6,699.5440,536.3141,564.8177,79.2505,1.000000,0,1
523,1,507.2050,580.7358,40.3950,22.2111,1.000000,0,1
523,2,609.5103,529.4319,313.8734,83.8442,1.000000,0.0625,0.9375
523,3,576.9152,582.3539,42.0910,19.3192,1.000000,0.0625,0.9375
523,4,137.7768,577.5629,165.3103,20.8096,1.000000,0,1
523,5,378.5609,575.5457,105.8341,15.4372,1.000000,0,1
523,6,698.7869,536.3248,564.7256,79.2552,1.000000,0,1
524,1,506.7108,580.6574,40.4021,22.2084,1.000000,0,1
524,2,609.8475,529.3978,313.9325,83.8524,1.000000,0.375,0.625
524,3,576.3702,582.3038,42.0964,19.3161,1.000000,0.0625,0.9375
524,4,138.1469,577.5696,165.3374,20.8146,1.000000,0,1
524,5,379.1132,575.5174,105.8475,15.4399,1.000000,0,1
524,6,698.0297,536.3444,564.6309,79.2599,1.000000,0,1
525,1,506.2166,580.5811,40.4093,22.2058,1.000000,0,1
525,2,610.1841,529.3672,313.9927,83.8610,1.000000,0.3125,0.6875
525,3,575.8251,582.2509,42.1020,19.3130,1.000000,0.125,0.875
525,4,138.5151,577.5792,165.3652,20.8196,1.000000,0,1
525,5,379.6661,575.4916,105.8609,15.4428,1.000000,0,1
525,6,697.2723,536.3721,564.5341,79.2646,1.000000,0,1
526,1,505.7221,580.5090,40.4168,22.2033,1.000000,0,1
526,2,610.5205,529.3406,314.0540,83.8700,1.000000,0.375,0.625
526,3,575.2804,582.1969,42.1077,19.3099,1.000000,0,1
526,4,138.8808,577.5916,165.3937,20.8248,1.000000,0,1
526,5,380.2195,575.4686,105.8741,15.4455,1.000000,0,1
526,6,696.5144,536.4083,564.4347,79.2693,1.000000,0,1
527,1,505.2277,580.4391,40.4244,22.2010,1.000000,0,1
527,2,610.8567,529.3176,314.1164,83.8796,1.000000,0.625,0.375
527,3,574.7355,582.1382,42.1133,19.3068,1.000000,0.0625,0.9375
527,4,139.2447,577.6075,165.4230,20.8301,1.000000,0,1
527,5,380.7729,575.4481,105.8875,15.4484,1.000000,0,1
527,6,695.7563,536.4536,564.3306,79.2737,1.000000,0,1
528,1,504.7331,580.3730,40.4322,22.1988,1.000000,0,1
528,2,611.1926,529.2982,314.1799,83.8895,1.000000,0.4375,0.5625
528,3,574.1909,582.0775,42.1191,19.3038,1.000000,0,1
528,4,139.6069,577.6267,165.4528,20.8356,1.000000,0,1
528,5,381.3267,575.4304,105.9011,15.4512,1.000000,0,1
528,6,694.9985,536.5073,564.2226,79.2779,1.000000,0,1
529,1,504.2377,580.3129,40.4405,22.1969,1.000000,0,1
529,2,611.5283,529.2832,314.2448,83.9001,1.000000,0.125,0.875
529,3,573.6465,582.0165,42.1251,19.3008,1.000000,0,1
529,4,139.9670,577.6489,165.4834,20.8411,1.000000,0,1
529,5,381.8807,575.4166,105.9145,15.4541,1.000000,0,1
529,6,694.2411,536.5685,564.1090,79.2817,1.000000,0,1
530,1,503.7410,580.2568,40.4488,22.1952,1.000000,0,1
530,2,611.8642,529.2710,314.3110,83.9111,1.000000,0.4375,0.5625
530,3,573.1017,581.9514,42.1311,19.2978,1.000000,0.0625,0.9375
530,4,140.3257,577.6761,165.5148,20.8468,1.000000,0,1
530,5,382.4341,575.4061,105.9282,15.4571,1.000000,0,1
530,6,693.4827,536.6388,563.9898,79.2850,1.000000,0,1
531,1,503.2430,580.2063,40.4575,22.1936,1.000000,0,1
531,2,612.2002,529.2618,314.3787,83.9227,1.000000,0.375,0.625
531,3,572.5568,581.8845,42.1373,19.2948,1.000000,0,1
531,4,140.6833,577.7080,165.5465,20.8526,1.000000,0,1
531,5,382.9873,575.3989,105.9419,15.4601,1.000000,0,1
531,6,692.7236,536.7165,563.8644,79.2878,1.000000,0,1
532,1,502.7440,580.1630,40.4664,22.1923,1.000000,0,1
532,2,612.5364,529.2555,314.4480,83.9347,1.000000,0.375,0.625
532,3,572.0120,581.8180,42.1435,19.2919,1.000000,0,1
532,4,141.0399,577.7441,165.5788,20.8585,1.000000,0,1
532,5,383.5402,575.3951,105.9557,15.4631,1.000000,0,1
532,6,691.9632,536.7993,563.7320,79.2899,1.000000,0,1
533,1,502.2451,580.1262,40.4755,22.1911,1.000000,0,1
533,2,612.8727,529.2524,314.5186,83.9473,1.000000,0.3125,0.6875
533,3,571.4664,581.7479,42.1498,19.2890,1.000000,0,1
533,4,141.3958,577.7863,165.6115,20.8645,1.000000,0,1
533,5,384.0921,575.3958,105.9697,15.4662,1.000000,0,1
533,6,691.2017,536.8887,563.5912,79.2910,1.000000,0,1
534,1,501.7460,580.0963,40.4846,22.1900,1.000000,0,1
534,2,613.2092,529.2523,314.5904,83.9603,1.000000,0.375,0.625
534,3,570.9206,581.6767,42.1562,19.2860,1.000000,0,1
534,4,141.7513,577.8336,165.6446,20.8707,1.000000,0,1
534,5,384.6433,575.3996,105.9839,15.4693,1.000000,0,1
534,6,690.4395,536.9833,563.4430,79.2914,1.000000,0,1
535,1,501.2471,580.0744,40.4939,22.1892,1.000000,0,1
535,2,613.5460,529.2546,314.6634,83.9737,1.000000,0.1875,0.8125
535,3,570.3752,581.6068,42.1626,19.2832,1.000000,0,1
535,4,142.1064,577.8856,165.6779,20.8769,1.000000,0,1
535,5,385.1947,575.4064,105.9983,15.4725,1.000000,0,1
535,6,689.6768,537.0812,563.2873,79.2908,1.000000,0,1
536,1,500.7489,580.0616,40.5032,22.1884,1.000000,0,1
536,2,613.8830,529.2606,314.7377,83.9877,1.000000,0.4375,0.5625
536,3,569.8293,581.5344,42.1690,19.2803,1.000000,0,1
536,4,142.4616,577.9437,165.7115,20.8832,1.000000,0,1
536,5,385.7456,575.4169,106.0130,15.4758,1.000000,0,1
536,6,688.9141,537.1840,563.1244,79.2894,1.000000,0,1
537,1,500.2512,580.0573,40.5124,22.1877,1.000000,0,1
537,2,614.2204,529.2693,314.8131,84.0020,1.000000,0.625,0.375
537,3,569.2834,581.4619,42.1755,19.2775,1.000000,0,1
537,4,142.8168,578.0063,165.7452,20.8896,1.000000,0,1
537,5,386.2964,575.4307,106.0278,15.4791,1.000000,0,1
537,6,688.1512,537.2891,562.9542,79.2872,1.000000,0,1
538,1,499.7538,580.0612,40.5217,22.1871,1.000000,0,1
538,2,614.5585,529.2799,314.8892,84.0166,1.000000,0.3125,0.6875
538,3,568.7379,581.3917,42.1821,19.2747,1.000000,0,1
538,4,143.1731,578.0729,165.7789,20.8960,1.000000,0,1
538,5,386.8481,575.4473,106.0425,15.4824,1.000000,0,1
538,6,687.3878,537.3940,562.7762,79.2837,1.000000,0,1
539,1,499.2571,580.0738,40.5309,22.1866,1.000000,0,1
539,2,614.8978,529.2925,314.9662,84.0315,1.000000,0.3125,0.6875
539,3,568.1919,581.3192,42.1886,19.2719,1.000000,0,1
539,4,143.5303,578.1453,165.8127,20.9026,1.000000,0,1
539,5,387.3992,575.4688,106.0577,15.4858,1.000000,0,1
539,6,686.6245,537.5015,562.5925,79.2796,1.000000,0,1
540,1,498.7609,580.0938,40.5402,22.1862,1.000000,0,1
540,2,615.2378,529.3073,315.0443,84.0468,1.000000,0.375,0.625
540,3,567.6460,581.2471,42.1954,19.2691,1.000000,0,1
540,4,143.8888,578.2218,165.8463,20.9091,1.000000,0,1
540,5,387.9504,575.4940,106.0731,15.4893,1.000000,0,1
540,6,685.8617,537.6093,562.4038,79.2748,1.000000,0,1
541,1,498.2635,580.1185,40.5493,22.1858,1.000000,0,1
541,2,615.5781,529.3247,315.1235,84.0625,1.000000,0.3125,0.6875
541,3,567.1004,581.1782,42.2021,19.2664,1.000000,0,1
541,4,144.2494,578.3013,165.8794,20.9156,1.000000,0,1
541,5,388.5019,575.5220,106.0886,15.4928,1.000000,0,1
541,6,685.0992,537.7156,562.2086,79.2690,1.000000,0,1
542,1,497.7629,580.1447,40.5584,22.1853,1.000000,0,1
542,2,615.9177,529.3457,315.2034,84.0784,1.000000,0.1875,0.8125
542,3,566.5544,581.1080,42.2088,19.2637,1.000000,0,1
542,4,144.6112,578.3856,165.9122,20.9221,1.000000,0,1
542,5,389.0533,575.5541,106.1042,15.4964,1.000000,0,1
542,6,684.3365,537.8215,562.0076,79.2624,1.000000,0,1
543,1,497.2591,580.1710,40.5674,22.1847,1.000000,0,1
543,2,616.2574,529.3689,315.2839,84.0948,1.000000,0.375,0.625
543,3,566.0082,581.0393,42.2157,19.2611,1.000000,0,1
543,4,144.9751,578.4731,165.9446,20.9286,1.000000,0,1
543,5,389.6047,575.5895,106.1201,15.5001,1.000000,0,1
543,6,683.5740,537.9249,561.8014,79.2548,1.000000,0,1
544,1,496.7526,580.1967,40.5762,22.1841,1.000000,0,1
544,2,616.5974,529.3932,315.3655,84.1114,1.000000,0.5,0.5
544,3,565.4622,580.9746,42.2228,19.2586,1.000000,0,1
544,4,145.3418,578.5626,165.9762,20.9351,1.000000,0,1
544,5,390.1565,575.6287,106.1361,15.5037,1.000000,0,1
544,6,682.8122,538.0243,561.5914,79.2466,1.000000,0,1
545,1,496.2445,580.2262,40.5849,22.1833,1.000000,0,1
545,2,616.9378,529.4200,315.4481,84.1283,1.000000,0.25,0.75
545,3,564.9150,580.9094,42.2299,19.2561,1.000000,0,1
545,4,145.7105,578.6553,166.0074,20.9415,1.000000,0,1
545,5,390.7076,575.6713,106.1522,15.5075,1.000000,0,1
545,6,682.0511,538.1230,561.3790,79.2380,1.000000,0,1
546,1,495.7354,580.2587,40.5935,22.1825,1.000000,0,1
546,2,617.2789,529.4483,315.5313,84.1456,1.000000,0.5625,0.4375
546,3,564.3672,580.8469,42.2372,19.2537,1.000000,0,1
546,4,146.0819,578.7494,166.0378,20.9479,1.000000,0,1
546,5,391.2586,575.7168,106.1685,15.5113,1.000000,0,1
546,6,681.2906,538.2195,561.1642,79.2290,1.000000,0,1
547,1,495.2258,580.2939,40.6021,22.1818,1.000000,0,1
547,2,617.6207,529.4776,315.6151,84.1630,1.000000,0.25,0.75
547,3,563.8189,580.7896,42.2448,19.2514,1.000000,0,1
547,4,146.4564,578.8436,166.0674,20.9541,1.000000,0,1
547,5,391.8097,575.7648,106.1849,15.5151,1.000000,0,1
547,6,680.5309,538.3126,560.9486,79.2197,1.000000,0,1
548,1,494.7162,580.3366,40.6106,22.1811,1.000000,0,1
548,2,617.9638,529.5088,315.6998,84.1806,1.000000,0.3125,0.6875
548,3,563.2696,580.7345,42.2523,19.2492,1.000000,0,1
548,4,146.8332,578.9402,166.0962,20.9603,1.000000,0,1
548,5,392.3600,575.8161,106.2014,15.5190,1.000000,0,1
548,6,679.7728,538.4036,560.7330,79.2102,1.000000,0,1
549,1,494.2063,580.3848,40.6191,22.1803,1.000000,0.0625,0.9375
549,2,618.3082,529.5413,315.7851,84.1985,1.000000,0.4375,0.5625
549,3,562.7194,580.6835,42.2601,19.2472,1.000000,0,1
549,4,147.2119,579.0375,166.1245,20.9664,1.000000,0,1
549,5,392.9099,575.8697,106.2183,15.5229,1.000000,0,1
549,6,679.0159,538.4915,560.5176,79.2006,1.000000,0,1
550,1,493.6960,580.4369,40.6274,22.1796,1.000000,0,1
550,2,618.6535,529.5747,315.8713,84.2167,1.000000,0.375,0.625
550,3,562.1685,580.6386,42.2680,19.2452,1.000000,0,1
550,4,147.5935,579.1343,166.1519,20.9724,1.000000,0,1
550,5,393.4598,575.9244,106.2353,15.5269,1.000000,0,1
550,6,678.2596,538.5757,560.3026,79.1909,1.000000,0,1
551,1,493.1859,580.4966,40.6358,22.1790,1.000000,0.125,0.875
551,2,618.9999,529.6107,315.9583,84.2351,1.000000,0.5625,0.4375
551,3,561.6164,580.5990,42.2761,19.2434,1.000000,0,1
551,4,147.9770,579.2328,166.1784,20.9784,1.000000,0,1
551,5,394.0095,575.9818,106.2524,15.5309,1.000000,0,1
551,6,677.5043,538.6591,560.0898,79.1814,1.000000,0,1
552,1,492.6757,580.5614,40.6441,22.1785,1.000000,0.0625,0.9375
552,2,619.3473,529.6483,316.0457,84.2537,1.000000,0.5,0.5
552,3,561.0634,580.5657,42.2843,19.2417,1.000000,0,1
552,4,148.3627,579.3319,166.2043,20.9842,1.000000,0,1
552,5,394.5588,576.0407,106.2697,15.5350,1.000000,0,1
552,6,676.7496,538.7404,559.8790,79.1722,1.000000,0,1
553,1,492.1654,580.6298,40.6523,22.1779,1.000000,0.0625,0.9375
553,2,619.6949,529.6874,316.1341,84.2726,1.000000,0.25,0.75
553,3,560.5096,580.5394,42.2926,19.2400,1.000000,0,1
553,4,148.7503,579.4310,166.2296,20.9900,1.000000,0,1
553,5,395.1078,576.1011,106.2872,15.5391,1.000000,0,1
553,6,675.9954,538.8176,559.6713,79.1631,1.000000,0,1
554,1,491.6555,580.7045,40.6604,22.1773,1.000000,0,1
554,2,620.0433,529.7285,316.2231,84.2918,1.000000,0.6875,0.3125
554,3,559.9540,580.5187,42.3010,19.2385,1.000000,0,1
554,4,149.1397,579.5320,166.2539,20.9957,1.000000,0,1
554,5,395.6558,576.1641,106.3048,15.5432,1.000000,0,1
554,6,675.2417,538.8938,559.4673,79.1546,1.000000,0,1
555,1,491.1458,580.7827,40.6685,22.1767,1.000000,0.1875,0.8125
555,2,620.3925,529.7709,316.3124,84.3111,1.000000,0.3125,0.6875
555,3,559.3972,580.5042,42.3095,19.2370,1.000000,0,1
555,4,149.5308,579.6342,166.2777,21.0013,1.000000,0,1
555,5,396.2032,576.2283,106.3227,15.5474,1.000000,0,1
555,6,674.4888,538.9684,559.2662,79.1463,1.000000,0,1
556,1,490.6362,580.8627,40.6762,22.1760,1.000000,0.1875,0.8125
556,2,620.7424,529.8144,316.4023,84.3305,1.000000,0.375,0.625
556,3,558.8388,580.4958,42.3178,19.2356,1.000000,0,1
556,4,149.9241,579.7365,166.3008,21.0069,1.000000,0,1
556,5,396.7503,576.2933,106.3406,15.5515,1.000000,0,1
556,6,673.7362,539.0413,559.0702,79.1387,1.000000,0,1
557,1,490.1283,580.9487,40.6840,22.1754,1.000000,0,1
557,2,621.0928,529.8601,316.4930,84.3503,1.000000,0.375,0.625
557,3,558.2776,580.4940,42.3264,19.2343,1.000000,0,1
557,4,150.3198,579.8398,166.3231,21.0123,1.000000,0,1
557,5,397.2958,576.3604,106.3591,15.5558,1.000000,0,1
557,6,672.9846,539.1154,558.8785,79.1317,1.000000,0,1
558,1,489.6214,581.0383,40.6915,22.1746,1.000000,0.125,0.875
558,2,621.4435,529.9073,316.5839,84.3702,1.000000,0.25,0.75
558,3,557.7151,580.4985,42.3348,19.2330,1.000000,0,1
558,4,150.7180,579.9440,166.3447,21.0177,1.000000,0,1
558,5,397.8403,576.4290,106.3777,15.5602,1.000000,0,1
558,6,672.2335,539.1898,558.6913,79.1254,1.000000,0,1
559,1,489.1152,581.1295,40.6989,22.1740,1.000000,0.375,0.625
559,2,621.7945,529.9557,316.6750,84.3902,1.000000,0.4375,0.5625
559,3,557.1522,580.5099,42.3431,19.2317,1.000000,0,1
559,4,151.1189,580.0490,166.3656,21.0230,1.000000,0,1
559,5,398.3839,576.4994,106.3965,15.5645,1.000000,0,1
559,6,671.4828,539.2635,558.5096,79.1198,1.000000,0,1
560,1,488.6110,581.2263,40.7063,22.1733,1.000000,0.0625,0.9375
560,2,622.1461,530.0057,316.7661,84.4102,1.000000,0.1875,0.8125
560,3,556.5891,580.5298,42.3517,19.2306,1.000000,0,1
560,4,151.5213,580.1574,166.3858,21.0282,1.000000,0,1
560,5,398.9260,576.5724,106.4158,15.5690,1.000000,0,1
560,6,670.7332,539.3395,558.3331,79.1149,1.000000,0,1
561,1,488.1079,581.3259,40.7136,22.1726,1.000000,0.3125,0.6875
561,2,622.4983,530.0568,316.8572,84.4303,1.000000,0.4375,0.5625
561,3,556.0261,580.5570,42.3602,19.2295,1.000000,0,1
561,4,151.9252,580.2682,166.4056,21.0335,1.000000,0,1
561,5,399.4669,576.6475,106.4352,15.5734,1.000000,0,1
561,6,669.9844,539.4173,558.1612,79.1109,1.000000,0,1
562,1,487.6054,581.4258,40.7209,22.1719,1.000000,0.4375,0.5625
562,2,622.8511,530.1091,316.9487,84.4505,1.000000,0.375,0.625
562,3,555.4634,580.5905,42.3688,19.2285,1.000000,0,1
562,4,152.3315,580.3801,166.4245,21.0386,1.000000,0,1
562,5,400.0072,576.7241,106.4550,15.5780,1.000000,0,1
562,6,669.2361,539.4969,557.9952,79.1077,1.000000,0,1
563,1,487.1052,581.5313,40.7278,22.1712,1.000000,0.3125,0.6875
563,2,623.2045,530.1636,317.0398,84.4707,1.000000,0.3125,0.6875
563,3,554.9017,580.6317,42.3773,19.2276,1.000000,0,1
563,4,152.7397,580.4950,166.4428,21.0437,1.000000,0,1
563,5,400.5475,576.8026,106.4750,15.5827,1.000000,0,1
563,6,668.4891,539.5801,557.8347,79.1053,1.000000,0,1
564,1,486.6055,581.6387,40.7351,22.1706,1.000000,0.3125,0.6875
564,2,623.5583,530.2195,317.1304,84.4908,1.000000,0.3125,0.6875
564,3,554.3406,580.6791,42.3858,19.2267,1.000000,0,1
564,4,153.1509,580.6115,166.4601,21.0487,1.000000,0,1
564,5,401.0878,576.8829,106.4953,15.5873,1.000000,0,1
564,6,667.7426,539.6665,557.6796,79.1039,1.000000,0,1
565,1,486.1061,581.7454,40.7421,22.1699,1.000000,0.4375,0.5625
565,2,623.9124,530.2770,317.2201,84.5108,1.000000,0.4375,0.5625
565,3,553.7804,580.7308,42.3944,19.2259,1.000000,0,1
565,4,153.5657,580.7277,166.4763,21.0536,1.000000,0,1
565,5,401.6275,576.9661,106.5162,15.5921,1.000000,0,1
565,6,666.9967,539.7558,557.5298,79.1033,1.000000,0,1
566,1,485.6088,581.8566,40.7490,22.1693,1.000000,0.375,0.625
566,2,624.2670,530.3366,317.3091,84.5306,1.000000,0.4375,0.5625
566,3,553.2226,580.7895,42.4029,19.2252,1.000000,0,1
566,4,153.9831,580.8459,166.4918,21.0583,1.000000,0,1
566,5,402.1669,577.0538,106.5371,15.5969,1.000000,0,1
566,6,666.2515,539.8496,557.3850,79.1037,1.000000,0,1
567,1,485.1120,581.9689,40.7559,22.1686,1.000000,0.5,0.5
567,2,624.6219,530.3976,317.3974,84.5503,1.000000,0.4375,0.5625
567,3,552.6663,580.8530,42.4113,19.2245,1.000000,0,1
567,4,154.4040,580.9647,166.5063,21.0630,1.000000,0,1
567,5,402.7058,577.1453,106.5584,15.6018,1.000000,0,1
567,6,665.5065,539.9468,557.2448,79.1048,1.000000,0,1
568,1,484.6149,582.0796,40.7629,22.1679,1.000000,0.375,0.625
568,2,624.9774,530.4604,317.4850,84.5699,1.000000,0.3125,0.6875
568,3,552.1108,580.9199,42.4197,19.2239,1.000000,0,1
568,4,154.8292,581.0819,166.5193,21.0675,1.000000,0,1
568,5,403.2445,577.2400,106.5799,15.6068,1.000000,0,1
568,6,664.7614,540.0471,557.1090,79.1066,1.000000,0,1
569,1,484.1201,582.1945,40.7697,22.1673,1.000000,0.5625,0.4375
569,2,625.3343,530.5255,317.5714,84.5893,1.000000,0.25,0.75
569,3,551.5582,580.9943,42.4282,19.2234,1.000000,0,1
569,4,155.2578,581.1992,166.5315,21.0719,1.000000,0,1
569,5,403.7831,577.3385,106.6015,15.6118,1.000000,0,1
569,6,664.0167,540.1530,556.9775,79.1092,1.000000,0,1
570,1,483.6259,582.3099,40.7766,22.1666,1.000000,0.5625,0.4375
570,2,625.6919,530.5925,317.6566,84.6084,1.000000,0.5,0.5
570,3,551.0068,581.0737,42.4367,19.2229,1.000000,0,1
570,4,155.6903,581.3153,166.5425,21.0761,1.000000,0,1
570,5,404.3221,577.4404,106.6232,15.6168,1.000000,0,1
570,6,663.2722,540.2631,556.8501,79.1127,1.000000,0,1
571,1,483.1315,582.4232,40.7833,22.1660,1.000000,0.625,0.375
571,2,626.0499,530.6614,317.7404,84.6271,1.000000,0.5,0.5
571,3,550.4562,581.1565,42.4451,19.2224,1.000000,0,1
571,4,156.1265,581.4283,166.5526,21.0801,1.000000,0,1
571,5,404.8609,577.5466,106.6451,15.6220,1.000000,0,1
571,6,662.5277,540.3773,556.7266,79.1168,1.000000,0,1
572,1,482.6385,582.5404,40.7902,22.1653,1.000000,0.6875,0.3125
572,2,626.4092,530.7332,317.8228,84.6456,1.000000,0.4375,0.5625
572,3,549.9081,581.2480,42.4536,19.2222,1.000000,0,1
572,4,156.5661,581.5400,166.5615,21.0840,1.000000,0,1
572,5,405.3999,577.6570,106.6670,15.6271,1.000000,0,1
572,6,661.7834,540.4971,556.6076,79.1218,1.000000,0,1
573,1,482.1454,582.6578,40.7971,22.1647,1.000000,0.6875,0.3125
573,2,626.7695,530.8070,317.9034,84.6638,1.000000,0.6875,0.3125
573,3,549.3610,581.3453,42.4622,19.2220,1.000000,0,1
573,4,157.0089,581.6489,166.5696,21.0878,1.000000,0,1
573,5,405.9392,577.7701,106.6890,15.6323,1.000000,0,1
573,6,661.0388,540.6208,556.4926,79.1275,1.000000,0,1
574,1,481.6515,582.7727,40.8039,22.1641,1.000000,0.75,0.25
574,2,627.1305,530.8820,317.9823,84.6814,1.000000,0.5625,0.4375
574,3,548.8141,581.4464,42.4708,19.2218,1.000000,0,1
574,4,157.4557,581.7534,166.5764,21.0914,1.000000,0,1
574,5,406.4792,577.8850,106.7109,15.6375,1.000000,0,1
574,6,660.2941,540.7464,556.3795,79.1336,1.000000,0,1
575,1,481.1587,582.8894,40.8107,22.1646,1.000000,0.875,0.125
575,2,627.4926,530.9598,318.0594,84.6988,1.000000,0.4375,0.5625
575,3,548.2697,581.5559,42.4794,19.2218,1.000000,0,1
575,4,157.9050,581.8552,166.5825,21.0949,1.000000,0,1
575,5,407.0196,578.0031,106.7327,15.6427,1.000000,0,1
575,6,659.5496,540.8771,556.2688,79.1403,1.000000,0,1
576,1,480.6660,583.0047,40.8175,22.1670,1.000000,0.625,0.375
576,2,627.8557,531.0399,318.1354,84.7159,1.000000,0.5,0.5
576,3,547.7258,581.6704,42.4880,19.2218,1.000000,0,1
576,4,158.3566,581.9533,166.5878,21.0982,1.000000,0,1
576,5,407.5602,578.1234,106.7544,15.6479,1.000000,0,1
576,6,658.8049,541.0109,556.1609,79.1475,1.000000,0,1
577,1,480.1724,583.1178,40.8243,22.1693,1.000000,0.75,0.25
577,2,628.2198,531.1212,318.2098,84.7327,1.000000,0.5,0.5
577,3,547.1815,581.7874,42.4966,19.2219,1.000000,0,1
577,4,158.8108,582.0460,166.5923,21.1014,1.000000,0,1
577,5,408.1011,578.2444,106.7761,15.6532,1.000000,0,1
577,6,658.0602,541.1453,556.0555,79.1550,1.000000,0,1
578,1,479.6793,583.2329,40.8312,22.1718,1.000000,0.875,0.125
578,2,628.5855,531.2057,318.2833,84.7492,1.000000,0.5,0.5
578,3,546.6372,581.9094,42.5054,19.2220,1.000000,0,1
578,4,159.2666,582.1351,166.5964,21.1045,1.000000,0,1
578,5,408.6416,578.3678,106.7978,15.6584,1.000000,0,1
578,6,657.3159,541.2830,555.9532,79.1632,1.000000,0,1
579,1,479.1857,583.3479,40.8382,22.1741,1.000000,0.9375,0.0625
579,2,628.9521,531.2923,318.3557,84.7656,1.000000,0.5,0.5
579,3,546.0927,582.0341,42.5140,19.2221,1.000000,0,1
579,4,159.7239,582.2202,166.6000,21.1074,1.000000,0,1
579,5,409.1817,578.4924,106.8192,15.6636,1.000000,0,1
579,6,656.5719,541.4218,555.8529,79.1716,1.000000,0,1
580,1,478.6913,583.4606,40.8450,22.1765,1.000000,0.75,0.25
580,2,629.3193,531.3799,318.4270,84.7817,1.000000,0.4375,0.5625
580,3,545.5474,582.1594,42.5225,19.2222,1.000000,0,1
580,4,160.1825,582.3002,166.6031,21.1103,1.000000,0,1
580,5,409.7217,578.6171,106.8405,15.6688,1.000000,0,1
580,6,655.8276,541.5594,555.7550,79.1803,1.000000,0,1
581,1,478.1969,583.5743,40.8521,22.1788,1.000000,0.8125,0.1875
581,2,629.6882,531.4702,318.4979,84.7978,1.000000,0.375,0.625
581,3,545.0018,582.2880,42.5311,19.2223,1.000000,0,1
581,4,160.6423,582.3761,166.6057,21.1131,1.000000,0,1
581,5,410.2615,578.7415,106.8615,15.6739,1.000000,0,1
581,6,655.0831,541.6989,555.6605,79.1896,1.000000,0,1
582,1,477.7023,583.6877,40.8590,22.1813,1.000000,0.9375,0.0625
582,2,630.0579,531.5624,318.5688,84.8139,1.000000,0.375,0.625
582,3,544.4557,582.4178,42.5396,19.2224,1.000000,0,1
582,4,161.1028,582.4478,166.6081,21.1157,1.000000,0,1
582,5,410.8011,578.8652,106.8823,15.6791,1.000000,0,1
582,6,654.3384,541.8381,555.5687,79.1994,1.000000,0,1
583,1,477.2070,583.7992,40.8659,22.1835,1.000000,1,0
583,2,630.4283,531.6555,318.6387,84.8299,1.000000,0.4375,0.5625
583,3,543.9095,582.5482,42.5481,19.2224,1.000000,0,1
583,4,161.5641,582.5142,166.6101,21.1183,1.000000,0,1
583,5,411.3408,578.9880,106.9029,15.6841,1.000000,0,1
583,6,653.5931,541.9754,555.4796,79.2094,1.000000,0,1
584,1,476.7114,583.9106,40.8730,22.1859,1.000000,0.9375,0.0625
584,2,630.7992,531.7516,318.7088,84.8460,1.000000,0.5,0.5
584,3,543.3640,582.6808,42.5564,19.2225,1.000000,0,1
584,4,162.0256,582.5765,166.6121,21.1209,1.000000,0,1
584,5,411.8805,579.1107,106.9232,15.6891,1.000000,0,1
584,6,652.8480,542.1137,555.3922,79.2196,1.000000,0,1
585,1,476.2155,584.0213,40.8801,22.1882,1.000000,0.8125,0.1875
585,2,631.1705,531.8494,318.7789,84.8622,1.000000,0.6875,0.3125
585,3,542.8182,582.8145,42.5648,19.2226,1.000000,0,1
585,4,162.4873,582.6349,166.6139,21.1233,1.000000,0,1
585,5,412.4203,579.2334,106.9433,15.6941,1.000000,0,1
585,6,652.1028,542.2515,555.3062,79.2301,1.000000,0,1
586,1,475.7197,584.1302,40.8872,22.1905,1.000000,1,0
586,2,631.5422,531.9485,318.8489,84.8784,1.000000,0.5625,0.4375
586,3,542.2720,582.9456,42.5731,19.2254,1.000000,0,1
586,4,162.9491,582.6886,166.6156,21.1258,1.000000,0,1
586,5,412.9598,579.3558,106.9633,15.6991,1.000000,0,1
586,6,651.3569,542.3875,555.2224,79.2409,1.000000,0,1
587,1,475.2241,584.2388,40.8944,22.1928,1.000000,0.9375,0.0625
587,2,631.9140,532.0503,318.9193,84.8947,1.000000,0.5,0.5
587,3,541.7260,583.0776,42.5814,19.2293,1.000000,0,1
587,4,163.4106,582.7388,166.6174,21.1281,1.000000,0,1
587,5,413.4993,579.4792,106.9832,15.7041,1.000000,0,1
587,6,650.6113,542.5239,555.1412,79.2520,1.000000,0,1
588,1,474.7283,584.3465,40.9015,22.1951,1.000000,1,0
588,2,632.2856,532.1537,318.9901,84.9113,1.000000,0.4375,0.5625
588,3,541.1801,583.2104,42.5897,19.2330,1.000000,0,1
588,4,163.8715,582.7855,166.6191,21.1305,1.000000,0,1
588,5,414.0388,579.6036,107.0031,15.7090,1.000000,0,1
588,6,649.8654,542.6599,555.0624,79.2635,1.000000,0,1
589,1,474.2319,584.4525,40.9088,22.1972,1.000000,0.9375,0.0625
589,2,632.6570,532.2577,319.0607,84.9279,1.000000,0.25,0.75
589,3,540.6339,583.3434,42.5979,19.2367,1.000000,0,1
589,4,164.3320,582.8283,166.6209,21.1327,1.000000,0,1
589,5,414.5782,579.7284,107.0230,15.7140,1.000000,0,1
589,6,649.1191,542.7937,554.9844,79.2750,1.000000,0,1
590,1,473.7350,584.5576,40.9161,22.1995,1.000000,0.9375,0.0625
590,2,633.0281,532.3641,319.1324,84.9449,1.000000,0.4375,0.5625
590,3,540.0883,583.4779,42.6060,19.2405,1.000000,0,1
590,4,164.7922,582.8658,166.6226,21.1367,1.000000,0,1
590,5,415.1183,579.8550,107.0425,15.7189,1.000000,0,1
590,6,648.3730,542.9286,554.9080,79.2868,1.000000,0,1
591,1,473.2376,584.6616,40.9234,22.2017,1.000000,0.9375,0.0625
591,2,633.3989,532.4719,319.2042,84.9619,1.000000,0.625,0.375
591,3,539.5426,583.6134,42.6141,19.2443,1.000000,0,1
591,4,165.2525,582.8988,166.6242,21.1417,1.000000,0,1
591,5,415.6586,579.9831,107.0619,15.7239,1.000000,0,1
591,6,647.6270,543.0631,554.8326,79.2987,1.000000,0,1
592,1,472.7391,584.7635,40.9309,22.2038,1.000000,1,0
592,2,633.7692,532.5800,319.2760,84.9791,1.000000,0.375,0.625
592,3,538.9969,583.7490,42.6221,19.2481,1.000000,0,1
592,4,165.7127,582.9288,166.6258,21.1464,1.000000,0,1
592,5,416.1989,580.1126,107.0816,15.7289,1.000000,0,1
592,6,646.8812,543.1962,554.7581,79.3106,1.000000,0,1
593,1,472.2397,584.8646,40.9385,22.2061,1.000000,1,0
593,2,634.1383,532.6908,319.3486,84.9965,1.000000,0.75,0.25
593,3,538.4515,583.8864,42.6301,19.2519,1.000000,0,1
593,4,166.1726,582.9561,166.6275,21.1508,1.000000,0,1
593,5,416.7397,580.2446,107.1010,15.7339,1.000000,0,1
593,6,646.1359,543.3311,554.6843,79.3228,1.000000,0,1
594,1,471.7397,584.9634,40.9460,22.2082,1.000000,0.875,0.125
594,2,634.5067,532.8027,319.4217,85.0141,1.000000,0.1875,0.8125
594,3,537.9063,584.0244,42.6381,19.2557,1.000000,0,1
594,4,166.6330,582.9807,166.6290,21.1550,1.000000,0,1
594,5,417.2812,580.3786,107.1201,15.7388,1.000000,0,1
594,6,645.3909,543.4666,554.6105,79.3350,1.000000,0,1
595,1,471.2391,585.0582,40.9536,22.2102,1.000000,1,0
595,2,634.8742,532.9144,319.4948,85.0317,1.000000,0.5,0.5
595,3,537.3610,584.1627,42.6458,19.2594,1.000000,0,1
595,4,167.0937,583.0027,166.6304,21.1589,1.000000,0,1
595,5,417.8235,580.5135,107.1393,15.7438,1.000000,0,1
595,6,644.6461,543.6015,554.5359,79.3470,1.000000,0,1
596,1,470.7375,585.1516,40.9612,22.2121,1.000000,0.9375,0.0625
596,2,635.2404,533.0288,319.5682,85.0496,1.000000,0.625,0.375
596,3,536.8159,584.3021,42.6536,19.2633,1.000000,0,1
596,4,167.5547,583.0223,166.6318,21.1626,1.000000,0,1
596,5,418.3666,580.6506,107.1583,15.7488,1.000000,0,1
596,6,643.9020,543.7389,554.4611,79.3590,1.000000,0,1
597,1,470.2351,585.2422,40.9690,22.2140,1.000000,0.875,0.125
597,2,635.6056,533.1444,319.6417,85.0676,1.000000,0.625,0.375
597,3,536.2708,584.4422,42.6612,19.2671,1.000000,0,1
597,4,168.0160,583.0394,166.6330,21.1660,1.000000,0,1
597,5,418.9103,580.7888,107.1774,15.7538,1.000000,0,1
597,6,643.1584,543.8777,554.3846,79.3709,1.000000,0,1
598,1,469.7324,585.3287,40.9768,22.2157,1.000000,1,0
598,2,635.9698,533.2600,319.7153,85.0856,1.000000,0.25,0.75
598,3,535.7252,584.5825,42.6688,19.2708,1.000000,0,1
598,4,168.4774,583.0540,166.6343,21.1692,1.000000,0,1
598,5,419.4549,580.9267,107.1962,15.7587,1.000000,0,1
598,6,642.4149,544.0169,554.3057,79.3825,1.000000,0,1
599,1,469.2288,585.4138,40.9846,22.2174,1.000000,0.9375,0.0625
599,2,636.3327,533.3779,319.7890,85.1038,1.000000,0.25,0.75
599,3,535.1796,584.7233,42.6763,19.2745,1.000000,0,1
599,4,168.9385,583.0660,166.6357,21.1721,1.000000,0,1
599,5,420.0005,581.0659,107.2145,15.7636,1.000000,0,1
599,6,641.6714,544.1587,554.2252,79.3939,1.000000,0,1
600,1,468.7247,585.4966,40.9925,22.2190,1.000000,1,0
600,2,636.6945,533.4971,319.8625,85.1219,1.000000,0.6875,0.3125
600,3,534.6343,584.8643,42.6835,19.2781,1.000000,0,1
600,4,169.3996,583.0756,166.6372,21.1749,1.000000,0,1
600,5,420.5469,581.2051,107.2329,15.7685,1.000000,0,1
600,6,640.9284,544.3024,554.1414,79.4050,1.000000,0,1
601,1,468.2203,585.5760,41.0003,22.2205,1.000000,1,0
601,2,637.0554,533.6166,319.9358,85.1401,1.000000,0.625,0.375
601,3,534.0889,585.0047,42.6909,19.2818,1.000000,0,1
601,4,169.8612,583.0822,166.6385,21.1773,1.000000,0,1
601,5,421.0943,581.3431,107.2510,15.7733,1.000000,0,1
601,6,640.1855,544.4468,554.0540,79.4155,1.000000,0,1
602,1,467.7155,585.6541,41.0082,22.2220,1.000000,1,0
602,2,637.4152,533.7386,320.0089,85.1584,1.000000,0.4375,0.5625
602,3,533.5441,585.1449,42.6981,19.2854,1.000000,0,1
602,4,170.3220,583.0862,166.6399,21.1794,1.000000,0,1
602,5,421.6424,581.4808,107.2687,15.7781,1.000000,0,1
602,6,639.4235,544.5939,553.9814,79.4254,1.000000,0,1
603,1,467.2105,585.7298,41.0161,22.2234,1.000000,0.9375,0.0625
603,2,637.7742,533.8615,320.0819,85.1767,1.000000,0.6875,0.3125
603,3,533.0000,585.2845,42.7051,19.2888,1.000000,0,1
603,4,170.7823,583.0874,166.6413,21.1813,1.000000,0,1
603,5,422.1912,581.6175,107.2861,15.7828,1.000000,0,1
603,6,638.6552,544.7427,553.9113,79.4347,1.000000,0,1
604,1,466.7057,585.8025,41.0241,22.2246,1.000000,1,0
604,2,638.1329,533.9846,320.1545,85.1948,1.000000,0.5,0.5
604,3,532.4565,585.4230,42.7120,19.2922,1.000000,0,1
604,4,171.2416,583.0851,166.6429,21.1830,1.000000,0,1
604,5,422.7405,581.7521,107.3033,15.7875,1.000000,0,1
604,6,637.8871,544.8921,553.8373,79.4433,1.000000,0,1
605,1,466.2009,585.8741,41.0320,22.2259,1.000000,1,0
605,2,638.4913,534.1105,320.2266,85.2130,1.000000,0.375,0.625
605,3,531.9139,585.5602,42.7189,19.2955,1.000000,0,1
605,4,171.7003,583.0788,166.6448,21.1842,1.000000,0,1
605,5,423.2903,581.8862,107.3201,15.7921,1.000000,0,1
605,6,637.1204,545.0441,553.7573,79.4513,1.000000,0,1
606,1,465.6962,585.9440,41.0400,22.2271,1.000000,1,0
606,2,638.8498,534.2375,320.2982,85.2310,1.000000,0.5625,0.4375
606,3,531.3719,585.6962,42.7258,19.2988,1.000000,0,1
606,4,172.1584,583.0690,166.6466,21.1851,1.000000,0,1
606,5,423.8407,582.0189,107.3365,15.7967,1.000000,0,1
606,6,636.3549,545.1970,553.6708,79.4584,1.000000,0,1
607,1,465.1915,586.0109,41.0479,22.2282,1.000000,1,0
607,2,639.2085,534.3646,320.3693,85.2490,1.000000,0.4375,0.5625
607,3,530.8306,585.8301,42.7327,19.3020,1.000000,0,1
607,4,172.6155,583.0558,166.6488,21.1857,1.000000,0,1
607,5,424.3912,582.1492,107.3527,15.8012,1.000000,0,1
607,6,635.5901,545.3489,553.5778,79.4644,1.000000,0,1
608,1,464.6864,586.0772,41.0559,22.2293,1.000000,1,0
608,2,639.5671,534.4951,320.4397,85.2669,1.000000,0.625,0.375
608,3,530.2900,585.9620,42.7396,19.3052,1.000000,0,1
608,4,173.0714,583.0389,166.6512,21.1860,1.000000,0,1
608,5,424.9420,582.2780,107.3687,15.8056,1.000000,0,1
608,6,634.8269,545.5026,553.4788,79.4696,1.000000,0,1
609,1,464.1813,586.1420,41.0640,22.2303,1.000000,1,0
609,2,639.9258,534.6273,320.5095,85.2848,1.000000,0.625,0.375
609,3,529.7502,586.0919,42.7462,19.3082,1.000000,0,1
609,4,173.5261,583.0189,166.6540,21.1860,1.000000,0,1
609,5,425.4934,582.4050,107.3843,15.8100,1.000000,0,1
609,6,634.0647,545.6563,553.3740,79.4740,1.000000,0,1
610,1,463.6762,586.2047,41.0720,22.2312,1.000000,1,0
610,2,640.2731,534.7603,320.5899,85.3024,1.000000,0.375,0.625
610,3,529.2109,586.2196,42.7531,19.3111,1.000000,0,1
610,4,173.9792,582.9962,166.6572,21.1858,1.000000,0,1
610,5,426.0458,582.5298,107.3994,15.8144,1.000000,0,1
610,6,633.3038,545.8082,553.2613,79.4772,1.000000,0,1
611,1,463.1711,586.2665,41.0799,22.2321,1.000000,1,0
611,2,640.6172,534.8966,320.6724,85.3200,1.000000,0.75,0.25
611,3,528.6721,586.3445,42.7601,19.3141,1.000000,0,1
611,4,174.4305,582.9708,166.6609,21.1855,1.000000,0,1
611,5,426.5984,582.6541,107.4144,15.8186,1.000000,0,1
611,6,632.5446,545.9615,553.1420,79.4794,1.000000,0,1
612,1,462.6660,586.3271,41.0879,22.2330,1.000000,1,0
612,2,640.9612,535.0349,320.7541,85.3375,1.000000,0.375,0.625
612,3,528.1337,586.4671,42.7670,19.3169,1.000000,0.125,0.875
612,4,174.8803,582.9434,166.6651,21.1849,1.000000,0,1
612,5,427.1519,582.7775,107.4292,15.8229,1.000000,0,1
612,6,631.7866,546.1144,553.0162,79.4807,1.000000,0,1
613,1,462.1609,586.3859,41.0959,22.2337,1.000000,1,0
613,2,641.3052,535.1740,320.8356,85.3550,1.000000,0.3125,0.6875
613,3,527.5956,586.5872,42.7740,19.3197,1.000000,0.0625,0.9375
613,4,175.3283,582.9143,166.6698,21.1844,1.000000,0,1
613,5,427.7064,582.8965,107.4436,15.8295,1.000000,0,1
613,6,631.0301,546.2650,552.8808,79.4805,1.000000,0,1
614,1,461.6558,586.4443,41.1038,22.2345,1.000000,1,0
614,2,641.6488,535.3160,320.9164,85.3724,1.000000,0.4375,0.5625
614,3,527.0576,586.7046,42.7811,19.3224,1.000000,0.0625,0.9375
614,4,175.7744,582.8837,166.6751,21.1837,1.000000,0,1
614,5,428.2620,583.0125,107.4575,15.8394,1.000000,0,1
614,6,630.2751,546.4161,552.7399,79.4794,1.000000,0,1
615,1,461.1513,586.5015,41.1116,22.2352,1.000000,1,0
615,2,641.9922,535.4592,320.9966,85.3897,1.000000,0.4375,0.5625
615,3,526.5191,586.8196,42.7884,19.3251,1.000000,0.1875,0.8125
615,4,176.2188,582.8519,166.6809,21.1830,1.000000,0,1
615,5,428.8187,583.1277,107.4711,15.8492,1.000000,0,1
615,6,629.5216,546.5670,552.5924,79.4774,1.000000,0,1
616,1,460.6470,586.5570,41.1194,22.2357,1.000000,1,0
616,2,642.3359,535.6022,321.0762,85.4069,1.000000,0.625,0.375
616,3,525.9803,586.9324,42.7958,19.3278,1.000000,0.25,0.75
616,4,176.6615,582.8176,166.6873,21.1845,1.000000,0,1
616,5,429.3770,583.2414,107.4841,15.8587,1.000000,0,1
616,6,628.7695,546.7160,552.4365,79.4741,1.000000,0,1
617,1,460.1429,586.6117,41.1271,22.2363,1.000000,1,0
617,2,642.6795,535.7471,321.1548,85.4238,1.000000,0.5625,0.4375
617,3,525.4412,587.0425,42.8032,19.3304,1.000000,0.25,0.75
617,4,177.1029,582.7823,166.6944,21.1866,1.000000,0,1
617,5,429.9365,583.3551,107.4968,15.8684,1.000000,0,1
617,6,628.0181,546.8651,552.2737,79.4697,1.000000,0,1
618,1,459.6392,586.6652,41.1347,22.2367,1.000000,1,0
618,2,643.0234,535.8925,321.2330,85.4406,1.000000,0.4375,0.5625
618,3,524.9019,587.1499,42.8109,19.3330,1.000000,0.25,0.75
618,4,177.5430,582.7474,166.7019,21.1888,1.000000,0,1
618,5,430.4974,583.4679,107.5092,15.8778,1.000000,0,1
618,6,627.2674,547.0134,552.1047,79.4644,1.000000,0,1
619,1,459.1359,586.7169,41.1423,22.2370,1.000000,1,0
619,2,643.3677,536.0373,321.3102,85.4572,1.000000,0.375,0.625
619,3,524.3633,587.2538,42.8183,19.3354,1.000000,0,1
619,4,177.9823,582.7134,166.7100,21.1910,1.000000,0,1
619,5,431.0603,583.5782,107.5210,15.8871,1.000000,0,1
619,6,626.5176,547.1605,551.9273,79.4579,1.000000,0,1
620,1,458.6331,586.7675,41.1498,22.2373,1.000000,1,0
620,2,643.7119,536.1830,321.3867,85.4736,1.000000,0.5,0.5
620,3,523.8251,587.3546,42.8257,19.3376,1.000000,0.4375,0.5625
620,4,178.4205,582.6803,166.7186,21.1933,1.000000,0,1
620,5,431.6256,583.6877,107.5324,15.8962,1.000000,0,1
620,6,625.7689,547.3093,551.7438,79.4505,1.000000,0,1
621,1,458.1306,586.8165,41.1573,22.2374,1.000000,1,0
621,2,644.0562,536.3281,321.4626,85.4898,1.000000,0.6875,0.3125
621,3,523.2874,587.4522,42.8331,19.3397,1.000000,0.25,0.75
621,4,178.8582,582.6482,166.7276,21.1957,1.000000,0,1
621,5,432.1933,583.7958,107.5433,15.9052,1.000000,0,1
621,6,625.0215,547.4584,551.5542,79.4422,1.000000,0,1
622,1,457.6288,586.8632,41.1646,22.2374,1.000000,1,0
622,2,644.4009,536.4711,321.5375,85.5056,1.000000,0.625,0.375
622,3,522.7504,587.5458,42.8404,19.3416,1.000000,0.4375,0.5625
622,4,179.2952,582.6172,166.7371,21.1982,1.000000,0,1
622,5,432.7630,583.9015,107.5537,15.9140,1.000000,0,1
622,6,624.2754,547.6063,551.3569,79.4327,1.000000,0,1
623,1,457.1277,586.9082,41.1718,22.2374,1.000000,1,0
623,2,644.7458,536.6138,321.6119,85.5213,1.000000,0.5625,0.4375
623,3,522.2135,587.6366,42.8478,19.3435,1.000000,0.125,0.875
623,4,179.7320,582.5876,166.7467,21.2007,1.000000,0,1
623,5,433.3350,584.0066,107.5637,15.9227,1.000000,0,1
623,6,623.5308,547.7562,551.1536,79.4224,1.000000,0,1
624,1,456.6277,586.9514,41.1789,22.2371,1.000000,1,0
624,2,645.0908,536.7546,321.6854,85.5367,1.000000,0.625,0.375
624,3,521.6771,587.7242,42.8550,19.3451,1.000000,0.3125,0.6875
624,4,180.1686,582.5592,166.7568,21.2033,1.000000,0,1
624,5,433.9092,584.1104,107.5731,15.9311,1.000000,0,1
624,6,622.7875,547.9070,550.9444,79.4113,1.000000,0,1
625,1,456.1289,586.9924,41.1859,22.2368,1.000000,1,0
625,2,645.4363,536.8923,321.7579,85.5516,1.000000,0.375,0.625
625,3,521.1413,587.8081,42.8622,19.3466,1.000000,0.5625,0.4375
625,4,180.6056,582.5317,166.7670,21.2059,1.000000,0,1
625,5,434.4856,584.2112,107.5820,15.9394,1.000000,0,1
625,6,622.0451,548.0572,550.7307,79.3994,1.000000,0,1
626,1,455.6310,587.0308,41.1929,22.2363,1.000000,1,0
626,2,645.7820,537.0289,321.8294,85.5662,1.000000,0.375,0.625
626,3,520.6056,587.8893,42.8693,19.3480,1.000000,0.5625,0.4375
626,4,181.0427,582.5053,166.7774,21.2085,1.000000,0,1
626,5,435.0637,584.3109,107.5905,15.9476,1.000000,0,1
626,6,621.3039,548.2092,550.5115,79.3868,1.000000,0,1
627,1,455.1342,587.0669,41.1997,22.2358,1.000000,1,0
627,2,646.1279,537.1631,321.9001,85.5805,1.000000,0.5,0.5
627,3,520.0701,587.9678,42.8764,19.3493,1.000000,0.5,0.5
627,4,181.4797,582.4798,166.7880,21.2112,1.000000,0,1
627,5,435.6437,584.4084,107.5986,15.9556,1.000000,0,1
627,6,620.5638,548.3619,550.2881,79.3736,1.000000,0,1
628,1,454.6389,587.1006,41.2064,22.2351,1.000000,1,0
628,2,646.4741,537.2932,321.9704,85.5945,1.000000,0.625,0.375
628,3,519.5352,588.0428,42.8834,19.3503,1.000000,0.5,0.5
628,4,181.9166,582.4547,166.7989,21.2139,1.000000,0,1
628,5,436.2258,584.5027,107.6060,15.9632,1.000000,0,1
628,6,619.8248,548.5139,550.0599,79.3597,1.000000,0,1
629,1,454.1449,587.1316,41.2131,22.2342,1.000000,1,0
629,2,646.8206,537.4211,322.0398,85.6081,1.000000,0.625,0.375
629,3,519.0004,588.1147,42.8903,19.3514,1.000000,0.25,0.75
629,4,182.3540,582.4304,166.8097,21.2167,1.000000,0,1
629,5,436.8098,584.5956,107.6131,15.9708,1.000000,0,1
629,6,619.0866,548.6672,549.8279,79.3452,1.000000,0,1
630,1,453.6522,587.1601,41.2196,22.2332,1.000000,1,0
630,2,647.1671,537.5456,322.1085,85.6214,1.000000,0.75,0.25
630,3,518.4661,588.1836,42.8973,19.3522,1.000000,0.6875,0.3125
630,4,182.7914,582.4067,166.8207,21.2195,1.000000,0,1
630,5,437.3956,584.6862,107.6198,15.9782,1.000000,0,1
630,6,618.3491,548.8210,549.5927,79.3303,1.000000,0,1
631,1,453.1608,587.1865,41.2262,22.2321,1.000000,1,0
631,2,647.5141,537.6653,322.1767,85.6344,1.000000,0.5,0.5
631,3,517.9327,588.2491,42.9042,19.3530,1.000000,0.8125,0.1875
631,4,183.2282,582.3837,166.8319,21.2222,1.000000,0,1
631,5,437.9838,584.7726,107.6260,15.9852,1.000000,0,1
631,6,617.6124,548.9733,549.3539,79.3148,1.000000,0,1
632,1,452.6709,587.2102,41.2324,22.2309,1.000000,1,0
632,2,647.8614,537.7818,322.2437,85.6469,1.000000,0.5,0.5
632,3,517.3996,588.3121,42.9111,19.3535,1.000000,0.5625,0.4375
632,4,183.6642,582.3619,166.8433,21.2250,1.000000,0,1
632,5,438.5750,584.8561,107.6317,15.9920,1.000000,0,1
632,6,616.8763,549.1270,549.1130,79.2990,1.000000,0,1
633,1,452.1820,587.2320,41.2387,22.2296,1.000000,1,0
633,2,648.2092,537.8943,322.3096,85.6589,1.000000,0.375,0.625
633,3,516.8669,588.3726,42.9181,19.3541,1.000000,0.8125,0.1875
633,4,184.0993,582.3412,166.8549,21.2279,1.000000,0,1
633,5,439.1690,584.9362,107.6372,15.9986,1.000000,0,1
633,6,616.1406,549.2806,548.8707,79.2829,1.000000,0,1
634,1,451.6945,587.2522,41.2449,22.2281,1.000000,1,0
634,2,648.5572,538.0020,322.3748,85.6705,1.000000,0.5625,0.4375
634,3,516.3346,588.4302,42.9250,19.3545,1.000000,0.5,0.5
634,4,184.5340,582.3215,166.8668,21.2308,1.000000,0,1
634,5,439.7657,585.0128,107.6421,16.0049,1.000000,0,1
634,6,615.4058,549.4324,548.6261,79.2665,1.000000,0,1
635,1,451.2080,587.2700,41.2510,22.2265,1.000000,1,0
635,2,648.9053,538.1063,322.4396,85.6817,1.000000,0.4375,0.5625
635,3,515.8021,588.4852,42.9320,19.3549,1.000000,0.625,0.375
635,4,184.9678,582.3030,166.8790,21.2338,1.000000,0,1
635,5,440.3643,585.0886,107.6469,16.0112,1.000000,0,1
635,6,614.6711,549.5842,548.3817,79.2501,1.000000,0,1
636,1,450.7226,587.2861,41.2570,22.2249,1.000000,1,0
636,2,649.2541,538.2065,322.5038,85.6927,1.000000,0.5625,0.4375
636,3,515.2698,588.5379,42.9390,19.3551,1.000000,0.6875,0.3125
636,4,185.4010,582.2863,166.8916,21.2368,1.000000,0,1
636,5,440.9647,585.1626,107.6513,16.0173,1.000000,0,1
636,6,613.9375,549.7350,548.1357,79.2333,1.000000,0,1
637,1,450.2381,587.3010,41.2630,22.2232,1.000000,1,0
637,2,649.6035,538.3015,322.5668,85.7031,1.000000,0.6875,0.3125
637,3,514.7367,588.5856,42.9459,19.3552,1.000000,0.875,0.125
637,4,185.8345,582.2716,166.9040,21.2399,1.000000,0,1
637,5,441.5669,585.2334,107.6553,16.0232,1.000000,0,1
637,6,613.2048,549.8829,547.8889,79.2163,1.000000,0,1
638,1,449.7543,587.3141,41.2689,22.2214,1.000000,1,0
638,2,649.9534,538.3926,322.6296,85.7133,1.000000,0.5625,0.4375
638,3,514.2023,588.6279,42.9528,19.3551,1.000000,0.8125,0.1875
638,4,186.2675,582.2597,166.9168,21.2430,1.000000,0,1
638,5,442.1711,585.3023,107.6589,16.0288,1.000000,0,1
638,6,612.4730,550.0300,547.6431,79.1994,1.000000,0,1
639,1,449.2709,587.3262,41.2747,22.2195,1.000000,1,0
639,2,650.3040,538.4796,322.6920,85.7231,1.000000,0.4375,0.5625
639,3,513.6665,588.6649,42.9597,19.3546,1.000000,0.9375,0.0625
639,4,186.7006,582.2508,166.9296,21.2461,1.000000,0,1
639,5,442.7768,585.3684,107.6623,16.0343,1.000000,0,1
639,6,611.7421,550.1758,547.3980,79.1825,1.000000,0,1
640,1,448.7875,587.3378,41.2805,22.2176,1.000000,1,0
640,2,650.6555,538.5616,322.7538,85.7325,1.000000,0.625,0.375
640,3,513.1295,588.6963,42.9664,19.3539,1.000000,0.875,0.125
640,4,187.1334,582.2450,166.9428,21.2494,1.000000,0,1
640,5,443.3841,585.4304,107.6653,16.0395,1.000000,0,1
640,6,611.0115,550.3185,547.1543,79.1656,1.000000,0,1
641,1,448.3044,587.3475,41.2863,22.2156,1.000000,1,0
641,2,651.0082,538.6395,322.8153,85.7416,1.000000,0.5625,0.4375
641,3,512.5914,588.7231,42.9732,19.3531,1.000000,0.875,0.125
641,4,187.5663,582.2432,166.9560,21.2526,1.000000,0,1
641,5,443.9930,585.4899,107.6680,16.0445,1.000000,0,1
641,6,610.2813,550.4601,546.9113,79.1489,1.000000,0,1
642,1,447.8221,587.3561,41.2918,22.2135,1.000000,1,0
642,2,651.3618,538.7131,322.8768,85.7505,1.000000,0.5,0.5
642,3,512.0526,588.7461,42.9798,19.3520,1.000000,0.8125,0.1875
642,4,187.9994,582.2449,166.9693,21.2560,1.000000,0,1
642,5,444.6037,585.5462,107.6703,16.0493,1.000000,0,1
642,6,609.5514,550.6001,546.6698,79.1322,1.000000,0,1
643,1,447.3405,587.3644,41.2974,22.2114,1.000000,1,0
643,2,651.7162,538.7822,322.9380,85.7592,1.000000,0.375,0.625
643,3,511.5132,588.7659,42.9865,19.3508,1.000000,1,0
643,4,188.4334,582.2501,166.9824,21.2593,1.000000,0,1
643,5,445.2163,585.5975,107.6721,16.0537,1.000000,0,1
643,6,608.8217,550.7373,546.4284,79.1155,1.000000,0,1
644,1,446.8599,587.3715,41.3028,22.2091,1.000000,1,0
644,2,652.0712,538.8480,322.9988,85.7674,1.000000,0.375,0.625
644,3,510.9739,588.7832,42.9929,19.3494,1.000000,1,0
644,4,188.8684,582.2598,166.9955,21.2627,1.000000,0,1
644,5,445.8305,585.6461,107.6736,16.0578,1.000000,0,1
644,6,608.0920,550.8733,546.1897,79.0990,1.000000,0,1
645,1,446.3802,587.3776,41.3080,22.2068,1.000000,1,0
645,2,652.4268,538.9103,323.0591,85.7755,1.000000,0.3125,0.6875
645,3,510.4350,588.7986,42.9993,19.3480,1.000000,1,0
645,4,189.3045,582.2734,167.0082,21.2662,1.000000,0,1
645,5,446.4465,585.6909,107.6747,16.0617,1.000000,0,1
645,6,607.3631,551.0076,545.9517,79.0825,1.000000,0,1
646,1,445.9014,587.3834,41.3135,22.2044,1.000000,1,0
646,2,652.7825,538.9686,323.1193,85.7833,1.000000,0.375,0.625
646,3,509.8967,588.8124,43.0055,19.3464,1.000000,1,0
646,4,189.7421,582.2908,167.0210,21.2696,1.000000,0,1
646,5,447.0638,585.7310,107.6755,16.0654,1.000000,0,1
646,6,606.6345,551.1392,545.7142,79.0661,1.000000,0,1
647,1,445.4238,587.3881,41.3185,22.2019,1.000000,1,0
647,2,653.1382,539.0247,323.1793,85.7908,1.000000,0.5,0.5
647,3,509.3588,588.8243,43.0117,19.3447,1.000000,1,0
647,4,190.1817,582.3121,167.0330,21.2730,1.000000,0,1
647,5,447.6827,585.7684,107.6759,16.0687,1.000000,0,1
647,6,605.9059,551.2700,545.4789,79.0499,1.000000,0,1
648,1,444.9474,587.3921,41.3236,22.1994,1.000000,1,0
648,2,653.4938,539.0776,323.2387,85.7982,1.000000,0.5625,0.4375
648,3,508.8216,588.8344,43.0178,19.3429,1.000000,1,0
648,4,190.6236,582.3367,167.0446,21.2764,1.000000,0,1
648,5,448.3028,585.8024,107.6759,16.0719,1.000000,0,1
648,6,605.1783,551.3997,545.2443,79.0337,1.000000,0,1
649,1,444.4719,587.3959,41.3286,22.1969,1.000000,0.9375,0.0625
649,2,653.8492,539.1265,323.2979,85.8054,1.000000,0.625,0.375
649,3,508.2851,588.8425,43.0237,19.3410,1.000000,1,0
649,4,191.0686,582.3640,167.0554,21.2797,1.000000,0,1
649,5,448.9236,585.8328,107.6756,16.0747,1.000000,0,1
649,6,604.4513,551.5273,545.0111,79.0176,1.000000,0,1
650,1,443.9978,587.3984,41.3333,22.1942,1.000000,0.8125,0.1875
650,2,654.2040,539.1727,323.3571,85.8124,1.000000,0.4375,0.5625
650,3,507.7490,588.8489,43.0295,19.3390,1.000000,1,0
650,4,191.5159,582.3941,167.0655,21.2830,1.000000,0,1
650,5,449.5455,585.8609,107.6750,16.0774,1.000000,0,1
650,6,603.7244,551.6544,544.7795,79.0017,1.000000,0,1
651,1,443.5246,587.4007,41.3382,22.1915,1.000000,0.875,0.125
651,2,654.5584,539.2158,323.4160,85.8192,1.000000,0.5625,0.4375
651,3,507.2134,588.8541,43.0353,19.3368,1.000000,1,0
651,4,191.9655,582.4260,167.0751,21.2861,1.000000,0,1
651,5,450.1683,585.8862,107.6742,16.0799,1.000000,0,1
651,6,602.9983,551.7806,544.5485,78.9859,1.000000,0,1
652,1,443.0524,587.4032,41.3429,22.1888,1.000000,0.9375,0.0625
652,2,654.9128,539.2557,323.4747,85.8258,1.000000,0.5625,0.4375
652,3,506.6787,588.8584,43.0408,19.3346,1.000000,1,0
652,4,192.4175,582.4588,167.0840,21.2893,1.000000,0,1
652,5,450.7923,585.9087,107.6730,16.0822,1.000000,0,1
652,6,602.2729,551.9048,544.3179,78.9700,1.000000,0,1
653,1,442.5814,587.4047,41.3475,22.1861,1.000000,0.875,0.125
653,2,655.2667,539.2932,323.5328,85.8322,1.000000,0.625,0.375
653,3,506.1444,588.8608,43.0464,19.3322,1.000000,1,0
653,4,192.8714,582.4935,167.0922,21.2924,1.000000,0,1
653,5,451.4175,585.9300,107.6716,16.0843,1.000000,0,1
653,6,601.5478,552.0281,544.0884,78.9542,1.000000,0,1
654,1,442.1116,587.4064,41.3521,22.1832,1.000000,0.875,0.125
654,2,655.6204,539.3280,323.5911,85.8385,1.000000,0.5,0.5
654,3,505.6113,588.8621,43.0517,19.3299,1.000000,1,0
654,4,193.3271,582.5293,167.0999,21.2954,1.000000,0,1
654,5,452.0441,585.9492,107.6699,16.0863,1.000000,0,1
654,6,600.8232,552.1498,543.8596,78.9384,1.000000,0,1
655,1,441.6428,587.4086,41.3565,22.1805,1.000000,0.6875,0.3125
655,2,655.9738,539.3601,323.6495,85.8447,1.000000,0.5625,0.4375
655,3,505.0794,588.8623,43.0570,19.3273,1.000000,1,0
655,4,193.7848,582.5660,167.1068,21.2984,1.000000,0,1
655,5,452.6722,585.9652,107.6679,16.0881,1.000000,0,1
655,6,600.1002,552.2692,543.6316,78.9226,1.000000,0,1
656,1,441.1749,587.4112,41.3609,22.1777,1.000000,0.875,0.125
656,2,656.3269,539.3897,323.7076,85.8508,1.000000,0.4375,0.5625
656,3,504.5483,588.8610,43.0620,19.3247,1.000000,1,0
656,4,194.2432,582.6042,167.1136,21.3013,1.000000,0,1
656,5,453.3019,585.9805,107.6657,16.0898,1.000000,0,1
656,6,599.3793,552.3878,543.4050,78.9069,1.000000,0,1
657,1,440.7077,587.4149,41.3654,22.1749,1.000000,0.6875,0.3125
657,2,656.6799,539.4169,323.7656,85.8567,1.000000,0.5625,0.4375
657,3,504.0185,588.8588,43.0668,19.3220,1.000000,1,0
657,4,194.7027,582.6434,167.1198,21.3042,1.000000,0,1
657,5,453.9334,585.9946,107.6632,16.0915,1.000000,0,1
657,6,598.6601,552.5043,543.1794,78.8913,1.000000,0,1
658,1,440.2412,587.4203,41.3697,22.1722,1.000000,0.5,0.5
658,2,657.0331,539.4416,323.8237,85.8624,1.000000,0.5625,0.4375
658,3,503.4903,588.8556,43.0716,19.3192,1.000000,1,0
658,4,195.1637,582.6828,167.1255,21.3070,1.000000,0,1
658,5,454.5665,586.0065,107.6604,16.0929,1.000000,0,1
658,6,597.9421,552.6179,542.9540,78.8756,1.000000,0,1
659,1,439.7751,587.4269,41.3742,22.1695,1.000000,0.5625,0.4375
659,2,657.3864,539.4644,323.8813,85.8681,1.000000,0.5,0.5
659,3,502.9636,588.8509,43.0761,19.3162,1.000000,1,0
659,4,195.6252,582.7235,167.1308,21.3098,1.000000,0,1
659,5,455.2018,586.0173,107.6574,16.0942,1.000000,0,1
659,6,597.2244,552.7300,542.7311,78.8601,1.000000,0,1
660,1,439.3094,587.4352,41.3785,22.1669,1.000000,0.375,0.625
660,2,657.7396,539.4856,323.9391,85.8736,1.000000,0.25,0.75
660,3,502.4385,588.8449,43.0804,19.3131,1.000000,1,0
660,4,196.0872,582.7654,167.1359,21.3126,1.000000,0,1
660,5,455.8389,586.0266,107.6541,16.0954,1.000000,0,1
660,6,596.5076,552.8408,542.5096,78.8448,1.000000,0,1
661,1,438.8438,587.4462,41.3829,22.1645,1.000000,0.5,0.5
661,2,658.0930,539.5052,323.9973,85.8792,1.000000,0.75,0.25
661,3,501.9149,588.8378,43.0846,19.3099,1.000000,1,0
661,4,196.5498,582.8082,167.1406,21.3153,1.000000,0,1
661,5,456.4778,586.0335,107.6504,16.0964,1.000000,0,1
661,6,595.7917,552.9496,542.2888,78.8294,1.000000,0,1
662,1,438.3784,587.4600,41.3874,22.1621,1.000000,0.5,0.5
662,2,658.4465,539.5231,324.0554,85.8847,1.000000,0.375,0.625
662,3,501.3925,588.8294,43.0886,19.3066,1.000000,1,0
662,4,197.0126,582.8520,167.1452,21.3185,1.000000,0,1
662,5,457.1180,586.0397,107.6465,16.0973,1.000000,0,1
662,6,595.0757,553.0573,542.0700,78.8143,1.000000,0,1
663,1,437.9130,587.4761,41.3918,22.1599,1.000000,0.5,0.5
663,2,658.8003,539.5396,324.1138,85.8902,1.000000,0.5,0.5
663,3,500.8713,588.8198,43.0924,19.3032,1.000000,1,0
663,4,197.4757,582.8940,167.1497,21.3249,1.000000,0,1
663,5,457.7596,586.0436,107.6421,16.0981,1.000000,0,1
663,6,594.3602,553.1638,541.8527,78.7993,1.000000,0,1
664,1,437.4468,587.4934,41.3963,22.1577,1.000000,0.4375,0.5625
664,2,659.1546,539.5549,324.1725,85.8958,1.000000,0.5,0.5
664,3,500.3516,588.8087,43.0961,19.2996,1.000000,1,0
664,4,197.9400,582.9371,167.1541,21.3313,1.000000,0,1
664,5,458.4026,586.0441,107.6373,16.0985,1.000000,0,1
664,6,593.6452,553.2684,541.6367,78.7845,1.000000,0,1
665,1,436.9789,587.5101,41.4007,22.1554,1.000000,0.1875,0.8125
665,2,659.5094,539.5691,324.2313,85.9013,1.000000,0.5625,0.4375
665,3,499.8328,588.7955,43.0995,19.2960,1.000000,1,0
665,4,198.4042,582.9832,167.1584,21.3380,1.000000,0,1
665,5,459.0470,586.0424,107.6322,16.0988,1.000000,0,1
665,6,592.9296,553.3722,541.4225,78.7698,1.000000,0,1
666,1,436.5096,587.5259,41.4051,22.1531,1.000000,0.375,0.625
666,2,659.8646,539.5828,324.2902,85.9067,1.000000,0.375,0.625
666,3,499.3151,588.7813,43.1029,19.2922,1.000000,1,0
666,4,198.8689,583.0316,167.1627,21.3449,1.000000,0,1
666,5,459.6925,586.0377,107.6268,16.0989,1.000000,0,1
666,6,592.2140,553.4751,541.2098,78.7554,1.000000,0,1
667,1,436.0388,587.5411,41.4095,22.1507,1.000000,0.5625,0.4375
667,2,660.2203,539.5963,324.3499,85.9123,1.000000,0.5625,0.4375
667,3,498.7990,588.7667,43.1061,19.2884,1.000000,1,0
667,4,199.3342,583.0823,167.1668,21.3520,1.000000,0,1
667,5,460.3392,586.0290,107.6211,16.0987,1.000000,0,1
667,6,591.4991,553.5771,540.9978,78.7410,1.000000,0,1
668,1,435.5666,587.5565,41.4138,22.1483,1.000000,0.4375,0.5625
668,2,660.5767,539.6092,324.4094,85.9179,1.000000,0.5625,0.4375
668,3,498.2838,588.7500,43.1091,19.2844,1.000000,1,0
668,4,199.7997,583.1368,167.1709,21.3595,1.000000,0,1
668,5,460.9872,586.0172,107.6152,16.0983,1.000000,0,1
668,6,590.7836,553.6798,540.7881,78.7269,1.000000,0,1
669,1,435.0934,587.5720,41.4181,22.1459,1.000000,0.3125,0.6875
669,2,660.9333,539.6216,324.4697,85.9236,1.000000,0.625,0.375
669,3,497.7696,588.7328,43.1122,19.2805,1.000000,1,0
669,4,200.2659,583.1941,167.1751,21.3673,1.000000,0,1
669,5,461.6360,586.0021,107.6091,16.0976,1.000000,0,1
669,6,590.0678,553.7817,540.5804,78.7131,1.000000,0,1
670,1,434.6197,587.5878,41.4225,22.1434,1.000000,0.3125,0.6875
670,2,661.2905,539.6342,324.5304,85.9294,1.000000,0.3125,0.6875
670,3,497.2566,588.7162,43.1151,19.2764,1.000000,1,0
670,4,200.7331,583.2533,167.1789,21.3752,1.000000,0,1
670,5,462.2851,585.9826,107.6028,16.0967,1.000000,0,1
670,6,589.3522,553.8827,540.3723,78.6993,1.000000,0,1
671,1,434.1455,587.6051,41.4267,22.1410,1.000000,0.1875,0.8125
671,2,661.6481,539.6473,324.5914,85.9353,1.000000,0.375,0.625
671,3,496.7442,588.6979,43.1180,19.2723,1.000000,1,0
671,4,201.2010,583.3163,167.1827,21.3834,1.000000,0,1
671,5,462.9349,585.9598,107.5963,16.0956,1.000000,0,1
671,6,588.6346,553.9846,540.1667,78.6858,1.000000,0,1
672,1,433.6710,587.6239,41.4310,22.1387,1.000000,0.1875,0.8125
672,2,662.0062,539.6605,324.6529,85.9414,1.000000,0.375,0.625
672,3,496.2326,588.6793,43.1209,19.2683,1.000000,1,0
672,4,201.6703,583.3818,167.1862,21.3919,1.000000,0,1
672,5,463.5850,585.9338,107.5898,16.0942,1.000000,0,1
672,6,587.9155,554.0863,539.9624,78.6725,1.000000,0,1
673,1,433.1963,587.6442,41.4353,22.1364,1.000000,0.1875,0.8125
673,2,662.3645,539.6744,324.7148,85.9475,1.000000,0.3125,0.6875
673,3,495.7214,588.6614,43.1237,19.2642,1.000000,1,0
673,4,202.1413,583.4487,167.1895,21.4006,1.000000,0,1
673,5,464.2347,585.9042,107.5831,16.0927,1.000000,0,1
673,6,587.1958,554.1863,539.7576,78.6591,1.000000,0,1
674,1,432.7213,587.6664,41.4396,22.1342,1.000000,0.25,0.75
674,2,662.7231,539.6893,324.7770,85.9539,1.000000,0.5625,0.4375
674,3,495.2103,588.6429,43.1265,19.2601,1.000000,1,0
674,4,202.6140,583.5186,167.1922,21.4094,1.000000,0,1
674,5,464.8840,585.8710,107.5764,16.0909,1.000000,0,1
674,6,586.4745,554.2856,539.5532,78.6458,1.000000,0,1
675,1,432.2462,587.6906,41.4439,22.1320,1.000000,0.125,0.875
675,2,663.0817,539.7047,324.8397,85.9603,1.000000,0.375,0.625
675,3,494.6995,588.6249,43.1293,19.2560,1.000000,1,0
675,4,203.0884,583.5901,167.1946,21.4183,1.000000,0,1
675,5,465.5327,585.8347,107.5699,16.0890,1.000000,0,1
675,6,585.7521,554.3828,539.3494,78.6324,1.000000,0,1
676,1,431.7710,587.7162,41.4482,22.1300,1.000000,0.125,0.875
676,2,663.4405,539.7214,324.9027,85.9668,1.000000,0.5625,0.4375
676,3,494.1890,588.6082,43.1319,19.2519,1.000000,1,0
676,4,203.5650,583.6623,167.1967,21.4273,1.000000,0,1
676,5,466.1801,585.7957,107.5634,16.0869,1.000000,0,1
676,6,585.0300,554.4771,539.1443,78.6187,1.000000,0,1
677,1,431.2955,587.7441,41.4525,22.1280,1.000000,0.0625,0.9375
677,2,663.7991,539.7390,324.9659,85.9735,1.000000,0.8125,0.1875
677,3,493.6783,588.5913,43.1346,19.2478,1.000000,1,0
677,4,204.0439,583.7366,167.1981,21.4364,1.000000,0,1
677,5,466.8259,585.7548,107.5571,16.0847,1.000000,0,1
677,6,584.3071,554.5703,538.9392,78.6051,1.000000,0,1
678,1,430.8197,587.7739,41.4569,22.1261,1.000000,0,1
678,2,664.1575,539.7578,325.0293,85.9803,1.000000,0.375,0.625
678,3,493.1676,588.5751,43.1372,19.2436,1.000000,1,0
678,4,204.5247,583.8116,167.1990,21.4456,1.000000,0,1
678,5,467.4700,585.7115,107.5511,16.0824,1.000000,0,1
678,6,583.5839,554.6605,538.7331,78.5911,1.000000,0,1
679,1,430.3439,587.8047,41.4612,22.1243,1.000000,0,1
679,2,664.5154,539.7781,325.0931,85.9872,1.000000,0.5625,0.4375
679,3,492.6573,588.5602,43.1396,19.2396,1.000000,1,0
679,4,205.0078,583.8859,167.1992,21.4545,1.000000,0,1
679,5,468.1128,585.6650,107.5455,16.0800,1.000000,0,1
679,6,582.8611,554.7447,538.5251,78.5766,1.000000,0,1
680,1,429.8680,587.8378,41.4656,22.1225,1.000000,0,1
680,2,664.8727,539.7998,325.1571,85.9943,1.000000,0.6875,0.3125
680,3,492.1467,588.5456,43.1420,19.2354,1.000000,1,0
680,4,205.4931,583.9608,167.1988,21.4634,1.000000,0,1
680,5,468.7543,585.6160,107.5402,16.0775,1.000000,0,1
680,6,582.1377,554.8256,538.3173,78.5620,1.000000,0,1
681,1,429.3922,587.8729,41.4700,22.1208,1.000000,0,1
681,2,665.2294,539.8226,325.2216,86.0016,1.000000,0.4375,0.5625
681,3,491.6361,588.5317,43.1443,19.2313,1.000000,1,0
681,4,205.9806,584.0352,167.1978,21.4722,1.000000,0,1
681,5,469.3949,585.5648,107.5352,16.0749,1.000000,0,1
681,6,581.4146,554.9026,538.1084,78.5471,1.000000,0,1
682,1,428.9164,587.9091,41.4743,22.1191,1.000000,0,1
682,2,665.5858,539.8464,325.2863,86.0090,1.000000,0.5625,0.4375
682,3,491.1258,588.5191,43.1464,19.2271,1.000000,1,0
682,4,206.4706,584.1077,167.1960,21.4808,1.000000,0,1
682,5,470.0345,585.5118,107.5305,16.0723,1.000000,0,1
682,6,580.6921,554.9740,537.8987,78.5317,1.000000,0,1
683,1,428.4409,587.9481,41.4786,22.1175,1.000000,0,1
683,2,665.9412,539.8715,325.3511,86.0165,1.000000,0.5,0.5
683,3,490.6152,588.5065,43.1484,19.2229,1.000000,1,0
683,4,206.9629,584.1791,167.1933,21.4891,1.000000,0,1
683,5,470.6733,585.4573,107.5262,16.0696,1.000000,0,1
683,6,579.9700,555.0402,537.6884,78.5161,1.000000,0,1
684,1,427.9656,587.9886,41.4828,22.1160,1.000000,0,1
684,2,666.2960,539.8976,325.4161,86.0241,1.000000,0.5625,0.4375
684,3,490.1048,588.4941,43.1502,19.2185,1.000000,1,0
684,4,207.4569,584.2488,167.1901,21.4972,1.000000,0,1
684,5,471.3112,585.4014,107.5221,16.0669,1.000000,0,1
684,6,579.2485,555.1010,537.4778,78.5003,1.000000,0,1
685,1,427.4911,588.0292,41.4869,22.1143,1.000000,0,1
685,2,666.6501,539.9249,325.4813,86.0319,1.000000,0.375,0.625
685,3,489.5949,588.4816,43.1519,19.2142,1.000000,1,0
685,4,207.9529,584.3162,167.1863,21.5050,1.000000,0,1
685,5,471.9481,585.3453,107.5183,16.0642,1.000000,0,1
685,6,578.5279,555.1556,537.2679,78.4842,1.000000,0,1
686,1,427.0169,588.0721,41.4910,22.1129,1.000000,0,1
686,2,667.0032,539.9534,325.5465,86.0397,1.000000,0.5,0.5
686,3,489.0843,588.4683,43.1536,19.2098,1.000000,1,0
686,4,208.4507,584.3820,167.1818,21.5125,1.000000,0,1
686,5,472.5842,585.2884,107.5147,16.0615,1.000000,0,1
686,6,577.8081,555.2054,537.0571,78.4678,1.000000,0,1
687,1,426.5434,588.1160,41.4949,22.1113,1.000000,0,1
687,2,667.3560,539.9830,325.6121,86.0477,1.000000,0.6875,0.3125
687,3,488.5735,588.4548,43.1552,19.2054,1.000000,1,0
687,4,208.9501,584.4459,167.1767,21.5198,1.000000,0,1
687,5,473.2194,585.2310,107.5115,16.0588,1.000000,0,1
687,6,577.0890,555.2503,536.8463,78.4512,1.000000,0,1
688,1,426.0708,588.1600,41.4987,22.1097,1.000000,0,1
688,2,667.7087,540.0135,325.6776,86.0557,1.000000,0.375,0.625
688,3,488.0627,588.4413,43.1568,19.2009,1.000000,1,0
688,4,209.4506,584.5068,167.1713,21.5268,1.000000,0,1
688,5,473.8538,585.1732,107.5085,16.0561,1.000000,0,1
688,6,576.3709,555.2893,536.6354,78.4343,1.000000,0,1
689,1,425.5988,588.2058,41.5026,22.1081,1.000000,0,1
689,2,668.0614,540.0450,325.7437,86.0639,1.000000,0.5625,0.4375
689,3,487.5512,588.4267,43.1583,19.1964,1.000000,1,0
689,4,209.9519,584.5660,167.1653,21.5335,1.000000,0,1
689,5,474.4874,585.1151,107.5056,16.0534,1.000000,0,1
689,6,575.6537,555.3240,536.4249,78.4172,1.000000,0,1
690,1,425.1277,588.2517,41.5063,22.1065,1.000000,0,1
690,2,668.4143,540.0769,325.8103,86.0723,1.000000,0.5625,0.4375
690,3,487.0395,588.4116,43.1598,19.1918,1.000000,1,0
690,4,210.4539,584.6234,167.1590,21.5400,1.000000,0,1
690,5,475.1200,585.0566,107.5029,16.0508,1.000000,0,1
690,6,574.9376,555.3544,536.2146,78.4000,1.000000,0,1
691,1,424.6578,588.2966,41.5097,22.1048,1.000000,0,1
691,2,668.7676,540.1090,325.8772,86.0807,1.000000,0.5625,0.4375
691,3,486.5277,588.3956,43.1614,19.1873,1.000000,1,0
691,4,210.9562,584.6780,167.1526,21.5462,1.000000,0,1
691,5,475.7517,584.9985,107.5004,16.0482,1.000000,0,1
691,6,574.2221,555.3804,536.0047,78.3827,1.000000,0,1
692,1,424.1887,588.3423,41.5131,22.1030,1.000000,0,1
692,2,669.1205,540.1426,325.9446,86.0893,1.000000,0.625,0.375
692,3,486.0154,588.3787,43.1629,19.1827,1.000000,1,0
692,4,211.4589,584.7308,167.1461,21.5523,1.000000,0,1
692,5,476.3823,584.9402,107.4980,16.0455,1.000000,0,1
692,6,573.5064,555.4034,535.7943,78.3651,1.000000,0,1
693,1,423.7202,588.3871,41.5164,22.1012,1.000000,0,1
693,2,669.4730,540.1776,326.0124,86.0981,1.000000,0.3125,0.6875
693,3,485.5031,588.3613,43.1643,19.1781,1.000000,1,0
693,4,211.9615,584.7821,167.1393,21.5581,1.000000,0,1
693,5,477.0120,584.8818,107.4957,16.0429,1.000000,0,1
693,6,572.7912,555.4244,535.5842,78.3476,1.000000,0,1
694,1,423.2532,588.4297,41.5194,22.0991,1.000000,0,1
694,2,669.8248,540.2141,326.0809,86.1072,1.000000,0.625,0.375
694,3,484.9907,588.3439,43.1660,19.1734,1.000000,1,0
694,4,212.4642,584.8318,167.1326,21.5638,1.000000,0,1
694,5,477.6411,584.8235,107.4936,16.0403,1.000000,0,1
694,6,572.0766,555.4432,535.3755,78.3301,1.000000,0,1
695,1,422.7883,588.4718,41.5223,22.0970,1.000000,0,1
695,2,670.1755,540.2523,326.1497,86.1165,1.000000,0.5,0.5
695,3,484.4778,588.3255,43.1676,19.1688,1.000000,1,0
695,4,212.9676,584.8795,167.1257,21.5694,1.000000,0,1
695,5,478.2699,584.7642,107.4916,16.0377,1.000000,0,1
695,6,571.3624,555.4612,535.1671,78.3126,1.000000,0,1
696,1,422.3252,588.5118,41.5248,22.0946,1.000000,0,1
696,2,670.5253,540.2921,326.2186,86.1259,1.000000,0.4375,0.5625
696,3,483.9646,588.3064,43.1693,19.1642,1.000000,1,0
696,4,213.4712,584.9257,167.1189,21.5747,1.000000,0,1
696,5,478.8984,584.7048,107.4898,16.0351,1.000000,0.125,0.875
696,6,570.6484,555.4786,534.9598,78.2953,1.000000,0,1
697,1,421.8634,588.5483,41.5272,22.0921,1.000000,0,1
697,2,670.8743,540.3331,326.2881,86.1355,1.000000,0.6875,0.3125
697,3,483.4515,588.2871,43.1711,19.1597,1.000000,1,0
697,4,213.9753,584.9707,167.1119,21.5799,1.000000,0,1
697,5,479.5264,584.6466,107.4882,16.0326,1.000000,0,1
697,6,569.9348,555.4951,534.7538,78.2780,1.000000,0,1
698,1,421.4028,588.5820,41.5294,22.0894,1.000000,0,1
698,2,671.2220,540.3754,326.3575,86.1452,1.000000,0.4375,0.5625
698,3,482.9373,588.2670,43.1729,19.1551,1.000000,1,0
698,4,214.4789,585.0151,167.1052,21.5851,1.000000,0,1
698,5,480.1540,584.5881,107.4866,16.0301,1.000000,0.0625,0.9375
698,6,569.2214,555.5109,534.5479,78.2608,1.000000,0,1
699,1,420.9435,588.6123,41.5315,22.0864,1.000000,0,1
699,2,671.5688,540.4183,326.4271,86.1550,1.000000,0.5625,0.4375
699,3,482.4228,588.2465,43.1747,19.1505,1.000000,1,0
699,4,214.9826,585.0590,167.0982,21.5902,1.000000,0,1
699,5,480.7811,584.5298,107.4853,16.0276,1.000000,0,1
699,6,568.5082,555.5262,534.3434,78.2437,1.000000,0,1
700,1,420.4857,588.6385,41.5332,22.0832,1.000000,0,1
700,2,671.9152,540.4615,326.4969,86.1649,1.000000,0.5625,0.4375
700,3,481.9083,588.2266,43.1767,19.1460,1.000000,1,0
700,4,215.4860,585.1018,167.0915,21.5952,1.000000,0,1
700,5,481.4075,584.4727,107.4842,16.0253,1.000000,0,1
700,6,567.7955,555.5416,534.1407,78.2269,1.000000,0,1
701,1,420.0293,588.6614,41.5348,22.0798,1.000000,0,1
701,2,672.2606,540.5060,326.5670,86.1749,1.000000,0.375,0.625
701,3,481.3929,588.2065,43.1787,19.1415,1.000000,1,0
701,4,215.9894,585.1439,167.0847,21.6002,1.000000,0,1
701,5,482.0333,584.4159,107.4832,16.0230,1.000000,0,1
701,6,567.0831,555.5562,533.9394,78.2103,1.000000,0,1
702,1,419.5740,588.6805,41.5363,22.0761,1.000000,0,1
702,2,672.6053,540.5508,326.6371,86.1850,1.000000,0.4375,0.5625
702,3,480.8774,588.1866,43.1808,19.1369,1.000000,0.9375,0.0625
702,4,216.4931,585.1852,167.0779,21.6051,1.000000,0,1
702,5,482.6583,584.3600,107.4824,16.0207,1.000000,0.0625,0.9375
702,6,566.3706,555.5706,533.7393,78.1937,1.000000,0,1
703,1,419.1200,588.6951,41.5376,22.0723,1.000000,0,1
703,2,672.9499,540.5955,326.7068,86.1950,1.000000,0.375,0.625
703,3,480.3621,588.1666,43.1828,19.1325,1.000000,1,0
703,4,216.9972,585.2253,167.0709,21.6098,1.000000,0,1
703,5,483.2825,584.3056,107.4819,16.0186,1.000000,0,1
703,6,565.6578,555.5859,533.5406,78.1775,1.000000,0,1
704,1,418.6670,588.7053,41.5387,22.0683,1.000000,0,1
704,2,673.2942,540.6403,326.7767,86.2051,1.000000,0.625,0.375
704,3,479.8460,588.1458,43.1849,19.1280,1.000000,0.875,0.125
704,4,217.5021,585.2643,167.0639,21.6145,1.000000,0,1
704,5,483.9059,584.2512,107.4814,16.0165,1.000000,0,1
704,6,564.9448,555.6007,533.3430,78.1614,1.000000,0,1
705,1,418.2152,588.7114,41.5397,22.0639,1.000000,0,1
705,2,673.6387,540.6853,326.8466,86.2151,1.000000,0.5,0.5
705,3,479.3300,588.1244,43.1870,19.1235,1.000000,0.8125,0.1875
705,4,218.0075,585.3022,167.0567,21.6189,1.000000,0,1
705,5,484.5288,584.1974,107.4811,16.0144,1.000000,0.0625,0.9375
705,6,564.2314,555.6149,533.1475,78.1456,1.000000,0,1
706,1,417.7650,588.7131,41.5405,22.0594,1.000000,0,1
706,2,673.9831,540.7303,326.9163,86.2250,1.000000,0.6875,0.3125
706,3,478.8144,588.1024,43.1891,19.1189,1.000000,0.875,0.125
706,4,218.5141,585.3384,167.0492,21.6233,1.000000,0,1
706,5,485.1508,584.1451,107.4811,16.0126,1.000000,0,1
706,6,563.5178,555.6282,532.9541,78.1300,1.000000,0,1
707,1,417.3157,588.7097,41.5411,22.0545,1.000000,0,1
707,2,674.3277,540.7747,326.9857,86.2349,1.000000,0.5,0.5
707,3,478.2986,588.0792,43.1912,19.1143,1.000000,0.75,0.25
707,4,219.0212,585.3737,167.0415,21.6275,1.000000,0,1
707,5,485.7720,584.0934,107.4810,16.0107,1.000000,0.0625,0.9375
707,6,562.8035,555.6410,532.7615,78.1145,1.000000,0,1
708,1,416.8678,588.7015,41.5415,22.0495,1.000000,0,1
708,2,674.6728,540.8184,327.0548,86.2447,1.000000,0.375,0.625
708,3,477.7829,588.0552,43.1932,19.1096,1.000000,0.6875,0.3125
708,4,219.5293,585.4077,167.0338,21.6316,1.000000,0,1
708,5,486.3925,584.0425,107.4812,16.0088,1.000000,0.1875,0.8125
708,6,562.0884,555.6526,532.5699,78.0992,1.000000,0,1
709,1,416.4213,588.6884,41.5420,22.0441,1.000000,0,1
709,2,675.0184,540.8613,327.1241,86.2544,1.000000,0.625,0.375
709,3,477.2675,588.0300,43.1953,19.1050,1.000000,0.8125,0.1875
709,4,220.0389,585.4400,167.0255,21.6353,1.000000,0,1
709,5,487.0125,583.9933,107.4815,16.0072,1.000000,0.0625,0.9375
709,6,561.3734,555.6625,532.3799,78.0840,1.000000,0,1
710,1,415.9755,588.6696,41.5422,22.0386,1.000000,0,1
710,2,675.3646,540.9034,327.1927,86.2640,1.000000,0.25,0.75
710,3,476.7521,588.0034,43.1971,19.1002,1.000000,0.75,0.25
710,4,220.5498,585.4708,167.0169,21.6390,1.000000,0,1
710,5,487.6330,583.9438,107.4819,16.0055,1.000000,0.125,0.875
710,6,560.6583,555.6716,532.1916,78.0691,1.000000,0,1
711,1,415.5305,588.6462,41.5424,22.0329,1.000000,0,1
711,2,675.7114,540.9449,327.2609,86.2733,1.000000,0.4375,0.5625
711,3,476.2372,587.9751,43.1990,19.0954,1.000000,0.625,0.375
711,4,221.0619,585.5001,167.0081,21.6425,1.000000,0,1
711,5,488.2535,583.8958,107.4824,16.0038,1.000000,0.1875,0.8125
711,6,559.9428,555.6794,532.0048,78.0542,1.000000,0,1
712,1,415.0865,588.6188,41.5424,22.0269,1.000000,0,1
712,2,676.0593,540.9858,327.3285,86.2824,1.000000,0.5625,0.4375
712,3,475.7236,587.9451,43.2007,19.0905,1.000000,0.6875,0.3125
712,4,221.5750,585.5277,166.9988,21.6457,1.000000,0,1
712,5,488.8736,583.8511,107.4832,16.0025,1.000000,0.1875,0.8125
712,6,559.2272,555.6854,531.8196,78.0396,1.000000,0,1
713,1,414.6423,588.5852,41.5425,22.0207,1.000000,0,1
713,2,676.4084,541.0255,327.3956,86.2913,1.000000,0.4375,0.5625
713,3,475.2106,587.9127,43.2025,19.0854,1.000000,0.625,0.375
713,4,222.0894,585.5543,166.9893,21.6488,1.000000,0,1
713,5,489.4930,583.8076,107.4840,16.0012,1.000000,0.125,0.875
713,6,558.5106,555.6899,531.6369,78.0252,1.000000,0,1
714,1,414.1982,588.5475,41.5425,22.0143,1.000000,0,1
714,2,676.7587,541.0641,327.4624,86.3000,1.000000,0.25,0.75
714,3,474.6987,587.8779,43.2041,19.0802,1.000000,0.875,0.125
714,4,222.6050,585.5789,166.9794,21.6517,1.000000,0,1
714,5,490.1115,583.7664,107.4850,16.0001,1.000000,0.125,0.875
714,6,557.7928,555.6925,531.4553,78.0110,1.000000,0,1
715,1,413.7543,588.5067,41.5425,22.0079,1.000000,0,1
715,2,677.1100,541.1017,327.5286,86.3086,1.000000,0.4375,0.5625
715,3,474.1882,587.8412,43.2056,19.0748,1.000000,0.6875,0.3125
715,4,223.1218,585.6010,166.9691,21.6543,1.000000,0,1
715,5,490.7291,583.7280,107.4864,15.9992,1.000000,0.5,0.5
715,6,557.0739,555.6926,531.2751,77.9969,1.000000,0,1
716,1,413.3096,588.4597,41.5424,22.0013,1.000000,0,1
716,2,677.4626,541.1378,327.5941,86.3168,1.000000,0.375,0.625
716,3,473.6786,587.8013,43.2071,19.0694,1.000000,0.75,0.25
716,4,223.6401,585.6218,166.9585,21.6567,1.000000,0,1
716,5,491.3458,583.6912,107.4877,15.9983,1.000000,0.375,0.625
716,6,556.3533,555.6917,531.0953,77.9829,1.000000,0,1
717,1,412.8647,588.4090,41.5424,21.9944,1.000000,0,1
717,2,677.8165,541.1727,327.6593,86.3248,1.000000,0.4375,0.5625
717,3,473.1703,587.7588,43.2084,19.0639,1.000000,0.375,0.625
717,4,224.1597,585.6411,166.9475,21.6590,1.000000,0,1
717,5,491.9617,583.6563,107.4892,15.9977,1.000000,0.25,0.75
717,6,555.6313,555.6895,530.9166,77.9689,1.000000,0,1
718,1,412.4205,588.3561,41.5425,21.9875,1.000000,0,1
718,2,678.1715,541.2062,327.7236,86.3325,1.000000,0.5,0.5
718,3,472.6633,587.7142,43.2097,19.0582,1.000000,0.375,0.625
718,4,224.6804,585.6581,166.9363,21.6609,1.000000,0,1
718,5,492.5766,583.6243,107.4909,15.9972,1.000000,0.25,0.75
718,6,554.9084,555.6854,530.7386,77.9550,1.000000,0,1
719,1,411.9753,588.2968,41.5424,21.9803,1.000000,0,1
719,2,678.5280,541.2370,327.7871,86.3399,1.000000,0.625,0.375
719,3,472.1577,587.6661,43.2109,19.0525,1.000000,0.5,0.5
719,4,225.2025,585.6731,166.9248,21.6627,1.000000,0,1
719,5,493.1908,583.5936,107.4926,15.9967,1.000000,0.1875,0.8125
719,6,554.1841,555.6794,530.5607,77.9411,1.000000,0,1
720,1,411.5298,588.2336,41.5423,21.9730,1.000000,0,1
720,2,678.8849,541.2661,327.8495,86.3469,1.000000,0.8125,0.1875
720,3,471.6534,587.6154,43.2121,19.0465,1.000000,0.5625,0.4375
720,4,225.7261,585.6859,166.9129,21.6641,1.000000,0,1
720,5,493.8043,583.5648,107.4944,15.9965,1.000000,0.25,0.75
720,6,553.4588,555.6710,530.3829,77.9272,1.000000,0,1
721,1,411.0843,588.1688,41.5424,21.9657,1.000000,0,1
721,2,679.2416,541.2940,327.9108,86.3534,1.000000,0.5,0.5
721,3,471.1502,587.5622,43.2133,19.0406,1.000000,0.5,0.5
721,4,226.2508,585.6964,166.9008,21.6654,1.000000,0,1
721,5,494.4171,583.5391,107.4966,15.9964,1.000000,0.375,0.625
721,6,552.7326,555.6602,530.2051,77.9130,1.000000,0,1
722,1,410.6373,588.0983,41.5426,21.9582,1.000000,0,1
722,2,679.5978,541.3199,327.9712,86.3598,1.000000,0.375,0.625
722,3,470.6476,587.5046,43.2146,19.0345,1.000000,0.3125,0.6875
722,4,226.7767,585.7052,166.8885,21.6664,1.000000,0,1
722,5,495.0294,583.5142,107.4986,15.9964,1.000000,0.1875,0.8125
722,6,552.0049,555.6476,530.0266,77.8988,1.000000,0,1
723,1,410.1901,588.0243,41.5428,21.9506,1.000000,0,1
723,2,679.9533,541.3442,328.0303,86.3657,1.000000,0.5,0.5
723,3,470.1458,587.4440,43.2158,19.0283,1.000000,0.5625,0.4375
723,4,227.3037,585.7116,166.8758,21.6672,1.000000,0,1
723,5,495.6414,583.4911,107.5008,15.9965,1.000000,0.375,0.625
723,6,551.2764,555.6329,529.8479,77.8844,1.000000,0,1
724,1,409.7425,587.9490,41.5432,21.9431,1.000000,0,1
724,2,680.3082,541.3662,328.0879,86.3711,1.000000,0.5625,0.4375
724,3,469.6451,587.3815,43.2171,19.0221,1.000000,0.4375,0.5625
724,4,227.8315,585.7150,166.8631,21.6677,1.000000,0,1
724,5,496.2531,583.4702,107.5031,15.9968,1.000000,0.1875,0.8125
724,6,550.5474,555.6157,529.6680,77.8698,1.000000,0,1
725,1,409.2927,587.8684,41.5435,21.9354,1.000000,0,1
725,2,680.6646,541.3842,328.1441,86.3759,1.000000,0.5625,0.4375
725,3,469.1449,587.3143,43.2185,19.0157,1.000000,0.4375,0.5625
725,4,228.3604,585.7161,166.8502,21.6679,1.000000,0,1
725,5,496.8655,583.4496,107.5052,15.9971,1.000000,0.25,0.75
725,6,549.8174,555.5959,529.4869,77.8549,1.000000,0,1
726,1,408.8417,587.7858,41.5441,21.9276,1.000000,0,1
726,2,681.0220,541.3987,328.1988,86.3802,1.000000,0.5625,0.4375
726,3,468.6452,587.2441,43.2199,19.0092,1.000000,0.375,0.625
726,4,228.8900,585.7147,166.8372,21.6679,1.000000,0,1
726,5,497.4783,583.4304,107.5076,15.9974,1.000000,0.375,0.625
726,6,549.0866,555.5730,529.3044,77.8397,1.000000,0,1
727,1,408.3907,587.7032,41.5448,21.9199,1.000000,0,1
727,2,681.3804,541.4093,328.2522,86.3839,1.000000,0.4375,0.5625
727,3,468.1461,587.1721,43.2214,19.0028,1.000000,0.25,0.75
727,4,229.4200,585.7107,166.8239,21.6676,1.000000,0,1
727,5,498.0917,583.4135,107.5099,15.9978,1.000000,0.4375,0.5625
727,6,548.3556,555.5456,529.1190,77.8238,1.000000,0,1
728,1,407.9374,587.6157,41.5455,21.9121,1.000000,0,1
728,2,681.7407,541.4148,328.3046,86.3870,1.000000,0.375,0.625
728,3,467.6474,587.0950,43.2229,18.9961,1.000000,0.0625,0.9375
728,4,229.9498,585.7042,166.8105,21.6670,1.000000,0,1
728,5,498.7047,583.3983,107.5121,15.9984,1.000000,0.25,0.75
728,6,547.6249,555.5144,528.9321,77.8077,1.000000,0,1
729,1,407.4830,587.5267,41.5463,21.9042,1.000000,0,1
729,2,682.1022,541.4158,328.3557,86.3896,1.000000,0.375,0.625
729,3,467.1492,587.0150,43.2245,18.9894,1.000000,0.125,0.875
729,4,230.4793,585.6952,166.7971,21.6662,1.000000,0,1
729,5,499.3175,583.3853,107.5143,15.9992,1.000000,0.1875,0.8125
729,6,546.8948,555.4792,528.7435,77.7910,1.000000,0,1
730,1,407.0282,587.4390,41.5474,21.8966,1.000000,0,1
730,2,682.4649,541.4126,328.4056,86.3917,1.000000,0.375,0.625
730,3,466.6511,586.9341,43.2262,18.9828,1.000000,0.3125,0.6875
730,4,231.0089,585.6827,166.7834,21.6650,1.000000,0,1
730,5,499.9301,583.3747,107.5165,16.0000,1.000000,0.375,0.625
730,6,546.1660,555.4395,528.5519,77.7738,1.000000,0,1
731,1,406.5713,587.3477,41.5485,21.8887,1.000000,0,1
731,2,682.8290,541.4056,328.4540,86.3931,1.000000,0.1875,0.8125
731,3,466.1531,586.8484,43.2281,18.9760,1.000000,0.1875,0.8125
731,4,231.5386,585.6655,166.7699,21.6634,1.000000,0,1
731,5,500.5424,583.3651,107.5187,16.0009,1.000000,0.4375,0.5625
731,6,545.4376,555.3952,528.3571,77.7558,1.000000,0,1
732,1,406.1134,587.2557,41.5497,21.8810,1.000000,0,1
732,2,683.1937,541.3950,328.5013,86.3940,1.000000,0.1875,0.8125
732,3,465.6554,586.7609,43.2300,18.9691,1.000000,0.25,0.75
732,4,232.0689,585.6438,166.7561,21.6613,1.000000,0,1
732,5,501.1545,583.3570,107.5208,16.0019,1.000000,0.125,0.875
732,6,544.7092,555.3467,528.1593,77.7373,1.000000,0,1
733,1,405.6552,587.1661,41.5512,21.8734,1.000000,0,1
733,2,683.5588,541.3802,328.5475,86.3945,1.000000,0.4375,0.5625
733,3,465.1573,586.6737,43.2322,18.9624,1.000000,0.0625,0.9375
733,4,232.5989,585.6183,166.7423,21.6588,1.000000,0,1
733,5,501.7667,583.3510,107.5229,16.0029,1.000000,0.5,0.5
733,6,543.9811,555.2933,527.9584,77.7180,1.000000,0,1
734,1,405.1949,587.0737,41.5527,21.8658,1.000000,0,1
734,2,683.9252,541.3609,328.5928,86.3944,1.000000,0.375,0.625
734,3,464.6592,586.5828,43.2344,18.9556,1.000000,0.0625,0.9375
734,4,233.1288,585.5886,166.7286,21.6559,1.000000,0,1
734,5,502.3785,583.3451,107.5250,16.0041,1.000000,0.375,0.625
734,6,543.2528,555.2349,527.7537,77.6981,1.000000,0,1
735,1,404.7337,586.9816,41.5544,21.8582,1.000000,0,1
735,2,684.2923,541.3376,328.6367,86.3939,1.000000,0.4375,0.5625
735,3,464.1608,586.4908,43.2369,18.9488,1.000000,0,1
735,4,233.6584,585.5549,166.7150,21.6526,1.000000,0,1
735,5,502.9904,583.3401,107.5271,16.0052,1.000000,0.6875,0.3125
735,6,542.5251,555.1720,527.5456,77.6774,1.000000,0,1
736,1,404.2721,586.8916,41.5564,21.8509,1.000000,0,1
736,2,684.6592,541.3104,328.6799,86.3929,1.000000,0.6875,0.3125
736,3,463.6612,586.4006,43.2395,18.9422,1.000000,0,1
736,4,234.1868,585.5173,166.7016,21.6490,1.000000,0,1
736,5,503.6022,583.3365,107.5293,16.0065,1.000000,0.5625,0.4375
736,6,541.7980,555.1040,527.3336,77.6560,1.000000,0,1
737,1,403.8081,586.7993,41.5584,21.8435,1.000000,0,1
737,2,685.0270,541.2791,328.7219,86.3915,1.000000,0.4375,0.5625
737,3,463.1601,586.3074,43.2423,18.9355,1.000000,0.0625,0.9375
737,4,234.7152,585.4753,166.6883,21.6450,1.000000,0,1
737,5,504.2141,583.3331,107.5316,16.0077,1.000000,0.375,0.625
737,6,541.0718,555.0317,527.1179,77.6338,1.000000,0,1
738,1,403.3429,586.7073,41.5607,21.8362,1.000000,0,1
738,2,685.3955,541.2439,328.7629,86.3896,1.000000,0.5,0.5
738,3,462.6581,586.2145,43.2453,18.9289,1.000000,0,1
738,4,235.2425,585.4297,166.6753,21.6407,1.000000,0,1
738,5,504.8258,583.3303,107.5340,16.0091,1.000000,0.25,0.75
738,6,540.3464,554.9555,526.8989,77.6109,1.000000,0,1
739,1,402.8772,586.6180,41.5632,21.8292,1.000000,0,1
739,2,685.7644,541.2045,328.8032,86.3872,1.000000,0.4375,0.5625
739,3,462.1556,586.1245,43.2484,18.9226,1.000000,0,1
739,4,235.7682,585.3813,166.6626,21.6361,1.000000,0,1
739,5,505.4374,583.3285,107.5366,16.0106,1.000000,0.6875,0.3125
739,6,539.6217,554.8760,526.6763,77.5873,1.000000,0,1
740,1,402.4097,586.5269,41.5658,21.8221,1.000000,0,1
740,2,686.1340,541.1607,328.8422,86.3844,1.000000,0.5,0.5
740,3,461.6518,586.0333,43.2518,18.9162,1.000000,0,1
740,4,236.2933,585.3288,166.6499,21.6311,1.000000,0,1
740,5,506.0490,583.3266,107.5394,16.0119,1.000000,0.3125,0.6875
740,6,538.8984,554.7922,526.4494,77.5630,1.000000,0,1
741,1,401.9416,586.4365,41.5686,21.8152,1.000000,0.0625,0.9375
741,2,686.5035,541.1135,328.8800,86.3811,1.000000,0.25,0.75
741,3,461.1470,585.9436,43.2553,18.9100,1.000000,0,1
741,4,236.8169,585.2730,166.6378,21.6259,1.000000,0,1
741,5,506.6607,583.3248,107.5423,16.0135,1.000000,0.5,0.5
741,6,538.1761,554.7048,526.2189,77.5378,1.000000,0,1
742,1,401.4731,586.3494,41.5718,21.8085,1.000000,0.125,0.875
742,2,686.8729,541.0632,328.9164,86.3773,1.000000,0.625,0.375
742,3,460.6412,585.8580,43.2591,18.9040,1.000000,0,1
742,4,237.3382,585.2148,166.6261,21.6205,1.000000,0,1
742,5,507.2722,583.3240,107.5455,16.0150,1.000000,0.5,0.5
742,6,537.4548,554.6151,525.9847,77.5121,1.000000,0,1
743,1,401.0036,586.2614,41.5750,21.8019,1.000000,0,1
743,2,687.2431,541.0084,328.9520,86.3729,1.000000,0.5,0.5
743,3,460.1342,585.7723,43.2629,18.8980,1.000000,0,1
743,4,237.8585,585.1532,166.6148,21.6148,1.000000,0,1
743,5,507.8828,583.3231,107.5488,16.0166,1.000000,0.75,0.25
743,6,536.7347,554.5217,525.7468,77.4857,1.000000,0,1
744,1,400.5339,586.1752,41.5785,21.7954,1.000000,0.1875,0.8125
744,2,687.6135,540.9498,328.9863,86.3682,1.000000,0.5625,0.4375
744,3,459.6261,585.6888,43.2669,18.8922,1.000000,0,1
744,4,238.3773,585.0887,166.6038,21.6089,1.000000,0,1
744,5,508.4929,583.3227,107.5524,16.0182,1.000000,0.5625,0.4375
744,6,536.0160,554.4254,525.5056,77.4586,1.000000,0,1
745,1,400.0641,586.0928,41.5823,21.7892,1.000000,0.1875,0.8125
745,2,687.9838,540.8877,329.0193,86.3629,1.000000,0.6875,0.3125
745,3,459.1166,585.6099,43.2712,18.8867,1.000000,0,1
745,4,238.8944,585.0217,166.5935,21.6028,1.000000,0,1
745,5,509.1023,583.3227,107.5564,16.0200,1.000000,0.4375,0.5625
745,6,535.2986,554.3262,525.2607,77.4308,1.000000,0,1
746,1,399.5933,586.0104,41.5862,21.7832,1.000000,0.25,0.75
746,2,688.3547,540.8207,329.0508,86.3570,1.000000,0.5625,0.4375
746,3,458.6059,585.5312,43.2754,18.8811,1.000000,0,1
746,4,239.4105,584.9521,166.5836,21.5965,1.000000,0,1
746,5,509.7114,583.3220,107.5607,16.0217,1.000000,0.625,0.375
746,6,534.5832,554.2234,525.0118,77.4023,1.000000,0,1
747,1,399.1221,585.9299,41.5905,21.7774,1.000000,0.3125,0.6875
747,2,688.7255,540.7495,329.0812,86.3506,1.000000,0.5,0.5
747,3,458.0941,585.4552,43.2799,18.8758,1.000000,0,1
747,4,239.9256,584.8809,166.5742,21.5902,1.000000,0,1
747,5,510.3206,583.3212,107.5652,16.0235,1.000000,0.4375,0.5625
747,6,533.8689,554.1178,524.7600,77.3731,1.000000,0,1
748,1,398.6511,585.8531,41.5949,21.7719,1.000000,0.1875,0.8125
748,2,689.0959,540.6735,329.1102,86.3436,1.000000,0.5625,0.4375
748,3,457.5807,585.3840,43.2845,18.8707,1.000000,0,1
748,4,240.4392,584.8086,166.5652,21.5837,1.000000,0,1
748,5,510.9301,583.3204,107.5697,16.0253,1.000000,0.5,0.5
748,6,533.1559,554.0095,524.5050,77.3435,1.000000,0,1
749,1,398.1793,585.7759,41.5996,21.7664,1.000000,0.3125,0.6875
749,2,689.4672,540.5923,329.1382,86.3361,1.000000,0.5,0.5
749,3,457.0653,585.3141,43.2894,18.8657,1.000000,0,1
749,4,240.9507,584.7350,166.5572,21.5773,1.000000,0,1
749,5,511.5399,583.3189,107.5746,16.0270,1.000000,0.75,0.25
749,6,532.4450,553.8976,524.2462,77.3130,1.000000,0,1
750,1,397.7072,585.6999,41.6045,21.7610,1.000000,0.5,0.5
750,2,689.8387,540.5065,329.1653,86.3283,1.000000,0.5625,0.4375
750,3,456.5486,585.2474,43.2943,18.8608,1.000000,0,1
750,4,241.4605,584.6605,166.5497,21.5708,1.000000,0,1
750,5,512.1504,583.3172,107.5795,16.0288,1.000000,0.6875,0.3125
750,6,531.7359,553.7830,523.9842,77.2819,1.000000,0,1
751,1,397.2354,585.6272,41.6096,21.7560,1.000000,0.3125,0.6875
751,2,690.2097,540.4162,329.1911,86.3198,1.000000,0.3125,0.6875
751,3,456.0305,585.1855,43.2993,18.8562,1.000000,0,1
751,4,241.9691,584.5848,166.5425,21.5643,1.000000,0,1
751,5,512.7617,583.3158,107.5846,16.0306,1.000000,0.75,0.25
751,6,531.0283,553.6663,523.7196,77.2503,1.000000,0,1
752,1,396.7621,585.5544,41.6149,21.7510,1.000000,0.3125,0.6875
752,2,690.5802,540.3199,329.2160,86.3108,1.000000,0.5,0.5
752,3,455.5110,585.1255,43.3045,18.8517,1.000000,0,1
752,4,242.4764,584.5068,166.5359,21.5576,1.000000,0,1
752,5,513.3738,583.3138,107.5898,16.0325,1.000000,0.5,0.5
752,6,530.3231,553.5455,523.4508,77.2180,1.000000,0,1
753,1,396.2884,585.4834,41.6204,21.7461,1.000000,0.375,0.625
753,2,690.9502,540.2186,329.2399,86.3015,1.000000,0.5625,0.4375
753,3,454.9905,585.0688,43.3097,18.8474,1.000000,0,1
753,4,242.9820,584.4269,166.5298,21.5508,1.000000,0,1
753,5,513.9868,583.3115,107.5952,16.0343,1.000000,0.6875,0.3125
753,6,529.6197,553.4220,523.1791,77.1850,1.000000,0,1
754,1,395.8141,585.4144,41.6260,21.7414,1.000000,0.4375,0.5625
754,2,691.3186,540.1127,329.2634,86.2917,1.000000,0.1875,0.8125
754,3,454.4691,585.0168,43.3151,18.8433,1.000000,0,1
754,4,243.4850,584.3457,166.5246,21.5440,1.000000,0,1
754,5,514.6005,583.3090,107.6006,16.0361,1.000000,0.6875,0.3125
754,6,528.9177,553.2964,522.9045,77.1514,1.000000,0,1
755,1,395.3391,585.3452,41.6318,21.7368,1.000000,0.375,0.625
755,2,691.6852,540.0009,329.2861,86.2817,1.000000,0.4375,0.5625
755,3,453.9462,584.9665,43.3206,18.8392,1.000000,0,1
755,4,243.9857,584.2616,166.5200,21.5370,1.000000,0,1
755,5,515.2145,583.3066,107.6061,16.0379,1.000000,0.75,0.25
755,6,528.2185,553.1671,522.6260,77.1171,1.000000,0,1
756,1,394.8633,585.2762,41.6378,21.7322,1.000000,0.375,0.625
756,2,692.0502,539.8840,329.3083,86.2712,1.000000,0.4375,0.5625
756,3,453.4224,584.9191,43.3262,18.8354,1.000000,0,1
756,4,244.4843,584.1751,166.5163,21.5298,1.000000,0,1
756,5,515.8282,583.3043,107.6116,16.0398,1.000000,0.6875,0.3125
756,6,527.5214,553.0356,522.3448,77.0823,1.000000,0,1
757,1,394.3871,585.2084,41.6436,21.7278,1.000000,0.3125,0.6875
757,2,692.4135,539.7617,329.3298,86.2606,1.000000,0.25,0.75
757,3,452.8979,584.8757,43.3319,18.8317,1.000000,0,1
757,4,244.9802,584.0872,166.5133,21.5227,1.000000,0,1
757,5,516.4421,583.3011,107.6171,16.0416,1.000000,0.875,0.125
757,6,526.8258,552.9033,522.0612,77.0471,1.000000,0,1
758,1,393.9107,585.1410,41.6498,21.7234,1.000000,0.5625,0.4375
758,2,692.7752,539.6321,329.3514,86.2496,1.000000,0.375,0.625
758,3,452.3724,584.8344,43.3377,18.8281,1.000000,0,1
758,4,245.4734,583.9961,166.5110,21.5152,1.000000,0,1
758,5,517.0568,583.2952,107.6226,16.0432,1.000000,0.8125,0.1875
758,6,526.1334,552.7675,521.7737,77.0111,1.000000,0,1
759,1,393.4340,585.0741,41.6559,21.7191,1.000000,0.4375,0.5625
759,2,693.1353,539.4972,329.3728,86.2383,1.000000,0.5625,0.4375
759,3,451.8462,584.7959,43.3434,18.8247,1.000000,0,1
759,4,245.9645,583.9026,166.5094,21.5077,1.000000,0,1
759,5,517.6723,583.2867,107.6279,16.0447,1.000000,0.75,0.25
759,6,525.4431,552.6300,521.4839,76.9746,1.000000,0,1
760,1,392.9565,585.0085,41.6621,21.7148,1.000000,0.375,0.625
760,2,693.4933,539.3581,329.3939,86.2268,1.000000,0.5,0.5
760,3,451.3191,584.7607,43.3495,18.8214,1.000000,0,1
760,4,246.4526,583.8078,166.5086,21.5001,1.000000,0,1
760,5,518.2885,583.2758,107.6331,16.0460,1.000000,0.8125,0.1875
760,6,524.7541,552.4927,521.1927,76.9379,1.000000,0,1
761,1,392.4786,584.9435,41.6685,21.7106,1.000000,0.625,0.375
761,2,693.8495,539.2114,329.4153,86.2151,1.000000,0.4375,0.5625
761,3,450.7913,584.7274,43.3555,18.8183,1.000000,0,1
761,4,246.9382,583.7094,166.5084,21.4922,1.000000,0,1
761,5,518.9053,583.2610,107.6382,16.0470,1.000000,0.875,0.125
761,6,524.0681,552.3523,520.8979,76.9005,1.000000,0,1
762,1,392.0001,584.8798,41.6751,21.7066,1.000000,0.5,0.5
762,2,694.2043,539.0593,329.4371,86.2034,1.000000,0.375,0.625
762,3,450.2627,584.6964,43.3618,18.8152,1.000000,0,1
762,4,247.4211,583.6084,166.5090,21.4842,1.000000,0,1
762,5,519.5226,583.2428,107.6434,16.0479,1.000000,0.9375,0.0625
762,6,523.3839,552.2106,520.6016,76.8629,1.000000,0,1
763,1,391.5212,584.8182,41.6816,21.7027,1.000000,1,0
763,2,694.5576,538.9032,329.4593,86.1916,1.000000,0.3125,0.6875
763,3,449.7336,584.6685,43.3681,18.8124,1.000000,0,1
763,4,247.9001,583.5061,166.5108,21.4762,1.000000,0,1
763,5,520.1403,583.2214,107.6486,16.0486,1.000000,0.875,0.125
763,6,522.7009,552.0687,520.3047,76.8250,1.000000,0,1
764,1,391.0419,584.7579,41.6885,21.6988,1.000000,0.6875,0.3125
764,2,694.9093,538.7403,329.4818,86.1796,1.000000,0.6875,0.3125
764,3,449.2047,584.6425,43.3745,18.8096,1.000000,0,1
764,4,248.3763,583.4004,166.5133,21.4679,1.000000,0,1
764,5,520.7580,583.1960,107.6539,16.0490,1.000000,0.875,0.125
764,6,522.0204,551.9238,520.0052,76.7866,1.000000,0,1
765,1,390.5624,584.6993,41.6952,21.6951,1.000000,0.6875,0.3125
765,2,695.2594,538.5728,329.5049,86.1676,1.000000,0.4375,0.5625
765,3,448.6758,584.6188,43.3809,18.8070,1.000000,0,1
765,4,248.8499,583.2931,166.5165,21.4596,1.000000,0,1
765,5,521.3758,583.1673,107.6592,16.0494,1.000000,0.875,0.125
765,6,521.3416,551.7778,519.7047,76.7481,1.000000,0,1
766,1,390.0823,584.6434,41.7021,21.6915,1.000000,0.9375,0.0625
766,2,695.6078,538.4019,329.5290,86.1558,1.000000,0.5,0.5
766,3,448.1471,584.5977,43.3875,18.8044,1.000000,0,1
766,4,249.3200,583.1859,166.5206,21.4514,1.000000,0,1
766,5,521.9930,583.1356,107.6648,16.0494,1.000000,0.875,0.125
766,6,520.6638,551.6320,519.4040,76.7094,1.000000,0,1
767,1,389.6019,584.5892,41.7091,21.6881,1.000000,0.875,0.125
767,2,695.9551,538.2250,329.5529,86.1438,1.000000,0.5,0.5
767,3,447.6182,584.5783,43.3941,18.8020,1.000000,0,1
767,4,249.7868,583.0762,166.5258,21.4431,1.000000,0,1
767,5,522.6099,583.1001,107.6707,16.0494,1.000000,0.875,0.125
767,6,519.9877,551.4826,519.1024,76.6705,1.000000,0,1
768,1,389.1213,584.5375,41.7162,21.6847,1.000000,0.6875,0.3125
768,2,696.3013,538.0443,329.5774,86.1317,1.000000,0.375,0.625
768,3,447.0892,584.5608,43.4008,18.7998,1.000000,0,1
768,4,250.2504,582.9660,166.5317,21.4348,1.000000,0,1
768,5,523.2260,583.0616,107.6766,16.0492,1.000000,0.875,0.125
768,6,519.3126,551.3320,518.8010,76.6315,1.000000,0,1
769,1,388.6400,584.4894,41.7235,21.6817,1.000000,0.875,0.125
769,2,696.6462,537.8617,329.6036,86.1200,1.000000,0.5625,0.4375
769,3,446.5597,584.5451,43.4077,18.7976,1.000000,0,1
769,4,250.7103,582.8564,166.5388,21.4267,1.000000,0,1
769,5,523.8414,583.0206,107.6827,16.0489,1.000000,0.9375,0.0625
769,6,518.6376,551.1821,518.5008,76.5926,1.000000,0,1
770,1,388.1586,584.4431,41.7308,21.6787,1.000000,0.9375,0.0625
770,2,696.9901,537.6747,329.6306,86.1084,1.000000,0.375,0.625
770,3,446.0303,584.5309,43.4148,18.7956,1.000000,0,1
770,4,251.1669,582.7373,166.5467,21.4272,1.000000,0,1
770,5,524.4547,582.9772,107.6894,16.0485,1.000000,1,0
770,6,517.9640,551.0281,518.2001,76.5536,1.000000,0,1
771,1,387.6769,584.3994,41.7383,21.6758,1.000000,0.8125,0.1875
771,2,697.3331,537.4855,329.6581,86.0969,1.000000,0.5,0.5
771,3,445.5005,584.5182,43.4221,18.7937,1.000000,0,1
771,4,251.6202,582.6178,166.5556,21.4288,1.000000,0,1
771,5,525.0664,582.9318,107.6964,16.0480,1.000000,0.9375,0.0625
771,6,517.2907,550.8726,517.9008,76.5147,1.000000,0,1
772,1,387.1953,584.3594,41.7458,21.6731,1.000000,0.875,0.125
772,2,697.6749,537.2960,329.6874,86.0858,1.000000,0.3125,0.6875
772,3,444.9706,584.5072,43.4294,18.7919,1.000000,0,1
772,4,252.0701,582.5005,166.5655,21.4304,1.000000,0,1
772,5,525.6768,582.8842,107.7040,16.0475,1.000000,0.9375,0.0625
772,6,516.6169,550.7175,517.6040,76.4761,1.000000,0,1
773,1,386.7142,584.3214,41.7532,21.6705,1.000000,0.875,0.125
773,2,698.0159,537.1035,329.7172,86.0747,1.000000,0.4375,0.5625
773,3,444.4406,584.4974,43.4368,18.7902,1.000000,0,1
773,4,252.5166,582.3829,166.5766,21.4323,1.000000,0,1
773,5,526.2865,582.8325,107.7122,16.0475,1.000000,1,0
773,6,515.9446,550.5581,517.3077,76.4375,1.000000,0,1
774,1,386.2329,584.2867,41.7610,21.6681,1.000000,1,0
774,2,698.3562,536.9099,329.7476,86.0637,1.000000,0.4375,0.5625
774,3,443.9103,584.4891,43.4444,18.7886,1.000000,0,1
774,4,252.9602,582.2667,166.5885,21.4342,1.000000,0,1
774,5,526.8955,582.7769,107.7207,16.0495,1.000000,1,0
774,6,515.2731,550.3970,517.0140,76.3992,1.000000,0,1
775,1,385.7516,584.2563,41.7686,21.6659,1.000000,0.875,0.125
775,2,698.6956,536.7170,329.7795,86.0533,1.000000,0.5625,0.4375
775,3,443.3796,584.4824,43.4522,18.7872,1.000000,0,1
775,4,253.4007,582.1540,166.6014,21.4363,1.000000,0,1
775,5,527.5037,582.7207,107.7298,16.0516,1.000000,1,0
775,6,514.6016,550.2361,516.7240,76.3613,1.000000,0,1
776,1,385.2704,584.2286,41.7763,21.6637,1.000000,0.875,0.125
776,2,699.0344,536.5226,329.8118,86.0429,1.000000,0.5625,0.4375
776,3,442.8491,584.4773,43.4601,18.7859,1.000000,0,1
776,4,253.8384,582.0421,166.6152,21.4386,1.000000,0,1
776,5,528.1117,582.6626,107.7394,16.0537,1.000000,1,0
776,6,513.9318,550.0699,516.4348,76.3234,1.000000,0,1
777,1,384.7893,584.2040,41.7839,21.6618,1.000000,0.875,0.125
777,2,699.3726,536.3286,329.8451,86.0328,1.000000,0.5625,0.4375
777,3,442.3186,584.4736,43.4681,18.7847,1.000000,0,1
777,4,254.2735,581.9322,166.6299,21.4409,1.000000,0,1
777,5,528.7192,582.6035,107.7494,16.0559,1.000000,1,0
777,6,513.2626,549.9014,516.1485,76.2858,1.000000,0,1
778,1,384.3085,584.1828,41.7917,21.6599,1.000000,1,0
778,2,699.7101,536.1372,329.8795,86.0231,1.000000,0.5,0.5
778,3,441.7880,584.4715,43.4761,18.7835,1.000000,0,1
778,4,254.7059,581.8262,166.6456,21.4434,1.000000,0,1
778,5,529.3256,582.5444,107.7601,16.0582,1.000000,1,0
778,6,512.5930,549.7331,515.8670,76.2489,1.000000,0,1
779,1,383.8280,584.1641,41.7993,21.6581,1.000000,1,0
779,2,700.0471,535.9453,329.9145,86.0136,1.000000,0.5625,0.4375
779,3,441.2578,584.4706,43.4843,18.7825,1.000000,0,1
779,4,255.1358,581.7218,166.6621,21.4461,1.000000,0,1
779,5,529.9318,582.4843,107.7711,16.0605,1.000000,1,0
779,6,511.9244,549.5601,515.5861,76.2119,1.000000,0,1
780,1,383.3475,584.1479,41.8070,21.6563,1.000000,1,0
780,2,700.3834,535.7548,329.9504,86.0043,1.000000,0.5625,0.4375
780,3,440.7278,584.4708,43.4926,18.7815,1.000000,0,1
780,4,255.5631,581.6200,166.6796,21.4489,1.000000,0,1
780,5,530.5375,582.4238,107.7826,16.0629,1.000000,1,0
780,6,511.2563,549.3854,515.3075,76.1751,1.000000,0,1
781,1,382.8676,584.1346,41.8146,21.6547,1.000000,1,0
781,2,700.7191,535.5669,329.9872,85.9955,1.000000,0.5625,0.4375
781,3,440.1983,584.4717,43.5008,18.7806,1.000000,0,1
781,4,255.9881,581.5223,166.6977,21.4518,1.000000,0,1
781,5,531.1423,582.3642,107.7944,16.0654,1.000000,1,0
781,6,510.5872,549.2117,515.0342,76.1392,1.000000,0,1
782,1,382.3888,584.1235,41.8220,21.6531,1.000000,1,0
782,2,701.0537,535.3795,330.0243,85.9868,1.000000,0.625,0.375
782,3,439.6692,584.4734,43.5091,18.7797,1.000000,0,1
782,4,256.4108,581.4263,166.7167,21.4549,1.000000,0,1
782,5,531.7466,582.3040,107.8068,16.0679,1.000000,1,0
782,6,509.9178,549.0339,514.7642,76.1036,1.000000,0,1
783,1,381.9110,584.1144,41.8294,21.6515,1.000000,1,0
783,2,701.3873,535.1942,330.0624,85.9784,1.000000,0.6875,0.3125
783,3,439.1408,584.4754,43.5172,18.7788,1.000000,0,1
783,4,256.8315,581.3330,166.7364,21.4580,1.000000,0,1
783,5,532.3503,582.2434,107.8208,16.0705,1.000000,1,0
783,6,509.2480,548.8558,514.4976,76.0686,1.000000,0,1
784,1,381.4340,584.1071,41.8366,21.6499,1.000000,1,0
784,2,701.7201,535.0115,330.1022,85.9707,1.000000,0.5625,0.4375
784,3,438.6124,584.4778,43.5254,18.7779,1.000000,0,1
784,4,257.2504,581.2440,166.7568,21.4614,1.000000,0,1
784,5,532.9531,582.1830,107.8386,16.0732,1.000000,1,0
784,6,508.5777,548.6807,514.2351,76.0342,1.000000,0,1
785,1,380.9578,584.1006,41.8438,21.6483,1.000000,1,0
785,2,702.0520,534.8291,330.1423,85.9631,1.000000,0.5,0.5
785,3,438.0848,584.4801,43.5335,18.7770,1.000000,0,1
785,4,257.6676,581.1571,166.7779,21.4648,1.000000,0,1
785,5,533.5552,582.1221,107.8566,16.0758,1.000000,1,0
785,6,507.9070,548.5036,513.9758,76.0003,1.000000,0,1
786,1,380.4822,584.0951,41.8509,21.6468,1.000000,1,0
786,2,702.3834,534.6482,330.1835,85.9558,1.000000,0.5,0.5
786,3,437.5575,584.4822,43.5416,18.7760,1.000000,0,1
786,4,258.0832,581.0734,166.7996,21.4683,1.000000,0,1
786,5,534.1566,582.0607,107.8750,16.0785,1.000000,1,0
786,6,507.2354,548.3275,513.7208,75.9669,1.000000,0,1
787,1,380.0070,584.0905,41.8578,21.6452,1.000000,1,0
787,2,702.7145,534.4703,330.2261,85.9491,1.000000,0.6875,0.3125
787,3,437.0306,584.4839,43.5497,18.7751,1.000000,0,1
787,4,258.4977,580.9940,166.8218,21.4720,1.000000,0,1
787,5,534.7571,581.9989,107.8937,16.0812,1.000000,1,0
787,6,506.5628,548.1560,513.4700,75.9345,1.000000,0,1
788,1,379.5317,584.0857,41.8648,21.6436,1.000000,1,0
788,2,703.0448,534.2930,330.2704,85.9427,1.000000,0.3125,0.6875
788,3,436.5046,584.4850,43.5576,18.7740,1.000000,0,1
788,4,258.9116,580.9173,166.8444,21.4758,1.000000,0,1
788,5,535.3578,581.9355,107.9124,16.0839,1.000000,1,0
788,6,505.8891,547.9845,513.2225,75.9026,1.000000,0,1
789,1,379.0566,584.0807,41.8718,21.6420,1.000000,1,0
789,2,703.3749,534.1170,330.3162,85.9369,1.000000,0.625,0.375
789,3,435.9792,584.4853,43.5653,18.7729,1.000000,0,1
789,4,259.3252,580.8438,166.8672,21.4795,1.000000,0,1
789,5,535.9581,581.8714,107.9313,16.0867,1.000000,1,0
789,6,505.2145,547.8159,512.9789,75.8713,1.000000,0,1
790,1,378.5817,584.0759,41.8787,21.6403,1.000000,1,0
790,2,703.7047,533.9435,330.3640,85.9318,1.000000,0.4375,0.5625
790,3,435.4543,584.4849,43.5730,18.7717,1.000000,0,1
790,4,259.7383,580.7747,166.8906,21.4835,1.000000,0,1
790,5,536.5576,581.8071,107.9505,16.0894,1.000000,1,0
790,6,504.5386,547.6536,512.7399,75.8411,1.000000,0,1
791,1,378.1068,584.0704,41.8855,21.6386,1.000000,1,0
791,2,704.0339,533.7704,330.4136,85.9271,1.000000,0.4375,0.5625
791,3,434.9301,584.4832,43.5806,18.7705,1.000000,0,1
791,4,260.1514,580.7087,166.9141,21.4874,1.000000,0,1
791,5,537.1566,581.7414,107.9697,16.0923,1.000000,1,0
791,6,503.8611,547.4932,512.5050,75.8115,1.000000,0,1
792,1,377.6318,584.0641,41.8923,21.6369,1.000000,1,0
792,2,704.3629,533.5991,330.4655,85.9232,1.000000,0.25,0.75
792,3,434.4067,584.4807,43.5881,18.7692,1.000000,0,1
792,4,260.5647,580.6464,166.9378,21.4915,1.000000,0,1
792,5,537.7548,581.6752,107.9890,16.0951,1.000000,1,0
792,6,503.1822,547.3372,512.2747,75.7827,1.000000,0,1
793,1,377.1563,584.0573,41.8992,21.6352,1.000000,1,0
793,2,704.6918,533.4310,330.5201,85.9200,1.000000,0.3125,0.6875
793,3,433.8842,584.4772,43.5953,18.7677,1.000000,0,1
793,4,260.9781,580.5890,166.9617,21.4956,1.000000,0,1
793,5,538.3519,581.6090,108.0085,16.0979,1.000000,1,0
793,6,502.5031,547.1881,512.0477,75.7548,1.000000,0,1
794,1,376.6807,584.0493,41.9060,21.6334,1.000000,1,0
794,2,705.0202,533.2639,330.5772,85.9175,1.000000,0.75,0.25
794,3,433.3629,584.4719,43.6026,18.7663,1.000000,0,1
794,4,261.3925,580.5350,166.9856,21.4998,1.000000,0,1
794,5,538.9482,581.5415,108.0280,16.1007,1.000000,1,0
794,6,501.8232,547.0414,511.8241,75.7274,1.000000,0,1
795,1,376.2049,584.0404,41.9129,21.6316,1.000000,1,0
795,2,705.3486,533.0989,330.6366,85.9158,1.000000,0.6875,0.3125
795,3,432.8423,584.4653,43.6099,18.7646,1.000000,0,1
795,4,261.8077,580.4847,167.0095,21.5040,1.000000,0,1
795,5,539.5435,581.4735,108.0474,16.1035,1.000000,1,0
795,6,501.1422,546.8992,511.6050,75.7008,1.000000,0,1
796,1,375.7290,584.0304,41.9197,21.6298,1.000000,1,0
796,2,705.6772,532.9371,330.6992,85.9151,1.000000,0.25,0.75
796,3,432.3224,584.4575,43.6169,18.7630,1.000000,0,1
796,4,262.2241,580.4391,167.0333,21.5082,1.000000,0,1
796,5,540.1376,581.4060,108.0672,16.1064,1.000000,1,0
796,6,500.4602,546.7631,511.3893,75.6751,1.000000,0,1
797,1,375.2530,584.0188,41.9267,21.6279,1.000000,1,0
797,2,706.0061,532.7780,330.7650,85.9153,1.000000,0.5,0.5
797,3,431.8028,584.4479,43.6239,18.7611,1.000000,0,1
797,4,262.6422,580.3964,167.0568,21.5125,1.000000,0,1
797,5,540.7308,581.3375,108.0869,16.1092,1.000000,1,0
797,6,499.7758,546.6292,511.1775,75.6501,1.000000,0,1
798,1,374.7770,584.0060,41.9337,21.6259,1.000000,1,0
798,2,706.3354,532.6218,330.8340,85.9164,1.000000,0.375,0.625
798,3,431.2834,584.4369,43.6308,18.7593,1.000000,0,1
798,4,263.0616,580.3573,167.0798,21.5167,1.000000,0,1
798,5,541.3234,581.2690,108.1067,16.1120,1.000000,1,0
798,6,499.0893,546.4991,510.9692,75.6257,1.000000,0,1
799,1,374.3007,583.9923,41.9408,21.6241,1.000000,1,0
799,2,706.6653,532.4690,330.9064,85.9184,1.000000,0.4375,0.5625
799,3,430.7643,584.4250,43.6377,18.7574,1.000000,0,1
799,4,263.4825,580.3223,167.1027,21.5210,1.000000,0,1
799,5,541.9157,581.2012,108.1266,16.1148,1.000000,1,0
799,6,498.4012,546.3746,510.7645,75.6021,1.000000,0,1
800,1,373.8238,583.9774,41.9479,21.6222,1.000000,1,0
800,2,706.9951,532.3200,330.9819,85.9216,1.000000,0.625,0.375
800,3,430.2451,584.4116,43.6447,18.7555,1.000000,0,1
800,4,263.9056,580.2897,167.1247,21.5251,1.000000,0,1
800,5,542.5092,581.1317,108.1464,16.1178,1.000000,1,0
800,6,497.7103,546.2523,510.5625,75.5792,1.000000,0,1
801,1,373.3460,583.9613,41.9552,21.6203,1.000000,1,0
801,2,707.3254,532.1754,331.0604,85.9257,1.000000,0.5625,0.4375
801,3,429.7263,584.3973,43.6514,18.7534,1.000000,0.0625,0.9375
801,4,264.3304,580.2599,167.1465,21.5293,1.000000,0,1
801,5,543.1031,581.0634,108.1664,16.1206,1.000000,1,0
801,6,497.0172,546.1340,510.3637,75.5568,1.000000,0,1
802,1,372.8674,583.9441,41.9624,21.6184,1.000000,1,0
802,2,707.6569,532.0361,331.1418,85.9306,1.000000,0.4375,0.5625
802,3,429.2074,584.3827,43.6583,18.7514,1.000000,0,1
802,4,264.7572,580.2337,167.1677,21.5335,1.000000,0,1
802,5,543.6975,580.9985,108.1860,16.1235,1.000000,1,0
802,6,496.3228,546.0212,510.1678,75.5351,1.000000,0,1
803,1,372.3872,583.9245,41.9698,21.6164,1.000000,1,0
803,2,707.9892,531.9011,331.2269,85.9368,1.000000,0.625,0.375
803,3,428.6888,584.3666,43.6650,18.7493,1.000000,0.1875,0.8125
803,4,265.1860,580.2101,167.1883,21.5376,1.000000,0,1
803,5,544.2927,580.9351,108.2052,16.1263,1.000000,1,0
803,6,495.6252,545.9110,509.9762,75.5142,1.000000,0,1
804,1,371.9062,583.9037,41.9771,21.6144,1.000000,1,0
804,2,708.3224,531.7715,331.3150,85.9439,1.000000,0.5,0.5
804,3,428.1702,584.3499,43.6719,18.7472,1.000000,0,1
804,4,265.6167,580.1891,167.2082,21.5417,1.000000,0,1
804,5,544.8883,580.8737,108.2239,16.1290,1.000000,1,0
804,6,494.9256,545.8046,509.7873,75.4938,1.000000,0,1
805,1,371.4245,583.8828,41.9845,21.6123,1.000000,1,0
805,2,708.6566,531.6483,331.4066,85.9522,1.000000,0.3125,0.6875
805,3,427.6516,584.3333,43.6788,18.7451,1.000000,0.125,0.875
805,4,266.0491,580.1711,167.2276,21.5457,1.000000,0,1
805,5,545.4840,580.8154,108.2425,16.1317,1.000000,1,0
805,6,494.2250,545.7030,509.6003,75.4739,1.000000,0,1
806,1,370.9420,583.8615,41.9919,21.6103,1.000000,1,0
806,2,708.9922,531.5311,331.5010,85.9614,1.000000,0.5,0.5
806,3,427.1330,584.3155,43.6856,18.7430,1.000000,0.3125,0.6875
806,4,266.4838,580.1554,167.2462,21.5496,1.000000,0,1
806,5,546.0804,580.7574,108.2604,16.1344,1.000000,1,0
806,6,493.5220,545.6045,509.4161,75.4546,1.000000,0,1
807,1,370.4593,583.8407,41.9994,21.6083,1.000000,1,0
807,2,709.3292,531.4207,331.5976,85.9715,1.000000,0.3125,0.6875
807,3,426.6143,584.2975,43.6925,18.7409,1.000000,0.25,0.75
807,4,266.9199,580.1423,167.2646,21.5535,1.000000,0,1
807,5,546.6775,580.7006,108.2778,16.1370,1.000000,1,0
807,6,492.8174,545.5099,509.2346,75.4359,1.000000,0,1
808,1,369.9764,583.8215,42.0069,21.6064,1.000000,1,0
808,2,709.6677,531.3178,331.6969,85.9825,1.000000,0.3125,0.6875
808,3,426.0953,584.2802,43.6995,18.7389,1.000000,0.0625,0.9375
808,4,267.3575,580.1322,167.2823,21.5574,1.000000,0,1
808,5,547.2749,580.6458,108.2948,16.1395,1.000000,1,0
808,6,492.1112,545.4204,509.0564,75.4179,1.000000,0,1
809,1,369.4931,583.8033,42.0144,21.6045,1.000000,1,0
809,2,710.0078,531.2220,331.7982,85.9944,1.000000,0.3125,0.6875
809,3,425.5757,584.2624,43.7065,18.7368,1.000000,0.375,0.625
809,4,267.7977,580.1237,167.2995,21.5613,1.000000,0,1
809,5,547.8732,580.5898,108.3112,16.1419,1.000000,1,0
809,6,491.4026,545.3341,508.8812,75.4005,1.000000,0,1
810,1,369.0097,583.7865,42.0218,21.6027,1.000000,1,0
810,2,710.3495,531.1334,331.9017,86.0071,1.000000,0.375,0.625
810,3,425.0557,584.2450,43.7135,18.7347,1.000000,0.1875,0.8125
810,4,268.2395,580.1177,167.3162,21.5651,1.000000,0,1
810,5,548.4722,580.5336,108.3271,16.1443,1.000000,1,0
810,6,490.6923,545.2517,508.7081,75.3836,1.000000,0,1
811,1,368.5260,583.7719,42.0295,21.6010,1.000000,1,0
811,2,710.6931,531.0532,332.0071,86.0205,1.000000,0.5,0.5
811,3,424.5356,584.2289,43.7204,18.7327,1.000000,0.375,0.625
811,4,268.6828,580.1155,167.3325,21.5689,1.000000,0,1
811,5,549.0715,580.4778,108.3425,16.1466,1.000000,1,0
811,6,489.9809,545.1743,508.5371,75.3672,1.000000,0,1
812,1,368.0415,583.7587,42.0372,21.5993,1.000000,1,0
812,2,711.0389,530.9816,332.1140,86.0346,1.000000,0.375,0.625
812,3,424.0150,584.2133,43.7276,18.7307,1.000000,0.0625,0.9375
812,4,269.1273,580.1158,167.3485,21.5727,1.000000,0,1
812,5,549.6716,580.4202,108.3575,16.1487,1.000000,1,0
812,6,489.2675,545.1004,508.3687,75.3514,1.000000,0,1
813,1,367.5568,583.7471,42.0447,21.5978,1.000000,1,0
813,2,711.3868,530.9183,332.2217,86.0494,1.000000,0.6875,0.3125
813,3,423.4944,584.1987,43.7345,18.7287,1.000000,0.375,0.625
813,4,269.5729,580.1184,167.3640,21.5765,1.000000,0,1
813,5,550.2723,580.3618,108.3719,16.1509,1.000000,1,0
813,6,488.5524,545.0306,508.2025,75.3360,1.000000,0,1
814,1,367.0718,583.7377,42.0524,21.5962,1.000000,1,0
814,2,711.7363,530.8640,332.3304,86.0647,1.000000,0.4375,0.5625
814,3,422.9739,584.1857,43.7415,18.7269,1.000000,0.4375,0.5625
814,4,270.0197,580.1237,167.3792,21.5802,1.000000,0,1
814,5,550.8734,580.3034,108.3859,16.1529,1.000000,1,0
814,6,487.8360,544.9653,508.0375,75.3211,1.000000,0,1
815,1,366.5865,583.7308,42.0600,21.5948,1.000000,1,0
815,2,712.0865,530.8191,332.4388,86.0803,1.000000,0.625,0.375
815,3,422.4535,584.1736,43.7484,18.7249,1.000000,0.375,0.625
815,4,270.4680,580.1314,167.3938,21.5839,1.000000,0,1
815,5,551.4749,580.2428,108.3994,16.1549,1.000000,1,0
815,6,487.1170,544.9048,507.8754,75.3069,1.000000,0,1
816,1,366.1007,583.7261,42.0677,21.5935,1.000000,1,0
816,2,712.4373,530.7822,332.5474,86.0963,1.000000,0.5625,0.4375
816,3,421.9330,584.1629,43.7554,18.7231,1.000000,0.5625,0.4375
816,4,270.9175,580.1412,167.4082,21.5876,1.000000,0,1
816,5,552.0764,580.1815,108.4125,16.1568,1.000000,1,0
816,6,486.3963,544.8490,507.7155,75.2931,1.000000,0,1
817,1,365.6146,583.7236,42.0755,21.5923,1.000000,1,0
817,2,712.7890,530.7529,332.6559,86.1127,1.000000,0.4375,0.5625
817,3,421.4127,584.1537,43.7622,18.7213,1.000000,0.25,0.75
817,4,271.3685,580.1527,167.4219,21.5913,1.000000,0,1
817,5,552.6777,580.1207,108.4255,16.1586,1.000000,1,0
817,6,485.6746,544.7977,507.5579,75.2799,1.000000,0,1
818,1,365.1281,583.7238,42.0831,21.5912,1.000000,1,0
818,2,713.1407,530.7314,332.7639,86.1292,1.000000,0.625,0.375
818,3,420.8923,584.1458,43.7690,18.7195,1.000000,0.75,0.25
818,4,271.8208,580.1654,167.4352,21.5948,1.000000,0,1
818,5,553.2792,580.0578,108.4379,16.1604,1.000000,1,0
818,6,484.9508,544.7515,507.4026,75.2672,1.000000,0,1
819,1,364.6412,583.7264,42.0910,21.5902,1.000000,1,0
819,2,713.4929,530.7164,332.8713,86.1457,1.000000,0.3125,0.6875
819,3,420.3722,584.1392,43.7758,18.7178,1.000000,0.625,0.375
819,4,272.2742,580.1791,167.4483,21.5984,1.000000,0,1
819,5,553.8807,579.9943,108.4500,16.1621,1.000000,1,0
819,6,484.2261,544.7102,507.2491,75.2550,1.000000,0,1
820,1,364.1545,583.7314,42.0986,21.5893,1.000000,1,0
820,2,713.8459,530.7078,332.9788,86.1627,1.000000,0.375,0.625
820,3,419.8523,584.1343,43.7825,18.7161,1.000000,0.375,0.625
820,4,272.7289,580.1935,167.4608,21.6020,1.000000,0,1
820,5,554.4820,579.9312,108.4620,16.1638,1.000000,1,0
820,6,483.5005,544.6741,507.0987,75.2435,1.000000,0,1
821,1,363.6676,583.7396,42.1066,21.5885,1.000000,1,0
821,2,714.1995,530.7054,333.0859,86.1798,1.000000,0.4375,0.5625
821,3,419.3323,584.1302,43.7891,18.7144,1.000000,0.75,0.25
821,4,273.1845,580.2092,167.4731,21.6055,1.000000,0,1
821,5,555.0835,579.8669,108.4738,16.1655,1.000000,1,0
821,6,482.7737,544.6426,506.9504,75.2325,1.000000,0,1
822,1,363.1803,583.7503,42.1144,21.5878,1.000000,1,0
822,2,714.5539,530.7080,333.1927,86.1969,1.000000,0.3125,0.6875
822,3,418.8124,584.1275,43.7957,18.7126,1.000000,0.8125,0.1875
822,4,273.6407,580.2258,167.4852,21.6090,1.000000,0,1
822,5,555.6851,579.8027,108.4854,16.1671,1.000000,1,0
822,6,482.0466,544.6156,506.8036,75.2220,1.000000,0,1
823,1,362.6925,583.7634,42.1223,21.5872,1.000000,1,0
823,2,714.9091,530.7153,333.2990,86.2141,1.000000,0.3125,0.6875
823,3,418.2925,584.1262,43.8023,18.7110,1.000000,0.5,0.5
823,4,274.0976,580.2435,167.4971,21.6124,1.000000,0,1
823,5,556.2868,579.7397,108.4966,16.1687,1.000000,1,0
823,6,481.3195,544.5930,506.6581,75.2117,1.000000,0,1
824,1,362.2050,583.7799,42.1301,21.5868,1.000000,1,0
824,2,715.2645,530.7279,333.4047,86.2315,1.000000,0.375,0.625
824,3,417.7726,584.1263,43.8088,18.7094,1.000000,0.375,0.625
824,4,274.5551,580.2625,167.5086,21.6159,1.000000,0,1
824,5,556.8890,579.6761,108.5079,16.1703,1.000000,1,0
824,6,480.5911,544.5753,506.5149,75.2020,1.000000,0,1
825,1,361.7178,583.7991,42.1379,21.5864,1.000000,1,0
825,2,715.6208,530.7448,333.5098,86.2488,1.000000,0.25,0.75
825,3,417.2531,584.1281,43.8153,18.7079,1.000000,0.625,0.375
825,4,275.0132,580.2828,167.5200,21.6193,1.000000,0,1
825,5,557.4917,579.6136,108.5190,16.1719,1.000000,1,0
825,6,479.8622,544.5618,506.3734,75.1927,1.000000,0,1
826,1,361.2305,583.8202,42.1457,21.5860,1.000000,1,0
826,2,715.9781,530.7656,333.6144,86.2662,1.000000,0.375,0.625
826,3,416.7340,584.1316,43.8218,18.7063,1.000000,0.6875,0.3125
826,4,275.4717,580.3040,167.5309,21.6227,1.000000,0,1
826,5,558.0949,579.5540,108.5298,16.1734,1.000000,1,0
826,6,479.1332,544.5522,506.2333,75.1838,1.000000,0,1
827,1,360.7430,583.8456,42.1534,21.5858,1.000000,1,0
827,2,716.3367,530.7902,333.7180,86.2833,1.000000,0.25,0.75
827,3,416.2148,584.1370,43.8283,18.7049,1.000000,0.9375,0.0625
827,4,275.9308,580.3262,167.5417,21.6261,1.000000,0,1
827,5,558.6993,579.4949,108.5403,16.1749,1.000000,1,0
827,6,478.4039,544.5480,506.0951,75.1755,1.000000,0,1
828,1,360.2554,583.8740,42.1611,21.5857,1.000000,1,0
828,2,716.6964,530.8186,333.8206,86.3005,1.000000,0.375,0.625
828,3,415.6958,584.1443,43.8348,18.7037,1.000000,0.5625,0.4375
828,4,276.3907,580.3492,167.5521,21.6294,1.000000,0,1
828,5,559.3046,579.4379,108.5506,16.1764,1.000000,1,0
828,6,477.6741,544.5480,505.9584,75.1674,1.000000,0,1
829,1,359.7675,583.9043,42.1687,21.5856,1.000000,1,0
829,2,717.0570,530.8514,333.9230,86.3176,1.000000,0.3125,0.6875
829,3,415.1768,584.1536,43.8414,18.7024,1.000000,0.75,0.25
829,4,276.8507,580.3730,167.5625,21.6327,1.000000,0,1
829,5,559.9105,579.3840,108.5605,16.1779,1.000000,1,0
829,6,476.9440,544.5511,505.8222,75.1596,1.000000,0,1
830,1,359.2800,583.9392,42.1763,21.5857,1.000000,1,0
830,2,717.4189,530.8878,334.0230,86.3343,1.000000,0.4375,0.5625
830,3,414.6577,584.1658,43.8480,18.7013,1.000000,0.875,0.125
830,4,277.3114,580.3981,167.5728,21.6361,1.000000,0,1
830,5,560.5175,579.3319,108.5701,16.1793,1.000000,1,0
830,6,476.2125,544.5582,505.6881,75.1522,1.000000,0,1
831,1,358.7929,583.9768,42.1840,21.5858,1.000000,1,0
831,2,717.7819,530.9282,334.1218,86.3509,1.000000,0.3125,0.6875
831,3,414.1386,584.1802,43.8547,18.7003,1.000000,0.8125,0.1875
831,4,277.7725,580.4243,167.5831,21.6395,1.000000,0,1
831,5,561.1253,579.2818,108.5795,16.1807,1.000000,1,0
831,6,475.4803,544.5687,505.5547,75.1452,1.000000,0,1
832,1,358.3063,584.0161,42.1914,21.5860,1.000000,1,0
832,2,718.1460,530.9732,334.2196,86.3673,1.000000,0.375,0.625
832,3,413.6196,584.1963,43.8612,18.6993,1.000000,0.8125,0.1875
832,4,278.2341,580.4515,167.5933,21.6429,1.000000,0,1
832,5,561.7341,579.2351,108.5885,16.1821,1.000000,1,0
832,6,474.7476,544.5823,505.4221,75.1384,1.000000,0,1
833,1,357.8202,584.0598,42.1988,21.5863,1.000000,1,0
833,2,718.5117,531.0222,334.3156,86.3834,1.000000,0.3125,0.6875
833,3,413.1000,584.2156,43.8678,18.6984,1.000000,0.8125,0.1875
833,4,278.6964,580.4803,167.6036,21.6463,1.000000,0,1
833,5,562.3439,579.1908,108.5974,16.1835,1.000000,1,0
833,6,474.0141,544.5996,505.2901,75.1317,1.000000,0,1
834,1,357.3346,584.1060,42.2061,21.5867,1.000000,1,0
834,2,718.8787,531.0754,334.4095,86.3992,1.000000,0.4375,0.5625
834,3,412.5793,584.2374,43.8745,18.6977,1.000000,0.8125,0.1875
834,4,279.1592,580.5104,167.6139,21.6497,1.000000,0,1
834,5,562.9545,579.1491,108.6061,16.1849,1.000000,1,0
834,6,473.2805,544.6198,505.1587,75.1254,1.000000,0,1
835,1,356.8496,584.1531,42.2133,21.5870,1.000000,1,0
835,2,719.2465,531.1335,334.5016,86.4146,1.000000,0.5,0.5
835,3,412.0576,584.2613,43.8813,18.6971,1.000000,1,0
835,4,279.6227,580.5413,167.6243,21.6531,1.000000,0,1
835,5,563.5662,579.1110,108.6146,16.1862,1.000000,1,0
835,6,472.5471,544.6426,505.0279,75.1191,1.000000,0,1
836,1,356.3655,584.2037,42.2204,21.5874,1.000000,1,0
836,2,719.6160,531.1970,334.5920,86.4298,1.000000,0.5625,0.4375
836,3,411.5350,584.2885,43.8879,18.6965,1.000000,0.9375,0.0625
836,4,280.0869,580.5739,167.6346,21.6566,1.000000,0,1
836,5,564.1790,579.0756,108.6229,16.1876,1.000000,1,0
836,6,471.8141,544.6693,504.8982,75.1132,1.000000,0,1
837,1,355.8818,584.2557,42.2273,21.5878,1.000000,1,0
837,2,719.9868,531.2651,334.6809,86.4447,1.000000,0.4375,0.5625
837,3,411.0122,584.3177,43.8945,18.6960,1.000000,1,0
837,4,280.5519,580.6075,167.6449,21.6601,1.000000,0,1
837,5,564.7930,579.0428,108.6309,16.1889,1.000000,1,0
837,6,471.0812,544.6987,504.7699,75.1077,1.000000,0,1
838,1,355.3982,584.3073,42.2344,21.5882,1.000000,1,0
838,2,720.3583,531.3376,334.7676,86.4593,1.000000,0.5,0.5
838,3,410.4898,584.3480,43.9009,18.6955,1.000000,1,0
838,4,281.0177,580.6415,167.6552,21.6635,1.000000,0,1
838,5,565.4082,579.0132,108.6387,16.1903,1.000000,1,0
838,6,470.3488,544.7302,504.6414,75.1022,1.000000,0,1
839,1,354.9155,584.3622,42.2413,21.5886,1.000000,1,0
839,2,720.7313,531.4155,334.8520,86.4735,1.000000,0.4375,0.5625
839,3,409.9672,584.3813,43.9074,18.6950,1.000000,1,0
839,4,281.4837,580.6773,167.6655,21.6671,1.000000,0,1
839,5,566.0242,578.9873,108.6465,16.1917,1.000000,1,0
839,6,469.6162,544.7649,504.5150,75.0970,1.000000,0,1
840,1,354.4337,584.4180,42.2480,21.5890,1.000000,1,0
840,2,721.1053,531.4980,334.9345,86.4874,1.000000,0.5625,0.4375
840,3,409.4447,584.4160,43.9137,18.6946,1.000000,1,0
840,4,281.9498,580.7141,167.6758,21.6706,1.000000,0,1
840,5,566.6410,578.9645,108.6542,16.1931,1.000000,1,0
840,6,468.8837,544.8015,504.3892,75.0920,1.000000,0,1
841,1,353.9524,584.4726,42.2545,21.5893,1.000000,1,0
841,2,721.4800,531.5850,335.0151,86.5010,1.000000,0.3125,0.6875
841,3,408.9227,584.4507,43.9199,18.6941,1.000000,1,0
841,4,282.4162,580.7505,167.6860,21.6741,1.000000,0,1
841,5,567.2585,578.9446,108.6617,16.1944,1.000000,1,0
841,6,468.1505,544.8392,504.2649,75.0873,1.000000,0,1
842,1,353.4724,584.5299,42.2610,21.5897,1.000000,1,0
842,2,721.8553,531.6776,335.0934,86.5142,1.000000,0.5,0.5
842,3,408.4008,584.4874,43.9261,18.6937,1.000000,1,0
842,4,282.8837,580.7865,167.6961,21.6775,1.000000,0,1
842,5,567.8770,578.9269,108.6690,16.1958,1.000000,1,0
842,6,467.4168,544.8804,504.1423,75.0831,1.000000,0,1
843,1,352.9937,584.5875,42.2672,21.5900,1.000000,1,0
843,2,722.2311,531.7747,335.1698,86.5270,1.000000,0.375,0.625
843,3,407.8796,584.5247,43.9321,18.6932,1.000000,1,0
843,4,283.3524,580.8211,167.7059,21.6810,1.000000,0,1
843,5,568.4963,578.9113,108.6763,16.1972,1.000000,1,0
843,6,466.6824,544.9233,504.0211,75.0791,1.000000,0,1
844,1,352.5160,584.6434,42.2733,21.5901,1.000000,1,0
844,2,722.6071,531.8753,335.2435,86.5395,1.000000,0.375,0.625
844,3,407.3587,584.5610,43.9380,18.6926,1.000000,1,0
844,4,283.8222,580.8540,167.7154,21.6844,1.000000,0,1
844,5,569.1166,578.8976,108.6834,16.1986,1.000000,1,0
844,6,465.9467,544.9670,503.9010,75.0753,1.000000,0,1
845,1,352.0403,584.7011,42.2791,21.5902,1.000000,1,0
845,2,722.9838,531.9803,335.3157,86.5516,1.000000,0.625,0.375
845,3,406.8379,584.5987,43.9438,18.6921,1.000000,1,0
845,4,284.2931,580.8859,167.7249,21.6877,1.000000,0,1
845,5,569.7376,578.8865,108.6906,16.1999,1.000000,1,0
845,6,465.2100,545.0143,503.7830,75.0720,1.000000,0,1
846,1,351.5659,584.7583,42.2849,21.5903,1.000000,1,0
846,2,723.3605,532.0886,335.3858,86.5633,1.000000,0.6875,0.3125
846,3,406.3175,584.6363,43.9496,18.6916,1.000000,1,0
846,4,284.7647,580.9166,167.7342,21.6911,1.000000,0,1
846,5,570.3596,578.8776,108.6976,16.2014,1.000000,1,0
846,6,464.4717,545.0635,503.6674,75.0691,1.000000,0,1
847,1,351.0932,584.8127,42.2903,21.5901,1.000000,1,0
847,2,723.7366,532.2001,335.4540,86.5747,1.000000,0.3125,0.6875
847,3,405.7977,584.6727,43.9551,18.6909,1.000000,1,0
847,4,285.2368,580.9456,167.7434,21.6944,1.000000,0,1
847,5,570.9824,578.8705,108.7045,16.2028,1.000000,1,0
847,6,463.7318,545.1133,503.5533,75.0665,1.000000,0,1
848,1,350.6232,584.8682,42.2955,21.5899,1.000000,1,0
848,2,724.1119,532.3154,335.5202,86.5858,1.000000,0.4375,0.5625
848,3,405.2786,584.7100,43.9606,18.6903,1.000000,1,0
848,4,285.7095,580.9737,167.7524,21.6976,1.000000,0,1
848,5,571.6063,578.8665,108.7115,16.2042,1.000000,1,0
848,6,462.9906,545.1671,503.4412,75.0644,1.000000,0,1
849,1,350.1552,584.9223,42.3005,21.5895,1.000000,1,0
849,2,724.4865,532.4332,335.5851,86.5967,1.000000,0.3125,0.6875
849,3,404.7602,584.7471,43.9663,18.6896,1.000000,1,0
849,4,286.1826,581.0006,167.7614,21.7008,1.000000,0,1
849,5,572.2313,578.8652,108.7185,16.2057,1.000000,1,0
849,6,462.2477,545.2228,503.3309,75.0627,1.000000,0,1
850,1,349.6893,584.9731,42.3052,21.5888,1.000000,1,0
850,2,724.8603,532.5531,335.6481,86.6072,1.000000,0.1875,0.8125
850,3,404.2428,584.7830,43.9716,18.6889,1.000000,1,0
850,4,286.6556,581.0258,167.7704,21.7041,1.000000,0,1
850,5,572.8571,578.8665,108.7256,16.2072,1.000000,1,0
850,6,461.5025,545.2792,503.2228,75.0612,1.000000,0,1
851,1,349.2264,585.0235,42.3098,21.5881,1.000000,1,0
851,2,725.2333,532.6760,335.7092,86.6175,1.000000,0.1875,0.8125
851,3,403.7256,584.8198,43.9770,18.6882,1.000000,1,0
851,4,287.1288,581.0503,167.7792,21.7073,1.000000,0,1
851,5,573.4837,578.8710,108.7328,16.2087,1.000000,1,0
851,6,460.7564,545.3391,503.1161,75.0603,1.000000,0,1
852,1,348.7659,585.0719,42.3139,21.5872,1.000000,1,0
852,2,725.6055,532.8004,335.7688,86.6273,1.000000,0.3125,0.6875
852,3,403.2089,584.8569,43.9823,18.6875,1.000000,1,0
852,4,287.6018,581.0741,167.7881,21.7105,1.000000,0,1
852,5,574.1110,578.8781,108.7401,16.2103,1.000000,1,0
852,6,460.0084,545.4003,503.0119,75.0598,1.000000,0,1
853,1,348.3073,585.1165,42.3178,21.5860,1.000000,1,0
853,2,725.9768,532.9247,335.8267,86.6368,1.000000,0.1875,0.8125
853,3,402.6928,584.8932,43.9875,18.6867,1.000000,1,0
853,4,288.0747,581.0967,167.7968,21.7137,1.000000,0,1
853,5,574.7391,578.8870,108.7476,16.2119,1.000000,1,0
853,6,459.2587,545.4617,502.9091,75.0595,1.000000,0,1
854,1,347.8514,585.1599,42.3215,21.5846,1.000000,1,0
854,2,726.3475,533.0507,335.8837,86.6461,1.000000,0.1875,0.8125
854,3,402.1771,584.9302,43.9927,18.6859,1.000000,1,0
854,4,288.5472,581.1190,167.8054,21.7168,1.000000,0,1
854,5,575.3682,578.8995,108.7552,16.2136,1.000000,1,0
854,6,458.5092,545.5262,502.8083,75.0596,1.000000,0,1
855,1,347.3978,585.2004,42.3249,21.5831,1.000000,1,0
855,2,726.7175,533.1771,335.9397,86.6553,1.000000,0.25,0.75
855,3,401.6617,584.9672,43.9978,18.6851,1.000000,1,0
855,4,289.0190,581.1411,167.8142,21.7200,1.000000,0,1
855,5,575.9978,578.9149,108.7631,16.2153,1.000000,1,0
855,6,457.7597,545.5919,502.7090,75.0600,1.000000,0,1
856,1,346.9465,585.2365,42.3281,21.5813,1.000000,1,0
856,2,727.0865,533.3027,335.9946,86.6640,1.000000,0.3125,0.6875
856,3,401.1469,585.0030,44.0027,18.6842,1.000000,1,0
856,4,289.4906,581.1624,167.8228,21.7232,1.000000,0,1
856,5,576.6276,578.9324,108.7715,16.2172,1.000000,1,0
856,6,457.0098,545.6576,502.6111,75.0606,1.000000,0,1
857,1,346.4977,585.2691,42.3310,21.5792,1.000000,1,0
857,2,727.4547,533.4288,336.0485,86.6727,1.000000,0.125,0.875
857,3,400.6327,585.0396,44.0075,18.6832,1.000000,1,0
857,4,289.9622,581.1834,167.8314,21.7263,1.000000,0,1
857,5,577.2580,578.9537,108.7802,16.2191,1.000000,1,0
857,6,456.2613,545.7263,502.5145,75.0615,1.000000,0,1
858,1,346.0510,585.2983,42.3337,21.5769,1.000000,1,0
858,2,727.8218,533.5546,336.1018,86.6812,1.000000,0.3125,0.6875
858,3,400.1189,585.0756,44.0122,18.6822,1.000000,1,0
858,4,290.4339,581.2041,167.8400,21.7294,1.000000,0,1
858,5,577.8889,578.9781,108.7892,16.2210,1.000000,1,0
858,6,455.5127,545.7959,502.4192,75.0627,1.000000,0,1
859,1,345.6064,585.3231,42.3361,21.5743,1.000000,1,0
859,2,728.1880,533.6791,336.1542,86.6894,1.000000,0.1875,0.8125
859,3,399.6056,585.1101,44.0167,18.6810,1.000000,1,0
859,4,290.9056,581.2247,167.8485,21.7325,1.000000,0,1
859,5,578.5204,579.0048,108.7986,16.2231,1.000000,1,0
859,6,454.7635,545.8652,502.3245,75.0638,1.000000,0,1
860,1,345.1645,585.3431,42.3382,21.5716,1.000000,1,0
860,2,728.5529,533.8033,336.2059,86.6975,1.000000,0.375,0.625
860,3,399.0930,585.1450,44.0211,18.6799,1.000000,1,0
860,4,291.3772,581.2462,167.8572,21.7357,1.000000,0,1
860,5,579.1529,579.0356,108.8082,16.2252,1.000000,1,0
860,6,454.0150,545.9363,502.2298,75.0651,1.000000,0,1
861,1,344.7248,585.3588,42.3403,21.5685,1.000000,1,0
861,2,728.9169,533.9263,336.2567,86.7053,1.000000,0.4375,0.5625
861,3,398.5810,585.1790,44.0254,18.6786,1.000000,1,0
861,4,291.8490,581.2684,167.8658,21.7388,1.000000,0,1
861,5,579.7863,579.0694,108.8179,16.2274,1.000000,1,0
861,6,453.2667,546.0081,502.1346,75.0664,1.000000,0,1
862,1,344.2867,585.3700,42.3421,21.5653,1.000000,1,0
862,2,729.2798,534.0465,336.3072,86.7129,1.000000,0.25,0.75
862,3,398.0700,585.2104,44.0294,18.6772,1.000000,1,0
862,4,292.3215,581.2908,167.8741,21.7419,1.000000,0,1
862,5,580.4204,579.1058,108.8279,16.2297,1.000000,1,0
862,6,452.5176,546.0795,502.0400,75.0676,1.000000,0,1
863,1,343.8506,585.3754,42.3437,21.5618,1.000000,1,0
863,2,729.6415,534.1657,336.3572,86.7204,1.000000,0.625,0.375
863,3,397.5606,585.2408,44.0333,18.6756,1.000000,1,0
863,4,292.7945,581.3146,167.8822,21.7450,1.000000,0,1
863,5,581.0558,579.1460,108.8380,16.2320,1.000000,1,0
863,6,451.7703,546.1529,501.9438,75.0687,1.000000,0,1
864,1,343.4156,585.3760,42.3454,21.5580,1.000000,1,0
864,2,730.0022,534.2833,336.4071,86.7278,1.000000,0.1875,0.8125
864,3,397.0526,585.2689,44.0370,18.6740,1.000000,1,0
864,4,293.2679,581.3392,167.8901,21.7482,1.000000,0,1
864,5,581.6923,579.1891,108.8482,16.2343,1.000000,1,0
864,6,451.0234,546.2277,501.8474,75.0699,1.000000,0,1
865,1,342.9817,585.3726,42.3469,21.5541,1.000000,1,0
865,2,730.3621,534.3978,336.4569,86.7351,1.000000,0.3125,0.6875
865,3,396.5460,585.2930,44.0406,18.6721,1.000000,1,0
865,4,293.7421,581.3643,167.8977,21.7512,1.000000,0,1
865,5,582.3296,579.2342,108.8588,16.2367,1.000000,1,0
865,6,450.2768,546.3032,501.7508,75.0710,1.000000,0,1
866,1,342.5490,585.3634,42.3482,21.5499,1.000000,1,0
866,2,730.7211,534.5099,336.5072,86.7424,1.000000,0.3125,0.6875
866,3,396.0407,585.3146,44.0439,18.6701,1.000000,1,0
866,4,294.2171,581.3902,167.9049,21.7542,1.000000,0,1
866,5,582.9683,579.2824,108.8691,16.2391,1.000000,1,0
866,6,449.5324,546.3810,501.6526,75.0719,1.000000,0,1
867,1,342.1171,585.3500,42.3496,21.5455,1.000000,1,0
867,2,731.0793,534.6191,336.5576,86.7497,1.000000,0.25,0.75
867,3,395.5369,585.3328,44.0472,18.6679,1.000000,1,0
867,4,294.6931,581.4165,167.9117,21.7572,1.000000,0,1
867,5,583.6082,579.3324,108.8797,16.2415,1.000000,1,0
867,6,448.7892,546.4608,501.5537,75.0728,1.000000,0,1
868,1,341.6859,585.3330,42.3509,21.5410,1.000000,1,0
868,2,731.4370,534.7246,336.6088,86.7569,1.000000,0.4375,0.5625
868,3,395.0346,585.3466,44.0503,18.6654,1.000000,1,0
868,4,295.1703,581.4429,167.9180,21.7601,1.000000,0,1
868,5,584.2492,579.3832,108.8903,16.2440,1.000000,1,0
868,6,448.0470,546.5420,501.4541,75.0736,1.000000,0,1
869,1,341.2554,585.3110,42.3521,21.5363,1.000000,1,0
869,2,731.7941,534.8273,336.6608,86.7644,1.000000,0.375,0.625
869,3,394.5336,585.3568,44.0533,18.6629,1.000000,1,0
869,4,295.6489,581.4692,167.9237,21.7629,1.000000,0.0625,0.9375
869,5,584.8915,579.4368,108.9009,16.2465,1.000000,1,0
869,6,447.3077,546.6250,501.3530,75.0742,1.000000,0,1
870,1,340.8251,585.2855,42.3533,21.5314,1.000000,1,0
870,2,732.1508,534.9266,336.7133,86.7718,1.000000,0.4375,0.5625
870,3,394.0340,585.3633,44.0561,18.6601,1.000000,1,0
870,4,296.1288,581.4949,167.9288,21.7657,1.000000,0,1
870,5,585.5347,579.4915,108.9115,16.2490,1.000000,1,0
870,6,446.5707,546.7095,501.2502,75.0746,1.000000,0,1
871,1,340.3952,585.2573,42.3545,21.5265,1.000000,1,0
871,2,732.5070,535.0219,336.7660,86.7790,1.000000,0.0625,0.9375
871,3,393.5352,585.3654,44.0591,18.6572,1.000000,1,0
871,4,296.6102,581.5195,167.9337,21.7683,1.000000,0,1
871,5,586.1787,579.5455,108.9222,16.2515,1.000000,1,0
871,6,445.8350,546.7955,501.1469,75.0749,1.000000,0,1
872,1,339.9655,585.2250,42.3557,21.5215,1.000000,1,0
872,2,732.8629,535.1136,336.8199,86.7864,1.000000,0.125,0.875
872,3,393.0380,585.3636,44.0617,18.6541,1.000000,1,0
872,4,297.0938,581.5426,167.9378,21.7709,1.000000,0.0625,0.9375
872,5,586.8237,579.6004,108.9328,16.2540,1.000000,1,0
872,6,445.1028,546.8832,501.0417,75.0749,1.000000,0,1
873,1,339.5359,585.1901,42.3570,21.5164,1.000000,1,0
873,2,733.2188,535.2021,336.8743,86.7938,1.000000,0.125,0.875
873,3,392.5418,585.3580,44.0643,18.6508,1.000000,1,0
873,4,297.5795,581.5647,167.9412,21.7735,1.000000,0,1
873,5,587.4693,579.6549,108.9434,16.2565,1.000000,1,0
873,6,444.3729,546.9719,500.9354,75.0748,1.000000,0,1
874,1,339.1060,585.1533,42.3583,21.5112,1.000000,1,0
874,2,733.5748,535.2868,336.9288,86.8011,1.000000,0.1875,0.8125
874,3,392.0465,585.3484,44.0670,18.6474,1.000000,1,0
874,4,298.0666,581.5856,167.9444,21.7759,1.000000,0,1
874,5,588.1152,579.7074,108.9542,16.2589,1.000000,1,0
874,6,443.6447,547.0615,500.8286,75.0747,1.000000,0,1
875,1,338.6761,585.1136,42.3596,21.5059,1.000000,1,0
875,2,733.9312,535.3680,336.9841,86.8084,1.000000,0.25,0.75
875,3,391.5526,585.3345,44.0695,18.6438,1.000000,1,0
875,4,298.5550,581.6051,167.9469,21.7782,1.000000,0,1
875,5,588.7613,579.7595,108.9651,16.2614,1.000000,1,0
875,6,442.9197,547.1519,500.7208,75.0743,1.000000,0,1
876,1,338.2455,585.0723,42.3610,21.5007,1.000000,1,0
876,2,734.2877,535.4458,337.0398,86.8156,1.000000,0.1875,0.8125
876,3,391.0597,585.3170,44.0719,18.6400,1.000000,1,0
876,4,299.0443,581.6228,167.9491,21.7805,1.000000,0.125,0.875
876,5,589.4074,579.8102,108.9761,16.2640,1.000000,1,0
876,6,442.1970,547.2426,500.6122,75.0738,1.000000,0,1
877,1,337.8143,585.0304,42.3625,21.4954,1.000000,1,0
877,2,734.6445,535.5197,337.0958,86.8228,1.000000,0.25,0.75
877,3,390.5677,585.2962,44.0743,18.6361,1.000000,1,0
877,4,299.5345,581.6384,167.9507,21.7827,1.000000,0,1
877,5,590.0532,579.8582,108.9874,16.2665,1.000000,1,0
877,6,441.4758,547.3329,500.5035,75.0733,1.000000,0,1
878,1,337.3813,584.9859,42.3643,21.4901,1.000000,1,0
878,2,734.9875,535.5904,337.1671,86.8300,1.000000,0.375,0.625
878,3,390.0769,585.2710,44.0766,18.6321,1.000000,1,0
878,4,300.0253,581.6512,167.9517,21.7848,1.000000,0.0625,0.9375
878,5,590.6984,579.9048,108.9990,16.2691,1.000000,1,0
878,6,440.7570,547.4238,500.3948,75.0727,1.000000,0,1
879,1,336.9476,584.9401,42.3660,21.4848,1.000000,1,0
879,2,735.3208,535.6571,337.2490,86.8371,1.000000,0.3125,0.6875
879,3,389.5872,585.2427,44.0788,18.6278,1.000000,1,0
879,4,300.5164,581.6616,167.9526,21.7868,1.000000,0.125,0.875
879,5,591.3429,579.9496,109.0110,16.2717,1.000000,1,0
879,6,440.0397,547.5146,500.2859,75.0720,1.000000,0,1
880,1,336.5128,584.8941,42.3678,21.4796,1.000000,1,0
880,2,735.6552,535.7192,337.3314,86.8440,1.000000,0.25,0.75
880,3,389.0982,585.2115,44.0811,18.6236,1.000000,1,0
880,4,301.0079,581.6693,167.9530,21.7888,1.000000,0,1
880,5,591.9866,579.9918,109.0233,16.2744,1.000000,1,0
880,6,439.3231,547.6047,500.1771,75.0713,1.000000,0,1
881,1,336.0752,584.8438,42.3698,21.4742,1.000000,1,0
881,2,735.9909,535.7780,337.4151,86.8510,1.000000,0.375,0.625
881,3,388.6102,585.1758,44.0832,18.6190,1.000000,1,0
881,4,301.4998,581.6734,167.9528,21.7906,1.000000,0.125,0.875
881,5,592.6290,580.0323,109.0361,16.2771,1.000000,1,0
881,6,438.6070,547.6945,500.0688,75.0707,1.000000,0,1
882,1,335.6357,584.7914,42.3719,21.4687,1.000000,1,0
882,2,736.3278,535.8333,337.4998,86.8581,1.000000,0.25,0.75
882,3,388.1229,585.1367,44.0852,18.6143,1.000000,1,0
882,4,301.9918,581.6746,167.9524,21.7923,1.000000,0.0625,0.9375
882,5,593.2701,580.0707,109.0494,16.2799,1.000000,1,0
882,6,437.8914,547.7837,499.9605,75.0701,1.000000,0,1
883,1,335.1951,584.7387,42.3740,21.4634,1.000000,1,0
883,2,736.6652,535.8843,337.5854,86.8653,1.000000,0.3125,0.6875
883,3,387.6361,585.0952,44.0873,18.6096,1.000000,1,0
883,4,302.4838,581.6733,167.9515,21.7940,1.000000,0.0625,0.9375
883,5,593.9097,580.1068,109.0634,16.2827,1.000000,1,0
883,6,437.1760,547.8720,499.8531,75.0695,1.000000,0,1
884,1,334.7517,584.6825,42.3764,21.4578,1.000000,1,0
884,2,737.0033,535.9325,337.6721,86.8725,1.000000,0.1875,0.8125
884,3,387.1501,585.0490,44.0892,18.6046,1.000000,1,0
884,4,302.9758,581.6683,167.9502,21.7956,1.000000,0,1
884,5,594.5476,580.1415,109.0778,16.2856,1.000000,1,0
884,6,436.4626,547.9596,499.7458,75.0689,1.000000,0,1
885,1,334.3066,584.6252,42.3789,21.4525,1.000000,1,0
885,2,737.3416,535.9772,337.7599,86.8798,1.000000,0.4375,0.5625
885,3,386.6643,584.9996,44.0912,18.5996,1.000000,1,0
885,4,303.4675,581.6606,167.9487,21.7971,1.000000,0.125,0.875
885,5,595.1842,580.1747,109.0928,16.2886,1.000000,1,0
885,6,435.7504,548.0466,499.6393,75.0684,1.000000,0,1
886,1,333.8600,584.5693,42.3815,21.4471,1.000000,1,0
886,2,737.6801,536.0176,337.8492,86.8874,1.000000,0.1875,0.8125
886,3,386.1787,584.9481,44.0931,18.5945,1.000000,1,0
886,4,303.9586,581.6509,167.9469,21.7985,1.000000,0.0625,0.9375
886,5,595.8194,580.2059,109.1085,16.2917,1.000000,1,0
886,6,435.0390,548.1317,499.5339,75.0680,1.000000,0,1
887,1,333.4109,584.5107,42.3843,21.4418,1.000000,1,0
887,2,738.0188,536.0551,337.9399,86.8951,1.000000,0.375,0.625
887,3,385.6931,584.8918,44.0952,18.5892,1.000000,1,0
887,4,304.4497,581.6373,167.9450,21.7999,1.000000,0.125,0.875
887,5,596.4530,580.2358,109.1247,16.2948,1.000000,1,0
887,6,434.3299,548.2147,499.4283,75.0673,1.000000,0,1
888,1,332.9601,584.4522,42.3872,21.4365,1.000000,1,0
888,2,738.3577,536.0884,338.0321,86.9031,1.000000,0.125,0.875
888,3,385.2079,584.8330,44.0971,18.5838,1.000000,1,0
888,4,304.9408,581.6215,167.9429,21.8013,1.000000,0.0625,0.9375
888,5,597.0853,580.2650,109.1415,16.2981,1.000000,1,0
888,6,433.6220,548.2965,499.3236,75.0667,1.000000,0,1
889,1,332.5077,584.3958,42.3904,21.4313,1.000000,1,0
889,2,738.6965,536.1166,338.1252,86.9110,1.000000,0.1875,0.8125
889,3,384.7226,584.7735,44.0993,18.5784,1.000000,1,0
889,4,305.4315,581.6050,167.9408,21.8026,1.000000,0.0625,0.9375
889,5,597.7163,580.2933,109.1588,16.3014,1.000000,1,0
889,6,432.9147,548.3775,499.2201,75.0664,1.000000,0,1
890,1,332.0532,584.3374,42.3937,21.4262,1.000000,1,0
890,2,739.0356,536.1398,338.2203,86.9192,1.000000,0.375,0.625
890,3,384.2373,584.7101,44.1014,18.5730,1.000000,1,0
890,4,305.9207,581.5870,167.9387,21.8039,1.000000,0.0625,0.9375
890,5,598.3462,580.3217,109.1769,16.3048,1.000000,1,0
890,6,432.2094,548.4562,499.1169,75.0659,1.000000,0,1
891,1,331.5968,584.2798,42.3973,21.4212,1.000000,1,0
891,2,739.3747,536.1586,338.3170,86.9275,1.000000,0.1875,0.8125
891,3,383.7518,584.6450,44.1036,18.5674,1.000000,1,0
891,4,306.4086,581.5689,167.9366,21.8052,1.000000,0.1875,0.8125
891,5,598.9750,580.3502,109.1954,16.3083,1.000000,1,0
891,6,431.5056,548.5333,499.0138,75.0654,1.000000,0,1
892,1,331.1389,584.2250,42.4011,21.4165,1.000000,1,0
892,2,739.7137,536.1726,338.4152,86.9361,1.000000,0.5625,0.4375
892,3,383.2660,584.5797,44.1059,18.5620,1.000000,1,0
892,4,306.8955,581.5518,167.9345,21.8065,1.000000,0.3125,0.6875
892,5,599.6028,580.3785,109.2144,16.3118,1.000000,1,0
892,6,430.8026,548.6091,498.9111,75.0648,1.000000,0,1
893,1,330.6786,584.1696,42.4052,21.4118,1.000000,1,0
893,2,740.0529,536.1813,338.5154,86.9449,1.000000,0.375,0.625
893,3,382.7796,584.5109,44.1082,18.5564,1.000000,1,0
893,4,307.3810,581.5343,167.9324,21.8078,1.000000,0.375,0.625
893,5,600.2297,580.4080,109.2339,16.3155,1.000000,1,0
893,6,430.1010,548.6829,498.8091,75.0642,1.000000,0,1
894,1,330.2166,584.1155,42.4094,21.4072,1.000000,1,0
894,2,740.3919,536.1848,338.6171,86.9540,1.000000,0.25,0.75
894,3,382.2926,584.4410,44.1108,18.5508,1.000000,1,0
894,4,307.8654,581.5172,167.9302,21.8090,1.000000,0.125,0.875
894,5,600.8558,580.4382,109.2540,16.3192,1.000000,1,0
894,6,429.4003,548.7558,498.7073,75.0637,1.000000,0,1
895,1,329.7533,584.0648,42.4138,21.4029,1.000000,1,0
895,2,740.7306,536.1832,338.7211,86.9633,1.000000,0.375,0.625
895,3,381.8045,584.3723,44.1135,18.5453,1.000000,1,0
895,4,308.3486,581.5013,167.9283,21.8104,1.000000,0.1875,0.8125
895,5,601.4814,580.4690,109.2744,16.3230,1.000000,1,0
895,6,428.7003,548.8279,498.6057,75.0631,1.000000,0,1
896,1,329.2880,584.0146,42.4185,21.3986,1.000000,1,0
896,2,741.0693,536.1754,338.8267,86.9727,1.000000,0.25,0.75
896,3,381.3151,584.3012,44.1164,18.5399,1.000000,1,0
896,4,308.8311,581.4854,167.9262,21.8117,1.000000,0.125,0.875
896,5,602.1062,580.5013,109.2952,16.3269,1.000000,1,0
896,6,428.0012,548.8988,498.5037,75.0624,1.000000,0,1
897,1,328.8210,583.9668,42.4233,21.3945,1.000000,1,0
897,2,741.4078,536.1620,338.9337,86.9824,1.000000,0.3125,0.6875
897,3,380.8246,584.2306,44.1193,18.5345,1.000000,1,0
897,4,309.3132,581.4699,167.9242,21.8130,1.000000,0.125,0.875
897,5,602.7307,580.5347,109.3165,16.3309,1.000000,1,0
897,6,427.3027,548.9697,498.4020,75.0616,1.000000,0,1
898,1,328.3527,583.9233,42.4283,21.3907,1.000000,1,0
898,2,741.7459,536.1433,339.0422,86.9922,1.000000,0.1875,0.8125
898,3,380.3329,584.1628,44.1226,18.5292,1.000000,1,0
898,4,309.7946,581.4557,167.9221,21.8143,1.000000,0.125,0.875
898,5,603.3549,580.5692,109.3380,16.3348,1.000000,1,0
898,6,426.6045,549.0405,498.3004,75.0610,1.000000,0,1
899,1,327.8821,583.8815,42.4337,21.3870,1.000000,1,0
899,2,742.0836,536.1196,339.1523,87.0022,1.000000,0.25,0.75
899,3,379.8398,584.0941,44.1259,18.5241,1.000000,1,0
899,4,310.2756,581.4410,167.9202,21.8157,1.000000,0.1875,0.8125
899,5,603.9786,580.6052,109.3597,16.3389,1.000000,1,0
899,6,425.9068,549.1104,498.1982,75.0601,1.000000,0,1
900,1,327.4103,583.8426,42.4392,21.3835,1.000000,1,0
900,2,742.4210,536.0910,339.2640,87.0123,1.000000,0.1875,0.8125
900,3,379.3454,584.0270,44.1294,18.5190,1.000000,1,0
900,4,310.7564,581.4268,167.9184,21.8170,1.000000,0.3125,0.6875
900,5,604.6020,580.6426,109.3815,16.3429,1.000000,1,0
900,6,425.2097,549.1800,498.0948,75.0592,1.000000,0,1
901,1,326.9376,583.8080,42.4447,21.3802,1.000000,1,0
901,2,742.7584,536.0568,339.3768,87.0225,1.000000,0.1875,0.8125
901,3,378.8496,583.9633,44.1332,18.5141,1.000000,1,0
901,4,311.2369,581.4141,167.9167,21.8184,1.000000,0.3125,0.6875
901,5,605.2253,580.6807,109.4035,16.3470,1.000000,1,0
901,6,424.5128,549.2502,497.9910,75.0581,1.000000,0,1
902,1,326.4630,583.7753,42.4504,21.3771,1.000000,1,0
902,2,743.0957,536.0179,339.4911,87.0328,1.000000,0.125,0.875
902,3,378.3523,583.8998,44.1370,18.5093,1.000000,1,0
902,4,311.7168,581.4010,167.9153,21.8198,1.000000,0.3125,0.6875
902,5,605.8483,580.7201,109.4254,16.3511,1.000000,1,0
902,6,423.8170,549.3196,497.8861,75.0569,1.000000,0,1
903,1,325.9871,583.7452,42.4564,21.3741,1.000000,1,0
903,2,743.4327,535.9746,339.6064,87.0433,1.000000,0.0625,0.9375
903,3,377.8540,583.8382,44.1409,18.5046,1.000000,1,0
903,4,312.1964,581.3884,167.9137,21.8212,1.000000,0.25,0.75
903,5,606.4715,580.7600,109.4473,16.3552,1.000000,1,0
903,6,423.1225,549.3890,497.7805,75.0555,1.000000,0,1
904,1,325.5100,583.7188,42.4624,21.3714,1.000000,1,0
904,2,743.7698,535.9271,339.7225,87.0537,1.000000,0.1875,0.8125
904,3,377.3544,583.7802,44.1452,18.5001,1.000000,1,0
904,4,312.6755,581.3765,167.9123,21.8227,1.000000,0.1875,0.8125
904,5,607.0949,580.8003,109.4692,16.3593,1.000000,1,0
904,6,422.4292,549.4583,497.6743,75.0539,1.000000,0,1
905,1,325.0319,583.6943,42.4686,21.3687,1.000000,1,0
905,2,744.1068,535.8755,339.8397,87.0642,1.000000,0.375,0.625
905,3,376.8533,583.7231,44.1495,18.4957,1.000000,1,0
905,4,313.1539,581.3636,167.9113,21.8241,1.000000,0.3125,0.6875
905,5,607.7186,580.8415,109.4910,16.3634,1.000000,1,0
905,6,421.7372,549.5261,497.5663,75.0520,1.000000,0,1
906,1,324.5529,583.6724,42.4748,21.3662,1.000000,1,0
906,2,744.4438,535.8203,339.9578,87.0748,1.000000,0.25,0.75
906,3,376.3510,583.6683,44.1540,18.4915,1.000000,1,0
906,4,313.6316,581.3505,167.9104,21.8257,1.000000,0.25,0.75
906,5,608.3428,580.8832,109.5126,16.3675,1.000000,1,0
906,6,421.0468,549.5933,497.4563,75.0498,1.000000,0,1
907,1,324.0730,583.6533,42.4811,21.3638,1.000000,1,0
907,2,744.7809,535.7620,340.0762,87.0853,1.000000,0.1875,0.8125
907,3,375.8468,583.6171,44.1588,18.4874,1.000000,1,0
907,4,314.1086,581.3376,167.9099,21.8272,1.000000,0.1875,0.8125
907,5,608.9675,580.9249,109.5340,16.3715,1.000000,1,0
907,6,420.3577,549.6592,497.3442,75.0472,1.000000,0,1
908,1,323.5924,583.6360,42.4876,21.3615,1.000000,1,0
908,2,745.1182,535.7004,340.1954,87.0959,1.000000,0.4375,0.5625
908,3,375.3405,583.5676,44.1639,18.4836,1.000000,1,0
908,4,314.5846,581.3239,167.9100,21.8288,1.000000,0.1875,0.8125
908,5,609.5927,580.9677,109.5553,16.3755,1.000000,1,0
908,6,419.6697,549.7235,497.2298,75.0441,1.000000,0,1
909,1,323.1114,583.6205,42.4941,21.3593,1.000000,1,0
909,2,745.4554,535.6364,340.3149,87.1064,1.000000,0.3125,0.6875
909,3,374.8326,583.5207,44.1690,18.4798,1.000000,1,0
909,4,315.0598,581.3099,167.9106,21.8305,1.000000,0.5625,0.4375
909,5,610.2181,581.0110,109.5765,16.3796,1.000000,1,0
909,6,418.9829,549.7870,497.1130,75.0406,1.000000,0,1
910,1,322.6305,583.6074,42.5006,21.3573,1.000000,1,0
910,2,745.7928,535.5700,340.4343,87.1167,1.000000,0.25,0.75
910,3,374.3233,583.4776,44.1744,18.4763,1.000000,1,0
910,4,315.5345,581.2961,167.9117,21.8322,1.000000,0.1875,0.8125
910,5,610.8446,581.0544,109.5972,16.3836,1.000000,1,0
910,6,418.2978,549.8491,496.9933,75.0367,1.000000,0,1
911,1,322.1493,583.5954,42.5073,21.3552,1.000000,1,0
911,2,746.1301,535.5013,340.5538,87.1270,1.000000,0.25,0.75
911,3,373.8126,583.4370,44.1801,18.4730,1.000000,1,0
911,4,316.0086,581.2822,167.9132,21.8340,1.000000,0.3125,0.6875
911,5,611.4716,581.0987,109.6179,16.3875,1.000000,1,0
911,6,417.6130,549.9087,496.8711,75.0322,1.000000,0,1
912,1,321.6682,583.5848,42.5140,21.3533,1.000000,1,0
912,2,746.4678,535.4307,340.6732,87.1372,1.000000,0.25,0.75
912,3,373.3008,583.3994,44.1858,18.4698,1.000000,1,0
912,4,316.4822,581.2687,167.9153,21.8359,1.000000,0.3125,0.6875
912,5,612.0993,581.1432,109.6384,16.3914,1.000000,1,0
912,6,416.9295,549.9663,496.7454,75.0271,1.000000,0,1
913,1,321.1874,583.5756,42.5206,21.3515,1.000000,1,0
913,2,746.8055,535.3581,340.7927,87.1473,1.000000,0.125,0.875
913,3,372.7875,583.3658,44.1918,18.4670,1.000000,1,0
913,4,316.9550,581.2562,167.9180,21.8379,1.000000,0.3125,0.6875
913,5,612.7279,581.1874,109.6586,16.3953,1.000000,1,0
913,6,416.2479,550.0220,496.6153,75.0212,1.000000,0,1
914,1,320.7063,583.5672,42.5275,21.3496,1.000000,1,0
914,2,747.1438,535.2836,340.9121,87.1572,1.000000,0.1875,0.8125
914,3,372.2728,583.3356,44.1981,18.4642,1.000000,1,0
914,4,317.4265,581.2448,167.9214,21.8399,1.000000,0.25,0.75
914,5,613.3574,581.2323,109.6785,16.3991,1.000000,1,0
914,6,415.5667,550.0743,496.4820,75.0148,1.000000,0,1
915,1,320.2254,583.5598,42.5343,21.3480,1.000000,1,0
915,2,747.4826,535.2075,341.0313,87.1670,1.000000,0.0625,0.9375
915,3,371.7570,583.3087,44.2046,18.4617,1.000000,1,0
915,4,317.8968,581.2346,167.9255,21.8421,1.000000,0.1875,0.8125
915,5,613.9881,581.2772,109.6983,16.4030,1.000000,1,0
915,6,414.8868,550.1241,496.3445,75.0075,1.000000,0,1
916,1,319.7448,583.5534,42.5412,21.3463,1.000000,1,0
916,2,747.8218,535.1309,341.1514,87.1768,1.000000,0.1875,0.8125
916,3,371.2402,583.2857,44.2112,18.4594,1.000000,1,0
916,4,318.3662,581.2258,167.9300,21.8444,1.000000,0.3125,0.6875
916,5,614.6201,581.3213,109.7177,16.4067,1.000000,1,0
916,6,414.2094,550.1714,496.2020,74.9993,1.000000,0,1
917,1,319.2643,583.5476,42.5481,21.3447,1.000000,1,0
917,2,748.1614,535.0524,341.2710,87.1866,1.000000,0.3125,0.6875
917,3,370.7224,583.2665,44.2178,18.4573,1.000000,1,0
917,4,318.8347,581.2175,167.9352,21.8467,1.000000,0.375,0.625
917,5,615.2534,581.3657,109.7369,16.4105,1.000000,1,0
917,6,413.5330,550.2158,496.0556,74.9905,1.000000,0,1
918,1,318.7837,583.5426,42.5552,21.3433,1.000000,0.9375,0.0625
918,2,748.5013,534.9728,341.3911,87.1963,1.000000,0.375,0.625
918,3,370.2036,583.2509,44.2249,18.4554,1.000000,1,0
918,4,319.3026,581.2103,167.9409,21.8492,1.000000,0.3125,0.6875
918,5,615.8880,581.4099,109.7558,16.4142,1.000000,1,0
918,6,412.8585,550.2574,495.9052,74.9808,1.000000,0,1
919,1,318.3034,583.5387,42.5622,21.3417,1.000000,0.875,0.125
919,2,748.8411,534.8925,341.5116,87.2062,1.000000,0.125,0.875
919,3,369.6839,583.2391,44.2320,18.4537,1.000000,1,0
919,4,319.7702,581.2045,167.9470,21.8517,1.000000,0.375,0.625
919,5,616.5235,581.4536,109.7744,16.4178,1.000000,1,0
919,6,412.1860,550.2954,495.7512,74.9705,1.000000,0,1
920,1,317.8230,583.5355,42.5695,21.3403,1.000000,1,0
920,2,749.1804,534.8111,341.6323,87.2160,1.000000,0.3125,0.6875
920,3,369.1634,583.2314,44.2391,18.4522,1.000000,1,0
920,4,320.2380,581.2002,167.9536,21.8542,1.000000,0.375,0.625
920,5,617.1597,581.4974,109.7929,16.4214,1.000000,1,0
920,6,411.5136,550.3292,495.5939,74.9595,1.000000,0,1
921,1,317.3431,583.5331,42.5766,21.3391,1.000000,0.8125,0.1875
921,2,749.5193,534.7291,341.7536,87.2261,1.000000,0,1
921,3,368.6418,583.2271,44.2464,18.4508,1.000000,1,0
921,4,320.7056,581.1975,167.9604,21.8569,1.000000,0.4375,0.5625
921,5,617.7968,581.5410,109.8112,16.4250,1.000000,1,0
921,6,410.8424,550.3590,495.4331,74.9477,1.000000,0,1
922,1,316.8636,583.5313,42.5838,21.3377,1.000000,0.9375,0.0625
922,2,749.8577,534.6468,341.8758,87.2363,1.000000,0,1
922,3,368.1192,583.2262,44.2538,18.4496,1.000000,1,0
922,4,321.1736,581.1967,167.9676,21.8596,1.000000,0.1875,0.8125
922,5,618.4344,581.5836,109.8291,16.4285,1.000000,1,0
922,6,410.1725,550.3840,495.2689,74.9352,1.000000,0,1
923,1,316.3843,583.5304,42.5909,21.3364,1.000000,0.8125,0.1875
923,2,750.1953,534.5636,341.9989,87.2467,1.000000,0.0625,0.9375
923,3,367.5963,583.2297,44.2612,18.4486,1.000000,1,0
923,4,321.6418,581.1985,167.9753,21.8624,1.000000,0.3125,0.6875
923,5,619.0726,581.6259,109.8467,16.4320,1.000000,1,0
923,6,409.5018,550.4043,495.1016,74.9222,1.000000,0,1
924,1,315.9052,583.5304,42.5982,21.3352,1.000000,0.75,0.25
924,2,750.5322,534.4800,342.1227,87.2574,1.000000,0.3125,0.6875
924,3,367.0733,583.2366,44.2687,18.4477,1.000000,1,0
924,4,322.1110,581.2026,167.9830,21.8653,1.000000,0.1875,0.8125
924,5,619.7111,581.6673,109.8641,16.4355,1.000000,1,0
924,6,408.8314,550.4203,494.9316,74.9085,1.000000,0,1
925,1,315.4263,583.5312,42.6055,21.3340,1.000000,0.625,0.375
925,2,750.8684,534.3967,342.2474,87.2683,1.000000,0.25,0.75
925,3,366.5504,583.2466,44.2762,18.4469,1.000000,1,0
925,4,322.5814,581.2083,167.9908,21.8681,1.000000,0.4375,0.5625
925,5,620.3501,581.7072,109.8812,16.4388,1.000000,1,0
925,6,408.1616,550.4308,494.7584,74.8941,1.000000,0,1
926,1,314.9476,583.5332,42.6128,21.3330,1.000000,0.8125,0.1875
926,2,751.2039,534.3130,342.3725,87.2793,1.000000,0.125,0.875
926,3,366.0280,583.2607,44.2838,18.4464,1.000000,1,0
926,4,323.0530,581.2172,167.9986,21.8710,1.000000,0.3125,0.6875
926,5,620.9893,581.7458,109.8981,16.4422,1.000000,1,0
926,6,407.4908,550.4357,494.5829,74.8792,1.000000,0,1
927,1,314.4693,583.5361,42.6201,21.3319,1.000000,0.875,0.125
927,2,751.5390,534.2292,342.4981,87.2905,1.000000,0.4375,0.5625
927,3,365.5060,583.2774,44.2912,18.4458,1.000000,1,0
927,4,323.5259,581.2285,168.0065,21.8740,1.000000,0.4375,0.5625
927,5,621.6286,581.7833,109.9147,16.4454,1.000000,1,0
927,6,406.8196,550.4358,494.4054,74.8637,1.000000,0,1
928,1,313.9911,583.5396,42.6274,21.3308,1.000000,0.6875,0.3125
928,2,751.8738,534.1465,342.6248,87.3020,1.000000,0.125,0.875
928,3,364.9846,583.2961,44.2986,18.4454,1.000000,1,0
928,4,323.9999,581.2415,168.0143,21.8770,1.000000,0.125,0.875
928,5,622.2681,581.8189,109.9309,16.4486,1.000000,1,0
928,6,406.1492,550.4309,494.2249,74.8477,1.000000,0,1
929,1,313.5134,583.5442,42.6347,21.3298,1.000000,0.75,0.25
929,2,752.2079,534.0640,342.7513,87.3135,1.000000,0.25,0.75
929,3,364.4641,583.3185,44.3062,18.4451,1.000000,1,0
929,4,324.4756,581.2575,168.0220,21.8800,1.000000,0.25,0.75
929,5,622.9078,581.8533,109.9467,16.4518,1.000000,1,0
929,6,405.4776,550.4205,494.0422,74.8310,1.000000,0,1
930,1,313.0360,583.5497,42.6419,21.3288,1.000000,0.5,0.5
930,2,752.5416,533.9825,342.8781,87.3251,1.000000,0.1875,0.8125
930,3,363.9442,583.3430,44.3138,18.4449,1.000000,1,0
930,4,324.9529,581.2751,168.0295,21.8830,1.000000,0.5,0.5
930,5,623.5477,581.8860,109.9623,16.4549,1.000000,1,0
930,6,404.8056,550.4053,493.8578,74.8139,1.000000,0,1
931,1,312.5591,583.5554,42.6492,21.3278,1.000000,0.5625,0.4375
931,2,752.8754,533.9028,343.0046,87.3367,1.000000,0.1875,0.8125
931,3,363.4250,583.3690,44.3213,18.4448,1.000000,1,0
931,4,325.4320,581.2933,168.0367,21.8860,1.000000,0.375,0.625
931,5,624.1880,581.9164,109.9777,16.4579,1.000000,1,0
931,6,404.1342,550.3853,493.6715,74.7964,1.000000,0,1
932,1,312.0824,583.5626,42.6565,21.3269,1.000000,0.6875,0.3125
932,2,753.2086,533.8243,343.1309,87.3483,1.000000,0.0625,0.9375
932,3,362.9066,583.3986,44.3288,18.4448,1.000000,1,0
932,4,325.9129,581.3130,168.0441,21.8890,1.000000,0.5,0.5
932,5,624.8287,581.9453,109.9937,16.4609,1.000000,1,0
932,6,403.4614,550.3602,493.4841,74.7784,1.000000,0,1
933,1,311.6058,583.5706,42.6638,21.3260,1.000000,0.375,0.625
933,2,753.5416,533.7476,343.2566,87.3599,1.000000,0.125,0.875
933,3,362.3888,583.4303,44.3362,18.4449,1.000000,1,0
933,4,326.3956,581.3334,168.0513,21.8920,1.000000,0.3125,0.6875
933,5,625.4697,581.9728,110.0270,16.4638,1.000000,1,0
933,6,402.7889,550.3303,493.2947,74.7601,1.000000,0,1
934,1,311.1300,583.5786,42.6710,21.3252,1.000000,0.75,0.25
934,2,753.8748,533.6733,343.3816,87.3714,1.000000,0.3125,0.6875
934,3,361.8714,583.4630,44.3438,18.4450,1.000000,1,0
934,4,326.8797,581.3537,168.0585,21.8950,1.000000,0.4375,0.5625
934,5,626.1107,581.9987,110.0601,16.4667,1.000000,1,0
934,6,402.1179,550.2950,493.1046,74.7413,1.000000,0,1
935,1,310.6546,583.5881,42.6783,21.3243,1.000000,0.5,0.5
935,2,754.2077,533.6011,343.5058,87.3828,1.000000,0.25,0.75
935,3,361.3548,583.4990,44.3515,18.4453,1.000000,1,0
935,4,327.3656,581.3754,168.0657,21.8980,1.000000,0.375,0.625
935,5,626.7514,582.0234,110.0931,16.4696,1.000000,1,0
935,6,401.4474,550.2552,492.9133,74.7222,1.000000,0,1
936,1,310.1799,583.5983,42.6855,21.3235,1.000000,0.375,0.625
936,2,754.5406,533.5316,343.6293,87.3941,1.000000,0.1875,0.8125
936,3,360.8389,583.5372,44.3590,18.4456,1.000000,1,0
936,4,327.8528,581.3968,168.0729,21.9011,1.000000,0.375,0.625
936,5,627.3918,582.0469,110.1260,16.4724,1.000000,1,0
936,6,400.7774,550.2117,492.7209,74.7028,1.000000,0,1
937,1,309.7059,583.6087,42.6927,21.3227,1.000000,0.5,0.5
937,2,754.8737,533.4652,343.7526,87.4055,1.000000,0.1875,0.8125
937,3,360.3232,583.5765,44.3667,18.4461,1.000000,1,0
937,4,328.3410,581.4165,168.0804,21.9041,1.000000,0.4375,0.5625
937,5,628.0322,582.0687,110.1588,16.4752,1.000000,1,0
937,6,400.1088,550.1642,492.5261,74.6828,1.000000,0,1
938,1,309.2329,583.6201,42.6998,21.3219,1.000000,0.125,0.875
938,2,755.2066,533.4014,343.8743,87.4167,1.000000,0.0625,0.9375
938,3,359.8085,583.6193,44.3744,18.4467,1.000000,1,0
938,4,328.8302,581.4368,168.0880,21.9072,1.000000,0.3125,0.6875
938,5,628.6724,582.0885,110.1912,16.4779,1.000000,1,0
938,6,399.4382,550.1123,492.3309,74.6626,1.000000,0,1
939,1,308.7604,583.6323,42.7070,21.3212,1.000000,0.3125,0.6875
939,2,755.5396,533.3409,343.9954,87.4277,1.000000,0.0625,0.9375
939,3,359.2942,583.6641,44.3821,18.4473,1.000000,1,0
939,4,329.3201,581.4562,168.0959,21.9104,1.000000,0.5625,0.4375
939,5,629.3123,582.1063,110.2238,16.4807,1.000000,1,0
939,6,398.7673,550.0572,492.1343,74.6421,1.000000,0,1
940,1,308.2884,583.6449,42.7142,21.3204,1.000000,0.4375,0.5625
940,2,755.8727,533.2843,344.1160,87.4389,1.000000,0.125,0.875
940,3,358.7802,583.7098,44.3898,18.4481,1.000000,1,0
940,4,329.8099,581.4735,168.1042,21.9135,1.000000,0.5,0.5
940,5,629.9519,582.1218,110.2562,16.4834,1.000000,1,0
940,6,398.0977,549.9996,491.9359,74.6212,1.000000,0,1
941,1,307.8165,583.6583,42.7214,21.3197,1.000000,0.25,0.75
941,2,756.2057,533.2303,344.2351,87.4498,1.000000,0.125,0.875
941,3,358.2666,583.7590,44.3976,18.4490,1.000000,1,0
941,4,330.2997,581.4918,168.1127,21.9167,1.000000,0.375,0.625
941,5,630.5912,582.1348,110.2887,16.4860,1.000000,1,0
941,6,397.4274,549.9396,491.7355,74.5999,1.000000,0,1
942,1,307.3450,583.6724,42.7285,21.3190,1.000000,0.1875,0.8125
942,2,756.5386,533.1793,344.3535,87.4607,1.000000,0.125,0.875
942,3,357.7535,583.8101,44.4054,18.4499,1.000000,1,0
942,4,330.7887,581.5097,168.1218,21.9200,1.000000,0.4375,0.5625
942,5,631.2300,582.1454,110.3213,16.4887,1.000000,1,0
942,6,396.7572,549.8774,491.5341,74.5783,1.000000,0,1
943,1,306.8738,583.6870,42.7356,21.3183,1.000000,0.1875,0.8125
943,2,756.8715,533.1320,344.4714,87.4715,1.000000,0.125,0.875
943,3,357.2407,583.8619,44.4133,18.4509,1.000000,1,0
943,4,331.2764,581.5266,168.1313,21.9233,1.000000,0.5625,0.4375
943,5,631.8684,582.1535,110.3539,16.4914,1.000000,1,0
943,6,396.0883,549.8140,491.3312,74.5565,1.000000,0,1
944,1,306.4029,583.7029,42.7427,21.3177,1.000000,0.1875,0.8125
944,2,757.2045,533.0873,344.5880,87.4821,1.000000,0.1875,0.8125
944,3,356.7283,583.9170,44.4211,18.4520,1.000000,1,0
944,4,331.7625,581.5438,168.1414,21.9267,1.000000,0.75,0.25
944,5,632.5063,582.1587,110.3865,16.4940,1.000000,1,0
944,6,395.4184,549.7493,491.1281,74.5346,1.000000,0,1
945,1,305.9323,583.7199,42.7498,21.3171,1.000000,0.1875,0.8125
945,2,757.5375,533.0454,344.7035,87.4926,1.000000,0.125,0.875
945,3,356.2161,583.9738,44.4291,18.4533,1.000000,1,0
945,4,332.2476,581.5598,168.1520,21.9301,1.000000,0.625,0.375
945,5,633.1438,582.1613,110.4192,16.4967,1.000000,1,0
945,6,394.7490,549.6849,490.9243,74.5125,1.000000,0,1
946,1,305.4623,583.7381,42.7567,21.3166,1.000000,0.1875,0.8125
946,2,757.8704,533.0063,344.8182,87.5030,1.000000,0.1875,0.8125
946,3,355.7040,584.0314,44.4369,18.4545,1.000000,1,0
946,4,332.7317,581.5742,168.1631,21.9336,1.000000,0.4375,0.5625
946,5,633.7802,582.1617,110.4524,16.4993,1.000000,1,0
946,6,394.0808,549.6223,490.7205,74.4906,1.000000,0,1
947,1,304.9929,583.7582,42.7637,21.3160,1.000000,0.1875,0.8125
947,2,758.2032,532.9698,344.9321,87.5134,1.000000,0.0625,0.9375
947,3,355.1923,584.0911,44.4448,18.4558,1.000000,1,0
947,4,333.2156,581.5884,168.1748,21.9372,1.000000,0.625,0.375
947,5,634.4155,582.1591,110.4855,16.5020,1.000000,1,0
947,6,393.4123,549.5613,490.5167,74.4686,1.000000,0,1
948,1,304.5242,583.7795,42.7705,21.3155,1.000000,0.0625,0.9375
948,2,758.5359,532.9360,345.0454,87.5236,1.000000,0.25,0.75
948,3,354.6811,584.1520,44.4526,18.4571,1.000000,1,0
948,4,333.6988,581.6022,168.1871,21.9408,1.000000,0.5,0.5
948,5,635.0499,582.1539,110.5188,16.5047,1.000000,1,0
948,6,392.7441,549.5024,490.3135,74.4469,1.000000,0,1
949,1,304.0565,583.8022,42.7773,21.3149,1.000000,0.1875,0.8125
949,2,758.8681,532.9049,345.1577,87.5338,1.000000,0,1
949,3,354.1704,584.2131,44.4603,18.4584,1.000000,1,0
949,4,334.1812,581.6152,168.1998,21.9445,1.000000,0.5,0.5
949,5,635.6833,582.1467,110.5524,16.5073,1.000000,1,0
949,6,392.0767,549.4453,490.1109,74.4253,1.000000,0,1
950,1,303.5897,583.8271,42.7838,21.3144,1.000000,0,1
950,2,759.1998,532.8759,345.2691,87.5440,1.000000,0.125,0.875
950,3,353.6602,584.2752,44.4679,18.4597,1.000000,1,0
950,4,334.6629,581.6301,168.2130,21.9483,1.000000,0.6875,0.3125
950,5,636.3157,582.1364,110.5861,16.5100,1.000000,1,0
950,6,391.4099,549.3914,489.9084,74.4038,1.000000,0,1
951,1,303.1238,583.8536,42.7905,21.3140,1.000000,0.0625,0.9375
951,2,759.5313,532.8485,345.3799,87.5540,1.000000,0.1875,0.8125
951,3,353.1510,584.3379,44.4755,18.4610,1.000000,1,0
951,4,335.1439,581.6462,168.2267,21.9522,1.000000,0.5,0.5
951,5,636.9473,582.1237,110.6200,16.5128,1.000000,1,0
951,6,390.7438,549.3406,489.7064,74.3825,1.000000,0,1
952,1,302.6592,583.8813,42.7968,21.3134,1.000000,0.0625,0.9375
952,2,759.8627,532.8228,345.4904,87.5640,1.000000,0.125,0.875
952,3,352.6434,584.4007,44.4828,18.4623,1.000000,1,0
952,4,335.6240,581.6624,168.2409,21.9561,1.000000,0.625,0.375
952,5,637.5780,582.1095,110.6542,16.5155,1.000000,1,0
952,6,390.0783,549.2934,489.5049,74.3614,1.000000,0,1
953,1,302.1954,583.9111,42.8029,21.3129,1.000000,0,1
953,2,760.1929,532.7993,345.5999,87.5739,1.000000,0.0625,0.9375
953,3,352.1368,584.4642,44.4901,18.4635,1.000000,1,0
953,4,336.1034,581.6814,168.2555,21.9601,1.000000,0.5,0.5
953,5,638.2079,582.0927,110.6886,16.5182,1.000000,1,0
953,6,389.4122,549.2501,489.3045,74.3406,1.000000,0,1
954,1,301.7325,583.9419,42.8091,21.3125,1.000000,0.0625,0.9375
954,2,760.5221,532.7778,345.7086,87.5837,1.000000,0.125,0.875
954,3,351.6312,584.5278,44.4973,18.4647,1.000000,1,0
954,4,336.5822,581.7023,168.2704,21.9642,1.000000,0.6875,0.3125
954,5,638.8372,582.0742,110.7233,16.5210,1.000000,1,0
954,6,388.7458,549.2102,489.1061,74.3202,1.000000,0,1
955,1,301.2707,583.9734,42.8150,21.3119,1.000000,0,1
955,2,760.8505,532.7578,345.8167,87.5936,1.000000,0.125,0.875
955,3,351.1275,584.5913,44.5042,18.4658,1.000000,1,0
955,4,337.0603,581.7242,168.2858,21.9684,1.000000,0.5625,0.4375
955,5,639.4658,582.0547,110.7582,16.5238,1.000000,1,0
955,6,388.0797,549.1740,488.9086,74.3001,1.000000,0,1
956,1,300.8098,584.0063,42.8207,21.3113,1.000000,0,1
956,2,761.1775,532.7395,345.9243,87.6034,1.000000,0.0625,0.9375
956,3,350.6246,584.6550,44.5111,18.4669,1.000000,1,0
956,4,337.5378,581.7488,168.3015,21.9726,1.000000,0.6875,0.3125
956,5,640.0931,582.0328,110.7943,16.5266,1.000000,1,0
956,6,387.4124,549.1417,488.7135,74.2806,1.000000,0,1
957,1,300.3502,584.0399,42.8264,21.3106,1.000000,0,1
957,2,761.5040,532.7225,346.0315,87.6132,1.000000,0.125,0.875
957,3,350.1231,584.7189,44.5177,18.4679,1.000000,1,0
957,4,338.0150,581.7752,168.3174,21.9769,1.000000,0.5,0.5
957,5,640.7155,582.0096,110.8350,16.5295,1.000000,1,0
957,6,386.7448,549.1127,488.5204,74.2614,1.000000,0,1
958,1,299.8920,584.0734,42.8318,21.3100,1.000000,0,1
958,2,761.8302,532.7063,346.1381,87.6228,1.000000,0.0625,0.9375
958,3,349.6234,584.7825,44.5241,18.4689,1.000000,1,0
958,4,338.4918,581.8025,168.3336,21.9812,1.000000,0.625,0.375
958,5,641.3373,581.9865,110.8759,16.5324,1.000000,1,0
958,6,386.0772,549.0867,488.3292,74.2427,1.000000,0,1
959,1,299.4352,584.1080,42.8371,21.3092,1.000000,0,1
959,2,762.1564,532.6903,346.2440,87.6324,1.000000,0.25,0.75
959,3,349.1244,584.8460,44.5304,18.4697,1.000000,1,0
959,4,338.9688,581.8320,168.3500,21.9856,1.000000,0.75,0.25
959,5,641.9589,581.9617,110.9174,16.5354,1.000000,1,0
959,6,385.4085,549.0645,488.1408,74.2246,1.000000,0,1
960,1,298.9793,584.1428,42.8423,21.3084,1.000000,0,1
960,2,762.4827,532.6747,346.3497,87.6419,1.000000,0.1875,0.8125
960,3,348.6267,584.9094,44.5365,18.4705,1.000000,1,0
960,4,339.4460,581.8623,168.3666,21.9900,1.000000,0.6875,0.3125
960,5,642.5801,581.9363,110.9590,16.5384,1.000000,1,0
960,6,384.7393,549.0452,487.9553,74.2070,1.000000,0,1
961,1,298.5251,584.1773,42.8474,21.3076,1.000000,0,1
961,2,762.8094,532.6603,346.4555,87.6514,1.000000,0.125,0.875
961,3,348.1311,584.9724,44.5424,18.4712,1.000000,1,0
961,4,339.9233,581.8923,168.3835,21.9945,1.000000,0.6875,0.3125
961,5,643.2009,581.9110,111.0010,16.5414,1.000000,1,0
961,6,384.0697,549.0281,487.7727,74.1900,1.000000,0,1
962,1,298.0723,584.2120,42.8523,21.3067,1.000000,0,1
962,2,763.1362,532.6466,346.5609,87.6609,1.000000,0.25,0.75
962,3,347.6370,585.0350,44.5480,18.4719,1.000000,1,0
962,4,340.4009,581.9244,168.4005,21.9990,1.000000,0.5625,0.4375
962,5,643.8214,581.8844,111.0435,16.5446,1.000000,1,0
962,6,383.3996,549.0139,487.5933,74.1735,1.000000,0,1
963,1,297.6206,584.2466,42.8570,21.3058,1.000000,0,1
963,2,763.4634,532.6341,346.6661,87.6703,1.000000,0.125,0.875
963,3,347.1443,585.0974,44.5535,18.4724,1.000000,1,0
963,4,340.8782,581.9571,168.4177,22.0035,1.000000,0.625,0.375
963,5,644.4416,581.8573,111.0863,16.5477,1.000000,1,0
963,6,382.7288,549.0019,487.4171,74.1576,1.000000,0,1
964,1,297.1700,584.2809,42.8617,21.3048,1.000000,0,1
964,2,763.7906,532.6231,346.7706,87.6796,1.000000,0.125,0.875
964,3,346.6532,585.1589,44.5588,18.4729,1.000000,1,0
964,4,341.3552,581.9890,168.4352,22.0081,1.000000,0.8125,0.1875
964,5,645.0613,581.8307,111.1294,16.5509,1.000000,1,0
964,6,382.0572,548.9908,487.2441,74.1422,1.000000,0,1
965,1,296.7203,584.3152,42.8664,21.3038,1.000000,0,1
965,2,764.1180,532.6133,346.8749,87.6889,1.000000,0.0625,0.9375
965,3,346.1637,585.2197,44.5639,18.4732,1.000000,1,0
965,4,341.8321,582.0215,168.4526,22.0126,1.000000,0.875,0.125
965,5,645.6806,581.8033,111.1731,16.5542,1.000000,1,0
965,6,381.3847,548.9814,487.0754,74.1276,1.000000,0,1
966,1,296.2712,584.3494,42.8709,21.3028,1.000000,0,1
966,2,764.4458,532.6047,346.9790,87.6983,1.000000,0.125,0.875
966,3,345.6762,585.2795,44.5688,18.4735,1.000000,1,0
966,4,342.3084,582.0532,168.4702,22.0172,1.000000,0.75,0.25
966,5,646.2995,581.7758,111.2173,16.5576,1.000000,1,0
966,6,380.7114,548.9729,486.9097,74.1135,1.000000,0,1
967,1,295.8236,584.3831,42.8755,21.3017,1.000000,0,1
967,2,764.7739,532.5980,347.0825,87.7074,1.000000,0.0625,0.9375
967,3,345.1907,585.3386,44.5734,18.4736,1.000000,1,0
967,4,342.7843,582.0829,168.4879,22.0218,1.000000,0.6875,0.3125
967,5,646.9183,581.7491,111.2617,16.5609,1.000000,1,0
967,6,380.0373,548.9647,486.7477,74.1000,1.000000,0,1
968,1,295.3768,584.4169,42.8799,21.3007,1.000000,0,1
968,2,765.1022,532.5932,347.1852,87.7165,1.000000,0.0625,0.9375
968,3,344.7058,585.3965,44.5780,18.4737,1.000000,1,0
968,4,343.2593,582.1121,168.5056,22.0263,1.000000,0.6875,0.3125
968,5,647.5366,581.7226,111.3068,16.5645,1.000000,1,0
968,6,379.3621,548.9568,486.5894,74.0870,1.000000,0,1
969,1,294.9301,584.4505,42.8844,21.2996,1.000000,0,1
969,2,765.4308,532.5900,347.2869,87.7255,1.000000,0.0625,0.9375
969,3,344.2217,585.4534,44.5826,18.4737,1.000000,1,0
969,4,343.7338,582.1401,168.5234,22.0309,1.000000,0.75,0.25
969,5,648.1548,581.6969,111.3521,16.5680,1.000000,1,0
969,6,378.6860,548.9490,486.4346,74.0746,1.000000,0,1
970,1,294.4835,584.4839,42.8889,21.2985,1.000000,0,1
970,2,765.7600,532.5885,347.3885,87.7344,1.000000,0,1
970,3,343.7386,585.5079,44.5868,18.4735,1.000000,0.9375,0.0625
970,4,344.2075,582.1659,168.5414,22.0355,1.000000,0.8125,0.1875
970,5,648.7728,581.6728,111.3978,16.5716,1.000000,1,0
970,6,378.0089,548.9407,486.2827,74.0627,1.000000,0,1
971,1,294.0371,584.5176,42.8934,21.2975,1.000000,0,1
971,2,766.0895,532.5892,347.4895,87.7432,1.000000,0.125,0.875
971,3,343.2562,585.5613,44.5911,18.4734,1.000000,0.9375,0.0625
971,4,344.6805,582.1903,168.5593,22.0400,1.000000,0.8125,0.1875
971,5,649.3909,581.6497,111.4438,16.5753,1.000000,1,0
971,6,377.3300,548.9326,486.1356,74.0515,1.000000,0,1
972,1,293.5913,584.5513,42.8977,21.2964,1.000000,0,1
972,2,766.4194,532.5919,347.5899,87.7519,1.000000,0.375,0.625
972,3,342.7744,585.6128,44.5951,18.4729,1.000000,0.875,0.125
972,4,345.1529,582.2133,168.5772,22.0445,1.000000,0.625,0.375
972,5,650.0092,581.6284,111.4900,16.5790,1.000000,1,0
972,6,376.6495,548.9241,485.9911,74.0407,1.000000,0,1
973,1,293.1459,584.5853,42.9022,21.2953,1.000000,0,1
973,2,766.7499,532.5963,347.6892,87.7604,1.000000,0.125,0.875
973,3,342.2932,585.6609,44.5990,18.4724,1.000000,0.9375,0.0625
973,4,345.6245,582.2347,168.5953,22.0490,1.000000,0.625,0.375
973,5,650.6277,581.6099,111.5365,16.5827,1.000000,1,0
973,6,375.9665,548.9150,485.8502,74.0305,1.000000,0,1
974,1,292.7014,584.6200,42.9066,21.2942,1.000000,0,1
974,2,767.0808,532.6026,347.7880,87.7689,1.000000,0.25,0.75
974,3,341.8127,585.7074,44.6027,18.4717,1.000000,0.8125,0.1875
974,4,346.0956,582.2548,168.6131,22.0535,1.000000,0.6875,0.3125
974,5,651.2471,581.5936,111.5830,16.5866,1.000000,1,0
974,6,375.2801,548.9060,485.7129,74.0209,1.000000,0,1
975,1,292.2571,584.6550,42.9109,21.2932,1.000000,0,1
975,2,767.4121,532.6107,347.8865,87.7774,1.000000,0,1
975,3,341.3328,585.7520,44.6063,18.4709,1.000000,1,0
975,4,346.5665,582.2737,168.6308,22.0579,1.000000,0.75,0.25
975,5,651.8671,581.5807,111.6296,16.5903,1.000000,1,0
975,6,374.5917,548.8967,485.5776,74.0116,1.000000,0,1
976,1,291.8133,584.6902,42.9152,21.2921,1.000000,0,1
976,2,767.7438,532.6201,347.9843,87.7856,1.000000,0.125,0.875
976,3,340.8536,585.7936,44.6097,18.4699,1.000000,0.75,0.25
976,4,347.0370,582.2916,168.6486,22.0623,1.000000,0.8125,0.1875
976,5,652.4879,581.5717,111.6763,16.5942,1.000000,1,0
976,6,373.9011,548.8869,485.4460,74.0029,1.000000,0,1
977,1,291.3699,584.7261,42.9195,21.2911,1.000000,0,1
977,2,768.0760,532.6310,348.0814,87.7939,1.000000,0.1875,0.8125
977,3,340.3754,585.8339,44.6130,18.4689,1.000000,0.75,0.25
977,4,347.5082,582.3083,168.6658,22.0667,1.000000,0.8125,0.1875
977,5,653.1099,581.5665,111.7228,16.5981,1.000000,1,0
977,6,373.2093,548.8783,485.3179,73.9948,1.000000,0,1
978,1,290.9267,584.7625,42.9238,21.2900,1.000000,0,1
978,2,768.4087,532.6432,348.1780,87.8019,1.000000,0.0625,0.9375
978,3,339.8978,585.8726,44.6162,18.4677,1.000000,0.875,0.125
978,4,347.9799,582.3242,168.6830,22.0710,1.000000,0.75,0.25
978,5,653.7330,581.5652,111.7692,16.6020,1.000000,1,0
978,6,372.5163,548.8704,485.1929,73.9872,1.000000,0,1
979,1,290.4841,584.7992,42.9281,21.2891,1.000000,0,1
979,2,768.7421,532.6560,348.2736,87.8097,1.000000,0.1875,0.8125
979,3,339.4205,585.9089,44.6193,18.4664,1.000000,0.8125,0.1875
979,4,348.4528,582.3394,168.6999,22.0753,1.000000,0.8125,0.1875
979,5,654.3574,581.5682,111.8154,16.6058,1.000000,1,0
979,6,371.8214,548.8629,485.0706,73.9800,1.000000,0,1
980,1,290.0418,584.8367,42.9324,21.2880,1.000000,0,1
980,2,769.0759,532.6700,348.3687,87.8174,1.000000,0.0625,0.9375
980,3,338.9432,585.9438,44.6223,18.4651,1.000000,0.8125,0.1875
980,4,348.9271,582.3544,168.7161,22.0796,1.000000,0.8125,0.1875
980,5,654.9835,581.5754,111.8613,16.6097,1.000000,1,0
980,6,371.1257,548.8560,484.9509,73.9734,1.000000,0,1
981,1,289.6001,584.8746,42.9365,21.2871,1.000000,0,1
981,2,769.4103,532.6842,348.4634,87.8250,1.000000,0.0625,0.9375
981,3,338.4659,585.9773,44.6252,18.4636,1.000000,0.75,0.25
981,4,349.4025,582.3700,168.7319,22.0837,1.000000,0.75,0.25
981,5,655.6112,581.5866,111.9070,16.6136,1.000000,1,0
981,6,370.4282,548.8494,484.8334,73.9670,1.000000,0,1
982,1,289.1589,584.9126,42.9406,21.2860,1.000000,0,1
982,2,769.7452,532.6986,348.5575,87.8324,1.000000,0.125,0.875
982,3,337.9889,586.0089,44.6281,18.4621,1.000000,0.6875,0.3125
982,4,349.8787,582.3860,168.7473,22.0878,1.000000,0.75,0.25
982,5,656.2406,581.6015,111.9521,16.6173,1.000000,1,0
982,6,369.7287,548.8431,484.7184,73.9610,1.000000,0,1
983,1,288.7182,584.9510,42.9447,21.2850,1.000000,0,1
983,2,770.0806,532.7136,348.6516,87.8398,1.000000,0.0625,0.9375
983,3,337.5117,586.0392,44.6309,18.4604,1.000000,0.625,0.375
983,4,350.3558,582.4025,168.7619,22.0918,1.000000,0.8125,0.1875
983,5,656.8719,581.6205,111.9966,16.6211,1.000000,1,0
983,6,369.0288,548.8378,484.6044,73.9553,1.000000,0,1
984,1,288.2782,584.9896,42.9489,21.2840,1.000000,0,1
984,2,770.4164,532.7282,348.7451,87.8470,1.000000,0.1875,0.8125
984,3,337.0344,586.0682,44.6337,18.4588,1.000000,0.625,0.375
984,4,350.8341,582.4191,168.7758,22.0957,1.000000,0.8125,0.1875
984,5,657.5048,581.6432,112.0409,16.6248,1.000000,1,0
984,6,368.3274,548.8329,484.4921,73.9500,1.000000,0,1
985,1,287.8392,585.0281,42.9529,21.2830,1.000000,0,1
985,2,770.7525,532.7424,348.8380,87.8541,1.000000,0.0625,0.9375
985,3,336.5571,586.0950,44.6364,18.4570,1.000000,0.6875,0.3125
985,4,351.3135,582.4353,168.7891,22.0996,1.000000,0.8125,0.1875
985,5,658.1393,581.6686,112.0847,16.6284,1.000000,1,0
985,6,367.6241,548.8276,484.3812,73.9448,1.000000,0,1
986,1,287.4012,585.0667,42.9569,21.2819,1.000000,0,1
986,2,771.0883,532.7570,348.9305,87.8610,1.000000,0.125,0.875
986,3,336.0795,586.1202,44.6392,18.4551,1.000000,0.625,0.375
986,4,351.7945,582.4502,168.8015,22.1032,1.000000,0.875,0.125
986,5,658.7759,581.6974,112.1276,16.6319,1.000000,1,0
986,6,366.9203,548.8230,484.2704,73.9396,1.000000,0,1
987,1,286.9644,585.1053,42.9607,21.2809,1.000000,0,1
987,2,771.4239,532.7711,349.0225,87.8679,1.000000,0,1
987,3,335.6016,586.1437,44.6419,18.4532,1.000000,0.625,0.375
987,4,352.2769,582.4639,168.8130,22.1068,1.000000,0.75,0.25
987,5,659.4141,581.7288,112.1700,16.6354,1.000000,1,0
987,6,366.2162,548.8190,484.1591,73.9345,1.000000,0,1
988,1,286.5287,585.1436,42.9645,21.2797,1.000000,0,1
988,2,771.7590,532.7849,349.1140,87.8746,1.000000,0.0625,0.9375
988,3,335.1234,586.1652,44.6446,18.4513,1.000000,0.5,0.5
988,4,352.7608,582.4761,168.8240,22.1103,1.000000,1,0
988,5,660.0538,581.7620,112.2117,16.6388,1.000000,1,0
988,6,365.5103,548.8160,484.0484,73.9294,1.000000,0,1
989,1,286.0939,585.1818,42.9683,21.2786,1.000000,0,1
989,2,772.0936,532.7984,349.2057,87.8814,1.000000,0.125,0.875
989,3,334.6445,586.1846,44.6473,18.4492,1.000000,0.4375,0.5625
989,4,353.2463,582.4858,168.8340,22.1136,1.000000,0.8125,0.1875
989,5,660.6953,581.7977,112.2524,16.6420,1.000000,1,0
989,6,364.8053,548.8137,483.9355,73.9241,1.000000,0,1
990,1,285.6604,585.2198,42.9721,21.2775,1.000000,0,1
990,2,772.4279,532.8110,349.2969,87.8880,1.000000,0,1
990,3,334.1652,586.2022,44.6500,18.4471,1.000000,0.625,0.375
990,4,353.7334,582.4929,168.8432,22.1168,1.000000,0.75,0.25
990,5,661.3382,581.8350,112.2925,16.6451,1.000000,1,0
990,6,364.1001,548.8113,483.8215,73.9186,1.000000,0,1
991,1,285.2279,585.2577,42.9757,21.2762,1.000000,0,1
991,2,772.7623,532.8223,349.3876,87.8945,1.000000,0.0625,0.9375
991,3,333.6855,586.2181,44.6528,18.4450,1.000000,0.4375,0.5625
991,4,354.2217,582.4973,168.8517,22.1199,1.000000,0.9375,0.0625
991,5,661.9825,581.8734,112.3319,16.6482,1.000000,1,0
991,6,363.3939,548.8086,483.7070,73.9130,1.000000,0,1
992,1,284.7966,585.2955,42.9793,21.2751,1.000000,0,1
992,2,773.0973,532.8320,349.4779,87.9006,1.000000,0.0625,0.9375
992,3,333.2047,586.2317,44.6557,18.4427,1.000000,0.3125,0.6875
992,4,354.7118,582.4979,168.8593,22.1228,1.000000,0.8125,0.1875
992,5,662.6285,581.9133,112.3705,16.6512,1.000000,1,0
992,6,362.6890,548.8063,483.5897,73.9069,1.000000,0,1
993,1,284.3662,585.3334,42.9828,21.2738,1.000000,0,1
993,2,773.4327,532.8402,349.5681,87.9067,1.000000,0,1
993,3,332.7231,586.2435,44.6586,18.4404,1.000000,0.3125,0.6875
993,4,355.2029,582.4955,168.8664,22.1256,1.000000,0.875,0.125
993,5,663.2758,581.9541,112.4084,16.6540,1.000000,1,0
993,6,361.9849,548.8040,483.4700,73.9005,1.000000,0,1
994,1,283.9372,585.3712,42.9862,21.2726,1.000000,0,1
994,2,773.7688,532.8469,349.6584,87.9128,1.000000,0.0625,0.9375
994,3,332.2408,586.2538,44.6617,18.4382,1.000000,0.25,0.75
994,4,355.6950,582.4907,168.8728,22.1283,1.000000,0.9375,0.0625
994,5,663.9246,581.9950,112.4454,16.6567,1.000000,1,0
994,6,361.2818,548.8007,483.3486,73.8938,1.000000,0,1
995,1,283.5089,585.4091,42.9895,21.2713,1.000000,0,1
995,2,774.1058,532.8524,349.7491,87.9188,1.000000,0.0625,0.9375
995,3,331.7577,586.2624,44.6646,18.4358,1.000000,0.1875,0.8125
995,4,356.1882,582.4818,168.8785,22.1308,1.000000,0.875,0.125
995,5,664.5749,582.0370,112.4817,16.6593,1.000000,1,0
995,6,360.5829,548.7964,483.2239,73.8864,1.000000,0,1
996,1,283.0817,585.4474,42.9928,21.2700,1.000000,0,1
996,2,774.4438,532.8571,349.8396,87.9246,1.000000,0.125,0.875
996,3,331.2743,586.2692,44.6676,18.4334,1.000000,0.1875,0.8125
996,4,356.6817,582.4701,168.8838,22.1333,1.000000,0.875,0.125
996,5,665.2265,582.0787,112.5172,16.6617,1.000000,1,0
996,6,359.8866,548.7906,483.0969,73.8786,1.000000,0,1
997,1,282.6558,585.4858,42.9958,21.2686,1.000000,0,1
997,2,774.7827,532.8609,349.9300,87.9304,1.000000,0,1
997,3,330.7911,586.2744,44.6707,18.4309,1.000000,0.4375,0.5625
997,4,357.1750,582.4561,168.8887,22.1357,1.000000,0.875,0.125
997,5,665.8794,582.1190,112.5516,16.6640,1.000000,1,0
997,6,359.1923,548.7829,482.9678,73.8704,1.000000,0,1
998,1,282.2309,585.5246,42.9989,21.2672,1.000000,0,1
998,2,775.1226,532.8641,350.0202,87.9360,1.000000,0.0625,0.9375
998,3,330.3075,586.2777,44.6736,18.4283,1.000000,0.375,0.625
998,4,357.6685,582.4377,168.8930,22.1379,1.000000,1,0
998,5,666.5334,582.1594,112.5854,16.6662,1.000000,1,0
998,6,358.5013,548.7722,482.8347,73.8613,1.000000,0,1
999,1,281.8073,585.5636,43.0017,21.2658,1.000000,0,1
999,2,775.4635,532.8668,350.1107,87.9417,1.000000,0.0625,0.9375
999,3,329.8241,586.2794,44.6765,18.4256,1.000000,0.3125,0.6875
999,4,358.1619,582.4161,168.8969,22.1401,1.000000,0.9375,0.0625
999,5,667.1885,582.1987,112.6187,16.6683,1.000000,1,0
999,6,357.8125,548.7585,482.6985,73.8517,1.000000,0,1
1000,1,281.3846,585.6024,43.0043,21.2642,1.000000,0,1
1000,2,775.8052,532.8691,350.2017,87.9473,1.000000,0.125,0.875
1000,3,329.3411,586.2798,44.6793,18.4229,1.000000,0.1875,0.8125
1000,4,358.6555,582.3928,168.9005,22.1421,1.000000,0.9375,0.0625
1000,5,667.8442,582.2358,112.6509,16.6702,1.000000,1,0
1000,6,357.1249,548.7416,482.5594,73.8415,1.000000,0,1
1001,1,280.9626,585.6412,43.0070,21.2626,1.000000,0,1
1001,2,776.1481,532.8716,350.2922,87.9529,1.000000,0,1
1001,3,328.8581,586.2780,44.6821,18.4201,1.000000,0.1875,0.8125
1001,4,359.1495,582.3653,168.9036,22.1441,1.000000,0.9375,0.0625
1001,5,668.4997,582.2736,112.6826,16.6721,1.000000,1,0
1001,6,356.4406,548.7207,482.4157,73.8303,1.000000,0,1
1002,1,280.5413,585.6797,43.0095,21.2611,1.000000,0,1
1002,2,776.4918,532.8746,350.3829,87.9584,1.000000,0.125,0.875
1002,3,328.3753,586.2747,44.6848,18.4172,1.000000,0.1875,0.8125
1002,4,359.6439,582.3355,168.9064,22.1460,1.000000,1,0
1002,5,669.1550,582.3104,112.7139,16.6738,1.000000,1,0
1002,6,355.7578,548.6967,482.2695,73.8187,1.000000,0,1
1003,1,280.1208,585.7180,43.0119,21.2594,1.000000,0,1
1003,2,776.8362,532.8782,350.4738,87.9641,1.000000,0.0625,0.9375
1003,3,327.8932,586.2701,44.6874,18.4142,1.000000,0.125,0.875
1003,4,360.1382,582.3047,168.9090,22.1479,1.000000,0.9375,0.0625
1003,5,669.8107,582.3438,112.7441,16.6754,1.000000,1,0
1003,6,355.0759,548.6700,482.1208,73.8065,1.000000,0,1
1004,1,279.7000,585.7540,43.0143,21.2576,1.000000,0,1
1004,2,777.1819,532.8827,350.5654,87.9697,1.000000,0.0625,0.9375
1004,3,327.4109,586.2633,44.6899,18.4111,1.000000,0.125,0.875
1004,4,360.6332,582.2714,168.9113,22.1497,1.000000,1,0
1004,5,670.4668,582.3744,112.7739,16.6769,1.000000,1,0
1004,6,354.3968,548.6401,481.9682,73.7935,1.000000,0,1
1005,1,279.2783,585.7860,43.0166,21.2557,1.000000,0,1
1005,2,777.5284,532.8884,350.6570,87.9755,1.000000,0.125,0.875
1005,3,326.9291,586.2549,44.6923,18.4079,1.000000,0.125,0.875
1005,4,361.1286,582.2372,168.9133,22.1515,1.000000,1,0
1005,5,671.1230,582.4019,112.8032,16.6783,1.000000,1,0
1005,6,353.7198,548.6075,481.8123,73.7798,1.000000,0,1
1006,1,278.8557,585.8129,43.0187,21.2534,1.000000,0,1
1006,2,777.8754,532.8955,350.7490,87.9814,1.000000,0.0625,0.9375
1006,3,326.4479,586.2453,44.6945,18.4045,1.000000,0.1875,0.8125
1006,4,361.6245,582.2036,168.9148,22.1532,1.000000,1,0
1006,5,671.7793,582.4257,112.8320,16.6796,1.000000,1,0
1006,6,353.0448,548.5728,481.6533,73.7657,1.000000,0,1
1007,1,278.4319,585.8351,43.0208,21.2509,1.000000,0,1
1007,2,778.2232,532.9040,350.8411,87.9874,1.000000,0,1
1007,3,325.9668,586.2335,44.6966,18.4011,1.000000,0,1
1007,4,362.1207,582.1685,168.9162,22.1548,1.000000,1,0
1007,5,672.4357,582.4465,112.8604,16.6808,1.000000,1,0
1007,6,352.3726,548.5355,481.4906,73.7508,1.000000,0,1
1008,1,278.0072,585.8532,43.0227,21.2483,1.000000,0,1
1008,2,778.5715,532.9141,350.9337,87.9935,1.000000,0,1
1008,3,325.4863,586.2200,44.6986,18.3975,1.000000,0,1
1008,4,362.6173,582.1332,168.9171,22.1564,1.000000,1,0
1008,5,673.0920,582.4645,112.8883,16.6819,1.000000,1,0
1008,6,351.7024,548.4960,481.3250,73.7353,1.000000,0,1
1009,1,277.5818,585.8680,43.0246,21.2455,1.000000,0,1
1009,2,778.9199,532.9259,351.0265,87.9997,1.000000,0,1
1009,3,325.0068,586.2050,44.7005,18.3939,1.000000,0,1
1009,4,363.1143,582.0995,168.9178,22.1580,1.000000,0.9375,0.0625
1009,5,673.7482,582.4788,112.9159,16.6830,1.000000,1,0
1009,6,351.0340,548.4551,481.1573,73.7194,1.000000,0,1
1010,1,277.1554,585.8804,43.0265,21.2426,1.000000,0,1
1010,2,779.2689,532.9398,351.1198,88.0061,1.000000,0,1
1010,3,324.5269,586.1879,44.7025,18.3903,1.000000,0.0625,0.9375
1010,4,363.6115,582.0658,168.9182,22.1596,1.000000,1,0
1010,5,674.4041,582.4905,112.9431,16.6839,1.000000,1,0
1010,6,350.3682,548.4125,480.9868,73.7030,1.000000,0,1
1011,1,276.7287,585.8912,43.0283,21.2397,1.000000,0,1
1011,2,779.6180,532.9556,351.2134,88.0126,1.000000,0.0625,0.9375
1011,3,324.0475,586.1695,44.7042,18.3864,1.000000,0,1
1011,4,364.1090,582.0332,168.9183,22.1611,1.000000,1,0
1011,5,675.0595,582.4994,112.9699,16.6848,1.000000,1,0
1011,6,349.7051,548.3690,480.8132,73.6860,1.000000,0,1
1012,1,276.3018,585.9011,43.0303,21.2366,1.000000,0,1
1012,2,779.9672,532.9732,351.3073,88.0194,1.000000,0,1
1012,3,323.5685,586.1501,44.7061,18.3826,1.000000,0.0625,0.9375
1012,4,364.6065,582.0031,168.9180,22.1626,1.000000,1,0
1012,5,675.7144,582.5053,112.9965,16.6856,1.000000,1,0
1012,6,349.0435,548.3250,480.6383,73.6687,1.000000,0,1
1013,1,275.8752,585.9103,43.0321,21.2336,1.000000,0,1
1013,2,780.3164,532.9929,351.4019,88.0264,1.000000,0.125,0.875
1013,3,323.0891,586.1290,44.7079,18.3788,1.000000,0.0625,0.9375
1013,4,365.1043,581.9740,168.9174,22.1640,1.000000,1,0
1013,5,676.3687,582.5088,113.0227,16.6863,1.000000,1,0
1013,6,348.3848,548.2796,480.4603,73.6509,1.000000,0,1
1014,1,275.4485,585.9191,43.0340,21.2306,1.000000,0,1
1014,2,780.6656,533.0147,351.4973,88.0336,1.000000,0,1
1014,3,322.6099,586.1066,44.7098,18.3748,1.000000,0,1
1014,4,365.6027,581.9464,168.9163,22.1655,1.000000,1,0
1014,5,677.0226,582.5098,113.0488,16.6871,1.000000,1,0
1014,6,347.7282,548.2341,480.2805,73.6328,1.000000,0,1
1015,1,275.0214,585.9277,43.0361,21.2275,1.000000,0,1
1015,2,781.0145,533.0384,351.5928,88.0410,1.000000,0,1
1015,3,322.1308,586.0835,44.7118,18.3709,1.000000,0,1
1015,4,366.1022,581.9209,168.9147,22.1669,1.000000,1,0
1015,5,677.6758,582.5078,113.0746,16.6877,1.000000,1,0
1015,6,347.0739,548.1888,480.0988,73.6143,1.000000,0,1
1016,1,274.5938,585.9357,43.0379,21.2246,1.000000,0,1
1016,2,781.3638,533.0640,351.6889,88.0487,1.000000,0.0625,0.9375
1016,3,321.6510,586.0589,44.7138,18.3670,1.000000,0.125,0.875
1016,4,366.6027,581.8962,168.9129,22.1682,1.000000,1,0
1016,5,678.3292,582.5039,113.1003,16.6883,1.000000,1,0
1016,6,346.4230,548.1426,479.9143,73.5954,1.000000,0,1
1017,1,274.1655,585.9437,43.0399,21.2215,1.000000,0,1
1017,2,781.7133,533.0913,351.7855,88.0565,1.000000,0.0625,0.9375
1017,3,321.1712,586.0336,44.7158,18.3631,1.000000,0,1
1017,4,367.1042,581.8731,168.9106,22.1695,1.000000,1,0
1017,5,678.9825,582.4979,113.1258,16.6889,1.000000,1,0
1017,6,345.7744,548.0963,479.7284,73.5761,1.000000,0,1
1018,1,273.7367,585.9520,43.0419,21.2185,1.000000,0,1
1018,2,782.0629,533.1201,351.8830,88.0646,1.000000,0,1
1018,3,320.6909,586.0082,44.7181,18.3593,1.000000,0.1875,0.8125
1018,4,367.6070,581.8523,168.9081,22.1708,1.000000,1,0
1018,5,679.6357,582.4893,113.1513,16.6894,1.000000,1,0
1018,6,345.1279,548.0504,479.5409,73.5566,1.000000,0,1
1019,1,273.3070,585.9608,43.0440,21.2155,1.000000,0,1
1019,2,782.4132,533.1512,351.9813,88.0730,1.000000,0,1
1019,3,320.2098,585.9815,44.7204,18.3553,1.000000,0,1
1019,4,368.1104,581.8333,168.9055,22.1721,1.000000,1,0
1019,5,680.2892,582.4791,113.1767,16.6899,1.000000,1,0
1019,6,344.4839,548.0046,479.3519,73.5367,1.000000,0,1
1020,1,272.8766,585.9702,43.0461,21.2126,1.000000,0,1
1020,2,782.7636,533.1844,352.0803,88.0816,1.000000,0,1
1020,3,319.7281,585.9544,44.7229,18.3515,1.000000,0,1
1020,4,368.6148,581.8163,168.9025,22.1734,1.000000,1,0
1020,5,680.9427,582.4672,113.2020,16.6904,1.000000,1,0
1020,6,343.8419,547.9590,479.1611,73.5166,1.000000,0,1
1021,1,272.4455,585.9800,43.0482,21.2097,1.000000,0,1
1021,2,783.1137,533.2198,352.1797,88.0905,1.000000,0,1
1021,3,319.2462,585.9276,44.7255,18.3478,1.000000,0,1
1021,4,369.1201,581.8018,168.8995,22.1747,1.000000,1,0
1021,5,681.5961,582.4525,113.2274,16.6909,1.000000,1,0
1021,6,343.2010,547.9142,478.9701,73.4965,1.000000,0,1
1022,1,272.0133,585.9901,43.0504,21.2068,1.000000,0,1
1022,2,783.4637,533.2582,352.2797,88.0996,1.000000,0,1
1022,3,318.7636,585.9001,44.7282,18.3440,1.000000,0.0625,0.9375
1022,4,369.6261,581.7893,168.8963,22.1761,1.000000,1,0
1022,5,682.2498,582.4357,113.2525,16.6913,1.000000,1,0
1022,6,342.5622,547.8701,478.7774,73.4761,1.000000,0,1
1023,1,271.5805,586.0001,43.0526,21.2039,1.000000,0,1
1023,2,783.8134,533.2993,352.3799,88.1090,1.000000,0.0625,0.9375
1023,3,318.2806,585.8727,44.7309,18.3403,1.000000,0.125,0.875
1023,4,370.1329,581.7789,168.8931,22.1774,1.000000,1,0
1023,5,682.9036,582.4161,113.2777,16.6917,1.000000,1,0
1023,6,341.9247,547.8270,478.5844,73.4557,1.000000,0,1
1024,1,271.1470,586.0099,43.0550,21.2011,1.000000,0,1
1024,2,784.1625,533.3425,352.4806,88.1185,1.000000,0,1
1024,3,317.7973,585.8461,44.7339,18.3367,1.000000,0.0625,0.9375
1024,4,370.6404,581.7705,168.8899,22.1787,1.000000,1,0
1024,5,683.5572,582.3936,113.3030,16.6921,1.000000,1,0
1024,6,341.2882,547.7862,478.3914,73.4353,1.000000,0,1
1025,1,270.7127,586.0194,43.0571,21.1982,1.000000,0,1
1025,2,784.5111,533.3887,352.5814,88.1283,1.000000,0,1
1025,3,317.3136,585.8194,44.7369,18.3331,1.000000,0.125,0.875
1025,4,371.1483,581.7639,168.8866,22.1802,1.000000,1,0
1025,5,684.2107,582.3680,113.3284,16.6925,1.000000,0.9375,0.0625
1025,6,340.6534,547.7463,478.1981,73.4149,1.000000,0,1
1026,1,270.2777,586.0284,43.0597,21.1954,1.000000,0,1
1026,2,784.8593,533.4374,352.6823,88.1382,1.000000,0,1
1026,3,316.8298,585.7928,44.7400,18.3295,1.000000,0.125,0.875
1026,4,371.6565,581.7589,168.8834,22.1816,1.000000,1,0
1026,5,684.8640,582.3392,113.3540,16.6928,1.000000,1,0
1026,6,340.0197,547.7081,478.0050,73.3946,1.000000,0,1
1027,1,269.8425,586.0365,43.0621,21.1925,1.000000,0,1
1027,2,785.2069,533.4885,352.7833,88.1483,1.000000,0.0625,0.9375
1027,3,316.3458,585.7667,44.7432,18.3260,1.000000,0.0625,0.9375
1027,4,372.1653,581.7551,168.8803,22.1830,1.000000,1,0
1027,5,685.5170,582.3070,113.3796,16.6932,1.000000,1,0
1027,6,339.3869,547.6730,477.8128,73.3744,1.000000,0,1
1028,1,269.4065,586.0436,43.0646,21.1897,1.000000,0,1
1028,2,785.5541,533.5428,352.8846,88.1586,1.000000,0,1
1028,3,315.8616,585.7410,44.7464,18.3225,1.000000,0.125,0.875
1028,4,372.6747,581.7526,168.8773,22.1845,1.000000,1,0
1028,5,686.1691,582.2706,113.4054,16.6935,1.000000,0.9375,0.0625
1028,6,338.7555,547.6388,477.6207,73.3543,1.000000,0,1
1029,1,268.9698,586.0498,43.0672,21.1868,1.000000,0,1
1029,2,785.9008,533.6000,352.9861,88.1691,1.000000,0,1
1029,3,315.3775,585.7157,44.7496,18.3191,1.000000,0.25,0.75
1029,4,373.1849,581.7510,168.8746,22.1860,1.000000,1,0
1029,5,686.8201,582.2304,113.4311,16.6938,1.000000,1,0
1029,6,338.1254,547.6063,477.4291,73.3343,1.000000,0,1
1030,1,268.5324,586.0547,43.0698,21.1839,1.000000,0,1
1030,2,786.2469,533.6597,353.0877,88.1798,1.000000,0,1
1030,3,314.8932,585.6912,44.7529,18.3157,1.000000,0.25,0.75
1030,4,373.6956,581.7504,168.8719,22.1876,1.000000,1,0
1030,5,687.4701,582.1866,113.4570,16.6942,1.000000,0.9375,0.0625
1030,6,337.4966,547.5769,477.2376,73.3145,1.000000,0,1
1031,1,268.0942,586.0585,43.0723,21.1810,1.000000,0,1
1031,2,786.5928,533.7227,353.1892,88.1906,1.000000,0,1
1031,3,314.4089,585.6671,44.7562,18.3123,1.000000,0.125,0.875
1031,4,374.2068,581.7505,168.8694,22.1891,1.000000,1,0
1031,5,688.1190,582.1373,113.4833,16.6945,1.000000,1,0
1031,6,336.8687,547.5490,477.0472,73.2948,1.000000,0,1
1032,1,267.6555,586.0612,43.0751,21.1780,1.000000,0,1
1032,2,786.9384,533.7881,353.2909,88.2017,1.000000,0.0625,0.9375
1032,3,313.9244,585.6431,44.7595,18.3089,1.000000,0.125,0.875
1032,4,374.7186,581.7512,168.8671,22.1908,1.000000,1,0
1032,5,688.7672,582.0834,113.5098,16.6948,1.000000,0.9375,0.0625
1032,6,336.2415,547.5233,476.8574,73.2754,1.000000,0,1
1033,1,267.2168,586.0630,43.0777,21.1751,1.000000,0,1
1033,2,787.2834,533.8560,353.3922,88.2127,1.000000,0,1
1033,3,313.4402,585.6193,44.7629,18.3056,1.000000,0.125,0.875
1033,4,375.2312,581.7524,168.8646,22.1924,1.000000,1,0
1033,5,689.4143,582.0255,113.5367,16.6952,1.000000,0.9375,0.0625
1033,6,335.6149,547.5008,476.6685,73.2561,1.000000,0,1
1034,1,266.7775,586.0636,43.0804,21.1721,1.000000,0,1
1034,2,787.6285,533.9268,353.4934,88.2239,1.000000,0,1
1034,3,312.9567,585.5963,44.7661,18.3023,1.000000,0.1875,0.8125
1034,4,375.7440,581.7545,168.8622,22.1940,1.000000,1,0
1034,5,690.0604,581.9631,113.5641,16.6956,1.000000,0.875,0.125
1034,6,334.9889,547.4805,476.4801,73.2370,1.000000,0,1
1035,1,266.3380,586.0630,43.0832,21.1691,1.000000,0,1
1035,2,787.9736,533.9996,353.5950,88.2352,1.000000,0,1
1035,3,312.4732,585.5735,44.7694,18.2989,1.000000,0.125,0.875
1035,4,376.2573,581.7573,168.8599,22.1957,1.000000,1,0
1035,5,690.7056,581.8979,113.5919,16.6960,1.000000,0.875,0.125
1035,6,334.3635,547.4631,476.2924,73.2181,1.000000,0,1
1036,1,265.8985,586.0614,43.0861,21.1660,1.000000,0,1
1036,2,788.3185,534.0742,353.6967,88.2466,1.000000,0,1
1036,3,311.9900,585.5510,44.7727,18.2956,1.000000,0,1
1036,4,376.7712,581.7604,168.8574,22.1973,1.000000,1,0
1036,5,691.3496,581.8312,113.6204,16.6965,1.000000,0.8125,0.1875
1036,6,333.7383,547.4493,476.1057,73.1994,1.000000,0,1
1037,1,265.4587,586.0587,43.0889,21.1630,1.000000,0,1
1037,2,788.6637,534.1512,353.7982,88.2581,1.000000,0,1
1037,3,311.5075,585.5291,44.7760,18.2923,1.000000,0.125,0.875
1037,4,377.2855,581.7644,168.8549,22.1989,1.000000,1,0
1037,5,691.9925,581.7618,113.6493,16.6971,1.000000,0.9375,0.0625
1037,6,333.1130,547.4378,475.9196,73.1810,1.000000,0,1
1038,1,265.0192,586.0550,43.0917,21.1599,1.000000,0,1
1038,2,789.0091,534.2296,353.9000,88.2697,1.000000,0,1
1038,3,311.0252,585.5072,44.7792,18.2890,1.000000,0.125,0.875
1038,4,377.8003,581.7690,168.8523,22.2005,1.000000,1,0
1038,5,692.6343,581.6914,113.6786,16.6977,1.000000,0.9375,0.0625
1038,6,332.4875,547.4291,475.7336,73.1626,1.000000,0,1
1039,1,264.5793,586.0503,43.0946,21.1568,1.000000,0,1
1039,2,789.3547,534.3091,354.0020,88.2815,1.000000,0,1
1039,3,310.5426,585.4854,44.7826,18.2858,1.000000,0.125,0.875
1039,4,378.3159,581.7741,168.8493,22.2021,1.000000,1,0
1039,5,693.2753,581.6214,113.7087,16.6985,1.000000,0.75,0.25
1039,6,331.8619,547.4246,475.5478,73.1445,1.000000,0,1
1040,1,264.1385,586.0439,43.0975,21.1536,1.000000,0,1
1040,2,789.7008,534.3904,354.1046,88.2933,1.000000,0,1
1040,3,310.0607,585.4639,44.7859,18.2825,1.000000,0.25,0.75
1040,4,378.8324,581.7799,168.8463,22.2037,1.000000,1,0
1040,5,693.9153,581.5515,113.7392,16.6993,1.000000,0.875,0.125
1040,6,331.2357,547.4227,475.3626,73.1265,1.000000,0,1
1041,1,263.6971,586.0363,43.1004,21.1504,1.000000,0,1
1041,2,790.0474,534.4726,354.2074,88.3053,1.000000,0,1
1041,3,309.5792,585.4427,44.7892,18.2793,1.000000,0.125,0.875
1041,4,379.3499,581.7860,168.8431,22.2053,1.000000,1,0
1041,5,694.5549,581.4831,113.7703,16.7002,1.000000,0.8125,0.1875
1041,6,330.6090,547.4240,475.1783,73.1089,1.000000,0,1
1042,1,263.2553,586.0276,43.1035,21.1472,1.000000,0,1
1042,2,790.3943,534.5551,354.3104,88.3173,1.000000,0,1
1042,3,309.0978,585.4217,44.7925,18.2760,1.000000,0.0625,0.9375
1042,4,379.8684,581.7926,168.8397,22.2069,1.000000,1,0
1042,5,695.1946,581.4174,113.8021,16.7012,1.000000,0.875,0.125
1042,6,329.9821,547.4285,474.9950,73.0914,1.000000,0,1
1043,1,262.8130,586.0173,43.1065,21.1439,1.000000,0,1
1043,2,790.7416,534.6389,354.4144,88.3296,1.000000,0,1
1043,3,308.6171,585.4009,44.7957,18.2728,1.000000,0.1875,0.8125
1043,4,380.3880,581.8007,168.8362,22.2084,1.000000,1,0
1043,5,695.8361,581.3519,113.8344,16.7023,1.000000,0.875,0.125
1043,6,329.3547,547.4360,474.8139,73.0745,1.000000,0,1
1044,1,262.3703,586.0059,43.1096,21.1406,1.000000,0,1
1044,2,791.0891,534.7234,354.5183,88.3420,1.000000,0,1
1044,3,308.1364,585.3802,44.7991,18.2696,1.000000,0,1
1044,4,380.9085,581.8099,168.8324,22.2100,1.000000,1,0
1044,5,696.4792,581.2883,113.8671,16.7035,1.000000,0.8125,0.1875
1044,6,328.7272,547.4467,474.6340,73.0578,1.000000,0,1
1045,1,261.9278,585.9932,43.1126,21.1373,1.000000,0,1
1045,2,791.4362,534.8077,354.6232,88.3544,1.000000,0,1
1045,3,307.6557,585.3598,44.8025,18.2664,1.000000,0.125,0.875
1045,4,381.4298,581.8198,168.8284,22.2115,1.000000,1,0
1045,5,697.1237,581.2293,113.9005,16.7048,1.000000,0.6875,0.3125
1045,6,328.0995,547.4599,474.4553,73.0414,1.000000,0,1
1046,1,261.4852,585.9789,43.1157,21.1340,1.000000,0,1
1046,2,791.7835,534.8927,354.7282,88.3671,1.000000,0,1
1046,3,307.1761,585.3393,44.8057,18.2632,1.000000,0.25,0.75
1046,4,381.9518,581.8310,168.8242,22.2130,1.000000,1,0
1046,5,697.7693,581.1755,113.9340,16.7061,1.000000,0.8125,0.1875
1046,6,327.4707,547.4750,474.2790,73.0255,1.000000,0,1
1047,1,261.0425,585.9633,43.1189,21.1306,1.000000,0,1
1047,2,792.1310,534.9775,354.8337,88.3798,1.000000,0,1
1047,3,306.6970,585.3190,44.8089,18.2600,1.000000,0.4375,0.5625
1047,4,382.4743,581.8430,168.8199,22.2145,1.000000,1,0
1047,5,698.4158,581.1263,113.9680,16.7076,1.000000,0.75,0.25
1047,6,326.8411,547.4924,474.1044,73.0100,1.000000,0,1
1048,1,260.6004,585.9462,43.1220,21.1272,1.000000,0,1
1048,2,792.4788,535.0610,354.9396,88.3925,1.000000,0,1
1048,3,306.2178,585.2988,44.8123,18.2568,1.000000,0.1875,0.8125
1048,4,382.9974,581.8551,168.8154,22.2160,1.000000,1,0
1048,5,699.0634,581.0817,114.0023,16.7092,1.000000,0.75,0.25
1048,6,326.2103,547.5125,473.9320,72.9949,1.000000,0,1
1049,1,260.1584,585.9269,43.1252,21.1237,1.000000,0,1
1049,2,792.8274,535.1441,355.0460,88.4053,1.000000,0,1
1049,3,305.7393,585.2786,44.8156,18.2537,1.000000,0.25,0.75
1049,4,383.5207,581.8681,168.8111,22.2175,1.000000,1,0
1049,5,699.7120,581.0417,114.0368,16.7108,1.000000,0.8125,0.1875
1049,6,325.5775,547.5336,473.7622,72.9802,1.000000,0,1
1050,1,259.7168,585.9060,43.1284,21.1202,1.000000,0,1
1050,2,793.1766,535.2262,355.1533,88.4182,1.000000,0,1
1050,3,305.2611,585.2587,44.8188,18.2505,1.000000,0.25,0.75
1050,4,384.0444,581.8811,168.8065,22.2190,1.000000,1,0
1050,5,700.3617,581.0056,114.0716,16.7125,1.000000,0.75,0.25
1050,6,324.9435,547.5561,473.5944,72.9660,1.000000,0,1
1051,1,259.2752,585.8837,43.1317,21.1167,1.000000,0,1
1051,2,793.5263,535.3064,355.2603,88.4310,1.000000,0,1
1051,3,304.7827,585.2391,44.8221,18.2474,1.000000,0.125,0.875
1051,4,384.5688,581.8936,168.8017,22.2205,1.000000,1,0
1051,5,701.0126,580.9722,114.1067,16.7142,1.000000,0.6875,0.3125
1051,6,324.3079,547.5804,473.4286,72.9521,1.000000,0,1
1052,1,258.8346,585.8593,43.1349,21.1130,1.000000,0,1
1052,2,793.8772,535.3860,355.3679,88.4438,1.000000,0,1
1052,3,304.3054,585.2197,44.8254,18.2442,1.000000,0.25,0.75
1052,4,385.0931,581.9065,168.7970,22.2219,1.000000,1,0
1052,5,701.6649,580.9417,114.1418,16.7160,1.000000,0.625,0.375
1052,6,323.6700,547.6065,473.2657,72.9387,1.000000,0,1
1053,1,258.3945,585.8331,43.1382,21.1093,1.000000,0,1
1053,2,794.2286,535.4645,355.4755,88.4565,1.000000,0,1
1053,3,303.8282,585.2005,44.8287,18.2411,1.000000,0.0625,0.9375
1053,4,385.6178,581.9193,168.7923,22.2234,1.000000,1,0
1053,5,702.3184,580.9133,114.1772,16.7178,1.000000,0.625,0.375
1053,6,323.0303,547.6342,473.1052,72.9259,1.000000,0,1
1054,1,257.9547,585.8057,43.1415,21.1057,1.000000,0,1
1054,2,794.5804,535.5410,355.5833,88.4692,1.000000,0,1
1054,3,303.3507,585.1816,44.8320,18.2380,1.000000,0.0625,0.9375
1054,4,386.1425,581.9315,168.7877,22.2249,1.000000,1,0
1054,5,702.9734,580.8868,114.2128,16.7196,1.000000,0.625,0.375
1054,6,322.3887,547.6633,472.9467,72.9134,1.000000,0,1
1055,1,257.5153,585.7760,43.1448,21.1019,1.000000,0,1
1055,2,794.9335,535.6166,355.6906,88.4816,1.000000,0,1
1055,3,302.8740,585.1631,44.8353,18.2349,1.000000,0.125,0.875
1055,4,386.6678,581.9434,168.7833,22.2264,1.000000,1,0
1055,5,703.6298,580.8623,114.2485,16.7215,1.000000,0.5,0.5
1055,6,321.7448,547.6948,472.7912,72.9015,1.000000,0,1
1056,1,257.0760,585.7450,43.1480,21.0981,1.000000,0,1
1056,2,795.2874,535.6907,355.7980,88.4940,1.000000,0,1
1056,3,302.3975,585.1446,44.8387,18.2318,1.000000,0.4375,0.5625
1056,4,387.1941,581.9543,168.7787,22.2279,1.000000,1,0
1056,5,704.2874,580.8394,114.2844,16.7234,1.000000,0.5,0.5
1056,6,321.0995,547.7283,472.6376,72.8900,1.000000,0,1
1057,1,256.6370,585.7131,43.1515,21.0943,1.000000,0,1
1057,2,795.6415,535.7628,355.9051,88.5061,1.000000,0,1
1057,3,301.9208,585.1266,44.8420,18.2288,1.000000,0.25,0.75
1057,4,387.7204,581.9648,168.7745,22.2294,1.000000,1,0
1057,5,704.9460,580.8181,114.3204,16.7253,1.000000,0.625,0.375
1057,6,320.4523,547.7639,472.4860,72.8789,1.000000,0,1
1058,1,256.1991,585.6793,43.1548,21.0905,1.000000,0,1
1058,2,795.9966,535.8344,356.0115,88.5180,1.000000,0,1
1058,3,301.4449,585.1094,44.8453,18.2258,1.000000,0.25,0.75
1058,4,388.2465,581.9762,168.7706,22.2310,1.000000,1,0
1058,5,705.6050,580.7993,114.3567,16.7273,1.000000,0.625,0.375
1058,6,319.8029,547.8020,472.3373,72.8684,1.000000,0,1
1059,1,255.7616,585.6442,43.1582,21.0866,1.000000,0,1
1059,2,796.3522,535.9050,356.1174,88.5297,1.000000,0,1
1059,3,300.9692,585.0927,44.8486,18.2228,1.000000,0.5,0.5
1059,4,388.7726,581.9878,168.7668,22.2326,1.000000,1,0
1059,5,706.2644,580.7822,114.3931,16.7293,1.000000,0.5,0.5
1059,6,319.1522,547.8425,472.1900,72.8583,1.000000,0,1
1060,1,255.3245,585.6087,43.1617,21.0827,1.000000,0,1
1060,2,796.7081,535.9738,356.2225,88.5411,1.000000,0,1
1060,3,300.4933,585.0767,44.8521,18.2198,1.000000,0.125,0.875
1060,4,389.2986,581.9989,168.7633,22.2342,1.000000,1,0
1060,5,706.9243,580.7664,114.4296,16.7314,1.000000,0.8125,0.1875
1060,6,318.5001,547.8855,472.0446,72.8485,1.000000,0,1
1061,1,254.8881,585.5713,43.1651,21.0788,1.000000,0,1
1061,2,797.0645,536.0421,356.3266,88.5523,1.000000,0,1
1061,3,300.0189,585.0613,44.8554,18.2169,1.000000,0.3125,0.6875
1061,4,389.8238,582.0106,168.7602,22.2359,1.000000,1,0
1061,5,707.5844,580.7514,114.4663,16.7334,1.000000,0.6875,0.3125
1061,6,317.8463,547.9317,471.9015,72.8391,1.000000,0,1
1062,1,254.4518,585.5328,43.1686,21.0749,1.000000,0,1
1062,2,797.4210,536.1093,356.4298,88.5630,1.000000,0,1
1062,3,299.5450,585.0463,44.8587,18.2140,1.000000,0.1875,0.8125
1062,4,390.3487,582.0220,168.7573,22.2376,1.000000,1,0
1062,5,708.2448,580.7375,114.5032,16.7355,1.000000,0.375,0.625
1062,6,317.1919,547.9807,471.7589,72.8301,1.000000,0,1
1063,1,254.0155,585.4940,43.1722,21.0710,1.000000,0,1
1063,2,797.7775,536.1749,356.5315,88.5735,1.000000,0,1
1063,3,299.0710,585.0314,44.8622,18.2111,1.000000,0.25,0.75
1063,4,390.8731,582.0325,168.7548,22.2394,1.000000,1,0
1063,5,708.9055,580.7249,114.5404,16.7377,1.000000,0.5625,0.4375
1063,6,316.5363,548.0320,471.6181,72.8214,1.000000,0,1
1064,1,253.5797,585.4532,43.1757,21.0670,1.000000,0,1
1064,2,798.1342,536.2402,356.6320,88.5835,1.000000,0,1
1064,3,298.5981,585.0166,44.8656,18.2083,1.000000,0.25,0.75
1064,4,391.3970,582.0430,168.7526,22.2412,1.000000,1,0
1064,5,709.5665,580.7139,114.5778,16.7399,1.000000,0.75,0.25
1064,6,315.8796,548.0870,471.4788,72.8130,1.000000,0,1
1065,1,253.1438,585.4114,43.1795,21.0630,1.000000,0,1
1065,2,798.4911,536.3044,356.7311,88.5932,1.000000,0,1
1065,3,298.1261,585.0015,44.8690,18.2054,1.000000,0.0625,0.9375
1065,4,391.9205,582.0527,168.7507,22.2430,1.000000,1,0
1065,5,710.2279,580.7045,114.6155,16.7421,1.000000,0.75,0.25
1065,6,315.2220,548.1449,471.3402,72.8050,1.000000,0,1
1066,1,252.7077,585.3695,43.1830,21.0591,1.000000,0,1
1066,2,798.8474,536.3673,356.8291,88.6025,1.000000,0,1
1066,3,297.6541,584.9859,44.8724,18.2025,1.000000,0.3125,0.6875
1066,4,392.4438,582.0613,168.7490,22.2448,1.000000,1,0
1066,5,710.8895,580.6969,114.6537,16.7445,1.000000,0.5625,0.4375
1066,6,314.5638,548.2055,471.2025,72.7971,1.000000,0,1
1067,1,252.2711,585.3257,43.1870,21.0552,1.000000,0,1
1067,2,799.2034,536.4301,356.9252,88.6114,1.000000,0,1
1067,3,297.1831,584.9698,44.8758,18.1995,1.000000,0.1875,0.8125
1067,4,392.9666,582.0696,168.7477,22.2467,1.000000,1,0
1067,5,711.5514,580.6920,114.6922,16.7469,1.000000,0.5625,0.4375
1067,6,313.9049,548.2700,471.0656,72.7895,1.000000,0,1
1068,1,251.8342,585.2814,43.1908,21.0513,1.000000,0,1
1068,2,799.5591,536.4919,357.0199,88.6198,1.000000,0,1
1068,3,296.7125,584.9533,44.8792,18.1966,1.000000,0.5,0.5
1068,4,393.4887,582.0771,168.7468,22.2487,1.000000,1,0
1068,5,712.2134,580.6898,114.7312,16.7494,1.000000,0.5,0.5
1068,6,313.2454,548.3376,470.9294,72.7823,1.000000,0,1
1069,1,251.3967,585.2377,43.1949,21.0473,1.000000,0,1
1069,2,799.9145,536.5519,357.1133,88.6280,1.000000,0,1
1069,3,296.2420,584.9365,44.8826,18.1937,1.000000,0.25,0.75
1069,4,394.0106,582.0836,168.7460,22.2506,1.000000,1,0
1069,5,712.8760,580.6909,114.7704,16.7520,1.000000,0.6875,0.3125
1069,6,312.5858,548.4076,470.7936,72.7751,1.000000,0,1
1070,1,250.9585,585.1927,43.1990,21.0435,1.000000,0,1
1070,2,800.2695,536.6113,357.2047,88.6356,1.000000,0,1
1070,3,295.7722,584.9191,44.8860,18.1908,1.000000,0.125,0.875
1070,4,394.5317,582.0895,168.7457,22.2526,1.000000,1,0
1070,5,713.5389,580.6958,114.8101,16.7546,1.000000,0.625,0.375
1070,6,311.9258,548.4812,470.6585,72.7681,1.000000,0,1
1071,1,250.5198,585.1476,43.2031,21.0396,1.000000,0,1
1071,2,800.6241,536.6694,357.2950,88.6428,1.000000,0,1
1071,3,295.3028,584.9012,44.8894,18.1879,1.000000,0.25,0.75
1071,4,395.0522,582.0948,168.7455,22.2546,1.000000,1,0
1071,5,714.2025,580.7045,114.8499,16.7574,1.000000,0.375,0.625
1071,6,311.2658,548.5580,470.5240,72.7614,1.000000,0,1
1072,1,250.0807,585.1037,43.2073,21.0359,1.000000,0,1
1072,2,800.9785,536.7255,357.3840,88.6497,1.000000,0,1
1072,3,294.8335,584.8832,44.8929,18.1849,1.000000,0.25,0.75
1072,4,395.5722,582.0994,168.7455,22.2567,1.000000,1,0
1072,5,714.8667,580.7170,114.8900,16.7601,1.000000,0.3125,0.6875
1072,6,310.6056,548.6372,470.3899,72.7548,1.000000,0,1
1073,1,249.6420,585.0591,43.2116,21.0321,1.000000,0,1
1073,2,801.3326,536.7806,357.4716,88.6562,1.000000,0,1
1073,3,294.3655,584.8647,44.8963,18.1820,1.000000,0.3125,0.6875
1073,4,396.0911,582.1038,168.7457,22.2587,1.000000,1,0
1073,5,715.5322,580.7339,114.9302,16.7629,1.000000,0.625,0.375
1073,6,309.9460,548.7203,470.2557,72.7484,1.000000,0,1
1074,1,249.2032,585.0153,43.2159,21.0284,1.000000,0,1
1074,2,801.6865,536.8339,357.5582,88.6624,1.000000,0,1
1074,3,293.8976,584.8460,44.8998,18.1791,1.000000,0.3125,0.6875
1074,4,396.6089,582.1077,168.7462,22.2608,1.000000,1,0
1074,5,716.1987,580.7551,114.9708,16.7659,1.000000,0.375,0.625
1074,6,309.2868,548.8064,470.1219,72.7420,1.000000,0,1
1075,1,248.7639,584.9730,43.2203,21.0248,1.000000,0,1
1075,2,802.0402,536.8844,357.6437,88.6682,1.000000,0,1
1075,3,293.4291,584.8275,44.9034,18.1762,1.000000,0.1875,0.8125
1075,4,397.1259,582.1106,168.7469,22.2628,1.000000,1,0
1075,5,716.8661,580.7808,115.0112,16.7688,1.000000,0.375,0.625
1075,6,308.6283,548.8944,469.9880,72.7358,1.000000,0,1
1076,1,248.3247,584.9306,43.2248,21.0211,1.000000,0,1
1076,2,802.3935,536.9336,357.7281,88.6736,1.000000,0,1
1076,3,292.9611,584.8085,44.9071,18.1733,1.000000,0.375,0.625
1076,4,397.6416,582.1130,168.7479,22.2650,1.000000,1,0
1076,5,717.5343,580.8124,115.0519,16.7718,1.000000,0.4375,0.5625
1076,6,307.9707,548.9861,469.8540,72.7297,1.000000,0,1
1077,1,247.8852,584.8893,43.2292,21.0175,1.000000,0,1
1077,2,802.7465,536.9805,357.8116,88.6788,1.000000,0,1
1077,3,292.4928,584.7894,44.9108,18.1705,1.000000,0.3125,0.6875
1077,4,398.1567,582.1150,168.7489,22.2671,1.000000,1,0
1077,5,718.2036,580.8486,115.0923,16.7747,1.000000,0.625,0.375
1077,6,307.3140,549.0807,469.7203,72.7236,1.000000,0,1
1078,1,247.4457,584.8503,43.2336,21.0141,1.000000,0,1
1078,2,803.0989,537.0243,357.8940,88.6835,1.000000,0,1
1078,3,292.0240,584.7710,44.9146,18.1677,1.000000,0.125,0.875
1078,4,398.6711,582.1166,168.7501,22.2693,1.000000,1,0
1078,5,718.8740,580.8888,115.1330,16.7778,1.000000,0.375,0.625
1078,6,306.6583,549.1772,469.5864,72.7177,1.000000,0,1
1079,1,247.0063,584.8121,43.2380,21.0105,1.000000,0,1
1079,2,803.4503,537.0663,357.9756,88.6881,1.000000,0,1
1079,3,291.5552,584.7523,44.9183,18.1649,1.000000,0.375,0.625
1079,4,399.1846,582.1185,168.7516,22.2715,1.000000,1,0
1079,5,719.5453,580.9344,115.1734,16.7809,1.000000,0.25,0.75
1079,6,306.0034,549.2773,469.4521,72.7117,1.000000,0,1
1080,1,246.5667,584.7755,43.2424,21.0071,1.000000,0,1
1080,2,803.8011,537.1056,358.0559,88.6922,1.000000,0,1
1080,3,291.0859,584.7339,44.9221,18.1621,1.000000,0.1875,0.8125
1080,4,399.6974,582.1205,168.7532,22.2737,1.000000,1,0
1080,5,720.2178,580.9838,115.2136,16.7839,1.000000,0.1875,0.8125
1080,6,305.3492,549.3805,469.3176,72.7058,1.000000,0,1
1081,1,246.1265,584.7412,43.2468,21.0038,1.000000,0,1
1081,2,804.1513,537.1415,358.1357,88.6961,1.000000,0,1
1081,3,290.6157,584.7162,44.9261,18.1594,1.000000,0.4375,0.5625
1081,4,400.2099,582.1227,168.7551,22.2759,1.000000,1,0
1081,5,720.8912,581.0356,115.2535,16.7870,1.000000,0.3125,0.6875
1081,6,304.6956,549.4863,469.1827,72.7000,1.000000,0,1
1082,1,245.6859,584.7083,43.2512,21.0005,1.000000,0,1
1082,2,804.5005,537.1748,358.2142,88.6995,1.000000,0,1
1082,3,290.1455,584.6990,44.9301,18.1567,1.000000,0.25,0.75
1082,4,400.7218,582.1257,168.7572,22.2782,1.000000,1,0
1082,5,721.5658,581.0912,115.2930,16.7900,1.000000,0.375,0.625
1082,6,304.0426,549.5958,469.0475,72.6942,1.000000,0,1
1083,1,245.2451,584.6770,43.2556,20.9972,1.000000,0,1
1083,2,804.8490,537.2049,358.2916,88.7026,1.000000,0,1
1083,3,289.6750,584.6823,44.9341,18.1541,1.000000,0.4375,0.5625
1083,4,401.2334,582.1293,168.7594,22.2805,1.000000,1,0
1083,5,722.2411,581.1487,115.3322,16.7929,1.000000,0.25,0.75
1083,6,303.3901,549.7081,468.9121,72.6885,1.000000,0,1
1084,1,244.8037,584.6478,43.2600,20.9941,1.000000,0,1
1084,2,805.1968,537.2312,358.3682,88.7053,1.000000,0,1
1084,3,289.2036,584.6667,44.9381,18.1515,1.000000,0.25,0.75
1084,4,401.7448,582.1335,168.7619,22.2828,1.000000,1,0
1084,5,722.9172,581.2072,115.3708,16.7959,1.000000,0.25,0.75
1084,6,302.7374,549.8231,468.7770,72.6829,1.000000,0,1
1085,1,244.3622,584.6201,43.2643,20.9910,1.000000,0,1
1085,2,805.5437,537.2540,358.4434,88.7077,1.000000,0,1
1085,3,288.7321,584.6513,44.9423,18.1489,1.000000,0.25,0.75
1085,4,402.2561,582.1388,168.7644,22.2852,1.000000,1,0
1085,5,723.5939,581.2682,115.4091,16.7987,1.000000,0.25,0.75
1085,6,302.0849,549.9418,468.6420,72.6775,1.000000,0,1
1086,1,243.9203,584.5944,43.2687,20.9879,1.000000,0,1
1086,2,805.8900,537.2734,358.5178,88.7096,1.000000,0,1
1086,3,288.2605,584.6367,44.9463,18.1464,1.000000,0.3125,0.6875
1086,4,402.7672,582.1446,168.7671,22.2876,1.000000,1,0
1086,5,724.2712,581.3301,115.4469,16.8015,1.000000,0.1875,0.8125
1086,6,301.4325,550.0635,468.5074,72.6723,1.000000,0,1
1087,1,243.4779,584.5709,43.2732,20.9849,1.000000,0,1
1087,2,806.2358,537.2891,358.5911,88.7112,1.000000,0,1
1087,3,287.7881,584.6232,44.9506,18.1439,1.000000,0.125,0.875
1087,4,403.2785,582.1508,168.7698,22.2900,1.000000,1,0
1087,5,724.9487,581.3914,115.4843,16.8042,1.000000,0.375,0.625
1087,6,300.7804,550.1866,468.3728,72.6671,1.000000,0,1
1088,1,243.0345,584.5485,43.2778,20.9821,1.000000,0,1
1088,2,806.5814,537.3008,358.6638,88.7124,1.000000,0,1
1088,3,287.3158,584.6105,44.9548,18.1415,1.000000,0.25,0.75
1088,4,403.7892,582.1578,168.7727,22.2924,1.000000,1,0
1088,5,725.6255,581.4549,115.5211,16.8069,1.000000,0.25,0.75
1088,6,300.1279,550.3132,468.2391,72.6622,1.000000,0,1
1089,1,242.5901,584.5276,43.2824,20.9792,1.000000,0,1
1089,2,806.9266,537.3086,358.7357,88.7132,1.000000,0,1
1089,3,286.8436,584.5992,44.9591,18.1391,1.000000,0.1875,0.8125
1089,4,404.2996,582.1655,168.7758,22.2949,1.000000,1,0
1089,5,726.3013,581.5192,115.5575,16.8094,1.000000,0.1875,0.8125
1089,6,299.4751,550.4418,468.1064,72.6574,1.000000,0,1
1090,1,242.1451,584.5083,43.2872,20.9765,1.000000,0,1
1090,2,807.2716,537.3126,358.8068,88.7137,1.000000,0,1
1090,3,286.3708,584.5900,44.9634,18.1369,1.000000,0.1875,0.8125
1090,4,404.8096,582.1734,168.7788,22.2974,1.000000,1,0
1090,5,726.9769,581.5824,115.5934,16.8120,1.000000,0.1875,0.8125
1090,6,298.8225,550.5718,467.9740,72.6528,1.000000,0,1
1091,1,241.6992,584.4905,43.2918,20.9739,1.000000,0,1
1091,2,807.6163,537.3124,358.8776,88.7139,1.000000,0,1
1091,3,285.8975,584.5815,44.9677,18.1347,1.000000,0.125,0.875
1091,4,405.3192,582.1813,168.7819,22.2998,1.000000,1,0
1091,5,727.6519,581.6453,115.6292,16.8145,1.000000,0.25,0.75
1091,6,298.1695,550.7047,467.8426,72.6485,1.000000,0,1
1092,1,241.2525,584.4740,43.2967,20.9713,1.000000,0,1
1092,2,807.9609,537.3082,358.9481,88.7139,1.000000,0,1
1092,3,285.4232,584.5748,44.9722,18.1325,1.000000,0.1875,0.8125
1092,4,405.8291,582.1884,168.7848,22.3023,1.000000,1,0
1092,5,728.3267,581.7068,115.6647,16.8170,1.000000,0.4375,0.5625
1092,6,297.5163,550.8391,467.7120,72.6443,1.000000,0,1
1093,1,240.8050,584.4587,43.3015,20.9688,1.000000,0,1
1093,2,808.3058,537.3000,359.0186,88.7137,1.000000,0,1
1093,3,284.9479,584.5696,44.9766,18.1304,1.000000,0.25,0.75
1093,4,406.3394,582.1947,168.7877,22.3046,1.000000,1,0
1093,5,729.0018,581.7669,115.6998,16.8193,1.000000,0.1875,0.8125
1093,6,296.8631,550.9740,467.5819,72.6402,1.000000,0,1
1094,1,240.3569,584.4449,43.3065,20.9665,1.000000,0,1
1094,2,808.6510,537.2879,359.0896,88.7135,1.000000,0,1
1094,3,284.4714,584.5656,44.9812,18.1285,1.000000,0.3125,0.6875
1094,4,406.8498,582.1997,168.7904,22.3071,1.000000,1,0
1094,5,729.6766,581.8272,115.7350,16.8217,1.000000,0.25,0.75
1094,6,296.2092,551.1115,467.4528,72.6364,1.000000,0,1
1095,1,239.9084,584.4326,43.3115,20.9641,1.000000,0,1
1095,2,808.9966,537.2721,359.1608,88.7130,1.000000,0,1
1095,3,283.9940,584.5632,44.9859,18.1265,1.000000,0.25,0.75
1095,4,407.3606,582.2040,168.7931,22.3094,1.000000,1,0
1095,5,730.3514,581.8872,115.7699,16.8241,1.000000,0.125,0.875
1095,6,295.5548,551.2502,467.3248,72.6328,1.000000,0,1
1096,1,239.4589,584.4221,43.3168,20.9619,1.000000,0,1
1096,2,809.3425,537.2524,359.2322,88.7125,1.000000,0,1
1096,3,283.5152,584.5629,44.9906,18.1247,1.000000,0.25,0.75
1096,4,407.8718,582.2076,168.7955,22.3118,1.000000,1,0
1096,5,731.0263,581.9464,115.8047,16.8264,1.000000,0.0625,0.9375
1096,6,294.9002,551.3890,467.1967,72.6293,1.000000,0,1
1097,1,239.0090,584.4124,43.3220,20.9598,1.000000,0,1
1097,2,809.6886,537.2291,359.3042,88.7119,1.000000,0,1
1097,3,283.0352,584.5638,44.9954,18.1230,1.000000,0.1875,0.8125
1097,4,408.3832,582.2104,168.7977,22.3141,1.000000,1,0
1097,5,731.7007,582.0069,115.8395,16.8287,1.000000,0.3125,0.6875
1097,6,294.2442,551.5309,467.0693,72.6260,1.000000,0,1
1098,1,238.5585,584.4032,43.3271,20.9576,1.000000,0,1
1098,2,810.0349,537.2026,359.3768,88.7112,1.000000,0,1
1098,3,282.5538,584.5667,45.0004,18.1213,1.000000,0.0625,0.9375
1098,4,408.8945,582.2130,168.8000,22.3164,1.000000,1,0
1098,5,732.3750,582.0679,115.8740,16.8311,1.000000,0.1875,0.8125
1098,6,293.5872,551.6741,466.9425,72.6227,1.000000,0,1
1099,1,238.1075,584.3940,43.3325,20.9555,1.000000,0,1
1099,2,810.3817,537.1726,359.4497,88.7106,1.000000,0,1
1099,3,282.0709,584.5720,45.0054,18.1199,1.000000,0.25,0.75
1099,4,409.4058,582.2158,168.8022,22.3186,1.000000,1,0
1099,5,733.0496,582.1287,115.9086,16.8334,1.000000,0.375,0.625
1099,6,292.9302,551.8175,466.8152,72.6195,1.000000,0,1
1100,1,237.6559,584.3853,43.3379,20.9535,1.000000,0,1
1100,2,810.7285,537.1390,359.5237,88.7099,1.000000,0,1
1100,3,281.5865,584.5792,45.0107,18.1184,1.000000,0.1875,0.8125
1100,4,409.9172,582.2183,168.8041,22.3209,1.000000,1,0
1100,5,733.7238,582.1910,115.9431,16.8357,1.000000,0.1875,0.8125
1100,6,292.2728,551.9643,466.6877,72.6163,1.000000,0,1
1101,1,237.2044,584.3764,43.3431,20.9514,1.000000,0,1
1101,2,811.0754,537.1025,359.5983,88.7093,1.000000,0,1
1101,3,281.1009,584.5884,45.0160,18.1172,1.000000,0.375,0.625
1101,4,410.4284,582.2213,168.8061,22.3232,1.000000,1,0
1101,5,734.3981,582.2542,115.9774,16.8380,1.000000,0.1875,0.8125
1101,6,291.6159,552.1129,466.5592,72.6130,1.000000,0,1
1102,1,236.7530,584.3673,43.3486,20.9493,1.000000,0,1
1102,2,811.4221,537.0634,359.6736,88.7087,1.000000,0,1
1102,3,280.6136,584.6000,45.0215,18.1160,1.000000,0.25,0.75
1102,4,410.9393,582.2248,168.8079,22.3254,1.000000,1,0
1102,5,735.0650,582.3173,116.0195,16.8403,1.000000,0.25,0.75
1102,6,290.9592,552.2620,466.4300,72.6096,1.000000,0,1
1103,1,236.3018,584.3582,43.3540,20.9473,1.000000,0,1
1103,2,811.7687,537.0210,359.7491,88.7082,1.000000,0,1
1103,3,280.1236,584.6140,45.0269,18.1149,1.000000,0.0625,0.9375
1103,4,411.4502,582.2284,168.8095,22.3277,1.000000,1,0
1103,5,735.7214,582.3821,116.0721,16.8426,1.000000,0.3125,0.6875
1103,6,290.3030,552.4146,466.2999,72.6063,1.000000,0,1
1104,1,235.8506,584.3492,43.3594,20.9453,1.000000,0,1
1104,2,812.1149,536.9756,359.8254,88.7076,1.000000,0,1
1104,3,279.6312,584.6300,45.0328,18.1140,1.000000,0.375,0.625
1104,4,411.9608,582.2325,168.8112,22.3299,1.000000,1,0
1104,5,736.3782,582.4471,116.1249,16.8450,1.000000,0.25,0.75
1104,6,289.6475,552.5687,466.1686,72.6027,1.000000,0,1
1105,1,235.3990,584.3405,43.3649,20.9433,1.000000,0,1
1105,2,812.4609,536.9272,359.9026,88.7071,1.000000,0,1
1105,3,279.1373,584.6481,45.0385,18.1131,1.000000,0.25,0.75
1105,4,412.4709,582.2379,168.8128,22.3321,1.000000,1,0
1105,5,737.0361,582.5111,116.1774,16.8472,1.000000,0.25,0.75
1105,6,288.9933,552.7223,466.0355,72.5988,1.000000,0,1
1106,1,234.9471,584.3317,43.3704,20.9413,1.000000,0,1
1106,2,812.8058,536.8765,359.9804,88.7067,1.000000,0,1
1106,3,278.6415,584.6686,45.0444,18.1125,1.000000,0.375,0.625
1106,4,412.9812,582.2430,168.8142,22.3343,1.000000,1,0
1106,5,737.6948,582.5757,116.2300,16.8495,1.000000,0.0625,0.9375
1106,6,288.3401,552.8782,465.9010,72.5948,1.000000,0,1
1107,1,234.4944,584.3232,43.3760,20.9394,1.000000,0,1
1107,2,813.1501,536.8232,360.0587,88.7063,1.000000,0,1
1107,3,278.1444,584.6910,45.0505,18.1119,1.000000,0.375,0.625
1107,4,413.4917,582.2485,168.8155,22.3365,1.000000,1,0
1107,5,738.3544,582.6403,116.2825,16.8517,1.000000,0.0625,0.9375
1107,6,287.6879,553.0339,465.7650,72.5905,1.000000,0,1
1108,1,234.0408,584.3154,43.3817,20.9375,1.000000,0,1
1108,2,813.4937,536.7676,360.1372,88.7060,1.000000,0,1
1108,3,277.6464,584.7151,45.0565,18.1113,1.000000,0.3125,0.6875
1108,4,414.0020,582.2551,168.8169,22.3388,1.000000,1,0
1108,5,739.0144,582.7038,116.3350,16.8539,1.000000,0.5,0.5
1108,6,287.0372,553.1865,465.6265,72.5857,1.000000,0,1
1109,1,233.5862,584.3081,43.3876,20.9357,1.000000,0,1
1109,2,813.8358,536.7093,360.2167,88.7058,1.000000,0,1
1109,3,277.1468,584.7418,45.0627,18.1110,1.000000,0.5625,0.4375
1109,4,414.5122,582.2625,168.8182,22.3410,1.000000,1,0
1109,5,739.6747,582.7675,116.3872,16.8562,1.000000,0.1875,0.8125
1109,6,286.3874,553.3400,465.4865,72.5807,1.000000,0,1
1110,1,233.1310,584.3015,43.3935,20.9340,1.000000,0,1
1110,2,814.1770,536.6489,360.2966,88.7056,1.000000,0,1
1110,3,276.6461,584.7701,45.0691,18.1106,1.000000,0.25,0.75
1110,4,415.0219,582.2711,168.8197,22.3432,1.000000,1,0
1110,5,740.3350,582.8301,116.4391,16.8583,1.000000,0.125,0.875
1110,6,285.7381,553.4917,465.3455,72.5754,1.000000,0,1
1111,1,232.6749,584.2958,43.3995,20.9324,1.000000,0,1
1111,2,814.5173,536.5862,360.3774,88.7057,1.000000,0,1
1111,3,276.1451,584.7993,45.0754,18.1103,1.000000,0.4375,0.5625
1111,4,415.5316,582.2808,168.8210,22.3455,1.000000,1,0
1111,5,740.9956,582.8881,116.4910,16.8626,1.000000,0.125,0.875
1111,6,285.0900,553.6386,465.2022,72.5696,1.000000,0,1
1112,1,232.2179,584.2911,43.4055,20.9307,1.000000,0,1
1112,2,814.8557,536.5214,360.4583,88.7058,1.000000,0,1
1112,3,275.6429,584.8307,45.0819,18.1103,1.000000,0.1875,0.8125
1112,4,416.0409,582.2906,168.8221,22.3477,1.000000,1,0
1112,5,741.6561,582.9436,116.5426,16.8676,1.000000,0.5,0.5
1112,6,284.4426,553.7838,465.0574,72.5634,1.000000,0,1
1113,1,231.7601,584.2875,43.4119,20.9292,1.000000,0,1
1113,2,815.1929,536.4550,360.5399,88.7060,1.000000,0,1
1113,3,275.1402,584.8635,45.0883,18.1101,1.000000,0.25,0.75
1113,4,416.5497,582.3010,168.8235,22.3500,1.000000,1,0
1113,5,742.3167,582.9966,116.5940,16.8725,1.000000,0.25,0.75
1113,6,283.7960,553.9251,464.9110,72.5569,1.000000,0,1
1114,1,231.3011,584.2856,43.4182,20.9279,1.000000,0,1
1114,2,815.5292,536.3875,360.6223,88.7064,1.000000,0,1
1114,3,274.6372,584.8967,45.0949,18.1101,1.000000,0.25,0.75
1114,4,417.0584,582.3122,168.8246,22.3522,1.000000,1,0
1114,5,742.9772,583.0460,116.6454,16.8770,1.000000,0.25,0.75
1114,6,283.1500,554.0603,464.7632,72.5498,1.000000,0,1
1115,1,230.8414,584.2850,43.4248,20.9266,1.000000,0,1
1115,2,815.8635,536.3181,360.7052,88.7069,1.000000,0,1
1115,3,274.1338,584.9322,45.1015,18.1102,1.000000,0.375,0.625
1115,4,417.5665,582.3230,168.8258,22.3544,1.000000,1,0
1115,5,743.6376,583.0923,116.6968,16.8814,1.000000,0.375,0.625
1115,6,282.5052,554.1921,464.6144,72.5425,1.000000,0,1
1116,1,230.3810,584.2863,43.4313,20.9254,1.000000,0,1
1116,2,816.1965,536.2474,360.7886,88.7076,1.000000,0,1
1116,3,273.6299,584.9689,45.1082,18.1103,1.000000,0.3125,0.6875
1116,4,418.0742,582.3339,168.8270,22.3567,1.000000,1,0
1116,5,744.2978,583.1351,116.7482,16.8855,1.000000,0.25,0.75
1116,6,281.8615,554.3187,464.4647,72.5348,1.000000,0,1
1117,1,229.9192,584.2897,43.4383,20.9245,1.000000,0,1
1117,2,816.5289,536.1762,360.8730,88.7085,1.000000,0,1
1117,3,273.1259,585.0062,45.1148,18.1104,1.000000,0.125,0.875
1117,4,418.5816,582.3453,168.8281,22.3589,1.000000,1,0
1117,5,744.9581,583.1738,116.7996,16.8895,1.000000,0.25,0.75
1117,6,281.2192,554.4377,464.3136,72.5266,1.000000,0,1
1118,1,229.4557,584.2954,43.4452,20.9236,1.000000,0,1
1118,2,816.8596,536.1040,360.9578,88.7095,1.000000,0,1
1118,3,272.6213,585.0460,45.1216,18.1107,1.000000,0.375,0.625
1118,4,419.0886,582.3561,168.8292,22.3611,1.000000,1,0
1118,5,745.6183,583.2083,116.8511,16.8932,1.000000,0.25,0.75
1118,6,280.5789,554.5510,464.1608,72.5178,1.000000,0,1
1119,1,228.9910,584.3032,43.4523,20.9228,1.000000,0,1
1119,2,817.1898,536.0313,361.0433,88.7108,1.000000,0,1
1119,3,272.1163,585.0875,45.1284,18.1110,1.000000,0.3125,0.6875
1119,4,419.5952,582.3668,168.8303,22.3633,1.000000,1,0
1119,5,746.2784,583.2389,116.9029,16.8967,1.000000,0.4375,0.5625
1119,6,279.9398,554.6578,464.0070,72.5086,1.000000,0,1
1120,1,228.5254,584.3135,43.4595,20.9222,1.000000,0,1
1120,2,817.5202,535.9585,361.1304,88.7123,1.000000,0,1
1120,3,271.6118,585.1296,45.1353,18.1114,1.000000,0.25,0.75
1120,4,420.1013,582.3778,168.8314,22.3656,1.000000,1,0
1120,5,746.9385,583.2655,116.9550,16.8999,1.000000,0.3125,0.6875
1120,6,279.3024,554.7565,463.8514,72.4988,1.000000,0,1
1121,1,228.0590,584.3268,43.4668,20.9218,1.000000,0,1
1121,2,817.8502,535.8849,361.2177,88.7140,1.000000,0,1
1121,3,271.1075,585.1748,45.1420,18.1119,1.000000,0.125,0.875
1121,4,420.6073,582.3880,168.8327,22.3678,1.000000,1,0
1121,5,747.5986,583.2878,117.0076,16.9030,1.000000,0.3125,0.6875
1121,6,278.6665,554.8491,463.6945,72.4886,1.000000,0,1
1122,1,227.5922,584.3432,43.4741,20.9215,1.000000,0,1
1122,2,818.1804,535.8115,361.3059,88.7158,1.000000,0,1
1122,3,270.6039,585.2213,45.1489,18.1124,1.000000,0.125,0.875
1122,4,421.1136,582.3979,168.8341,22.3701,1.000000,1,0
1122,5,748.2589,583.3060,117.0604,16.9059,1.000000,0.5,0.5
1122,6,278.0323,554.9352,463.5360,72.4778,1.000000,0,1
1123,1,227.1252,584.3630,43.4815,20.9213,1.000000,0,1
1123,2,818.5115,535.7388,361.3956,88.7180,1.000000,0,1
1123,3,270.1017,585.2683,45.1555,18.1129,1.000000,0.25,0.75
1123,4,421.6200,582.4083,168.8355,22.3723,1.000000,1,0
1123,5,748.9191,583.3204,117.1136,16.9085,1.000000,0.3125,0.6875
1123,6,277.3998,555.0140,463.3766,72.4665,1.000000,0,1
1124,1,226.6582,584.3864,43.4890,20.9212,1.000000,0,1
1124,2,818.8433,535.6660,361.4863,88.7204,1.000000,0,1
1124,3,269.6000,585.3176,45.1621,18.1135,1.000000,0.375,0.625
1124,4,422.1259,582.4195,168.8372,22.3746,1.000000,1,0
1124,5,749.5788,583.3309,117.1675,16.9110,1.000000,0.125,0.875
1124,6,276.7697,555.0867,463.2144,72.4546,1.000000,0,1
1125,1,226.1914,584.4130,43.4963,20.9213,1.000000,0,1
1125,2,819.1757,535.5943,361.5782,88.7231,1.000000,0,1
1125,3,269.0992,585.3678,45.1686,18.1140,1.000000,0.3125,0.6875
1125,4,422.6314,582.4317,168.8390,22.3770,1.000000,1,0
1125,5,750.2383,583.3384,117.2217,16.9134,1.000000,0.375,0.625
1125,6,276.1412,555.1534,463.0509,72.4422,1.000000,0,1
1126,1,225.7250,584.4434,43.5038,20.9215,1.000000,0,1
1126,2,819.5092,535.5248,361.6711,88.7261,1.000000,0,1
1126,3,268.5997,585.4174,45.1750,18.1145,1.000000,0.1875,0.8125
1126,4,423.1362,582.4449,168.8410,22.3794,1.000000,1,0
1126,5,750.8975,583.3431,117.2767,16.9157,1.000000,0.125,0.875
1126,6,275.5137,555.2140,462.8864,72.4294,1.000000,0,1
1127,1,225.2591,584.4774,43.5112,20.9219,1.000000,0,1
1127,2,819.8425,535.4570,361.7653,88.7295,1.000000,0,1
1127,3,268.1012,585.4686,45.1814,18.1151,1.000000,0.125,0.875
1127,4,423.6403,582.4592,168.8436,22.3818,1.000000,0.9375,0.0625
1127,5,751.5566,583.3436,117.3322,16.9179,1.000000,0.3125,0.6875
1127,6,274.8882,555.2698,462.7200,72.4161,1.000000,0,1
1128,1,224.7939,584.5150,43.5187,20.9224,1.000000,0,1
1128,2,820.1761,535.3916,361.8606,88.7332,1.000000,0,1
1128,3,267.6041,585.5198,45.1877,18.1157,1.000000,0.125,0.875
1128,4,424.1440,582.4744,168.8462,22.3843,1.000000,1,0
1128,5,752.2155,583.3413,117.3883,16.9200,1.000000,0.25,0.75
1128,6,274.2642,555.3213,462.5521,72.4024,1.000000,0,1
1129,1,224.3297,584.5562,43.5261,20.9229,1.000000,0,1
1129,2,820.5103,535.3289,361.9570,88.7374,1.000000,0,1
1129,3,267.1082,585.5698,45.1938,18.1160,1.000000,0.1875,0.8125
1129,4,424.6472,582.4904,168.8493,22.3868,1.000000,1,0
1129,5,752.8742,583.3369,117.4448,16.9220,1.000000,0.25,0.75
1129,6,273.6418,555.3678,462.3829,72.3882,1.000000,0,1
1130,1,223.8668,584.6012,43.5333,20.9236,1.000000,0,1
1130,2,820.8439,535.2693,362.0541,88.7418,1.000000,0,1
1130,3,266.6132,585.6201,45.2000,18.1165,1.000000,0.375,0.625
1130,4,425.1501,582.5073,168.8527,22.3894,1.000000,1,0
1130,5,753.5330,583.3292,117.5018,16.9238,1.000000,0.25,0.75
1130,6,273.0208,555.4109,462.2119,72.3736,1.000000,0,1
1131,1,223.4052,584.6495,43.5405,20.9244,1.000000,0,1
1131,2,821.1775,535.2126,362.1521,88.7467,1.000000,0,1
1131,3,266.1193,585.6699,45.2059,18.1169,1.000000,0.0625,0.9375
1131,4,425.6529,582.5248,168.8561,22.3920,1.000000,1,0
1131,5,754.1919,583.3190,117.5593,16.9255,1.000000,0.375,0.625
1131,6,272.4009,555.4509,462.0739,72.3587,1.000000,0,1
1132,1,222.9451,584.7012,43.5476,20.9252,1.000000,0,1
1132,2,821.5117,535.1592,362.2515,88.7519,1.000000,0,1
1132,3,265.6268,585.7180,45.2118,18.1172,1.000000,0.4375,0.5625
1132,4,426.1558,582.5427,168.8599,22.3947,1.000000,1,0
1132,5,754.8508,583.3070,117.6173,16.9273,1.000000,0.1875,0.8125
1132,6,271.7826,555.4878,461.9759,72.3434,1.000000,0,1
1133,1,222.4866,584.7565,43.5544,20.9262,1.000000,0,1
1133,2,821.8456,535.1080,362.3519,88.7576,1.000000,0,1
1133,3,265.1359,585.7660,45.2177,18.1175,1.000000,0.375,0.625
1133,4,426.6589,582.5609,168.8638,22.3974,1.000000,1,0
1133,5,755.5102,583.2925,117.6757,16.9289,1.000000,0.5625,0.4375
1133,6,271.1653,555.5222,461.8764,72.3277,1.000000,0,1
1134,1,222.0298,584.8149,43.5612,20.9271,1.000000,0,1
1134,2,822.1798,535.0590,362.4539,88.7638,1.000000,0,1
1134,3,264.6461,585.8129,45.2235,18.1178,1.000000,0.3125,0.6875
1134,4,427.1623,582.5792,168.8679,22.4001,1.000000,1,0
1134,5,756.1697,583.2764,117.7344,16.9305,1.000000,0.25,0.75
1134,6,270.5490,555.5543,461.7758,72.3117,1.000000,0,1
1135,1,221.5753,584.8763,43.5679,20.9281,1.000000,0,1
1135,2,822.5148,535.0129,362.5571,88.7702,1.000000,0,1
1135,3,264.1581,585.8580,45.2292,18.1179,1.000000,0.3125,0.6875
1135,4,427.6660,582.5974,168.8722,22.4029,1.000000,1,0
1135,5,756.8293,583.2597,117.7933,16.9320,1.000000,0.25,0.75
1135,6,269.9339,555.5844,461.6742,72.2955,1.000000,0,1
1136,1,221.1232,584.9410,43.5743,20.9292,1.000000,0,1
1136,2,822.8499,534.9686,362.6617,88.7771,1.000000,0,1
1136,3,263.6711,585.9025,45.2348,18.1180,1.000000,0.25,0.75
1136,4,428.1699,582.6157,168.8768,22.4057,1.000000,1,0
1136,5,757.4893,583.2410,117.8525,16.9334,1.000000,0.375,0.625
1136,6,269.3204,555.6129,461.5714,72.2790,1.000000,0,1
1137,1,220.6732,585.0085,43.5804,20.9303,1.000000,0,1
1137,2,823.1855,534.9260,362.7677,88.7844,1.000000,0,1
1137,3,263.1852,585.9457,45.2404,18.1180,1.000000,0.25,0.75
1137,4,428.6741,582.6339,168.8815,22.4085,1.000000,1,0
1137,5,758.1493,583.2213,117.9118,16.9349,1.000000,0.1875,0.8125
1137,6,268.7087,555.6390,461.4673,72.2623,1.000000,0,1
1138,1,220.2257,585.0783,43.5864,20.9313,1.000000,0,1
1138,2,823.5221,534.8856,362.8749,88.7921,1.000000,0,1
1138,3,262.7003,585.9869,45.2458,18.1180,1.000000,0.4375,0.5625
1138,4,429.1790,582.6515,168.8862,22.4113,1.000000,1,0
1138,5,758.8089,583.2013,117.9711,16.9363,1.000000,0.3125,0.6875
1138,6,268.0995,555.6615,461.3616,72.2451,1.000000,0,1
1139,1,219.7801,585.1509,43.5923,20.9325,1.000000,0,1
1139,2,823.8590,534.8464,362.9832,88.8001,1.000000,0,1
1139,3,262.2164,586.0276,45.2512,18.1179,1.000000,0.25,0.75
1139,4,429.6843,582.6689,168.8911,22.4142,1.000000,1,0
1139,5,759.4684,583.1791,118.0304,16.9375,1.000000,0.25,0.75
1139,6,267.4914,555.6814,461.2553,72.2277,1.000000,0,1
1140,1,219.3366,585.2258,43.5980,20.9336,1.000000,0,1
1140,2,824.1967,534.8083,363.0933,88.8085,1.000000,0,1
1140,3,261.7334,586.0673,45.2564,18.1177,1.000000,0.25,0.75
1140,4,430.1901,582.6857,168.8962,22.4170,1.000000,1,0
1140,5,760.1279,583.1550,118.0897,16.9387,1.000000,0.3125,0.6875
1140,6,266.8846,555.6986,461.1479,72.2099,1.000000,0,1
1141,1,218.8957,585.3024,43.6034,20.9347,1.000000,0,1
1141,2,824.5354,534.7720,363.2051,88.8173,1.000000,0,1
1141,3,261.2512,586.1055,45.2616,18.1174,1.000000,0.3125,0.6875
1141,4,430.6964,582.7017,168.9014,22.4199,1.000000,1,0
1141,5,760.7875,583.1294,118.1490,16.9397,1.000000,0.1875,0.8125
1141,6,266.2796,555.7120,461.0392,72.1919,1.000000,0,1
1142,1,218.4569,585.3812,43.6085,20.9358,1.000000,0,1
1142,2,824.8749,534.7361,363.3182,88.8265,1.000000,0,1
1142,3,260.7697,586.1432,45.2666,18.1170,1.000000,0.1875,0.8125
1142,4,431.2029,582.7174,168.9069,22.4227,1.000000,1,0
1142,5,761.4478,583.1001,118.2083,16.9405,1.000000,0.3125,0.6875
1142,6,265.6757,555.7227,460.9297,72.1736,1.000000,0,1
1143,1,218.0203,585.4614,43.6137,20.9369,1.000000,0,1
1143,2,825.2151,534.7010,363.4330,88.8360,1.000000,0,1
1143,3,260.2891,586.1801,45.2715,18.1166,1.000000,0.375,0.625
1143,4,431.7099,582.7325,168.9127,22.4257,1.000000,1,0
1143,5,762.1084,583.0680,118.2677,16.9411,1.000000,0.5,0.5
1143,6,265.0731,555.7302,460.8196,72.1551,1.000000,0,1
1144,1,217.5867,585.5422,43.6185,20.9379,1.000000,0,1
1144,2,825.5566,534.6671,363.5493,88.8460,1.000000,0,1
1144,3,259.8097,586.2155,45.2762,18.1161,1.000000,0.25,0.75
1144,4,432.2173,582.7468,168.9186,22.4287,1.000000,1,0
1144,5,762.7692,583.0337,118.3273,16.9417,1.000000,0.125,0.875
1144,6,264.4720,555.7340,460.7084,72.1363,1.000000,0,1
1145,1,217.1549,585.6242,43.6231,20.9388,1.000000,0,1
1145,2,825.8989,534.6331,363.6667,88.8561,1.000000,0,1
1145,3,259.3309,586.2508,45.2807,18.1155,1.000000,0.25,0.75
1145,4,432.7251,582.7610,168.9251,22.4317,1.000000,1,0
1145,5,763.4303,582.9960,118.3873,16.9420,1.000000,0.3125,0.6875
1145,6,263.8716,555.7355,460.5968,72.1172,1.000000,0,1
1146,1,216.7249,585.7065,43.6274,20.9397,1.000000,0,1
1146,2,826.2422,534.5996,363.7856,88.8665,1.000000,0,1
1146,3,258.8531,586.2850,45.2850,18.1148,1.000000,0.375,0.625
1146,4,433.2331,582.7745,168.9320,22.4348,1.000000,1,0
1146,5,764.0917,582.9560,118.4475,16.9423,1.000000,0.1875,0.8125
1146,6,263.2724,555.7341,460.4843,72.0980,1.000000,0,1
1147,1,216.2828,585.7783,43.6318,20.9401,1.000000,0,1
1147,2,826.5868,534.5669,363.9059,88.8773,1.000000,0,1
1147,3,258.3847,586.3221,45.2889,18.1140,1.000000,0.3125,0.6875
1147,4,433.7413,582.7869,168.9392,22.4379,1.000000,1,0
1147,5,764.7529,582.9143,118.5079,16.9424,1.000000,0.1875,0.8125
1147,6,262.6747,555.7289,460.3706,72.0784,1.000000,0,1
1148,1,215.8252,585.8390,43.6364,20.9401,1.000000,0,1
1148,2,826.9321,534.5348,364.0275,88.8884,1.000000,0,1
1148,3,257.9275,586.3643,45.2925,18.1135,1.000000,0.375,0.625
1148,4,434.2500,582.7988,168.9467,22.4411,1.000000,1,0
1148,5,765.4139,582.8691,118.5687,16.9424,1.000000,0.3125,0.6875
1148,6,262.0780,555.7212,460.2565,72.0586,1.000000,0,1
1149,1,215.3688,585.8993,43.6407,20.9400,1.000000,0,1
1149,2,827.2784,534.5035,364.1503,88.8997,1.000000,0,1
1149,3,257.4731,586.4039,45.2958,18.1127,1.000000,0.1875,0.8125
1149,4,434.7586,582.8096,168.9549,22.4443,1.000000,1,0
1149,5,766.0748,582.8204,118.6297,16.9436,1.000000,0.1875,0.8125
1149,6,261.4817,555.7107,460.1425,72.0386,1.000000,0,1
1150,1,214.9151,585.9595,43.6447,20.9397,1.000000,0,1
1150,2,827.6258,534.4731,364.2747,88.9115,1.000000,0,1
1150,3,257.0220,586.4388,45.2986,18.1116,1.000000,0.3125,0.6875
1150,4,435.2672,582.8186,168.9635,22.4476,1.000000,1,0
1150,5,766.7349,582.7686,118.6911,16.9461,1.000000,0.5,0.5
1150,6,260.8866,555.6977,460.0276,72.0186,1.000000,0,1
1151,1,214.4626,586.0195,43.6486,20.9393,1.000000,0,1
1151,2,827.9742,534.4435,364.3994,88.9233,1.000000,0,1
1151,3,256.5729,586.4702,45.3011,18.1102,1.000000,0.4375,0.5625
1151,4,435.7751,582.8275,168.9725,22.4510,1.000000,1,0
1151,5,767.3947,582.7137,118.7528,16.9486,1.000000,0.1875,0.8125
1151,6,260.2921,555.6821,459.9124,71.9984,1.000000,0,1
1152,1,214.0114,586.0785,43.6523,20.9388,1.000000,0,1
1152,2,828.3234,534.4153,364.5248,88.9352,1.000000,0,1
1152,3,256.1252,586.4977,45.3033,18.1086,1.000000,0.5625,0.4375
1152,4,436.2823,582.8356,168.9822,22.4544,1.000000,1,0
1152,5,768.0537,582.6569,118.8149,16.9511,1.000000,0.25,0.75
1152,6,259.6985,555.6643,459.7968,71.9780,1.000000,0,1
1153,1,213.5611,586.1357,43.6559,20.9383,1.000000,0,1
1153,2,828.6734,534.3884,364.6513,88.9475,1.000000,0,1
1153,3,255.6787,586.5209,45.3053,18.1069,1.000000,0.25,0.75
1153,4,436.7886,582.8416,168.9925,22.4578,1.000000,1,0
1153,5,768.7117,582.5994,118.8771,16.9536,1.000000,0.4375,0.5625
1153,6,259.1051,555.6438,459.6820,71.9576,1.000000,0,1
1154,1,213.1113,586.1909,43.6595,20.9376,1.000000,0,1
1154,2,829.0242,534.3631,364.7780,88.9598,1.000000,0,1
1154,3,255.2326,586.5408,45.3074,18.1049,1.000000,0.5625,0.4375
1154,4,437.2946,582.8456,169.0035,22.4614,1.000000,1,0
1154,5,769.3691,582.5389,118.9399,16.9562,1.000000,0.5,0.5
1154,6,258.5118,555.6205,459.5680,71.9372,1.000000,0,1
1155,1,212.6625,586.2424,43.6627,20.9367,1.000000,0,1
1155,2,829.3757,534.3397,364.9046,88.9721,1.000000,0,1
1155,3,254.7873,586.5570,45.3090,18.1027,1.000000,0.5,0.5
1155,4,437.8003,582.8474,169.0149,22.4652,1.000000,1,0
1155,5,770.0262,582.4769,119.0031,16.9589,1.000000,0.3125,0.6875
1155,6,257.9191,555.5945,459.4540,71.9168,1.000000,0,1
1156,1,212.2148,586.2885,43.6658,20.9356,1.000000,0,1
1156,2,829.7279,534.3183,365.0317,88.9847,1.000000,0,1
1156,3,254.3427,586.5693,45.3107,18.1004,1.000000,0.5,0.5
1156,4,438.3054,582.8470,169.0269,22.4688,1.000000,1,0
1156,5,770.6833,582.4150,119.0666,16.9615,1.000000,0.4375,0.5625
1156,6,257.3266,555.5663,459.3405,71.8964,1.000000,0,1
1157,1,211.7678,586.3307,43.6689,20.9342,1.000000,0,1
1157,2,830.0803,534.2992,365.1583,88.9972,1.000000,0,1
1157,3,253.8987,586.5789,45.3122,18.0979,1.000000,0.375,0.625
1157,4,438.8103,582.8456,169.0393,22.4723,1.000000,1,0
1157,5,771.3406,582.3521,119.1304,16.9642,1.000000,0.5,0.5
1157,6,256.7340,555.5351,459.2284,71.8760,1.000000,0,1
1158,1,211.3216,586.3690,43.6717,20.9327,1.000000,0,1
1158,2,830.4330,534.2823,365.2846,89.0098,1.000000,0,1
1158,3,253.4554,586.5854,45.3135,18.0952,1.000000,0.4375,0.5625
1158,4,439.3148,582.8430,169.0522,22.4761,1.000000,1,0
1158,5,771.9980,582.2898,119.1945,16.9670,1.000000,0.4375,0.5625
1158,6,256.1411,555.5009,459.1172,71.8559,1.000000,0,1
1159,1,210.8768,586.4028,43.6745,20.9309,1.000000,0,1
1159,2,830.7864,534.2682,365.4104,89.0223,1.000000,0,1
1159,3,253.0134,586.5888,45.3147,18.0925,1.000000,0.625,0.375
1159,4,439.8187,582.8392,169.0656,22.4799,1.000000,1,0
1159,5,772.6556,582.2296,119.2589,16.9698,1.000000,0.3125,0.6875
1159,6,255.5474,555.4641,459.0074,71.8357,1.000000,0,1
1160,1,210.4334,586.4336,43.6770,20.9289,1.000000,0,1
1160,2,831.1398,534.2565,365.5352,89.0346,1.000000,0,1
1160,3,252.5727,586.5892,45.3158,18.0895,1.000000,0.3125,0.6875
1160,4,440.3222,582.8349,169.0793,22.4837,1.000000,1,0
1160,5,773.3137,582.1709,119.3235,16.9727,1.000000,0.375,0.625
1160,6,254.9526,555.4234,458.8994,71.8158,1.000000,0,1
1161,1,209.9911,586.4613,43.6795,20.9269,1.000000,0,1
1161,2,831.4937,534.2472,365.6594,89.0468,1.000000,0,1
1161,3,252.1332,586.5870,45.3168,18.0864,1.000000,0.3125,0.6875
1161,4,440.8253,582.8305,169.0935,22.4876,1.000000,1,0
1161,5,773.9720,582.1144,119.3882,16.9756,1.000000,0.25,0.75
1161,6,254.3564,555.3794,458.7930,71.7960,1.000000,0,1
1162,1,209.5497,586.4853,43.6820,20.9247,1.000000,0,1
1162,2,831.8475,534.2405,365.7825,89.0589,1.000000,0,1
1162,3,251.6944,586.5826,45.3179,18.0833,1.000000,0.125,0.875
1162,4,441.3275,582.8262,169.1082,22.4916,1.000000,1,0
1162,5,774.6304,582.0613,119.4531,16.9785,1.000000,0.3125,0.6875
1162,6,253.7582,555.3327,458.6884,71.7765,1.000000,0,1
1163,1,209.1088,586.5062,43.6843,20.9223,1.000000,0,1
1163,2,832.2018,534.2362,365.9044,89.0708,1.000000,0,1
1163,3,251.2560,586.5752,45.3188,18.0800,1.000000,0.375,0.625
1163,4,441.8295,582.8227,169.1232,22.4957,1.000000,1,0
1163,5,775.2894,582.0106,119.5178,16.9814,1.000000,0.25,0.75
1163,6,253.1582,555.2815,458.5862,71.7572,1.000000,0,1
1164,1,208.6684,586.5242,43.6868,20.9199,1.000000,0,1
1164,2,832.5562,534.2340,366.0251,89.0826,1.000000,0,1
1164,3,250.8177,586.5656,45.3197,18.0767,1.000000,0.4375,0.5625
1164,4,442.3310,582.8203,169.1385,22.4997,1.000000,1,0
1164,5,775.9489,581.9629,119.5825,16.9843,1.000000,0.375,0.625
1164,6,252.5568,555.2270,458.4859,71.7381,1.000000,0,1
1165,1,208.2285,586.5394,43.6890,20.9174,1.000000,0,1
1165,2,832.9109,534.2340,366.1448,89.0941,1.000000,0,1
1165,3,250.3797,586.5541,45.3207,18.0733,1.000000,0.5,0.5
1165,4,442.8320,582.8191,169.1541,22.5039,1.000000,1,0
1165,5,776.6086,581.9184,119.6472,16.9873,1.000000,0.4375,0.5625
1165,6,251.9533,555.1698,458.3880,71.7193,1.000000,0,1
1166,1,207.7887,586.5518,43.6913,20.9147,1.000000,0,1
1166,2,833.2659,534.2354,366.2627,89.1054,1.000000,0,1
1166,3,249.9417,586.5402,45.3217,18.0698,1.000000,0.5625,0.4375
1166,4,443.3328,582.8197,169.1698,22.5081,1.000000,1,0
1166,5,777.2692,581.8762,119.7117,16.9902,1.000000,0.3125,0.6875
1166,6,251.3479,555.1077,458.2927,71.7007,1.000000,0,1
1167,1,207.3494,586.5615,43.6936,20.9118,1.000000,0,1
1167,2,833.6209,534.2384,366.3793,89.1162,1.000000,0,1
1167,3,249.5036,586.5244,45.3227,18.0663,1.000000,0.375,0.625
1167,4,443.8333,582.8218,169.1857,22.5123,1.000000,1,0
1167,5,777.9305,581.8362,119.7764,16.9932,1.000000,0.375,0.625
1167,6,250.7409,555.0416,458.1996,71.6825,1.000000,0,1
1168,1,206.9107,586.5685,43.6957,20.9090,1.000000,0,1
1168,2,833.9764,534.2429,366.4950,89.1269,1.000000,0,1
1168,3,249.0656,586.5071,45.3237,18.0627,1.000000,0.625,0.375
1168,4,444.3335,582.8256,169.2018,22.5165,1.000000,1,0
1168,5,778.5929,581.7987,119.8409,16.9962,1.000000,0.5,0.5
1168,6,250.1318,554.9723,458.1095,71.6647,1.000000,0,1
1169,1,206.4725,586.5726,43.6980,20.9060,1.000000,0,1
1169,2,834.3317,534.2491,366.6088,89.1373,1.000000,0,1
1169,3,248.6279,586.4877,45.3248,18.0590,1.000000,0.5625,0.4375
1169,4,444.8339,582.8314,169.2179,22.5208,1.000000,1,0
1169,5,779.2567,581.7633,119.9055,16.9992,1.000000,0.5,0.5
1169,6,249.5219,554.8981,458.0214,71.6469,1.000000,0,1
1170,1,206.0349,586.5742,43.7002,20.9029,1.000000,0,1
1170,2,834.6865,534.2567,366.7208,89.1473,1.000000,0,1
1170,3,248.1902,586.4669,45.3257,18.0553,1.000000,0.25,0.75
1170,4,445.3341,582.8389,169.2341,22.5252,1.000000,1,0
1170,5,779.9215,581.7303,119.9700,17.0022,1.000000,0.4375,0.5625
1170,6,248.9109,554.8201,457.9351,71.6294,1.000000,0,1
1171,1,205.5982,586.5728,43.7022,20.8997,1.000000,0,1
1171,2,835.0408,534.2649,366.8315,89.1570,1.000000,0,1
1171,3,247.7530,586.4448,45.3268,18.0517,1.000000,0.6875,0.3125
1171,4,445.8340,582.8481,169.2504,22.5298,1.000000,1,0
1171,5,780.5868,581.7000,120.0345,17.0051,1.000000,0.375,0.625
1171,6,248.2973,554.7391,457.8522,71.6123,1.000000,0,1
1172,1,205.1624,586.5678,43.7042,20.8963,1.000000,0,1
1172,2,835.3950,534.2731,366.9404,89.1664,1.000000,0,1
1172,3,247.3160,586.4207,45.3279,18.0479,1.000000,0.5625,0.4375
1172,4,446.3341,582.8585,169.2666,22.5350,1.000000,1,0
1172,5,781.2524,581.6714,120.0991,17.0082,1.000000,0.375,0.625
1172,6,247.6823,554.6529,457.7718,71.5955,1.000000,0,1
1173,1,204.7278,586.5598,43.7061,20.8928,1.000000,0,1
1173,2,835.7490,534.2814,367.0482,89.1754,1.000000,0,1
1173,3,246.8796,586.3951,45.3290,18.0440,1.000000,0.5625,0.4375
1173,4,446.8341,582.8704,169.2829,22.5405,1.000000,1,0
1173,5,781.9183,581.6447,120.1634,17.0111,1.000000,0.4375,0.5625
1173,6,247.0652,554.5628,457.6942,71.5790,1.000000,0,1
1174,1,204.2940,586.5488,43.7080,20.8892,1.000000,0,1
1174,2,836.1027,534.2900,367.1543,89.1841,1.000000,0,1
1174,3,246.4438,586.3688,45.3300,18.0402,1.000000,0.5625,0.4375
1174,4,447.3340,582.8832,169.2990,22.5460,1.000000,1,0
1174,5,782.5839,581.6200,120.2278,17.0141,1.000000,0.4375,0.5625
1174,6,246.4457,554.4698,457.6193,71.5629,1.000000,0,1
1175,1,203.8611,586.5340,43.7100,20.8854,1.000000,0,1
1175,2,836.4564,534.2977,367.2591,89.1924,1.000000,0,1
1175,3,246.0086,586.3406,45.3310,18.0363,1.000000,0.5625,0.4375
1175,4,447.8339,582.8971,169.3149,22.5517,1.000000,1,0
1175,5,783.2494,581.5963,120.2919,17.0171,1.000000,0.5,0.5
1175,6,245.8249,554.3724,457.5469,71.5471,1.000000,0,1
1176,1,203.4289,586.5157,43.7119,20.8816,1.000000,0,1
1176,2,836.8100,534.3046,367.3624,89.2003,1.000000,0,1
1176,3,245.5738,586.3110,45.3322,18.0323,1.000000,0.1875,0.8125
1176,4,448.3335,582.9117,169.3309,22.5574,1.000000,1,0
1176,5,783.9147,581.5737,120.3560,17.0201,1.000000,0.375,0.625
1176,6,245.2020,554.2723,457.4769,71.5316,1.000000,0,1
1177,1,202.9976,586.4941,43.7136,20.8776,1.000000,0,1
1177,2,837.1633,534.3112,367.4642,89.2078,1.000000,0,1
1177,3,245.1394,586.2803,45.3333,18.0283,1.000000,0.5,0.5
1177,4,448.8330,582.9271,169.3467,22.5632,1.000000,1,0
1177,5,784.5795,581.5527,120.4202,17.0231,1.000000,0.375,0.625
1177,6,244.5761,554.1714,457.4100,71.5166,1.000000,0,1
1178,1,202.5670,586.4676,43.7154,20.8733,1.000000,0,1
1178,2,837.5172,534.3160,367.5650,89.2150,1.000000,0,1
1178,3,244.7055,586.2472,45.3346,18.0243,1.000000,0.6875,0.3125
1178,4,449.3321,582.9431,169.3626,22.5690,1.000000,1,0
1178,5,785.2440,581.5322,120.4839,17.0261,1.000000,0.3125,0.6875
1178,6,243.9461,554.0672,457.3453,71.5018,1.000000,0,1
1179,1,202.1371,586.4371,43.7172,20.8691,1.000000,0,1
1179,2,837.8712,534.3194,367.6646,89.2218,1.000000,0,1
1179,3,244.2717,586.2126,45.3358,18.0203,1.000000,0.625,0.375
1179,4,449.8312,582.9597,169.3784,22.5749,1.000000,1,0
1179,5,785.9080,581.5125,120.5477,17.0291,1.000000,0.25,0.75
1179,6,243.3120,553.9613,457.2830,71.4875,1.000000,0,1
1180,1,201.7075,586.4035,43.7191,20.8647,1.000000,0,1
1180,2,838.2251,534.3217,367.7627,89.2282,1.000000,0,1
1180,3,243.8378,586.1774,45.3373,18.0162,1.000000,0.5625,0.4375
1180,4,450.3300,582.9763,169.3940,22.5807,1.000000,1,0
1180,5,786.5717,581.4938,120.6113,17.0320,1.000000,0.4375,0.5625
1180,6,242.6739,553.8552,457.2235,71.4735,1.000000,0,1
1181,1,201.2788,586.3647,43.7209,20.8602,1.000000,0,1
1181,2,838.5796,534.3218,367.8597,89.2342,1.000000,0,1
1181,3,243.4046,586.1394,45.3386,18.0121,1.000000,0.75,0.25
1181,4,450.8287,582.9935,169.4095,22.5867,1.000000,1,0
1181,5,787.2352,581.4752,120.6749,17.0349,1.000000,0.4375,0.5625
1181,6,242.0329,553.7480,457.1666,71.4600,1.000000,0,1
1182,1,200.8500,586.3221,43.7228,20.8555,1.000000,0,1
1182,2,838.9342,534.3198,367.9557,89.2399,1.000000,0,1
1182,3,242.9713,586.0994,45.3400,18.0080,1.000000,0.625,0.375
1182,4,451.3273,583.0110,169.4249,22.5926,1.000000,1,0
1182,5,787.8993,581.4568,120.7382,17.0379,1.000000,0.1875,0.8125
1182,6,241.3893,553.6410,457.1122,71.4470,1.000000,0,1
1183,1,200.4207,586.2768,43.7249,20.8508,1.000000,0,1
1183,2,839.2886,534.3160,368.0497,89.2450,1.000000,0,1
1183,3,242.5373,586.0584,45.3418,18.0039,1.000000,0.75,0.25
1183,4,451.8259,583.0289,169.4402,22.5986,1.000000,1,0
1183,5,788.5637,581.4395,120.8016,17.0408,1.000000,0.25,0.75
1183,6,240.7422,553.5347,457.0610,71.4345,1.000000,0,1
1184,1,199.9918,586.2266,43.7269,20.8459,1.000000,0,1
1184,2,839.6436,534.3095,368.1426,89.2496,1.000000,0,1
1184,3,242.1033,586.0142,45.3435,17.9997,1.000000,0.9375,0.0625
1184,4,452.3251,583.0469,169.4553,22.6045,1.000000,1,0
1184,5,789.2282,581.4231,120.8648,17.0438,1.000000,0.5,0.5
1184,6,240.0930,553.4278,457.0123,71.4224,1.000000,0,1
1185,1,199.5626,586.1733,43.7290,20.8410,1.000000,0,1
1185,2,839.9985,534.3008,368.2336,89.2537,1.000000,0,1
1185,3,241.6691,585.9683,45.3453,17.9955,1.000000,0.625,0.375
1185,4,452.8248,583.0653,169.4701,22.6104,1.000000,1,0
1185,5,789.8923,581.4082,120.9279,17.0466,1.000000,0.375,0.625
1185,6,239.4412,553.3210,456.9661,71.4107,1.000000,0,1
1186,1,199.1321,586.1182,43.7314,20.8361,1.000000,0,1
1186,2,840.3534,534.2897,368.3229,89.2572,1.000000,0,1
1186,3,241.2342,585.9219,45.3474,17.9913,1.000000,0.5,0.5
1186,4,453.3249,583.0845,169.4845,22.6164,1.000000,1,0
1186,5,790.5560,581.3948,120.9907,17.0495,1.000000,0.3125,0.6875
1186,6,238.7862,553.2155,456.9229,71.3997,1.000000,0,1
1187,1,198.7015,586.0589,43.7337,20.8311,1.000000,0,1
1187,2,840.7087,534.2749,368.4106,89.2603,1.000000,0,1
1187,3,240.7991,585.8726,45.3494,17.9871,1.000000,0.75,0.25
1187,4,453.8255,583.1046,169.4987,22.6224,1.000000,1,0
1187,5,791.2191,581.3825,121.0533,17.0524,1.000000,0.375,0.625
1187,6,238.1286,553.1093,456.8818,71.3890,1.000000,0,1
1188,1,198.2697,585.9973,43.7363,20.8260,1.000000,0,1
1188,2,841.0639,534.2573,368.4970,89.2628,1.000000,0,1
1188,3,240.3631,585.8218,45.3518,17.9829,1.000000,0.625,0.375
1188,4,454.3268,583.1254,169.5124,22.6285,1.000000,1,0
1188,5,791.8815,581.3713,121.1160,17.0552,1.000000,0.5,0.5
1188,6,237.4681,553.0035,456.8432,71.3787,1.000000,0,1
1189,1,197.8363,585.9348,43.7390,20.8210,1.000000,0,1
1189,2,841.4189,534.2367,368.5817,89.2648,1.000000,0,1
1189,3,239.9256,585.7709,45.3544,17.9789,1.000000,0.6875,0.3125
1189,4,454.8289,583.1465,169.5255,22.6345,1.000000,1,0
1189,5,792.5433,581.3611,121.1783,17.0581,1.000000,0.5,0.5
1189,6,236.8044,552.8989,456.8071,71.3689,1.000000,0,1
1190,1,197.4016,585.8683,43.7419,20.8160,1.000000,0,1
1190,2,841.7742,534.2122,368.6650,89.2663,1.000000,0,1
1190,3,239.4873,585.7177,45.3569,17.9747,1.000000,0.75,0.25
1190,4,455.3318,583.1683,169.5381,22.6405,1.000000,1,0
1190,5,793.2044,581.3513,121.2404,17.0609,1.000000,0.4375,0.5625
1190,6,236.1385,552.7928,456.7724,71.3594,1.000000,0,1
1191,1,196.9655,585.8002,43.7449,20.8109,1.000000,0,1
1191,2,842.1290,534.1843,368.7469,89.2674,1.000000,0,1
1191,3,239.0479,585.6638,45.3597,17.9705,1.000000,0.875,0.125
1191,4,455.8355,583.1906,169.5503,22.6465,1.000000,1,0
1191,5,793.8650,581.3419,121.3023,17.0637,1.000000,0.5,0.5
1191,6,235.4702,552.6862,456.7393,71.3500,1.000000,0,1
1192,1,196.5273,585.7324,43.7482,20.8060,1.000000,0,1
1192,2,842.4834,534.1532,368.8275,89.2679,1.000000,0,1
1192,3,238.6071,585.6107,45.3627,17.9665,1.000000,0.625,0.375
1192,4,456.3400,583.2126,169.5619,22.6524,1.000000,1,0
1192,5,794.5249,581.3330,121.3641,17.0665,1.000000,0.375,0.625
1192,6,234.8001,552.5803,456.7073,71.3407,1.000000,0,1
1193,1,196.0872,585.6613,43.7516,20.8010,1.000000,0,1
1193,2,842.8374,534.1178,368.9070,89.2680,1.000000,0,1
1193,3,238.1648,585.5558,45.3657,17.9624,1.000000,0.8125,0.1875
1193,4,456.8456,583.2343,169.5728,22.6581,1.000000,1,0
1193,5,795.1843,581.3242,121.4257,17.0693,1.000000,0.6875,0.3125
1193,6,234.1288,552.4728,456.6753,71.3316,1.000000,0,1
1194,1,195.6456,585.5896,43.7552,20.7960,1.000000,0,1
1194,2,843.1904,534.0792,368.9854,89.2677,1.000000,0,1
1194,3,237.7218,585.5007,45.3687,17.9583,1.000000,0.75,0.25
1194,4,457.3519,583.2555,169.5833,22.6638,1.000000,1,0
1194,5,795.8432,581.3157,121.4871,17.0721,1.000000,0.1875,0.8125
1194,6,233.4561,552.3649,456.6440,71.3225,1.000000,0,1
1195,1,195.2024,585.5201,43.7591,20.7913,1.000000,0,1
1195,2,843.5417,534.0377,369.0624,89.2671,1.000000,0,1
1195,3,237.2780,585.4466,45.3719,17.9543,1.000000,0.625,0.375
1195,4,457.8589,583.2758,169.5933,22.6693,1.000000,1,0
1195,5,796.5018,581.3081,121.5485,17.0748,1.000000,0.5,0.5
1195,6,232.7819,552.2574,456.6132,71.3135,1.000000,0,1
1196,1,194.7577,585.4492,43.7630,20.7865,1.000000,0,1
1196,2,843.8909,533.9921,369.1387,89.2662,1.000000,0,1
1196,3,236.8330,585.3909,45.3750,17.9502,1.000000,0.8125,0.1875
1196,4,458.3669,583.2950,169.6026,22.6746,1.000000,1,0
1196,5,797.1601,581.3002,121.6097,17.0775,1.000000,0.375,0.625
1196,6,232.1066,552.1487,456.5822,71.3044,1.000000,0,1
1197,1,194.3116,585.3792,43.7671,20.7818,1.000000,0,1
1197,2,844.2383,533.9434,369.2142,89.2650,1.000000,0,1
1197,3,236.3871,585.3351,45.3783,17.9462,1.000000,0.875,0.125
1197,4,458.8756,583.3129,169.6115,22.6797,1.000000,1,0
1197,5,797.8185,581.2925,121.6706,17.0802,1.000000,0.375,0.625
1197,6,231.4310,552.0396,456.5508,71.2953,1.000000,0,1
1198,1,193.8636,585.3116,43.7713,20.7773,1.000000,0,1
1198,2,844.5842,533.8914,369.2893,89.2637,1.000000,0,1
1198,3,235.9396,585.2811,45.3818,17.9422,1.000000,0.5625,0.4375
1198,4,459.3849,583.3287,169.6198,22.6845,1.000000,1,0
1198,5,798.4767,581.2859,121.7314,17.0829,1.000000,0.3125,0.6875
1198,6,230.7549,551.9310,456.5194,71.2862,1.000000,0,1
1199,1,193.4143,585.2438,43.7757,20.7728,1.000000,0,1
1199,2,844.9297,533.8336,369.3652,89.2623,1.000000,0,1
1199,3,235.4910,585.2254,45.3853,17.9383,1.000000,0.625,0.375
1199,4,459.8946,583.3427,169.6277,22.6891,1.000000,1,0
1199,5,799.1342,581.2802,121.7919,17.0855,1.000000,0.5,0.5
1199,6,230.0792,551.8209,456.4867,71.2768,1.000000,0,1
1200,1,192.9639,585.1776,43.7803,20.7684,1.000000,0,1
1200,2,845.2750,533.7714,369.4413,89.2608,1.000000,0,1
1200,3,235.0413,585.1702,45.3890,17.9344,1.000000,0.75,0.25
1200,4,460.4044,583.3548,169.6352,22.6934,1.000000,1,0
1200,5,799.7909,581.2757,121.8521,17.0881,1.000000,0.5,0.5
1200,6,229.4040,551.7107,456.4535,71.2672,1.000000,0,1
1201,1,192.5121,585.1146,43.7849,20.7642,1.000000,0,1
1201,2,845.6202,533.7056,369.5182,89.2593,1.000000,0,1
1201,3,234.5905,585.1171,45.3927,17.9306,1.000000,0.6875,0.3125
1201,4,460.9146,583.3644,169.6422,22.6974,1.000000,1,0
1201,5,800.4471,581.2725,121.9122,17.0908,1.000000,0.375,0.625
1201,6,228.7292,551.6016,456.4191,71.2576,1.000000,0,1
1202,1,192.0589,585.0518,43.7898,20.7601,1.000000,0,1
1202,2,845.9659,533.6349,369.5969,89.2580,1.000000,0,1
1202,3,234.1381,585.0626,45.3966,17.9268,1.000000,0.625,0.375
1202,4,461.4247,583.3710,169.6490,22.7010,1.000000,1,0
1202,5,801.1032,581.2703,121.9719,17.0934,1.000000,0.375,0.625
1202,6,228.0550,551.4916,456.3836,71.2477,1.000000,0,1
1203,1,191.6045,584.9908,43.7947,20.7559,1.000000,0,1
1203,2,846.3119,533.5610,369.6766,89.2567,1.000000,0,1
1203,3,233.6846,585.0086,45.4005,17.9230,1.000000,0.8125,0.1875
1203,4,461.9348,583.3748,169.6554,22.7043,1.000000,1,0
1203,5,801.7590,581.2691,122.0317,17.0960,1.000000,0.375,0.625
1203,6,227.3819,551.3821,456.3464,71.2376,1.000000,0,1
1204,1,191.1487,584.9327,43.7996,20.7521,1.000000,0,1
1204,2,846.6577,533.4849,369.7574,89.2557,1.000000,0,1
1204,3,233.2294,584.9567,45.4048,17.9194,1.000000,0.8125,0.1875
1204,4,462.4450,583.3760,169.6617,22.7073,1.000000,1,0
1204,5,802.4152,581.2689,122.0913,17.0985,1.000000,0.5,0.5
1204,6,226.7097,551.2750,456.3079,71.2273,1.000000,0,1
1205,1,190.6918,584.8755,43.8048,20.7482,1.000000,0,1
1205,2,847.0039,533.4054,369.8398,89.2548,1.000000,0,1
1205,3,232.7729,584.9037,45.4090,17.9159,1.000000,0.5,0.5
1205,4,462.9550,583.3743,169.6678,22.7100,1.000000,1,0
1205,5,803.0718,581.2696,122.1508,17.1011,1.000000,0.625,0.375
1205,6,226.0381,551.1677,456.2677,71.2167,1.000000,0,1
1206,1,190.2341,584.8201,43.8099,20.7445,1.000000,0,1
1206,2,847.3502,533.3237,369.9229,89.2540,1.000000,0,1
1206,3,232.3151,584.8518,45.4135,17.9123,1.000000,0.8125,0.1875
1206,4,463.4647,583.3702,169.6740,22.7125,1.000000,1,0
1206,5,803.7290,581.2712,122.2104,17.1037,1.000000,0.5,0.5
1206,6,225.3675,551.0615,456.2259,71.2059,1.000000,0,1
1207,1,189.7751,584.7675,43.8152,20.7408,1.000000,0,1
1207,2,847.6965,533.2412,370.0069,89.2534,1.000000,0,1
1207,3,231.8556,584.8024,45.4181,17.9090,1.000000,0.8125,0.1875
1207,4,463.9745,583.3638,169.6801,22.7147,1.000000,1,0
1207,5,804.3871,581.2734,122.2700,17.1063,1.000000,0.3125,0.6875
1207,6,224.6974,550.9581,456.1832,71.1950,1.000000,0,1
1208,1,189.3162,584.7150,43.8204,20.7373,1.000000,0,1
1208,2,848.0429,533.1567,370.0922,89.2530,1.000000,0,1
1208,3,231.3951,584.7526,45.4228,17.9056,1.000000,0.75,0.25
1208,4,464.4840,583.3551,169.6862,22.7167,1.000000,1,0
1208,5,805.0461,581.2760,122.3297,17.1088,1.000000,0.5625,0.4375
1208,6,224.0295,550.8549,456.1371,71.1835,1.000000,0,1
1209,1,188.8569,584.6642,43.8257,20.7336,1.000000,0,1
1209,2,848.3892,533.0714,370.1783,89.2528,1.000000,0,1
1209,3,230.9340,584.7039,45.4276,17.9023,1.000000,0.9375,0.0625
1209,4,464.9934,583.3447,169.6923,22.7185,1.000000,1,0
1209,5,805.7059,581.2784,122.3896,17.1114,1.000000,0.875,0.125
1209,6,223.3630,550.7533,456.0890,71.1718,1.000000,0,1
1210,1,188.3970,584.6158,43.8312,20.7302,1.000000,0,1
1210,2,848.7350,532.9865,370.2652,89.2527,1.000000,0,1
1210,3,230.4718,584.6580,45.4326,17.8992,1.000000,0.75,0.25
1210,4,465.5028,583.3328,169.6986,22.7201,1.000000,1,0
1210,5,806.3666,581.2805,122.4496,17.1140,1.000000,0.6875,0.3125
1210,6,222.6970,550.6555,456.0405,71.1601,1.000000,0,1
1211,1,187.9372,584.5677,43.8364,20.7268,1.000000,0,1
1211,2,849.0809,532.9010,370.3525,89.2527,1.000000,0,1
1211,3,230.0089,584.6118,45.4376,17.8961,1.000000,0.9375,0.0625
1211,4,466.0121,583.3192,169.7051,22.7217,1.000000,1,0
1211,5,807.0271,581.2831,122.5095,17.1166,1.000000,0.5625,0.4375
1211,6,222.0335,550.5584,455.9886,71.1479,1.000000,0,1
1212,1,187.4771,584.5211,43.8419,20.7234,1.000000,0,1
1212,2,849.4263,532.8159,370.4401,89.2529,1.000000,0,1
1212,3,229.5457,584.5667,45.4426,17.8930,1.000000,0.75,0.25
1212,4,466.5214,583.3043,169.7117,22.7231,1.000000,1,0
1212,5,807.6873,581.2852,122.5696,17.1192,1.000000,0.375,0.625
1212,6,221.3722,550.4633,455.9344,71.1353,1.000000,0,1
1213,1,187.0167,584.4769,43.8473,20.7202,1.000000,0,1
1213,2,849.7711,532.7322,370.5281,89.2532,1.000000,0,1
1213,3,229.0818,584.5245,45.4477,17.8901,1.000000,0.9375,0.0625
1213,4,467.0308,583.2884,169.7185,22.7244,1.000000,1,0
1213,5,808.3475,581.2852,122.6298,17.1218,1.000000,0.5625,0.4375
1213,6,220.7129,550.3713,455.8783,71.1226,1.000000,0,1
1214,1,186.5561,584.4332,43.8528,20.7170,1.000000,0,1
1214,2,850.1156,532.6492,370.6168,89.2538,1.000000,0,1
1214,3,228.6173,584.4823,45.4528,17.8871,1.000000,0.8125,0.1875
1214,4,467.5406,583.2714,169.7255,22.7256,1.000000,1,0
1214,5,809.0082,581.2821,122.6901,17.1245,1.000000,0.375,0.625
1214,6,220.0556,550.2803,455.8199,71.1094,1.000000,0,1
1215,1,186.0953,584.3909,43.8584,20.7139,1.000000,0,1
1215,2,850.4598,532.5673,370.7061,89.2545,1.000000,0,1
1215,3,228.1523,584.4414,45.4580,17.8843,1.000000,1,0
1215,4,468.0509,583.2533,169.7326,22.7268,1.000000,1,0
1215,5,809.6691,581.2764,122.7508,17.1270,1.000000,0.3125,0.6875
1215,6,219.4006,550.1912,455.7592,71.0960,1.000000,0,1
1216,1,185.6344,584.3508,43.8639,20.7108,1.000000,0,1
1216,2,850.8036,532.4874,370.7954,89.2554,1.000000,0,1
1216,3,227.6872,584.4030,45.4633,17.8815,1.000000,0.8125,0.1875
1216,4,468.5616,583.2347,169.7399,22.7279,1.000000,1,0
1216,5,810.3303,581.2679,122.8115,17.1296,1.000000,0.375,0.625
1216,6,218.7476,550.1050,455.6973,71.0824,1.000000,0,1
1217,1,185.1738,584.3110,43.8695,20.7078,1.000000,0,1
1217,2,851.1469,532.4088,370.8850,89.2565,1.000000,0,1
1217,3,227.2218,584.3649,45.4685,17.8787,1.000000,0.8125,0.1875
1217,4,469.0729,583.2151,169.7474,22.7290,1.000000,1,0
1217,5,810.9918,581.2567,122.8724,17.1322,1.000000,0.4375,0.5625
1217,6,218.0988,550.0190,455.6326,71.0684,1.000000,0,1
1218,1,184.7133,584.2725,43.8750,20.7048,1.000000,0,1
1218,2,851.4896,532.3321,370.9750,89.2577,1.000000,0,1
1218,3,226.7564,584.3281,45.4736,17.8760,1.000000,0.8125,0.1875
1218,4,469.5847,583.1947,169.7550,22.7300,1.000000,1,0
1218,5,811.6534,581.2430,122.9333,17.1348,1.000000,0.5625,0.4375
1218,6,217.4543,549.9344,455.5658,71.0541,1.000000,0,1
1219,1,184.2525,584.2363,43.8806,20.7019,1.000000,0,1
1219,2,851.8317,532.2579,371.0654,89.2592,1.000000,0,1
1219,3,226.2907,584.2939,45.4788,17.8734,1.000000,0.75,0.25
1219,4,470.0970,583.1733,169.7628,22.7309,1.000000,1,0
1219,5,812.3150,581.2272,122.9945,17.1374,1.000000,0.625,0.375
1219,6,216.8140,549.8524,455.4976,71.0395,1.000000,0,1
1220,1,183.7916,584.2001,43.8864,20.6991,1.000000,0,1
1220,2,852.1737,532.1853,371.1570,89.2610,1.000000,0,1
1220,3,225.8244,584.2601,45.4840,17.8708,1.000000,0.8125,0.1875
1220,4,470.6100,583.1507,169.7748,22.7318,1.000000,1,0
1220,5,812.9768,581.2095,123.0558,17.1400,1.000000,0.625,0.375
1220,6,216.1787,549.7711,455.4262,71.0246,1.000000,0,1
1221,1,183.3308,584.1647,43.8921,20.6963,1.000000,0,1
1221,2,852.5154,532.1146,371.2491,89.2631,1.000000,0,1
1221,3,225.3578,584.2278,45.4893,17.8682,1.000000,0.9375,0.0625
1221,4,471.1237,583.1268,169.7886,22.7324,1.000000,1,0
1221,5,813.6388,581.1904,123.1171,17.1425,1.000000,0.5625,0.4375
1221,6,215.5467,549.6909,455.3529,71.0093,1.000000,0,1
1222,1,182.8703,584.1306,43.8978,20.6935,1.000000,0,1
1222,2,852.8568,532.0467,371.3422,89.2656,1.000000,0,1
1222,3,224.8911,584.1978,45.4947,17.8658,1.000000,0.9375,0.0625
1222,4,471.6380,583.1014,169.8023,22.7330,1.000000,1,0
1222,5,814.3007,581.1707,123.1785,17.1451,1.000000,0.5,0.5
1222,6,214.9181,549.6130,455.2773,70.9936,1.000000,0,1
1223,1,182.4100,584.0961,43.9036,20.6908,1.000000,0,1
1223,2,853.1978,531.9809,371.4365,89.2684,1.000000,0,1
1223,3,224.4243,584.1680,45.5001,17.8634,1.000000,0.9375,0.0625
1223,4,472.1532,583.0742,169.8161,22.7333,1.000000,1,0
1223,5,814.9626,581.1500,123.2397,17.1476,1.000000,0.5625,0.4375
1223,6,214.2933,549.5352,455.1988,70.9775,1.000000,0,1
1224,1,181.9493,584.0619,43.9093,20.6880,1.000000,0,1
1224,2,853.5387,531.9171,371.5320,89.2717,1.000000,0,1
1224,3,223.9570,584.1393,45.5055,17.8611,1.000000,0.9375,0.0625
1224,4,472.6692,583.0449,169.8296,22.7335,1.000000,1,0
1224,5,815.6245,581.1291,123.3011,17.1502,1.000000,0.375,0.625
1224,6,213.6722,549.4590,455.1176,70.9610,1.000000,0,1
1225,1,181.4880,584.0283,43.9151,20.6854,1.000000,0,1
1225,2,853.8799,531.8560,371.6289,89.2754,1.000000,0,1
1225,3,223.4889,584.1121,45.5110,17.8588,1.000000,1,0
1225,4,473.1858,583.0139,169.8431,22.7334,1.000000,1,0
1225,5,816.2866,581.1085,123.3624,17.1527,1.000000,0.75,0.25
1225,6,213.0548,549.3861,455.0341,70.9442,1.000000,0,1
1226,1,181.0260,583.9938,43.9212,20.6827,1.000000,0,1
1226,2,854.2216,531.7966,371.7279,89.2796,1.000000,0,1
1226,3,223.0208,584.0847,45.5165,17.8565,1.000000,0.875,0.125
1226,4,473.7032,582.9807,169.8566,22.7331,1.000000,1,0
1226,5,816.9490,581.0881,123.4234,17.1552,1.000000,0.6875,0.3125
1226,6,212.4409,549.3146,454.9482,70.9271,1.000000,0,1
1227,1,180.5636,583.9594,43.9271,20.6800,1.000000,0,1
1227,2,854.5637,531.7394,371.8285,89.2843,1.000000,0,1
1227,3,222.5524,584.0580,45.5222,17.8543,1.000000,0.875,0.125
1227,4,474.2212,582.9456,169.8699,22.7326,1.000000,1,0
1227,5,817.6117,581.0684,123.4844,17.1577,1.000000,0.5,0.5
1227,6,211.8306,549.2458,454.8601,70.9097,1.000000,0,1
1228,1,180.1005,583.9260,43.9331,20.6775,1.000000,0,1
1228,2,854.9061,531.6849,371.9312,89.2896,1.000000,0,1
1228,3,222.0838,584.0328,45.5278,17.8521,1.000000,0.8125,0.1875
1228,4,474.7397,582.9084,169.8830,22.7319,1.000000,1,0
1228,5,818.2746,581.0499,123.5452,17.1602,1.000000,0.5,0.5
1228,6,211.2244,549.1808,454.7698,70.8920,1.000000,0,1
1229,1,179.6365,583.8926,43.9394,20.6749,1.000000,0,1
1229,2,855.2482,531.6332,372.0356,89.2955,1.000000,0,1
1229,3,221.6152,584.0077,45.5334,17.8500,1.000000,0.8125,0.1875
1229,4,475.2587,582.8691,169.8959,22.7308,1.000000,1,0
1229,5,818.9377,581.0324,123.6060,17.1627,1.000000,0.4375,0.5625
1229,6,210.6224,549.1176,454.6767,70.8739,1.000000,0,1
1230,1,179.1718,583.8600,43.9457,20.6724,1.000000,0,1
1230,2,855.5902,531.5844,372.1418,89.3019,1.000000,0,1
1230,3,221.1463,583.9834,45.5391,17.8478,1.000000,0.8125,0.1875
1230,4,475.7780,582.8261,169.9087,22.7313,1.000000,1,0
1230,5,819.6013,581.0160,123.6665,17.1652,1.000000,0.625,0.375
1230,6,210.0241,549.0575,454.5816,70.8556,1.000000,0,1
1231,1,178.7067,583.8290,43.9520,20.6700,1.000000,0,1
1231,2,855.9325,531.5386,372.2500,89.3090,1.000000,0,1
1231,3,220.6774,583.9607,45.5449,17.8459,1.000000,0.875,0.125
1231,4,476.2976,582.7790,169.9213,22.7337,1.000000,1,0
1231,5,820.2654,581.0007,123.7271,17.1676,1.000000,0.4375,0.5625
1231,6,209.4297,549.0017,454.4845,70.8371,1.000000,0,1
1232,1,178.2407,583.7991,43.9584,20.6678,1.000000,0,1
1232,2,856.2744,531.4955,372.3599,89.3166,1.000000,0,1
1232,3,220.2083,583.9385,45.5506,17.8438,1.000000,0.875,0.125
1232,4,476.8178,582.7291,169.9336,22.7361,1.000000,1,0
1232,5,820.9297,580.9862,123.7877,17.1701,1.000000,0.4375,0.5625
1232,6,208.8388,548.9481,454.3857,70.8184,1.000000,0,1
1233,1,177.7739,583.7707,43.9649,20.6656,1.000000,0,1
1233,2,856.6166,531.4557,372.4717,89.3247,1.000000,0,1
1233,3,219.7391,583.9174,45.5564,17.8419,1.000000,0.9375,0.0625
1233,4,477.3386,582.6771,169.9457,22.7384,1.000000,1,0
1233,5,821.5944,580.9724,123.8481,17.1725,1.000000,0.5625,0.4375
1233,6,208.2521,548.8976,454.2845,70.7994,1.000000,0,1
1234,1,177.3069,583.7443,43.9717,20.6634,1.000000,0,1
1234,2,856.9592,531.4195,372.5857,89.3336,1.000000,0,1
1234,3,219.2697,583.8981,45.5622,17.8401,1.000000,0.8125,0.1875
1234,4,477.8595,582.6237,169.9576,22.7408,1.000000,1,0
1234,5,822.2594,580.9594,123.9087,17.1750,1.000000,0.625,0.375
1234,6,207.6688,548.8511,454.1818,70.7803,1.000000,0,1
1235,1,176.8383,583.7197,43.9784,20.6615,1.000000,0,1
1235,2,857.3018,531.3865,372.7004,89.3428,1.000000,0,1
1235,3,218.7996,583.8801,45.5684,17.8383,1.000000,0.9375,0.0625
1235,4,478.3813,582.5681,169.9692,22.7430,1.000000,1,0
1235,5,822.9245,580.9469,123.9693,17.1775,1.000000,0.5,0.5
1235,6,207.0887,548.8073,454.0774,70.7609,1.000000,0,1
1236,1,176.3691,583.6971,43.9853,20.6596,1.000000,0,1
1236,2,857.6447,531.3566,372.8165,89.3523,1.000000,0,1
1236,3,218.3291,583.8636,45.5744,17.8366,1.000000,0.875,0.125
1236,4,478.9035,582.5112,169.9808,22.7452,1.000000,0.875,0.125
1236,5,823.5896,580.9349,124.0300,17.1800,1.000000,0.4375,0.5625
1236,6,206.5117,548.7667,453.9716,70.7415,1.000000,0,1
1237,1,175.8993,583.6769,43.9922,20.6578,1.000000,0,1
1237,2,857.9883,531.3301,372.9338,89.3624,1.000000,0,1
1237,3,217.8584,583.8492,45.5805,17.8350,1.000000,0.9375,0.0625
1237,4,479.4260,582.4536,169.9920,22.7474,1.000000,1,0
1237,5,824.2547,580.9236,124.0905,17.1825,1.000000,0.5,0.5
1237,6,205.9376,548.7301,453.8644,70.7219,1.000000,0,1
1238,1,175.4283,583.6591,43.9991,20.6562,1.000000,0,1
1238,2,858.3320,531.3074,373.0518,89.3727,1.000000,0,1
1238,3,217.3871,583.8361,45.5868,17.8335,1.000000,0.875,0.125
1238,4,479.9492,582.3945,170.0031,22.7495,1.000000,1,0
1238,5,824.9193,580.9128,124.1511,17.1849,1.000000,0.6875,0.3125
1238,6,205.3658,548.6959,453.7560,70.7023,1.000000,0,1
1239,1,174.9568,583.6437,44.0064,20.6546,1.000000,0,1
1239,2,858.6765,531.2882,373.1703,89.3834,1.000000,0,1
1239,3,216.9155,583.8247,45.5931,17.8322,1.000000,0.875,0.125
1239,4,480.4727,582.3346,170.0140,22.7517,1.000000,1,0
1239,5,825.5832,580.9030,124.2117,17.1874,1.000000,0.6875,0.3125
1239,6,204.7963,548.6645,453.6470,70.6827,1.000000,0,1
1240,1,174.4851,583.6311,44.0134,20.6532,1.000000,0,1
1240,2,859.0216,531.2727,373.2894,89.3943,1.000000,0,1
1240,3,216.4438,583.8159,45.5995,17.8308,1.000000,0.9375,0.0625
1240,4,480.9965,582.2745,170.0247,22.7537,1.000000,1,0
1240,5,826.2462,580.8944,124.2725,17.1899,1.000000,0.4375,0.5625
1240,6,204.2286,548.6367,453.5377,70.6631,1.000000,0,1
1241,1,174.0122,583.6216,44.0207,20.6520,1.000000,0,1
1241,2,859.3671,531.2604,373.4089,89.4054,1.000000,0,1
1241,3,215.9716,583.8088,45.6059,17.8296,1.000000,0.875,0.125
1241,4,481.5210,582.2135,170.0351,22.7557,1.000000,0.9375,0.0625
1241,5,826.9081,580.8861,124.3331,17.1925,1.000000,0.625,0.375
1241,6,203.6626,548.6115,453.4279,70.6435,1.000000,0,1
1242,1,173.5391,583.6145,44.0279,20.6507,1.000000,0,1
1242,2,859.7131,531.2517,373.5287,89.4167,1.000000,0,1
1242,3,215.4989,583.8037,45.6124,17.8285,1.000000,0.875,0.125
1242,4,482.0459,582.1520,170.0453,22.7578,1.000000,0.875,0.125
1242,5,827.5692,580.8783,124.3936,17.1950,1.000000,0.5,0.5
1242,6,203.0978,548.5892,453.3182,70.6241,1.000000,0,1
1243,1,173.0662,583.6097,44.0350,20.6497,1.000000,0,1
1243,2,860.0598,531.2468,373.6490,89.4283,1.000000,0,1
1243,3,215.0263,583.8010,45.6189,17.8275,1.000000,0.8125,0.1875
1243,4,482.5707,582.0907,170.0556,22.7597,1.000000,0.9375,0.0625
1243,5,828.2297,580.8717,124.4542,17.1976,1.000000,0.625,0.375
1243,6,202.5336,548.5710,453.2098,70.6050,1.000000,0,1
1244,1,172.5923,583.6080,44.0423,20.6486,1.000000,0,1
1244,2,860.4071,531.2451,373.7699,89.4401,1.000000,0,1
1244,3,214.5531,583.8007,45.6255,17.8265,1.000000,1,0
1244,4,483.0965,582.0288,170.0654,22.7616,1.000000,0.9375,0.0625
1244,5,828.8895,580.8659,124.5145,17.2001,1.000000,0.75,0.25
1244,6,201.9705,548.5553,453.1016,70.5861,1.000000,0,1
1245,1,172.1183,583.6084,44.0496,20.6477,1.000000,0,1
1245,2,860.7549,531.2465,373.8910,89.4521,1.000000,0,1
1245,3,214.0794,583.8022,45.6321,17.8257,1.000000,1,0
1245,4,483.6226,581.9668,170.0749,22.7635,1.000000,0.875,0.125
1245,5,829.5488,580.8614,124.5745,17.2026,1.000000,0.4375,0.5625
1245,6,201.4079,548.5425,452.9942,70.5674,1.000000,0,1
1246,1,171.6448,583.6107,44.0566,20.6468,1.000000,0,1
1246,2,861.1032,531.2508,374.0129,89.4644,1.000000,0,1
1246,3,213.6061,583.8058,45.6386,17.8249,1.000000,0.75,0.25
1246,4,484.1489,581.9053,170.0843,22.7654,1.000000,1,0
1246,5,830.2075,580.8591,124.6345,17.2051,1.000000,0.625,0.375
1246,6,200.8459,548.5332,452.8876,70.5490,1.000000,0,1
1247,1,171.1703,583.6157,44.0640,20.6461,1.000000,0,1
1247,2,861.4519,531.2581,374.1348,89.4768,1.000000,0,1
1247,3,213.1322,583.8119,45.6454,17.8242,1.000000,0.875,0.125
1247,4,484.6761,581.8435,170.0932,22.7672,1.000000,0.875,0.125
1247,5,830.8656,580.8582,124.6942,17.2076,1.000000,0.375,0.625
1247,6,200.2830,548.5271,452.7833,70.5310,1.000000,0,1
1248,1,170.6955,583.6226,44.0714,20.6454,1.000000,0,1
1248,2,861.8011,531.2677,374.2571,89.4894,1.000000,0,1
1248,3,212.6577,583.8201,45.6521,17.8237,1.000000,0.9375,0.0625
1248,4,485.2036,581.7816,170.1018,22.7689,1.000000,0.8125,0.1875
1248,5,831.5233,580.8593,124.7537,17.2101,1.000000,0.6875,0.3125
1248,6,199.7204,548.5242,452.6796,70.5133,1.000000,0,1
1249,1,170.2203,583.6316,44.0786,20.6448,1.000000,0,1
1249,2,862.1510,531.2795,374.3802,89.5023,1.000000,0,1
1249,3,212.1824,583.8303,45.6589,17.8232,1.000000,0.875,0.125
1249,4,485.7316,581.7203,170.1100,22.7707,1.000000,0.8125,0.1875
1249,5,832.1805,580.8627,124.8129,17.2126,1.000000,0.4375,0.5625
1249,6,199.1574,548.5255,452.5778,70.4961,1.000000,0,1
1250,1,169.7443,583.6432,44.0860,20.6443,1.000000,0,1
1250,2,862.5012,531.2941,374.5039,89.5154,1.000000,0,1
1250,3,211.7063,583.8430,45.6658,17.8228,1.000000,0.9375,0.0625
1250,4,486.2603,581.6588,170.1178,22.7723,1.000000,0.8125,0.1875
1250,5,832.8370,580.8677,124.8720,17.2150,1.000000,0.6875,0.3125
1250,6,198.5926,548.5306,452.4781,70.4795,1.000000,0,1
1251,1,169.2675,583.6567,44.0934,20.6439,1.000000,0,1
1251,2,862.8517,531.3107,374.6282,89.5286,1.000000,0,1
1251,3,211.2296,583.8574,45.6728,17.8225,1.000000,0.9375,0.0625
1251,4,486.7895,581.5975,170.1253,22.7740,1.000000,0.9375,0.0625
1251,5,833.4933,580.8746,124.9308,17.2174,1.000000,0.5625,0.4375
1251,6,198.0266,548.5396,452.3804,70.4632,1.000000,0,1
1252,1,168.7907,583.6718,44.1008,20.6435,1.000000,0,1
1252,2,863.2028,531.3292,374.7533,89.5423,1.000000,0,1
1252,3,210.7523,583.8734,45.6797,17.8224,1.000000,0.8125,0.1875
1252,4,487.3187,581.5370,170.1326,22.7755,1.000000,0.9375,0.0625
1252,5,834.1489,580.8834,124.9894,17.2199,1.000000,0.5625,0.4375
1252,6,197.4595,548.5526,452.2844,70.4474,1.000000,0,1
1253,1,168.3133,583.6897,44.1084,20.6433,1.000000,0,1
1253,2,863.5540,531.3494,374.8791,89.5561,1.000000,0,1
1253,3,210.2744,583.8924,45.6868,17.8222,1.000000,0.875,0.125
1253,4,487.8485,581.4763,170.1393,22.7771,1.000000,0.875,0.125
1253,5,834.8035,580.8939,125.0477,17.2223,1.000000,0.625,0.375
1253,6,196.8900,548.5701,452.1909,70.4322,1.000000,0,1
1254,1,167.8359,583.7098,44.1158,20.6431,1.000000,0,1
1254,2,863.9055,531.3710,375.0056,89.5700,1.000000,0,1
1254,3,209.7960,583.9136,45.6940,17.8223,1.000000,0.875,0.125
1254,4,488.3784,581.4158,170.1457,22.7785,1.000000,1,0
1254,5,835.4573,580.9059,125.1058,17.2247,1.000000,0.5,0.5
1254,6,196.3181,548.5919,452.0995,70.4176,1.000000,0,1
1255,1,167.3588,583.7315,44.1233,20.6429,1.000000,0,1
1255,2,864.2572,531.3940,375.1329,89.5843,1.000000,0,1
1255,3,209.3177,583.9363,45.7011,17.8223,1.000000,1,0
1255,4,488.9081,581.3562,170.1519,22.7800,1.000000,0.75,0.25
1255,5,836.1108,580.9189,125.1636,17.2271,1.000000,0.8125,0.1875
1255,6,195.7431,548.6179,452.0105,70.4034,1.000000,0,1
1256,1,166.8818,583.7559,44.1307,20.6430,1.000000,0,1
1256,2,864.6091,531.4188,375.2613,89.5989,1.000000,0,1
1256,3,208.8386,583.9623,45.7084,17.8226,1.000000,0.9375,0.0625
1256,4,489.4380,581.2963,170.1576,22.7814,1.000000,0.9375,0.0625
1256,5,836.7640,580.9319,125.2214,17.2295,1.000000,0.5,0.5
1256,6,195.1625,548.6486,451.9239,70.3899,1.000000,0,1
1257,1,166.4058,583.7821,44.1381,20.6429,1.000000,0,1
1257,2,864.9612,531.4449,375.3899,89.6135,1.000000,0,1
1257,3,208.3598,583.9907,45.7156,17.8229,1.000000,0.9375,0.0625
1257,4,489.9676,581.2366,170.1634,22.7828,1.000000,0.6875,0.3125
1257,5,837.4172,580.9448,125.2787,17.2318,1.000000,0.5,0.5
1257,6,194.5779,548.6830,451.8398,70.3769,1.000000,0,1
1258,1,165.9312,583.8097,44.1454,20.6430,1.000000,0,1
1258,2,865.3137,531.4719,375.5195,89.6285,1.000000,0,1
1258,3,207.8822,584.0210,45.7228,17.8232,1.000000,0.9375,0.0625
1258,4,490.4969,581.1777,170.1690,22.7842,1.000000,0.75,0.25
1258,5,838.0702,580.9581,125.3362,17.2341,1.000000,0.625,0.375
1258,6,193.9907,548.7211,451.7575,70.3645,1.000000,0,1
1259,1,165.4581,583.8397,44.1527,20.6431,1.000000,0,1
1259,2,865.6669,531.5001,375.6495,89.6435,1.000000,0,1
1259,3,207.4054,584.0549,45.7299,17.8237,1.000000,0.875,0.125
1259,4,491.0258,581.1187,170.1745,22.7855,1.000000,0.5625,0.4375
1259,5,838.7231,580.9711,125.3934,17.2364,1.000000,0.5625,0.4375
1259,6,193.3996,548.7640,451.6788,70.3527,1.000000,0,1
1260,1,164.9865,583.8716,44.1597,20.6432,1.000000,0,1
1260,2,866.0204,531.5298,375.7800,89.6588,1.000000,0,1
1260,3,206.9298,584.0916,45.7368,17.8243,1.000000,0.8125,0.1875
1260,4,491.5544,581.0602,170.1799,22.7869,1.000000,0.9375,0.0625
1260,5,839.3761,580.9841,125.4504,17.2387,1.000000,0.6875,0.3125
1260,6,192.8058,548.8098,451.6026,70.3415,1.000000,0,1
1261,1,164.5167,583.9050,44.1666,20.6434,1.000000,0,1
1261,2,866.3741,531.5610,375.9108,89.6741,1.000000,0,1
1261,3,206.4551,584.1304,45.7437,17.8248,1.000000,1,0
1261,4,492.0826,581.0033,170.1854,22.7883,1.000000,0.6875,0.3125
1261,5,840.0288,580.9970,125.5073,17.2409,1.000000,0.625,0.375
1261,6,192.2092,548.8569,451.5285,70.3308,1.000000,0,1
1262,1,164.0486,583.9413,44.1735,20.6435,1.000000,0,1
1262,2,866.7282,531.5936,376.0411,89.6894,1.000000,0,1
1262,3,205.9814,584.1735,45.7506,17.8255,1.000000,0.9375,0.0625
1262,4,492.6107,580.9460,170.1909,22.7896,1.000000,0.5,0.5
1262,5,840.6816,581.0099,125.5641,17.2432,1.000000,0.6875,0.3125
1262,6,191.6090,548.9069,451.4579,70.3207,1.000000,0,1
1263,1,163.5824,583.9795,44.1802,20.6438,1.000000,0,1
1263,2,867.0825,531.6276,376.1713,89.7047,1.000000,0,1
1263,3,205.5093,584.2194,45.7573,17.8263,1.000000,0.9375,0.0625
1263,4,493.1385,580.8892,170.1964,22.7910,1.000000,0.8125,0.1875
1263,5,841.3344,581.0227,125.6210,17.2454,1.000000,0.75,0.25
1263,6,191.0060,548.9581,451.3895,70.3111,1.000000,0,1
1264,1,163.1185,584.0193,44.1868,20.6439,1.000000,0,1
1264,2,867.4370,531.6630,376.3009,89.7199,1.000000,0,1
1264,3,205.0392,584.2673,45.7638,17.8270,1.000000,0.9375,0.0625
1264,4,493.6656,580.8340,170.2022,22.7925,1.000000,1,0
1264,5,841.9872,581.0348,125.6777,17.2476,1.000000,0.625,0.375
1264,6,190.4003,549.0092,451.3231,70.3018,1.000000,0,1
1265,1,162.6569,584.0621,44.1930,20.6441,1.000000,0,1
1265,2,867.7917,531.7005,376.4298,89.7351,1.000000,0,1
1265,3,204.5713,584.3194,45.7700,17.8279,1.000000,0.9375,0.0625
1265,4,494.1919,580.7795,170.2083,22.7940,1.000000,0.875,0.125
1265,5,842.6401,581.0457,125.7343,17.2498,1.000000,0.75,0.25
1265,6,189.7897,549.0612,451.2608,70.2932,1.000000,0,1
1266,1,162.1972,584.1069,44.1991,20.6443,1.000000,0,1
1266,2,868.1464,531.7400,376.5579,89.7501,1.000000,0,1
1266,3,204.1053,584.3740,45.7762,17.8288,1.000000,1,0
1266,4,494.7174,580.7264,170.2145,22.7955,1.000000,0.8125,0.1875
1266,5,843.2928,581.0553,125.7906,17.2519,1.000000,0.625,0.375
1266,6,189.1756,549.1127,451.2009,70.2851,1.000000,0,1
1267,1,161.7386,584.1533,44.2053,20.6446,1.000000,0,1
1267,2,868.5009,531.7813,376.6849,89.7649,1.000000,0,1
1267,3,203.6407,584.4301,45.7820,17.8296,1.000000,0.875,0.125
1267,4,495.2421,580.6753,170.2211,22.7971,1.000000,0.8125,0.1875
1267,5,843.9454,581.0634,125.8467,17.2540,1.000000,0.75,0.25
1267,6,188.5585,549.1620,451.1528,70.2772,1.000000,0,1
1268,1,161.2826,584.2020,44.2112,20.6449,1.000000,0,1
1268,2,868.8555,531.8247,376.8108,89.7795,1.000000,0,1
1268,3,203.1778,584.4902,45.7880,17.8307,1.000000,0.875,0.125
1268,4,495.7658,580.6251,170.2279,22.7987,1.000000,0.8125,0.1875
1268,5,844.5987,581.0689,125.9028,17.2561,1.000000,0.875,0.125
1268,6,187.9373,549.2111,451.1197,70.2698,1.000000,0,1
1269,1,160.8287,584.2523,44.2167,20.6451,1.000000,0,1
1269,2,869.2101,531.8703,376.9355,89.7940,1.000000,0,1
1269,3,202.7169,584.5526,45.7936,17.8317,1.000000,0.875,0.125
1269,4,496.2888,580.5763,170.2349,22.8004,1.000000,0.625,0.375
1269,5,845.2527,581.0717,125.9589,17.2581,1.000000,0.5625,0.4375
1269,6,187.3128,549.2585,451.0890,70.2629,1.000000,0,1
1270,1,160.3764,584.3037,44.2223,20.6454,1.000000,0,1
1270,2,869.5647,531.9178,377.0593,89.8084,1.000000,0,1
1270,3,202.2579,584.6158,45.7990,17.8326,1.000000,1,0
1270,4,496.8112,580.5294,170.2421,22.8021,1.000000,0.625,0.375
1270,5,845.9073,581.0716,126.0147,17.2601,1.000000,0.4375,0.5625
1270,6,186.6853,549.3033,451.0602,70.2560,1.000000,0,1
1271,1,159.9265,584.3572,44.2277,20.6456,1.000000,0,1
1271,2,869.9199,531.9677,377.1823,89.8226,1.000000,0,1
1271,3,201.8011,584.6827,45.8043,17.8336,1.000000,0.9375,0.0625
1271,4,497.3329,580.4834,170.2495,22.8039,1.000000,0.6875,0.3125
1271,5,846.5629,581.0685,126.0708,17.2620,1.000000,0.75,0.25
1271,6,186.0539,549.3473,451.0341,70.2498,1.000000,0,1
1272,1,159.4786,584.4120,44.2328,20.6458,1.000000,0,1
1272,2,870.2753,532.0194,377.3046,89.8368,1.000000,0,1
1272,3,201.3462,584.7513,45.8094,17.8347,1.000000,1,0
1272,4,497.8545,580.4389,170.2569,22.8057,1.000000,0.8125,0.1875
1272,5,847.2190,581.0626,126.1268,17.2639,1.000000,0.5625,0.4375
1272,6,185.4190,549.3898,451.0107,70.2438,1.000000,0,1
1273,1,159.0325,584.4675,44.2379,20.6460,1.000000,0,1
1273,2,870.6307,532.0731,377.4260,89.8508,1.000000,0,1
1273,3,200.8931,584.8199,45.8143,17.8357,1.000000,0.9375,0.0625
1273,4,498.3754,580.3970,170.2646,22.8076,1.000000,0.75,0.25
1273,5,847.8757,581.0541,126.1829,17.2658,1.000000,0.75,0.25
1273,6,184.7813,549.4293,450.9889,70.2380,1.000000,0,1
1274,1,158.5881,584.5247,44.2429,20.6463,1.000000,0,1
1274,2,870.9868,532.1289,377.5469,89.8647,1.000000,0,1
1274,3,200.4420,584.8915,45.8189,17.8367,1.000000,1,0
1274,4,498.8964,580.3566,170.2722,22.8094,1.000000,0.6875,0.3125
1274,5,848.5328,581.0427,126.2390,17.2678,1.000000,0.5,0.5
1274,6,184.1392,549.4680,450.9703,70.2328,1.000000,0,1
1275,1,158.1452,584.5826,44.2475,20.6464,1.000000,0,1
1275,2,871.3433,532.1865,377.6672,89.8787,1.000000,0,1
1275,3,199.9922,584.9639,45.8236,17.8377,1.000000,1,0
1275,4,499.4174,580.3179,170.2798,22.8113,1.000000,0.75,0.25
1275,5,849.1904,581.0290,126.2953,17.2696,1.000000,0.6875,0.3125
1275,6,183.4938,549.5049,450.9541,70.2279,1.000000,0,1
1276,1,157.7041,584.6405,44.2522,20.6465,1.000000,0,1
1276,2,871.7001,532.2458,377.7870,89.8925,1.000000,0,1
1276,3,199.5443,585.0355,45.8281,17.8387,1.000000,0.9375,0.0625
1276,4,499.9386,580.2816,170.2874,22.8132,1.000000,0.5625,0.4375
1276,5,849.8481,581.0131,126.3518,17.2715,1.000000,0.6875,0.3125
1276,6,182.8460,549.5392,450.9395,70.2231,1.000000,0,1
1277,1,157.2650,584.6998,44.2566,20.6466,1.000000,0,1
1277,2,872.0580,532.3069,377.9069,89.9064,1.000000,0,1
1277,3,199.0980,585.1094,45.8323,17.8397,1.000000,1,0
1277,4,500.4602,580.2473,170.2949,22.8151,1.000000,0.625,0.375
1277,5,850.5061,580.9952,126.4083,17.2733,1.000000,0.6875,0.3125
1277,6,182.1947,549.5729,450.9276,70.2189,1.000000,0,1
1278,1,156.8271,584.7596,44.2609,20.6467,1.000000,0,1
1278,2,872.4165,532.3695,378.0265,89.9202,1.000000,0,1
1278,3,198.6532,585.1834,45.8365,17.8406,1.000000,1,0
1278,4,500.9823,580.2150,170.3024,22.8171,1.000000,0.6875,0.3125
1278,5,851.1643,580.9757,126.4648,17.2752,1.000000,0.625,0.375
1278,6,181.5403,549.6053,450.9176,70.2148,1.000000,0,1
1279,1,156.3908,584.8195,44.2649,20.6466,1.000000,0,1
1279,2,872.7758,532.4330,378.1461,89.9340,1.000000,0,1
1279,3,198.2104,585.2554,45.8403,17.8414,1.000000,1,0
1279,4,501.5048,580.1857,170.3098,22.8190,1.000000,0.75,0.25
1279,5,851.8228,580.9551,126.5218,17.2771,1.000000,0.875,0.125
1279,6,180.8833,549.6355,450.9092,70.2109,1.000000,0,1
1280,1,155.9559,584.8811,44.2688,20.6466,1.000000,0,1
1280,2,873.1371,532.4977,378.2661,89.9480,1.000000,0,1
1280,3,197.7695,585.3286,45.8442,17.8422,1.000000,1,0
1280,4,502.0276,580.1591,170.3170,22.8210,1.000000,0.6875,0.3125
1280,5,852.4830,580.9323,126.5788,17.2789,1.000000,0.4375,0.5625
1280,6,180.2233,549.6652,450.9028,70.2074,1.000000,0,1
1281,1,155.5225,584.9434,44.2724,20.6465,1.000000,0.0625,0.9375
1281,2,873.4995,532.5634,378.3866,89.9620,1.000000,0,1
1281,3,197.3305,585.4008,45.8477,17.8428,1.000000,1,0
1281,4,502.5508,580.1349,170.3239,22.8230,1.000000,0.5,0.5
1281,5,853.1445,580.9086,126.6360,17.2808,1.000000,0.5625,0.4375
1281,6,179.5604,549.6934,450.8984,70.2043,1.000000,0,1
1282,1,155.0903,585.0053,44.2760,20.6464,1.000000,0,1
1282,2,873.8630,532.6296,378.5074,89.9760,1.000000,0,1
1282,3,196.8937,585.4703,45.8509,17.8433,1.000000,1,0
1282,4,503.0745,580.1130,170.3307,22.8249,1.000000,0.5,0.5
1282,5,853.8071,580.8857,126.6939,17.2828,1.000000,0.75,0.25
1282,6,178.8950,549.7191,450.8952,70.2011,1.000000,0,1
1283,1,154.6596,585.0685,44.2794,20.6462,1.000000,0,1
1283,2,874.2280,532.6973,378.6289,89.9901,1.000000,0,1
1283,3,196.4582,585.5408,45.8540,17.8437,1.000000,1,0
1283,4,503.5987,580.0928,170.3372,22.8268,1.000000,0.6875,0.3125
1283,5,854.4708,580.8643,126.7518,17.2847,1.000000,0.75,0.25
1283,6,178.2268,549.7443,450.8936,70.1982,1.000000,0,1
1284,1,154.2301,585.1316,44.2826,20.6459,1.000000,0.0625,0.9375
1284,2,874.5940,532.7656,378.7509,90.0045,1.000000,0,1
1284,3,196.0240,585.6101,45.8569,17.8442,1.000000,1,0
1284,4,504.1234,580.0741,170.3434,22.8288,1.000000,0.6875,0.3125
1284,5,855.1355,580.8446,126.8100,17.2867,1.000000,0.625,0.375
1284,6,177.5560,549.7679,450.8930,70.1955,1.000000,0,1
1285,1,153.8022,585.1937,44.2856,20.6456,1.000000,0.0625,0.9375
1285,2,874.9603,532.8341,378.8732,90.0189,1.000000,0,1
1285,3,195.5913,585.6770,45.8597,17.8444,1.000000,1,0
1285,4,504.6487,580.0574,170.3494,22.8307,1.000000,0.6875,0.3125
1285,5,855.8011,580.8268,126.8682,17.2887,1.000000,0.5,0.5
1285,6,176.8822,549.7897,450.8940,70.1929,1.000000,0,1
1286,1,153.3758,585.2562,44.2885,20.6452,1.000000,0.0625,0.9375
1286,2,875.3276,532.9034,378.9966,90.0334,1.000000,0,1
1286,3,195.1604,585.7443,45.8623,17.8446,1.000000,1,0
1286,4,505.1747,580.0418,170.3550,22.8326,1.000000,0.4375,0.5625
1286,5,856.4675,580.8115,126.9266,17.2908,1.000000,0.8125,0.1875
1286,6,176.2064,549.8112,450.8962,70.1905,1.000000,0,1
1287,1,152.9514,585.3183,44.2912,20.6446,1.000000,0,1
1287,2,875.6957,532.9725,379.1205,90.0481,1.000000,0,1
1287,3,194.7317,585.8102,45.8646,17.8445,1.000000,0.9375,0.0625
1287,4,505.7013,580.0273,170.3606,22.8345,1.000000,0.75,0.25
1287,5,857.1346,580.7980,126.9849,17.2929,1.000000,0.5625,0.4375
1287,6,175.5284,549.8319,450.8992,70.1883,1.000000,0,1
1288,1,152.5286,585.3788,44.2937,20.6440,1.000000,0.0625,0.9375
1288,2,876.0643,533.0409,379.2450,90.0628,1.000000,0,1
1288,3,194.3060,585.8726,45.8664,17.8444,1.000000,1,0
1288,4,506.2283,580.0148,170.3662,22.8364,1.000000,0.4375,0.5625
1288,5,857.8024,580.7858,127.0432,17.2949,1.000000,0.8125,0.1875
1288,6,174.8475,549.8507,450.9036,70.1862,1.000000,0,1
1289,1,152.1075,585.4391,44.2960,20.6433,1.000000,0,1
1289,2,876.4340,533.1093,379.3705,90.0778,1.000000,0,1
1289,3,193.8824,585.9340,45.8683,17.8441,1.000000,1,0
1289,4,506.7560,580.0035,170.3716,22.8383,1.000000,0.8125,0.1875
1289,5,858.4708,580.7751,127.1014,17.2970,1.000000,0.8125,0.1875
1289,6,174.1650,549.8694,450.9085,70.1842,1.000000,0,1
1290,1,151.6879,585.4981,44.2981,20.6425,1.000000,0,1
1290,2,876.8044,533.1765,379.4966,90.0927,1.000000,0,1
1290,3,193.4612,585.9929,45.8696,17.8435,1.000000,1,0
1290,4,507.2842,579.9933,170.3766,22.8402,1.000000,0.5625,0.4375
1290,5,859.1399,580.7652,127.1595,17.2990,1.000000,0.875,0.125
1290,6,173.4806,549.8878,450.9145,70.1823,1.000000,0,1
1291,1,151.2695,585.5553,44.3000,20.6415,1.000000,0,1
1291,2,877.1752,533.2419,379.6230,90.1077,1.000000,0,1
1291,3,193.0418,586.0477,45.8708,17.8428,1.000000,1,0
1291,4,507.8130,579.9847,170.3819,22.8421,1.000000,0.75,0.25
1291,5,859.8094,580.7551,127.2174,17.3010,1.000000,0.8125,0.1875
1291,6,172.7949,549.9056,450.9207,70.1805,1.000000,0,1
1292,1,150.8521,585.6121,44.3019,20.6406,1.000000,0,1
1292,2,877.5469,533.3068,379.7502,90.1227,1.000000,0,1
1292,3,192.6233,586.1003,45.8719,17.8420,1.000000,1,0
1292,4,508.3419,579.9776,170.3870,22.8439,1.000000,0.625,0.375
1292,5,860.4791,580.7452,127.2753,17.3030,1.000000,0.75,0.25
1292,6,172.1079,549.9237,450.9275,70.1787,1.000000,0,1
1293,1,150.4355,585.6674,44.3038,20.6395,1.000000,0,1
1293,2,877.9190,533.3702,379.8777,90.1378,1.000000,0,1
1293,3,192.2060,586.1501,45.8728,17.8410,1.000000,1,0
1293,4,508.8713,579.9717,170.3920,22.8459,1.000000,0.5,0.5
1293,5,861.1490,580.7347,127.3331,17.3049,1.000000,0.6875,0.3125
1293,6,171.4199,549.9420,450.9343,70.1770,1.000000,0,1
1294,1,150.0201,585.7201,44.3055,20.6382,1.000000,0,1
1294,2,878.2911,533.4312,380.0059,90.1528,1.000000,0,1
1294,3,191.7897,586.1959,45.8736,17.8398,1.000000,1,0
1294,4,509.4007,579.9669,170.3973,22.8479,1.000000,0.4375,0.5625
1294,5,861.8192,580.7230,127.3907,17.3069,1.000000,0.625,0.375
1294,6,170.7306,549.9604,450.9416,70.1754,1.000000,0,1
1295,1,149.6056,585.7715,44.3070,20.6370,1.000000,0,1
1295,2,878.6642,533.4902,380.1343,90.1679,1.000000,0,1
1295,3,191.3742,586.2394,45.8744,17.8385,1.000000,1,0
1295,4,509.9301,579.9634,170.4025,22.8498,1.000000,0.625,0.375
1295,5,862.4897,580.7095,127.4483,17.3088,1.000000,0.5,0.5
1295,6,170.0412,549.9794,450.9490,70.1737,1.000000,0,1
1296,1,149.1916,585.8210,44.3086,20.6356,1.000000,0.0625,0.9375
1296,2,879.0374,533.5469,380.2633,90.1829,1.000000,0,1
1296,3,190.9594,586.2802,45.8750,17.8371,1.000000,1,0
1296,4,510.4595,579.9608,170.4077,22.8518,1.000000,0.5625,0.4375
1296,5,863.1605,580.6941,127.5059,17.3107,1.000000,0.75,0.25
1296,6,169.3520,549.9988,450.9560,70.1721,1.000000,0,1
1297,1,148.7781,585.8684,44.3102,20.6341,1.000000,0,1
1297,2,879.4105,533.6008,380.3924,90.1978,1.000000,0,1
1297,3,190.5454,586.3170,45.8755,17.8355,1.000000,1,0
1297,4,510.9892,579.9592,170.4131,22.8538,1.000000,0.375,0.625
1297,5,863.8315,580.6766,127.5637,17.3126,1.000000,0.8125,0.1875
1297,6,168.6620,550.0189,450.9630,70.1705,1.000000,0,1
1298,1,148.3654,585.9139,44.3117,20.6327,1.000000,0.0625,0.9375
1298,2,879.7839,533.6530,380.5222,90.2127,1.000000,0,1
1298,3,190.1319,586.3516,45.8760,17.8339,1.000000,1,0
1298,4,511.5191,579.9584,170.4185,22.8559,1.000000,0.625,0.375
1298,5,864.5025,580.6574,127.6216,17.3145,1.000000,0.6875,0.3125
1298,6,167.9716,550.0403,450.9699,70.1689,1.000000,0,1
1299,1,147.9530,585.9574,44.3132,20.6310,1.000000,0.1875,0.8125
1299,2,880.1575,533.7026,380.6523,90.2277,1.000000,0,1
1299,3,189.7187,586.3831,45.8763,17.8321,1.000000,1,0
1299,4,512.0492,579.9581,170.4240,22.8579,1.000000,0.4375,0.5625
1299,5,865.1735,580.6370,127.6799,17.3164,1.000000,0.625,0.375
1299,6,167.2808,550.0625,450.9764,70.1672,1.000000,0,1
1300,1,147.5408,585.9985,44.3144,20.6293,1.000000,0,1
1300,2,880.5304,533.7493,380.7821,90.2424,1.000000,0,1
1300,3,189.3054,586.4111,45.8769,17.8302,1.000000,1,0
1300,4,512.5796,579.9584,170.4296,22.8600,1.000000,0.3125,0.6875
1300,5,865.8447,580.6158,127.7386,17.3184,1.000000,0.875,0.125
1300,6,166.5899,550.0853,450.9819,70.1653,1.000000,0,1
1301,1,147.1286,586.0375,44.3159,20.6275,1.000000,0.0625,0.9375
1301,2,880.9034,533.7940,380.9120,90.2570,1.000000,0,1
1301,3,188.8924,586.4367,45.8772,17.8281,1.000000,1,0
1301,4,513.1102,579.9591,170.4354,22.8621,1.000000,0.4375,0.5625
1301,5,866.5160,580.5941,127.7975,17.3204,1.000000,0.6875,0.3125
1301,6,165.8990,550.1099,450.9866,70.1635,1.000000,0,1
1302,1,146.7168,586.0743,44.3173,20.6257,1.000000,0.0625,0.9375
1302,2,881.2762,533.8362,381.0421,90.2716,1.000000,0,1
1302,3,188.4791,586.4596,45.8776,17.8260,1.000000,1,0
1302,4,513.6410,579.9601,170.4413,22.8642,1.000000,0.375,0.625
1302,5,867.1874,580.5721,127.8572,17.3225,1.000000,0.875,0.125
1302,6,165.2086,550.1355,450.9902,70.1615,1.000000,0,1
1303,1,146.3047,586.1090,44.3187,20.6237,1.000000,0.0625,0.9375
1303,2,881.6483,533.8751,381.1717,90.2860,1.000000,0,1
1303,3,188.0659,586.4793,45.8780,17.8238,1.000000,1,0
1303,4,514.1718,579.9615,170.4473,22.8664,1.000000,0.4375,0.5625
1303,5,867.8595,580.5502,127.9175,17.3247,1.000000,0.75,0.25
1303,6,164.5182,550.1615,450.9929,70.1593,1.000000,0,1
1304,1,145.8930,586.1411,44.3200,20.6216,1.000000,0.0625,0.9375
1304,2,882.0201,533.9119,381.3013,90.3002,1.000000,0,1
1304,3,187.6522,586.4966,45.8783,17.8215,1.000000,1,0
1304,4,514.7026,579.9636,170.4536,22.8686,1.000000,0.6875,0.3125
1304,5,868.5322,580.5294,127.9785,17.3270,1.000000,0.8125,0.1875
1304,6,163.8289,550.1895,450.9943,70.1569,1.000000,0,1
1305,1,145.4810,586.1706,44.3212,20.6194,1.000000,0.125,0.875
1305,2,882.3913,533.9462,381.4305,90.3143,1.000000,0,1
1305,3,187.2381,586.5115,45.8786,17.8190,1.000000,1,0
1305,4,515.2334,579.9661,170.4599,22.8708,1.000000,0.5625,0.4375
1305,5,869.2065,580.5098,128.0403,17.3294,1.000000,0.625,0.375
1305,6,163.1399,550.2186,450.9953,70.1545,1.000000,0,1
1306,1,145.0690,586.1976,44.3224,20.6171,1.000000,0.25,0.75
1306,2,882.7615,533.9774,381.5588,90.3281,1.000000,0,1
1306,3,186.8237,586.5234,45.8789,17.8165,1.000000,1,0
1306,4,515.7640,579.9690,170.4664,22.8730,1.000000,0.375,0.625
1306,5,869.8833,580.4910,128.1034,17.3319,1.000000,0.8125,0.1875
1306,6,162.4518,550.2484,450.9950,70.1520,1.000000,0,1
1307,1,144.6570,586.2222,44.3237,20.6147,1.000000,0.0625,0.9375
1307,2,883.1317,534.0063,381.6871,90.3416,1.000000,0,1
1307,3,186.4092,586.5330,45.8792,17.8138,1.000000,1,0
1307,4,516.2941,579.9721,170.4732,22.8753,1.000000,0.4375,0.5625
1307,5,870.5634,580.4742,128.1675,17.3346,1.000000,0.75,0.25
1307,6,161.7652,550.2792,450.9937,70.1493,1.000000,0,1
1308,1,144.2451,586.2443,44.3247,20.6122,1.000000,0.1875,0.8125
1308,2,883.5020,534.0325,381.8151,90.3551,1.000000,0,1
1308,3,185.9945,586.5400,45.8795,17.8111,1.000000,1,0
1308,4,516.8235,579.9759,170.4802,22.8776,1.000000,0.4375,0.5625
1308,5,871.2463,580.4604,128.2325,17.3373,1.000000,0.8125,0.1875
1308,6,161.0799,550.3102,450.9913,70.1464,1.000000,0,1
1309,1,143.8334,586.2639,44.3258,20.6096,1.000000,0.125,0.875
1309,2,883.8722,534.0557,381.9425,90.3682,1.000000,0,1
1309,3,185.5799,586.5441,45.8798,17.8083,1.000000,1,0
1309,4,517.3521,579.9805,170.4874,22.8800,1.000000,0.4375,0.5625
1309,5,871.9316,580.4503,128.2986,17.3403,1.000000,0.8125,0.1875
1309,6,160.3964,550.3409,450.9875,70.1432,1.000000,0,1
1310,1,143.4221,586.2805,44.3269,20.6070,1.000000,0.125,0.875
1310,2,884.2432,534.0764,382.0696,90.3811,1.000000,0,1
1310,3,185.1654,586.5452,45.8799,17.8054,1.000000,1,0
1310,4,517.8800,579.9849,170.4949,22.8823,1.000000,0.4375,0.5625
1310,5,872.6190,580.4448,128.3660,17.3434,1.000000,0.8125,0.1875
1310,6,159.7158,550.3716,450.9822,70.1399,1.000000,0,1
1311,1,143.0103,586.2948,44.3281,20.6042,1.000000,0,1
1311,2,884.6144,534.0947,382.1962,90.3938,1.000000,0,1
1311,3,184.7506,586.5436,45.8801,17.8023,1.000000,1,0
1311,4,518.4075,579.9896,170.5026,22.8848,1.000000,0.625,0.375
1311,5,873.3080,580.4429,128.4343,17.3467,1.000000,0.9375,0.0625
1311,6,159.0370,550.4016,450.9758,70.1363,1.000000,0,1
1312,1,142.5983,586.3063,44.3292,20.6013,1.000000,0.125,0.875
1312,2,884.9854,534.1110,382.3220,90.4062,1.000000,0,1
1312,3,184.3356,586.5392,45.8804,17.7992,1.000000,1,0
1312,4,518.9349,579.9955,170.5106,22.8872,1.000000,0.1875,0.8125
1312,5,873.9989,580.4431,128.5034,17.3501,1.000000,0.75,0.25
1312,6,158.3600,550.4304,450.9683,70.1325,1.000000,0,1
1313,1,142.1862,586.3146,44.3304,20.5984,1.000000,0.125,0.875
1313,2,885.3558,534.1264,382.4472,90.4185,1.000000,0,1
1313,3,183.9206,586.5309,45.8806,17.7959,1.000000,1,0
1313,4,519.4619,580.0024,170.5188,22.8898,1.000000,0.4375,0.5625
1313,5,874.6913,580.4467,128.5736,17.3536,1.000000,0.9375,0.0625
1313,6,157.6864,550.4583,450.9593,70.1284,1.000000,0,1
1314,1,141.7738,586.3199,44.3316,20.5953,1.000000,0.125,0.875
1314,2,885.7255,534.1406,382.5717,90.4304,1.000000,0,1
1314,3,183.5049,586.5194,45.8809,17.7926,1.000000,1,0
1314,4,519.9889,580.0107,170.5273,22.8924,1.000000,0.25,0.75
1314,5,875.3855,580.4522,128.6447,17.3573,1.000000,0.8125,0.1875
1314,6,157.0158,550.4851,450.9487,70.1240,1.000000,0,1
1315,1,141.3607,586.3224,44.3328,20.5922,1.000000,0.0625,0.9375
1315,2,886.0941,534.1534,382.6949,90.4422,1.000000,0,1
1315,3,183.0889,586.5051,45.8812,17.7891,1.000000,1,0
1315,4,520.5157,580.0208,170.5362,22.8950,1.000000,0.125,0.875
1315,5,876.0816,580.4587,128.7165,17.3611,1.000000,0.8125,0.1875
1315,6,156.3474,550.5102,450.9372,70.1194,1.000000,0,1
1316,1,140.9472,586.3208,44.3340,20.5889,1.000000,0.0625,0.9375
1316,2,886.4618,534.1655,382.8173,90.4537,1.000000,0,1
1316,3,182.6725,586.4870,45.8815,17.7855,1.000000,1,0
1316,4,521.0422,580.0333,170.5454,22.8977,1.000000,0.5625,0.4375
1316,5,876.7794,580.4673,128.7894,17.3650,1.000000,0.75,0.25
1316,6,155.6825,550.5339,450.9240,70.1145,1.000000,0,1
1317,1,140.5333,586.3159,44.3353,20.5856,1.000000,0.125,0.875
1317,2,886.8286,534.1762,382.9390,90.4650,1.000000,0,1
1317,3,182.2553,586.4658,45.8819,17.7819,1.000000,1,0
1317,4,521.5688,580.0482,170.5549,22.9005,1.000000,0.375,0.625
1317,5,877.4790,580.4771,128.8632,17.3690,1.000000,0.625,0.375
1317,6,155.0206,550.5562,450.9100,70.1093,1.000000,0,1
1318,1,140.1182,586.3081,44.3367,20.5821,1.000000,0.1875,0.8125
1318,2,887.1945,534.1854,383.0599,90.4761,1.000000,0,1
1318,3,181.8370,586.4420,45.8824,17.7781,1.000000,1,0
1318,4,522.0953,580.0652,170.5646,22.9034,1.000000,0.25,0.75
1318,5,878.1805,580.4866,128.9379,17.3731,1.000000,0.75,0.25
1318,6,154.3614,550.5765,450.8944,70.1038,1.000000,0,1
1319,1,139.7027,586.2964,44.3381,20.5786,1.000000,0.375,0.625
1319,2,887.5593,534.1937,383.1794,90.4870,1.000000,0,1
1319,3,181.4181,586.4141,45.8831,17.7743,1.000000,1,0
1319,4,522.6215,580.0848,170.5746,22.9063,1.000000,0.1875,0.8125
1319,5,878.8840,580.4974,129.0138,17.3774,1.000000,0.875,0.125
1319,6,153.7068,550.5944,450.8766,70.0979,1.000000,0,1
1320,1,139.2868,586.2816,44.3396,20.5750,1.000000,0.125,0.875
1320,2,887.9231,534.2007,383.2983,90.4976,1.000000,0,1
1320,3,180.9986,586.3834,45.8837,17.7704,1.000000,1,0
1320,4,523.1474,580.1064,170.5851,22.9093,1.000000,0.375,0.625
1320,5,879.5895,580.5090,129.0904,17.3817,1.000000,0.625,0.375
1320,6,153.0553,550.6106,450.8571,70.0917,1.000000,0,1
1321,1,138.8707,586.2640,44.3410,20.5713,1.000000,0.125,0.875
1321,2,888.2863,534.2062,383.4161,90.5080,1.000000,0,1
1321,3,180.5786,586.3506,45.8846,17.7665,1.000000,1,0
1321,4,523.6734,580.1302,170.5958,22.9124,1.000000,0.25,0.75
1321,5,880.2972,580.5206,129.1681,17.3862,1.000000,0.75,0.25
1321,6,152.4055,550.6260,450.8368,70.0852,1.000000,0,1
1322,1,138.4543,586.2424,44.3426,20.5674,1.000000,0.375,0.625
1322,2,888.6482,534.2106,383.5332,90.5181,1.000000,0,1
1322,3,180.1586,586.3143,45.8854,17.7624,1.000000,1,0
1322,4,524.1987,580.1560,170.6068,22.9155,1.000000,0.375,0.625
1322,5,881.0074,580.5338,129.2466,17.3908,1.000000,0.8125,0.1875
1322,6,151.7589,550.6393,450.8137,70.0783,1.000000,0,1
1323,1,138.0376,586.2178,44.3443,20.5636,1.000000,0.3125,0.6875
1323,2,889.0094,534.2134,383.6493,90.5280,1.000000,0,1
1323,3,179.7380,586.2758,45.8864,17.7584,1.000000,1,0
1323,4,524.7232,580.1837,170.6182,22.9187,1.000000,0.125,0.875
1323,5,881.7192,580.5488,129.3264,17.3955,1.000000,0.6875,0.3125
1323,6,151.1152,550.6510,450.7881,70.0707,1.000000,0,1
1324,1,137.6201,586.1908,44.3461,20.5597,1.000000,0.25,0.75
1324,2,889.3701,534.2144,383.7645,90.5376,1.000000,0,1
1324,3,179.3166,586.2358,45.8875,17.7543,1.000000,1,0
1324,4,525.2473,580.2134,170.6299,22.9220,1.000000,0.3125,0.6875
1324,5,882.4324,580.5652,129.4072,17.4004,1.000000,0.8125,0.1875
1324,6,150.4752,550.6617,450.7596,70.0629,1.000000,0,1
1325,1,137.2019,586.1608,44.3480,20.5556,1.000000,0.4375,0.5625
1325,2,889.7299,534.2140,383.8787,90.5470,1.000000,0,1
1325,3,178.8947,586.1925,45.8887,17.7502,1.000000,1,0
1325,4,525.7708,580.2445,170.6420,22.9253,1.000000,0.4375,0.5625
1325,5,883.1470,580.5855,129.4890,17.4054,1.000000,0.75,0.25
1325,6,149.8408,550.6718,450.7286,70.0543,1.000000,0,1
1326,1,136.7829,586.1287,44.3499,20.5517,1.000000,0.375,0.625
1326,2,890.0892,534.2121,383.9924,90.5561,1.000000,0,1
1326,3,178.4724,586.1473,45.8898,17.7459,1.000000,1,0
1326,4,526.2942,580.2761,170.6544,22.9287,1.000000,0.125,0.875
1326,5,883.8632,580.6084,129.5715,17.4106,1.000000,0.875,0.125
1326,6,149.2119,550.6816,450.6944,70.0454,1.000000,0,1
1327,1,136.3629,586.0952,44.3520,20.5477,1.000000,0.3125,0.6875
1327,2,890.4485,534.2084,384.1053,90.5650,1.000000,0,1
1327,3,178.0490,586.1013,45.8913,17.7418,1.000000,1,0
1327,4,526.8175,580.3079,170.6669,22.9321,1.000000,0.1875,0.8125
1327,5,884.5810,580.6332,129.6552,17.4159,1.000000,0.9375,0.0625
1327,6,148.5879,550.6915,450.6579,70.0360,1.000000,0,1
1328,1,135.9414,586.0592,44.3543,20.5437,1.000000,0.25,0.75
1328,2,890.8069,534.2029,384.2180,90.5738,1.000000,0,1
1328,3,177.6251,586.0522,45.8928,17.7376,1.000000,1,0
1328,4,527.3400,580.3398,170.6804,22.9357,1.000000,0.3125,0.6875
1328,5,885.3004,580.6627,129.7399,17.4213,1.000000,0.5625,0.4375
1328,6,147.9712,550.7000,450.6172,70.0259,1.000000,0,1
1329,1,135.5188,586.0220,44.3567,20.5396,1.000000,0.1875,0.8125
1329,2,891.1653,534.1956,384.3293,90.5823,1.000000,0,1
1329,3,177.2005,586.0020,45.8943,17.7333,1.000000,1,0
1329,4,527.8618,580.3722,170.6943,22.9393,1.000000,0.3125,0.6875
1329,5,886.0217,580.6955,129.8254,17.4269,1.000000,1,0
1329,6,147.3608,550.7073,450.5728,70.0152,1.000000,0,1
1330,1,135.0947,585.9841,44.3591,20.5356,1.000000,0.25,0.75
1330,2,891.5236,534.1864,384.4407,90.5906,1.000000,0,1
1330,3,176.7743,585.9520,45.8961,17.7292,1.000000,1,0
1330,4,528.3829,580.4053,170.7086,22.9430,1.000000,0.1875,0.8125
1330,5,886.7449,580.7312,129.9116,17.4325,1.000000,0.875,0.125
1330,6,146.7559,550.7137,450.5252,70.0038,1.000000,0,1
1331,1,134.6685,585.9446,44.3618,20.5316,1.000000,0.1875,0.8125
1331,2,891.8816,534.1757,384.5509,90.5986,1.000000,0,1
1331,3,176.3468,585.9000,45.8979,17.7249,1.000000,1,0
1331,4,528.9028,580.4388,170.7237,22.9468,1.000000,0.25,0.75
1331,5,887.4700,580.7722,129.9986,17.4383,1.000000,0.9375,0.0625
1331,6,146.1590,550.7178,450.4725,69.9915,1.000000,0,1
1332,1,134.2406,585.9045,44.3646,20.5276,1.000000,0.25,0.75
1332,2,892.2395,534.1630,384.6610,90.6064,1.000000,0,1
1332,3,175.9178,585.8471,45.9000,17.7207,1.000000,1,0
1332,4,529.4218,580.4731,170.7394,22.9507,1.000000,0.25,0.75
1332,5,888.1970,580.8174,130.0861,17.4442,1.000000,0.875,0.125
1332,6,145.5681,550.7201,450.4162,69.9786,1.000000,0,1
1333,1,133.8110,585.8644,44.3676,20.5237,1.000000,0.25,0.75
1333,2,892.5977,534.1483,384.7703,90.6140,1.000000,0,1
1333,3,175.4869,585.7941,45.9023,17.7166,1.000000,1,0
1333,4,529.9397,580.5081,170.7556,22.9547,1.000000,0.3125,0.6875
1333,5,888.9258,580.8662,130.1740,17.4502,1.000000,0.875,0.125
1333,6,144.9831,550.7200,450.3560,69.9649,1.000000,0,1
1334,1,133.3799,585.8214,44.3708,20.5198,1.000000,0.25,0.75
1334,2,892.9558,534.1317,384.8792,90.6214,1.000000,0,1
1334,3,175.0553,585.7388,45.9044,17.7124,1.000000,1,0
1334,4,530.4558,580.5443,170.7728,22.9588,1.000000,0.375,0.625
1334,5,889.6564,580.9206,130.2621,17.4563,1.000000,0.75,0.25
1334,6,144.4052,550.7157,450.2910,69.9502,1.000000,0,1
1335,1,132.9474,585.7772,44.3740,20.5160,1.000000,0.25,0.75
1335,2,893.3138,534.1134,384.9875,90.6286,1.000000,0,1
1335,3,174.6233,585.6827,45.9068,17.7082,1.000000,1,0
1335,4,530.9706,580.5822,170.7908,22.9630,1.000000,0.125,0.875
1335,5,890.3883,580.9794,130.3507,17.4623,1.000000,0.875,0.125
1335,6,143.8329,550.7083,450.2224,69.9348,1.000000,0,1
1336,1,132.5130,585.7329,44.3774,20.5120,1.000000,0.1875,0.8125
1336,2,893.6722,534.0933,385.0956,90.6356,1.000000,0,1
1336,3,174.1905,585.6272,45.9092,17.7040,1.000000,1,0
1336,4,531.4843,580.6218,170.8093,22.9673,1.000000,0.5,0.5
1336,5,891.1215,581.0420,130.4390,17.4684,1.000000,0.9375,0.0625
1336,6,143.2665,550.6978,450.1497,69.9187,1.000000,0,1
1337,1,132.0765,585.6865,44.3809,20.5081,1.000000,0.375,0.625
1337,2,894.0306,534.0709,385.2034,90.6425,1.000000,0,1
1337,3,173.7568,585.5696,45.9117,17.6998,1.000000,1,0
1337,4,531.9970,580.6633,170.8284,22.9718,1.000000,0.125,0.875
1337,5,891.8542,581.1117,130.5274,17.4746,1.000000,0.8125,0.1875
1337,6,142.7060,550.6824,450.0731,69.9016,1.000000,0,1
1338,1,131.6385,585.6396,44.3846,20.5043,1.000000,0.3125,0.6875
1338,2,894.3893,534.0469,385.3109,90.6491,1.000000,0,1
1338,3,173.3229,585.5118,45.9140,17.6955,1.000000,1,0
1338,4,532.5092,580.7069,170.8484,22.9764,1.000000,0.1875,0.8125
1338,5,892.5869,581.1859,130.6155,17.4807,1.000000,0.9375,0.0625
1338,6,142.1509,550.6630,449.9929,69.8839,1.000000,0,1
1339,1,131.1990,585.5936,44.3883,20.5004,1.000000,0.375,0.625
1339,2,894.7484,534.0211,385.4178,90.6556,1.000000,0,1
1339,3,172.8878,585.4551,45.9166,17.6914,1.000000,1,0
1339,4,533.0215,580.7526,170.8689,22.9810,1.000000,0.1875,0.8125
1339,5,893.3196,581.2619,130.7032,17.4868,1.000000,0.8125,0.1875
1339,6,141.6006,550.6392,449.9098,69.8655,1.000000,0,1
1340,1,130.7578,585.5466,44.3922,20.4967,1.000000,0.25,0.75
1340,2,895.1075,533.9934,385.5246,90.6619,1.000000,0,1
1340,3,172.4519,585.3965,45.9192,17.6872,1.000000,1,0
1340,4,533.5333,580.8026,170.8904,22.9860,1.000000,0.125,0.875
1340,5,894.0524,581.3415,130.7903,17.4929,1.000000,0.9375,0.0625
1340,6,141.0552,550.6097,449.8232,69.8463,1.000000,0,1
1341,1,130.3153,585.5003,44.3963,20.4929,1.000000,0.1875,0.8125
1341,2,895.4668,533.9640,385.6306,90.6679,1.000000,0,1
1341,3,172.0157,585.3381,45.9218,17.6830,1.000000,1,0
1341,4,534.0447,580.8572,170.9125,22.9910,1.000000,0.1875,0.8125
1341,5,894.7855,581.4233,130.8771,17.4990,1.000000,0.875,0.125
1341,6,140.5140,550.5756,449.7350,69.8266,1.000000,0,1
1342,1,129.8721,585.4557,44.4003,20.4892,1.000000,0.4375,0.5625
1342,2,895.8264,533.9329,385.7363,90.6737,1.000000,0,1
1342,3,171.5789,585.2815,45.9246,17.6789,1.000000,1,0
1342,4,534.5558,580.9161,170.9351,22.9962,1.000000,0.125,0.875
1342,5,895.5189,581.5060,130.9633,17.5049,1.000000,0.6875,0.3125
1342,6,139.9780,550.5372,449.6443,69.8064,1.000000,0,1
1343,1,129.4276,585.4114,44.4043,20.4856,1.000000,0.25,0.75
1343,2,896.1860,533.9000,385.8419,90.6795,1.000000,0,1
1343,3,171.1411,585.2236,45.9275,17.6748,1.000000,1,0
1343,4,535.0665,580.9807,170.9583,23.0014,1.000000,0.25,0.75
1343,5,896.2524,581.5915,131.0487,17.5107,1.000000,0.8125,0.1875
1343,6,139.4477,550.4932,449.5525,69.7859,1.000000,0,1
1344,1,128.9824,585.3683,44.4085,20.4819,1.000000,0.25,0.75
1344,2,896.5457,533.8658,385.9470,90.6850,1.000000,0,1
1344,3,170.7027,585.1663,45.9302,17.6708,1.000000,1,0
1344,4,535.5773,581.0496,170.9818,23.0068,1.000000,0,1
1344,5,896.9862,581.6783,131.1334,17.5166,1.000000,0.875,0.125
1344,6,138.9211,550.4454,449.4598,69.7651,1.000000,0,1
1345,1,128.5371,585.3275,44.4125,20.4785,1.000000,0.3125,0.6875
1345,2,896.9056,533.8303,386.0515,90.6904,1.000000,0,1
1345,3,170.2640,585.1111,45.9333,17.6668,1.000000,1,0
1345,4,536.0886,581.1221,171.0054,23.0122,1.000000,0.125,0.875
1345,5,897.7200,581.7657,131.2175,17.5223,1.000000,0.8125,0.1875
1345,6,138.3975,550.3945,449.3661,69.7439,1.000000,0,1
1346,1,128.0913,585.2872,44.4165,20.4750,1.000000,0.0625,0.9375
1346,2,897.2654,533.7932,386.1556,90.6955,1.000000,0,1
1346,3,169.8242,585.0547,45.9363,17.6629,1.000000,1,0
1346,4,536.6000,581.1992,171.0293,23.0178,1.000000,0,1
1346,5,898.4539,581.8555,131.3007,17.5279,1.000000,0.875,0.125
1346,6,137.8752,550.3382,449.2719,69.7225,1.000000,0,1
1347,1,127.6455,585.2482,44.4206,20.4714,1.000000,0.25,0.75
1347,2,897.6252,533.7551,386.2589,90.7005,1.000000,0,1
1347,3,169.3841,584.9990,45.9394,17.6589,1.000000,1,0
1347,4,537.1119,581.2798,171.0532,23.0234,1.000000,0.0625,0.9375
1347,5,899.1875,581.9465,131.3833,17.5334,1.000000,0.9375,0.0625
1347,6,137.3542,550.2784,449.1768,69.7009,1.000000,0,1
1348,1,127.2000,585.2112,44.4247,20.4680,1.000000,0.25,0.75
1348,2,897.9849,533.7164,386.3615,90.7053,1.000000,0,1
1348,3,168.9436,584.9453,45.9425,17.6551,1.000000,1,0
1348,4,537.6248,581.3625,171.0770,23.0290,1.000000,0.0625,0.9375
1348,5,899.9210,582.0375,131.4651,17.5388,1.000000,0.9375,0.0625
1348,6,136.8336,550.2167,449.0820,69.6792,1.000000,0,1
1349,1,126.7549,585.1746,44.4286,20.4646,1.000000,0.3125,0.6875
1349,2,898.3444,533.6765,386.4633,90.7098,1.000000,0,1
1349,3,168.5025,584.8909,45.9458,17.6512,1.000000,1,0
1349,4,538.1383,581.4488,171.1008,23.0346,1.000000,0.0625,0.9375
1349,5,900.6544,582.1309,131.5460,17.5441,1.000000,0.875,0.125
1349,6,136.3129,550.1516,448.9873,69.6575,1.000000,0,1
1350,1,126.3106,585.1387,44.4324,20.4611,1.000000,0.25,0.75
1350,2,898.7037,533.6358,386.5649,90.7142,1.000000,0,1
1350,3,168.0618,584.8375,45.9489,17.6474,1.000000,1,0
1350,4,538.6527,581.5369,171.1246,23.0403,1.000000,0.0625,0.9375
1350,5,901.3875,582.2249,131.6263,17.5494,1.000000,1,0
1350,6,135.7920,550.0848,448.8929,69.6357,1.000000,0,1
1351,1,125.8669,585.1041,44.4363,20.4578,1.000000,0.125,0.875
1351,2,899.0628,533.5945,386.6652,90.7183,1.000000,0,1
1351,3,167.6223,584.7867,45.9520,17.6437,1.000000,1,0
1351,4,539.1685,581.6257,171.1478,23.0459,1.000000,0,1
1351,5,902.1196,582.3177,131.7054,17.5544,1.000000,1,0
1351,6,135.2702,550.0180,448.7995,69.6141,1.000000,0,1
1352,1,125.4238,585.0696,44.4400,20.4544,1.000000,0.375,0.625
1352,2,899.4216,533.5529,386.7649,90.7223,1.000000,0,1
1352,3,167.1832,584.7360,45.9551,17.6399,1.000000,1,0
1352,4,539.6851,581.7168,171.1712,23.0515,1.000000,0.125,0.875
1352,5,902.8507,582.4122,131.7836,17.5594,1.000000,0.8125,0.1875
1352,6,134.7478,549.9500,448.7062,69.5925,1.000000,0,1
1353,1,124.9815,585.0359,44.4438,20.4509,1.000000,0.25,0.75
1353,2,899.7800,533.5112,386.8636,90.7260,1.000000,0,1
1353,3,166.7448,584.6867,45.9579,17.6361,1.000000,1,0
1353,4,540.2027,581.8087,171.1943,23.0572,1.000000,0.125,0.875
1353,5,903.5804,582.5073,131.8607,17.5643,1.000000,0.875,0.125
1353,6,134.2246,549.8821,448.6138,69.5711,1.000000,0,1
1354,1,124.5398,585.0033,44.4475,20.4476,1.000000,0.25,0.75
1354,2,900.1382,533.4692,386.9615,90.7296,1.000000,0,1
1354,3,166.3065,584.6400,45.9609,17.6324,1.000000,1,0
1354,4,540.7214,581.9002,171.2170,23.0627,1.000000,0.125,0.875
1354,5,904.3085,582.6006,131.9368,17.5690,1.000000,1,0
1354,6,133.7005,549.8163,448.5221,69.5498,1.000000,0,1
1355,1,124.0988,584.9708,44.4512,20.4442,1.000000,0.5,0.5
1355,2,900.4957,533.4271,387.0582,90.7328,1.000000,0,1
1355,3,165.8680,584.5941,45.9638,17.6288,1.000000,1,0
1355,4,541.2407,581.9933,171.2399,23.0683,1.000000,0.0625,0.9375
1355,5,905.0351,582.6942,132.0120,17.5736,1.000000,0.875,0.125
1355,6,133.1737,549.7511,448.4322,69.5289,1.000000,0,1
1356,1,123.6584,584.9388,44.4549,20.4408,1.000000,0.3125,0.6875
1356,2,900.8530,533.3850,387.1539,90.7359,1.000000,0,1
1356,3,165.4297,584.5497,45.9668,17.6252,1.000000,1,0
1356,4,541.7607,582.0869,171.2626,23.0739,1.000000,0.0625,0.9375
1356,5,905.7608,582.7862,132.0861,17.5781,1.000000,1,0
1356,6,132.6452,549.6875,448.3436,69.5083,1.000000,0,1
1357,1,123.2186,584.9078,44.4586,20.4376,1.000000,0.3125,0.6875
1357,2,901.2098,533.3436,387.2487,90.7388,1.000000,0,1
1357,3,164.9913,584.5082,45.9697,17.6218,1.000000,1,0
1357,4,542.2818,582.1794,171.2850,23.0795,1.000000,0.0625,0.9375
1357,5,906.4855,582.8735,132.1590,17.5839,1.000000,0.9375,0.0625
1357,6,132.1149,549.6262,448.2562,69.4878,1.000000,0,1
1358,1,122.7797,584.8766,44.4624,20.4342,1.000000,0.375,0.625
1358,2,901.5662,533.3029,387.3425,90.7415,1.000000,0,1
1358,3,164.5528,584.4674,45.9727,17.6184,1.000000,1,0
1358,4,542.8035,582.2736,171.3073,23.0851,1.000000,0.0625,0.9375
1358,5,907.2094,582.9564,132.2310,17.5926,1.000000,0.875,0.125
1358,6,131.5818,549.5665,448.1705,69.4679,1.000000,0,1
1359,1,122.3418,584.8456,44.4659,20.4309,1.000000,0.25,0.75
1359,2,901.9221,533.2627,387.4355,90.7441,1.000000,0,1
1359,3,164.1146,584.4285,45.9756,17.6149,1.000000,1,0
1359,4,543.3261,582.3680,171.3296,23.0906,1.000000,0,1
1359,5,907.9324,583.0369,132.3019,17.6010,1.000000,1,0
1359,6,131.0460,549.5087,448.0867,69.4483,1.000000,0,1
1360,1,121.9054,584.8151,44.4696,20.4276,1.000000,0.5,0.5
1360,2,902.2777,533.2235,387.5280,90.7466,1.000000,0,1
1360,3,163.6766,584.3923,45.9787,17.6117,1.000000,1,0
1360,4,543.8500,582.4613,171.3514,23.0961,1.000000,0.25,0.75
1360,5,908.6545,583.1139,132.3718,17.6091,1.000000,1,0
1360,6,130.5072,549.4537,448.0049,69.4291,1.000000,0,1
1361,1,121.4708,584.7837,44.4730,20.4242,1.000000,0.375,0.625
1361,2,902.6328,533.1849,387.6197,90.7490,1.000000,0,1
1361,3,163.2392,584.3571,45.9816,17.6085,1.000000,1,0
1361,4,544.3750,582.5563,171.3733,23.1016,1.000000,0,1
1361,5,909.3757,583.1894,132.4406,17.6169,1.000000,0.9375,0.0625
1361,6,129.9648,549.4005,447.9256,69.4104,1.000000,0,1
1362,1,121.0376,584.7516,44.4765,20.4209,1.000000,0.5,0.5
1362,2,902.9875,533.1473,387.7109,90.7514,1.000000,0,1
1362,3,162.8025,584.3235,45.9847,17.6054,1.000000,1,0
1362,4,544.9014,582.6517,171.3948,23.1071,1.000000,0.125,0.875
1362,5,910.0958,583.2622,132.5085,17.6244,1.000000,1,0
1362,6,129.4193,549.3494,447.8478,69.3920,1.000000,0,1
1363,1,120.6059,584.7192,44.4799,20.4174,1.000000,0.25,0.75
1363,2,903.3420,533.1108,387.8018,90.7537,1.000000,0,1
1363,3,162.3661,584.2921,45.9877,17.6023,1.000000,1,0
1363,4,545.4296,582.7461,171.4157,23.1124,1.000000,0.125,0.875
1363,5,910.8146,583.3310,132.5752,17.6316,1.000000,1,0
1363,6,128.8704,549.3005,447.7723,69.3742,1.000000,0,1
1364,1,120.1759,584.6842,44.4832,20.4139,1.000000,0.3125,0.6875
1364,2,903.6962,533.0756,387.8926,90.7561,1.000000,0,1
1364,3,161.9304,584.2621,45.9904,17.5991,1.000000,1,0
1364,4,545.9595,582.8419,171.4365,23.1178,1.000000,0.125,0.875
1364,5,911.5319,583.3978,132.6411,17.6385,1.000000,0.9375,0.0625
1364,6,128.3167,549.2532,447.6988,69.3567,1.000000,0,1
1365,1,119.7477,584.6475,44.4864,20.4103,1.000000,0.375,0.625
1365,2,904.0502,533.0413,387.9834,90.7585,1.000000,0,1
1365,3,161.4953,584.2338,45.9933,17.5961,1.000000,1,0
1365,4,546.4915,582.9297,171.4568,23.1309,1.000000,0,1
1365,5,912.2479,583.4622,132.7059,17.6452,1.000000,0.9375,0.0625
1365,6,127.7585,549.2079,447.6280,69.3397,1.000000,0,1
1366,1,119.3211,584.6094,44.4894,20.4066,1.000000,0.1875,0.8125
1366,2,904.4041,533.0082,388.0741,90.7610,1.000000,0,1
1366,3,161.0606,584.2076,45.9961,17.5931,1.000000,1,0
1366,4,547.0259,583.0156,171.4764,23.1440,1.000000,0,1
1366,5,912.9625,583.5232,132.7698,17.6514,1.000000,0.8125,0.1875
1366,6,127.1968,549.1657,447.5588,69.3231,1.000000,0,1
1367,1,118.8957,584.5681,44.4923,20.4027,1.000000,0.125,0.875
1367,2,904.7577,532.9761,388.1653,90.7637,1.000000,0,1
1367,3,160.6259,584.1828,45.9988,17.5903,1.000000,1,0
1367,4,547.5625,583.1025,171.4957,23.1572,1.000000,0,1
1367,5,913.6755,583.5814,132.8328,17.6574,1.000000,0.9375,0.0625
1367,6,126.6295,549.1262,447.4929,69.3071,1.000000,0,1
1368,1,118.4715,584.5250,44.4951,20.3987,1.000000,0.1875,0.8125
1368,2,905.1112,532.9453,388.2572,90.7664,1.000000,0,1
1368,3,160.1910,584.1595,46.0017,17.5874,1.000000,1,0
1368,4,548.1013,583.1888,171.5145,23.1704,1.000000,0,1
1368,5,914.3872,583.6367,132.8949,17.6631,1.000000,1,0
1368,6,126.0589,549.0896,447.4288,69.2917,1.000000,0,1
1369,1,118.0482,584.4807,44.4980,20.3947,1.000000,0.5,0.5
1369,2,905.4651,532.9163,388.3498,90.7696,1.000000,0,1
1369,3,159.7562,584.1378,46.0045,17.5846,1.000000,1,0
1369,4,548.6425,583.2727,171.5325,23.1830,1.000000,0,1
1369,5,915.0975,583.6879,132.9562,17.6685,1.000000,0.9375,0.0625
1369,6,125.4846,549.0569,447.3672,69.2766,1.000000,0,1
1370,1,117.6263,584.4337,44.5007,20.3906,1.000000,0.4375,0.5625
1370,2,905.8188,532.8886,388.4432,90.7729,1.000000,0,1
1370,3,159.3216,584.1167,46.0074,17.5819,1.000000,1,0
1370,4,549.1861,583.3566,171.5496,23.1957,1.000000,0,1
1370,5,915.8066,583.7358,133.0167,17.6736,1.000000,1,0
1370,6,124.9056,549.0274,447.3082,69.2622,1.000000,0,1
1371,1,117.2054,584.3853,44.5035,20.3864,1.000000,0.1875,0.8125
1371,2,906.1728,532.8622,388.5379,90.7767,1.000000,0,1
1371,3,158.8872,584.0962,46.0104,17.5791,1.000000,1,0
1371,4,549.7318,583.4383,171.5661,23.2080,1.000000,0,1
1371,5,916.5152,583.7798,133.0766,17.6783,1.000000,1,0
1371,6,124.3227,549.0015,447.2517,69.2484,1.000000,0,1
1372,1,116.7854,584.3361,44.5061,20.3822,1.000000,0.375,0.625
1372,2,906.5271,532.8370,388.6338,90.7807,1.000000,0,1
1372,3,158.4530,584.0762,46.0131,17.5764,1.000000,1,0
1372,4,550.2800,583.5157,171.5813,23.2196,1.000000,0,1
1372,5,917.2234,583.8195,133.1358,17.6826,1.000000,1,0
1372,6,123.7367,548.9798,447.1975,69.2350,1.000000,0,1
1373,1,116.3663,584.2841,44.5087,20.3778,1.000000,0.375,0.625
1373,2,906.8816,532.8135,388.7312,90.7851,1.000000,0,1
1373,3,158.0189,584.0565,46.0161,17.5737,1.000000,1,0
1373,4,550.8303,583.5918,171.5959,23.2311,1.000000,0,1
1373,5,917.9315,583.8563,133.1948,17.6868,1.000000,1,0
1373,6,123.1467,548.9624,447.1460,69.2223,1.000000,0,1
1374,1,115.9484,584.2297,44.5112,20.3734,1.000000,0.3125,0.6875
1374,2,907.2363,532.7914,388.8300,90.7899,1.000000,0,1
1374,3,157.5858,584.0367,46.0188,17.5710,1.000000,1,0
1374,4,551.3826,583.6642,171.6097,23.2420,1.000000,0,1
1374,5,918.6392,583.8903,133.2532,17.6907,1.000000,1,0
1374,6,122.5537,548.9493,447.0962,69.2100,1.000000,0,1
1375,1,115.5309,584.1737,44.5137,20.3689,1.000000,0.4375,0.5625
1375,2,907.5916,532.7709,388.9301,90.7951,1.000000,0,1
1375,3,157.1531,584.0168,46.0216,17.5683,1.000000,1,0
1375,4,551.9368,583.7310,171.6225,23.2523,1.000000,0,1
1375,5,919.3460,583.9209,133.3112,17.6942,1.000000,1,0
1375,6,121.9581,548.9407,447.0488,69.1983,1.000000,0,1
1376,1,115.1147,584.1148,44.5161,20.3642,1.000000,0.4375,0.5625
1376,2,907.9470,532.7521,389.0320,90.8008,1.000000,0,1
1376,3,156.7216,583.9963,46.0245,17.5655,1.000000,1,0
1376,4,552.4932,583.7944,171.6344,23.2620,1.000000,0,1
1376,5,920.0519,583.9491,133.3685,17.6976,1.000000,1,0
1376,6,121.3589,548.9368,447.0036,69.1871,1.000000,0,1
1377,1,114.6990,584.0543,44.5184,20.3595,1.000000,0.5,0.5
1377,2,908.3029,532.7354,389.1358,90.8069,1.000000,0,1
1377,3,156.2911,583.9752,46.0272,17.5628,1.000000,1,0
1377,4,553.0512,583.8533,171.6457,23.2713,1.000000,0,1
1377,5,920.7567,583.9746,133.4255,17.7008,1.000000,0.9375,0.0625
1377,6,120.7577,548.9373,446.9598,69.1764,1.000000,0,1
1378,1,114.2834,583.9933,44.5207,20.3548,1.000000,0.375,0.625
1378,2,908.6594,532.7205,389.2408,90.8134,1.000000,0,1
1378,3,155.8609,583.9539,46.0300,17.5600,1.000000,1,0
1378,4,553.6108,583.9067,171.6560,23.2798,1.000000,0,1
1378,5,921.4606,583.9966,133.4821,17.7036,1.000000,1,0
1378,6,120.1541,548.9427,446.9180,69.1660,1.000000,0,1
1379,1,113.8681,583.9308,44.5230,20.3500,1.000000,0.5625,0.4375
1379,2,909.0161,532.7075,389.3476,90.8205,1.000000,0,1
1379,3,155.4315,583.9308,46.0328,17.5572,1.000000,1,0
1379,4,554.1719,583.9561,171.6656,23.2877,1.000000,0,1
1379,5,922.1630,584.0150,133.5382,17.7063,1.000000,1,0
1379,6,119.5472,548.9539,446.8773,69.1563,1.000000,0,1
1380,1,113.4533,583.8679,44.5253,20.3452,1.000000,0.3125,0.6875
1380,2,909.3730,532.6965,389.4561,90.8279,1.000000,0,1
1380,3,155.0024,583.9068,46.0353,17.5543,1.000000,1,0
1380,4,554.7339,584.0010,171.6747,23.2951,1.000000,0,1
1380,5,922.8640,584.0300,133.5936,17.7086,1.000000,1,0
1380,6,118.9373,548.9701,446.8387,69.1468,1.000000,0,1
1381,1,113.0381,583.8054,44.5276,20.3404,1.000000,0.3125,0.6875
1381,2,909.7307,532.6880,389.5659,90.8358,1.000000,0,1
1381,3,154.5739,583.8826,46.0381,17.5514,1.000000,1,0
1381,4,555.2968,584.0409,171.6832,23.3020,1.000000,0,1
1381,5,923.5637,584.0413,133.6484,17.7106,1.000000,1,0
1381,6,118.3259,548.9913,446.8008,69.1378,1.000000,0,1
1382,1,112.6230,583.7426,44.5300,20.3356,1.000000,0.3125,0.6875
1382,2,910.0886,532.6822,389.6770,90.8442,1.000000,0,1
1382,3,154.1460,583.8570,46.0407,17.5485,1.000000,1,0
1382,4,555.8603,584.0767,171.6913,23.3083,1.000000,0,1
1382,5,924.2614,584.0482,133.7030,17.7123,1.000000,1,0
1382,6,117.7116,549.0188,446.7650,69.1293,1.000000,0,1
1383,1,112.2083,583.6801,44.5323,20.3309,1.000000,0.5,0.5
1383,2,910.4471,532.6788,389.7895,90.8528,1.000000,0,1
1383,3,153.7186,583.8311,46.0433,17.5456,1.000000,1,0
1383,4,556.4240,584.1077,171.6993,23.3141,1.000000,0,1
1383,5,924.9575,584.0511,133.7570,17.7136,1.000000,1,0
1383,6,117.0959,549.0519,446.7307,69.1214,1.000000,0,1
1384,1,111.7933,583.6191,44.5347,20.3262,1.000000,0.1875,0.8125
1384,2,910.8063,532.6780,389.9039,90.8621,1.000000,0,1
1384,3,153.2914,583.8057,46.0461,17.5426,1.000000,1,0
1384,4,556.9878,584.1339,171.7068,23.3193,1.000000,0,1
1384,5,925.6522,584.0498,133.8104,17.7147,1.000000,0.8125,0.1875
1384,6,116.4798,549.0898,446.6970,69.1136,1.000000,0,1
1385,1,111.3784,583.5582,44.5370,20.3214,1.000000,0.3125,0.6875
1385,2,911.1657,532.6805,390.0195,90.8717,1.000000,0,1
1385,3,152.8645,583.7795,46.0486,17.5396,1.000000,1,0
1385,4,557.5515,584.1564,171.7140,23.3241,1.000000,0,1
1385,5,926.3452,584.0436,133.8630,17.7153,1.000000,1,0
1385,6,115.8617,549.1342,446.6651,69.1064,1.000000,0,1
1386,1,110.9632,583.4983,44.5394,20.3168,1.000000,0.4375,0.5625
1386,2,911.5256,532.6859,390.1360,90.8816,1.000000,0,1
1386,3,152.4379,583.7534,46.0512,17.5367,1.000000,1,0
1386,4,558.1150,584.1746,171.7209,23.3285,1.000000,0,1
1386,5,927.0368,584.0334,133.9156,17.7157,1.000000,1,0
1386,6,115.2420,549.1838,446.6351,69.0997,1.000000,0,1
1387,1,110.5476,583.4404,44.5420,20.3123,1.000000,0.5625,0.4375
1387,2,911.8863,532.6943,390.2538,90.8920,1.000000,0,1
1387,3,152.0113,583.7284,46.0540,17.5338,1.000000,1,0
1387,4,558.6782,584.1880,171.7279,23.3322,1.000000,0,1
1387,5,927.7278,584.0193,133.9678,17.7157,1.000000,0.9375,0.0625
1387,6,114.6218,549.2377,446.6054,69.0933,1.000000,0,1
1388,1,110.1323,583.3835,44.5445,20.3078,1.000000,0.5,0.5
1388,2,912.2470,532.7068,390.3724,90.9027,1.000000,0,1
1388,3,151.5850,583.7031,46.0568,17.5310,1.000000,1,0
1388,4,559.2413,584.1978,171.7346,23.3356,1.000000,0,1
1388,5,928.4186,583.9995,134.0196,17.7154,1.000000,1,0
1388,6,114.0001,549.2972,446.5777,69.0873,1.000000,0,1
1389,1,109.7164,583.3281,44.5471,20.3034,1.000000,0.875,0.125
1389,2,912.6084,532.7227,390.4919,90.9138,1.000000,0,1
1389,3,151.1592,583.6782,46.0595,17.5281,1.000000,1,0
1389,4,559.8040,584.2039,171.7411,23.3386,1.000000,0,1
1389,5,929.1091,583.9759,134.0712,17.7147,1.000000,1,0
1389,6,113.3776,549.3616,446.5509,69.0818,1.000000,0,1
1390,1,109.2997,583.2753,44.5496,20.2991,1.000000,0.375,0.625
1390,2,912.9706,532.7420,390.6124,90.9253,1.000000,0,1
1390,3,150.7332,583.6543,46.0623,17.5253,1.000000,1,0
1390,4,560.3658,584.2061,171.7482,23.3412,1.000000,0,1
1390,5,929.7991,583.9502,134.1229,17.7141,1.000000,1,0
1390,6,112.7545,549.4307,446.5252,69.0766,1.000000,0,1
1391,1,108.8826,583.2238,44.5525,20.2949,1.000000,0.4375,0.5625
1391,2,913.3330,532.7657,390.7338,90.9371,1.000000,0,1
1391,3,150.3072,583.6304,46.0651,17.5226,1.000000,1,0
1391,4,560.9272,584.2051,171.7549,23.3435,1.000000,0,1
1391,5,930.4875,583.9211,134.1744,17.7131,1.000000,1,0
1391,6,112.1305,549.5052,446.5005,69.0717,1.000000,0,1
1392,1,108.4647,583.1746,44.5552,20.2907,1.000000,0.375,0.625
1392,2,913.6960,532.7933,390.8558,90.9492,1.000000,0,1
1392,3,149.8813,583.6072,46.0679,17.5198,1.000000,1,0
1392,4,561.4880,584.2009,171.7619,23.3455,1.000000,0,1
1392,5,931.1750,583.8900,134.2260,17.7120,1.000000,1,0
1392,6,111.5066,549.5839,446.4762,69.0670,1.000000,0,1
1393,1,108.0458,583.1288,44.5581,20.2868,1.000000,0.375,0.625
1393,2,914.0598,532.8239,390.9787,90.9617,1.000000,0,1
1393,3,149.4553,583.5851,46.0708,17.5171,1.000000,1,0
1393,4,562.0480,584.1937,171.7692,23.3471,1.000000,0,1
1393,5,931.8619,583.8577,134.2776,17.7109,1.000000,1,0
1393,6,110.8830,549.6658,446.4521,69.0625,1.000000,0,1
1394,1,107.6257,583.0848,44.5613,20.2830,1.000000,0.5,0.5
1394,2,914.4238,532.8592,391.1018,90.9743,1.000000,0,1
1394,3,149.0292,583.5630,46.0737,17.5144,1.000000,1,0
1394,4,562.6075,584.1837,171.7767,23.3485,1.000000,0,1
1394,5,932.5475,583.8226,134.3293,17.7096,1.000000,1,0
1394,6,110.2592,549.7526,446.4283,69.0582,1.000000,0,1
1395,1,107.2038,583.0436,44.5644,20.2793,1.000000,0.625,0.375
1395,2,914.7883,532.8982,391.2255,90.9874,1.000000,0,1
1395,3,148.6023,583.5416,46.0766,17.5117,1.000000,1,0
1395,4,563.1664,584.1714,171.7932,23.3497,1.000000,0,1
1395,5,933.2321,583.7861,134.3809,17.7081,1.000000,1,0
1395,6,109.6355,549.8433,446.4048,69.0541,1.000000,0,1
1396,1,106.7795,583.0059,44.5677,20.2758,1.000000,0.1875,0.8125
1396,2,915.1533,532.9403,391.3497,91.0006,1.000000,0,1
1396,3,148.1737,583.5217,46.0798,17.5092,1.000000,1,0
1396,4,563.7244,584.1572,171.8332,23.3508,1.000000,0,1
1396,5,933.9161,583.7492,134.4326,17.7067,1.000000,1,0
1396,6,109.0122,549.9371,446.3814,69.0502,1.000000,0,1
1397,1,106.3534,582.9707,44.5712,20.2724,1.000000,0.6875,0.3125
1397,2,915.5181,532.9870,391.4742,91.0141,1.000000,0,1
1397,3,147.7445,583.5026,46.0829,17.5067,1.000000,1,0
1397,4,564.2819,584.1412,171.8732,23.3517,1.000000,0,1
1397,5,934.5995,583.7106,134.4845,17.7052,1.000000,1,0
1397,6,108.3904,550.0353,446.3572,69.0463,1.000000,0,1
1398,1,105.9258,582.9385,44.5749,20.2692,1.000000,0.375,0.625
1398,2,915.8828,533.0371,391.5991,91.0279,1.000000,0,1
1398,3,147.3146,583.4844,46.0860,17.5042,1.000000,1,0
1398,4,564.8387,584.1235,171.9136,23.3524,1.000000,0,1
1398,5,935.2823,583.6713,134.5365,17.7037,1.000000,1,0
1398,6,107.7699,550.1365,446.3329,69.0424,1.000000,0,1
1399,1,105.4969,582.9100,44.5787,20.2661,1.000000,0.625,0.375
1399,2,916.2478,533.0901,391.7246,91.0419,1.000000,0,1
1399,3,146.8844,583.4674,46.0893,17.5017,1.000000,1,0
1399,4,565.3948,584.1046,171.9545,23.3532,1.000000,0,1
1399,5,935.9651,583.6323,134.5887,17.7022,1.000000,1,0
1399,6,107.1507,550.2399,446.3083,69.0386,1.000000,0,1
1400,1,105.0668,582.8851,44.5825,20.2633,1.000000,0.5625,0.4375
1400,2,916.6125,533.1466,391.8503,91.0561,1.000000,0,1
1400,3,146.4542,583.4513,46.0924,17.4993,1.000000,1,0
1400,4,565.9507,584.0846,171.9955,23.3537,1.000000,0,1
1400,5,936.6478,583.5919,134.6407,17.7006,1.000000,1,0
1400,6,106.5335,550.3465,446.2835,69.0349,1.000000,0,1
1401,1,104.6359,582.8640,44.5864,20.2605,1.000000,0.4375,0.5625
1401,2,916.9775,533.2054,391.9764,91.0705,1.000000,0,1
1401,3,146.0243,583.4363,46.0955,17.4969,1.000000,1,0
1401,4,566.5063,584.0632,172.0367,23.3542,1.000000,0,1
1401,5,937.3304,583.5511,134.6931,17.6991,1.000000,1,0
1401,6,105.9188,550.4548,446.2578,69.0311,1.000000,0,1
1402,1,104.2038,582.8470,44.5904,20.2580,1.000000,0.4375,0.5625
1402,2,917.3428,533.2659,392.1036,91.0852,1.000000,0,1
1402,3,145.5946,583.4223,46.0984,17.4945,1.000000,1,0
1402,4,567.0614,584.0404,172.0783,23.3546,1.000000,0,1
1402,5,938.0132,583.5116,134.7453,17.6975,1.000000,1,0
1402,6,105.3062,550.5638,446.2315,69.0272,1.000000,0,1
1403,1,103.7701,582.8340,44.5946,20.2559,1.000000,0.5625,0.4375
1403,2,917.7080,533.3290,392.2308,91.1002,1.000000,0,1
1403,3,145.1645,583.4094,46.1015,17.4922,1.000000,1,0
1403,4,567.6166,584.0168,172.1198,23.3549,1.000000,0,1
1403,5,938.6968,583.4708,134.7975,17.6960,1.000000,1,0
1403,6,104.6961,550.6756,446.2043,69.0233,1.000000,0,1
1404,1,103.3359,582.8249,44.5988,20.2539,1.000000,0.375,0.625
1404,2,918.0734,533.3936,392.3585,91.1152,1.000000,0,1
1404,3,144.7344,583.3980,46.1046,17.4899,1.000000,1,0
1404,4,568.1716,583.9922,172.1617,23.3551,1.000000,0,1
1404,5,939.3806,583.4302,134.8499,17.6943,1.000000,1,0
1404,6,104.0878,550.7888,446.1769,69.0194,1.000000,0,1
1405,1,101.3681,582.8186,44.6185,20.2454,1.000000,0.5625,0.4375
1405,2,919.7305,533.6697,392.9355,91.1821,1.000000,0,1
1405,3,142.7878,583.3667,46.1186,17.4803,1.000000,1,0
1405,4,570.6790,583.8848,172.3521,23.3567,1.000000,0,1
1405,5,942.4586,583.2704,135.0856,17.6888,1.000000,1,0
1405,6,101.3751,551.2631,446.0350,68.9975,1.000000,0,1
