1,1,642.9603,306.6726,699.5078,126.4131,1.000000,0,1
1,2,297.9711,363.7803,119.8631,50.4303,1.000000,0,1
1,3,86.5829,363.0212,111.1056,54.8481,1.000000,0,1
2,1,642.9603,306.6726,699.5078,126.4131,1.000000,0,1
2,2,297.9711,363.7803,119.8631,50.4303,1.000000,0,1
2,3,86.5829,363.0212,111.1056,54.8481,1.000000,0,1
3,1,642.9603,306.6726,699.5078,126.4131,1.000000,0,1
3,2,297.9711,363.7803,119.8631,50.4303,1.000000,0,1
3,3,86.5829,363.0212,111.1056,54.8481,1.000000,0,1
4,1,642.7236,307.0314,699.4438,126.4084,1.000000,0,1
4,2,298.2845,363.8623,119.8602,50.4400,1.000000,0,1
4,3,86.8675,363.0992,111.1037,54.8568,1.000000,0,1
5,1,642.2827,307.6635,699.3008,126.3954,1.000000,0,1
5,2,298.8341,364.0088,119.8573,50.4585,1.000000,0,1
5,3,87.3669,363.2365,111.1027,54.8732,1.000000,0,1
6,1,641.6871,308.4729,699.0942,126.3753,1.000000,0,1
6,2,299.5428,364.1962,119.8549,50.4825,1.000000,0,1
6,3,88.0121,363.4110,111.1023,54.8947,1.000000,0,1
7,1,640.9629,309.3992,698.8430,126.3509,1.000000,0,1
7,2,300.3705,364.4050,119.8516,50.5097,1.000000,0,1
7,3,88.7708,363.6080,111.1005,54.9188,1.000000,0,1
8,1,640.1526,310.3790,698.5594,126.3230,1.000000,0,1
8,2,301.2649,364.6192,119.8475,50.5380,1.000000,0,1
8,3,89.6071,363.8184,111.0952,54.9430,1.000000,0,1
9,1,639.2776,311.3925,698.2477,126.2921,1.000000,0,1
9,2,302.2039,364.8346,119.8434,50.5668,1.000000,0,1
9,3,90.4947,364.0349,111.0877,54.9672,1.000000,0,1
10,1,638.3506,312.4270,697.9114,126.2581,1.000000,0,1
10,2,303.1754,365.0482,119.8390,50.5959,1.000000,0,1
10,3,91.4194,364.2528,111.0788,54.9914,1.000000,0,1
11,1,637.3917,313.4691,697.5560,126.2216,1.000000,0,1
11,2,304.1667,365.2572,119.8345,50.6249,1.000000,0,1
11,3,92.3698,364.4702,111.0681,55.0150,1.000000,0,1
12,1,636.4088,314.5138,697.1872,126.1833,1.000000,0,1
12,2,305.1717,365.4616,119.8299,50.6536,1.000000,0,1
12,3,93.3404,364.6826,111.0560,55.0378,1.000000,0,1
13,1,635.4070,315.5565,696.8051,126.1432,1.000000,0,1
13,2,306.1867,365.6612,119.8250,50.6820,1.000000,0,1
13,3,94.3348,364.8749,111.0428,55.0588,1.000000,0,1
14,1,634.3947,316.5930,696.4127,126.1015,1.000000,0,1
14,2,307.2073,365.8563,119.8201,50.7099,1.000000,0,1
14,3,95.3522,365.0419,111.0283,55.0777,1.000000,0,1
15,1,633.3744,317.6226,696.0121,126.0585,1.000000,0,1
15,2,308.2321,366.0463,119.8150,50.7376,1.000000,0,1
15,3,96.3892,365.1833,111.0129,55.0945,1.000000,0,1
16,1,632.3483,318.6439,695.6033,126.0142,1.000000,0,1
16,2,309.2600,366.2289,119.8098,50.7645,1.000000,0,1
16,3,97.4443,365.2993,110.9961,55.1091,1.000000,0,1
17,1,631.3199,319.6560,695.1871,125.9687,1.000000,0,1
17,2,310.2933,366.3896,119.8045,50.7897,1.000000,0,1
17,3,98.5121,365.3967,110.9786,55.1221,1.000000,0,1
18,1,630.2897,320.6585,694.7646,125.9220,1.000000,0,1
18,2,311.3357,366.5172,119.7989,50.8122,1.000000,0,1
18,3,99.5888,365.4793,110.9605,55.1338,1.000000,0,1
19,1,629.2581,321.6483,694.3372,125.8744,1.000000,0,1
19,2,312.3883,366.6044,119.7931,50.8315,1.000000,0,1
19,3,100.6730,365.5492,110.9416,55.1444,1.000000,0,1
20,1,628.2271,322.6237,693.9035,125.8255,1.000000,0,1
20,2,313.4506,366.6536,119.7874,50.8475,1.000000,0,1
20,3,101.7622,365.6056,110.9224,55.1537,1.000000,0,1
21,1,627.1976,323.5780,693.4631,125.7756,1.000000,0,1
21,2,314.5200,366.6711,119.7814,50.8610,1.000000,0,1
21,3,102.8540,365.6484,110.9027,55.1620,1.000000,0,1
22,1,626.1667,324.4897,693.0173,125.7245,1.000000,0,1
22,2,315.5948,366.6619,119.7751,50.8722,1.000000,0,1
22,3,103.9462,365.6771,110.8829,55.1692,1.000000,0,1
23,1,625.1323,325.3520,692.5657,125.6725,1.000000,0,1
23,2,316.6737,366.6307,119.7689,50.8817,1.000000,0,1
23,3,105.0373,365.6933,110.8633,55.1755,1.000000,0,1
24,1,624.0954,326.1600,692.1094,125.6198,1.000000,0,1
24,2,317.7550,366.5844,119.7628,50.8901,1.000000,0,1
24,3,106.1256,365.6993,110.8439,55.1811,1.000000,0,1
25,1,623.0562,326.9055,691.6494,125.5663,1.000000,0,1
25,2,318.8371,366.5277,119.7564,50.8974,1.000000,0,1
25,3,107.2087,365.6960,110.8247,55.1862,1.000000,0,1
26,1,622.0162,327.5978,691.1851,125.5121,1.000000,0,1
26,2,319.9206,366.4611,119.7504,50.9041,1.000000,0,1
26,3,108.2878,365.6816,110.8059,55.1905,1.000000,0,1
27,1,620.9753,328.2378,690.7181,125.4574,1.000000,0,1
27,2,321.0042,366.3888,119.7442,50.9103,1.000000,0,1
27,3,109.3620,365.6578,110.7874,55.1943,1.000000,0,1
28,1,619.9337,328.8210,690.2479,125.4022,1.000000,0,1
28,2,322.0870,366.3142,119.7380,50.9162,1.000000,0,1
28,3,110.4289,365.6261,110.7696,55.1978,1.000000,0,1
29,1,618.8911,329.3591,689.7769,125.3467,1.000000,0,1
29,2,323.1691,366.2353,119.7321,50.9219,1.000000,0,1
29,3,111.4893,365.5828,110.7528,55.2008,1.000000,0,1
30,1,617.8479,329.8542,689.3032,125.2908,1.000000,0,1
30,2,324.2496,366.1548,119.7262,50.9274,1.000000,0,1
30,3,112.5431,365.5312,110.7367,55.2035,1.000000,0,1
31,1,616.8037,330.3034,688.8276,125.2346,1.000000,0,1
31,2,325.3278,366.0748,119.7202,50.9330,1.000000,0,1
31,3,113.5894,365.4732,110.7213,55.2061,1.000000,0,1
32,1,615.7589,330.7166,688.3530,125.1785,1.000000,0,1
32,2,326.4058,365.9905,119.7144,50.9383,1.000000,0,1
32,3,114.6290,365.4034,110.7070,55.2082,1.000000,0,1
33,1,614.7137,331.0958,687.8776,125.1222,1.000000,0,1
33,2,327.4830,365.9044,119.7088,50.9435,1.000000,0,1
33,3,115.6617,365.3259,110.6936,55.2102,1.000000,0,1
34,1,613.6675,331.4389,687.4024,125.0659,1.000000,0,1
34,2,328.5592,365.8191,119.7031,50.9487,1.000000,0,1
34,3,116.6862,365.2437,110.6811,55.2121,1.000000,0,1
35,1,612.6207,331.7537,686.9298,125.0102,1.000000,0,1
35,2,329.6365,365.7303,119.6974,50.9536,1.000000,0,1
35,3,117.7041,365.1508,110.6696,55.2138,1.000000,0,1
36,1,611.5732,332.0416,686.4590,124.9547,1.000000,0,1
36,2,330.7144,365.6405,119.6916,50.9584,1.000000,0,1
36,3,118.7162,365.0517,110.6590,55.2153,1.000000,0,1
37,1,610.5255,332.3010,685.9890,124.8995,1.000000,0,1
37,2,331.7925,365.5518,119.6852,50.9631,1.000000,0,1
37,3,119.7219,364.9491,110.6490,55.2168,1.000000,0,1
38,1,609.4766,332.5378,685.5244,124.8451,1.000000,0,1
38,2,332.8724,365.4605,119.6786,50.9674,1.000000,0,1
38,3,120.7223,364.8356,110.6400,55.2181,1.000000,0,1
39,1,608.4279,332.7536,685.0624,124.7913,1.000000,0,1
39,2,333.9536,365.3688,119.6714,50.9715,1.000000,0,1
39,3,121.7168,364.7166,110.6320,55.2193,1.000000,0,1
40,1,607.3787,332.9475,684.6047,124.7382,1.000000,0,1
40,2,335.0359,365.2785,119.6636,50.9754,1.000000,0,1
40,3,122.7055,364.5956,110.6247,55.2206,1.000000,0,1
41,1,606.3290,333.1230,684.1531,124.6862,1.000000,0,1
41,2,336.1204,365.1854,119.6552,50.9789,1.000000,0,1
41,3,123.6912,364.4642,110.6182,55.2217,1.000000,0,1
42,1,605.2792,333.2814,683.7064,124.6350,1.000000,0,1
42,2,337.2066,365.0916,119.6461,50.9821,1.000000,0,1
42,3,124.6732,364.3281,110.6122,55.2225,1.000000,0,1
43,1,604.2296,333.4220,683.2655,124.5849,1.000000,0,1
43,2,338.2941,364.9989,119.6363,50.9850,1.000000,0,1
43,3,125.6501,364.1913,110.6068,55.2235,1.000000,0,1
44,1,603.1797,333.5475,682.8322,124.5362,1.000000,0,1
44,2,339.3839,364.9034,119.6256,50.9873,1.000000,0,1
44,3,126.6237,364.0449,110.6023,55.2244,1.000000,0,1
45,1,602.1296,333.6595,682.4063,124.4887,1.000000,0,1
45,2,340.4754,364.8071,119.6143,50.9894,1.000000,0,1
45,3,127.5943,363.8941,110.5984,55.2251,1.000000,0,1
46,1,601.0803,333.7575,681.9872,124.4426,1.000000,0,1
46,2,341.5685,364.7118,119.6021,50.9910,1.000000,0,1
46,3,128.5614,363.7428,110.5951,55.2260,1.000000,0,1
47,1,600.0309,333.8434,681.5786,124.3982,1.000000,0,1
47,2,342.6627,364.6130,119.5895,50.9923,1.000000,0,1
47,3,129.5259,363.5815,110.5926,55.2266,1.000000,0,1
48,1,598.9818,333.9183,681.1783,124.3554,1.000000,0,1
48,2,343.7579,364.5132,119.5763,50.9932,1.000000,0,1
48,3,130.4867,363.4160,110.5909,55.2273,1.000000,0,1
49,1,597.9333,333.9828,680.7862,124.3140,1.000000,0,1
49,2,344.8541,364.4139,119.5624,50.9939,1.000000,0,1
49,3,131.4426,363.2513,110.5899,55.2284,1.000000,0,1
50,1,596.8841,334.0384,680.4046,124.2746,1.000000,0,1
50,2,345.9521,364.3107,119.5484,50.9941,1.000000,0,1
50,3,132.3961,363.0774,110.5899,55.2293,1.000000,0,1
51,1,595.8342,334.0863,680.0315,124.2367,1.000000,0,1
51,2,347.0508,364.2068,119.5339,50.9942,1.000000,0,1
51,3,133.3457,362.9005,110.5907,55.2302,1.000000,0,1
52,1,594.7828,334.1274,679.6672,124.2004,1.000000,0,1
52,2,348.1495,364.1048,119.5195,50.9944,1.000000,0,1
52,3,134.2894,362.7254,110.5923,55.2317,1.000000,0,1
53,1,593.7294,334.1639,679.3115,124.1657,1.000000,0,1
53,2,349.2485,363.9998,119.5051,50.9944,1.000000,0,1
53,3,135.2307,362.5423,110.5951,55.2331,1.000000,0,1
54,1,592.6749,334.1967,678.9613,124.1320,1.000000,0,1
54,2,350.3473,363.8947,119.4908,50.9945,1.000000,0,1
54,3,136.1674,362.3573,110.5986,55.2348,1.000000,0,1
55,1,591.6191,334.2261,678.6172,124.0997,1.000000,0,1
55,2,351.4449,363.7924,119.4767,50.9948,1.000000,0,1
55,3,137.0967,362.1757,110.6033,55.2372,1.000000,0,1
56,1,590.5612,334.2545,678.2820,124.0688,1.000000,0,1
56,2,352.5419,363.6880,119.4631,50.9952,1.000000,0,1
56,3,138.0225,361.9886,110.6093,55.2398,1.000000,0,1
57,1,589.5025,334.2821,677.9509,124.0386,1.000000,0,1
57,2,353.6383,363.5846,119.4498,50.9959,1.000000,0,1
57,3,138.9433,361.8030,110.6159,55.2428,1.000000,0,1
58,1,588.4435,334.3090,677.6231,124.0093,1.000000,0,1
58,2,354.7343,363.4843,119.4367,50.9968,1.000000,0,1
58,3,139.8573,361.6242,110.6236,55.2468,1.000000,0,1
59,1,587.3840,334.3371,677.3004,123.9807,1.000000,0,1
59,2,355.8295,363.3828,119.4243,50.9980,1.000000,0,1
59,3,140.7674,361.4409,110.6325,55.2510,1.000000,0,1
60,1,586.3242,334.3663,676.9810,123.9527,1.000000,0,1
60,2,356.9236,363.2827,119.4124,50.9995,1.000000,0,1
60,3,141.6726,361.2599,110.6424,55.2559,1.000000,0,1
61,1,585.2644,334.3967,676.6641,123.9253,1.000000,0,1
61,2,358.0172,363.1862,119.4007,51.0014,1.000000,0,1
61,3,142.5722,361.0877,110.6536,55.2619,1.000000,0,1
62,1,584.2052,334.4294,676.3492,123.8982,1.000000,0,1
62,2,359.1110,363.0889,119.3897,51.0035,1.000000,0,1
62,3,143.4715,360.9140,110.6654,55.2683,1.000000,0,1
63,1,583.1468,334.4639,676.0357,123.8712,1.000000,0,1
63,2,360.2053,362.9934,119.3790,51.0060,1.000000,0,1
63,3,144.3672,360.7458,110.6786,55.2755,1.000000,0,1
64,1,582.0892,334.5001,675.7222,123.8442,1.000000,0,1
64,2,361.3004,362.9017,119.3687,51.0089,1.000000,0,1
64,3,145.2573,360.5906,110.6926,55.2843,1.000000,0,1
65,1,581.0338,334.5390,675.4072,123.8169,1.000000,0,1
65,2,362.3979,362.8090,119.3591,51.0121,1.000000,0,1
65,3,146.1473,360.4424,110.7072,55.2938,1.000000,0,1
66,1,579.9803,334.5800,675.0909,123.7893,1.000000,0,1
66,2,363.4976,362.7188,119.3497,51.0156,1.000000,0,1
66,3,147.0367,360.3043,110.7220,55.3041,1.000000,0,1
67,1,578.9283,334.6222,674.7743,123.7615,1.000000,0,1
67,2,364.5987,362.6351,119.3405,51.0198,1.000000,0,1
67,3,147.9249,360.1793,110.7371,55.3156,1.000000,0,1
68,1,577.8793,334.6663,674.4551,123.7332,1.000000,0,1
68,2,365.7004,362.5548,119.3318,51.0245,1.000000,0,1
68,3,148.8163,360.0632,110.7519,55.3276,1.000000,0,1
69,1,576.8328,334.7119,674.1342,123.7044,1.000000,0,1
69,2,366.8023,362.4786,119.3232,51.0298,1.000000,0,1
69,3,149.7093,359.9539,110.7668,55.3435,1.000000,0,1
70,1,575.7889,334.7590,673.8101,123.6751,1.000000,0,1
70,2,367.9037,362.4073,119.3152,51.0356,1.000000,0,1
70,3,150.6037,359.8528,110.7815,55.3640,1.000000,0,1
71,1,574.7482,334.8070,673.4832,123.6450,1.000000,0,1
71,2,369.0058,362.3380,119.3076,51.0417,1.000000,0,1
71,3,151.5036,359.7619,110.7955,55.3843,1.000000,0,1
72,1,573.7103,334.8560,673.1540,123.6145,1.000000,0,1
72,2,370.1079,362.2715,119.3004,51.0483,1.000000,0,1
72,3,152.4073,359.6820,110.8090,55.4044,1.000000,0,1
73,1,572.6748,334.9063,672.8234,123.5836,1.000000,0,1
73,2,371.2098,362.2091,119.2934,51.0554,1.000000,0,1
73,3,153.3141,359.6152,110.8219,55.4242,1.000000,0,1
74,1,571.6429,334.9570,672.4883,123.5518,1.000000,0,1
74,2,372.3114,362.1488,119.2870,51.0628,1.000000,0,1
74,3,154.2264,359.5594,110.8342,55.4437,1.000000,0,1
75,1,570.6141,335.0077,672.1502,123.5193,1.000000,0,1
75,2,373.4123,362.0905,119.2811,51.0708,1.000000,0,1
75,3,155.1421,359.5141,110.8459,55.4630,1.000000,0,1
76,1,569.5879,335.0588,671.8104,123.4865,1.000000,0,1
76,2,374.5127,362.0342,119.2757,51.0790,1.000000,0,1
76,3,156.0606,359.4791,110.8571,55.4822,1.000000,0,1
77,1,568.5651,335.1095,671.4661,123.4527,1.000000,0,1
77,2,375.6125,361.9805,119.2708,51.0877,1.000000,0,1
77,3,156.9839,359.4542,110.8676,55.5010,1.000000,0,1
78,1,567.5448,335.1596,671.1202,123.4185,1.000000,0,1
78,2,376.7114,361.9294,119.2662,51.0968,1.000000,0,1
78,3,157.9101,359.4385,110.8775,55.5196,1.000000,0,1
79,1,566.5275,335.2092,670.7735,123.3841,1.000000,0,1
79,2,377.8088,361.8812,119.2622,51.1064,1.000000,0,1
79,3,158.8382,359.4319,110.8873,55.5380,1.000000,0,1
80,1,565.5134,335.2578,670.4251,123.3491,1.000000,0,1
80,2,378.9052,361.8354,119.2587,51.1163,1.000000,0,1
80,3,159.7696,359.4356,110.8961,55.5561,1.000000,0,1
81,1,564.5020,335.3055,670.0763,123.3140,1.000000,0,1
81,2,380.0000,361.7924,119.2556,51.1268,1.000000,0,1
81,3,160.7021,359.4481,110.9044,55.5739,1.000000,0,1
82,1,563.4937,335.3524,669.7271,123.2789,1.000000,0,1
82,2,381.0923,361.7538,119.2533,51.1379,1.000000,0,1
82,3,161.6342,359.4694,110.9128,55.5918,1.000000,0,1
83,1,562.4883,335.3963,669.3779,123.2436,1.000000,0,1
83,2,382.1823,361.7180,119.2516,51.1494,1.000000,0,1
83,3,162.5676,359.5000,110.9204,55.6093,1.000000,0,1
84,1,561.4850,335.4377,669.0300,123.2083,1.000000,0,1
84,2,383.2706,361.6856,119.2502,51.1614,1.000000,0,1
84,3,163.5010,359.5368,110.9277,55.6266,1.000000,0,1
85,1,560.4844,335.4765,668.6816,123.1731,1.000000,0,1
85,2,384.3567,361.6579,119.2492,51.1740,1.000000,0,1
85,3,164.4330,359.5794,110.9352,55.6440,1.000000,0,1
86,1,559.4852,335.5117,668.3348,123.1379,1.000000,0,1
86,2,385.4402,361.6341,119.2487,51.1870,1.000000,0,1
86,3,165.3656,359.6293,110.9420,55.6612,1.000000,0,1
87,1,558.4871,335.5442,667.9904,123.1031,1.000000,0,1
87,2,386.5219,361.6141,119.2484,51.2005,1.000000,0,1
87,3,166.2983,359.6851,110.9487,55.6783,1.000000,0,1
88,1,557.4908,335.5744,667.6483,123.0688,1.000000,0,1
88,2,387.6014,361.5985,119.2486,51.2145,1.000000,0,1
88,3,167.2298,359.7469,110.9557,55.6954,1.000000,0,1
89,1,556.4954,335.6000,667.3083,123.0349,1.000000,0,1
89,2,388.6783,361.5883,119.2490,51.2291,1.000000,0,1
89,3,168.1620,359.8140,110.9624,55.7124,1.000000,0,1
90,1,555.5010,335.6219,666.9703,123.0012,1.000000,0,1
90,2,389.7531,361.5830,119.2498,51.2443,1.000000,0,1
90,3,169.0947,359.8864,110.9688,55.7294,1.000000,0,1
91,1,554.5079,335.6398,666.6356,122.9680,1.000000,0,1
91,2,390.8263,361.5832,119.2508,51.2600,1.000000,0,1
91,3,170.0268,359.9634,110.9756,55.7464,1.000000,0,1
92,1,553.5156,335.6526,666.3039,122.9354,1.000000,0,1
92,2,391.8978,361.5902,119.2519,51.2763,1.000000,0,1
92,3,170.9604,360.0421,110.9820,55.7665,1.000000,0,1
93,1,552.5239,335.6614,665.9751,122.9033,1.000000,0,1
93,2,392.9678,361.6027,119.2533,51.2931,1.000000,0,1
93,3,171.8950,360.1223,110.9881,55.7893,1.000000,0,1
94,1,551.5330,335.6673,665.6492,122.8717,1.000000,0,1
94,2,394.0364,361.6201,119.2551,51.3106,1.000000,0,1
94,3,172.8304,360.2070,110.9942,55.8124,1.000000,0,1
95,1,550.5423,335.6684,665.3273,122.8408,1.000000,0,1
95,2,395.1031,361.6448,119.2570,51.3287,1.000000,0,1
95,3,173.7683,360.2977,110.9999,55.8357,1.000000,0,1
96,1,549.5519,335.6657,665.0103,122.8108,1.000000,0,1
96,2,396.1684,361.6748,119.2593,51.3475,1.000000,0,1
96,3,174.7084,360.3929,111.0054,55.8593,1.000000,0,1
97,1,548.5627,335.6594,664.6959,122.7812,1.000000,0,1
97,2,397.2331,361.7085,119.2619,51.3666,1.000000,0,1
97,3,175.6509,360.4924,111.0103,55.8830,1.000000,0,1
98,1,547.5732,335.6491,664.3861,122.7524,1.000000,0,1
98,2,398.2962,361.7491,119.2645,51.3864,1.000000,0,1
98,3,176.5973,360.5984,111.0147,55.9070,1.000000,0,1
99,1,546.5839,335.6354,664.0806,122.7245,1.000000,0,1
99,2,399.3586,361.7946,119.2676,51.4068,1.000000,0,1
99,3,177.5473,360.7090,111.0184,55.9311,1.000000,0,1
100,1,545.5950,335.6182,663.7792,122.6972,1.000000,0,1
100,2,400.4208,361.8434,119.2709,51.4276,1.000000,0,1
100,3,178.5008,360.8226,111.0216,55.9551,1.000000,0,1
101,1,544.6060,335.5977,663.4804,122.6705,1.000000,0,1
101,2,401.4814,361.8988,119.2745,51.4491,1.000000,0,1
101,3,179.4576,360.9429,111.0240,55.9793,1.000000,0,1
102,1,543.6157,335.5747,663.1866,122.6446,1.000000,0,1
102,2,402.5416,361.9584,119.2784,51.4711,1.000000,0,1
102,3,180.4176,361.0682,111.0257,56.0035,1.000000,0,1
103,1,542.6240,335.5497,662.8979,122.6198,1.000000,0,1
103,2,403.6022,362.0197,119.2827,51.4935,1.000000,0,1
103,3,181.3817,361.1960,111.0267,56.0277,1.000000,0,1
104,1,541.6297,335.5219,662.6122,122.5956,1.000000,0,1
104,2,404.6618,362.0874,119.2873,51.5165,1.000000,0,1
104,3,182.3497,361.3273,111.0272,56.0518,1.000000,0,1
105,1,540.6335,335.4924,662.3301,122.5721,1.000000,0,1
105,2,405.7211,362.1584,119.2923,51.5400,1.000000,0,1
105,3,183.3219,361.4602,111.0270,56.0759,1.000000,0,1
106,1,539.6363,335.4613,662.0521,122.5493,1.000000,0,1
106,2,406.7805,362.2303,119.2978,51.5638,1.000000,0,1
106,3,184.2980,361.5935,111.0264,56.0998,1.000000,0,1
107,1,538.6376,335.4287,661.7770,122.5272,1.000000,0,1
107,2,407.8397,362.3080,119.3035,51.5882,1.000000,0,1
107,3,185.2779,361.7305,111.0252,56.1237,1.000000,0,1
108,1,537.6377,335.3945,661.5055,122.5057,1.000000,0,1
108,2,408.8992,362.3886,119.3096,51.6130,1.000000,0,1
108,3,186.2613,361.8688,111.0235,56.1475,1.000000,0,1
109,1,536.6370,335.3583,661.2366,122.4847,1.000000,0,1
109,2,409.9600,362.4694,119.3160,51.6381,1.000000,0,1
109,3,187.2488,362.0069,111.0213,56.1711,1.000000,0,1
110,1,535.6363,335.3198,660.9693,122.4641,1.000000,0,1
110,2,411.0202,362.5555,119.3229,51.6638,1.000000,0,1
110,3,188.2394,362.1475,111.0186,56.1947,1.000000,0,1
111,1,534.6351,335.2788,660.7048,122.4439,1.000000,0,1
111,2,412.0810,362.6437,119.3301,51.6899,1.000000,0,1
111,3,189.2326,362.2877,111.0156,56.2182,1.000000,0,1
112,1,533.6340,335.2355,660.4427,122.4241,1.000000,0,1
112,2,413.1432,362.7315,119.3378,51.7163,1.000000,0,1
112,3,190.2282,362.4255,111.0122,56.2413,1.000000,0,1
113,1,532.6331,335.1899,660.1823,122.4047,1.000000,0,1
113,2,414.2056,362.8241,119.3458,51.7431,1.000000,0,1
113,3,191.2255,362.5646,111.0087,56.2644,1.000000,0,1
114,1,531.6325,335.1415,659.9244,122.3857,1.000000,0,1
114,2,415.2694,362.9177,119.3539,51.7702,1.000000,0,1
114,3,192.2245,362.7024,111.0049,56.2875,1.000000,0,1
115,1,530.6323,335.0891,659.6691,122.3672,1.000000,0,1
115,2,416.3349,363.0097,119.3626,51.7974,1.000000,0,1
115,3,193.2254,362.8366,111.0009,56.3100,1.000000,0,1
116,1,529.6328,335.0341,659.4148,122.3488,1.000000,0,1
116,2,417.4010,363.1075,119.3714,51.8252,1.000000,0,1
116,3,194.2270,362.9709,110.9968,56.3326,1.000000,0,1
117,1,528.6341,334.9770,659.1614,122.3306,1.000000,0,1
117,2,418.4681,363.2072,119.3806,51.8534,1.000000,0,1
117,3,195.2294,363.1035,110.9927,56.3551,1.000000,0,1
118,1,527.6362,334.9174,658.9104,122.3127,1.000000,0,1
118,2,419.5374,363.3053,119.3900,51.8816,1.000000,0,1
118,3,196.2324,363.2321,110.9886,56.3773,1.000000,0,1
119,1,526.6392,334.8540,658.6602,122.2950,1.000000,0,1
119,2,420.6078,363.4080,119.3994,51.9102,1.000000,0,1
119,3,197.2361,363.3592,110.9843,56.3994,1.000000,0,1
120,1,525.6426,334.7882,658.4116,122.2775,1.000000,0,1
120,2,421.6802,363.5123,119.4091,51.9391,1.000000,0,1
120,3,198.2399,363.4833,110.9803,56.4214,1.000000,0,1
121,1,524.6470,334.7218,658.1641,122.2603,1.000000,0,1
121,2,422.7551,363.6161,119.4188,51.9680,1.000000,0,1
121,3,199.2441,363.6028,110.9764,56.4431,1.000000,0,1
122,1,523.6519,334.6529,657.9171,122.2431,1.000000,0,1
122,2,423.8315,363.7256,119.4285,51.9975,1.000000,0,1
122,3,200.2492,363.7205,110.9725,56.4647,1.000000,0,1
123,1,522.6574,334.5827,657.6703,122.2260,1.000000,0,1
123,2,424.9102,363.8370,119.4382,52.0272,1.000000,0,1
123,3,201.2554,363.8343,110.9689,56.4862,1.000000,0,1
124,1,521.6625,334.5137,657.4250,122.2090,1.000000,0,1
124,2,425.9917,363.9469,119.4478,52.0568,1.000000,0,1
124,3,202.2642,363.9390,110.9653,56.5071,1.000000,0,1
125,1,520.6666,334.4446,657.1776,122.1918,1.000000,0,1
125,2,427.0749,364.0622,119.4572,52.0868,1.000000,0,1
125,3,203.2730,364.0415,110.9621,56.5279,1.000000,0,1
126,1,519.6691,334.3765,656.9296,122.1745,1.000000,0,1
126,2,428.1608,364.1793,119.4663,52.1169,1.000000,0,1
126,3,204.2831,364.1383,110.9589,56.5484,1.000000,0,1
127,1,518.6707,334.3100,656.6812,122.1570,1.000000,0,1
127,2,429.2505,364.2952,119.4753,52.1468,1.000000,0.1875,0.8125
127,3,205.2942,364.2266,110.9562,56.5686,1.000000,0,1
128,1,517.6711,334.2435,656.4321,122.1396,1.000000,0,1
128,2,430.3432,364.4162,119.4838,52.1771,1.000000,0,1
128,3,206.3043,364.3130,110.9536,56.5887,1.000000,0,1
129,1,516.6708,334.1782,656.1837,122.1222,1.000000,0,1
129,2,431.4398,364.5390,119.4919,52.2074,1.000000,0.03125,0.96875
129,3,207.3141,364.3953,110.9514,56.6087,1.000000,0,1
130,1,515.6702,334.1153,655.9355,122.1048,1.000000,0,1
130,2,432.5406,364.6607,119.4996,52.2376,1.000000,0.03125,0.96875
130,3,208.3232,364.4726,110.9497,56.6285,1.000000,0,1
131,1,514.6689,334.0540,655.6878,122.0876,1.000000,0,1
131,2,433.6447,364.7878,119.5067,52.2679,1.000000,0.0625,0.9375
131,3,209.3291,364.5498,110.9485,56.6487,1.000000,0,1
132,1,513.6670,333.9946,655.4404,122.0705,1.000000,0,1
132,2,434.7526,364.9162,119.5130,52.2981,1.000000,0.0625,0.9375
132,3,210.3331,364.6245,110.9478,56.6688,1.000000,0,1
133,1,512.6643,333.9363,655.1935,122.0534,1.000000,0,1
133,2,435.8649,365.0427,119.5188,52.3279,1.000000,0.03125,0.96875
133,3,211.3353,364.6951,110.9478,56.6890,1.000000,0,1
134,1,511.6607,333.8788,654.9470,122.0366,1.000000,0,1
134,2,436.9803,365.1740,119.5237,52.3579,1.000000,0.09375,0.90625
134,3,212.3336,364.7665,110.9482,56.7096,1.000000,0,1
135,1,510.6563,333.8227,654.7017,122.0198,1.000000,0,1
135,2,438.0992,365.3058,119.5279,52.3876,1.000000,0.125,0.875
135,3,213.3290,364.8363,110.9494,56.7303,1.000000,0,1
136,1,509.6508,333.7683,654.4575,122.0033,1.000000,0,1
136,2,439.2220,365.4340,119.5315,52.4168,1.000000,0.09375,0.90625
136,3,214.3219,364.9021,110.9514,56.7511,1.000000,0,1
137,1,508.6448,333.7147,654.2146,121.9870,1.000000,0,1
137,2,440.3469,365.5656,119.5344,52.4460,1.000000,0.3125,0.6875
137,3,215.3103,364.9683,110.9541,56.7723,1.000000,0,1
138,1,507.6384,333.6621,653.9719,121.9709,1.000000,0,1
138,2,441.4744,365.6966,119.5365,52.4749,1.000000,0.21875,0.78125
138,3,216.2955,365.0331,110.9574,56.7937,1.000000,0,1
139,1,506.6317,333.6120,653.7302,121.9548,1.000000,0,1
139,2,442.6046,365.8234,119.5382,52.5033,1.000000,0.21875,0.78125
139,3,217.2782,365.0949,110.9615,56.8152,1.000000,0,1
140,1,505.6248,333.5633,653.4890,121.9389,1.000000,0,1
140,2,443.7356,365.9521,119.5393,52.5316,1.000000,0.125,0.875
140,3,218.2559,365.1583,110.9664,56.8373,1.000000,0,1
141,1,504.6183,333.5170,653.2477,121.9230,1.000000,0,1
141,2,444.8683,366.0786,119.5398,52.5595,1.000000,0.34375,0.65625
141,3,219.2300,365.2216,110.9721,56.8597,1.000000,0,1
142,1,503.6125,333.4743,653.0066,121.9071,1.000000,0,1
142,2,446.0031,366.1998,119.5399,52.5867,1.000000,0.21875,0.78125
142,3,220.2009,365.2837,110.9786,56.8825,1.000000,0,1
143,1,502.6068,333.4344,652.7674,121.8914,1.000000,0,1
143,2,447.1373,366.3211,119.5394,52.6137,1.000000,0.125,0.875
143,3,221.1661,365.3477,110.9862,56.9057,1.000000,0,1
144,1,501.6021,333.3983,652.5280,121.8757,1.000000,0,1
144,2,448.2716,366.4393,119.5385,52.6403,1.000000,0.3125,0.6875
144,3,222.1274,365.4127,110.9943,56.9295,1.000000,0,1
145,1,500.5988,333.3676,652.2877,121.8598,1.000000,0,1
145,2,449.4060,366.5513,119.5376,52.6663,1.000000,0.21875,0.78125
145,3,223.0857,365.4781,111.0032,56.9536,1.000000,0,1
146,1,499.5974,333.3420,652.0464,121.8437,1.000000,0,1
146,2,450.5383,366.6628,119.5364,52.6922,1.000000,0.21875,0.78125
146,3,224.0395,365.5472,111.0128,56.9783,1.000000,0,1
147,1,498.5974,333.3221,651.8047,121.8275,1.000000,0,1
147,2,451.6697,366.7707,119.5350,52.7176,1.000000,0.375,0.625
147,3,224.9910,365.6185,111.0231,57.0035,1.000000,0,1
148,1,497.5983,333.3097,651.5641,121.8113,1.000000,0,1
148,2,452.8007,366.8718,119.5333,52.7424,1.000000,0.21875,0.78125
148,3,225.9416,365.6910,111.0336,57.0290,1.000000,0,1
149,1,496.5991,333.3048,651.3218,121.7949,1.000000,0,1
149,2,453.9282,366.9714,119.5316,52.7670,1.000000,0.34375,0.65625
149,3,226.8900,365.7674,111.0446,57.0550,1.000000,0,1
150,1,495.6006,333.3077,651.0764,121.7779,1.000000,0,1
150,2,455.0541,367.0670,119.5300,52.7912,1.000000,0.375,0.625
150,3,227.8380,365.8464,111.0560,57.0815,1.000000,0,1
151,1,494.6029,333.3193,650.8273,121.7601,1.000000,0,1
151,2,456.1790,367.1564,119.5283,52.8148,1.000000,0.40625,0.59375
151,3,228.7868,365.9275,111.0676,57.1081,1.000000,0,1
152,1,493.6064,333.3409,650.5739,121.7416,1.000000,0,1
152,2,457.3010,367.2430,119.5263,52.8381,1.000000,0.375,0.625
152,3,229.7369,366.0138,111.0791,57.1352,1.000000,0,1
153,1,492.6109,333.3723,650.3170,121.7223,1.000000,0,1
153,2,458.4211,367.3253,119.5243,52.8610,1.000000,0.5,0.5
153,3,230.6887,366.1042,111.0905,57.1625,1.000000,0,1
154,1,491.6160,333.4144,650.0576,121.7025,1.000000,0,1
154,2,459.5398,367.4022,119.5223,52.8834,1.000000,0.5,0.5
154,3,231.6432,366.1979,111.1017,57.1901,1.000000,0,1
155,1,490.6238,333.4669,649.7911,121.6814,1.000000,0,1
155,2,460.6556,367.4765,119.5203,52.9055,1.000000,0.34375,0.65625
155,3,232.6010,366.2988,111.1124,57.2179,1.000000,0,1
156,1,489.6331,333.5280,649.5197,121.6592,1.000000,0,1
156,2,461.7703,367.5479,119.5181,52.9273,1.000000,0.46875,0.53125
156,3,233.5625,366.4049,111.1223,57.2460,1.000000,0,1
157,1,488.6443,333.5973,649.2427,121.6359,1.000000,0,1
157,2,462.8848,367.6149,119.5157,52.9487,1.000000,0.625,0.375
157,3,234.5276,366.5148,111.1318,57.2740,1.000000,0,1
158,1,487.6578,333.6767,648.9604,121.6115,1.000000,0,1
158,2,463.9963,367.6797,119.5134,52.9698,1.000000,0.5625,0.4375
158,3,235.4975,366.6321,111.1405,57.3023,1.000000,0,1
159,1,486.6730,333.7637,648.6727,121.5861,1.000000,0,1
159,2,465.1076,367.7416,119.5108,52.9906,1.000000,0.53125,0.46875
159,3,236.4720,366.7546,111.1482,57.3305,1.000000,0,1
160,1,485.6906,333.8569,648.3794,121.5595,1.000000,0,1
160,2,466.2197,367.7999,119.5079,53.0110,1.000000,0.625,0.375
160,3,237.4509,366.8802,111.1550,57.3586,1.000000,0,1
161,1,484.7106,333.9567,648.0801,121.5318,1.000000,0,1
161,2,467.3309,367.8561,119.5046,53.0309,1.000000,0.65625,0.34375
161,3,238.4335,367.0131,111.1610,57.3868,1.000000,0,1
162,1,483.7326,334.0608,647.7759,121.5030,1.000000,0,1
162,2,468.4427,367.9099,119.5009,53.0505,1.000000,0.53125,0.46875
162,3,239.4199,367.1505,111.1660,57.4149,1.000000,0,1
163,1,482.7566,334.1680,647.4663,121.4732,1.000000,0,1
163,2,469.5566,367.9607,119.4966,53.0696,1.000000,0.53125,0.46875
163,3,240.4106,367.2899,111.1699,57.4428,1.000000,0,1
164,1,481.7827,334.2789,647.1526,121.4424,1.000000,0,1
164,2,470.6713,368.0094,119.4918,53.0883,1.000000,0.6875,0.3125
164,3,241.4055,367.4353,111.1733,57.4706,1.000000,0,1
165,1,480.8113,334.3914,646.8328,121.4106,1.000000,0,1
165,2,471.7881,368.0561,119.4863,53.1066,1.000000,0.65625,0.34375
165,3,242.4037,367.5839,111.1757,57.4984,1.000000,0,1
166,1,479.8417,334.5038,646.5079,121.3777,1.000000,0,1
166,2,472.9080,368.1003,119.4802,53.1244,1.000000,0.53125,0.46875
166,3,243.4050,367.7334,111.1775,57.5260,1.000000,0,1
167,1,478.8737,334.6172,646.1800,121.3441,1.000000,0,1
167,2,474.0307,368.1420,119.4732,53.1416,1.000000,0.59375,0.40625
167,3,244.4103,367.8876,111.1784,57.5535,1.000000,0,1
168,1,477.9078,334.7305,645.8471,121.3095,1.000000,0,1
168,2,475.1569,368.1812,119.4654,53.1583,1.000000,0.71875,0.28125
168,3,245.4191,368.0443,111.1785,57.5809,1.000000,0,1
169,1,476.9437,334.8425,645.5090,121.2739,1.000000,0,1
169,2,476.2868,368.2177,119.4569,53.1745,1.000000,0.71875,0.28125
169,3,246.4320,368.1985,111.1780,57.6078,1.000000,0,1
170,1,475.9806,334.9538,645.1674,121.2375,1.000000,0,1
170,2,477.4199,368.2515,119.4475,53.1900,1.000000,0.5625,0.4375
170,3,247.4474,368.3565,111.1769,57.6347,1.000000,0,1
171,1,475.0189,335.0636,644.8218,121.2004,1.000000,0,1
171,2,478.5565,368.2820,119.4374,53.2051,1.000000,0.78125,0.21875
171,3,248.4664,368.5141,111.1752,57.6613,1.000000,0,1
172,1,474.0584,335.1705,644.4718,121.1624,1.000000,0,1
172,2,479.6972,368.3081,119.4264,53.2194,1.000000,0.65625,0.34375
172,3,249.4915,368.6656,111.1726,57.6871,1.000000,0,1
173,1,473.0986,335.2755,644.1182,121.1237,1.000000,0,1
173,2,480.8421,368.3281,119.4145,53.2328,1.000000,0.6875,0.3125
173,3,250.5199,368.8189,111.1693,57.7127,1.000000,0,1
174,1,472.1396,335.3783,643.7618,121.0844,1.000000,0,1
174,2,481.9907,368.3433,119.4020,53.2455,1.000000,0.875,0.125
174,3,251.5529,368.9692,111.1654,57.7378,1.000000,0,1
175,1,471.1814,335.4783,643.4033,121.0446,1.000000,0,1
175,2,483.1422,368.3548,119.3892,53.2578,1.000000,0.6875,0.3125
175,3,252.5910,369.1121,111.1608,57.7621,1.000000,0,1
176,1,470.2242,335.5765,643.0411,121.0042,1.000000,0,1
176,2,484.2973,368.3611,119.3757,53.2695,1.000000,0.75,0.25
176,3,253.6317,369.2555,111.1555,57.7861,1.000000,0,1
177,1,469.2675,335.6720,642.6772,120.9634,1.000000,0,1
177,2,485.4553,368.3635,119.3620,53.2807,1.000000,0.78125,0.21875
177,3,254.6763,369.3953,111.1497,57.8096,1.000000,0,1
178,1,468.3114,335.7638,642.3123,120.9223,1.000000,0,1
178,2,486.6153,368.3627,119.3480,53.2916,1.000000,0.78125,0.21875
178,3,255.7254,369.5277,111.1433,57.8322,1.000000,0,1
179,1,467.3552,335.8533,641.9454,120.8808,1.000000,0,1
179,2,487.7787,368.3574,119.3337,53.3020,1.000000,0.8125,0.1875
179,3,256.7775,369.6591,111.1360,57.8545,1.000000,0,1
180,1,466.3994,335.9401,641.5768,120.8390,1.000000,0,1
180,2,488.9441,368.3495,119.3195,53.3122,1.000000,0.9375,0.0625
180,3,257.8340,369.7852,111.1282,57.8760,1.000000,0,1
181,1,465.4438,336.0228,641.2065,120.7969,1.000000,0,1
181,2,490.1105,368.3400,119.3054,53.3224,1.000000,0.84375,0.15625
181,3,258.8962,369.9025,111.1194,57.8965,1.000000,0,1
182,1,464.4879,336.1024,640.8355,120.7546,1.000000,0,1
182,2,491.2793,368.3275,119.2911,53.3323,1.000000,0.75,0.25
182,3,259.9619,370.0167,111.1099,57.9164,1.000000,0,1
183,1,463.5321,336.1784,640.4630,120.7120,1.000000,0,1
183,2,492.4496,368.3137,119.2770,53.3421,1.000000,0.78125,0.21875
183,3,261.0314,370.1242,111.0996,57.9354,1.000000,0,1
184,1,462.5767,336.2503,640.0886,120.6690,1.000000,0,1
184,2,493.6206,368.2997,119.2628,53.3520,1.000000,0.84375,0.15625
184,3,262.1059,370.2218,111.0883,57.9533,1.000000,0,1
185,1,461.6208,336.3191,639.7133,120.6259,1.000000,0,1
185,2,494.7936,368.2834,119.2490,53.3619,1.000000,0.90625,0.09375
185,3,263.1835,370.3133,111.0764,57.9703,1.000000,0,1
186,1,460.6647,336.3839,639.3373,120.5826,1.000000,0,1
186,2,495.9671,368.2665,119.2354,53.3717,1.000000,0.6875,0.3125
186,3,264.2641,370.3964,111.0637,57.9864,1.000000,0,1
187,1,459.7091,336.4441,638.9601,120.5390,1.000000,0,1
187,2,497.1408,368.2509,119.2219,53.3818,1.000000,0.84375,0.15625
187,3,265.3479,370.4685,111.0505,58.0014,1.000000,0,1
188,1,458.7533,336.5010,638.5818,120.4952,1.000000,0,1
188,2,498.3155,368.2341,119.2083,53.3918,1.000000,0.78125,0.21875
188,3,266.4344,370.5309,111.0364,58.0153,1.000000,0,1
189,1,457.7984,336.5545,638.2014,120.4510,1.000000,0,1
189,2,499.4902,368.2180,119.1947,53.4018,1.000000,0.84375,0.15625
189,3,267.5232,370.5833,111.0219,58.0281,1.000000,0,1
190,1,456.8439,336.6035,637.8202,120.4066,1.000000,0,1
190,2,500.6649,368.2039,119.1812,53.4121,1.000000,0.84375,0.15625
190,3,268.6134,370.6242,111.0070,58.0399,1.000000,0,1
191,1,455.8905,336.6490,637.4363,120.3617,1.000000,0,1
191,2,501.8412,368.1885,119.1680,53.4224,1.000000,0.875,0.125
191,3,269.7058,370.6516,110.9916,58.0504,1.000000,0,1
192,1,454.9382,336.6909,637.0513,120.3164,1.000000,0,1
192,2,503.0190,368.1740,119.1549,53.4328,1.000000,0.84375,0.15625
192,3,270.7998,370.6671,110.9760,58.0599,1.000000,0,1
193,1,453.9871,336.7281,636.6647,120.2708,1.000000,0,1
193,2,504.1982,368.1617,119.1412,53.4432,1.000000,0.71875,0.28125
193,3,271.8950,370.6710,110.9597,58.0683,1.000000,0,1
194,1,453.0370,336.7617,636.2765,120.2249,1.000000,0,1
194,2,505.3805,368.1507,119.1272,53.4536,1.000000,0.71875,0.28125
194,3,272.9916,370.6583,110.9435,58.0754,1.000000,0,1
195,1,452.0879,336.7917,635.8875,120.1787,1.000000,0,1
195,2,506.5651,368.1414,119.1126,53.4640,1.000000,0.84375,0.15625
195,3,274.0891,370.6326,110.9269,58.0814,1.000000,0,1
196,1,451.1408,336.8172,635.4969,120.1322,1.000000,0,1
196,2,507.7515,368.1345,119.0974,53.4742,1.000000,0.71875,0.28125
196,3,275.1868,370.5971,110.9100,58.0864,1.000000,0,1
197,1,450.1950,336.8398,635.1058,120.0855,1.000000,0,1
197,2,508.9407,368.1300,119.0815,53.4845,1.000000,0.875,0.125
197,3,276.2851,370.5452,110.8930,58.0901,1.000000,0,1
198,1,449.2503,336.8594,634.7134,120.0385,1.000000,0,1
198,2,510.1321,368.1269,119.0650,53.4946,1.000000,0.71875,0.28125
198,3,277.3832,370.4806,110.8759,58.0929,1.000000,0,1
199,1,448.3057,336.8755,634.3212,119.9916,1.000000,0,1
199,2,511.3251,368.1248,119.0480,53.5045,1.000000,0.8125,0.1875
199,3,278.4804,370.4062,110.8588,58.0948,1.000000,0,1
200,1,447.3615,336.8891,633.9282,119.9445,1.000000,0,1
200,2,512.5211,368.1241,119.0302,53.5143,1.000000,0.78125,0.21875
200,3,279.5782,370.3148,110.8416,58.0955,1.000000,0,1
201,1,446.4170,336.8999,633.5349,119.8973,1.000000,0,1
201,2,513.7188,368.1232,119.0118,53.5238,1.000000,0.78125,0.21875
201,3,280.6754,370.2122,110.8245,58.0953,1.000000,0,1
202,1,445.4723,336.9078,633.1420,119.8501,1.000000,0,1
202,2,514.9175,368.1212,118.9930,53.5331,1.000000,0.875,0.125
202,3,281.7706,370.1016,110.8073,58.0944,1.000000,0,1
203,1,444.5268,336.9131,632.7499,119.8031,1.000000,0,1
203,2,516.1177,368.1183,118.9739,53.5421,1.000000,0.78125,0.21875
203,3,282.8664,369.9723,110.7903,58.0922,1.000000,0,1
204,1,443.5811,336.9163,632.3582,119.7561,1.000000,0,1
204,2,517.3186,368.1133,118.9543,53.5507,1.000000,0.78125,0.21875
204,3,283.9611,369.8319,110.7735,58.0893,1.000000,0,1
205,1,442.6349,336.9169,631.9672,119.7093,1.000000,0,1
205,2,518.5190,368.1062,118.9347,53.5591,1.000000,0.8125,0.1875
205,3,285.0530,369.6851,110.7568,58.0859,1.000000,0,1
206,1,441.6886,336.9151,631.5765,119.6626,1.000000,0,1
206,2,519.7185,368.0967,118.9149,53.5673,1.000000,0.78125,0.21875
206,3,286.1459,369.5199,110.7406,58.0814,1.000000,0,1
207,1,440.7418,336.9107,631.1865,119.6159,1.000000,0,1
207,2,520.9172,368.0837,118.8952,53.5751,1.000000,0.78125,0.21875
207,3,287.2374,369.3447,110.7247,58.0762,1.000000,0,1
208,1,439.7947,336.9030,630.7983,119.5695,1.000000,0,1
208,2,522.1146,368.0662,118.8755,53.5826,1.000000,0.84375,0.15625
208,3,288.3256,369.1661,110.7092,58.0710,1.000000,0,1
209,1,438.8475,336.8933,630.4105,119.5233,1.000000,0,1
209,2,523.3106,368.0408,118.8562,53.5895,1.000000,0.71875,0.28125
209,3,289.4150,368.9704,110.6942,58.0648,1.000000,0,1
210,1,437.9001,336.8810,630.0242,119.4774,1.000000,0,1
210,2,524.5047,368.0086,118.8373,53.5960,1.000000,0.71875,0.28125
210,3,290.5028,368.7661,110.6797,58.0582,1.000000,0,1
211,1,436.9521,336.8649,629.6399,119.4317,1.000000,0,1
211,2,525.6956,367.9702,118.8190,53.6022,1.000000,0.78125,0.21875
211,3,291.5864,368.5600,110.6659,58.0517,1.000000,0,1
212,1,436.0040,336.8452,629.2562,119.3862,1.000000,0,1
212,2,526.8836,367.9221,118.8011,53.6078,1.000000,0.75,0.25
212,3,292.6714,368.3367,110.6528,58.0443,1.000000,0,1
213,1,435.0562,336.8223,628.8733,119.3408,1.000000,0,1
213,2,528.0685,367.8673,118.7839,53.6129,1.000000,0.75,0.25
213,3,293.7541,368.1063,110.6404,58.0368,1.000000,0,1
214,1,434.1080,336.7963,628.4917,119.2956,1.000000,0,1
214,2,529.2493,367.8076,118.7671,53.6179,1.000000,0.8125,0.1875
214,3,294.8317,367.8773,110.6287,58.0297,1.000000,0,1
215,1,433.1595,336.7670,628.1115,119.2507,1.000000,0,1
215,2,530.4267,367.7381,118.7512,53.6223,1.000000,0.71875,0.28125
215,3,295.9108,367.6327,110.6180,58.0219,1.000000,0,1
216,1,432.2110,336.7350,627.7321,119.2059,1.000000,0,1
216,2,531.6001,367.6615,118.7361,53.6264,1.000000,0.71875,0.28125
216,3,296.9877,367.3829,110.6078,58.0140,1.000000,0,1
217,1,431.2628,336.7005,627.3537,119.1614,1.000000,0,1
217,2,532.7695,367.5795,118.7218,53.6305,1.000000,0.625,0.375
217,3,298.0590,367.1355,110.5984,58.0067,1.000000,0,1
218,1,430.3142,336.6625,626.9771,119.1171,1.000000,0,1
218,2,533.9360,367.4868,118.7083,53.6338,1.000000,0.6875,0.3125
218,3,299.1305,366.8742,110.5901,57.9989,1.000000,0,1
219,1,429.3655,336.6214,626.6011,119.0729,1.000000,0,1
219,2,535.0994,367.3874,118.6953,53.6369,1.000000,0.90625,0.09375
219,3,300.1990,366.6096,110.5826,57.9912,1.000000,0,1
220,1,428.4166,336.5783,626.2268,119.0290,1.000000,0,1
220,2,536.2591,367.2849,118.6834,53.6401,1.000000,0.78125,0.21875
220,3,301.2626,366.3493,110.5755,57.9840,1.000000,0,1
221,1,427.4677,336.5327,625.8531,118.9852,1.000000,0,1
221,2,537.4165,367.1716,118.6722,53.6426,1.000000,0.84375,0.15625
221,3,302.3286,366.0755,110.5693,57.9763,1.000000,0,1
222,1,426.5184,336.4848,625.4805,118.9417,1.000000,0,1
222,2,538.5717,367.0519,118.6616,53.6449,1.000000,0.78125,0.21875
222,3,303.3928,365.8001,110.5638,57.9688,1.000000,0,1
223,1,425.5689,336.4355,625.1096,118.8983,1.000000,0,1
223,2,539.7245,366.9300,118.6519,53.6473,1.000000,0.8125,0.1875
223,3,304.4526,365.5324,110.5587,57.9621,1.000000,0,1
224,1,424.6191,336.3843,624.7394,118.8553,1.000000,0,1
224,2,540.8776,366.7971,118.6429,53.6492,1.000000,0.78125,0.21875
224,3,305.5167,365.2546,110.5541,57.9549,1.000000,0,1
225,1,423.6687,336.3316,624.3716,118.8125,1.000000,0,1
225,2,542.0301,366.6589,118.6346,53.6509,1.000000,0.84375,0.15625
225,3,306.5806,364.9780,110.5496,57.9479,1.000000,0,1
226,1,422.7185,336.2781,624.0050,118.7699,1.000000,0,1
226,2,543.1815,366.5201,118.6265,53.6527,1.000000,0.78125,0.21875
226,3,307.6404,364.7126,110.5455,57.9418,1.000000,0,1
227,1,421.7686,336.2229,623.6383,118.7275,1.000000,0,1
227,2,544.3326,366.3723,118.6192,53.6540,1.000000,0.84375,0.15625
227,3,308.7043,364.4421,110.5417,57.9357,1.000000,0,1
228,1,420.8182,336.1662,623.2741,118.6854,1.000000,0,1
228,2,545.4830,366.2206,118.6124,53.6551,1.000000,0.75,0.25
228,3,309.7678,364.1760,110.5384,57.9302,1.000000,0,1
229,1,419.8676,336.1083,622.9122,118.6438,1.000000,0,1
229,2,546.6321,366.0688,118.6060,53.6565,1.000000,0.71875,0.28125
229,3,310.8275,363.9219,110.5355,57.9257,1.000000,0,1
230,1,418.9167,336.0481,622.5527,118.6025,1.000000,0,1
230,2,547.7817,365.9064,118.6007,53.6575,1.000000,0.78125,0.21875
230,3,311.8914,363.6643,110.5332,57.9213,1.000000,0,1
231,1,417.9660,335.9861,622.1948,118.5616,1.000000,0,1
231,2,548.9314,365.7395,118.5960,53.6584,1.000000,0.90625,0.09375
231,3,312.9547,363.4115,110.5313,57.9175,1.000000,0,1
232,1,417.0150,335.9228,621.8401,118.5212,1.000000,0,1
232,2,550.0805,365.5729,118.5919,53.6595,1.000000,0.75,0.25
232,3,314.0147,363.1715,110.5298,57.9149,1.000000,0,1
233,1,416.0641,335.8571,621.4873,118.4814,1.000000,0,1
233,2,551.2314,365.3969,118.5884,53.6602,1.000000,0.8125,0.1875
233,3,315.0785,362.9296,110.5291,57.9125,1.000000,0,1
234,1,415.1125,335.7891,621.1381,118.4420,1.000000,0,1
234,2,552.3829,365.2173,118.5857,53.6609,1.000000,0.75,0.25
234,3,316.1415,362.6938,110.5286,57.9109,1.000000,0,1
235,1,414.1597,335.7179,620.7938,118.4037,1.000000,0,1
235,2,553.5339,365.0389,118.5837,53.6621,1.000000,0.59375,0.40625
235,3,317.2010,362.4708,110.5288,57.9104,1.000000,0,1
236,1,413.2069,335.6432,620.4523,118.3658,1.000000,0,1
236,2,554.6874,364.8516,118.5826,53.6631,1.000000,0.84375,0.15625
236,3,318.2628,362.2480,110.5297,57.9105,1.000000,0,1
237,1,412.2534,335.5652,620.1146,118.3287,1.000000,0,1
237,2,555.8418,364.6620,118.5825,53.6641,1.000000,0.75,0.25
237,3,319.3222,362.0320,110.5314,57.9115,1.000000,0,1
238,1,411.2992,335.4843,619.7809,118.2924,1.000000,0,1
238,2,556.9969,364.4747,118.5828,53.6657,1.000000,0.78125,0.21875
238,3,320.3765,361.8284,110.5340,57.9138,1.000000,0,1
239,1,410.3444,335.3995,619.4514,118.2569,1.000000,0,1
239,2,558.1557,364.2805,118.5839,53.6671,1.000000,0.78125,0.21875
239,3,321.4315,361.6244,110.5375,57.9166,1.000000,0,1
240,1,409.3888,335.3111,619.1266,118.2222,1.000000,0,1
240,2,559.3163,364.0855,118.5856,53.6687,1.000000,0.84375,0.15625
240,3,322.4835,361.4268,110.5418,57.9203,1.000000,0,1
241,1,408.4323,335.2191,618.8068,118.1886,1.000000,0,1
241,2,560.4780,363.8945,118.5876,53.6710,1.000000,0.84375,0.15625
241,3,323.5298,361.2420,110.5468,57.9253,1.000000,0,1
242,1,407.4747,335.1220,618.4927,118.1560,1.000000,0,1
242,2,561.6443,363.6977,118.5908,53.6732,1.000000,0.8125,0.1875
242,3,324.5755,361.0586,110.5528,57.9309,1.000000,0,1
243,1,406.5163,335.0208,618.1834,118.1244,1.000000,0,1
243,2,562.8132,363.5020,118.5944,53.6758,1.000000,0.78125,0.21875
243,3,325.6175,360.8820,110.5593,57.9373,1.000000,0,1
244,1,405.5565,334.9162,617.8802,118.0940,1.000000,0,1
244,2,563.9835,363.3127,118.5983,53.6792,1.000000,0.8125,0.1875
244,3,326.6536,360.7161,110.5669,57.9449,1.000000,0,1
245,1,404.5958,334.8058,617.5831,118.0647,1.000000,0,1
245,2,565.1591,363.1198,118.6028,53.6826,1.000000,0.8125,0.1875
245,3,327.6881,360.5530,110.5750,57.9531,1.000000,0,1
246,1,403.6337,334.6914,617.2921,118.0366,1.000000,0,1
246,2,566.3375,362.9298,118.6076,53.6865,1.000000,0.71875,0.28125
246,3,328.7188,360.3961,110.5838,57.9622,1.000000,0,1
247,1,402.6697,334.5740,617.0071,118.0097,1.000000,0,1
247,2,567.5178,362.7475,118.6129,53.6912,1.000000,0.75,0.25
247,3,329.7435,360.2494,110.5935,57.9723,1.000000,0.0625,0.9375
248,1,401.7047,334.4509,616.7292,117.9842,1.000000,0,1
248,2,568.7031,362.5647,118.6184,53.6962,1.000000,0.6875,0.3125
248,3,330.7670,360.1062,110.6035,57.9829,1.000000,0.09375,0.90625
249,1,400.7382,334.3237,616.4577,117.9601,1.000000,0,1
249,2,569.8914,362.3865,118.6242,53.7018,1.000000,0.75,0.25
249,3,331.7869,359.9665,110.6140,57.9966,1.000000,0.03125,0.96875
250,1,399.7693,334.1935,616.1933,117.9371,1.000000,0,1
250,2,571.0813,362.2167,118.6299,53.7080,1.000000,0.75,0.25
250,3,332.8011,359.8286,110.6251,58.0187,1.000000,0.09375,0.90625
251,1,398.7992,334.0579,615.9359,117.9157,1.000000,0,1
251,2,572.2756,362.0483,118.6362,53.7148,1.000000,0.78125,0.21875
251,3,333.8124,359.6954,110.6366,58.0410,1.000000,0.03125,0.96875
252,1,397.8273,333.9185,615.6844,117.8955,1.000000,0,1
252,2,573.4721,361.8855,118.6425,53.7221,1.000000,0.6875,0.3125
252,3,334.8203,359.5686,110.6483,58.0634,1.000000,0.1875,0.8125
253,1,396.8527,333.7768,615.4404,117.8765,1.000000,0,1
253,2,574.6688,361.7324,118.6490,53.7303,1.000000,0.6875,0.3125
253,3,335.8240,359.4510,110.6605,58.0860,1.000000,0.0625,0.9375
254,1,395.8762,333.6312,615.2024,117.8590,1.000000,0,1
254,2,575.8687,361.5838,118.6558,53.7392,1.000000,0.625,0.375
254,3,336.8251,359.3372,110.6731,58.1087,1.000000,0.15625,0.84375
255,1,394.8970,333.4823,614.9712,117.8427,1.000000,0,1
255,2,577.0698,361.4419,118.6625,53.7487,1.000000,0.6875,0.3125
255,3,337.8236,359.2286,110.6860,58.1317,1.000000,0.1875,0.8125
256,1,393.9142,333.3310,614.7476,117.8281,1.000000,0,1
256,2,578.2706,361.3097,118.6692,53.7589,1.000000,0.8125,0.1875
256,3,338.8197,359.1236,110.6995,58.1549,1.000000,0.15625,0.84375
257,1,392.9275,333.1765,614.5300,117.8147,1.000000,0,1
257,2,579.4724,361.1842,118.6762,53.7700,1.000000,0.65625,0.34375
257,3,339.8148,359.0174,110.7134,58.1784,1.000000,0.125,0.875
258,1,391.9370,333.0206,614.3185,117.8025,1.000000,0,1
258,2,580.6740,361.0663,118.6834,53.7818,1.000000,0.84375,0.15625
258,3,340.8083,358.9104,110.7280,58.2022,1.000000,0.1875,0.8125
259,1,390.9421,332.8654,614.1133,117.7917,1.000000,0,1
259,2,581.8751,360.9579,118.6908,53.7946,1.000000,0.78125,0.21875
259,3,341.7998,358.8043,110.7436,58.2265,1.000000,0.28125,0.71875
260,1,389.9436,332.7077,613.9132,117.7821,1.000000,0,1
260,2,583.0776,360.8558,118.6987,53.8082,1.000000,0.71875,0.28125
260,3,342.7903,358.6977,110.7596,58.2511,1.000000,0.28125,0.71875
261,1,388.9415,332.5484,613.7197,117.7737,1.000000,0,1
261,2,584.2803,360.7619,118.7069,53.8227,1.000000,0.65625,0.34375
261,3,343.7787,358.5912,110.7766,58.2762,1.000000,0.28125,0.71875
262,1,387.9361,332.3898,613.5323,117.7665,1.000000,0,1
262,2,585.4827,360.6794,118.7150,53.8381,1.000000,0.90625,0.09375
262,3,344.7656,358.4868,110.7941,58.3016,1.000000,0.25,0.75
263,1,386.9302,332.2308,613.3477,117.7600,1.000000,0,1
263,2,586.6859,360.6066,118.7232,53.8545,1.000000,0.65625,0.34375
263,3,345.7503,358.3833,110.8124,58.3274,1.000000,0.375,0.625
264,1,385.9219,332.0722,613.1686,117.7545,1.000000,0,1
264,2,587.8889,360.5432,118.7316,53.8719,1.000000,0.84375,0.15625
264,3,346.7328,358.2813,110.8315,58.3537,1.000000,0.375,0.625
265,1,384.9117,331.9149,612.9939,117.7500,1.000000,0,1
265,2,589.0913,360.4901,118.7402,53.8902,1.000000,0.71875,0.28125
265,3,347.7134,358.1836,110.8515,58.3804,1.000000,0.28125,0.71875
266,1,383.9009,331.7581,612.8232,117.7461,1.000000,0,1
266,2,590.2936,360.4479,118.7492,53.9097,1.000000,0.8125,0.1875
266,3,348.6918,358.0872,110.8722,58.4075,1.000000,0.3125,0.6875
267,1,382.8896,331.6024,612.6548,117.7429,1.000000,0,1
267,2,591.4957,360.4150,118.7582,53.9301,1.000000,0.84375,0.15625
267,3,349.6678,357.9934,110.8939,58.4350,1.000000,0.46875,0.53125
268,1,381.8768,331.4486,612.4899,117.7402,1.000000,0,1
268,2,592.6974,360.3911,118.7676,53.9515,1.000000,0.8125,0.1875
268,3,350.6414,357.9054,110.9164,58.4631,1.000000,0.53125,0.46875
269,1,380.8655,331.2962,612.3254,117.7377,1.000000,0,1
269,2,593.8984,360.3788,118.7773,53.9740,1.000000,0.78125,0.21875
269,3,351.6129,357.8224,110.9396,58.4916,1.000000,0.21875,0.78125
270,1,379.8541,331.1458,612.1632,117.7357,1.000000,0,1
270,2,595.0992,360.3752,118.7872,53.9975,1.000000,0.75,0.25
270,3,352.5824,357.7451,110.9635,58.5204,1.000000,0.375,0.625
271,1,378.8414,330.9980,612.0055,117.7344,1.000000,0,1
271,2,596.2999,360.3791,118.7975,54.0219,1.000000,0.875,0.125
271,3,353.5500,357.6744,110.9885,58.5497,1.000000,0.5,0.5
272,1,377.8302,330.8510,611.8480,117.7331,1.000000,0,1
272,2,597.5002,360.3940,118.8078,54.0472,1.000000,0.8125,0.1875
272,3,354.5154,357.6101,111.0142,58.5795,1.000000,0.4375,0.5625
273,1,376.8199,330.7065,611.6910,117.7320,1.000000,0,1
273,2,598.7002,360.4166,118.8187,54.0735,1.000000,0.90625,0.09375
273,3,355.4798,357.5530,111.0406,58.6096,1.000000,0.5,0.5
274,1,375.8095,330.5665,611.5364,117.7313,1.000000,0,1
274,2,599.8998,360.4448,118.8301,54.1006,1.000000,0.84375,0.15625
274,3,356.4435,357.5046,111.0677,58.6401,1.000000,0.40625,0.59375
275,1,374.8004,330.4265,611.3828,117.7308,1.000000,0,1
275,2,601.0973,360.4839,118.8417,54.1287,1.000000,0.78125,0.21875
275,3,357.4056,357.4662,111.0950,58.6708,1.000000,0.53125,0.46875
276,1,373.7921,330.2890,611.2296,117.7302,1.000000,0,1
276,2,602.2936,360.5296,118.8538,54.1577,1.000000,0.8125,0.1875
276,3,358.3669,357.4379,111.1229,58.7018,1.000000,0.5625,0.4375
277,1,372.7844,330.1564,611.0773,117.7299,1.000000,0,1
277,2,603.4892,360.5789,118.8663,54.1872,1.000000,0.8125,0.1875
277,3,359.3276,357.4204,111.1510,58.7329,1.000000,0.4375,0.5625
278,1,371.7783,330.0243,610.9255,117.7297,1.000000,0,1
278,2,604.6824,360.6378,118.8789,54.2176,1.000000,0.84375,0.15625
278,3,360.2861,357.4149,111.1798,58.7643,1.000000,0.65625,0.34375
279,1,370.7727,329.8954,610.7753,117.7297,1.000000,0,1
279,2,605.8745,360.7014,118.8917,54.2485,1.000000,0.8125,0.1875
279,3,361.2438,357.4203,111.2088,58.7959,1.000000,0.59375,0.40625
280,1,369.7673,329.7714,610.6268,117.7301,1.000000,0,1
280,2,607.0661,360.7666,118.9047,54.2797,1.000000,0.9375,0.0625
280,3,362.2019,357.4372,111.2379,58.8275,1.000000,0.46875,0.53125
281,1,368.7630,329.6490,610.4796,117.7306,1.000000,0,1
281,2,608.2556,360.8402,118.9174,54.3115,1.000000,0.84375,0.15625
281,3,363.1597,357.4686,111.2673,58.8593,1.000000,0.6875,0.3125
282,1,367.7594,329.5302,610.3334,117.7313,1.000000,0,1
282,2,609.4444,360.9179,118.9297,54.3435,1.000000,0.9375,0.0625
282,3,364.1179,357.5135,111.2967,58.8912,1.000000,0.6875,0.3125
283,1,366.7563,329.4167,610.1888,117.7324,1.000000,0,1
283,2,610.6335,360.9962,118.9615,54.3756,1.000000,0.75,0.25
283,3,365.0781,357.5717,111.3259,58.9230,1.000000,0.59375,0.40625
284,1,365.7535,329.3060,610.0460,117.7337,1.000000,0,1
284,2,611.8209,361.0813,119.0483,54.4080,1.000000,0.8125,0.1875
284,3,366.0400,357.6455,111.3547,58.9546,1.000000,0.59375,0.40625
285,1,364.7513,329.2010,609.9038,117.7352,1.000000,0,1
285,2,613.0079,361.1696,119.1345,54.4404,1.000000,0.8125,0.1875
285,3,367.0037,357.7339,111.3833,58.9862,1.000000,0.53125,0.46875
286,1,363.7498,329.1031,609.7622,117.7368,1.000000,0,1
286,2,614.1960,361.2578,119.2202,54.4725,1.000000,0.84375,0.15625
286,3,367.9701,357.8370,111.4114,59.0176,1.000000,0.71875,0.28125
287,1,362.7488,329.0090,609.6234,117.7388,1.000000,0,1
287,2,615.3834,361.3517,119.3044,54.5046,1.000000,0.875,0.125
287,3,368.9399,357.9579,111.4388,59.0485,1.000000,0.75,0.25
288,1,361.7484,328.9216,609.4852,117.7411,1.000000,0,1
288,2,616.5715,361.4471,119.3879,54.5364,1.000000,0.875,0.125
288,3,369.9132,358.0943,111.4654,59.0792,1.000000,0.78125,0.21875
289,1,360.7475,328.8432,609.3496,117.7437,1.000000,0,1
289,2,617.7611,361.5402,119.4706,54.5675,1.000000,0.8125,0.1875
289,3,370.8909,358.2460,111.4913,59.1095,1.000000,0.71875,0.28125
290,1,359.7465,328.7713,609.2150,117.7467,1.000000,0,1
290,2,618.9504,361.6374,119.5518,54.5984,1.000000,0.90625,0.09375
290,3,371.8762,358.4162,111.5154,59.1390,1.000000,0.84375,0.15625
291,1,358.7456,328.7077,609.0804,117.7496,1.000000,0,1
291,2,620.1406,361.7348,119.6317,54.6287,1.000000,0.90625,0.09375
291,3,372.8685,358.6012,111.5383,59.1679,1.000000,0.84375,0.15625
292,1,357.7440,328.6542,608.9470,117.7528,1.000000,0,1
292,2,621.3329,361.8288,119.7105,54.6581,1.000000,0.875,0.125
292,3,373.8680,358.7990,111.5598,59.1962,1.000000,0.8125,0.1875
293,1,356.7407,328.6096,608.8155,117.7563,1.000000,0,1
293,2,622.5245,361.9245,119.7880,54.6872,1.000000,0.84375,0.15625
293,3,374.8757,359.0161,111.5794,59.2237,1.000000,0.8125,0.1875
294,1,355.7366,328.5752,608.6846,117.7600,1.000000,0,1
294,2,623.7162,362.0191,119.8644,54.7156,1.000000,0.875,0.125
294,3,375.8919,359.2477,111.5971,59.2502,1.000000,0.84375,0.15625
295,1,354.7325,328.5534,608.5525,117.7635,1.000000,0,1
295,2,624.9088,362.1098,119.9400,54.7433,1.000000,0.90625,0.09375
295,3,376.9165,359.4901,111.6129,59.2757,1.000000,0.96875,0.03125
296,1,353.7279,328.5442,608.4186,117.7667,1.000000,0,1
296,2,626.0990,362.2007,120.0143,54.7704,1.000000,0.78125,0.21875
296,3,377.9500,359.7499,111.6267,59.3003,1.000000,0.90625,0.09375
297,1,352.7234,328.5471,608.2823,117.7693,1.000000,0,1
297,2,627.2880,362.2894,120.0880,54.7970,1.000000,0.96875,0.03125
297,3,378.9914,360.0194,111.6386,59.3254,1.000000,0.84375,0.15625
298,1,351.7188,328.5627,608.1447,117.7718,1.000000,0,1
298,2,628.4771,362.3737,120.1611,54.8229,1.000000,0.90625,0.09375
298,3,380.0407,360.2773,111.6487,59.3686,1.000000,0.8125,0.1875
299,1,350.7138,328.5924,608.0045,117.7738,1.000000,0,1
299,2,629.6652,362.4539,120.2336,54.8484,1.000000,0.8125,0.1875
299,3,381.0978,360.5476,111.6568,59.4118,1.000000,0.84375,0.15625
300,1,349.7100,328.6350,607.8596,117.7747,1.000000,0,1
300,2,630.8527,362.5299,120.3062,54.8734,1.000000,0.90625,0.09375
300,3,382.1619,360.8244,111.6634,59.4547,1.000000,0.84375,0.15625
301,1,348.7082,328.6906,607.7098,117.7747,1.000000,0,1
301,2,632.0406,362.6019,120.3787,54.8980,1.000000,0.84375,0.15625
301,3,383.2322,361.1037,111.6686,59.4973,1.000000,0.96875,0.03125
302,1,347.7055,328.7609,607.5570,117.7742,1.000000,0,1
302,2,633.2285,362.6689,120.4513,54.9222,1.000000,0.96875,0.03125
302,3,384.3083,361.3921,111.6721,59.5398,1.000000,0.84375,0.15625
303,1,346.7036,328.8447,607.3995,117.7727,1.000000,0,1
303,2,634.4164,362.7323,120.5244,54.9462,1.000000,0.8125,0.1875
303,3,385.3902,361.6837,111.6744,59.5818,1.000000,0.96875,0.03125
304,1,345.7033,328.9411,607.2365,117.7701,1.000000,0,1
304,2,635.6042,362.7928,120.5981,54.9703,1.000000,0.8125,0.1875
304,3,386.4785,361.9737,111.6748,59.6228,1.000000,0.875,0.125
305,1,344.7041,329.0511,607.0680,117.7663,1.000000,0,1
305,2,636.7919,362.8492,120.6722,54.9941,1.000000,0.9375,0.0625
305,3,387.5713,362.2684,111.6740,59.6637,1.000000,0.9375,0.0625
306,1,343.7073,329.1730,606.8926,117.7614,1.000000,0,1
306,2,637.9801,362.9029,120.7467,55.0179,1.000000,0.9375,0.0625
306,3,388.6675,362.5630,111.6721,59.7040,1.000000,0.9375,0.0625
307,1,342.7130,329.3057,606.7108,117.7548,1.000000,0,1
307,2,639.1688,362.9547,120.8217,55.0418,1.000000,0.875,0.125
307,3,389.7670,362.8534,111.6693,59.7435,1.000000,0.875,0.125
308,1,341.7204,329.4514,606.5223,117.7470,1.000000,0,1
308,2,640.3577,363.0045,120.8970,55.0656,1.000000,0.8125,0.1875
308,3,390.8693,363.1455,111.6655,59.7827,1.000000,0.90625,0.09375
309,1,340.7303,329.6074,606.3267,117.7378,1.000000,0,1
309,2,641.5472,363.0538,120.9728,55.0896,1.000000,0.84375,0.15625
309,3,391.9732,363.4356,111.6610,59.8213,1.000000,0.96875,0.03125
310,1,339.7432,329.7721,606.1238,117.7271,1.000000,0,1
310,2,642.7373,363.1025,121.0494,55.1138,1.000000,0.9375,0.0625
310,3,393.0782,363.7193,111.6559,59.8592,1.000000,0.9375,0.0625
311,1,338.7587,329.9489,605.9130,117.7147,1.000000,0,1
311,2,643.9281,363.1507,121.1262,55.1382,1.000000,0.78125,0.21875
311,3,394.1849,364.0028,111.6497,59.8965,1.000000,0.8125,0.1875
312,1,337.7773,330.1351,605.6945,117.7008,1.000000,0,1
312,2,645.1199,363.1998,121.2033,55.1627,1.000000,0.90625,0.09375
312,3,395.2926,364.2828,111.6430,59.9332,1.000000,0.84375,0.15625
313,1,336.7982,330.3290,605.4705,117.6857,1.000000,0,1
313,2,646.3131,363.2508,121.2805,55.1873,1.000000,0.90625,0.09375
313,3,396.4011,364.5551,111.6358,59.9691,1.000000,0.9375,0.0625
314,1,335.8202,330.5343,605.2412,117.6695,1.000000,0,1
314,2,647.5072,363.3037,121.3573,55.2120,1.000000,0.90625,0.09375
314,3,397.5121,364.8249,111.6277,60.0044,1.000000,0.8125,0.1875
315,1,334.8446,330.7476,605.0058,117.6520,1.000000,0,1
315,2,648.7026,363.3594,121.4337,55.2366,1.000000,0.75,0.25
315,3,398.6246,365.0901,111.6193,60.0390,1.000000,0.9375,0.0625
316,1,333.8726,330.9667,604.7632,117.6331,1.000000,0,1
316,2,649.8994,363.4187,121.5096,55.2614,1.000000,0.9375,0.0625
316,3,399.7389,365.3481,111.6101,60.0728,1.000000,0.9375,0.0625
317,1,332.9022,331.1962,604.5154,117.6130,1.000000,0,1
317,2,651.0966,363.4823,121.5853,55.2865,1.000000,0.8125,0.1875
317,3,400.8562,365.6038,111.5997,60.1058,1.000000,0.84375,0.15625
318,1,331.9351,331.4330,604.2607,117.5916,1.000000,0,1
318,2,652.2946,363.5509,121.6603,55.3117,1.000000,0.90625,0.09375
318,3,401.9754,365.8552,111.5887,60.1381,1.000000,0.78125,0.21875
319,1,330.9711,331.6752,604.0001,117.5689,1.000000,0,1
319,2,653.4940,363.6244,121.7343,55.3369,1.000000,0.9375,0.0625
319,3,403.0964,366.0994,111.5769,60.1694,1.000000,0.875,0.125
320,1,330.0095,331.9261,603.7339,117.5450,1.000000,0,1
320,2,654.6943,363.7023,121.8074,55.3619,1.000000,0.78125,0.21875
320,3,404.2200,366.3402,111.5639,60.1999,1.000000,0.8125,0.1875
321,1,329.0511,332.1832,603.4619,117.5198,1.000000,0,1
321,2,655.8958,363.7855,121.8798,55.3873,1.000000,0.75,0.25
321,3,405.3459,366.5763,111.5498,60.2295,1.000000,0.875,0.125
322,1,328.0953,332.4447,603.1849,117.4937,1.000000,0,1
322,2,657.0980,363.8746,121.9520,55.4129,1.000000,0.78125,0.21875
322,3,406.4732,366.8058,111.5351,60.2581,1.000000,0.96875,0.03125
323,1,327.1420,332.7142,602.9025,117.4664,1.000000,0,1
323,2,658.3004,363.9690,122.0234,55.4388,1.000000,0.8125,0.1875
323,3,407.6018,367.0316,111.5194,60.2860,1.000000,0.84375,0.15625
324,1,326.1914,332.9883,602.6154,117.4380,1.000000,0,1
324,2,659.5029,364.0697,122.0947,55.4651,1.000000,0.84375,0.15625
324,3,408.7305,367.2521,111.5034,60.3132,1.000000,1,0
325,1,325.2448,333.2650,602.3213,117.4083,1.000000,0,1
325,2,660.7059,364.1775,122.1656,55.4919,1.000000,0.78125,0.21875
325,3,409.8597,367.4651,111.4869,60.3397,1.000000,0.9375,0.0625
326,1,324.3002,333.5493,602.0228,117.3776,1.000000,0,1
326,2,661.9086,364.2918,122.2366,55.5193,1.000000,0.8125,0.1875
326,3,410.9888,367.6737,111.4700,60.3655,1.000000,0.875,0.125
327,1,323.3579,333.8373,601.7205,117.3459,1.000000,0,1
327,2,663.1118,364.4132,122.3075,55.5474,1.000000,0.71875,0.28125
327,3,412.1172,367.8771,111.4529,60.3908,1.000000,0.84375,0.15625
328,1,322.4180,334.1262,601.4141,117.3135,1.000000,0,1
328,2,664.3155,364.5433,122.3786,55.5763,1.000000,0.78125,0.21875
328,3,413.2451,368.0737,111.4356,60.4154,1.000000,0.90625,0.09375
329,1,321.4807,334.4218,601.1030,117.2800,1.000000,0,1
329,2,665.5197,364.6825,122.4496,55.6060,1.000000,0.78125,0.21875
329,3,414.3719,368.2652,111.4182,60.4396,1.000000,0.84375,0.15625
330,1,320.5466,334.7202,600.7865,117.2454,1.000000,0,1
330,2,666.7246,364.8304,122.5210,55.6367,1.000000,0.90625,0.09375
330,3,415.4971,368.4514,111.4008,60.4634,1.000000,0.90625,0.09375
331,1,319.6154,335.0182,600.4652,117.2097,1.000000,0,1
331,2,667.9302,364.9875,122.5928,55.6684,1.000000,0.84375,0.15625
331,3,416.6205,368.6311,111.3838,60.4868,1.000000,0.84375,0.15625
332,1,318.6859,335.3220,600.1415,117.1736,1.000000,0,1
332,2,669.1367,365.1561,122.6650,55.7013,1.000000,0.8125,0.1875
332,3,417.7429,368.8053,111.3670,60.5100,1.000000,0.8125,0.1875
333,1,317.7582,335.6272,599.8151,117.1367,1.000000,0,1
333,2,670.3446,365.3355,122.7376,55.7353,1.000000,0.90625,0.09375
333,3,418.8638,368.9740,111.3506,60.5328,1.000000,0.90625,0.09375
334,1,316.8335,335.9300,599.4843,117.0990,1.000000,0,1
334,2,671.5549,365.5249,122.8104,55.7703,1.000000,0.84375,0.15625
334,3,419.9821,369.1371,111.3349,60.5556,1.000000,0.90625,0.09375
335,1,315.9123,336.2383,599.1499,117.0605,1.000000,0,1
335,2,672.7703,365.7252,122.8839,55.8066,1.000000,0.71875,0.28125
335,3,421.0969,369.2970,111.3199,60.5786,1.000000,0.875,0.125
336,1,314.9939,336.5481,598.8124,117.0211,1.000000,0,1
336,2,673.9899,365.9356,122.9578,55.8440,1.000000,0.8125,0.1875
336,3,422.2089,369.4536,111.3056,60.6016,1.000000,0.71875,0.28125
337,1,314.0778,336.8552,598.4722,116.9813,1.000000,0,1
337,2,675.2134,366.1566,123.0320,55.8824,1.000000,0.75,0.25
337,3,423.3188,369.6059,111.2917,60.6245,1.000000,0.8125,0.1875
338,1,313.1655,337.1671,598.1292,116.9406,1.000000,0,1
338,2,676.4393,366.3915,123.1063,55.9220,1.000000,0.9375,0.0625
338,3,424.4269,369.7552,111.2783,60.6473,1.000000,0.90625,0.09375
339,1,312.2568,337.4796,597.7822,116.8992,1.000000,0,1
339,2,677.6696,366.6322,123.1801,55.9621,1.000000,0.8125,0.1875
339,3,425.5339,369.9016,111.2650,60.6700,1.000000,0.78125,0.21875
340,1,311.3496,337.7894,597.4340,116.8574,1.000000,0,1
340,2,678.9064,366.8721,123.2536,56.0016,1.000000,0.84375,0.15625
340,3,426.6396,370.0452,111.2521,60.6928,1.000000,0.8125,0.1875
341,1,310.4457,338.1028,597.0833,116.8150,1.000000,0,1
341,2,680.1453,367.1174,123.3262,56.0414,1.000000,0.8125,0.1875
341,3,427.7445,370.1873,111.2393,60.7155,1.000000,0.75,0.25
342,1,309.5450,338.4164,596.7291,116.7719,1.000000,0,1
342,2,681.3883,367.3629,123.3982,56.0808,1.000000,0.84375,0.15625
342,3,428.8495,370.3277,111.2265,60.7380,1.000000,0.75,0.25
343,1,308.6473,338.7283,596.3707,116.7278,1.000000,0,1
343,2,682.6372,367.6053,123.4692,56.1195,1.000000,0.875,0.125
343,3,429.9561,370.4655,111.2132,60.7600,1.000000,0.90625,0.09375
344,1,307.7515,339.0454,596.0113,116.6834,1.000000,0,1
344,2,683.8864,367.8538,123.5394,56.1583,1.000000,0.8125,0.1875
344,3,431.0641,370.6016,111.1995,60.7818,1.000000,0.84375,0.15625
345,1,306.8587,339.3635,595.6484,116.6382,1.000000,0,1
345,2,685.1383,368.1036,123.6088,56.1968,1.000000,0.96875,0.03125
345,3,432.1742,370.7354,111.1851,60.8030,1.000000,0.9375,0.0625
346,1,305.9703,339.6789,595.2794,116.5918,1.000000,0,1
346,2,686.3949,368.3519,123.6768,56.2345,1.000000,0.90625,0.09375
346,3,433.2874,370.8661,111.1698,60.8235,1.000000,0.75,0.25
347,1,305.0842,339.9992,594.9080,116.5447,1.000000,0,1
347,2,687.6504,368.6087,123.7432,56.2723,1.000000,0.8125,0.1875
347,3,434.4034,370.9948,111.1536,60.8434,1.000000,0.75,0.25
348,1,304.2006,340.3199,594.5335,116.4969,1.000000,0,1
348,2,688.9078,368.8680,123.8082,56.3096,1.000000,0.84375,0.15625
348,3,435.5219,371.1206,111.1366,60.8626,1.000000,0.875,0.125
349,1,303.3194,340.6371,594.1555,116.4484,1.000000,0,1
349,2,690.1694,369.1252,123.8718,56.3461,1.000000,0.875,0.125
349,3,436.6422,371.2436,111.1187,60.8811,1.000000,0.75,0.25
350,1,302.4411,340.9583,593.7747,116.3991,1.000000,0,1
350,2,691.4287,369.3921,123.9340,56.3828,1.000000,0.75,0.25
350,3,437.7633,371.3641,111.0995,60.8988,1.000000,0.78125,0.21875
351,1,301.5658,341.2800,593.3903,116.3492,1.000000,0,1
351,2,692.6891,369.6630,123.9949,56.4193,1.000000,0.78125,0.21875
351,3,438.8852,371.4810,111.0797,60.9157,1.000000,0.8125,0.1875
352,1,300.6932,341.5980,593.0027,116.2985,1.000000,0,1
352,2,693.9529,369.9335,124.0547,56.4553,1.000000,0.90625,0.09375
352,3,440.0082,371.5927,111.0587,60.9316,1.000000,0.8125,0.1875
353,1,299.8233,341.9189,592.6128,116.2472,1.000000,0,1
353,2,695.2147,370.2131,124.1132,56.4915,1.000000,0.84375,0.15625
353,3,441.1309,371.6987,111.0374,60.9469,1.000000,0.75,0.25
354,1,298.9554,342.2386,592.2213,116.1955,1.000000,0,1
354,2,696.4772,370.4964,124.1707,56.5276,1.000000,0.84375,0.15625
354,3,442.2528,371.7998,111.0160,60.9617,1.000000,0.9375,0.0625
355,1,298.0897,342.5528,591.8275,116.1433,1.000000,0,1
355,2,697.7430,370.7780,124.2271,56.5630,1.000000,0.8125,0.1875
355,3,443.3723,371.8955,110.9948,60.9762,1.000000,0.78125,0.21875
356,1,297.2280,342.8686,591.4310,116.0903,1.000000,0,1
356,2,699.0066,371.0693,124.2823,56.5989,1.000000,0.78125,0.21875
356,3,444.4902,371.9848,110.9740,60.9904,1.000000,0.78125,0.21875
357,1,296.3693,343.1820,591.0320,116.0369,1.000000,0,1
357,2,700.2712,371.3640,124.3369,56.6346,1.000000,0.8125,0.1875
357,3,445.6080,372.0660,110.9534,61.0040,1.000000,0.875,0.125
358,1,295.5121,343.4893,590.6321,115.9831,1.000000,0,1
358,2,701.5397,371.6572,124.3906,56.6699,1.000000,0.84375,0.15625
358,3,446.7302,372.1306,110.9335,61.0168,1.000000,0.6875,0.3125
359,1,294.6581,343.7959,590.2313,115.9292,1.000000,0,1
359,2,702.8062,371.9597,124.4435,56.7056,1.000000,0.78125,0.21875
359,3,447.8580,372.1758,110.9143,61.0285,1.000000,0.875,0.125
360,1,293.8064,344.0987,589.8304,115.8751,1.000000,0,1
360,2,704.0744,372.2640,124.4957,56.7412,1.000000,0.75,0.25
360,3,448.9904,372.2052,110.8957,61.0395,1.000000,0.75,0.25
361,1,292.9570,344.3945,589.4279,115.8205,1.000000,0,1
361,2,705.3469,372.5638,124.5481,56.7763,1.000000,0.875,0.125
361,3,450.1255,372.2221,110.8779,61.0499,1.000000,0.875,0.125
362,1,292.1110,344.6877,589.0250,115.7657,1.000000,0,1
362,2,706.6184,372.8710,124.5998,56.8120,1.000000,0.90625,0.09375
362,3,451.2620,372.2292,110.8610,61.0602,1.000000,0.6875,0.3125
363,1,291.2670,344.9755,588.6223,115.7110,1.000000,0,1
363,2,707.8921,373.1786,124.6510,56.8473,1.000000,0.6875,0.3125
363,3,452.3986,372.2311,110.8450,61.0706,1.000000,0.75,0.25
364,1,290.4233,345.2557,588.2220,115.6566,1.000000,0,1
364,2,709.1705,373.4796,124.7022,56.8820,1.000000,0.75,0.25
364,3,453.5343,372.2320,110.8300,61.0813,1.000000,0.9375,0.0625
365,1,289.5837,345.5324,587.8212,115.6020,1.000000,0,1
365,2,710.4487,373.7842,124.7534,56.9170,1.000000,0.8125,0.1875
365,3,454.6707,372.2315,110.8159,61.0925,1.000000,0.8125,0.1875
366,1,288.7458,345.8034,587.4216,115.5476,1.000000,0,1
366,2,711.7294,374.0866,124.8043,56.9517,1.000000,0.71875,0.28125
366,3,455.8065,372.2332,110.8025,61.1045,1.000000,0.6875,0.3125
367,1,287.9080,346.0670,587.0252,115.4937,1.000000,0,1
367,2,713.0148,374.3808,124.8555,56.9856,1.000000,0.71875,0.28125
367,3,456.9411,372.2405,110.7902,61.1173,1.000000,0.78125,0.21875
368,1,287.0730,346.3268,586.6289,115.4399,1.000000,0,1
368,2,714.2980,374.6778,124.9066,57.0199,1.000000,0.71875,0.28125
368,3,458.0753,372.2534,110.7787,61.1312,1.000000,0.84375,0.15625
369,1,286.2386,346.5811,586.2349,115.3864,1.000000,0,1
369,2,715.5820,374.9709,124.9578,57.0538,1.000000,0.78125,0.21875
369,3,459.2105,372.2718,110.7675,61.1457,1.000000,0.9375,0.0625
370,1,285.4045,346.8270,585.8424,115.3332,1.000000,0,1
370,2,716.8694,375.2542,125.0092,57.0868,1.000000,0.4375,0.5625
370,3,460.3472,372.2960,110.7565,61.1607,1.000000,0.65625,0.34375
371,1,284.5727,347.0682,585.4504,115.2800,1.000000,0,1
371,2,718.1552,375.5352,125.0602,57.1195,1.000000,0.65625,0.34375
371,3,461.4868,372.3275,110.7454,61.1765,1.000000,0.8125,0.1875
372,1,283.7421,347.3037,585.0588,115.2269,1.000000,0,1
372,2,719.4428,375.8078,125.1115,57.1514,1.000000,0.71875,0.28125
372,3,462.6289,372.3643,110.7343,61.1926,1.000000,0.78125,0.21875
373,1,282.9107,347.5322,584.6702,115.1743,1.000000,0,1
373,2,720.7349,376.0659,125.1629,57.1821,1.000000,0.65625,0.34375
373,3,463.7741,372.4059,110.7229,61.2090,1.000000,0.78125,0.21875
374,1,282.0820,347.7560,584.2816,115.1216,1.000000,0,1
374,2,722.0271,376.3186,125.2146,57.2124,1.000000,0.6875,0.3125
374,3,464.9228,372.4560,110.7114,61.2261,1.000000,0.75,0.25
375,1,281.2542,347.9740,583.8944,115.0690,1.000000,0,1
375,2,723.3216,376.5619,125.2664,57.2419,1.000000,0.3125,0.6875
375,3,466.0750,372.5114,110.6997,61.2436,1.000000,0.75,0.25
376,1,280.4258,348.1853,583.5096,115.0171,1.000000,0,1
376,2,724.6198,376.7909,125.3182,57.2700,1.000000,0.5625,0.4375
376,3,467.2317,372.5698,110.6870,61.2609,1.000000,0.78125,0.21875
377,1,279.5996,348.3918,583.1259,114.9652,1.000000,0,1
377,2,725.9186,377.0118,125.3703,57.2975,1.000000,0.53125,0.46875
377,3,468.3925,372.6351,110.6741,61.2786,1.000000,0.90625,0.09375
378,1,278.7740,348.5924,582.7440,114.9137,1.000000,0,1
378,2,727.2198,377.2217,125.4230,57.3242,1.000000,0.53125,0.46875
378,3,469.5566,372.7042,110.6606,61.2965,1.000000,0.71875,0.28125
379,1,277.9484,348.7863,582.3643,114.8625,1.000000,0,1
379,2,728.5243,377.4181,125.4760,57.3497,1.000000,0.625,0.375
379,3,470.7228,372.7752,110.6468,61.3143,1.000000,0.71875,0.28125
380,1,277.1248,348.9757,581.9850,114.8114,1.000000,0,1
380,2,729.7962,377.6039,125.5627,57.3745,1.000000,0.6875,0.3125
380,3,471.8901,372.8533,110.6326,61.3323,1.000000,0.8125,0.1875
381,1,276.3018,349.1599,581.6072,114.7605,1.000000,0,1
381,2,731.0262,377.7776,125.6932,57.3983,1.000000,0.625,0.375
381,3,473.0597,372.9327,110.6178,61.3503,1.000000,0.78125,0.21875
382,1,275.4781,349.3366,581.2318,114.7101,1.000000,0,1
382,2,732.2587,377.9359,125.8241,57.4206,1.000000,0.5625,0.4375
382,3,474.2324,373.0102,110.6027,61.3680,1.000000,0.78125,0.21875
383,1,274.6573,349.5090,580.8560,114.6595,1.000000,0,1
383,2,733.4913,378.0799,125.9558,57.4420,1.000000,0.40625,0.59375
383,3,475.4079,373.0928,110.5870,61.3859,1.000000,0.84375,0.15625
384,1,273.8376,349.6752,580.4807,114.6090,1.000000,0,1
384,2,734.7235,378.2071,126.0880,57.4621,1.000000,0.34375,0.65625
384,3,476.5856,373.1763,110.5710,61.4036,1.000000,0.65625,0.34375
385,1,273.0165,349.8329,580.1083,114.5590,1.000000,0,1
385,2,735.9548,378.3135,126.2205,57.4804,1.000000,0.34375,0.65625
385,3,477.7647,373.2581,110.5550,61.4212,1.000000,0.71875,0.28125
386,1,272.1966,349.9851,579.7371,114.5092,1.000000,0,1
386,2,737.1843,378.4023,126.3538,57.4975,1.000000,0.53125,0.46875
386,3,478.9452,373.3449,110.5386,61.4391,1.000000,0.75,0.25
387,1,271.3764,350.1307,579.3670,114.4597,1.000000,0,1
387,2,738.4122,378.4739,126.4874,57.5133,1.000000,0.4375,0.5625
387,3,480.1266,373.4330,110.5222,61.4571,1.000000,0.78125,0.21875
388,1,270.5560,350.2686,578.9971,114.4102,1.000000,0,1
388,2,739.6390,378.5265,126.6217,57.5276,1.000000,0.5,0.5
388,3,481.3094,373.5208,110.5055,61.4749,1.000000,0.71875,0.28125
389,1,269.7376,350.4009,578.6268,114.3605,1.000000,0,1
389,2,740.8662,378.5622,126.7571,57.5407,1.000000,0.4375,0.5625
389,3,482.4924,373.6144,110.4886,61.4932,1.000000,0.625,0.375
390,1,268.9194,350.5264,578.2570,114.3109,1.000000,0,1
390,2,742.0936,378.5834,126.8934,57.5530,1.000000,0.3125,0.6875
390,3,483.6760,373.7094,110.4716,61.5114,1.000000,0.75,0.25
391,1,268.0999,350.6427,577.8884,114.2615,1.000000,0,1
391,2,743.3206,378.5912,127.0303,57.5642,1.000000,0.25,0.75
391,3,484.8603,373.8013,110.4549,61.5295,1.000000,0.71875,0.28125
392,1,267.2805,350.7514,577.5208,114.2123,1.000000,0,1
392,2,744.5480,378.5870,127.1684,57.5750,1.000000,0.34375,0.65625
392,3,486.0439,373.8977,110.4380,61.5481,1.000000,0.75,0.25
393,1,266.4607,350.8533,577.1544,114.1633,1.000000,0,1
393,2,745.7758,378.5733,127.3076,57.5852,1.000000,0.375,0.625
393,3,487.2272,373.9951,110.4214,61.5667,1.000000,0.875,0.125
394,1,265.6402,350.9477,576.7893,114.1146,1.000000,0,1
394,2,747.0037,378.5517,127.4473,57.5950,1.000000,0.15625,0.84375
394,3,488.4108,374.0902,110.4045,61.5851,1.000000,0.75,0.25
395,1,264.8207,351.0317,576.4234,114.0657,1.000000,0,1
395,2,748.2324,378.5215,127.5885,57.6045,1.000000,0.34375,0.65625
395,3,489.5934,374.1883,110.3877,61.6038,1.000000,0.6875,0.3125
396,1,264.0009,351.1075,576.0585,114.0171,1.000000,0,1
396,2,749.4615,378.4866,127.7302,57.6138,1.000000,0.53125,0.46875
396,3,490.7757,374.2862,110.3708,61.6223,1.000000,0.65625,0.34375
397,1,263.1805,351.1786,575.6941,113.9684,1.000000,0,1
397,2,750.6903,378.4489,127.8726,57.6231,1.000000,0.25,0.75
397,3,491.9581,374.3814,110.3539,61.6407,1.000000,0.65625,0.34375
398,1,262.3608,351.2423,575.3285,113.9195,1.000000,0,1
398,2,751.9207,378.4055,128.0161,57.6323,1.000000,0.25,0.75
398,3,493.1390,374.4804,110.3369,61.6594,1.000000,0.8125,0.1875
399,1,261.5410,351.2977,574.9646,113.8709,1.000000,0,1
399,2,753.1515,378.3592,128.1599,57.6414,1.000000,0.09375,0.90625
399,3,494.3195,374.5777,110.3200,61.6779,1.000000,0.8125,0.1875
400,1,260.7215,351.3429,574.6019,113.8225,1.000000,0,1
400,2,754.3820,378.3117,128.3041,57.6505,1.000000,0.1875,0.8125
400,3,495.5005,374.6683,110.3029,61.6958,1.000000,0.6875,0.3125
401,1,259.9051,351.3798,574.2378,113.7738,1.000000,0,1
401,2,755.6145,378.2620,128.4489,57.6596,1.000000,0.15625,0.84375
401,3,496.6794,374.7621,110.2856,61.7138,1.000000,0.75,0.25
402,1,259.0905,351.4096,573.8743,113.7250,1.000000,0,1
402,2,756.8481,378.2118,128.5941,57.6687,1.000000,0.28125,0.71875
402,3,497.8578,374.8534,110.2681,61.7315,1.000000,0.75,0.25
403,1,258.2758,351.4330,573.5127,113.6767,1.000000,0,1
403,2,758.0823,378.1617,128.7393,57.6777,1.000000,0.21875,0.78125
403,3,499.0363,374.9391,110.2504,61.7486,1.000000,0.875,0.125
404,1,257.4614,351.4468,573.1508,113.6282,1.000000,0,1
404,2,759.3195,378.1111,128.8851,57.6869,1.000000,0.1875,0.8125
404,3,500.2121,375.0262,110.2326,61.7658,1.000000,0.8125,0.1875
405,1,256.6473,351.4521,572.7885,113.5797,1.000000,0,1
405,2,760.5585,378.0601,129.0309,57.6959,1.000000,0.03125,0.96875
405,3,501.3874,375.1103,110.2147,61.7826,1.000000,0.8125,0.1875
406,1,255.8326,351.4499,572.4282,113.5315,1.000000,0,1
406,2,761.7981,378.0099,129.1766,57.7049,1.000000,0.09375,0.90625
406,3,502.5624,375.1884,110.1966,61.7988,1.000000,0.6875,0.3125
407,1,255.0180,351.4399,572.0669,113.4832,1.000000,0,1
407,2,763.0401,377.9623,129.3224,57.7140,1.000000,0.03125,0.96875
407,3,503.7342,375.2679,110.1784,61.8151,1.000000,0.625,0.375
408,1,254.2030,351.4231,571.7058,113.4348,1.000000,0,1
408,2,764.2831,377.9166,129.4682,57.7233,1.000000,0.0625,0.9375
408,3,504.9048,375.3440,110.1601,61.8310,1.000000,0.71875,0.28125
409,1,253.3871,351.4003,571.3459,113.3867,1.000000,0,1
409,2,765.5264,377.8723,129.6132,57.7322,1.000000,0.03125,0.96875
409,3,506.0754,375.4121,110.1418,61.8463,1.000000,0.78125,0.21875
410,1,252.5706,351.3694,570.9866,113.3387,1.000000,0,1
410,2,766.7707,377.8293,129.7578,57.7411,1.000000,0.03125,0.96875
410,3,507.2440,375.4767,110.1238,61.8614,1.000000,0.6875,0.3125
411,1,251.7534,351.3317,570.6285,113.2909,1.000000,0,1
411,2,768.0151,377.7876,129.9017,57.7497,1.000000,0.03125,0.96875
411,3,508.4111,375.5357,110.1058,61.8761,1.000000,0.6875,0.3125
412,1,250.9354,351.2894,570.2719,113.2435,1.000000,0,1
412,2,769.2590,377.7475,130.0447,57.7582,1.000000,0,1
412,3,509.5772,375.5883,110.0882,61.8904,1.000000,0.875,0.125
413,1,250.1166,351.2419,569.9161,113.1962,1.000000,0,1
413,2,770.5029,377.7102,130.1868,57.7664,1.000000,0.03125,0.96875
413,3,510.7420,375.6339,110.0710,61.9044,1.000000,0.75,0.25
414,1,249.2971,351.1890,569.5619,113.1493,1.000000,0,1
414,2,771.7468,377.6747,130.3281,57.7744,1.000000,0,1
414,3,511.9063,375.6725,110.0540,61.9181,1.000000,0.875,0.125
415,1,248.4778,351.1311,569.2091,113.1026,1.000000,0,1
415,2,772.9897,377.6422,130.4681,57.7822,1.000000,0,1
415,3,513.0701,375.7046,110.0372,61.9313,1.000000,0.625,0.375
416,1,247.6571,351.0685,568.8583,113.0562,1.000000,0,1
416,2,774.2318,377.6113,130.6069,57.7895,1.000000,0,1
416,3,514.2335,375.7280,110.0210,61.9442,1.000000,0.78125,0.21875
417,1,246.8363,351.0019,568.5093,113.0103,1.000000,0,1
417,2,775.4731,377.5808,130.7446,57.7964,1.000000,0,1
417,3,515.3955,375.7448,110.0054,61.9567,1.000000,0.8125,0.1875
418,1,246.0156,350.9314,568.1621,112.9647,1.000000,0,1
418,2,776.7131,377.5524,130.8810,57.8030,1.000000,0,1
418,3,516.5564,375.7557,109.9899,61.9690,1.000000,0.78125,0.21875
419,1,245.1937,350.8559,567.8171,112.9194,1.000000,0,1
419,2,777.9518,377.5261,131.0158,57.8092,1.000000,0,1
419,3,517.7164,375.7575,109.9752,61.9809,1.000000,0.8125,0.1875
420,1,244.3719,350.7775,567.4735,112.8745,1.000000,0,1
420,2,779.1891,377.5016,131.1496,57.8150,1.000000,0,1
420,3,518.8752,375.7524,109.9611,61.9927,1.000000,0.6875,0.3125
421,1,243.5509,350.6977,567.1316,112.8300,1.000000,0,1
421,2,780.4254,377.4792,131.2825,57.8207,1.000000,0,1
421,3,520.0328,375.7421,109.9472,62.0042,1.000000,0.71875,0.28125
422,1,242.7296,350.6124,566.7925,112.7858,1.000000,0,1
422,2,781.6613,377.4592,131.4139,57.8261,1.000000,0,1
422,3,521.1892,375.7238,109.9340,62.0153,1.000000,0.65625,0.34375
423,1,241.9090,350.5230,566.4547,112.7420,1.000000,0,1
423,2,782.8972,377.4395,131.5444,57.8310,1.000000,0,1
423,3,522.3450,375.6991,109.9211,62.0261,1.000000,0.90625,0.09375
424,1,241.0882,350.4319,566.1196,112.6987,1.000000,0,1
424,2,784.1334,377.4187,131.6740,57.8353,1.000000,0,1
424,3,523.5005,375.6698,109.9083,62.0367,1.000000,0.84375,0.15625
425,1,240.2675,350.3364,565.7861,112.6557,1.000000,0,1
425,2,785.3690,377.4009,131.8018,57.8392,1.000000,0,1
425,3,524.6555,375.6353,109.8958,62.0469,1.000000,0.84375,0.15625
426,1,239.4474,350.2389,565.4542,112.6129,1.000000,0,1
426,2,786.6029,377.3851,131.9285,57.8428,1.000000,0,1
426,3,525.8101,375.5978,109.8833,62.0570,1.000000,0.75,0.25
427,1,238.6285,350.1415,565.1238,112.5704,1.000000,0,1
427,2,787.8354,377.3694,132.0542,57.8461,1.000000,0,1
427,3,526.9650,375.5584,109.8705,62.0667,1.000000,0.6875,0.3125
428,1,237.8091,350.0415,564.7952,112.5283,1.000000,0,1
428,2,789.0667,377.3544,132.1786,57.8489,1.000000,0,1
428,3,528.1207,375.5153,109.8577,62.0762,1.000000,0.8125,0.1875
429,1,236.9905,349.9401,564.4678,112.4864,1.000000,0,1
429,2,790.2965,377.3396,132.3020,57.8513,1.000000,0,1
429,3,529.2772,375.4709,109.8446,62.0854,1.000000,0.84375,0.15625
430,1,236.1731,349.8378,564.1409,112.4446,1.000000,0,1
430,2,791.5243,377.3241,132.4246,57.8534,1.000000,0,1
430,3,530.4346,375.4263,109.8311,62.0943,1.000000,0.875,0.125
431,1,235.3564,349.7343,563.8160,112.4030,1.000000,0,1
431,2,792.7502,377.3080,132.5458,57.8549,1.000000,0,1
431,3,531.5939,375.3784,109.8172,62.1028,1.000000,0.78125,0.21875
432,1,234.5424,349.6310,563.4913,112.3614,1.000000,0,1
432,2,793.9745,377.2903,132.6660,57.8559,1.000000,0,1
432,3,532.7552,375.3299,109.8027,62.1109,1.000000,0.90625,0.09375
433,1,233.7315,349.5304,563.1664,112.3197,1.000000,0,1
433,2,795.1968,377.2695,132.7859,57.8565,1.000000,0,1
433,3,533.9196,375.2820,109.7876,62.1187,1.000000,0.84375,0.15625
434,1,232.9224,349.4283,562.8427,112.2781,1.000000,0,1
434,2,796.4178,377.2463,132.9047,57.8565,1.000000,0,1
434,3,535.0900,375.2279,109.7718,62.1259,1.000000,0.90625,0.09375
435,1,232.1169,349.3274,562.5182,112.2363,1.000000,0,1
435,2,797.6370,377.2209,133.0234,57.8563,1.000000,0,1
435,3,536.2656,375.1698,109.7552,62.1323,1.000000,0.78125,0.21875
436,1,231.3153,349.2294,562.1935,112.1942,1.000000,0,1
436,2,798.8541,377.1926,133.1414,57.8556,1.000000,0,1
436,3,537.4467,375.1084,109.7377,62.1379,1.000000,0.78125,0.21875
437,1,230.5170,349.1317,561.8683,112.1520,1.000000,0,1
437,2,800.0695,377.1583,133.2587,57.8541,1.000000,0,1
437,3,538.6338,375.0411,109.7195,62.1428,1.000000,0.78125,0.21875
438,1,229.7227,349.0362,561.5421,112.1096,1.000000,0,1
438,2,801.2837,377.1197,133.3760,57.8523,1.000000,0,1
438,3,539.8246,374.9717,109.7008,62.1473,1.000000,0.75,0.25
439,1,228.9320,348.9427,561.2156,112.0668,1.000000,0,1
439,2,802.4969,377.0784,133.4937,57.8503,1.000000,0,1
439,3,541.0186,374.9009,109.6815,62.1513,1.000000,0.8125,0.1875
440,1,228.1446,348.8497,560.8882,112.0237,1.000000,0,1
440,2,803.7082,377.0308,133.6107,57.8477,1.000000,0,1
440,3,542.2188,374.8237,109.6613,62.1545,1.000000,0.78125,0.21875
441,1,227.3615,348.7587,560.5583,111.9801,1.000000,0,1
441,2,804.9183,376.9785,133.7278,57.8446,1.000000,0,1
441,3,543.4227,374.7425,109.6407,62.1571,1.000000,0.875,0.125
442,1,226.5829,348.6692,560.2261,111.9359,1.000000,0,1
442,2,806.1278,376.9225,133.8453,57.8414,1.000000,0,1
442,3,544.6290,374.6596,109.6195,62.1593,1.000000,0.78125,0.21875
443,1,225.8067,348.5790,559.8928,111.8912,1.000000,0,1
443,2,807.3367,376.8590,133.9633,57.8377,1.000000,0,1
443,3,545.8400,374.5715,109.5977,62.1608,1.000000,0.8125,0.1875
444,1,225.0338,348.4904,559.5575,111.8462,1.000000,0,1
444,2,808.5457,376.7897,134.0820,57.8338,1.000000,0,1
444,3,547.0533,374.4809,109.5754,62.1619,1.000000,0.8125,0.1875
445,1,224.2649,348.4045,559.2194,111.8005,1.000000,0,1
445,2,809.7544,376.7154,134.2018,57.8299,1.000000,0,1
445,3,548.2676,374.3896,109.5528,62.1626,1.000000,0.9375,0.0625
446,1,223.4986,348.3177,558.8796,111.7542,1.000000,0,1
446,2,810.9629,376.6326,134.3220,57.8253,1.000000,0,1
446,3,549.4861,374.2917,109.5296,62.1627,1.000000,0.875,0.125
447,1,222.7351,348.2315,558.5381,111.7076,1.000000,0,1
447,2,812.1707,376.5450,134.4431,57.8207,1.000000,0,1
447,3,550.7066,374.1910,109.5061,62.1623,1.000000,0.75,0.25
448,1,221.9742,348.1462,558.1948,111.6605,1.000000,0,1
448,2,813.3777,376.4540,134.5653,57.8164,1.000000,0,1
448,3,551.9276,374.0914,109.4822,62.1617,1.000000,0.78125,0.21875
449,1,221.2164,348.0592,557.8497,111.6130,1.000000,0,1
449,2,814.5858,376.3520,134.6888,57.8116,1.000000,0,1
449,3,553.1533,373.9862,109.4575,62.1604,1.000000,0.8125,0.1875
450,1,220.4617,347.9717,557.5032,111.5650,1.000000,0,1
450,2,815.7942,376.2429,134.8140,57.8066,1.000000,0,1
450,3,554.3807,373.8795,109.4323,62.1587,1.000000,0.84375,0.15625
451,1,219.7116,347.8842,557.1545,111.5165,1.000000,0,1
451,2,817.0025,376.1300,134.9402,57.8018,1.000000,0,1
451,3,555.6084,373.7742,109.4066,62.1568,1.000000,0.875,0.125
452,1,218.9657,347.7938,556.8057,111.4679,1.000000,0,1
452,2,818.2120,376.0049,135.0673,57.7962,1.000000,0,1
452,3,556.8403,373.6623,109.3805,62.1542,1.000000,0.78125,0.21875
453,1,218.2234,347.7011,556.4563,111.4189,1.000000,0,1
453,2,819.4222,375.8721,135.1957,57.7904,1.000000,0,1
453,3,558.0733,373.5488,109.3540,62.1512,1.000000,0.90625,0.09375
454,1,217.4848,347.6062,556.1056,111.3696,1.000000,0,1
454,2,820.6326,375.7361,135.3258,57.7850,1.000000,0,1
454,3,559.3054,373.4373,109.3275,62.1484,1.000000,0.8125,0.1875
455,1,216.7491,347.5063,555.7531,111.3198,1.000000,0,1
455,2,821.8448,375.5853,135.4576,57.7788,1.000000,0,1
455,3,560.5427,373.3193,109.3002,62.1446,1.000000,0.84375,0.15625
456,1,216.0155,347.4035,555.4002,111.2698,1.000000,0,1
456,2,823.0579,375.4258,135.5906,57.7723,1.000000,0,1
456,3,561.7817,373.1992,109.2726,62.1407,1.000000,0.875,0.125
457,1,215.2821,347.2989,555.0487,111.2202,1.000000,0,1
457,2,824.2705,375.2625,135.7246,57.7659,1.000000,0,1
457,3,563.0196,373.0806,109.2451,62.1368,1.000000,0.84375,0.15625
458,1,214.5493,347.1889,554.6977,111.1706,1.000000,0,1
458,2,825.4852,375.0838,135.8605,57.7587,1.000000,0,1
458,3,564.2618,372.9572,109.2170,62.1322,1.000000,0.84375,0.15625
459,1,213.8156,347.0759,554.3487,111.1214,1.000000,0,1
459,2,826.7009,374.8970,135.9979,57.7514,1.000000,0,1
459,3,565.5050,372.8326,109.1886,62.1274,1.000000,0.90625,0.09375
460,1,213.0809,346.9615,554.0024,111.0727,1.000000,0,1
460,2,827.9163,374.7081,136.1365,57.7444,1.000000,0,1
460,3,566.7471,372.7088,109.1602,62.1226,1.000000,0.78125,0.21875
461,1,212.3442,346.8426,553.6587,111.0247,1.000000,0,1
461,2,829.1345,374.5035,136.2770,57.7365,1.000000,0,1
461,3,567.9928,372.5776,109.1312,62.1170,1.000000,0.78125,0.21875
462,1,211.6047,346.7211,553.3181,110.9773,1.000000,0,1
462,2,830.3540,374.2914,136.4190,57.7285,1.000000,0,1
462,3,569.2385,372.4432,109.1025,62.1112,1.000000,0.71875,0.28125
463,1,210.8613,346.5986,552.9830,110.9310,1.000000,0,1
463,2,831.5736,374.0776,136.5624,57.7209,1.000000,0,1
463,3,570.4813,372.3087,109.0742,62.1057,1.000000,0.8125,0.1875
464,1,210.1133,346.4729,552.6521,110.8859,1.000000,0,1
464,2,832.7968,373.8484,136.7077,57.7125,1.000000,0,1
464,3,571.7264,372.1652,109.0460,62.0995,1.000000,0.90625,0.09375
465,1,209.3596,346.3461,552.3280,110.8421,1.000000,0,1
465,2,834.0217,373.6129,136.8549,57.7042,1.000000,0,1
465,3,572.9703,372.0167,109.0182,62.0932,1.000000,0.625,0.375
466,1,208.5985,346.2195,552.0116,110.8000,1.000000,0,1
466,2,835.2476,373.3772,137.0035,57.6965,1.000000,0,1
466,3,574.2108,371.8672,108.9906,62.0868,1.000000,0.875,0.125
467,1,207.8312,346.0926,551.7015,110.7595,1.000000,0,1
467,2,836.4786,373.1257,137.1543,57.6879,1.000000,0,1
467,3,575.4519,371.7069,108.9634,62.0798,1.000000,0.75,0.25
468,1,207.0582,345.9663,551.3975,110.7202,1.000000,0,1
468,2,837.7127,372.8683,137.3073,57.6794,1.000000,0,1
468,3,576.6904,371.5413,108.9367,62.0727,1.000000,0.75,0.25
469,1,206.2805,345.8421,551.0980,110.6820,1.000000,0,1
469,2,838.9487,372.6123,137.4619,57.6718,1.000000,0,1
469,3,577.9235,371.3752,108.9109,62.0659,1.000000,0.8125,0.1875
470,1,205.4955,345.7198,550.8051,110.6453,1.000000,0,1
470,2,840.1910,372.3425,137.6192,57.6638,1.000000,0,1
470,3,579.1561,371.1974,108.8856,62.0584,1.000000,0.875,0.125
471,1,204.7052,345.6000,550.5164,110.6096,1.000000,0,1
471,2,841.4366,372.0686,137.7786,57.6559,1.000000,0,1
471,3,580.3850,371.0138,108.8609,62.0508,1.000000,0.84375,0.15625
472,1,203.9103,345.4839,550.2300,110.5746,1.000000,0,1
472,2,842.6840,371.7983,137.9387,57.6487,1.000000,0,1
472,3,581.6073,370.8287,108.8376,62.0437,1.000000,0.96875,0.03125
473,1,203.1108,345.3705,549.9459,110.5401,1.000000,0,1
473,2,843.9384,371.5159,138.1016,57.6410,1.000000,0,1
473,3,582.8280,370.6306,108.8151,62.0361,1.000000,0.71875,0.28125
474,1,202.3079,345.2603,549.6638,110.5059,1.000000,0,1
474,2,845.1972,371.2305,138.2665,57.6339,1.000000,0,1
474,3,584.0441,370.4267,108.7938,62.0287,1.000000,0.84375,0.15625
475,1,201.5034,345.1543,549.3813,110.4718,1.000000,0,1
475,2,846.4581,370.9499,138.4332,57.6276,1.000000,0,1
475,3,585.2532,370.2218,108.7736,62.0218,1.000000,0.59375,0.40625
476,1,200.6963,345.0507,549.1000,110.4380,1.000000,0,1
476,2,847.7256,370.6572,138.6016,57.6207,1.000000,0,1
476,3,586.4600,370.0045,108.7545,62.0143,1.000000,0.75,0.25
477,1,199.8884,344.9490,548.8184,110.4042,1.000000,0,1
477,2,848.9968,370.3622,138.7712,57.6139,1.000000,0,1
477,3,587.6621,369.7819,108.7365,62.0071,1.000000,0.84375,0.15625
478,1,199.0790,344.8495,548.5381,110.3706,1.000000,0,1
478,2,850.2698,370.0730,138.9421,57.6079,1.000000,0,1
478,3,588.8584,369.5583,108.7200,62.0007,1.000000,0.625,0.375
479,1,198.2697,344.7506,548.2571,110.3369,1.000000,0,1
479,2,851.5500,369.7728,139.1149,57.6015,1.000000,0,1
479,3,590.0537,369.3217,108.7051,61.9941,1.000000,0.71875,0.28125
480,1,197.4595,344.6525,547.9769,110.3033,1.000000,0,1
480,2,852.8331,369.4710,139.2885,57.5951,1.000000,0,1
480,3,591.2455,369.0801,108.6919,61.9879,1.000000,0.75,0.25
481,1,196.6471,344.5553,547.6984,110.2701,1.000000,0,1
481,2,854.1166,369.1752,139.4619,57.5890,1.000000,0,1
481,3,592.4349,368.8356,108.6801,61.9825,1.000000,0.78125,0.21875
482,1,195.8350,344.4564,547.4193,110.2369,1.000000,0,1
482,2,855.4064,368.8687,139.6369,57.5823,1.000000,0,1
482,3,593.6223,368.5808,108.6699,61.9771,1.000000,0.75,0.25
483,1,195.0217,344.3568,547.1420,110.2039,1.000000,0,1
483,2,856.6989,368.5605,139.8128,57.5756,1.000000,0,1
483,3,594.8083,368.3200,108.6611,61.9720,1.000000,0.71875,0.28125
484,1,194.2082,344.2567,546.8649,110.1710,1.000000,0,1
484,2,857.9924,368.2580,139.9890,57.5696,1.000000,0,1
484,3,595.9935,368.0568,108.6536,61.9675,1.000000,0.9375,0.0625
485,1,193.3935,344.1529,546.5895,110.1385,1.000000,0,1
485,2,859.2925,367.9442,140.1661,57.5624,1.000000,0,1
485,3,597.1774,367.7831,108.6475,61.9630,1.000000,0.5625,0.4375
486,1,192.5783,344.0453,546.3156,110.1062,1.000000,0,1
486,2,860.5952,367.6288,140.3434,57.5551,1.000000,0,1
486,3,598.3605,367.5038,108.6426,61.9587,1.000000,0.65625,0.34375
487,1,191.7634,343.9339,546.0415,110.0739,1.000000,0,1
487,2,861.8983,367.3201,140.5211,57.5485,1.000000,0,1
487,3,599.5427,367.2228,108.6390,61.9550,1.000000,0.65625,0.34375
488,1,190.9482,343.8160,545.7684,110.0418,1.000000,0,1
488,2,863.2081,367.0014,140.7002,57.5411,1.000000,0,1
488,3,600.7232,366.9340,108.6366,61.9514,1.000000,0.53125,0.46875
489,1,190.1328,343.6925,545.4956,110.0098,1.000000,0,1
489,2,864.5203,366.6818,140.8795,57.5337,1.000000,0,1
489,3,601.9029,366.6417,108.6352,61.9481,1.000000,0.5625,0.4375
490,1,189.3174,343.5640,545.2234,109.9778,1.000000,0,1
490,2,865.8315,366.3684,141.0584,57.5266,1.000000,0,1
490,3,603.0818,366.3500,108.6348,61.9454,1.000000,0.65625,0.34375
491,1,188.5020,343.4275,544.9508,109.9458,1.000000,0,1
491,2,867.1484,366.0458,141.2382,57.5188,1.000000,0,1
491,3,604.2591,366.0511,108.6355,61.9428,1.000000,0.5625,0.4375
492,1,187.6874,343.2839,544.6770,109.9136,1.000000,0,1
492,2,868.4668,365.7228,141.4189,57.5111,1.000000,0,1
492,3,605.4352,365.7503,108.6373,61.9406,1.000000,0.40625,0.59375
493,1,186.8730,343.1339,544.4032,109.8812,1.000000,0,1
493,2,869.7846,365.4068,141.5998,57.5042,1.000000,0,1
493,3,606.6107,365.4518,108.6396,61.9390,1.000000,0.6875,0.3125
494,1,186.0576,342.9756,544.1282,109.8485,1.000000,0,1
494,2,871.1071,365.0816,141.7816,57.4965,1.000000,0,1
494,3,607.7844,365.1472,108.6432,61.9375,1.000000,0.625,0.375
495,1,185.2428,342.8103,543.8653,109.8155,1.000000,0,1
495,2,872.4304,364.7561,141.9637,57.4888,1.000000,0,1
495,3,608.9573,364.8418,108.6472,61.9363,1.000000,0.625,0.375
496,1,184.4275,342.6380,543.6824,109.7819,1.000000,0,1
496,2,873.7520,364.4377,142.1461,57.4819,1.000000,0,1
496,3,610.1291,364.5405,108.6523,61.9359,1.000000,0.6875,0.3125
497,1,183.6102,342.4553,543.4968,109.7477,1.000000,0,1
497,2,875.0776,364.1107,142.3301,57.4745,1.000000,0,1
497,3,611.3000,364.2344,108.6579,61.9356,1.000000,0.34375,0.65625
498,1,182.7937,342.2629,543.3080,109.7128,1.000000,0,1
498,2,876.4039,363.7837,142.5148,57.4674,1.000000,0,1
498,3,612.4708,363.9284,108.6642,61.9356,1.000000,0.40625,0.59375
499,1,181.9799,342.0614,543.1154,109.6771,1.000000,0,1
499,2,877.7280,363.4633,142.6994,57.4610,1.000000,0,1
499,3,613.6417,363.6273,108.6711,61.9365,1.000000,0.53125,0.46875
500,1,181.1668,341.8481,542.9205,109.6408,1.000000,0,1
500,2,879.0546,363.1346,142.8851,57.4540,1.000000,0,1
500,3,614.8130,363.3231,108.6785,61.9372,1.000000,0.5625,0.4375
501,1,180.3558,341.6233,542.7225,109.6039,1.000000,0,1
501,2,880.3808,362.8061,143.0715,57.4472,1.000000,0,1
501,3,615.9840,363.0217,108.6863,61.9386,1.000000,0.375,0.625
502,1,179.5463,341.3868,542.5222,109.5664,1.000000,0,1
502,2,881.7044,362.4851,143.2580,57.4412,1.000000,0,1
502,3,617.1536,362.7281,108.6951,61.9411,1.000000,0.5,0.5
503,1,178.7384,341.1349,542.3196,109.5284,1.000000,0,1
503,2,883.0291,362.1545,143.4450,57.4345,1.000000,0,1
503,3,618.3212,362.4335,108.7043,61.9438,1.000000,0.4375,0.5625
504,1,177.9324,340.8688,542.1150,109.4899,1.000000,0,1
504,2,884.3521,361.8241,143.6320,57.4276,1.000000,0,1
504,3,619.4879,362.1429,108.7137,61.9469,1.000000,0.375,0.625
505,1,177.1273,340.5897,541.9091,109.4512,1.000000,0,1
505,2,885.6711,361.5024,143.8185,57.4215,1.000000,0,1
505,3,620.6544,361.8611,108.7296,61.9506,1.000000,0.4375,0.5625
506,1,176.3229,340.2925,541.7023,109.4123,1.000000,0,1
506,2,886.9902,361.1725,144.0052,57.4147,1.000000,0,1
506,3,621.8194,361.5789,108.8063,61.9545,1.000000,0.3125,0.6875
507,1,175.5198,339.9798,541.4946,109.3731,1.000000,0,1
507,2,888.3068,360.8429,144.1915,57.4078,1.000000,0,1
507,3,622.9841,361.3007,108.8832,61.9588,1.000000,0.28125,0.71875
508,1,174.7176,339.6530,541.2863,109.3337,1.000000,0,1
508,2,889.6186,360.5204,144.3768,57.4011,1.000000,0,1
508,3,624.1492,361.0309,108.9601,61.9638,1.000000,0.375,0.625
509,1,173.9138,339.3072,541.0799,109.2948,1.000000,0,1
509,2,890.9299,360.1901,144.5618,57.3936,1.000000,0,1
509,3,625.3138,360.7615,109.0373,61.9688,1.000000,0.3125,0.6875
510,1,173.1089,338.9458,540.8752,109.2563,1.000000,0,1
510,2,892.2386,359.8476,144.7462,57.3994,1.000000,0,1
510,3,626.4787,360.4965,109.1146,61.9742,1.000000,0.21875,0.78125
511,1,172.3023,338.5710,540.6737,109.2185,1.000000,0,1
511,2,893.5431,359.4973,144.9301,57.4230,1.000000,0,1
511,3,627.6442,360.2398,109.1919,61.9804,1.000000,0.25,0.75
512,1,171.4926,338.1763,540.4756,109.1816,1.000000,0,1
512,2,894.8462,359.1402,145.1135,57.4465,1.000000,0,1
512,3,628.8098,359.9819,109.2695,61.9880,1.000000,0.25,0.75
513,1,170.6792,337.7670,540.2830,109.1457,1.000000,0,1
513,2,896.1465,358.7848,145.2964,57.4698,1.000000,0,1
513,3,629.9761,359.7091,109.3474,62.0155,1.000000,0.1875,0.8125
514,1,169.8625,337.3464,540.0952,109.1110,1.000000,0,1
514,2,897.4432,358.4375,145.4785,57.4930,1.000000,0,1
514,3,631.1434,359.4452,109.4253,62.0430,1.000000,0.1875,0.8125
515,1,169.0437,336.9079,539.9110,109.0772,1.000000,0,1
515,2,898.7391,358.0820,145.6605,57.5160,1.000000,0,1
515,3,632.3110,359.1808,109.5037,62.0708,1.000000,0.28125,0.71875
516,1,168.2212,336.4561,539.7324,109.0446,1.000000,0,1
516,2,900.0330,357.7278,145.8423,57.5391,1.000000,0,1
516,3,633.4795,358.9205,109.5824,62.0987,1.000000,0.1875,0.8125
517,1,167.3950,335.9953,539.5592,109.0132,1.000000,0,1
517,2,901.3221,357.3832,146.0231,57.5618,1.000000,0,1
517,3,634.6489,358.6674,109.6611,62.1267,1.000000,0.1875,0.8125
518,1,166.5654,335.5186,539.3910,108.9831,1.000000,0,1
518,2,902.6100,357.0306,146.2037,57.5846,1.000000,0,1
518,3,635.8169,358.4153,109.7404,62.1549,1.000000,0.15625,0.84375
519,1,165.7314,335.0316,539.2295,108.9543,1.000000,0,1
519,2,903.8950,356.6794,146.3843,57.6073,1.000000,0,1
519,3,636.9839,358.1685,109.8199,62.1833,1.000000,0.0625,0.9375
520,1,164.8935,334.5387,539.0743,108.9270,1.000000,0,1
520,2,905.1758,356.3388,146.5641,57.6300,1.000000,0,1
520,3,638.1502,357.9297,109.8994,62.2116,1.000000,0.1875,0.8125
521,1,164.0514,334.0338,538.9255,108.9011,1.000000,0,1
521,2,906.4547,355.9897,146.7441,57.6526,1.000000,0,1
521,3,639.3160,357.6887,109.9791,62.2400,1.000000,0.09375,0.90625
522,1,163.2053,333.5229,538.7827,108.8767,1.000000,0,1
522,2,907.7307,355.6412,146.9240,57.6754,1.000000,0,1
522,3,640.4819,357.4495,110.0594,62.2687,1.000000,0.125,0.875
523,1,162.3553,333.0096,538.6464,108.8536,1.000000,0,1
523,2,909.0030,355.3022,147.1042,57.6983,1.000000,0,1
523,3,641.6482,357.2173,110.1401,62.2978,1.000000,0.125,0.875
524,1,161.5034,332.4879,538.5146,108.8316,1.000000,0,1
524,2,910.2739,354.9568,147.2848,57.7215,1.000000,0,1
524,3,642.8171,356.9828,110.2216,62.3271,1.000000,0.0625,0.9375
525,1,160.6474,331.9632,538.3892,108.8110,1.000000,0,1
525,2,911.5429,354.6137,147.4660,57.7448,1.000000,0,1
525,3,643.9891,356.7486,110.3036,62.3568,1.000000,0.03125,0.96875
526,1,159.7885,331.4406,538.2687,108.7916,1.000000,0,1
526,2,912.8092,354.2797,147.6472,57.7682,1.000000,0,1
526,3,645.1642,356.5178,110.3861,62.3866,1.000000,0.0625,0.9375
527,1,158.9284,330.9134,538.1520,108.7731,1.000000,0,1
527,2,914.0759,353.9385,147.8294,57.7921,1.000000,0,1
527,3,646.3496,356.2734,110.4698,62.4170,1.000000,0,1
528,1,158.0658,330.3872,538.0396,108.7554,1.000000,0,1
528,2,915.3423,353.5999,148.0128,57.8163,1.000000,0,1
528,3,647.5402,356.0273,110.5543,62.4476,1.000000,0.03125,0.96875
529,1,157.1997,329.8683,537.9319,108.7390,1.000000,0,1
529,2,916.6077,353.2722,148.1975,57.8410,1.000000,0,1
529,3,648.7324,355.7896,110.6387,62.4782,1.000000,0,1
530,1,156.3311,329.3481,537.8276,108.7232,1.000000,0,1
530,2,917.8732,352.9413,148.3829,57.8660,1.000000,0,1
530,3,649.9332,355.5452,110.7236,62.5090,1.000000,0,1
531,1,155.4596,328.8323,537.7280,108.7084,1.000000,0,1
531,2,919.1382,352.6163,148.5695,57.8915,1.000000,0,1
531,3,651.1367,355.3053,110.8086,62.5398,1.000000,0.03125,0.96875
532,1,154.5851,328.3271,537.6320,108.6946,1.000000,0,1
532,2,920.4028,352.3062,148.7574,57.9173,1.000000,0,1
532,3,652.3398,355.0797,110.8938,62.5706,1.000000,0,1
533,1,153.7061,327.8239,537.5420,108.6821,1.000000,0,1
533,2,921.6678,351.9958,148.9461,57.9435,1.000000,0,1
533,3,653.5494,354.8538,110.9789,62.6013,1.000000,0,1
534,1,152.8222,327.3267,537.4573,108.6708,1.000000,0,1
534,2,922.9333,351.6929,149.1359,57.9699,1.000000,0,1
534,3,654.7607,354.6355,111.0639,62.6318,1.000000,0,1
535,1,151.9345,326.8417,537.3768,108.6604,1.000000,0,1
535,2,924.2001,351.4050,149.3273,57.9970,1.000000,0,1
535,3,655.9711,354.4308,111.1482,62.6620,1.000000,0,1
536,1,151.0447,326.3626,537.2987,108.6506,1.000000,0,1
536,2,925.4694,351.1201,149.5195,58.0243,1.000000,0,1
536,3,657.1841,354.2274,111.2324,62.6921,1.000000,0,1
537,1,150.1506,325.8924,537.2246,108.6417,1.000000,0,1
537,2,926.7405,350.8456,149.7134,58.0519,1.000000,0,1
537,3,658.3984,354.0309,111.3159,62.7218,1.000000,0,1
538,1,149.2508,325.4341,537.1561,108.6342,1.000000,0,1
538,2,928.0137,350.5874,149.9088,58.0801,1.000000,0,1
538,3,659.6133,353.8466,111.3987,62.7510,1.000000,0,1
539,1,148.3465,324.9835,537.0919,108.6276,1.000000,0,1
539,2,929.2911,350.3327,150.1050,58.1086,1.000000,0,1
539,3,660.8343,353.6620,111.4811,62.7799,1.000000,0,1
540,1,147.4362,324.5429,537.0334,108.6224,1.000000,0,1
540,2,930.5713,350.0898,150.3027,58.1372,1.000000,0,1
540,3,662.0577,353.4835,111.5629,62.8084,1.000000,0,1
541,1,146.5186,324.1155,536.9823,108.6187,1.000000,0,1
541,2,931.8538,349.8658,150.5009,58.1660,1.000000,0,1
541,3,663.2814,353.3163,111.6443,62.8366,1.000000,0,1
542,1,145.5951,323.6959,536.9353,108.6161,1.000000,0,1
542,2,933.1418,349.6482,150.7004,58.1951,1.000000,0,1
542,3,664.5106,353.1490,111.7253,62.8645,1.000000,0,1
543,1,144.6652,323.2868,536.8939,108.6148,1.000000,0,1
543,2,934.4338,349.4433,150.9012,58.2245,1.000000,0,1
543,3,665.7413,352.9882,111.8057,62.8922,1.000000,0,1
544,1,143.7278,322.8939,536.8593,108.6150,1.000000,0,1
544,2,935.7297,349.2560,151.1033,58.2542,1.000000,0,1
544,3,666.9708,352.8403,111.8854,62.9194,1.000000,0,1
545,1,142.7825,322.5113,536.8307,108.6168,1.000000,0,1
545,2,937.0303,349.0781,151.3061,58.2839,1.000000,0,1
545,3,668.2036,352.6932,111.9649,62.9463,1.000000,0,1
546,1,141.8285,322.1418,536.8098,108.6201,1.000000,0,1
546,2,938.3352,348.9138,151.5100,58.3138,1.000000,0,1
546,3,669.4372,352.5519,112.0442,62.9732,1.000000,0,1
547,1,140.8665,321.7884,536.7952,108.6251,1.000000,0,1
547,2,939.6445,348.7688,151.7151,58.3440,1.000000,0,1
547,3,670.6697,352.4220,112.1232,62.9999,1.000000,0,1
548,1,139.8948,321.4463,536.7886,108.6318,1.000000,0,1
548,2,940.9583,348.6329,151.9211,58.3744,1.000000,0,1
548,3,671.9048,352.2924,112.2021,63.0265,1.000000,0,1
549,1,138.9142,321.1175,536.7895,108.6402,1.000000,0,1
549,2,942.2759,348.5112,152.1279,58.4047,1.000000,0,1
549,3,673.1403,352.1681,112.2811,63.0531,1.000000,0,1
550,1,137.9258,320.8044,536.7964,108.6501,1.000000,0,1
550,2,943.5974,348.4105,152.3353,58.4352,1.000000,0,1
550,3,674.3741,352.0538,112.3604,63.0798,1.000000,0,1
551,1,136.9299,320.5055,536.8094,108.6615,1.000000,0,1
551,2,944.9224,348.3266,152.5437,58.4659,1.000000,0,1
551,3,675.6104,351.9397,112.4396,63.1066,1.000000,0,1
552,1,135.9263,320.2223,536.8287,108.6742,1.000000,0,1
552,2,946.2505,348.2602,152.7529,58.4967,1.000000,0,1
552,3,676.8473,351.8307,112.5193,63.1335,1.000000,0,1
553,1,134.9155,319.9565,536.8527,108.6882,1.000000,0,1
553,2,947.5827,348.2128,152.9628,58.5276,1.000000,0,1
553,3,678.0835,351.7313,112.5995,63.1607,1.000000,0,1
554,1,133.8985,319.7069,536.8813,108.7031,1.000000,0,1
554,2,948.9189,348.1828,153.1735,58.5585,1.000000,0,1
554,3,679.3219,351.6340,112.6799,63.1881,1.000000,0,1
555,1,132.8774,319.4744,536.9126,108.7186,1.000000,0,1
555,2,950.2600,348.1692,153.3853,58.5897,1.000000,0,1
555,3,680.5602,351.5419,112.7610,63.2157,1.000000,0,1
556,1,131.8524,319.2597,536.9456,108.7346,1.000000,0,1
556,2,951.6072,348.1723,153.5989,58.6212,1.000000,0,1
556,3,681.7968,351.4578,112.8422,63.2434,1.000000,0,1
557,1,130.8251,319.0622,536.9795,108.7509,1.000000,0,1
557,2,952.9598,348.1973,153.8131,58.6528,1.000000,0,1
557,3,683.0334,351.3784,112.9237,63.2713,1.000000,0,1
558,1,129.7949,318.8826,537.0154,108.7676,1.000000,0,1
558,2,954.3171,348.2408,154.0284,58.6845,1.000000,0,1
558,3,684.2686,351.3035,113.0054,63.2993,1.000000,0,1
559,1,128.7614,318.7234,537.0522,108.7845,1.000000,0,1
559,2,955.6792,348.3027,154.2449,58.7165,1.000000,0,1
559,3,685.5018,351.2339,113.0871,63.3273,1.000000,0,1
560,1,127.7272,318.5826,537.0887,108.8014,1.000000,0,1
560,2,957.0457,348.3888,154.4618,58.7484,1.000000,0,1
560,3,686.7337,351.1693,113.1689,63.3554,1.000000,0,1
561,1,126.6921,318.4597,537.1246,108.8182,1.000000,0,1
561,2,958.4164,348.4949,154.6791,58.7802,1.000000,0,1
561,3,687.9636,351.1115,113.2505,63.3834,1.000000,0,1
562,1,125.6570,318.3549,537.1594,108.8347,1.000000,0,1
562,2,959.7912,348.6193,154.8968,58.8120,1.000000,0,1
562,3,689.1910,351.0616,113.3322,63.4114,1.000000,0,1
563,1,124.6233,318.2690,537.1906,108.8504,1.000000,0,1
563,2,961.1679,348.7674,155.1143,58.8435,1.000000,0,1
563,3,690.4168,351.0152,113.4135,63.4393,1.000000,0,1
564,1,123.5896,318.2004,537.2203,108.8657,1.000000,0,1
564,2,962.5477,348.9328,155.3314,58.8748,1.000000,0,1
564,3,691.6406,350.9742,113.4948,63.4671,1.000000,0,1
565,1,122.5564,318.1494,537.2480,108.8807,1.000000,0,1
565,2,963.9314,349.1120,155.5487,58.9059,1.000000,0,1
565,3,692.8618,350.9409,113.5760,63.4950,1.000000,0,1
566,1,121.5267,318.1179,537.2715,108.8946,1.000000,0,1
566,2,965.3163,349.3135,155.7653,58.9367,1.000000,0,1
566,3,694.0815,350.9131,113.6569,63.5225,1.000000,0,1
567,1,120.4991,318.1033,537.2919,108.9079,1.000000,0,1
567,2,966.7028,349.5297,155.9811,58.9670,1.000000,0,1
567,3,695.2998,350.8917,113.7374,63.5499,1.000000,0,1
568,1,119.4720,318.1074,537.3105,108.9207,1.000000,0,1
568,2,968.0914,349.7538,156.1962,58.9970,1.000000,0,1
568,3,696.5168,350.8768,113.8179,63.5774,1.000000,0,1
569,1,118.4480,318.1296,537.3239,108.9324,1.000000,0,1
569,2,969.4791,349.9949,156.4106,59.0266,1.000000,0,1
569,3,697.7343,350.8676,113.8978,63.6046,1.000000,0,1
570,1,117.4273,318.1668,537.3322,108.9429,1.000000,0,1
570,2,970.8677,350.2457,156.6240,59.0559,1.000000,0,1
570,3,698.9519,350.8653,113.9777,63.6316,1.000000,0,1
571,1,116.4095,318.2180,537.3361,108.9524,1.000000,0,1
571,2,972.2583,350.5008,156.8370,59.0848,1.000000,0,1
571,3,700.1688,350.8718,114.0576,63.6587,1.000000,0,1
572,1,115.3941,318.2867,537.3369,108.9612,1.000000,0,1
572,2,973.6444,350.7713,157.0485,59.1133,1.000000,0,1
572,3,701.3827,350.8912,114.1368,63.6854,1.000000,0,1
573,1,114.3814,318.3704,537.3331,108.9690,1.000000,0,1
573,2,975.0290,351.0497,157.2593,59.1415,1.000000,0,1
573,3,702.5951,350.9213,114.2159,63.7119,1.000000,0,1
574,1,113.3698,318.4699,537.3261,108.9761,1.000000,0,1
574,2,976.4141,351.3292,157.4691,59.1694,1.000000,0,1
574,3,703.8073,350.9598,114.2950,63.7386,1.000000,0,1
575,1,112.3619,318.5851,537.3141,108.9820,1.000000,0,1
575,2,977.7935,351.6220,157.6775,59.1968,1.000000,0,1
575,3,705.0182,351.0110,114.3734,63.7650,1.000000,0,1
576,1,111.3570,318.7140,537.2981,108.9869,1.000000,0,1
576,2,979.1719,351.9197,157.8855,59.2240,1.000000,0,1
576,3,706.2290,351.0702,114.4520,63.7912,1.000000,0,1
577,1,110.3547,318.8564,537.2779,108.9910,1.000000,0,1
577,2,980.5525,352.2161,158.0936,59.2513,1.000000,0,1
577,3,707.4409,351.1346,114.5304,63.8174,1.000000,0,1
578,1,109.3572,319.0130,537.2526,108.9939,1.000000,0,1
578,2,981.9282,352.5254,158.3012,59.2783,1.000000,0,1
578,3,708.6537,351.2108,114.6083,63.8433,1.000000,0,1
579,1,108.3633,319.1819,537.2229,108.9958,1.000000,0,1
579,2,983.3032,352.8392,158.5084,59.3053,1.000000,0,1
579,3,709.8677,351.2965,114.6862,63.8691,1.000000,0,1
580,1,107.3719,319.3632,537.1895,108.9966,1.000000,0,1
580,2,984.6805,353.1501,158.7161,59.3323,1.000000,0,1
580,3,711.0836,351.3897,114.7639,63.8950,1.000000,0,1
581,1,106.3868,319.5587,537.1499,108.9963,1.000000,0,1
581,2,986.0541,353.4727,158.9237,59.3593,1.000000,0,1
581,3,712.3008,351.4945,114.8414,63.9205,1.000000,0,1
582,1,105.4063,319.7658,537.1059,108.9947,1.000000,0,1
582,2,987.4276,353.7997,159.1311,59.3863,1.000000,0,1
582,3,713.5195,351.6087,114.9185,63.9458,1.000000,0,1
583,1,104.4307,319.9822,537.0562,108.9920,1.000000,0,1
583,2,988.8038,354.1248,159.3394,59.4134,1.000000,0,1
583,3,714.7401,351.7306,114.9954,63.9709,1.000000,0,1
584,1,103.4607,320.2115,537.0017,108.9881,1.000000,0,1
584,2,990.1788,354.4583,159.5477,59.4406,1.000000,0,1
584,3,715.9620,351.8660,115.0718,63.9958,1.000000,0,1
585,1,102.4957,320.4510,536.9422,108.9831,1.000000,0,1
585,2,991.5543,354.7942,159.7565,59.4678,1.000000,0,1
585,3,717.1851,352.0128,115.1479,64.0205,1.000000,0,1
586,1,101.5362,320.6981,536.8768,108.9767,1.000000,0,1
586,2,992.9321,355.1276,159.9658,59.4952,1.000000,0,1
586,3,718.4094,352.1689,115.2239,64.0450,1.000000,0,1
587,1,100.5823,320.9584,536.8064,108.9692,1.000000,0,1
587,2,994.3092,355.4677,160.1754,59.5225,1.000000,0,1
587,3,719.6339,352.3372,115.2996,64.0694,1.000000,0,1
588,1,99.6333,321.2278,536.7312,108.9605,1.000000,0,1
588,2,995.6874,355.8095,160.3851,59.5499,1.000000,0,1
588,3,720.8595,352.5145,115.3749,64.0936,1.000000,0,1
589,1,98.6895,321.5013,536.6516,108.9508,1.000000,0,1
589,2,997.0676,356.1485,160.5950,59.5772,1.000000,0,1
589,3,722.0876,352.6976,115.4504,64.1177,1.000000,0,1
590,1,97.7518,321.7848,536.5670,108.9399,1.000000,0,1
590,2,998.4471,356.4928,160.8052,59.6045,1.000000,0,1
590,3,723.3172,352.8944,115.5261,64.1419,1.000000,0,1
591,1,96.8193,322.0754,536.4782,108.9281,1.000000,0,1
591,2,999.8265,356.8389,161.0153,59.6319,1.000000,0,1
591,3,724.5496,353.1000,115.6017,64.1662,1.000000,0,1
592,1,95.8918,322.3695,536.3856,108.9154,1.000000,0,1
592,2,1001.2070,357.1831,161.2250,59.6589,1.000000,0,1
592,3,725.7864,353.3086,115.6779,64.1906,1.000000,0,1
593,1,94.9711,322.6718,536.2888,108.9017,1.000000,0,1
593,2,1002.5870,357.5307,161.4343,59.6859,1.000000,0,1
593,3,727.0245,353.5329,115.7545,64.2152,1.000000,0,1
594,1,94.0556,322.9794,536.1887,108.8872,1.000000,0,1
594,2,1003.9670,357.8791,161.6436,59.7128,1.000000,0,1
594,3,728.2657,353.7662,115.8315,64.2400,1.000000,0,1
595,1,93.1442,323.2881,536.0858,108.8720,1.000000,0,1
595,2,1005.3490,358.2229,161.8527,59.7394,1.000000,0,1
595,3,729.4991,354.0025,115.9227,64.2650,1.000000,0,1
596,1,92.2386,323.6023,535.9796,108.8562,1.000000,0,1
596,2,1006.7310,358.5716,162.0610,59.7657,1.000000,0,1
596,3,730.6791,354.2568,116.0695,64.2904,1.000000,0,1
597,1,91.3369,323.9195,535.8726,108.8399,1.000000,0,1
597,2,1008.1120,358.9208,162.2683,59.7917,1.000000,0,1
597,3,731.8625,354.5190,116.2169,64.3160,1.000000,0,1
598,1,90.4388,324.2363,535.7643,108.8234,1.000000,0,1
598,2,1009.4960,359.2618,162.4749,59.8173,1.000000,0,1
598,3,733.0524,354.7817,116.3652,64.3417,1.000000,0,1
599,1,89.5456,324.5555,535.6547,108.8067,1.000000,0,1
599,2,1010.8790,359.6065,162.6813,59.8427,1.000000,0,1
599,3,734.2429,355.0631,116.5141,64.3678,1.000000,0,1
600,1,88.6552,324.8758,535.5455,108.7899,1.000000,0,1
600,2,1012.2650,359.9482,162.8874,59.8679,1.000000,0,1
600,3,735.4366,355.3525,116.6641,64.3941,1.000000,0,1
601,1,87.7667,325.1953,535.4363,108.7731,1.000000,0,1
601,2,1013.6540,360.2552,163.0932,59.9182,1.000000,0,1
601,3,736.6368,355.6419,116.8148,64.4206,1.000000,0,1
602,1,86.8805,325.5169,535.3276,108.7565,1.000000,0,1
602,2,1015.0430,360.5585,163.2988,59.9731,1.000000,0,1
602,3,737.8374,355.9507,116.9661,64.4473,1.000000,0,1
603,1,85.9956,325.8369,535.2195,108.7399,1.000000,0,1
603,2,1016.4340,360.8570,163.5045,60.0276,1.000000,0,1
603,3,739.0413,356.2658,117.1179,64.4741,1.000000,0,1
604,1,85.1124,326.1510,535.1119,108.7234,1.000000,0,1
604,2,1017.8310,361.1452,163.7103,60.0808,1.000000,0,1
604,3,740.2512,356.5766,117.2704,64.5009,1.000000,0,1
605,1,76.2581,328.5314,534.0588,108.5640,1.000000,0,1
605,2,1032.1580,362.7166,165.8210,60.4873,1.000000,0,1
605,3,752.8281,358.2603,118.8569,64.7778,1.000000,0,1
