1,1,877.5544,397.5272,403.0635,77.2387,1.000000,8,1
1,2,369.5441,403.2439,273.2514,54.7083,1.000000,8,1
1,3,5.8660,390.4004,352.1208,77.7275,1.000000,8,1
1,4,719.9427,430.0027,91.1115,28.2672,1.000000,8,1
2,1,877.5544,397.5272,403.0635,77.2387,1.000000,8,1
2,2,369.5441,403.2439,273.2514,54.7083,1.000000,8,1
2,3,5.8660,390.4004,352.1208,77.7275,1.000000,8,1
2,4,719.9427,430.0027,91.1115,28.2672,1.000000,8,1
3,1,877.5544,397.5272,403.0635,77.2387,1.000000,8,1
3,2,369.5441,403.2439,273.2514,54.7083,1.000000,8,1
3,3,5.8660,390.4004,352.1208,77.7275,1.000000,8,1
3,4,719.9427,430.0027,91.1115,28.2672,1.000000,8,1
4,1,877.3286,397.2366,402.9927,77.2302,1.000000,8,1
4,2,369.4312,403.3493,273.2525,54.7092,1.000000,8,1
4,3,5.9919,390.5760,352.1375,77.7337,1.000000,8,1
4,4,721.3174,428.9887,91.1582,28.2021,1.000000,8,1
5,1,876.9502,396.7766,402.8689,77.2152,1.000000,8,1
5,2,369.2324,403.5250,273.2510,54.7098,1.000000,8,1
5,3,6.2274,390.8937,352.1743,77.7465,1.000000,8,1
5,4,722.3947,428.5096,91.1990,28.1739,1.000000,8,1
6,1,876.4697,396.2314,402.7076,77.1959,1.000000,8,1
6,2,368.9760,403.7393,273.2466,54.7101,1.000000,8,1
6,3,6.5526,391.3105,352.2273,77.7646,1.000000,8,1
6,4,723.2766,428.4000,91.2363,28.1713,1.000000,8,1
7,1,875.9171,395.6538,402.5248,77.1746,1.000000,8,1
7,2,368.6756,403.9718,273.2420,54.7103,1.000000,8,1
7,3,6.9654,391.7951,352.2905,77.7860,1.000000,8,1
7,4,724.1251,428.4660,91.2741,28.1811,1.000000,8,1
8,1,875.3219,395.0685,402.3248,77.1516,1.000000,8,1
8,2,368.3462,404.2036,273.2386,54.7108,1.000000,8,1
8,3,7.4474,392.3029,352.3567,77.8086,1.000000,8,1
8,4,724.9890,428.5969,91.3127,28.1954,1.000000,8,1
9,1,874.6991,394.4987,402.1149,77.1279,1.000000,8,1
9,2,367.9986,404.4302,273.2354,54.7111,1.000000,8,1
9,3,7.9831,392.8255,352.4264,77.8322,1.000000,8,1
9,4,725.8759,428.7597,91.3525,28.2122,1.000000,8,1
10,1,874.0585,393.9628,401.8995,77.1042,1.000000,8,1
10,2,367.6390,404.6475,273.2314,54.7112,1.000000,8,1
10,3,8.5655,393.3568,352.5002,77.8570,1.000000,8,1
10,4,726.7858,428.9372,91.3932,28.2300,1.000000,8,1
11,1,873.4097,393.4602,401.6847,77.0812,1.000000,8,1
11,2,367.2740,404.8551,273.2263,54.7110,1.000000,8,1
11,3,9.1798,393.8913,352.5772,77.8827,1.000000,8,1
11,4,727.7108,429.1191,91.4341,28.2482,1.000000,8,1
12,1,872.7564,392.9943,401.4715,77.0591,1.000000,8,1
12,2,366.9059,405.0516,273.2200,54.7105,1.000000,8,1
12,3,9.8195,394.4260,352.6570,77.9091,1.000000,8,1
12,4,728.6469,429.3013,91.4750,28.2662,1.000000,8,1
13,1,872.1007,392.5699,401.2603,77.0379,1.000000,8,1
13,2,366.5359,405.2339,273.2141,54.7095,1.000000,8,1
13,3,10.4813,394.9583,352.7398,77.9362,1.000000,8,1
13,4,729.5916,429.4807,91.5157,28.2839,1.000000,8,1
14,1,871.4435,392.1770,401.0514,77.0176,1.000000,8,1
14,2,366.1658,405.4027,273.2073,54.7081,1.000000,8,1
14,3,11.1584,395.4867,352.8244,77.9638,1.000000,8,1
14,4,730.5034,429.6565,91.5935,28.3013,1.000000,8,1
15,1,870.7858,391.8153,400.8446,76.9980,1.000000,8,1
15,2,365.7956,405.5583,273.1996,54.7063,1.000000,8,1
15,3,11.8469,396.0099,352.9112,77.9918,1.000000,8,1
15,4,731.4167,429.8279,91.6728,28.3182,1.000000,8,1
16,1,870.1281,391.4864,400.6402,76.9793,1.000000,8,1
16,2,365.4260,405.6995,273.1904,54.7040,1.000000,8,1
16,3,12.5446,396.5257,353.0004,78.0204,1.000000,8,1
16,4,732.3320,429.9935,91.7518,28.3346,1.000000,8,1
17,1,869.4703,391.1818,400.4380,76.9612,1.000000,8,1
17,2,365.0577,405.8283,273.1799,54.7015,1.000000,8,1
17,3,13.2486,397.0340,353.0913,78.0493,1.000000,8,1
17,4,733.2483,430.1533,91.8306,28.3505,1.000000,8,1
18,1,868.8131,390.9015,400.2378,76.9438,1.000000,8,1
18,2,364.6906,405.9454,273.1682,54.6985,1.000000,8,1
18,3,13.9576,397.5344,353.1837,78.0786,1.000000,8,1
18,4,734.1650,430.3076,91.9092,28.3659,1.000000,8,1
19,1,868.1568,390.6465,400.0400,76.9270,1.000000,8,1
19,2,364.3250,406.0504,273.1553,54.6952,1.000000,8,1
19,3,14.6705,398.0253,353.2777,78.1081,1.000000,8,1
19,4,735.0817,430.4557,91.9876,28.3809,1.000000,8,1
20,1,867.5009,390.4098,399.8431,76.9107,1.000000,8,1
20,2,363.9612,406.1448,273.1409,54.6915,1.000000,8,1
20,3,15.3856,398.5069,353.3731,78.1378,1.000000,8,1
20,4,735.9980,430.5977,92.0658,28.3954,1.000000,8,1
21,1,866.8452,390.1916,399.6481,76.8949,1.000000,8,1
21,2,363.5989,406.2293,273.1254,54.6875,1.000000,8,1
21,3,16.1023,398.9791,353.4699,78.1678,1.000000,8,1
21,4,736.9140,430.7341,92.1439,28.4095,1.000000,8,1
22,1,866.1903,389.9931,399.4548,76.8795,1.000000,8,1
22,2,363.2383,406.3038,273.1088,54.6832,1.000000,8,1
22,3,16.8198,399.4406,353.5681,78.1980,1.000000,8,1
22,4,737.8295,430.8647,92.2219,28.4231,1.000000,8,1
23,1,865.5356,389.8083,399.2623,76.8646,1.000000,8,1
23,2,362.8796,406.3690,273.0909,54.6785,1.000000,8,1
23,3,17.5377,399.8929,353.6673,78.2283,1.000000,8,1
23,4,738.7445,430.9888,92.2999,28.4364,1.000000,8,1
24,1,864.8809,389.6373,399.0706,76.8498,1.000000,8,1
24,2,362.5226,406.4260,273.0721,54.6736,1.000000,8,1
24,3,18.2563,400.3362,353.7672,78.2588,1.000000,8,1
24,4,739.6595,431.1069,92.3783,28.4493,1.000000,8,1
25,1,864.2264,389.4815,398.8798,76.8354,1.000000,8,1
25,2,362.1671,406.4746,273.0523,54.6684,1.000000,8,1
25,3,18.9756,400.7680,353.8678,78.2892,1.000000,8,1
25,4,740.5747,431.2191,92.4568,28.4618,1.000000,8,1
26,1,863.5715,389.3362,398.6895,76.8213,1.000000,8,1
26,2,361.8134,406.5152,273.0313,54.6629,1.000000,8,1
26,3,19.6958,401.1831,353.9697,78.3198,1.000000,8,1
26,4,741.4897,431.3258,92.5356,28.4741,1.000000,8,1
27,1,862.9163,389.2014,398.4991,76.8072,1.000000,8,1
27,2,361.4610,406.5489,273.0095,54.6571,1.000000,8,1
27,3,20.4185,401.5738,354.0720,78.3502,1.000000,8,1
27,4,742.4047,431.4281,92.6148,28.4861,1.000000,8,1
28,1,862.2607,389.0785,398.3092,76.7934,1.000000,8,1
28,2,361.1097,406.5756,272.9871,54.6513,1.000000,8,1
28,3,21.1458,401.9246,354.1734,78.3800,1.000000,8,1
28,4,743.3202,431.5262,92.6943,28.4980,1.000000,8,1
29,1,861.6047,388.9642,398.1189,76.7796,1.000000,8,1
29,2,360.7596,406.5954,272.9639,54.6451,1.000000,8,1
29,3,21.8784,402.2311,354.2729,78.4088,1.000000,8,1
29,4,744.2358,431.6202,92.7744,28.5098,1.000000,8,1
30,1,860.9482,388.8582,397.9282,76.7658,1.000000,8,1
30,2,360.4103,406.6092,272.9399,54.6388,1.000000,8,1
30,3,22.6163,402.4919,354.3706,78.4367,1.000000,8,1
30,4,745.1520,431.7108,92.8549,28.5214,1.000000,8,1
31,1,860.2910,388.7614,397.7368,76.7520,1.000000,8,1
31,2,360.0617,406.6170,272.9155,54.6322,1.000000,8,1
31,3,23.3598,402.7021,354.4662,78.4634,1.000000,8,1
31,4,746.0855,431.7817,92.9370,28.5318,1.000000,8,1
32,1,859.6327,388.6711,397.5452,76.7382,1.000000,8,1
32,2,359.7138,406.6183,272.8903,54.6255,1.000000,8,1
32,3,24.1088,402.8683,354.5594,78.4892,1.000000,8,1
32,4,747.0488,431.8201,93.0220,28.5402,1.000000,8,1
33,1,858.9738,388.5874,397.3527,76.7245,1.000000,8,1
33,2,359.3664,406.6140,272.8648,54.6187,1.000000,8,1
33,3,24.8632,402.9943,354.6505,78.5140,1.000000,8,1
33,4,748.0067,431.8608,93.1067,28.5488,1.000000,8,1
34,1,858.3142,388.5112,397.1593,76.7106,1.000000,8,1
34,2,359.0196,406.6047,272.8388,54.6118,1.000000,8,1
34,3,25.6228,403.0809,354.7397,78.5379,1.000000,8,1
34,4,748.9509,431.9138,93.1908,28.5584,1.000000,8,1
35,1,857.6536,388.4406,396.9648,76.6966,1.000000,8,1
35,2,358.6736,406.5895,272.8125,54.6047,1.000000,8,1
35,3,26.3873,403.1371,354.8271,78.5610,1.000000,8,1
35,4,749.9033,431.9595,93.2758,28.5675,1.000000,8,1
36,1,856.9921,388.3758,396.7695,76.6825,1.000000,8,1
36,2,358.3283,406.5699,272.7861,54.5975,1.000000,8,1
36,3,27.1566,403.1674,354.9127,78.5834,1.000000,8,1
36,4,750.8583,432.0024,93.3616,28.5766,1.000000,8,1
37,1,856.3297,388.3174,396.5732,76.6683,1.000000,8,1
37,2,357.9837,406.5461,272.7595,54.5903,1.000000,8,1
37,3,27.9306,403.1736,354.9966,78.6052,1.000000,8,1
37,4,751.8104,432.0484,93.4470,28.5859,1.000000,8,1
38,1,855.6665,388.2638,396.3756,76.6540,1.000000,8,1
38,2,357.6397,406.5168,272.7330,54.5831,1.000000,8,1
38,3,28.7083,403.1625,355.0793,78.6264,1.000000,8,1
38,4,752.7672,432.0912,93.5329,28.5951,1.000000,8,1
39,1,855.0025,388.2155,396.1774,76.6396,1.000000,8,1
39,2,357.2964,406.4834,272.7065,54.5759,1.000000,8,1
39,3,29.4889,403.1378,355.1613,78.6473,1.000000,8,1
39,4,753.7231,432.1356,93.6190,28.6043,1.000000,8,1
40,1,854.3381,388.1727,395.9780,76.6250,1.000000,8,1
40,2,356.9535,406.4463,272.6802,54.5687,1.000000,8,1
40,3,30.2735,403.1019,355.2417,78.6677,1.000000,8,1
40,4,754.6780,432.1820,93.7048,28.6137,1.000000,8,0.9375
41,1,853.6732,388.1345,395.7780,76.6104,1.000000,8,1
41,2,356.6108,406.4042,272.6545,54.5615,1.000000,8,0.9375
41,3,31.0605,403.0573,355.3215,78.6879,1.000000,8,1
41,4,755.6393,432.2237,93.7912,28.6226,1.000000,8,0.8125
42,1,853.0082,388.1011,395.5771,76.5958,1.000000,8,1
42,2,356.2683,406.3582,272.6290,54.5544,1.000000,8,1
42,3,31.8499,403.0063,355.4007,78.7079,1.000000,8,1
42,4,756.5991,432.2676,93.8773,28.6318,1.000000,8,1
43,1,852.3433,388.0733,395.3759,76.5810,1.000000,8,1
43,2,355.9261,406.3091,272.6039,54.5473,1.000000,8,1
43,3,32.6409,402.9506,355.4794,78.7277,1.000000,8,1
43,4,757.5568,432.3140,93.9631,28.6411,1.000000,8,0.9375
44,1,851.6782,388.0505,395.1741,76.5662,1.000000,8,1
44,2,355.5836,406.2558,272.5798,54.5404,1.000000,8,1
44,3,33.4334,402.8916,355.5583,78.7475,1.000000,8,1
44,4,758.5223,432.3540,94.0491,28.6498,1.000000,8,0.8125
45,1,851.0132,388.0327,394.9718,76.5514,1.000000,8,1
45,2,355.2408,406.1992,272.5562,54.5336,1.000000,8,1
45,3,34.2274,402.8311,355.6366,78.7672,1.000000,8,1
45,4,759.4857,432.3963,94.1349,28.6586,1.000000,8,0.6875
46,1,850.3484,388.0198,394.7691,76.5365,1.000000,8,1
46,2,354.8975,406.1399,272.5336,54.5270,1.000000,8,0.9375
46,3,35.0232,402.7707,355.7146,78.7867,1.000000,8,1
46,4,760.4462,432.4419,94.2200,28.6676,1.000000,8,0.9375
47,1,849.6831,388.0115,394.5663,76.5216,1.000000,8,1
47,2,354.5535,406.0765,272.5117,54.5205,1.000000,8,0.9375
47,3,35.8202,402.7101,355.7922,78.8062,1.000000,8,1
47,4,761.4155,432.4802,94.3059,28.6760,1.000000,8,1
48,1,849.0175,388.0074,394.3629,76.5067,1.000000,8,1
48,2,354.2089,406.0106,272.4907,54.5142,1.000000,8,1
48,3,36.6185,402.6503,355.8697,78.8257,1.000000,8,1
48,4,762.3826,432.5211,94.3912,28.6845,1.000000,8,0.9375
49,1,848.3518,388.0074,394.1591,76.4917,1.000000,8,1
49,2,353.8635,405.9431,272.4705,54.5080,1.000000,8,0.9375
49,3,37.4181,402.5927,355.9467,78.8451,1.000000,8,1
49,4,763.3459,432.5659,94.4761,28.6932,1.000000,8,0.8125
50,1,847.6856,388.0119,393.9548,76.4767,1.000000,8,1
50,2,353.5173,405.8725,272.4511,54.5020,1.000000,8,1
50,3,38.2190,402.5370,356.0234,78.8644,1.000000,8,1
50,4,764.3190,432.6022,94.5618,28.7014,1.000000,8,0.625
51,1,847.0193,388.0207,393.7498,76.4616,1.000000,8,1
51,2,353.1702,405.8004,272.4326,54.4962,1.000000,8,0.9375
51,3,39.0211,402.4837,356.0995,78.8837,1.000000,8,1
51,4,765.2891,432.6417,94.6473,28.7098,1.000000,8,0.8125
52,1,846.3536,388.0338,393.5438,76.4465,1.000000,8,1
52,2,352.8224,405.7276,272.4149,54.4906,1.000000,8,1
52,3,39.8253,402.4337,356.1749,78.9027,1.000000,8,1
52,4,766.2552,432.6852,94.7326,28.7184,1.000000,8,0.5625
53,1,845.6878,388.0515,393.3381,76.4312,1.000000,8,1
53,2,352.4735,405.6528,272.3978,54.4851,1.000000,8,0.875
53,3,40.6304,402.3869,356.2497,78.9217,1.000000,8,1
53,4,767.2332,432.7185,94.8189,28.7265,1.000000,8,0.9375
54,1,845.0223,388.0731,393.1315,76.4159,1.000000,8,1
54,2,352.1234,405.5773,272.3818,54.4797,1.000000,8,0.875
54,3,41.4368,402.3434,356.3238,78.9406,1.000000,8,1
54,4,768.2073,432.7554,94.9051,28.7348,1.000000,8,0.625
55,1,844.3574,388.0983,392.9244,76.4005,1.000000,8,1
55,2,351.7727,405.5019,272.3662,54.4745,1.000000,8,0.9375
55,3,42.2446,402.3038,356.3971,78.9593,1.000000,8,1
55,4,769.1769,432.7972,94.9912,28.7435,1.000000,8,0.6875
56,1,843.6932,388.1283,392.7170,76.3850,1.000000,8,1
56,2,351.4208,405.4253,272.3514,54.4694,1.000000,8,1
56,3,43.0535,402.2676,356.4698,78.9779,1.000000,8,1
56,4,770.1594,432.8272,95.0787,28.7515,1.000000,8,0.75
57,1,843.0300,388.1620,392.5090,76.3695,1.000000,8,1
57,2,351.0683,405.3486,272.3374,54.4644,1.000000,8,0.9375
57,3,43.8636,402.2352,356.5418,78.9964,1.000000,8,1
57,4,771.1371,432.8618,95.1661,28.7599,1.000000,8,0.6875
58,1,842.3676,388.1988,392.3008,76.3539,1.000000,8,1
58,2,350.7151,405.2732,272.3234,54.4595,1.000000,8,0.9375
58,3,44.6749,402.2067,356.6133,79.0148,1.000000,8,1
58,4,772.1095,432.9025,95.2532,28.7688,1.000000,8,0.4375
59,1,841.7062,388.2398,392.0922,76.3382,1.000000,8,1
59,2,350.3607,405.1976,272.3102,54.4548,1.000000,8,0.9375
59,3,45.4875,402.1824,356.6841,79.0331,1.000000,8,1
59,4,773.0967,432.9294,95.3420,28.7768,1.000000,8,0.5625
60,1,841.0462,388.2838,391.8834,76.3224,1.000000,8,1
60,2,350.0052,405.1224,272.2977,54.4502,1.000000,8,0.8125
60,3,46.3009,402.1621,356.7545,79.0513,1.000000,8,1
60,4,774.0790,432.9609,95.4306,28.7853,1.000000,8,0.5
61,1,840.3877,388.3306,391.6747,76.3066,1.000000,8,1
61,2,349.6493,405.0487,272.2857,54.4458,1.000000,8,0.9375
61,3,47.1149,402.1454,356.8243,79.0695,1.000000,8,1
61,4,775.0543,432.9993,95.5190,28.7943,1.000000,8,0.5
62,1,839.7307,388.3814,391.4658,76.2908,1.000000,8,1
62,2,349.2925,404.9758,272.2742,54.4414,1.000000,8,0.9375
62,3,47.9293,402.1328,356.8939,79.0876,1.000000,8,1
62,4,776.0443,433.0243,95.6089,28.8025,1.000000,8,0.5
63,1,839.0751,388.4348,391.2576,76.2750,1.000000,8,1
63,2,348.9351,404.9038,272.2635,54.4373,1.000000,8,0.875
63,3,48.7438,402.1241,356.9631,79.1058,1.000000,8,1
63,4,777.0300,433.0534,95.6986,28.8110,1.000000,8,0.625
64,1,838.4210,388.4902,391.0498,76.2594,1.000000,8,1
64,2,348.5772,404.8331,272.2533,54.4332,1.000000,8,0.875
64,3,49.5585,402.1194,357.0323,79.1239,1.000000,8,1
64,4,778.0088,433.0895,95.7879,28.8201,1.000000,8,0.5625
65,1,837.7689,388.5486,390.8422,76.2437,1.000000,8,1
65,2,348.2182,404.7638,272.2440,54.4294,1.000000,8,0.875
65,3,50.3733,402.1191,357.1010,79.1420,1.000000,8,1
65,4,779.0024,433.1121,95.8785,28.8282,1.000000,8,0.4375
66,1,837.1180,388.6091,390.6361,76.2282,1.000000,8,1
66,2,347.8583,404.6961,272.2355,54.4257,1.000000,8,0.8125
66,3,51.1877,402.1224,357.1703,79.1602,1.000000,8,1
66,4,779.9894,433.1413,95.9685,28.8368,1.000000,8,0.5
67,1,836.4690,388.6711,390.4305,76.2128,1.000000,8,1
67,2,347.4974,404.6306,272.2279,54.4222,1.000000,8,1
67,3,52.0012,402.1292,357.2397,79.1786,1.000000,8,1
67,4,780.9692,433.1782,96.0580,28.8459,1.000000,8,0.5625
68,1,835.8218,388.7359,390.2263,76.1976,1.000000,8,1
68,2,347.1349,404.5670,272.2210,54.4189,1.000000,8,0.875
68,3,52.8143,402.1404,357.3093,79.1970,1.000000,8,1
68,4,781.9651,433.2007,96.1488,28.8540,1.000000,8,0.75
69,1,835.1761,388.8025,390.0234,76.1826,1.000000,8,1
69,2,346.7711,404.5053,272.2150,54.4158,1.000000,8,1
69,3,53.6263,402.1552,357.3800,79.2157,1.000000,8,1
69,4,782.9546,433.2296,96.2389,28.8625,1.000000,8,0.5
70,1,834.5316,388.8697,389.8218,76.1678,1.000000,8,1
70,2,346.4060,404.4459,272.2099,54.4129,1.000000,8,0.875
70,3,54.4363,402.1730,357.4515,79.2347,1.000000,8,1
70,4,783.9359,433.2672,96.3286,28.8716,1.000000,8,0.4375
71,1,833.8889,388.9390,389.6216,76.1532,1.000000,8,1
71,2,346.0398,404.3887,272.2052,54.4101,1.000000,8,0.875
71,3,55.2441,402.1959,357.5242,79.2540,1.000000,8,1
71,4,784.9321,433.2912,96.4191,28.8797,1.000000,8,0.4375
72,1,833.2476,389.0094,389.4227,76.1390,1.000000,8,1
72,2,345.6723,404.3341,272.2013,54.4075,1.000000,8,0.8125
72,3,56.0497,402.2225,357.5980,79.2737,1.000000,8,1
72,4,785.9225,433.3207,96.5092,28.8882,1.000000,8,0.5625
73,1,832.6071,389.0802,389.2259,76.1249,1.000000,8,1
73,2,345.3040,404.2825,272.1977,54.4050,1.000000,8,0.9375
73,3,56.8529,402.2525,357.6734,79.2936,1.000000,8,1
73,4,786.9049,433.3583,96.5988,28.8973,1.000000,8,0.4375
74,1,831.9675,389.1521,389.0312,76.1113,1.000000,8,1
74,2,344.9349,404.2335,272.1947,54.4026,1.000000,8,0.875
74,3,57.6537,402.2873,357.7500,79.3140,1.000000,8,1
74,4,787.9009,433.3831,96.6893,28.9054,1.000000,8,0.25
75,1,831.3284,389.2242,388.8382,76.0980,1.000000,8,1
75,2,344.5653,404.1877,272.1919,54.4004,1.000000,8,0.875
75,3,58.4524,402.3253,357.8278,79.3347,1.000000,8,1
75,4,788.8897,433.4142,96.7794,28.9140,1.000000,8,0.3125
76,1,830.6902,389.2957,388.6464,76.0850,1.000000,8,1
76,2,344.1946,404.1461,272.1897,54.3982,1.000000,8,1
76,3,59.2488,402.3654,357.9073,79.3559,1.000000,8,1
76,4,789.8707,433.4533,96.8688,28.9231,1.000000,8,0.4375
77,1,830.0531,389.3682,388.4579,76.0725,1.000000,8,1
77,2,343.8232,404.1076,272.1877,54.3961,1.000000,8,0.875
77,3,60.0430,402.4090,357.9879,79.3773,1.000000,8,1
77,4,790.8645,433.4796,96.9593,28.9314,1.000000,8,0.1875
78,1,829.4168,389.4407,388.2717,76.0603,1.000000,8,1
78,2,343.4515,404.0721,272.1857,54.3941,1.000000,8,0.75
78,3,60.8350,402.4551,358.0699,79.3992,1.000000,8,1
78,4,791.8529,433.5097,97.0496,28.9400,1.000000,8,0.3125
79,1,828.7814,389.5124,388.0868,76.0485,1.000000,8,1
79,2,343.0792,404.0399,272.1841,54.3922,1.000000,8,1
79,3,61.6243,402.5031,358.1538,79.4215,1.000000,8,1
79,4,792.8335,433.5459,97.1395,28.9490,1.000000,8,0.125
80,1,828.1475,389.5854,387.9050,76.0372,1.000000,8,1
80,2,342.7069,404.0118,272.1824,54.3902,1.000000,8,0.9375
80,3,62.4113,402.5542,358.2390,79.4441,1.000000,8,1
80,4,793.8226,433.5721,97.2303,28.9575,1.000000,8,0.25
81,1,827.5147,389.6581,387.7253,76.0262,1.000000,8,1
81,2,342.3344,403.9871,272.1807,54.3883,1.000000,8,0.875
81,3,63.1960,402.6070,358.3260,79.4671,1.000000,8,1
81,4,794.8062,433.6019,97.3209,28.9662,1.000000,8,0.1875
82,1,826.8829,389.7293,387.5477,76.0156,1.000000,8,1
82,2,341.9617,403.9663,272.1790,54.3864,1.000000,8,0.8125
82,3,63.9789,402.6607,358.4142,79.4905,1.000000,8,1
82,4,795.7838,433.6362,97.4115,28.9753,1.000000,8,0.25
83,1,826.2526,389.8008,387.3728,76.0055,1.000000,8,1
83,2,341.5891,403.9493,272.1772,54.3845,1.000000,8,0.9375
83,3,64.7606,402.7168,358.5031,79.5142,1.000000,8,1
83,4,796.7691,433.6615,97.5030,28.9840,1.000000,8,0.1875
84,1,825.6232,389.8712,387.2001,75.9957,1.000000,8,1
84,2,341.2166,403.9359,272.1751,54.3827,1.000000,8,0.875
84,3,65.5412,402.7735,358.5930,79.5380,1.000000,8,1
84,4,797.7489,433.6906,97.5942,28.9929,1.000000,8,0.0625
85,1,824.9945,389.9398,387.0292,75.9862,1.000000,8,1
85,2,340.8441,403.9270,272.1729,54.3808,1.000000,8,0.75
85,3,66.3205,402.8293,358.6843,79.5622,1.000000,8,1
85,4,798.7223,433.7246,97.6857,29.0023,1.000000,8,0
86,1,824.3668,390.0079,386.8607,75.9772,1.000000,8,1
86,2,340.4718,403.9226,272.1705,54.3789,1.000000,8,0.6875
86,3,67.0992,402.8857,358.7758,79.5865,1.000000,8,1
86,4,799.7006,433.7532,97.7775,29.0114,1.000000,8,0.0625
87,1,823.7402,390.0747,386.6942,75.9684,1.000000,8,1
87,2,340.0997,403.9218,272.1677,54.3769,1.000000,8,0.8125
87,3,67.8770,402.9417,358.8683,79.6109,1.000000,8,1
87,4,800.6760,433.7842,97.8696,29.0208,1.000000,8,0
88,1,823.1144,390.1391,386.5295,75.9601,1.000000,8,1
88,2,339.7276,403.9244,272.1647,54.3750,1.000000,8,0.75
88,3,68.6540,402.9970,358.9619,79.6357,1.000000,8,1
88,4,801.6478,433.8186,97.9616,29.0304,1.000000,8,0.125
89,1,822.4897,390.2020,386.3679,75.9522,1.000000,8,1
89,2,339.3562,403.9312,272.1614,54.3730,1.000000,8,0.8125
89,3,69.4308,403.0522,359.0555,79.6604,1.000000,8,1
89,4,802.6197,433.8532,98.0540,29.0402,1.000000,8,0
90,1,821.8661,390.2629,386.2078,75.9446,1.000000,8,1
90,2,338.9853,403.9418,272.1577,54.3709,1.000000,8,0.875
90,3,70.2070,403.1071,359.1500,79.6853,1.000000,8,1
90,4,803.5903,433.8893,98.1465,29.0501,1.000000,8,0
91,1,821.2432,390.3205,386.0495,75.9372,1.000000,8,1
91,2,338.6148,403.9558,272.1537,54.3688,1.000000,8,0.875
91,3,70.9824,403.1613,359.2453,79.7104,1.000000,8,1
91,4,804.5596,433.9265,98.2391,29.0602,1.000000,8,0
92,1,820.6216,390.3762,385.8940,75.9303,1.000000,8,1
92,2,338.2454,403.9736,272.1487,54.3666,1.000000,8,0.8125
92,3,71.7584,403.2152,359.3403,79.7355,1.000000,8,1
92,4,805.5260,433.9683,98.3317,29.0705,1.000000,8,0
93,1,820.0012,390.4293,385.7403,75.9237,1.000000,8,1
93,2,337.8769,403.9950,272.1431,54.3642,1.000000,8,0.875
93,3,72.5340,403.2684,359.4359,79.7607,1.000000,8,1
93,4,806.4940,434.0103,98.4246,29.0810,1.000000,8,0
94,1,819.3814,390.4792,385.5883,75.9174,1.000000,8,1
94,2,337.5093,404.0201,272.1368,54.3617,1.000000,8,0.8125
94,3,73.3088,403.3205,359.5322,79.7861,1.000000,8,1
94,4,807.4628,434.0534,98.5177,29.0916,1.000000,8,0
95,1,818.7631,390.5262,385.4384,75.9114,1.000000,8,1
95,2,337.1429,404.0489,272.1299,54.3591,1.000000,8,0.875
95,3,74.0841,403.3734,359.6285,79.8115,1.000000,8,1
95,4,808.4240,434.1067,98.6103,29.1028,1.000000,8,0
96,1,818.1455,390.5699,385.2905,75.9056,1.000000,8,1
96,2,336.7780,404.0810,272.1221,54.3564,1.000000,8,0.6875
96,3,74.8598,403.4262,359.7249,79.8369,1.000000,8,1
96,4,809.3896,434.1581,98.7032,29.1141,1.000000,8,0
97,1,817.5287,390.6105,385.1436,75.9001,1.000000,8,1
97,2,336.4137,404.1166,272.1139,54.3536,1.000000,8,0.9375
97,3,75.6361,403.4773,359.8212,79.8623,1.000000,8,1
97,4,810.3594,434.2068,98.7965,29.1251,1.000000,8,0
98,1,816.9132,390.6487,384.9987,75.8949,1.000000,8,1
98,2,336.0504,404.1562,272.1047,54.3506,1.000000,8,0.875
98,3,76.4129,403.5294,359.9175,79.8876,1.000000,8,1
98,4,811.3203,434.2676,98.8892,29.1369,1.000000,8,0
99,1,816.2988,390.6841,384.8549,75.8898,1.000000,8,1
99,2,335.6877,404.1988,272.0953,54.3476,1.000000,8,0.8125
99,3,77.1897,403.5819,360.0142,79.9131,1.000000,8,1
99,4,812.2855,434.3267,98.9822,29.1485,1.000000,8,0
100,1,815.6849,390.7160,384.7128,75.8849,1.000000,8,1
100,2,335.3260,404.2444,272.0850,54.3444,1.000000,8,0.5
100,3,77.9667,403.6343,360.1112,79.9386,1.000000,8,1
100,4,813.2568,434.3803,99.0755,29.1598,1.000000,8,0
101,1,815.0719,390.7451,384.5707,75.8801,1.000000,8,1
101,2,334.9649,404.2944,272.0740,54.3411,1.000000,8,0.6875
101,3,78.7452,403.6875,360.2074,79.9641,1.000000,8,1
101,4,814.2194,434.4443,99.1682,29.1718,1.000000,8,0
102,1,814.4594,390.7715,384.4294,75.8753,1.000000,8,1
102,2,334.6045,404.3479,272.0623,54.3377,1.000000,8,0.75
102,3,79.5248,403.7415,360.3033,79.9894,1.000000,8,1
102,4,815.1832,434.5084,99.2611,29.1838,1.000000,8,0
103,1,813.8472,390.7949,384.2887,75.8706,1.000000,8,1
103,2,334.2451,404.4043,272.0496,54.3341,1.000000,8,0.9375
103,3,80.3058,403.7958,360.3989,80.0146,1.000000,8,1
103,4,816.1560,434.5641,99.3546,29.1952,1.000000,8,0
104,1,813.2355,390.8160,384.1475,75.8657,1.000000,8,1
104,2,333.8856,404.4644,272.0367,54.3305,1.000000,8,0.9375
104,3,81.0888,403.8508,360.4933,80.0396,1.000000,8,1
104,4,817.1210,434.6282,99.4473,29.2072,1.000000,8,0
105,1,812.6242,390.8351,384.0064,75.8609,1.000000,8,1
105,2,333.5266,404.5274,272.0233,54.3268,1.000000,8,0.9375
105,3,81.8734,403.9069,360.5869,80.0643,1.000000,8,1
105,4,818.0850,434.6937,99.5399,29.2192,1.000000,8,0
106,1,812.0127,390.8520,383.8647,75.8558,1.000000,8,1
106,2,333.1683,404.5932,272.0089,54.3230,1.000000,8,0.625
106,3,82.6594,403.9647,360.6799,80.0891,1.000000,8,1
106,4,819.0577,434.7505,99.6332,29.2306,1.000000,8,0
107,1,811.4012,390.8665,383.7208,75.8504,1.000000,8,1
107,2,332.8103,404.6633,271.9943,54.3191,1.000000,8,0.8125
107,3,83.4478,404.0233,360.7718,80.1135,1.000000,8,1
107,4,820.0240,434.8141,99.7258,29.2424,1.000000,8,0
108,1,810.7893,390.8789,383.5754,75.8446,1.000000,8,1
108,2,332.4524,404.7367,271.9792,54.3150,1.000000,8,0.6875
108,3,84.2386,404.0833,360.8623,80.1376,1.000000,8,1
108,4,820.9904,434.8771,99.8184,29.2542,1.000000,8,0
109,1,810.1769,390.8890,383.4281,75.8384,1.000000,8,1
109,2,332.0949,404.8126,271.9635,54.3110,1.000000,8,0.8125
109,3,85.0320,404.1447,360.9518,80.1615,1.000000,8,1
109,4,821.9641,434.9320,99.9113,29.2653,1.000000,8,0
110,1,809.5641,390.8969,383.2777,75.8316,1.000000,8,1
110,2,331.7376,404.8926,271.9476,54.3069,1.000000,8,0.625
110,3,85.8281,404.2085,361.0400,80.1851,1.000000,8,1
110,4,822.9312,434.9932,100.0037,29.2768,1.000000,8,0
111,1,808.9508,390.9034,383.1249,75.8244,1.000000,8,1
111,2,331.3806,404.9755,271.9312,54.3027,1.000000,8,0.6875
111,3,86.6270,404.2749,361.1271,80.2084,1.000000,8,1
111,4,823.8981,435.0545,100.0959,29.2883,1.000000,8,0
112,1,808.3371,390.9086,382.9697,75.8166,1.000000,8,1
112,2,331.0239,405.0608,271.9146,54.2985,1.000000,8,0.8125
112,3,87.4282,404.3443,361.2131,80.2316,1.000000,8,1
112,4,824.8727,435.1076,100.1886,29.2992,1.000000,8,0
113,1,807.7228,390.9114,382.8112,75.8082,1.000000,8,1
113,2,330.6677,405.1499,271.8976,54.2942,1.000000,8,0.8125
113,3,88.2324,404.4180,361.2976,80.2545,1.000000,8,1
113,4,825.8434,435.1657,100.2810,29.3105,1.000000,8,0
114,1,807.1078,390.9123,382.6506,75.7993,1.000000,8,1
114,2,330.3118,405.2416,271.8803,54.2900,1.000000,8,0.875
114,3,89.0396,404.4955,361.3810,80.2771,1.000000,8,1
114,4,826.8149,435.2234,100.3737,29.3217,1.000000,8,0
115,1,806.4924,390.9114,382.4873,75.7900,1.000000,8,1
115,2,329.9559,405.3355,271.8629,54.2856,1.000000,8,0.6875
115,3,89.8499,404.5765,361.4629,80.2994,1.000000,8,1
115,4,827.7941,435.2732,100.4667,29.3324,1.000000,8,0
116,1,805.8763,390.9076,382.3207,75.7799,1.000000,8,1
116,2,329.6005,405.4337,271.8455,54.2813,1.000000,8,0.5
116,3,90.6635,404.6621,361.5433,80.3214,1.000000,8,1
116,4,828.7722,435.3267,100.5599,29.3433,1.000000,8,0
117,1,805.2598,390.9019,382.1516,75.7694,1.000000,8,1
117,2,329.2457,405.5344,271.8276,54.2770,1.000000,8,0.8125
117,3,91.4803,404.7518,361.6223,80.3431,1.000000,8,1
117,4,829.7511,435.3810,100.6533,29.3544,1.000000,8,0
118,1,804.6429,390.8951,381.9807,75.7585,1.000000,8,1
118,2,328.8913,405.6365,271.8098,54.2727,1.000000,8,0.75
118,3,92.3008,404.8459,361.6995,80.3644,1.000000,8,1
118,4,830.7317,435.4342,100.7466,29.3653,1.000000,8,0
119,1,804.0254,390.8849,381.8074,75.7470,1.000000,8,1
119,2,328.5375,405.7426,271.7919,54.2684,1.000000,8,0.625
119,3,93.1242,404.9450,361.7751,80.3855,1.000000,8,1
119,4,831.7142,435.4876,100.8403,29.3763,1.000000,8,0
120,1,803.4079,390.8724,381.6319,75.7352,1.000000,8,1
120,2,328.1842,405.8512,271.7737,54.2640,1.000000,8,0.625
120,3,93.9508,405.0482,361.8491,80.4061,1.000000,8,1
120,4,832.6986,435.5392,100.9342,29.3872,1.000000,8,0
121,1,802.7902,390.8579,381.4559,75.7232,1.000000,8,1
121,2,327.8316,405.9613,271.7555,54.2597,1.000000,8,0.75
121,3,94.7811,405.1554,361.9211,80.4264,1.000000,8,1
121,4,833.6848,435.5878,101.0284,29.3979,1.000000,8,0
122,1,802.1722,390.8401,381.2778,75.7107,1.000000,8,1
122,2,327.4796,406.0750,271.7372,54.2554,1.000000,8,0.75
122,3,95.6148,405.2668,361.9915,80.4463,1.000000,8,1
122,4,834.6732,435.6356,101.1230,29.4086,1.000000,8,0
123,1,801.5542,390.8203,381.0989,75.6981,1.000000,8,1
123,2,327.1282,406.1909,271.7190,54.2511,1.000000,8,0.625
123,3,96.4519,405.3812,362.0601,80.4658,1.000000,8,1
123,4,835.6631,435.6812,101.2177,29.4191,1.000000,8,0
124,1,800.9366,390.7993,380.9194,75.6853,1.000000,8,1
124,2,326.7773,406.3080,271.7007,54.2468,1.000000,8,0.75
124,3,97.2920,405.4975,362.1271,80.4850,1.000000,8,1
124,4,836.6544,435.7228,101.3126,29.4294,1.000000,8,0
125,1,800.3193,390.7756,380.7389,75.6723,1.000000,8,1
125,2,326.4279,406.4288,271.6821,54.2425,1.000000,8,0.625
125,3,98.1349,405.6174,362.1926,80.5038,1.000000,8,1
125,4,837.6470,435.7628,101.4077,29.4397,1.000000,8,0
126,1,799.7021,390.7502,380.5581,75.6592,1.000000,8,1
126,2,326.0791,406.5517,271.6635,54.2382,1.000000,8,0.6875
126,3,98.9804,405.7397,362.2568,80.5224,1.000000,8,1
126,4,838.6407,435.7999,101.5031,29.4496,1.000000,8,0
127,1,799.0852,390.7233,380.3777,75.6460,1.000000,8,1
127,2,325.7309,406.6755,271.6451,54.2339,1.000000,8,0.625
127,3,99.8282,405.8630,362.3196,80.5407,1.000000,8,1
127,4,839.6351,435.8327,101.5984,29.4594,1.000000,8,0
128,1,798.4688,390.6940,380.1969,75.6328,1.000000,8,1
128,2,325.3842,406.8027,271.6262,54.2296,1.000000,8,0.5625
128,3,100.6778,405.9885,362.3813,80.5586,1.000000,8,1
128,4,840.6304,435.8627,101.6937,29.4688,1.000000,8,0
129,1,797.8527,390.6639,380.0159,75.6196,1.000000,8,1
129,2,325.0389,406.9320,271.6071,54.2252,1.000000,8,0.625
129,3,101.5294,406.1157,362.4416,80.5764,1.000000,8,1
129,4,841.6260,435.8891,101.7891,29.4781,1.000000,8,0
130,1,797.2370,390.6336,379.8359,75.6064,1.000000,8,1
130,2,324.6948,407.0627,271.5873,54.2208,1.000000,8,0.75
130,3,102.3824,406.2438,362.5010,80.5938,1.000000,8,1
130,4,842.6230,435.9106,101.8845,29.4869,1.000000,8,0
131,1,796.6218,390.6012,379.6560,75.5933,1.000000,8,1
131,2,324.3525,407.1961,271.5673,54.2163,1.000000,8,0.5625
131,3,103.2360,406.3740,362.5599,80.6112,1.000000,8,1
131,4,843.6201,435.9290,101.9797,29.4955,1.000000,8,0
132,1,796.0068,390.5680,379.4761,75.5802,1.000000,8,1
132,2,324.0121,407.3315,271.5464,54.2116,1.000000,8,0.625
132,3,104.0906,406.5056,362.6177,80.6284,1.000000,8,1
132,4,844.6193,435.9420,102.0748,29.5037,1.000000,8,0
133,1,795.3912,390.5349,379.2968,75.5671,1.000000,8,1
133,2,323.6732,407.4677,271.5251,54.2069,1.000000,8,0.375
133,3,104.9458,406.6377,362.6747,80.6453,1.000000,8,1
133,4,845.6230,435.9467,102.1703,29.5112,1.000000,8,0
134,1,794.7743,390.5000,379.1174,75.5541,1.000000,8,1
134,2,323.3366,407.6063,271.5029,54.2019,1.000000,8,0.6875
134,3,105.8004,406.7720,362.7313,80.6622,1.000000,8,1
134,4,846.6222,435.9518,102.2650,29.5186,1.000000,8,0
135,1,794.1565,390.4646,378.9379,75.5411,1.000000,8,1
135,2,323.0016,407.7461,271.4801,54.1969,1.000000,8,0.8125
135,3,106.6547,406.9075,362.7875,80.6790,1.000000,8,1
135,4,847.6203,435.9546,102.3594,29.5258,1.000000,8,0
136,1,793.5382,390.4300,378.7584,75.5281,1.000000,8,1
136,2,322.6682,407.8860,271.4567,54.1917,1.000000,8,0.625
136,3,107.5083,407.0430,362.8438,80.6958,1.000000,8,1
136,4,848.6224,435.9507,102.4541,29.5325,1.000000,8,0
137,1,792.9193,390.3950,378.5787,75.5150,1.000000,8,1
137,2,322.3369,408.0276,271.4324,54.1864,1.000000,8,0.6875
137,3,108.3610,407.1794,362.9003,80.7127,1.000000,8,1
137,4,849.6210,435.9463,102.5479,29.5390,1.000000,8,0
138,1,792.3004,390.3609,378.3986,75.5019,1.000000,8,1
138,2,322.0074,408.1695,271.4070,54.1809,1.000000,8,0.625
138,3,109.2130,407.3170,362.9573,80.7297,1.000000,8,1
138,4,850.6200,435.9386,102.6415,29.5451,1.000000,8,0
139,1,791.6816,390.3284,378.2188,75.4889,1.000000,8,1
139,2,321.6794,408.3107,271.3810,54.1751,1.000000,8,0.75
139,3,110.0655,407.4552,363.0136,80.7466,1.000000,8,1
139,4,851.6216,435.9259,102.7350,29.5509,1.000000,8,0
140,1,791.0627,390.2961,378.0388,75.4758,1.000000,8,1
140,2,321.3532,408.4526,271.3538,54.1692,1.000000,8,0.625
140,3,110.9170,407.5957,363.0705,80.7636,1.000000,8,1
140,4,852.6191,435.9140,102.8279,29.5565,1.000000,8,0
141,1,790.4438,390.2648,377.8586,75.4627,1.000000,8,1
141,2,321.0283,408.5941,271.3257,54.1631,1.000000,8,0.6875
141,3,111.7690,407.7378,363.1270,80.7805,1.000000,8,1
141,4,853.6154,435.9014,102.9203,29.5621,1.000000,8,0
142,1,789.8253,390.2354,377.6783,75.4495,1.000000,8,1
142,2,320.7042,408.7342,271.2969,54.1568,1.000000,8,0.625
142,3,112.6216,407.8802,363.1830,80.7974,1.000000,8,1
142,4,854.6150,435.8839,103.0129,29.5672,1.000000,8,0
143,1,789.2063,390.2068,377.4980,75.4363,1.000000,8,1
143,2,320.3813,408.8734,271.2672,54.1504,1.000000,8,0.5
143,3,113.4730,408.0254,363.2397,80.8144,1.000000,8,1
143,4,855.6117,435.8672,103.1049,29.5723,1.000000,8,0
144,1,788.5873,390.1798,377.3171,75.4231,1.000000,8,1
144,2,320.0593,409.0112,271.2369,54.1437,1.000000,8,0.375
144,3,114.3245,408.1719,363.2964,80.8315,1.000000,8,1
144,4,856.6077,435.8498,103.1967,29.5773,1.000000,8,0
145,1,787.9681,390.1546,377.1357,75.4098,1.000000,8,1
145,2,319.7382,409.1471,271.2056,54.1369,1.000000,8,0.625
145,3,115.1773,408.3181,363.3524,80.8484,1.000000,8,1
145,4,857.6057,435.8293,103.2888,29.5820,1.000000,8,0
146,1,787.3481,390.1301,376.9548,75.3966,1.000000,8,1
146,2,319.4173,409.2811,271.1740,54.1299,1.000000,8,0.625
146,3,116.0306,408.4657,363.4082,80.8652,1.000000,8,1
146,4,858.6023,435.8082,103.3802,29.5866,1.000000,8,0
147,1,786.7276,390.1065,376.7731,75.3833,1.000000,8,1
147,2,319.0970,409.4125,271.1414,54.1228,1.000000,8,0.75
147,3,116.8856,408.6127,363.4634,80.8820,1.000000,8,1
147,4,859.5989,435.7859,103.4718,29.5911,1.000000,8,0
148,1,786.1063,390.0841,376.5907,75.3698,1.000000,8,1
148,2,318.7775,409.5407,271.1082,54.1155,1.000000,8,0.6875
148,3,117.7428,408.7564,363.5175,80.8984,1.000000,8,1
148,4,860.5972,435.7610,103.5636,29.5955,1.000000,8,0
149,1,785.4837,390.0618,376.4077,75.3563,1.000000,8,1
149,2,318.4583,409.6660,271.0746,54.1081,1.000000,8,0.625
149,3,118.6021,408.8996,363.5712,80.9147,1.000000,8,1
149,4,861.5947,435.7350,103.6552,29.5998,1.000000,8,0
150,1,784.8597,390.0400,376.2237,75.3427,1.000000,8,1
150,2,318.1398,409.7879,271.0403,54.1005,1.000000,8,0.5
150,3,119.4638,409.0399,363.6242,80.9308,1.000000,8,1
150,4,862.5922,435.7079,103.7471,29.6040,1.000000,8,0
151,1,784.2346,390.0189,376.0386,75.3288,1.000000,8,1
151,2,317.8220,409.9055,271.0052,54.0927,1.000000,8,0.5625
151,3,120.3290,409.1747,363.6758,80.9465,1.000000,8,1
151,4,863.5902,435.6795,103.8391,29.6081,1.000000,8,0
152,1,783.6072,389.9972,375.8530,75.3150,1.000000,8,1
152,2,317.5047,410.0190,270.9695,54.0848,1.000000,8,0.3125
152,3,121.1956,409.3064,363.7275,80.9622,1.000000,8,1
152,4,864.5881,435.6487,103.9312,29.6121,1.000000,8,0
153,1,782.9781,389.9756,375.6665,75.3010,1.000000,8,1
153,2,317.1879,410.1277,270.9333,54.0766,1.000000,8,0.5
153,3,122.0648,409.4330,363.7783,80.9777,1.000000,8,1
153,4,865.5862,435.6163,104.0234,29.6160,1.000000,8,0
154,1,782.3475,389.9547,375.4790,75.2868,1.000000,8,1
154,2,316.8720,410.2306,270.8964,54.0684,1.000000,8,0.6875
154,3,122.9372,409.5520,363.8280,80.9927,1.000000,8,1
154,4,866.5850,435.5824,104.1157,29.6199,1.000000,8,0
155,1,781.7139,389.9334,375.2902,75.2725,1.000000,8,1
155,2,316.5566,410.3286,270.8592,54.0600,1.000000,8,0.5625
155,3,123.8110,409.6655,363.8777,81.0077,1.000000,8,1
155,4,867.5833,435.5459,104.2084,29.6236,1.000000,8,0
156,1,781.0782,389.9117,375.1000,75.2580,1.000000,8,1
156,2,316.2417,410.4214,270.8215,54.0514,1.000000,8,0.5
156,3,124.6868,409.7722,363.9268,81.0225,1.000000,8,1
156,4,868.5815,435.5079,104.3009,29.6271,1.000000,8,0
157,1,780.4408,389.8894,374.9083,75.2432,1.000000,8,1
157,2,315.9276,410.5084,270.7833,54.0427,1.000000,8,0.625
157,3,125.5645,409.8695,363.9754,81.0371,1.000000,8,1
157,4,869.5795,435.4686,104.3938,29.6307,1.000000,8,0
158,1,779.8018,389.8661,374.7163,75.2285,1.000000,8,1
158,2,315.6138,410.5890,270.7448,54.0339,1.000000,8,0.5625
158,3,126.4430,409.9588,364.0242,81.0517,1.000000,8,1
158,4,870.5769,435.4267,104.4866,29.6341,1.000000,8,0
159,1,779.1619,389.8423,374.5244,75.2137,1.000000,8,1
159,2,315.3002,410.6633,270.7065,54.0251,1.000000,8,0.4375
159,3,127.3228,410.0394,364.0731,81.0661,1.000000,8,1
159,4,871.5741,435.3834,104.5796,29.6374,1.000000,8,0
160,1,778.5219,389.8180,374.3326,75.1990,1.000000,8,1
160,2,314.9869,410.7307,270.6681,54.0162,1.000000,8,0.5
160,3,128.2035,410.1089,364.1218,81.0804,1.000000,8,1
160,4,872.5711,435.3389,104.6727,29.6407,1.000000,8,0
161,1,777.8804,389.7924,374.1414,75.1844,1.000000,8,1
161,2,314.6732,410.7918,270.6303,54.0074,1.000000,8,0.3125
161,3,129.0844,410.1688,364.1711,81.0946,1.000000,8,1
161,4,873.5679,435.2920,104.7660,29.6438,1.000000,8,0
162,1,777.2384,389.7657,373.9504,75.1699,1.000000,8,1
162,2,314.3589,410.8463,270.5932,53.9987,1.000000,8,0.625
162,3,129.9661,410.2186,364.2203,81.1089,1.000000,8,1
162,4,874.5652,435.2436,104.8596,29.6469,1.000000,8,0
163,1,776.5960,389.7377,373.7602,75.1555,1.000000,8,1
163,2,314.0438,410.8934,270.5571,53.9901,1.000000,8,0.6875
163,3,130.8480,410.2568,364.2702,81.1230,1.000000,8,1
163,4,875.5634,435.1942,104.9535,29.6500,1.000000,8,0
164,1,775.9523,389.7076,373.5704,75.1412,1.000000,8,1
164,2,313.7283,410.9331,270.5217,53.9817,1.000000,8,0.75
164,3,131.7303,410.2851,364.3204,81.1373,1.000000,8,1
164,4,876.5622,435.1436,105.0477,29.6531,1.000000,8,0
165,1,775.3076,389.6762,373.3809,75.1269,1.000000,8,1
165,2,313.4118,410.9665,270.4873,53.9734,1.000000,8,0.5
165,3,132.6128,410.3040,364.3711,81.1515,1.000000,8,1
165,4,877.5617,435.0934,105.1420,29.6562,1.000000,8,0
166,1,774.6624,389.6436,373.1915,75.1127,1.000000,8,1
166,2,313.0934,410.9936,270.4544,53.9654,1.000000,8,0.6875
166,3,133.4946,410.3133,364.4226,81.1657,1.000000,8,1
166,4,878.5618,435.0440,105.2369,29.6595,1.000000,8,0
167,1,774.0158,389.6089,373.0031,75.0987,1.000000,8,1
167,2,312.7737,411.0138,270.4223,53.9575,1.000000,8,0.6875
167,3,134.3762,410.3151,364.4746,81.1800,1.000000,8,1
167,4,879.5621,434.9948,105.3319,29.6628,1.000000,8,0
168,1,773.3682,389.5728,372.8155,75.0849,1.000000,8,1
168,2,312.4529,411.0279,270.3909,53.9497,1.000000,8,0.375
168,3,135.2576,410.3096,364.5273,81.1943,1.000000,8,1
168,4,880.5630,434.9467,105.4274,29.6663,1.000000,8,0
169,1,772.7201,389.5357,372.6273,75.0710,1.000000,8,1
169,2,312.1312,411.0361,270.3602,53.9420,1.000000,8,0.625
169,3,136.1391,410.2964,364.5797,81.2086,1.000000,8,1
169,4,881.5645,434.9005,105.5233,29.6700,1.000000,8,0
170,1,772.0702,389.4978,372.4393,75.0572,1.000000,8,1
170,2,311.8085,411.0383,270.3301,53.9343,1.000000,8,0.5625
170,3,137.0207,410.2773,364.6326,81.2229,1.000000,8,1
170,4,882.5660,434.8554,105.6194,29.6739,1.000000,8,0
171,1,771.4194,389.4592,372.2515,75.0434,1.000000,8,1
171,2,311.4844,411.0349,270.3010,53.9268,1.000000,8,0.5
171,3,137.9020,410.2526,364.6859,81.2372,1.000000,8,1
171,4,883.5676,434.8121,105.7159,29.6780,1.000000,8,0
172,1,770.7681,389.4201,372.0638,75.0296,1.000000,8,1
172,2,311.1593,411.0262,270.2723,53.9195,1.000000,8,0.5625
172,3,138.7827,410.2225,364.7400,81.2516,1.000000,8,1
172,4,884.5698,434.7711,105.8127,29.6823,1.000000,8,0
173,1,770.1151,389.3806,371.8754,75.0158,1.000000,8,1
173,2,310.8328,411.0115,270.2448,53.9122,1.000000,8,0.75
173,3,139.6642,410.1870,364.7939,81.2660,1.000000,8,1
173,4,885.5718,434.7310,105.9100,29.6868,1.000000,8,0
174,1,769.4612,389.3414,371.6860,75.0017,1.000000,8,1
174,2,310.5054,410.9916,270.2175,53.9050,1.000000,8,0.5625
174,3,140.5464,410.1465,364.8478,81.2803,1.000000,8,1
174,4,886.5740,434.6928,106.0073,29.6915,1.000000,8,0
175,1,768.8073,389.3029,371.4954,74.9875,1.000000,8,1
175,2,310.1776,410.9668,270.1908,53.8978,1.000000,8,0.625
175,3,141.4297,410.1020,364.9018,81.2945,1.000000,8,1
175,4,887.5762,434.6570,106.1055,29.6966,1.000000,8,0
176,1,768.1520,389.2647,371.3042,74.9732,1.000000,8,1
176,2,309.8486,410.9363,270.1643,53.8907,1.000000,8,0.5
176,3,142.3137,410.0533,364.9559,81.3088,1.000000,8,1
176,4,888.5774,434.6217,106.2040,29.7017,1.000000,8,0
177,1,767.4963,389.2271,371.1119,74.9586,1.000000,8,1
177,2,309.5185,410.9007,270.1384,53.8837,1.000000,8,0.4375
177,3,143.1985,410.0003,365.0105,81.3230,1.000000,8,1
177,4,889.5786,434.5877,106.3027,29.7070,1.000000,8,0
178,1,766.8405,389.1903,370.9194,74.9440,1.000000,8,1
178,2,309.1873,410.8600,270.1130,53.8767,1.000000,8,0.4375
178,3,144.0847,409.9425,365.0648,81.3372,1.000000,8,1
178,4,890.5848,434.5510,106.4023,29.7123,1.000000,8,0
179,1,766.1842,389.1545,370.7249,74.9290,1.000000,8,1
179,2,308.8550,410.8136,270.0878,53.8698,1.000000,8,0.375
179,3,144.9730,409.8798,365.1188,81.3513,1.000000,8,1
179,4,891.6034,434.5004,106.5033,29.7167,1.000000,8,0
180,1,765.5280,389.1193,370.5296,74.9139,1.000000,8,1
180,2,308.5222,410.7617,270.0627,53.8628,1.000000,8,0.625
180,3,145.8629,409.8119,365.1726,81.3652,1.000000,8,1
180,4,892.6232,434.4485,106.6046,29.7211,1.000000,8,0
181,1,764.8729,389.0848,370.3339,74.8986,1.000000,8,1
181,2,308.1880,410.7042,270.0386,53.8559,1.000000,8,0.4375
181,3,146.7541,409.7387,365.2262,81.3790,1.000000,8,1
181,4,893.6392,434.4014,106.7062,29.7259,1.000000,8,0
182,1,764.2185,389.0517,370.1381,74.8833,1.000000,8,1
182,2,307.8525,410.6403,270.0147,53.8491,1.000000,8,0.5
182,3,147.6468,409.6589,365.2796,81.3927,1.000000,8,1
182,4,894.6613,434.3466,106.8087,29.7303,1.000000,8,0
183,1,763.5648,389.0191,369.9423,74.8680,1.000000,8,1
183,2,307.5154,410.5708,269.9917,53.8423,1.000000,8,0.5625
183,3,148.5411,409.5726,365.3324,81.4063,1.000000,8,1
183,4,895.6843,434.2916,106.9114,29.7348,1.000000,8,0
184,1,762.9123,388.9865,369.7464,74.8527,1.000000,8,1
184,2,307.1765,410.4957,269.9696,53.8358,1.000000,8,0.375
184,3,149.4363,409.4796,365.3849,81.4196,1.000000,8,1
184,4,896.7075,434.2386,107.0146,29.7394,1.000000,8,0
185,1,762.2607,388.9544,369.5519,74.8374,1.000000,8,1
185,2,306.8356,410.4134,269.9483,53.8294,1.000000,8,0.5625
185,3,150.3334,409.3783,365.4368,81.4327,1.000000,8,1
185,4,897.7398,434.1743,107.1191,29.7435,1.000000,8,0
186,1,761.6107,388.9223,369.3574,74.8223,1.000000,8,1
186,2,306.4929,410.3252,269.9282,53.8231,1.000000,8,0.5
186,3,151.2311,409.2701,365.4883,81.4456,1.000000,8,1
186,4,898.7656,434.1169,107.2232,29.7480,1.000000,8,0
187,1,760.9622,388.8905,369.1646,74.8073,1.000000,8,1
187,2,306.1484,410.2313,269.9088,53.8170,1.000000,8,0.6875
187,3,152.1283,409.1553,365.5399,81.4585,1.000000,8,1
187,4,899.7877,434.0662,107.3273,29.7531,1.000000,8,0
188,1,760.3159,388.8592,368.9733,74.7925,1.000000,8,1
188,2,305.8016,410.1296,269.8909,53.8111,1.000000,8,0.5
188,3,153.0270,409.0314,365.5909,81.4711,1.000000,8,1
188,4,900.8249,434.0000,107.4326,29.7571,1.000000,8,0
189,1,759.6721,388.8283,368.7838,74.7781,1.000000,8,1
189,2,305.4526,410.0216,269.8743,53.8054,1.000000,8,0.375
189,3,153.9264,408.9005,365.6412,81.4835,1.000000,8,1
189,4,901.8530,433.9436,107.5373,29.7618,1.000000,8,0
190,1,759.0309,388.7972,368.5963,74.7639,1.000000,8,1
190,2,305.1010,409.9078,269.8593,53.8001,1.000000,8,0.4375
190,3,154.8248,408.7646,365.6923,81.4960,1.000000,8,1
190,4,902.8736,433.8983,107.6415,29.7673,1.000000,8,0
191,1,758.3925,388.7665,368.4114,74.7502,1.000000,8,1
191,2,304.7472,409.7859,269.8458,53.7949,1.000000,8,0.5
191,3,155.7236,408.6217,365.7427,81.5082,1.000000,8,1
191,4,903.9154,433.8340,107.7477,29.7716,1.000000,8,0
192,1,757.7563,388.7363,368.2285,74.7367,1.000000,8,1
192,2,304.3913,409.6578,269.8333,53.7900,1.000000,8,0.3125
192,3,156.6217,408.4741,365.7935,81.5206,1.000000,8,1
192,4,904.9481,433.7812,107.8529,29.7765,1.000000,8,0
193,1,757.1226,388.7067,368.0479,74.7236,1.000000,8,1
193,2,304.0334,409.5244,269.8224,53.7853,1.000000,8,0.4375
193,3,157.5181,408.3232,365.8448,81.5330,1.000000,8,1
193,4,905.9700,433.7447,107.9575,29.7827,1.000000,8,0
194,1,756.4920,388.6781,367.8693,74.7109,1.000000,8,1
194,2,303.6723,409.3835,269.8140,53.7811,1.000000,8,0.5625
194,3,158.4146,408.1667,365.8962,81.5452,1.000000,8,1
194,4,907.0143,433.6904,108.0637,29.7875,1.000000,8,0
195,1,755.8642,388.6508,367.6928,74.6985,1.000000,8,1
195,2,303.3088,409.2364,269.8076,53.7773,1.000000,8,0.4375
195,3,159.3105,408.0070,365.9477,81.5575,1.000000,8,1
195,4,908.0508,433.6483,108.1691,29.7932,1.000000,8,0
196,1,755.2386,388.6249,367.5192,74.6865,1.000000,8,1
196,2,302.9431,409.0845,269.8029,53.7738,1.000000,8,0.3125
196,3,160.2044,407.8460,366.0002,81.5701,1.000000,8,1
196,4,909.0767,433.6239,108.2738,29.8001,1.000000,8,0
197,1,754.6161,388.6012,367.3478,74.6749,1.000000,8,1
197,2,302.5747,408.9262,269.8006,53.7708,1.000000,8,0.4375
197,3,161.0976,407.6817,366.0530,81.5827,1.000000,8,1
197,4,910.1254,433.5834,108.3798,29.8058,1.000000,8,0
198,1,753.9958,388.5797,367.1782,74.6636,1.000000,8,1
198,2,302.2031,408.7636,269.8004,53.7682,1.000000,8,0.4375
198,3,161.9893,407.5163,366.1063,81.5953,1.000000,8,1
198,4,911.1652,433.5572,108.4849,29.8124,1.000000,8,0
199,1,753.3776,388.5608,367.0101,74.6526,1.000000,8,1
199,2,301.8277,408.5979,269.8029,53.7661,1.000000,8,0.5625
199,3,162.8786,407.3517,366.1604,81.6083,1.000000,8,1
199,4,912.1948,433.5493,108.5891,29.8203,1.000000,8,0
200,1,752.7617,388.5449,366.8438,74.6419,1.000000,8,1
200,2,301.4487,408.4266,269.8071,53.7643,1.000000,8,0.3125
200,3,163.7660,407.1852,366.2158,81.6214,1.000000,8,1
200,4,913.2480,433.5260,108.6947,29.8269,1.000000,8,0
201,1,752.1475,388.5317,366.6783,74.6313,1.000000,8,1
201,2,301.0660,408.2518,269.8135,53.7630,1.000000,8,0.375
201,3,164.6505,407.0180,366.2726,81.6349,1.000000,8,1
201,4,914.2913,433.5183,108.7990,29.8346,1.000000,8,0
202,1,751.5344,388.5217,366.5137,74.6208,1.000000,8,1
202,2,300.6793,408.0750,269.8221,53.7621,1.000000,8,0.4375
202,3,165.5316,406.8514,366.3313,81.6489,1.000000,8,1
202,4,915.3236,433.5279,108.9019,29.8433,1.000000,8,0
203,1,750.9230,388.5160,366.3502,74.6106,1.000000,8,1
203,2,300.2891,407.8951,269.8327,53.7616,1.000000,8,0.5625
203,3,166.4106,406.6825,366.3915,81.6632,1.000000,8,1
203,4,916.3801,433.5199,109.0061,29.8505,1.000000,8,0
204,1,750.3126,388.5137,366.1872,74.6004,1.000000,8,1
204,2,299.8957,407.7140,269.8451,53.7614,1.000000,8,0.375
204,3,167.2871,406.5125,366.4532,81.6779,1.000000,8,1
204,4,917.4264,433.5264,109.1091,29.8587,1.000000,8,0
205,1,749.7026,388.5150,366.0244,74.5903,1.000000,8,1
205,2,299.4992,407.5331,269.8592,53.7617,1.000000,8,0.4375
205,3,168.1606,406.3429,366.5168,81.6930,1.000000,8,1
205,4,918.4616,433.5495,109.2110,29.8679,1.000000,8,0
206,1,749.0938,388.5215,365.8616,74.5802,1.000000,8,1
206,2,299.0997,407.3511,269.8751,53.7622,1.000000,8,0.375
206,3,169.0310,406.1692,366.5826,81.7086,1.000000,8,1
206,4,919.5206,433.5560,109.3144,29.8760,1.000000,8,0
207,1,748.4851,388.5320,365.6984,74.5701,1.000000,8,1
207,2,298.6978,407.1698,269.8924,53.7631,1.000000,8,0.3125
207,3,169.8979,405.9934,366.6508,81.7248,1.000000,8,1
207,4,920.5693,433.5768,109.4166,29.8849,1.000000,8,0
208,1,747.8760,388.5461,365.5352,74.5600,1.000000,8,1
208,2,298.2938,406.9918,269.9109,53.7643,1.000000,8,0.3125
208,3,170.7614,405.8174,366.7210,81.7415,1.000000,8,1
208,4,921.6075,433.6126,109.5178,29.8948,1.000000,8,0
209,1,747.2673,388.5649,365.3712,74.5498,1.000000,8,1
209,2,297.8886,406.8161,269.9302,53.7657,1.000000,8,0.25
209,3,171.6209,405.6374,366.7940,81.7587,1.000000,8,1
209,4,922.6702,433.6304,109.6208,29.9034,1.000000,8,0
210,1,746.6584,388.5875,365.2073,74.5397,1.000000,8,1
210,2,297.4828,406.6437,269.9500,53.7672,1.000000,8,0.4375
210,3,172.4768,405.4552,366.8693,81.7765,1.000000,8,1
210,4,923.7224,433.6616,109.7227,29.9128,1.000000,8,0
211,1,746.0489,388.6128,365.0432,74.5295,1.000000,8,1
211,2,297.0768,406.4763,269.9700,53.7687,1.000000,8,0.4375
211,3,173.3278,405.2725,366.9476,81.7950,1.000000,8,1
211,4,924.7627,433.7078,109.8236,29.9234,1.000000,8,0
212,1,745.4397,388.6421,364.8779,74.5192,1.000000,8,1
212,2,296.6714,406.3127,269.9899,53.7703,1.000000,8,0.3125
212,3,174.1739,405.0862,367.0283,81.8141,1.000000,8,1
212,4,925.8259,433.7368,109.9263,29.9327,1.000000,8,0
213,1,744.8303,388.6738,364.7126,74.5088,1.000000,8,1
213,2,296.2665,406.1542,270.0098,53.7719,1.000000,8,0.4375
213,3,175.0145,404.8983,367.1120,81.8339,1.000000,8,1
213,4,926.8806,433.7758,110.0284,29.9426,1.000000,8,0
214,1,744.2206,388.7064,364.5470,74.4984,1.000000,8,1
214,2,295.8626,406.0021,270.0291,53.7734,1.000000,8,0.25
214,3,175.8497,404.7100,367.1985,81.8543,1.000000,8,1
214,4,927.9237,433.8279,110.1294,29.9535,1.000000,8,0
215,1,743.6125,388.7415,364.3818,74.4881,1.000000,8,1
215,2,295.4608,405.8549,270.0475,53.7748,1.000000,8,0.375
215,3,176.6790,404.5164,367.2887,81.8756,1.000000,8,1
215,4,928.9865,433.8644,110.2321,29.9633,1.000000,8,0
216,1,743.0054,388.7779,364.2176,74.4779,1.000000,8,1
216,2,295.0606,405.7131,270.0649,53.7761,1.000000,8,0.3125
216,3,177.5026,404.3204,367.3824,81.8977,1.000000,8,1
216,4,930.0412,433.9093,110.3340,29.9737,1.000000,8,0
217,1,742.3992,388.8148,364.0546,74.4679,1.000000,8,1
217,2,294.6610,405.5779,270.0821,53.7773,1.000000,8,0.375
217,3,178.3206,404.1254,367.4795,81.9206,1.000000,8,1
217,4,931.0852,433.9648,110.4353,29.9849,1.000000,8,0
218,1,741.7954,388.8535,363.8923,74.4580,1.000000,8,1
218,2,294.2635,405.4476,270.0981,53.7783,1.000000,8,0.3125
218,3,179.1331,403.9282,367.5801,81.9443,1.000000,8,1
218,4,932.1459,434.0051,110.5381,29.9950,1.000000,8,0
219,1,741.1932,388.8927,363.7311,74.4483,1.000000,8,1
219,2,293.8674,405.3228,270.1135,53.7792,1.000000,8,0.3125
219,3,179.9408,403.7314,367.6839,81.9689,1.000000,8,1
219,4,933.2001,434.0502,110.6403,30.0054,1.000000,8,0
220,1,740.5914,388.9308,363.5709,74.4387,1.000000,8,1
220,2,293.4728,405.2043,270.1279,53.7800,1.000000,8,0.3125
220,3,180.7428,403.5375,367.7916,81.9944,1.000000,8,1
220,4,934.2457,434.1014,110.7420,30.0163,1.000000,8,0
221,1,739.9900,388.9675,363.4114,74.4292,1.000000,8,1
221,2,293.0804,405.0911,270.1411,53.7806,1.000000,8,0.1875
221,3,181.5393,403.3443,367.9028,82.0207,1.000000,8,1
221,4,935.3058,434.1380,110.8450,30.0262,1.000000,8,0
222,1,739.3882,389.0025,363.2523,74.4198,1.000000,8,1
222,2,292.6898,404.9833,270.1533,53.7810,1.000000,8,0.5
222,3,182.3317,403.1545,368.0168,82.0478,1.000000,8,1
222,4,936.3593,434.1790,110.9472,30.0363,1.000000,8,0
223,1,738.7855,389.0346,363.0933,74.4104,1.000000,8,1
223,2,292.3008,404.8817,270.1645,53.7812,1.000000,8,0.375
223,3,183.1198,402.9703,368.1342,82.0758,1.000000,8,1
223,4,937.4041,434.2265,111.0486,30.0469,1.000000,8,0
224,1,738.1823,389.0638,362.9340,74.4011,1.000000,8,1
224,2,291.9144,404.7846,270.1740,53.7812,1.000000,8,0.375
224,3,183.9034,402.7889,368.2546,82.1046,1.000000,8,1
224,4,938.4606,434.2627,111.1508,30.0566,1.000000,8,0
225,1,737.5781,389.0904,362.7745,74.3916,1.000000,8,1
225,2,291.5302,404.6921,270.1821,53.7808,1.000000,8,0.4375
225,3,184.6833,402.6121,368.3782,82.1341,1.000000,8,1
225,4,939.5112,434.3025,111.2523,30.0665,1.000000,8,0
226,1,736.9728,389.1139,362.6150,74.3821,1.000000,8,1
226,2,291.1475,404.6048,270.1895,53.7803,1.000000,8,0.125
226,3,185.4591,402.4422,368.5050,82.1645,1.000000,8,1
226,4,940.5542,434.3469,111.3528,30.0765,1.000000,8,0
227,1,736.3663,389.1337,362.4543,74.3724,1.000000,8,1
227,2,290.7670,404.5213,270.1954,53.7796,1.000000,8,0.25
227,3,186.2321,402.2764,368.6342,82.1956,1.000000,8,1
227,4,941.6053,434.3819,111.4534,30.0859,1.000000,8,0
228,1,735.7587,389.1505,362.2927,74.3624,1.000000,8,1
228,2,290.3885,404.4416,270.1998,53.7787,1.000000,8,0.5
228,3,187.0024,402.1158,368.7661,82.2274,1.000000,8,1
228,4,942.6502,434.4201,111.5532,30.0952,1.000000,8,0
229,1,735.1495,389.1643,362.1296,74.3522,1.000000,8,1
229,2,290.0122,404.3662,270.2032,53.7774,1.000000,8,0.25
229,3,187.7701,401.9624,368.9007,82.2598,1.000000,8,1
229,4,943.6888,434.4618,111.6520,30.1047,1.000000,8,0
230,1,734.5392,389.1751,361.9658,74.3419,1.000000,8,1
230,2,289.6385,404.2937,270.2054,53.7760,1.000000,8,0.125
230,3,188.5371,401.8136,369.0370,82.2929,1.000000,8,1
230,4,944.7344,434.4942,111.7505,30.1133,1.000000,8,0
231,1,733.9279,389.1831,361.8010,74.3314,1.000000,8,1
231,2,289.2673,404.2239,270.2061,53.7743,1.000000,8,0.5
231,3,189.3034,401.6703,369.1749,82.3264,1.000000,8,1
231,4,945.7733,434.5295,111.8480,30.1220,1.000000,8,0
232,1,733.3151,389.1878,361.6347,74.3205,1.000000,8,1
232,2,288.8983,404.1575,270.2056,53.7724,1.000000,8,0.1875
232,3,190.0688,401.5335,369.3150,82.3604,1.000000,8,1
232,4,946.8055,434.5675,111.9447,30.1307,1.000000,8,0
233,1,732.7014,389.1893,361.4659,74.3092,1.000000,8,1
233,2,288.5312,404.0934,270.2044,53.7703,1.000000,8,0.25
233,3,190.8353,401.4012,369.4557,82.3947,1.000000,8,1
233,4,947.8433,434.5972,112.0408,30.1386,1.000000,8,0
234,1,732.0865,389.1879,361.2966,74.2977,1.000000,8,1
234,2,288.1664,404.0320,270.2019,53.7679,1.000000,8,0.25
234,3,191.6021,401.2737,369.5975,82.4293,1.000000,8,1
234,4,948.8776,434.6266,112.1363,30.1464,1.000000,8,0
235,1,731.4709,389.1840,361.1263,74.2860,1.000000,8,1
235,2,287.8031,403.9739,270.1984,53.7655,1.000000,8,0.25
235,3,192.3675,401.1514,369.7416,82.4646,1.000000,8,1
235,4,949.9065,434.6578,112.2311,30.1541,1.000000,8,0
236,1,730.8545,389.1767,360.9541,74.2739,1.000000,8,1
236,2,287.4414,403.9176,270.1942,53.7629,1.000000,8,0.25
236,3,193.1337,401.0328,369.8865,82.5000,1.000000,8,1
236,4,950.9374,434.6843,112.3253,30.1615,1.000000,8,0
237,1,730.2379,389.1666,360.7808,74.2617,1.000000,8,1
237,2,287.0815,403.8633,270.1887,53.7600,1.000000,8,0.375
237,3,193.9002,400.9187,370.0324,82.5358,1.000000,8,1
237,4,951.9659,434.7107,112.4194,30.1687,1.000000,8,0
238,1,729.6198,389.1539,360.6083,74.2492,1.000000,8,1
238,2,286.7232,403.8118,270.1822,53.7569,1.000000,8,0.1875
238,3,194.6665,400.8100,370.1794,82.5720,1.000000,8,1
238,4,952.9916,434.7368,112.5131,30.1759,1.000000,8,0
239,1,728.9498,389.1378,360.4861,74.2365,1.000000,8,1
239,2,286.3666,403.7612,270.1746,53.7536,1.000000,8,0.1875
239,3,195.4330,400.7039,370.3273,82.6083,1.000000,8,1
239,4,954.0184,434.7590,112.6066,30.1827,1.000000,8,0
240,1,728.2799,389.1189,360.3634,74.2237,1.000000,8,1
240,2,286.0113,403.7125,270.1662,53.7502,1.000000,8,0.1875
240,3,196.1996,400.6009,370.4760,82.6449,1.000000,8,1
240,4,955.0430,434.7795,112.6998,30.1894,1.000000,8,0
241,1,727.6100,389.0975,360.2415,74.2109,1.000000,8,1
241,2,285.6571,403.6672,270.1572,53.7466,1.000000,8,0.375
241,3,196.9669,400.5019,370.6255,82.6818,1.000000,8,1
241,4,956.0662,434.7970,112.7931,30.1959,1.000000,8,0
242,1,726.9409,389.0719,360.1192,74.1980,1.000000,8,1
242,2,285.3043,403.6243,270.1472,53.7429,1.000000,8,0.25
242,3,197.7344,400.4066,370.7756,82.7188,1.000000,8,1
242,4,957.0895,434.8097,112.8865,30.2020,1.000000,8,0.0625
243,1,726.2723,389.0435,359.9974,74.1852,1.000000,8,1
243,2,284.9526,403.5839,270.1365,53.7390,1.000000,8,0.25
243,3,198.5020,400.3150,370.9260,82.7560,1.000000,8,1
243,4,958.1116,434.8193,112.9802,30.2080,1.000000,8,0
244,1,725.6045,389.0128,359.8759,74.1724,1.000000,8,1
244,2,284.6025,403.5465,270.1248,53.7350,1.000000,8,0.1875
244,3,199.2698,400.2274,371.0770,82.7933,1.000000,8,1
244,4,959.1323,434.8253,113.0740,30.2139,1.000000,8,0.0625
245,1,724.9379,388.9781,359.7559,74.1597,1.000000,8,1
245,2,284.2534,403.5119,270.1125,53.7309,1.000000,8,0.1875
245,3,200.0374,400.1440,371.2285,82.8309,1.000000,8,1
245,4,960.1517,434.8265,113.1680,30.2194,1.000000,8,0.1875
246,1,724.2725,388.9410,359.6366,74.1473,1.000000,8,1
246,2,283.9051,403.4800,270.0998,53.7266,1.000000,8,0.375
246,3,200.8045,400.0648,371.3811,82.8687,1.000000,8,1
246,4,961.1713,434.8225,113.2625,30.2247,1.000000,8,0.0625
247,1,723.6079,388.9019,359.5190,74.1352,1.000000,8,1
247,2,283.5578,403.4512,270.0863,53.7223,1.000000,8,0.4375
247,3,201.5721,399.9905,371.5343,82.9068,1.000000,8,1
247,4,962.1899,434.8142,113.3575,30.2298,1.000000,8,0.0625
248,1,722.9448,388.8590,359.4031,74.1233,1.000000,8,1
248,2,283.2117,403.4259,270.0722,53.7178,1.000000,8,0.25
248,3,202.3423,399.9213,371.6862,82.9447,1.000000,8,1
248,4,963.2063,434.8018,113.4528,30.2348,1.000000,8,0.0625
249,1,722.2831,388.8138,359.2886,74.1116,1.000000,8,1
249,2,282.8662,403.4039,270.0579,53.7134,1.000000,8,0.3125
249,3,203.1138,399.8586,371.8381,82.9826,1.000000,8,1
249,4,964.2231,434.7836,113.5486,30.2394,1.000000,8,0.25
250,1,721.6224,388.7661,359.1760,74.1003,1.000000,8,1
250,2,282.5210,403.3853,270.0435,53.7089,1.000000,8,0.3125
250,3,203.8861,399.8046,371.9899,83.0206,1.000000,8,1
250,4,965.2398,434.7605,113.6451,30.2439,1.000000,8,0.1875
251,1,720.9633,388.7144,359.0651,74.0893,1.000000,8,1
251,2,282.1768,403.3707,270.0288,53.7044,1.000000,8,0.375
251,3,204.6597,399.7586,372.1412,83.0586,1.000000,8,1
251,4,966.2532,434.7344,113.7419,30.2483,1.000000,8,0
252,1,720.3052,388.6602,358.9557,74.0785,1.000000,8,1
252,2,281.8333,403.3596,270.0138,53.6998,1.000000,8,0.375
252,3,205.4347,399.7215,372.2921,83.0965,1.000000,8,1
252,4,967.2681,434.7021,113.8397,30.2524,1.000000,8,0.1875
253,1,719.6482,388.6048,358.8481,74.0681,1.000000,8,1
253,2,281.4903,403.3520,269.9985,53.6953,1.000000,8,0.375
253,3,206.2128,399.6943,372.4410,83.1342,1.000000,8,1
253,4,968.2846,434.6639,113.9380,30.2563,1.000000,8,0.1875
254,1,718.9926,388.5459,358.7427,74.0580,1.000000,8,1
254,2,281.1475,403.3490,269.9835,53.6908,1.000000,8,0.125
254,3,206.9938,399.6758,372.5884,83.1716,1.000000,8,1
254,4,969.2981,434.6243,114.0367,30.2602,1.000000,8,0.4375
255,1,718.3383,388.4854,358.6387,74.0482,1.000000,8,1
255,2,280.8046,403.3498,269.9688,53.6865,1.000000,8,0.5
255,3,207.7772,399.6669,372.7349,83.2089,1.000000,8,1
255,4,970.3124,434.5809,114.1364,30.2640,1.000000,8,0.25
256,1,717.6851,388.4246,358.5363,74.0386,1.000000,8,1
256,2,280.4609,403.3545,269.9545,53.6822,1.000000,8,0.3125
256,3,208.5639,399.6698,372.8798,83.2459,1.000000,8,1
256,4,971.3281,434.5337,114.2366,30.2677,1.000000,8,0.3125
257,1,717.0331,388.3608,358.4355,74.0295,1.000000,8,1
257,2,280.1173,403.3635,269.9406,53.6781,1.000000,8,0.125
257,3,209.3544,399.6841,373.0224,83.2826,1.000000,8,1
257,4,972.3417,434.4859,114.3374,30.2715,1.000000,8,0.375
258,1,716.3821,388.2959,358.3362,74.0205,1.000000,8,1
258,2,279.7737,403.3767,269.9270,53.6740,1.000000,8,0.1875
258,3,210.1490,399.7094,373.1628,83.3188,1.000000,8,1
258,4,973.3575,434.4346,114.4391,30.2752,1.000000,8,0.125
259,1,715.7314,388.2317,358.2383,74.0118,1.000000,8,1
259,2,279.4292,403.3943,269.9141,53.6701,1.000000,8,0.25
259,3,210.9477,399.7464,373.3012,83.3547,1.000000,8,1
259,4,974.3756,434.3804,114.5414,30.2789,1.000000,8,0.3125
260,1,715.0809,388.1653,358.1417,74.0034,1.000000,8,1
260,2,279.0839,403.4168,269.9021,53.6666,1.000000,8,0.1875
260,3,211.7516,399.7952,373.4375,83.3902,1.000000,8,1
260,4,975.3926,434.3264,114.6443,30.2828,1.000000,8,0.25
261,1,714.4306,388.0992,358.0460,73.9951,1.000000,8,1
261,2,278.7378,403.4438,269.8906,53.6630,1.000000,8,0.125
261,3,212.5603,399.8549,373.5717,83.4254,1.000000,8,1
261,4,976.4116,434.2705,114.7479,30.2865,1.000000,8,0.3125
262,1,713.7803,388.0347,357.9513,73.9871,1.000000,8,1
262,2,278.3904,403.4746,269.8799,53.6598,1.000000,8,0.1875
262,3,213.3750,399.9251,373.7029,83.4600,1.000000,8,1
262,4,977.4323,434.2138,114.8519,30.2904,1.000000,8,0.4375
263,1,713.1295,387.9696,357.8567,73.9791,1.000000,8,1
263,2,278.0415,403.5099,269.8705,53.6568,1.000000,8,0.125
263,3,214.1943,400.0074,373.8315,83.4941,1.000000,8,1
263,4,978.4540,434.1570,114.9568,30.2944,1.000000,8,0.3125
264,1,712.4786,387.9054,357.7624,73.9712,1.000000,8,1
264,2,277.6913,403.5495,269.8616,53.6540,1.000000,8,0.25
264,3,215.0178,400.1000,373.9579,83.5278,1.000000,8,1
264,4,979.4782,434.0992,115.0623,30.2984,1.000000,8,0.3125
265,1,711.8271,387.8434,357.6689,73.9634,1.000000,8,1
265,2,277.3395,403.5936,269.8537,53.6514,1.000000,8,0.3125
265,3,215.8464,400.2012,374.0812,83.5608,1.000000,8,1
265,4,980.5045,434.0408,115.1683,30.3026,1.000000,8,0.3125
266,1,711.1740,387.7821,357.5755,73.9558,1.000000,8,1
266,2,276.9852,403.6432,269.8472,53.6491,1.000000,8,0.25
266,3,216.6797,400.3114,374.2016,83.5932,1.000000,8,1
266,4,981.5338,433.9818,115.2751,30.3068,1.000000,8,0.5
267,1,710.5197,387.7224,357.4822,73.9481,1.000000,8,1
267,2,276.6293,403.6974,269.8415,53.6470,1.000000,8,0.3125
267,3,217.5172,400.4287,374.3195,83.6251,1.000000,8,1
267,4,982.5649,433.9230,115.3824,30.3110,1.000000,8,0.4375
268,1,709.8642,387.6647,357.3890,73.9406,1.000000,8,1
268,2,276.2712,403.7563,269.8371,53.6452,1.000000,8,0.3125
268,3,218.3592,400.5516,374.4345,83.6565,1.000000,8,1
268,4,983.5981,433.8649,115.4905,30.3155,1.000000,8,0.5625
269,1,709.2065,387.6078,357.2960,73.9330,1.000000,8,1
269,2,275.9113,403.8213,269.8339,53.6438,1.000000,8,0.1875
269,3,219.2059,400.6817,374.5464,83.6872,1.000000,8,1
269,4,984.6338,433.8078,115.5991,30.3201,1.000000,8,0.375
270,1,708.5471,387.5526,357.2019,73.9254,1.000000,8,1
270,2,275.5499,403.8913,269.8315,53.6426,1.000000,8,0.375
270,3,220.0563,400.8168,374.6559,83.7173,1.000000,8,1
270,4,985.6714,433.7505,115.7084,30.3248,1.000000,8,0.25
271,1,707.8860,387.4999,357.1072,73.9177,1.000000,8,1
271,2,275.1870,403.9660,269.8298,53.6415,1.000000,8,0.25
271,3,220.9099,400.9545,374.7638,83.7470,1.000000,8,1
271,4,986.7117,433.6917,115.8179,30.3295,1.000000,8,0.5
272,1,707.2222,387.4473,357.0129,73.9101,1.000000,8,1
272,2,274.8218,404.0472,269.8292,53.6407,1.000000,8,0.125
272,3,221.7674,401.0966,374.8688,83.7761,1.000000,8,1
272,4,987.7563,433.6306,115.9285,30.3341,1.000000,8,0.4375
273,1,706.5565,387.3956,356.9186,73.9026,1.000000,8,1
273,2,274.4547,404.1335,269.8297,53.6402,1.000000,8,0.3125
273,3,222.6278,401.2419,374.9716,83.8048,1.000000,8,1
273,4,988.8011,433.5708,116.0397,30.3390,1.000000,8,0.375
274,1,705.8893,387.3454,356.8231,73.8949,1.000000,8,1
274,2,274.0861,404.2245,269.8310,53.6398,1.000000,8,0.25
274,3,223.4914,401.3902,375.0725,83.8330,1.000000,8,1
274,4,989.8468,433.5134,116.1512,30.3441,1.000000,8,0.5625
275,1,705.2194,387.2954,356.7286,73.8873,1.000000,8,1
275,2,273.7167,404.3221,269.8326,53.6397,1.000000,8,0.25
275,3,224.3575,401.5421,375.1712,83.8607,1.000000,8,1
275,4,990.8986,433.4533,116.2639,30.3492,1.000000,8,0.6875
276,1,704.5477,387.2461,356.6337,73.8798,1.000000,8,1
276,2,273.3464,404.4254,269.8347,53.6395,1.000000,8,0.3125
276,3,225.2266,401.6965,375.2678,83.8879,1.000000,8,1
276,4,991.9516,433.3951,116.3770,30.3545,1.000000,8,0.6875
277,1,703.8749,387.1975,356.5387,73.8723,1.000000,8,1
277,2,272.9754,404.5338,269.8367,53.6396,1.000000,8,0.1875
277,3,226.0986,401.8522,375.3623,83.9147,1.000000,8,1
277,4,993.0051,433.3402,116.4903,30.3601,1.000000,8,0.5
278,1,703.1998,387.1478,356.4448,73.8650,1.000000,8,1
278,2,272.6036,404.6495,269.8392,53.6397,1.000000,8,0.1875
278,3,226.9717,402.0118,375.4557,83.9413,1.000000,8,1
278,4,994.0634,433.2855,116.6046,30.3658,1.000000,8,0.625
279,1,702.5236,387.0977,356.3512,73.8578,1.000000,8,1
279,2,272.2316,404.7706,269.8415,53.6398,1.000000,8,0.1875
279,3,227.8465,402.1743,375.5475,83.9674,1.000000,8,1
279,4,995.1221,433.2340,116.7192,30.3718,1.000000,8,0.5625
280,1,701.8468,387.0477,356.2577,73.8507,1.000000,8,1
280,2,271.8600,404.8960,269.8434,53.6398,1.000000,8,0.25
280,3,228.7233,402.3378,375.6373,83.9931,1.000000,8,1
280,4,996.1819,433.1852,116.8339,30.3780,1.000000,8,0.5
281,1,701.1691,386.9967,356.1664,73.8439,1.000000,8,1
281,2,271.4886,405.0281,269.8449,53.6400,1.000000,8,0.0625
281,3,229.6011,402.5051,375.7261,84.0186,1.000000,8,1
281,4,997.2455,433.1388,116.9493,30.3845,1.000000,8,0.6875
282,1,700.4919,386.9453,356.0766,73.8376,1.000000,8,1
282,2,271.1182,405.1653,269.8458,53.6398,1.000000,8,0.375
282,3,230.4801,402.6746,375.8136,84.0439,1.000000,8,1
282,4,998.3094,433.0976,117.0648,30.3913,1.000000,8,0.9375
283,1,699.8157,386.8938,355.9886,73.8315,1.000000,8,1
283,2,270.7494,405.3066,269.8454,53.6396,1.000000,8,0.4375
283,3,231.3605,402.8443,375.9003,84.0689,1.000000,8,1
283,4,999.3747,433.0604,117.1804,30.3985,1.000000,8,0.5625
284,1,699.1406,386.8416,355.9030,73.8259,1.000000,8,1
284,2,270.3821,405.4544,269.8440,53.6391,1.000000,8,0.0625
284,3,232.2413,403.0172,375.9865,84.0939,1.000000,8,1
284,4,1000.4440,433.0246,117.2962,30.4057,1.000000,8,0.75
285,1,698.4662,386.7894,355.8184,73.8205,1.000000,8,1
285,2,270.0164,405.6069,269.8416,53.6385,1.000000,8,0.4375
285,3,233.1233,403.1914,376.0719,84.1186,1.000000,8,1
285,4,1001.5120,432.9946,117.4120,30.4133,1.000000,8,0.875
286,1,697.7917,386.7372,355.7360,73.8155,1.000000,8,1
286,2,269.6533,405.7626,269.8376,53.6375,1.000000,8,0.25
286,3,234.0075,403.3653,376.1559,84.1431,1.000000,8,1
286,4,1002.5810,432.9701,117.5278,30.4213,1.000000,8,0.8125
287,1,697.1158,386.6839,355.6554,73.8110,1.000000,8,1
287,2,269.2927,405.9242,269.8318,53.6363,1.000000,8,0.5625
287,3,234.8929,403.5421,376.2392,84.1674,1.000000,8,1
287,4,1003.6530,432.9489,117.6437,30.4295,1.000000,8,0.875
288,1,696.4391,386.6307,355.5762,73.8067,1.000000,8,1
288,2,268.9341,406.0900,269.8250,53.6348,1.000000,8,0.3125
288,3,235.7797,403.7198,376.3219,84.1916,1.000000,8,1
288,4,1004.7260,432.9322,117.7596,30.4380,1.000000,8,1
289,1,695.7617,386.5784,355.4982,73.8027,1.000000,8,1
289,2,268.5777,406.2581,269.8165,53.6331,1.000000,8,0.1875
289,3,236.6683,403.8965,376.4037,84.2156,1.000000,8,1
289,4,1005.7990,432.9214,117.8755,30.4469,1.000000,8,0.8125
290,1,695.0835,386.5266,355.4211,73.7990,1.000000,8,1
290,2,268.2246,406.4307,269.8060,53.6309,1.000000,8,0.375
290,3,237.5579,404.0758,376.4854,84.2395,1.000000,8,1
290,4,1006.8720,432.9169,117.9912,30.4562,1.000000,8,0.875
291,1,694.4048,386.4760,355.3444,73.7954,1.000000,8,1
291,2,267.8741,406.6061,269.7940,53.6284,1.000000,8,0.375
291,3,238.4490,404.2561,376.5661,84.2632,1.000000,8,1
291,4,1007.9480,432.9138,118.1068,30.4656,1.000000,8,1
292,1,693.7260,386.4283,355.2683,73.7918,1.000000,8,1
292,2,267.5268,406.7830,269.7797,53.6255,1.000000,8,0.125
292,3,239.3419,404.4357,376.6455,84.2867,1.000000,8,1
292,4,1009.0250,432.9132,118.2226,30.4750,1.000000,8,0.8125
293,1,693.0465,386.3841,355.1926,73.7885,1.000000,8,1
293,2,267.1825,406.9634,269.7636,53.6222,1.000000,8,0.25
293,3,240.2355,404.6178,376.7239,84.3098,1.000000,8,1
293,4,1010.0990,432.9193,118.3380,30.4850,1.000000,8,0.875
294,1,692.3669,386.3434,355.1171,73.7851,1.000000,8,1
294,2,266.8409,407.1456,269.7454,53.6186,1.000000,8,0.375
294,3,241.1311,404.7995,376.8010,84.3327,1.000000,8,1
294,4,1011.1750,432.9268,118.4534,30.4950,1.000000,8,0.9375
295,1,691.6874,386.3065,355.0414,73.7819,1.000000,8,1
295,2,266.5024,407.3277,269.7253,53.6145,1.000000,8,0.1875
295,3,242.0288,404.9783,376.8768,84.3553,1.000000,8,1
295,4,1012.2550,432.9333,118.5693,30.5049,1.000000,8,1
296,1,691.0076,386.2751,354.9655,73.7786,1.000000,8,1
296,2,266.1662,407.5125,269.7036,53.6100,1.000000,8,0.125
296,3,242.9286,405.1573,376.9515,84.3776,1.000000,8,1
296,4,1013.3300,432.9458,118.6849,30.5153,1.000000,8,0.875
297,1,690.3280,386.2491,354.8893,73.7753,1.000000,8,1
297,2,265.8321,407.6979,269.6800,53.6052,1.000000,8,0.3125
297,3,243.8306,405.3351,377.0251,84.3995,1.000000,8,1
297,4,1014.4080,432.9588,118.8009,30.5258,1.000000,8,1
298,1,689.6487,386.2293,354.8122,73.7719,1.000000,8,1
298,2,265.5002,407.8817,269.6548,53.6000,1.000000,8,0.375
298,3,244.7351,405.5102,377.0973,84.4211,1.000000,8,1
298,4,1015.4900,432.9701,118.9178,30.5363,1.000000,8,1
299,1,688.9694,386.2165,354.7343,73.7683,1.000000,8,1
299,2,265.1704,408.0667,269.6279,53.5945,1.000000,8,0.375
299,3,245.6413,405.6859,377.1686,84.4426,1.000000,8,1
299,4,1016.5660,432.9872,119.0345,30.5473,1.000000,8,0.9375
300,1,688.2903,386.2100,354.6555,73.7647,1.000000,8,1
300,2,264.8428,408.2511,269.5992,53.5887,1.000000,8,0.3125
300,3,246.5494,405.8607,377.2390,84.4638,1.000000,8,1
300,4,1017.6460,433.0025,119.1521,30.5583,1.000000,8,0.9375
301,1,687.6118,386.2098,354.5762,73.7610,1.000000,8,1
301,2,264.5172,408.4331,269.5694,53.5825,1.000000,8,0.125
301,3,247.4598,406.0330,377.3082,84.4846,1.000000,8,1
301,4,1018.7320,433.0140,119.2709,30.5692,1.000000,8,1
302,1,686.9331,386.2173,354.4969,73.7574,1.000000,8,1
302,2,264.1927,408.6147,269.5386,53.5761,1.000000,8,0.0625
302,3,248.3722,406.2064,377.3760,84.5052,1.000000,8,1
302,4,1019.8100,433.0321,119.3898,30.5807,1.000000,8,1
303,1,686.2549,386.2319,354.4166,73.7537,1.000000,8,1
303,2,263.8698,408.7943,269.5066,53.5695,1.000000,8,0.3125
303,3,249.2868,406.3792,377.4428,84.5255,1.000000,8,1
303,4,1020.8900,433.0516,119.5093,30.5924,1.000000,8,1
304,1,685.5773,386.2538,354.3350,73.7498,1.000000,8,1
304,2,263.5486,408.9707,269.4735,53.5627,1.000000,8,0.25
304,3,250.2034,406.5496,377.5082,84.5454,1.000000,8,1
304,4,1021.9770,433.0663,119.6302,30.6040,1.000000,8,1
305,1,684.9001,386.2845,354.2528,73.7457,1.000000,8,1
305,2,263.2289,409.1455,269.4393,53.5555,1.000000,8,0.25
305,3,251.1209,406.7207,377.5732,84.5652,1.000000,8,1
305,4,1023.0590,433.0868,119.7515,30.6163,1.000000,8,1
306,1,684.2236,386.3230,354.1698,73.7416,1.000000,8,1
306,2,262.9106,409.3172,269.4044,53.5482,1.000000,8,0.25
306,3,252.0397,406.8909,377.6375,84.5849,1.000000,8,1
306,4,1024.1420,433.1071,119.8737,30.6286,1.000000,8,1
307,1,683.5477,386.3687,354.0858,73.7375,1.000000,8,1
307,2,262.5939,409.4834,269.3683,53.5407,1.000000,8,0.1875
307,3,252.9598,407.0587,377.7010,84.6043,1.000000,8,1
307,4,1025.2310,433.1254,119.9971,30.6411,1.000000,8,1
308,1,682.8721,386.4239,354.0007,73.7331,1.000000,8,1
308,2,262.2789,409.6466,269.3312,53.5328,1.000000,8,0.375
308,3,253.8802,407.2281,377.7637,84.6236,1.000000,8,1
308,4,1026.3140,433.1511,120.1206,30.6542,1.000000,8,1
309,1,682.1971,386.4866,353.9155,73.7289,1.000000,8,1
309,2,261.9655,409.8055,269.2933,53.5248,1.000000,8,0.3125
309,3,254.8014,407.3969,377.8260,84.6428,1.000000,8,1
309,4,1027.3980,433.1793,120.2449,30.6676,1.000000,8,1
310,1,681.5233,386.5555,353.8300,73.7245,1.000000,8,1
310,2,261.6534,409.9586,269.2546,53.5165,1.000000,8,0.5
310,3,255.7231,407.5623,377.8881,84.6618,1.000000,8,1
310,4,1028.4890,433.2065,120.3705,30.6812,1.000000,8,1
311,1,680.8517,386.6343,353.7432,73.7199,1.000000,8,1
311,2,261.3420,410.1075,269.2152,53.5082,1.000000,8,0.25
311,3,256.6454,407.7271,377.9500,84.6809,1.000000,8,1
311,4,1029.5760,433.2422,120.4957,30.6954,1.000000,8,1
312,1,680.1822,386.7213,353.6550,73.7152,1.000000,8,1
312,2,261.0318,410.2513,269.1752,53.4996,1.000000,8,0.25
312,3,257.5691,407.8898,378.0114,84.6997,1.000000,8,1
312,4,1030.6610,433.2843,120.6216,30.7101,1.000000,8,1
313,1,679.5142,386.8164,353.5659,73.7102,1.000000,8,1
313,2,260.7229,410.3885,269.1346,53.4908,1.000000,8,0.3125
313,3,258.4942,408.0496,378.0722,84.7184,1.000000,8,1
313,4,1031.7510,433.3287,120.7476,30.7251,1.000000,8,1
314,1,678.8479,386.9218,353.4756,73.7051,1.000000,8,1
314,2,260.4154,410.5202,269.0932,53.4819,1.000000,8,0.375
314,3,259.4203,408.2092,378.1327,84.7371,1.000000,8,1
314,4,1032.8390,433.3817,120.8730,30.7405,1.000000,8,1
315,1,678.1826,387.0353,353.3843,73.6999,1.000000,8,1
315,2,260.1085,410.6462,269.0517,53.4728,1.000000,8,0.3125
315,3,260.3476,408.3670,378.1927,84.7555,1.000000,8,1
315,4,1033.9270,433.4415,120.9985,30.7565,1.000000,8,1
316,1,677.5178,387.1557,353.2914,73.6943,1.000000,8,1
316,2,259.8024,410.7660,269.0097,53.4637,1.000000,8,0.125
316,3,261.2762,408.5206,378.2518,84.7737,1.000000,8,1
316,4,1035.0170,433.5076,121.1238,30.7728,1.000000,8,1
317,1,676.8541,387.2860,353.1963,73.6885,1.000000,8,1
317,2,259.4969,410.8805,268.9674,53.4544,1.000000,8,0.25
317,3,262.2061,408.6737,378.3160,84.7917,1.000000,8,1
317,4,1036.1060,433.5811,121.2483,30.7894,1.000000,8,1
318,1,676.1906,387.4242,353.1001,73.6824,1.000000,8,1
318,2,259.1920,410.9892,268.9250,53.4450,1.000000,8,0.1875
318,3,263.1374,408.8244,378.3847,84.8095,1.000000,8,1
318,4,1037.1950,433.6609,121.3724,30.8064,1.000000,8,1
319,1,675.5270,387.5694,353.0020,73.6761,1.000000,8,1
319,2,258.8876,411.0912,268.8824,53.4356,1.000000,8,0.25
319,3,264.0701,408.9699,378.4526,84.8271,1.000000,8,1
319,4,1038.2860,433.7467,121.4961,30.8237,1.000000,8,1
320,1,674.8645,387.7249,352.9011,73.6692,1.000000,8,1
320,2,258.5835,411.1876,268.8394,53.4261,1.000000,8,0.3125
320,3,265.0040,409.1142,378.5195,84.8444,1.000000,8,1
320,4,1039.3750,433.8399,121.6189,30.8413,1.000000,8,1
321,1,674.2022,387.8883,352.7984,73.6621,1.000000,8,1
321,2,258.2794,411.2784,268.7967,53.4165,1.000000,8,0.3125
321,3,265.9391,409.2553,378.5854,84.8614,1.000000,8,1
321,4,1040.4640,433.9390,121.7407,30.8591,1.000000,8,1
322,1,673.5397,388.0583,352.6943,73.6547,1.000000,8,1
322,2,257.9748,411.3630,268.7542,53.4069,1.000000,8,0.3125
322,3,266.8752,409.3908,378.6505,84.8781,1.000000,8,1
322,4,1041.5530,434.0433,121.8616,30.8771,1.000000,8,1
323,1,672.8782,388.2391,352.5879,73.6469,1.000000,8,1
323,2,257.6702,411.4427,268.7119,53.3974,1.000000,8,0.375
323,3,267.8122,409.5238,378.7143,84.8946,1.000000,8,1
323,4,1042.6420,434.1544,121.9822,30.8955,1.000000,8,1
324,1,672.2173,388.4272,352.4785,73.6386,1.000000,8,1
324,2,257.3653,411.5174,268.6698,53.3879,1.000000,8,0.3125
324,3,268.7495,409.6530,378.7774,84.9107,1.000000,8,1
324,4,1043.7290,434.2709,122.1021,30.9141,1.000000,8,1
325,1,671.5564,388.6207,352.3663,73.6297,1.000000,8,1
325,2,257.0594,411.5865,268.6282,53.3784,1.000000,8,0.5
325,3,269.6867,409.7763,378.8400,84.9267,1.000000,8,1
325,4,1044.8140,434.3914,122.2212,30.9328,1.000000,8,1
326,1,670.8969,388.8249,352.2526,73.6206,1.000000,8,1
326,2,256.7522,411.6512,268.5875,53.3691,1.000000,8,0.5625
326,3,270.6243,409.8952,378.9020,84.9424,1.000000,8,1
326,4,1045.8990,434.5161,122.3398,30.9518,1.000000,8,1
327,1,670.2381,389.0357,352.1368,73.6111,1.000000,8,1
327,2,256.4439,411.7114,268.5473,53.3599,1.000000,8,0.3125
327,3,271.5620,410.0087,378.9636,84.9581,1.000000,8,1
327,4,1046.9840,434.6435,122.4586,30.9710,1.000000,8,1
328,1,669.5794,389.2505,352.0191,73.6013,1.000000,8,1
328,2,256.1343,411.7666,268.5081,53.3507,1.000000,8,0.4375
328,3,272.4993,410.1160,379.0254,84.9736,1.000000,8,0.9375
328,4,1048.0730,434.7707,122.5784,30.9902,1.000000,8,1
329,1,668.9224,389.4754,351.8996,73.5912,1.000000,8,1
329,2,255.8229,411.8177,268.4696,53.3418,1.000000,8,0.25
329,3,273.4363,410.2184,379.0866,84.9891,1.000000,8,1
329,4,1049.1630,434.9016,122.6984,31.0098,1.000000,8,1
330,1,668.2661,389.7059,351.7794,73.5809,1.000000,8,1
330,2,255.5095,411.8648,268.4323,53.3331,1.000000,8,0.5
330,3,274.3719,410.3155,379.1487,85.0046,1.000000,8,1
330,4,1050.2550,435.0330,122.8186,31.0295,1.000000,8,1
331,1,667.6102,389.9385,351.6573,73.5702,1.000000,8,1
331,2,255.1942,411.9075,268.3961,53.3245,1.000000,8,0.375
331,3,275.3059,410.4071,379.2113,85.0202,1.000000,8,1
331,4,1051.3600,435.1557,122.9402,31.0487,1.000000,8,1
332,1,666.9567,390.1798,351.5327,73.5591,1.000000,8,1
332,2,254.8769,411.9461,268.3610,53.3161,1.000000,8,0.5
332,3,276.2388,410.4935,379.2739,85.0357,1.000000,8,1
332,4,1052.4570,435.2903,123.0614,31.0687,1.000000,8,1
333,1,666.3042,390.4257,351.4066,73.5478,1.000000,8,1
333,2,254.5571,411.9811,268.3271,53.3080,1.000000,8,0.375
333,3,277.1700,410.5748,379.3371,85.0513,1.000000,8,1
333,4,1053.5540,435.4297,123.1831,31.0893,1.000000,8,1
334,1,665.6522,390.6726,351.2795,73.5361,1.000000,8,1
334,2,254.2343,412.0123,268.2950,53.3002,1.000000,8,0.4375
334,3,278.0984,410.6508,379.4019,85.0673,1.000000,8,1
334,4,1054.6630,435.5610,123.3062,31.1093,1.000000,8,1
335,1,665.0024,390.9261,351.1511,73.5242,1.000000,8,1
335,2,253.9088,412.0396,268.2644,53.2927,1.000000,8,0.375
335,3,279.0248,410.7216,379.4672,85.0833,1.000000,8,1
335,4,1055.7650,435.7050,123.4283,31.1302,1.000000,8,1
336,1,664.3540,391.1823,351.0212,73.5121,1.000000,8,1
336,2,253.5802,412.0632,268.2356,53.2856,1.000000,8,0.5
336,3,279.9492,410.7878,379.5332,85.0994,1.000000,8,0.9375
336,4,1056.8670,435.8528,123.5508,31.1514,1.000000,8,1
337,1,663.7061,391.4385,350.8893,73.4994,1.000000,8,1
337,2,253.2492,412.0832,268.2085,53.2788,1.000000,8,0.4375
337,3,280.8707,410.8493,379.6008,85.1159,1.000000,8,1
337,4,1057.9800,435.9948,123.6738,31.1721,1.000000,8,1
338,1,663.0606,391.7001,350.7559,73.4865,1.000000,8,1
338,2,252.9156,412.0996,268.1828,53.2722,1.000000,8,0.375
338,3,281.7899,410.9040,379.6697,85.1325,1.000000,8,1
338,4,1059.0830,436.1522,123.7955,31.1939,1.000000,8,1
339,1,662.4163,391.9631,350.6215,73.4733,1.000000,8,1
339,2,252.5797,412.1124,268.1590,53.2660,1.000000,8,0.5
339,3,282.7075,410.9533,379.7397,85.1495,1.000000,8,0.9375
339,4,1060.1890,436.3135,123.9171,31.2158,1.000000,8,1
340,1,661.7725,392.2245,350.4857,73.4598,1.000000,8,1
340,2,252.2415,412.1217,268.1364,53.2601,1.000000,8,0.4375
340,3,283.6237,410.9984,379.8113,85.1667,1.000000,8,1
340,4,1061.3060,436.4691,124.0389,31.2371,1.000000,8,1
341,1,661.1310,392.4896,350.3480,73.4460,1.000000,8,1
341,2,251.9003,412.1285,268.1168,53.2547,1.000000,8,0.375
341,3,284.5385,411.0391,379.8844,85.1842,1.000000,8,0.9375
341,4,1062.4110,436.6419,124.1587,31.2595,1.000000,8,1
342,1,660.4907,392.7549,350.2085,73.4317,1.000000,8,1
342,2,251.5565,412.1328,268.0987,53.2497,1.000000,8,0.4375
342,3,285.4515,411.0771,379.9591,85.2022,1.000000,8,0.875
342,4,1063.5170,436.8192,124.2773,31.2818,1.000000,8,1
343,1,659.8505,393.0178,350.0677,73.4171,1.000000,8,1
343,2,251.2103,412.1335,268.0829,53.2450,1.000000,8,0.25
343,3,286.3637,411.1132,380.0347,85.2203,1.000000,8,1
343,4,1064.6320,436.9921,124.3955,31.3035,1.000000,8,1
344,1,659.2117,393.2831,349.9258,73.4022,1.000000,8,1
344,2,250.8617,412.1307,268.0689,53.2408,1.000000,8,0.375
344,3,287.2745,411.1461,380.1110,85.2385,1.000000,8,1
344,4,1065.7360,437.1844,124.5118,31.3264,1.000000,8,1
345,1,658.5725,393.5475,349.7831,73.3872,1.000000,8,1
345,2,250.5106,412.1248,268.0570,53.2369,1.000000,8,0.25
345,3,288.1846,411.1760,380.1879,85.2569,1.000000,8,0.875
345,4,1066.8410,437.3830,124.6272,31.3495,1.000000,8,1
346,1,657.9328,393.8081,349.6382,73.3717,1.000000,8,1
346,2,250.1573,412.1158,268.0464,53.2334,1.000000,8,0.6875
346,3,289.0943,411.2029,380.2655,85.2753,1.000000,8,1
346,4,1067.9550,437.5772,124.7418,31.3719,1.000000,8,1
347,1,657.2930,394.0688,349.4908,73.3557,1.000000,8,1
347,2,249.8009,412.1039,268.0382,53.2302,1.000000,8,0.4375
347,3,290.0034,411.2258,380.3433,85.2938,1.000000,8,1
347,4,1069.0560,437.7905,124.8535,31.3953,1.000000,8,1
348,1,656.6525,394.3268,349.3421,73.3393,1.000000,8,1
348,2,249.4421,412.0894,268.0313,53.2274,1.000000,8,0.625
348,3,290.9119,411.2450,380.4217,85.3124,1.000000,8,1
348,4,1070.1610,438.0044,124.9646,31.4185,1.000000,8,1
349,1,656.0116,394.5793,349.1921,73.3226,1.000000,8,1
349,2,249.0804,412.0721,268.0265,53.2250,1.000000,8,0.375
349,3,291.8201,411.2602,380.5005,85.3311,1.000000,8,1
349,4,1071.2740,438.2126,125.0752,31.4409,1.000000,8,1
350,1,655.3713,394.8315,349.0415,73.3058,1.000000,8,1
350,2,248.7154,412.0526,268.0235,53.2229,1.000000,8,0.5
350,3,292.7280,411.2704,380.5795,85.3497,1.000000,8,0.875
350,4,1072.3700,438.4397,125.1826,31.4643,1.000000,8,1
351,1,654.7318,395.0813,348.8900,73.2887,1.000000,8,1
351,2,248.3482,412.0312,268.0220,53.2211,1.000000,8,0.375
351,3,293.6362,411.2765,380.6584,85.3683,1.000000,8,0.9375
351,4,1073.4700,438.6644,125.2888,31.4872,1.000000,8,1
352,1,654.0931,395.3261,348.7370,73.2713,1.000000,8,1
352,2,247.9786,412.0082,268.0217,53.2196,1.000000,8,0.5
352,3,294.5440,411.2782,380.7377,85.3869,1.000000,8,0.875
352,4,1074.5780,438.8823,125.3942,31.5092,1.000000,8,1
353,1,653.4559,395.5705,348.5839,73.2537,1.000000,8,1
353,2,247.6065,411.9836,268.0231,53.2184,1.000000,8,0.6875
353,3,295.4516,411.2732,380.8173,85.4055,1.000000,8,0.9375
353,4,1075.6690,439.1182,125.4971,31.5322,1.000000,8,1
354,1,652.8198,395.8123,348.4308,73.2362,1.000000,8,1
354,2,247.2328,411.9581,268.0250,53.2174,1.000000,8,0.375
354,3,296.3593,411.2635,380.8969,85.4240,1.000000,8,0.875
354,4,1076.7660,439.3487,125.5995,31.5546,1.000000,8,1
355,1,652.1841,396.0491,348.2780,73.2186,1.000000,8,1
355,2,246.8568,411.9321,268.0286,53.2166,1.000000,8,0.25
355,3,297.2664,411.2500,380.9767,85.4425,1.000000,8,0.9375
355,4,1077.8710,439.5703,125.7017,31.5760,1.000000,8,1
356,1,651.5497,396.2832,348.1251,73.2009,1.000000,8,1
356,2,246.4787,411.9057,268.0330,53.2160,1.000000,8,0.5625
356,3,298.1731,411.2303,381.0560,85.4609,1.000000,8,1
356,4,1078.9580,439.8086,125.8008,31.5984,1.000000,8,1
357,1,650.9158,396.5134,347.9724,73.1832,1.000000,8,1
357,2,246.0995,411.8793,268.0378,53.2155,1.000000,8,0.5
357,3,299.0790,411.2065,381.1352,85.4791,1.000000,8,0.9375
357,4,1080.0510,440.0406,125.9000,31.6201,1.000000,8,1
358,1,650.2820,396.7374,347.8206,73.1657,1.000000,8,1
358,2,245.7189,411.8539,268.0435,53.2152,1.000000,8,0.4375
358,3,299.9836,411.1799,381.2146,85.4974,1.000000,8,0.875
358,4,1081.1520,440.2621,125.9989,31.6408,1.000000,8,1
359,1,649.6492,396.9587,347.6700,73.1484,1.000000,8,1
359,2,245.3377,411.8296,268.0492,53.2149,1.000000,8,0.6875
359,3,300.8869,411.1486,381.2940,85.5156,1.000000,8,0.9375
359,4,1082.2360,440.4994,126.0957,31.6625,1.000000,8,1
360,1,649.0168,397.1757,347.5199,73.1310,1.000000,8,1
360,2,244.9563,411.8066,268.0548,53.2146,1.000000,8,0.625
360,3,301.7893,411.1154,381.3736,85.5339,1.000000,8,0.9375
360,4,1083.3250,440.7301,126.1926,31.6837,1.000000,8,1
361,1,648.3845,397.3857,347.3705,73.1138,1.000000,8,1
361,2,244.5746,411.7852,268.0604,53.2143,1.000000,8,0.625
361,3,302.6905,411.0826,381.4532,85.5521,1.000000,8,0.875
361,4,1084.4220,440.9498,126.2893,31.7037,1.000000,8,1
362,1,647.7523,397.5920,347.2228,73.0968,1.000000,8,1
362,2,244.1938,411.7650,268.0653,53.2139,1.000000,8,0.25
362,3,303.5903,411.0474,381.5335,85.5705,1.000000,8,1
362,4,1085.5030,441.1831,126.3848,31.7249,1.000000,8,1
363,1,647.1203,397.7935,347.0762,73.0801,1.000000,8,1
363,2,243.8138,411.7463,268.0695,53.2133,1.000000,8,0.375
363,3,304.4890,411.0125,381.6144,85.5891,1.000000,8,0.875
363,4,1086.5920,441.4078,126.4807,31.7454,1.000000,8,1
364,1,646.4883,397.9886,346.9312,73.0635,1.000000,8,1
364,2,243.4344,411.7300,268.0732,53.2127,1.000000,8,0.375
364,3,305.3868,410.9804,381.6957,85.6077,1.000000,8,0.8125
364,4,1087.6880,441.6215,126.5770,31.7649,1.000000,8,1
365,1,645.8556,398.1800,346.7877,73.0473,1.000000,8,1
365,2,243.0575,411.7159,268.0754,53.2117,1.000000,8,0.375
365,3,306.2843,410.9495,381.7776,85.6266,1.000000,8,0.9375
365,4,1088.7660,441.8504,126.6721,31.7856,1.000000,8,1
366,1,645.2221,398.3665,346.6459,73.0314,1.000000,8,1
366,2,242.6821,411.7035,268.0768,53.2105,1.000000,8,0.4375
366,3,307.1819,410.9218,381.8602,85.6456,1.000000,8,0.9375
366,4,1089.8520,442.0706,126.7675,31.8057,1.000000,8,1
367,1,644.5878,398.5456,346.5056,73.0157,1.000000,8,1
367,2,242.3080,411.6932,268.0771,53.2092,1.000000,8,0.5
367,3,308.0814,410.8992,381.9423,85.6646,1.000000,8,1
367,4,1090.9460,442.2777,126.8636,31.8248,1.000000,8,1
368,1,643.9525,398.7203,346.3679,73.0006,1.000000,8,1
368,2,241.9371,411.6851,268.0758,53.2076,1.000000,8,0.5625
368,3,308.9831,410.8812,382.0245,85.6837,1.000000,8,1
368,4,1092.0230,442.4985,126.9580,31.8448,1.000000,8,1
369,1,643.3163,398.8898,346.2324,72.9857,1.000000,8,1
369,2,241.5686,411.6787,268.0730,53.2056,1.000000,8,0.25
369,3,309.8865,410.8695,382.1060,85.7027,1.000000,8,0.9375
369,4,1093.1040,442.7126,127.0525,31.8643,1.000000,8,1
370,1,642.6794,399.0527,346.0976,72.9712,1.000000,8,1
370,2,241.2028,411.6742,268.0687,53.2035,1.000000,8,0.3125
370,3,310.7917,410.8645,382.1868,85.7216,1.000000,8,0.875
370,4,1094.1940,442.9133,127.1479,31.8827,1.000000,8,1
371,1,642.0409,399.2122,345.9658,72.9571,1.000000,8,1
371,2,240.8411,411.6713,268.0624,53.2007,1.000000,8,0.75
371,3,311.6993,410.8640,382.2670,85.7404,1.000000,8,0.625
371,4,1095.2670,443.1266,127.2412,31.9020,1.000000,8,1
372,1,641.4016,399.3680,345.8359,72.9434,1.000000,8,1
372,2,240.4826,411.6699,268.0540,53.1977,1.000000,8,0.4375
372,3,312.6094,410.8675,382.3461,85.7590,1.000000,8,1
372,4,1096.3430,443.3335,127.3346,31.9207,1.000000,8,1
373,1,640.7617,399.5182,345.7069,72.9299,1.000000,8,1
373,2,240.1260,411.6702,268.0450,53.1945,1.000000,8,0.5
373,3,313.5221,410.8754,382.4239,85.7773,1.000000,8,1
373,4,1097.4270,443.5269,127.4281,31.9383,1.000000,8,1
374,1,640.1205,399.6647,345.5798,72.9168,1.000000,8,1
374,2,239.7740,411.6719,268.0333,53.1908,1.000000,8,0.5625
374,3,314.4377,410.8863,382.5011,85.7955,1.000000,8,1
374,4,1098.4950,443.7316,127.5200,31.9566,1.000000,8,1
375,1,639.4734,399.8068,345.4597,72.9040,1.000000,8,1
375,2,239.4254,411.6747,268.0198,53.1867,1.000000,8,0.625
375,3,315.3564,410.8997,382.5773,85.8135,1.000000,8,0.625
375,4,1099.5670,443.9274,127.6117,31.9741,1.000000,8,1
376,1,638.8246,399.9431,345.3423,72.8914,1.000000,8,1
376,2,239.0799,411.6786,268.0048,53.1823,1.000000,8,0.375
376,3,316.2780,410.9155,382.6523,85.8312,1.000000,8,0.8125
376,4,1100.6470,444.1086,127.7036,31.9905,1.000000,8,1
377,1,638.1754,400.0760,345.2258,72.8791,1.000000,8,1
377,2,238.7387,411.6832,267.9875,53.1774,1.000000,8,0.375
377,3,317.2033,410.9324,382.7262,85.8487,1.000000,8,0.9375
377,4,1101.7090,444.3024,127.7933,32.0075,1.000000,8,1
378,1,637.5259,400.2051,345.1105,72.8670,1.000000,8,1
378,2,238.4007,411.6888,267.9686,53.1722,1.000000,8,0.625
378,3,318.1321,410.9503,382.7989,85.8658,1.000000,8,0.8125
378,4,1102.7700,444.4917,127.8827,32.0242,1.000000,8,1
379,1,636.8761,400.3305,344.9968,72.8551,1.000000,8,1
379,2,238.0648,411.6956,267.9487,53.1668,1.000000,8,0.8125
379,3,319.0638,410.9691,382.8697,85.8825,1.000000,8,0.8125
379,4,1103.8430,444.6622,127.9728,32.0394,1.000000,8,1
380,1,636.2268,400.4532,344.8849,72.8436,1.000000,8,1
380,2,237.7342,411.7028,267.9260,53.1609,1.000000,8,0.5
380,3,319.9974,410.9902,382.9396,85.8990,1.000000,8,0.875
380,4,1104.9000,444.8412,128.0608,32.0551,1.000000,8,1
381,1,635.5782,400.5731,344.7740,72.8323,1.000000,8,1
381,2,237.4071,411.7104,267.9016,53.1546,1.000000,8,0.5625
381,3,320.9330,411.0127,383.0080,85.9153,1.000000,8,0.8125
381,4,1105.9570,445.0153,128.1489,32.0704,1.000000,8,1
382,1,634.9304,400.6897,344.6644,72.8211,1.000000,8,1
382,2,237.0828,411.7188,267.8756,53.1480,1.000000,8,0.625
382,3,321.8707,411.0351,383.0741,85.9308,1.000000,8,0.875
382,4,1107.0240,445.1730,128.2373,32.0843,1.000000,8,1
383,1,634.2835,400.8046,344.5557,72.8102,1.000000,8,1
383,2,236.7624,411.7277,267.8478,53.1410,1.000000,8,0.5
383,3,322.8107,411.0573,383.1392,85.9462,1.000000,8,0.8125
383,4,1108.0740,445.3383,128.3242,32.0988,1.000000,8,1
384,1,633.6370,400.9168,344.4486,72.7995,1.000000,8,1
384,2,236.4452,411.7369,267.8185,53.1337,1.000000,8,0.5625
384,3,323.7527,411.0794,383.2036,85.9614,1.000000,8,0.875
384,4,1109.1250,445.4958,128.4110,32.1126,1.000000,8,1
385,1,632.9908,401.0241,344.3422,72.7888,1.000000,8,1
385,2,236.1311,411.7469,267.7880,53.1261,1.000000,8,0.5625
385,3,324.6960,411.1021,383.2669,85.9763,1.000000,8,0.875
385,4,1110.1870,445.6323,128.4989,32.1249,1.000000,8,1
386,1,632.3444,401.1295,344.2365,72.7784,1.000000,8,1
386,2,235.8203,411.7581,267.7558,53.1182,1.000000,8,0.5
386,3,325.6417,411.1271,383.3299,85.9912,1.000000,8,0.6875
386,4,1111.2350,445.7747,128.5853,32.1376,1.000000,8,1
387,1,631.6979,401.2323,344.1314,72.7681,1.000000,8,1
387,2,235.5125,411.7697,267.7222,53.1100,1.000000,8,0.5625
387,3,326.5891,411.1548,383.3922,86.0059,1.000000,8,0.9375
387,4,1112.2830,445.9102,128.6720,32.1498,1.000000,8,1
388,1,631.0516,401.3305,344.0274,72.7579,1.000000,8,1
388,2,235.2077,411.7814,267.6874,53.1016,1.000000,8,0.625
388,3,327.5380,411.1850,383.4533,86.0204,1.000000,8,0.6875
388,4,1113.3410,446.0274,128.7600,32.1607,1.000000,8,1
389,1,630.4052,401.4271,343.9235,72.7477,1.000000,8,1
389,2,234.9060,411.7936,267.6510,53.0928,1.000000,8,0.625
389,3,328.4894,411.2178,383.5135,86.0347,1.000000,8,0.8125
389,4,1114.3890,446.1468,128.8474,32.1719,1.000000,8,1
390,1,629.7584,401.5220,343.8201,72.7376,1.000000,8,1
390,2,234.6067,411.8060,267.6136,53.0838,1.000000,8,0.625
390,3,329.4424,411.2546,383.5729,86.0489,1.000000,8,0.75
390,4,1115.4390,446.2562,128.9352,32.1824,1.000000,8,1
391,1,629.1118,401.6140,343.7178,72.7277,1.000000,8,1
391,2,234.3097,411.8188,267.5750,53.0746,1.000000,8,0.6875
391,3,330.3970,411.2967,383.6310,86.0627,1.000000,8,0.6875
391,4,1116.4970,446.3493,129.0243,32.1919,1.000000,8,1
392,1,628.4663,401.7053,343.6157,72.7179,1.000000,8,1
392,2,234.0158,411.8324,267.5350,53.0652,1.000000,8,0.5
392,3,331.3532,411.3440,383.6888,86.0766,1.000000,8,0.875
392,4,1117.5430,446.4449,129.1129,32.2016,1.000000,8,1
393,1,627.8216,401.7965,343.5140,72.7080,1.000000,8,1
393,2,233.7234,411.8468,267.4943,53.0555,1.000000,8,0.5
393,3,332.3106,411.3958,383.7459,86.0904,1.000000,8,0.8125
393,4,1118.5910,446.5319,129.2021,32.2108,1.000000,8,1
394,1,627.1774,401.8865,343.4130,72.6983,1.000000,8,1
394,2,233.4325,411.8616,267.4528,53.0457,1.000000,8,0.625
394,3,333.2690,411.4532,383.8019,86.1039,1.000000,8,0.875
394,4,1119.6510,446.6016,129.2930,32.2189,1.000000,8,1
395,1,626.5344,401.9760,343.3107,72.6883,1.000000,8,1
395,2,233.1437,411.8767,267.4103,53.0357,1.000000,8,0.5625
395,3,334.2285,411.5175,383.8569,86.1174,1.000000,8,0.8125
395,4,1120.7000,446.6715,129.3838,32.2272,1.000000,8,1
396,1,625.8922,402.0644,343.2078,72.6781,1.000000,8,1
396,2,232.8564,411.8919,267.3671,53.0256,1.000000,8,0.6875
396,3,335.1892,411.5853,383.9111,86.1306,1.000000,8,0.8125
396,4,1121.7510,446.7326,129.4753,32.2350,1.000000,8,1
397,1,625.2505,402.1511,343.1046,72.6679,1.000000,8,1
397,2,232.5700,411.9071,267.3239,53.0154,1.000000,8,0.5
397,3,336.1513,411.6559,383.9643,86.1436,1.000000,8,0.75
397,4,1122.8110,446.7775,129.5682,32.2417,1.000000,8,1
398,1,624.6098,402.2381,343.0003,72.6574,1.000000,8,1
398,2,232.2855,411.9231,267.2796,53.0051,1.000000,8,0.375
398,3,337.1154,411.7327,384.0166,86.1565,1.000000,8,0.8125
398,4,1123.8640,446.8221,129.6611,32.2486,1.000000,8,1
399,1,623.9696,402.3247,342.8949,72.6467,1.000000,8,1
399,2,232.0019,411.9398,267.2351,52.9947,1.000000,8,0.6875
399,3,338.0814,411.8124,384.0682,86.1693,1.000000,8,0.8125
399,4,1124.9200,446.8579,129.7549,32.2549,1.000000,8,1
400,1,623.3298,402.4099,342.7886,72.6357,1.000000,8,1
400,2,231.7195,411.9569,267.1903,52.9842,1.000000,8,0.625
400,3,339.0497,411.8923,384.1186,86.1818,1.000000,8,0.875
400,4,1125.9810,446.8822,129.8496,32.2605,1.000000,8,1
401,1,622.6917,402.4946,342.6805,72.6243,1.000000,8,1
401,2,231.4381,411.9745,267.1451,52.9737,1.000000,8,0.6875
401,3,340.0198,411.9771,384.1686,86.1942,1.000000,8,0.75
401,4,1127.0340,446.9069,129.9442,32.2663,1.000000,8,1
402,1,622.0549,402.5784,342.5704,72.6125,1.000000,8,1
402,2,231.1571,411.9928,267.1001,52.9632,1.000000,8,0.875
402,3,340.9915,412.0641,384.2181,86.2065,1.000000,8,0.625
402,4,1128.0930,446.9208,130.0394,32.2713,1.000000,8,1
403,1,621.4192,402.6607,342.4585,72.6002,1.000000,8,1
403,2,230.8765,412.0121,267.0550,52.9527,1.000000,8,0.875
403,3,341.9648,412.1508,384.2668,86.2186,1.000000,8,0.8125
403,4,1129.1560,446.9245,130.1356,32.2756,1.000000,8,1
404,1,620.7847,402.7426,342.3440,72.5874,1.000000,8,1
404,2,230.5970,412.0315,267.0097,52.9422,1.000000,8,0.6875
404,3,342.9399,412.2414,384.3148,86.2307,1.000000,8,0.625
404,4,1130.2140,446.9259,130.2314,32.2799,1.000000,8,1
405,1,620.1511,402.8226,342.2274,72.5741,1.000000,8,1
405,2,230.3181,412.0516,266.9645,52.9317,1.000000,8,0.625
405,3,343.9165,412.3336,384.3624,86.2426,1.000000,8,0.625
405,4,1131.2760,446.9178,130.3281,32.2835,1.000000,8,1
406,1,619.5181,402.9001,342.1082,72.5602,1.000000,8,1
406,2,230.0398,412.0728,266.9193,52.9212,1.000000,8,0.875
406,3,344.8941,412.4254,384.4095,86.2544,1.000000,8,0.75
406,4,1132.3390,446.9045,130.4248,32.2867,1.000000,8,1
407,1,618.8864,402.9755,341.9854,72.5454,1.000000,8,1
407,2,229.7621,412.0948,266.8744,52.9108,1.000000,8,0.8125
407,3,345.8732,412.5204,384.5193,86.2661,1.000000,8,0.9375
407,4,1133.4010,446.8874,130.5214,32.2896,1.000000,8,1
408,1,618.2552,403.0482,341.8596,72.5300,1.000000,8,1
408,2,229.4849,412.1177,266.8295,52.9004,1.000000,8,0.5625
408,3,346.8536,412.6165,384.6581,86.2778,1.000000,8,0.9375
408,4,1134.4630,446.8644,130.6179,32.2921,1.000000,8,1
409,1,617.6245,403.1180,341.7313,72.5140,1.000000,8,1
409,2,229.2082,412.1417,266.7846,52.8901,1.000000,8,0.8125
409,3,347.8353,412.7103,384.7968,86.2893,1.000000,8,0.8125
409,4,1135.5250,446.8383,130.7140,32.2942,1.000000,8,1
410,1,616.9948,403.1835,341.5994,72.4973,1.000000,8,1
410,2,228.9315,412.1663,266.7402,52.8798,1.000000,8,0.6875
410,3,348.8185,412.8058,384.9361,86.3010,1.000000,8,0.875
410,4,1136.5900,446.8028,130.8102,32.2955,1.000000,8,1
411,1,616.3654,403.2453,341.4651,72.4799,1.000000,8,1
411,2,228.6555,412.1917,266.6958,52.8695,1.000000,8,0.8125
411,3,349.8033,412.9005,385.0760,86.3127,1.000000,8,0.75
411,4,1137.6510,446.7661,130.9055,32.2967,1.000000,8,1
412,1,615.7363,403.3037,341.3281,72.4619,1.000000,8,1
412,2,228.3802,412.2177,266.6516,52.8592,1.000000,8,0.75
412,3,350.7900,412.9918,385.2159,86.3243,1.000000,8,0.75
412,4,1138.7080,446.7302,131.0000,32.2978,1.000000,8,1
413,1,615.1075,403.3557,341.1878,72.4431,1.000000,8,1
413,2,228.1053,412.2444,266.6073,52.8490,1.000000,8,0.8125
413,3,351.7792,413.0858,385.3561,86.3360,1.000000,8,0.75
413,4,1139.7730,446.6828,131.0946,32.2978,1.000000,8,1
414,1,614.4794,403.4025,341.0446,72.4237,1.000000,8,1
414,2,227.8302,412.2717,266.5637,52.8389,1.000000,8,0.8125
414,3,352.7705,413.1795,385.4960,86.3475,1.000000,8,0.75
414,4,1140.8340,446.6347,131.1880,32.2976,1.000000,8,1
415,1,613.8527,403.4439,340.8995,72.4037,1.000000,8,1
415,2,227.5555,412.2998,266.5199,52.8288,1.000000,8,0.75
415,3,353.7650,413.2704,385.6353,86.3589,1.000000,8,0.9375
415,4,1141.8870,446.5889,131.2803,32.2974,1.000000,8,1
416,1,613.2274,403.4789,340.7521,72.3832,1.000000,8,1
416,2,227.2816,412.3284,266.4762,52.8187,1.000000,8,0.625
416,3,354.7628,413.3638,385.7734,86.3699,1.000000,8,0.6875
416,4,1142.9490,446.5317,131.3722,32.2962,1.000000,8,1
417,1,612.6035,403.5083,340.6030,72.3622,1.000000,8,1
417,2,227.0078,412.3573,266.4326,52.8087,1.000000,8,0.5
417,3,355.7635,413.4559,385.9105,86.3806,1.000000,8,0.6875
417,4,1144.0070,446.4749,131.4635,32.2948,1.000000,8,1
418,1,611.9813,403.5310,340.4518,72.3407,1.000000,8,1
418,2,226.7345,412.3868,266.3888,52.7986,1.000000,8,0.8125
418,3,356.7672,413.5430,386.0465,86.3909,1.000000,8,0.8125
418,4,1145.0590,446.4214,131.5535,32.2935,1.000000,8,1
419,1,611.3596,403.5457,340.2983,72.3186,1.000000,8,1
419,2,226.4615,412.4163,266.3452,52.7885,1.000000,8,0.875
419,3,357.7751,413.6299,386.1805,86.4007,1.000000,8,0.75
419,4,1146.1220,446.3538,131.6439,32.2911,1.000000,8,1
420,1,610.7381,403.5530,340.1427,72.2959,1.000000,8,1
420,2,226.1891,412.4459,266.3012,52.7784,1.000000,8,0.75
420,3,358.7860,413.7133,386.3129,86.4100,1.000000,8,0.75
420,4,1147.1790,446.2895,131.7332,32.2887,1.000000,8,1
421,1,610.1166,403.5542,339.9853,72.2728,1.000000,8,1
421,2,225.9171,412.4758,266.2570,52.7682,1.000000,8,0.75
421,3,359.7997,413.7901,386.4440,86.4189,1.000000,8,0.8125
421,4,1148.2300,446.2297,131.8220,32.2866,1.000000,8,1
422,1,609.4951,403.5464,339.8256,72.2492,1.000000,8,1
422,2,225.6443,412.5049,266.2127,52.7580,1.000000,8,0.625
422,3,360.8166,413.8640,386.5730,86.4272,1.000000,8,0.6875
422,4,1149.2970,446.1536,131.9115,32.2832,1.000000,8,1
423,1,608.8733,403.5314,339.6641,72.2250,1.000000,8,1
423,2,225.3712,412.5332,266.1681,52.7477,1.000000,8,0.8125
423,3,361.8362,413.9317,386.7006,86.4350,1.000000,8,0.625
423,4,1150.3570,446.0847,132.0002,32.2802,1.000000,8,1
424,1,608.2512,403.5092,339.5012,72.2005,1.000000,8,1
424,2,225.0980,412.5607,266.1231,52.7374,1.000000,8,0.625
424,3,362.8587,413.9904,386.8269,86.4424,1.000000,8,0.625
424,4,1151.4110,446.0225,132.0887,32.2779,1.000000,8,1
425,1,607.6283,403.4788,339.3362,72.1754,1.000000,8,1
425,2,224.8246,412.5870,266.0780,52.7269,1.000000,8,0.5625
425,3,363.8841,414.0437,386.9508,86.4491,1.000000,8,0.6875
425,4,1152.4840,445.9421,132.1792,32.2742,1.000000,8,1
426,1,607.0051,403.4417,339.1694,72.1499,1.000000,8,1
426,2,224.5510,412.6119,266.0330,52.7165,1.000000,8,0.625
426,3,364.9120,414.0894,387.0730,86.4553,1.000000,8,0.6875
426,4,1153.5510,445.8672,132.2688,32.2710,1.000000,8,1
427,1,606.3814,403.3963,339.0010,72.1240,1.000000,8,1
427,2,224.2772,412.6346,265.9881,52.7062,1.000000,8,0.5
427,3,365.9421,414.1242,387.1943,86.4611,1.000000,8,0.6875
427,4,1154.6120,445.7989,132.3588,32.2684,1.000000,8,1
428,1,605.7565,403.3418,338.8306,72.0975,1.000000,8,1
428,2,224.0036,412.6548,265.9431,52.6958,1.000000,8,0.8125
428,3,366.9745,414.1501,387.3141,86.4664,1.000000,8,0.5
428,4,1155.6940,445.7103,132.4508,32.2643,1.000000,8,1
429,1,605.1315,403.2806,338.6581,72.0706,1.000000,8,1
429,2,223.7298,412.6728,265.8985,52.6854,1.000000,8,0.8125
429,3,368.0089,414.1660,387.4329,86.4713,1.000000,8,0.625
429,4,1156.7690,445.6287,132.5427,32.2609,1.000000,8,1
430,1,604.5062,403.2130,338.4846,72.0434,1.000000,8,1
430,2,223.4552,412.6881,265.8543,52.6751,1.000000,8,0.8125
430,3,369.0451,414.1706,387.5507,86.4758,1.000000,8,0.4375
430,4,1157.8390,445.5529,132.6350,32.2581,1.000000,8,1
431,1,603.8806,403.1370,338.3094,72.0157,1.000000,8,1
431,2,223.1794,412.7004,265.8108,52.6649,1.000000,8,0.75
431,3,370.0832,414.1655,387.6665,86.4797,1.000000,8,0.8125
431,4,1158.9330,445.4539,132.7299,32.2538,1.000000,8,1
432,1,603.2551,403.0542,338.1332,71.9876,1.000000,8,1
432,2,222.9027,412.7094,265.7680,52.6549,1.000000,8,0.5625
432,3,371.1225,414.1501,387.7813,86.4832,1.000000,8,0.5
432,4,1160.0160,445.3640,132.8240,32.2501,1.000000,8,1
433,1,602.6304,402.9656,337.9563,71.9594,1.000000,8,1
433,2,222.6252,412.7144,265.7256,52.6449,1.000000,8,0.875
433,3,372.1627,414.1232,387.8956,86.4865,1.000000,8,0.5625
433,4,1161.0910,445.2813,132.9185,32.2472,1.000000,8,1
434,1,602.0054,402.8695,337.7789,71.9310,1.000000,8,1
434,2,222.3463,412.7149,265.6838,52.6350,1.000000,8,0.8125
434,3,373.2032,414.0858,388.0085,86.4892,1.000000,8,0.6875
434,4,1162.1940,445.1719,133.0159,32.2426,1.000000,8,1
435,1,601.3810,402.7674,337.6009,71.9024,1.000000,8,1
435,2,222.0664,412.7112,265.6426,52.6252,1.000000,8,1
435,3,374.2439,414.0386,388.1208,86.4918,1.000000,8,0.6875
435,4,1163.2870,445.0707,133.1132,32.2386,1.000000,8,1
436,1,600.7580,402.6600,337.4232,71.8738,1.000000,8,1
436,2,221.7844,412.7035,265.6026,52.6156,1.000000,8,0.8125
436,3,375.2846,413.9825,388.2332,86.4942,1.000000,8,0.75
436,4,1164.3720,444.9793,133.2109,32.2356,1.000000,8,1
437,1,600.1355,402.5465,337.2452,71.8450,1.000000,8,1
437,2,221.5018,412.6906,265.5627,52.6060,1.000000,8,0.8125
437,3,376.3257,413.9159,388.3437,86.4961,1.000000,8,0.75
437,4,1165.4840,444.8609,133.3112,32.2308,1.000000,8,1
438,1,599.5135,402.4280,337.0673,71.8161,1.000000,8,1
438,2,221.2182,412.6730,265.5234,52.5965,1.000000,8,0.75
438,3,377.3667,413.8401,388.4539,86.4978,1.000000,8,0.5625
438,4,1166.5840,444.7524,133.4110,32.2268,1.000000,8,1
439,1,598.8923,402.3043,336.8900,71.7874,1.000000,8,1
439,2,220.9332,412.6506,265.4849,52.5871,1.000000,8,0.5625
439,3,378.4073,413.7563,388.5645,86.4994,1.000000,8,0.625
439,4,1167.6750,444.6541,133.5111,32.2237,1.000000,8,1
440,1,598.2720,402.1734,336.7137,71.7587,1.000000,8,1
440,2,220.6476,412.6223,265.4467,52.5777,1.000000,8,0.9375
440,3,379.4473,413.6623,388.6743,86.5008,1.000000,8,0.6875
440,4,1168.7970,444.5267,133.6143,32.2187,1.000000,8,1
441,1,597.6525,402.0384,336.5384,71.7302,1.000000,8,1
441,2,220.3610,412.5891,265.4091,52.5685,1.000000,8,0.8125
441,3,380.4868,413.5606,388.7845,86.5022,1.000000,8,0.5625
441,4,1169.9060,444.4115,133.7168,32.2146,1.000000,8,1
442,1,597.0339,401.9002,336.3646,71.7020,1.000000,8,1
442,2,220.0739,412.5514,265.3718,52.5592,1.000000,8,0.75
442,3,381.5262,413.4532,388.8952,86.5036,1.000000,8,0.625
442,4,1171.0050,444.3081,133.8195,32.2116,1.000000,8,1
443,1,596.4154,401.7546,336.1913,71.6738,1.000000,8,1
443,2,219.7860,412.5074,265.3347,52.5499,1.000000,8,0.75
443,3,382.5654,413.3362,389.0057,86.5049,1.000000,8,0.75
443,4,1172.1310,444.1808,133.9247,32.2070,1.000000,8,1
444,1,595.7971,401.6036,336.0193,71.6458,1.000000,8,1
444,2,219.4978,412.4582,265.2978,52.5407,1.000000,8,0.75
444,3,383.6044,413.2123,389.1166,86.5062,1.000000,8,0.5625
444,4,1173.2450,444.0650,134.0293,32.2033,1.000000,8,1
445,1,595.1791,401.4498,335.8495,71.6182,1.000000,8,1
445,2,219.2097,412.4043,265.2610,52.5314,1.000000,8,0.875
445,3,384.6440,413.0840,389.2278,86.5075,1.000000,8,0.5
445,4,1174.3500,443.9601,134.1334,32.2004,1.000000,8,1
446,1,594.5611,401.2907,335.6824,71.5911,1.000000,8,1
446,2,218.9215,412.3441,265.2241,52.5221,1.000000,8,0.9375
446,3,385.6841,412.9471,389.3392,86.5087,1.000000,8,0.6875
446,4,1175.4820,443.8289,134.2404,32.1958,1.000000,8,1
447,1,593.9438,401.1279,335.5173,71.5644,1.000000,8,1
447,2,218.6328,412.2791,265.1876,52.5128,1.000000,8,0.75
447,3,386.7243,412.8042,389.4516,86.5100,1.000000,8,0.375
447,4,1176.6020,443.7103,134.3463,32.1921,1.000000,8,1
448,1,593.3281,400.9638,335.3533,71.5379,1.000000,8,1
448,2,218.3444,412.2098,265.1510,52.5035,1.000000,8,0.875
448,3,387.7648,412.6577,389.5642,86.5113,1.000000,8,0.5
448,4,1177.7100,443.6036,134.4519,32.1893,1.000000,8,1
449,1,592.7124,400.7935,335.1920,71.5119,1.000000,8,1
449,2,218.0561,412.1346,265.1143,52.4940,1.000000,8,0.75
449,3,388.8055,412.5035,389.6757,86.5123,1.000000,8,0.625
449,4,1178.8450,443.4703,134.5597,32.1846,1.000000,8,1
450,1,592.0977,400.6199,335.0323,71.4862,1.000000,8,1
450,2,217.7682,412.0552,265.0773,52.4845,1.000000,8,0.75
450,3,389.8455,412.3436,389.7879,86.5134,1.000000,8,0.625
450,4,1179.9670,443.3470,134.6664,32.1806,1.000000,8,1
451,1,591.4845,400.4453,334.8745,71.4609,1.000000,8,1
451,2,217.4802,411.9725,265.0408,52.4751,1.000000,8,0.875
451,3,390.8842,412.1794,389.9016,86.5148,1.000000,8,0.75
451,4,1181.0790,443.2343,134.7726,32.1775,1.000000,8,1
452,1,590.8719,400.2647,334.7191,71.4360,1.000000,8,1
452,2,217.1916,411.8843,265.0044,52.4656,1.000000,8,0.9375
452,3,391.9223,412.0056,390.0158,86.5162,1.000000,8,0.6875
452,4,1182.2160,443.0949,134.8813,32.1725,1.000000,8,1
453,1,590.2606,400.0811,334.5659,71.4115,1.000000,8,1
453,2,216.9030,411.7922,264.9681,52.4562,1.000000,8,0.9375
453,3,392.9595,411.8249,390.1310,86.5177,1.000000,8,0.75
453,4,1183.3380,442.9658,134.9886,32.1682,1.000000,8,1
454,1,589.6506,399.8965,334.4152,71.3875,1.000000,8,1
454,2,216.6149,411.6972,264.9318,52.4467,1.000000,8,0.9375
454,3,393.9967,411.6393,390.2465,86.5193,1.000000,8,0.5625
454,4,1184.4500,442.8465,135.0957,32.1648,1.000000,8,1
455,1,589.0415,399.7063,334.2673,71.3640,1.000000,8,1
455,2,216.3261,411.5974,264.8958,52.4373,1.000000,8,0.875
455,3,395.0330,411.4427,390.3632,86.5210,1.000000,8,0.625
455,4,1185.5880,442.6974,135.2050,32.1591,1.000000,8,1
456,1,588.4339,399.5131,334.1210,71.3408,1.000000,8,1
456,2,216.0367,411.4944,264.8602,52.4279,1.000000,8,0.75
456,3,396.0687,411.2385,390.4810,86.5228,1.000000,8,0.625
456,4,1186.7100,442.5580,135.3132,32.1542,1.000000,8,1
457,1,587.8275,399.3185,333.9771,71.3180,1.000000,8,1
457,2,215.7470,411.3893,264.8248,52.4185,1.000000,8,0.6875
457,3,397.1034,411.0294,390.6001,86.5249,1.000000,8,0.5625
457,4,1187.8200,442.4283,135.4205,32.1501,1.000000,8,1
458,1,587.2216,399.1180,333.8350,71.2956,1.000000,8,1
458,2,215.4558,411.2797,264.7903,52.4093,1.000000,8,0.8125
458,3,398.1370,410.8096,390.7207,86.5272,1.000000,8,0.8125
458,4,1188.9540,442.2685,135.5302,32.1437,1.000000,8,1
459,1,586.6167,398.9149,333.6943,71.2735,1.000000,8,1
459,2,215.1638,411.1677,264.7564,52.4002,1.000000,8,0.875
459,3,399.1689,410.5826,390.8432,86.5299,1.000000,8,0.625
459,4,1190.0740,442.1166,135.6384,32.1379,1.000000,8,1
460,1,586.0126,398.7116,333.5556,71.2517,1.000000,8,1
460,2,214.8716,411.0546,264.7227,52.3911,1.000000,8,0.6875
460,3,400.1984,410.3519,390.9686,86.5332,1.000000,8,0.5
460,4,1191.1810,441.9747,135.7466,32.1331,1.000000,8,1
461,1,585.4087,398.5024,333.4188,71.2302,1.000000,8,1
461,2,214.5782,410.9378,264.6895,52.3822,1.000000,8,0.75
461,3,401.2262,410.1105,391.0957,86.5368,1.000000,8,0.4375
461,4,1192.3110,441.8023,135.8567,32.1259,1.000000,8,1
462,1,584.8052,398.2907,333.2831,71.2090,1.000000,8,1
462,2,214.2838,410.8191,264.6573,52.3734,1.000000,8,0.875
462,3,402.2520,409.8626,391.2246,86.5407,1.000000,8,0.625
462,4,1193.4270,441.6364,135.9661,32.1193,1.000000,8,1
463,1,584.2021,398.0787,333.1491,71.1881,1.000000,8,1
463,2,213.9888,410.7000,264.6255,52.3647,1.000000,8,0.875
463,3,403.2751,409.6119,391.3559,86.5452,1.000000,8,0.625
463,4,1194.5290,441.4807,136.0745,32.1135,1.000000,8,1
464,1,583.5981,397.8613,333.0176,71.1678,1.000000,8,1
464,2,213.6927,410.5779,264.5945,52.3561,1.000000,8,0.875
464,3,404.2944,409.3526,391.4898,86.5503,1.000000,8,0.625
464,4,1195.6540,441.2965,136.1847,32.1056,1.000000,8,1
465,1,582.9937,397.6417,332.8879,71.1478,1.000000,8,1
465,2,213.3952,410.4548,264.5642,52.3477,1.000000,8,0.9375
465,3,405.3096,409.0883,391.6268,86.5560,1.000000,8,0.625
465,4,1196.7630,441.1217,136.2937,32.0984,1.000000,8,1
466,1,582.3895,397.4221,332.7577,71.1276,1.000000,8,1
466,2,213.0961,410.3319,264.5348,52.3395,1.000000,8,0.9375
466,3,406.3215,408.8225,391.7662,86.5623,1.000000,8,0.5
466,4,1197.8610,440.9590,136.4025,32.0921,1.000000,8,1
467,1,581.7841,397.1971,332.6287,71.1077,1.000000,8,1
467,2,212.7968,410.2068,264.5058,52.3313,1.000000,8,0.8125
467,3,407.3305,408.5478,391.9081,86.5691,1.000000,8,0.5625
467,4,1198.9810,440.7716,136.5132,32.0841,1.000000,8,1
468,1,581.1775,396.9702,332.5014,71.0881,1.000000,8,1
468,2,212.4968,410.0816,264.4776,52.3233,1.000000,8,1
468,3,408.3368,408.2691,392.0526,86.5765,1.000000,8,0.6875
468,4,1200.0870,440.5944,136.6226,32.0768,1.000000,8,1
469,1,580.5698,396.7442,332.3751,71.0688,1.000000,8,1
469,2,212.1947,409.9572,264.4504,52.3155,1.000000,8,1
469,3,409.3398,407.9906,392.1999,86.5846,1.000000,8,0.4375
469,4,1201.1830,440.4305,136.7313,32.0705,1.000000,8,1
470,1,579.9593,396.5120,332.2505,71.0498,1.000000,8,1
470,2,211.8919,409.8312,264.4237,52.3078,1.000000,8,0.875
470,3,410.3397,407.7058,392.3504,86.5934,1.000000,8,0.6875
470,4,1202.2980,440.2464,136.8416,32.0626,1.000000,8,1
471,1,579.3476,396.2777,332.1263,71.0310,1.000000,8,1
471,2,211.5885,409.7052,264.3973,52.3002,1.000000,8,1
471,3,411.3369,407.4196,392.5040,86.6028,1.000000,8,0.5625
471,4,1203.4020,440.0745,136.9507,32.0556,1.000000,8,1
472,1,578.7355,396.0442,332.0024,71.0121,1.000000,8,1
472,2,211.2835,409.5808,264.3721,52.2928,1.000000,8,0.875
472,3,412.3316,407.1371,392.6603,86.6129,1.000000,8,0.75
472,4,1204.4950,439.9162,137.0587,32.0496,1.000000,8,1
473,1,578.1218,395.8055,331.8807,70.9937,1.000000,8,1
473,2,210.9771,409.4561,264.3477,52.2856,1.000000,8,1
473,3,413.3233,406.8510,392.8199,86.6238,1.000000,8,0.375
473,4,1205.6080,439.7397,137.1681,32.0422,1.000000,8,1
474,1,577.5071,395.5649,331.7612,70.9758,1.000000,8,1
474,2,210.6691,409.3319,264.3241,52.2786,1.000000,8,0.8125
474,3,414.3123,406.5655,392.9826,86.6355,1.000000,8,0.625
474,4,1206.7090,439.5765,137.2762,32.0356,1.000000,8,1
475,1,576.8920,395.3248,331.6428,70.9581,1.000000,8,1
475,2,210.3585,409.2093,264.3020,52.2719,1.000000,8,1
475,3,415.2985,406.2848,393.1484,86.6479,1.000000,8,0.5
475,4,1207.8020,439.4271,137.3839,32.0301,1.000000,8,1
476,1,576.2749,395.0799,331.5263,70.9408,1.000000,8,1
476,2,210.0467,409.0867,264.2806,52.2653,1.000000,8,0.9375
476,3,416.2823,406.0025,393.3173,86.6611,1.000000,8,0.6875
476,4,1208.9150,439.2605,137.4930,32.0233,1.000000,8,1
477,1,575.6570,394.8332,331.4109,70.9238,1.000000,8,1
477,2,209.7342,408.9651,264.2594,52.2588,1.000000,8,1
477,3,417.2637,405.7224,393.4891,86.6749,1.000000,8,0.4375
477,4,1210.0170,439.1066,137.6006,32.0173,1.000000,8,1
478,1,575.0387,394.5870,331.2966,70.9070,1.000000,8,1
478,2,209.4202,408.8456,264.2391,52.2525,1.000000,8,1
478,3,418.2431,405.4484,393.6631,86.6893,1.000000,8,0.75
478,4,1211.1080,438.9653,137.7074,32.0122,1.000000,8,1
479,1,574.4182,394.3356,331.1845,70.8906,1.000000,8,1
479,2,209.1034,408.7265,264.2199,52.2464,1.000000,8,1
479,3,419.2206,405.1738,393.8398,86.7044,1.000000,8,0.5625
479,4,1212.2250,438.8014,137.8160,32.0054,1.000000,8,1
480,1,573.7966,394.0819,331.0734,70.8745,1.000000,8,1
480,2,208.7843,408.6085,264.2018,52.2406,1.000000,8,1
480,3,420.1964,404.9018,394.0190,86.7200,1.000000,8,0.5625
480,4,1213.3300,438.6482,137.9237,31.9994,1.000000,8,1
481,1,573.1739,393.8286,330.9645,70.8588,1.000000,8,1
481,2,208.4624,408.4924,264.1849,52.2350,1.000000,8,0.9375
481,3,421.1711,404.6364,394.1997,86.7361,1.000000,8,0.5
481,4,1214.4250,438.5069,138.0303,31.9942,1.000000,8,1
482,1,572.5493,393.5704,330.8575,70.8435,1.000000,8,1
482,2,208.1381,408.3767,264.1691,52.2296,1.000000,8,0.9375
482,3,422.1454,404.3707,394.3826,86.7527,1.000000,8,0.5625
482,4,1215.5460,438.3412,138.1400,31.9874,1.000000,8,1
483,1,571.9238,393.3106,330.7516,70.8284,1.000000,8,1
483,2,207.8112,408.2620,264.1547,52.2246,1.000000,8,0.9375
483,3,423.1189,404.1075,394.5680,86.7698,1.000000,8,0.5
483,4,1216.6560,438.1856,138.2494,31.9814,1.000000,8,1
484,1,571.2972,393.0514,330.6482,70.8139,1.000000,8,1
484,2,207.4817,408.1493,264.1415,52.2198,1.000000,8,1
484,3,424.0912,403.8500,394.7560,86.7876,1.000000,8,0.6875
484,4,1217.7580,438.0396,138.3584,31.9763,1.000000,8,1
485,1,570.6689,392.7880,330.5465,70.7997,1.000000,8,1
485,2,207.1500,408.0370,264.1295,52.2152,1.000000,8,0.875
485,3,425.0633,403.5921,394.9461,86.8059,1.000000,8,0.5625
485,4,1218.8900,437.8637,138.4708,31.9691,1.000000,8,1
486,1,570.0398,392.5234,330.4464,70.7860,1.000000,8,1
486,2,206.8161,407.9255,264.1184,52.2109,1.000000,8,0.9375
486,3,426.0348,403.3367,395.1382,86.8246,1.000000,8,0.375
486,4,1220.0090,437.6975,138.5829,31.9628,1.000000,8,1
487,1,569.4100,392.2603,330.3483,70.7726,1.000000,8,1
487,2,206.4801,407.8157,264.1083,52.2068,1.000000,8,1
487,3,427.0049,403.0865,395.3324,86.8438,1.000000,8,0.25
487,4,1221.1190,437.5413,138.6956,31.9575,1.000000,8,1
488,1,568.7788,391.9937,330.2524,70.7597,1.000000,8,1
488,2,206.1399,407.7064,264.1003,52.2030,1.000000,8,1
488,3,427.9741,402.8351,395.5286,86.8636,1.000000,8,0.625
488,4,1222.2580,437.3541,138.8113,31.9500,1.000000,8,1
489,1,568.1471,391.7264,330.1581,70.7471,1.000000,8,1
489,2,205.7962,407.5981,264.0939,52.1997,1.000000,8,1
489,3,428.9415,402.5852,395.7276,86.8839,1.000000,8,0.375
489,4,1223.3840,437.1747,138.9265,31.9433,1.000000,8,1
490,1,567.5150,391.4612,330.0657,70.7350,1.000000,8,1
490,2,205.4502,407.4915,264.0887,52.1966,1.000000,8,1
490,3,429.9063,402.3399,395.9297,86.9051,1.000000,8,0.625
490,4,1224.5010,437.0032,139.0422,31.9374,1.000000,8,1
491,1,566.8818,391.1932,329.9749,70.7232,1.000000,8,1
491,2,205.1008,407.3856,264.0853,52.1939,1.000000,8,1
491,3,430.8696,402.0931,396.1343,86.9268,1.000000,8,0.4375
491,4,1225.6480,436.7991,139.1616,31.9293,1.000000,8,1
492,1,566.2483,390.9253,329.8857,70.7118,1.000000,8,1
492,2,204.7483,407.2810,264.0830,52.1914,1.000000,8,1
492,3,431.8303,401.8478,396.3418,86.9491,1.000000,8,0.5625
492,4,1226.7830,436.6019,139.2813,31.9220,1.000000,8,1
493,1,565.6149,390.6602,329.7977,70.7006,1.000000,8,1
493,2,204.3931,407.1781,264.0822,52.1892,1.000000,8,1
493,3,432.7866,401.6075,396.5542,86.9727,1.000000,8,0.5
493,4,1227.9080,436.4117,139.4008,31.9155,1.000000,8,1
494,1,564.9808,390.3938,329.7115,70.6898,1.000000,8,1
494,2,204.0354,407.0756,264.0822,52.1872,1.000000,8,1
494,3,433.7401,401.3667,396.7696,86.9970,1.000000,8,0.3125
494,4,1229.0630,436.1877,139.5242,31.9066,1.000000,8,1
495,1,564.3464,390.1286,329.6271,70.6794,1.000000,8,1
495,2,203.6743,406.9741,264.0840,52.1856,1.000000,8,1
495,3,434.6904,401.1284,396.9886,87.0222,1.000000,8,0.625
495,4,1230.2040,435.9713,139.6473,31.8984,1.000000,8,1
496,1,563.7119,389.8673,329.5436,70.6693,1.000000,8,1
496,2,203.3095,406.8746,264.0874,52.1843,1.000000,8,1
496,3,435.6370,400.8958,397.2118,87.0484,1.000000,8,0.5625
496,4,1231.3360,435.7632,139.7706,31.8912,1.000000,8,1
497,1,563.0763,389.6049,329.4608,70.6592,1.000000,8,1
497,2,202.9420,406.7759,264.0919,52.1833,1.000000,8,0.875
497,3,436.5804,400.6631,397.4398,87.0757,1.000000,8,0.4375
497,4,1232.4990,435.5237,139.8983,31.8819,1.000000,8,1
498,1,562.4401,389.3442,329.3790,70.6495,1.000000,8,1
498,2,202.5723,406.6785,264.0975,52.1825,1.000000,8,1
498,3,437.5204,400.4351,397.6724,87.1042,1.000000,8,0.3125
498,4,1233.6490,435.2939,140.0256,31.8736,1.000000,8,1
499,1,561.8031,389.0881,329.2986,70.6401,1.000000,8,1
499,2,202.1999,406.5827,264.1043,52.1819,1.000000,8,1
499,3,438.4557,400.2170,397.9103,87.1340,1.000000,8,0.3125
499,4,1234.7900,435.0739,140.1536,31.8661,1.000000,8,1
500,1,561.1649,388.8316,329.2194,70.6310,1.000000,8,1
500,2,201.8248,406.4879,264.1121,52.1816,1.000000,8,1
500,3,439.3862,400.0046,398.1534,87.1651,1.000000,8,0.5
500,4,1235.9600,434.8266,140.2844,31.8569,1.000000,8,1
501,1,560.5261,388.5779,329.1407,70.6220,1.000000,8,1
501,2,201.4473,406.3944,264.1207,52.1815,1.000000,8,1
501,3,440.3124,399.8010,398.4011,87.1974,1.000000,8,0.4375
501,4,1237.1180,434.5894,140.4153,31.8485,1.000000,8,1
502,1,559.8875,388.3294,329.0620,70.6131,1.000000,8,1
502,2,201.0677,406.3026,264.1305,52.1815,1.000000,8,1
502,3,441.2343,399.6094,398.6534,87.2310,1.000000,8,0.3125
502,4,1238.2680,434.3633,140.5466,31.8412,1.000000,8,1
503,1,559.2485,388.0814,328.9826,70.6040,1.000000,8,1
503,2,200.6860,406.2119,264.1409,52.1818,1.000000,8,1
503,3,442.1530,399.4269,398.9096,87.2655,1.000000,8,0.3125
503,4,1239.4440,434.1153,140.6807,31.8324,1.000000,8,1
504,1,558.6091,387.8358,328.9034,70.5950,1.000000,8,1
504,2,200.3018,406.1225,264.1525,52.1822,1.000000,8,1
504,3,443.0690,399.2555,399.1695,87.3010,1.000000,8,0.625
504,4,1240.6110,433.8767,140.8146,31.8244,1.000000,8,1
505,1,557.9691,387.5952,328.8258,70.5865,1.000000,8,1
505,2,199.9155,406.0352,264.1648,52.1829,1.000000,8,1
505,3,443.9827,399.0978,399.4324,87.3374,1.000000,8,0.6875
505,4,1241.7710,433.6490,140.9487,31.8174,1.000000,8,1
506,1,557.3289,387.3551,328.7485,70.5779,1.000000,8,1
506,2,199.5278,405.9499,264.1770,52.1836,1.000000,8,1
506,3,444.8955,398.9521,399.6965,87.3742,1.000000,8,0.5
506,4,1242.9560,433.4012,141.0856,31.8091,1.000000,8,1
507,1,556.6885,387.1176,328.6719,70.5696,1.000000,8,1
507,2,199.1380,405.8665,264.1899,52.1843,1.000000,8,1
507,3,445.8072,398.8180,399.9621,87.4115,1.000000,8,0.625
507,4,1244.1320,433.1638,141.2225,31.8016,1.000000,8,1
508,1,556.0485,386.8851,328.5958,70.5614,1.000000,8,1
508,2,198.7465,405.7849,264.2030,52.1851,1.000000,8,1
508,3,446.7185,398.6965,400.2292,87.4493,1.000000,8,0.3125
508,4,1245.3010,432.9376,141.3594,31.7951,1.000000,8,1
509,1,555.4084,386.6542,328.5204,70.5533,1.000000,8,1
509,2,198.3541,405.7050,264.2160,52.1860,1.000000,8,1
509,3,447.6303,398.5847,400.4971,87.4873,1.000000,8,0.375
509,4,1246.4960,432.6920,141.4998,31.7874,1.000000,8,1
510,1,554.7683,386.4259,328.4452,70.5454,1.000000,8,1
510,2,197.9607,405.6266,264.2292,52.1868,1.000000,8,1
510,3,448.5425,398.4822,400.7656,87.5256,1.000000,8,0.4375
510,4,1247.6850,432.4554,141.6404,31.7805,1.000000,8,1
511,1,554.1282,386.2016,328.3702,70.5375,1.000000,8,1
511,2,197.5667,405.5501,264.2422,52.1877,1.000000,8,1
511,3,449.4555,398.3903,401.0345,87.5641,1.000000,8,0.3125
511,4,1248.8700,432.2293,141.7819,31.7747,1.000000,8,1
512,1,553.4879,385.9774,328.2959,70.5298,1.000000,8,1
512,2,197.1729,405.4756,264.2547,52.1885,1.000000,8,1
512,3,450.3692,398.3049,401.3034,87.6025,1.000000,8,0.4375
512,4,1250.0790,431.9868,141.9268,31.7679,1.000000,8,1
513,1,552.8474,385.7553,328.2227,70.5223,1.000000,8,1
513,2,196.7797,405.4025,264.2666,52.1891,1.000000,8,1
513,3,451.2834,398.2255,401.5723,87.6411,1.000000,8,0.25
513,4,1251.2830,431.7529,142.0718,31.7620,1.000000,8,1
514,1,552.2068,385.5378,328.1505,70.5151,1.000000,8,1
514,2,196.3866,405.3308,264.2783,52.1897,1.000000,8,1
514,3,452.1982,398.1527,401.8411,87.6796,1.000000,8,0.6875
514,4,1252.4810,431.5278,142.2172,31.7568,1.000000,8,1
515,1,551.5663,385.3200,328.0786,70.5080,1.000000,8,1
515,2,195.9948,405.2604,264.2894,52.1902,1.000000,8,1
515,3,453.1134,398.0831,402.1097,87.7182,1.000000,8,0.375
515,4,1253.7020,431.2860,142.3652,31.7505,1.000000,8,1
516,1,550.9256,385.1038,328.0078,70.5010,1.000000,8,1
516,2,195.6038,405.1909,264.2998,52.1906,1.000000,8,1
516,3,454.0289,398.0167,402.3789,87.7569,1.000000,8,0.6875
516,4,1254.9160,431.0547,142.5139,31.7452,1.000000,8,1
517,1,550.2847,384.8915,327.9379,70.4944,1.000000,8,1
517,2,195.2135,405.1227,264.3098,52.1908,1.000000,8,1
517,3,454.9445,397.9535,402.6489,87.7958,1.000000,8,0.3125
517,4,1256.1260,430.8322,142.6631,31.7408,1.000000,8,1
518,1,549.6431,384.6790,327.8701,70.4882,1.000000,8,1
518,2,194.8249,405.0549,264.3190,52.1910,1.000000,8,1
518,3,455.8604,397.8919,402.9196,87.8348,1.000000,8,0.4375
518,4,1257.3570,430.5926,142.8145,31.7352,1.000000,8,1
519,1,549.0008,384.4680,327.8040,70.4824,1.000000,8,1
519,2,194.4373,404.9875,264.3279,52.1910,1.000000,8,1
519,3,456.7770,397.8316,403.1909,87.8739,1.000000,8,0.5
519,4,1258.5800,430.3640,142.9661,31.7305,1.000000,8,1
520,1,548.3586,384.2609,327.7389,70.4768,1.000000,8,1
520,2,194.0508,404.9203,264.3362,52.1910,1.000000,8,1
520,3,457.6944,397.7728,403.4628,87.9132,1.000000,8,0.25
520,4,1259.8000,430.1462,143.1179,31.7268,1.000000,8,1
521,1,547.7161,384.0535,327.6749,70.4715,1.000000,8,1
521,2,193.6660,404.8529,264.3435,52.1907,1.000000,8,1
521,3,458.6126,397.7150,403.7355,87.9526,1.000000,8,0.3125
521,4,1261.0380,429.9147,143.2723,31.7222,1.000000,8,1
522,1,547.0731,383.8479,327.6120,70.4665,1.000000,8,1
522,2,193.2824,404.7854,264.3505,52.1904,1.000000,8,1
522,3,459.5315,397.6582,404.0092,87.9922,1.000000,8,0.1875
522,4,1262.2670,429.6956,143.4260,31.7186,1.000000,8,1
523,1,546.4297,383.6461,327.5502,70.4617,1.000000,8,1
523,2,192.8999,404.7176,264.3572,52.1899,1.000000,8,1
523,3,460.4511,397.6029,404.2844,88.0321,1.000000,8,0.5
523,4,1263.4910,429.4881,143.5797,31.7159,1.000000,8,1
524,1,545.7858,383.4438,327.4900,70.4573,1.000000,8,1
524,2,192.5192,404.6488,264.3631,52.1894,1.000000,8,1
524,3,461.3723,397.5472,404.5604,88.0722,1.000000,8,0.4375
524,4,1264.7380,429.2659,143.7357,31.7122,1.000000,8,1
525,1,545.1412,383.2427,327.4315,70.4533,1.000000,8,1
525,2,192.1401,404.5795,264.3685,52.1888,1.000000,8,1
525,3,462.2946,397.4913,404.8373,88.1124,1.000000,8,0.3125
525,4,1265.9740,429.0592,143.8911,31.7097,1.000000,8,1
526,1,544.4959,383.0454,327.3753,70.4498,1.000000,8,1
526,2,191.7620,404.5103,264.3737,52.1880,1.000000,8,1
526,3,463.2190,397.4352,405.1138,88.1524,1.000000,8,0.4375
526,4,1267.2040,428.8664,144.0463,31.7082,1.000000,8,1
527,1,543.8499,382.8502,327.3206,70.4467,1.000000,8,1
527,2,191.3860,404.4394,264.3779,52.1871,1.000000,8,1
527,3,464.1447,397.3778,405.3909,88.1926,1.000000,8,0.1875
527,4,1268.4510,428.6643,144.2023,31.7059,1.000000,8,1
528,1,543.2037,382.6584,327.2669,70.4438,1.000000,8,1
528,2,191.0114,404.3679,264.3817,52.1861,1.000000,8,1
528,3,465.0721,397.3192,405.6681,88.2326,1.000000,8,0.3125
528,4,1269.6880,428.4771,144.3573,31.7047,1.000000,8,1
529,1,542.5573,382.4709,327.2151,70.4414,1.000000,8,1
529,2,190.6385,404.2966,264.3847,52.1849,1.000000,8,1
529,3,466.0022,397.2596,405.9447,88.2724,1.000000,8,0.375
529,4,1270.9190,428.3038,144.5117,31.7045,1.000000,8,1
530,1,541.9103,382.2844,327.1652,70.4394,1.000000,8,1
530,2,190.2675,404.2238,264.3870,52.1836,1.000000,8,1
530,3,466.9348,397.1973,406.2208,88.3121,1.000000,8,0.5
530,4,1272.1640,428.1217,144.6667,31.7035,1.000000,8,1
531,1,541.2632,382.1010,327.1168,70.4377,1.000000,8,1
531,2,189.8985,404.1501,264.3882,52.1820,1.000000,8,1
531,3,467.8700,397.1328,406.4961,88.3514,1.000000,8,0.125
531,4,1273.4010,427.9538,144.8208,31.7034,1.000000,8,1
532,1,540.6159,381.9235,327.0701,70.4365,1.000000,8,1
532,2,189.5310,404.0764,264.3889,52.1804,1.000000,8,1
532,3,468.8079,397.0661,406.7702,88.3904,1.000000,8,0.25
532,4,1274.6300,427.8004,144.9742,31.7045,1.000000,8,1
533,1,539.9683,381.7478,327.0242,70.4355,1.000000,8,1
533,2,189.1659,404.0018,264.3883,52.1785,1.000000,8,1
533,3,469.7483,396.9959,407.0436,88.4291,1.000000,8,0.25
533,4,1275.8750,427.6385,145.1282,31.7047,1.000000,8,1
534,1,539.3203,381.5756,326.9791,70.4347,1.000000,8,1
534,2,188.8026,403.9271,264.3870,52.1764,1.000000,8,1
534,3,470.6908,396.9229,407.3159,88.4675,1.000000,8,0.25
534,4,1277.1120,427.4881,145.2816,31.7058,1.000000,8,1
535,1,538.6717,381.4101,326.9347,70.4342,1.000000,8,1
535,2,188.4417,403.8533,264.3843,52.1740,1.000000,8,1
535,3,471.6355,396.8470,407.5872,88.5056,1.000000,8,0.5625
535,4,1278.3420,427.3521,145.4342,31.7079,1.000000,8,1
536,1,538.0223,381.2490,326.8905,70.4337,1.000000,8,1
536,2,188.0835,403.7787,264.3805,52.1714,1.000000,8,1
536,3,472.5823,396.7674,407.8573,88.5433,1.000000,8,0.4375
536,4,1279.5850,427.2123,145.5876,31.7097,1.000000,8,1
537,1,537.3723,381.0928,326.8465,70.4334,1.000000,8,1
537,2,187.7274,403.7042,264.3756,52.1686,1.000000,8,1
537,3,473.5306,396.6852,408.1265,88.5807,1.000000,8,0.5
537,4,1280.8250,427.0831,145.7408,31.7123,1.000000,8,1
538,1,536.7217,380.9431,326.8026,70.4331,1.000000,8,1
538,2,187.3734,403.6305,264.3696,52.1655,1.000000,8,1
538,3,474.4809,396.6008,408.3940,88.6177,1.000000,8,0.3125
538,4,1282.0600,426.9661,145.8940,31.7158,1.000000,8,1
539,1,536.0710,380.7985,326.7582,70.4328,1.000000,8,1
539,2,187.0223,403.5565,264.3618,52.1621,1.000000,8,1
539,3,475.4324,396.5135,408.6603,88.6543,1.000000,8,0.4375
539,4,1283.3080,426.8451,146.0482,31.7191,1.000000,8,1
540,1,535.4202,380.6597,326.7136,70.4325,1.000000,8,1
540,2,186.6736,403.4826,264.3529,52.1585,1.000000,8,1
540,3,476.3850,396.4243,408.9258,88.6906,1.000000,8,0.1875
540,4,1284.5500,426.7358,146.2024,31.7232,1.000000,8,1
541,1,534.7690,380.5295,326.6690,70.4322,1.000000,8,1
541,2,186.3266,403.4085,264.3430,52.1546,1.000000,8,1
541,3,477.3389,396.3325,409.1901,88.7266,1.000000,8,0.3125
541,4,1285.7880,426.6397,146.3564,31.7284,1.000000,8,1
542,1,534.1174,380.4056,326.6237,70.4320,1.000000,8,1
542,2,185.9818,403.3340,264.3319,52.1505,1.000000,8,1
542,3,478.2943,396.2373,409.4536,88.7625,1.000000,8,0.375
542,4,1287.0390,426.5402,146.5117,31.7335,1.000000,8,1
543,1,533.4652,380.2881,326.5778,70.4316,1.000000,8,1
543,2,185.6389,403.2593,264.3198,52.1462,1.000000,8,1
543,3,479.2505,396.1409,409.7167,88.7981,1.000000,8,0.375
543,4,1288.2870,426.4506,146.6672,31.7393,1.000000,8,1
544,1,532.8129,380.1786,326.5309,70.4311,1.000000,8,1
544,2,185.2976,403.1849,264.3069,52.1417,1.000000,8,1
544,3,480.2071,396.0448,409.9796,88.8336,1.000000,8,0.375
544,4,1289.5320,426.3737,146.8225,31.7462,1.000000,8,1
545,1,532.1604,380.0759,326.4821,70.4303,1.000000,8,1
545,2,184.9585,403.1104,264.2928,52.1370,1.000000,8,1
545,3,481.1638,395.9479,410.2426,88.8692,1.000000,8,0.375
545,4,1290.7860,426.2967,146.9797,31.7532,1.000000,8,1
546,1,531.5079,379.9797,326.4316,70.4293,1.000000,8,1
546,2,184.6206,403.0353,264.2784,52.1322,1.000000,8,1
546,3,482.1206,395.8513,410.5058,88.9048,1.000000,8,0.1875
546,4,1292.0400,426.2274,147.1372,31.7608,1.000000,8,1
547,1,530.8553,379.8910,326.3801,70.4280,1.000000,8,1
547,2,184.2836,402.9603,264.2633,52.1273,1.000000,8,1
547,3,483.0777,395.7564,410.7690,88.9404,1.000000,8,0.25
547,4,1293.2920,426.1674,147.2953,31.7693,1.000000,8,1
548,1,530.2029,379.8098,326.3272,70.4266,1.000000,8,1
548,2,183.9482,402.8845,264.2480,52.1223,1.000000,8,1
548,3,484.0342,395.6615,411.0333,88.9762,1.000000,8,0.4375
548,4,1294.5540,426.1089,147.4547,31.7781,1.000000,8,1
549,1,529.5507,379.7360,326.2729,70.4249,1.000000,8,1
549,2,183.6140,402.8080,264.2323,52.1173,1.000000,8,1
549,3,484.9906,395.5678,411.2979,89.0121,1.000000,8,0.4375
549,4,1295.8180,426.0567,147.6154,31.7876,1.000000,8,1
550,1,528.8988,379.6691,326.2169,70.4229,1.000000,8,1
550,2,183.2803,402.7310,264.2167,52.1122,1.000000,8,1
550,3,485.9470,395.4770,411.5627,89.0480,1.000000,8,0.4375
550,4,1297.0830,426.0137,147.7766,31.7978,1.000000,8,1
551,1,528.2481,379.6094,326.1588,70.4204,1.000000,8,1
551,2,182.9476,402.6528,264.2009,52.1072,1.000000,8,1
551,3,486.9025,395.3868,411.8286,89.0842,1.000000,8,0.5
551,4,1298.3500,425.9789,147.9392,31.8090,1.000000,8,1
552,1,527.5984,379.5557,326.0991,70.4178,1.000000,8,1
552,2,182.6152,402.5742,264.1854,52.1021,1.000000,8,1
552,3,487.8575,395.2979,412.0957,89.1206,1.000000,8,0.375
552,4,1299.6240,425.9467,148.1033,31.8205,1.000000,8,1
553,1,526.9492,379.5081,326.0375,70.4147,1.000000,8,1
553,2,182.2830,402.4958,264.1699,52.0971,1.000000,8,1
553,3,488.8124,395.2112,412.3637,89.1574,1.000000,8,0.6875
553,4,1300.9050,425.9159,148.2689,31.8322,1.000000,8,1
554,1,526.3010,379.4679,325.9740,70.4113,1.000000,8,1
554,2,181.9511,402.4159,264.1547,52.0921,1.000000,8,1
554,3,489.7666,395.1256,412.6328,89.1942,1.000000,8,0.3125
554,4,1302.1860,425.8962,148.4351,31.8451,1.000000,8,1
555,1,525.6537,379.4333,325.9088,70.4075,1.000000,8,1
555,2,181.6187,402.3355,264.1401,52.0873,1.000000,8,1
555,3,490.7204,395.0421,412.9030,89.2314,1.000000,8,0.6875
555,4,1303.4680,425.8836,148.6025,31.8586,1.000000,8,1
556,1,525.0074,379.4031,325.8415,70.4033,1.000000,8,1
556,2,181.2860,402.2560,264.1260,52.0826,1.000000,8,1
556,3,491.6737,394.9622,413.1744,89.2689,1.000000,8,0.5
556,4,1304.7580,425.8722,148.7714,31.8724,1.000000,8,1
557,1,524.3630,379.3783,325.7719,70.3987,1.000000,8,1
557,2,180.9531,402.1753,264.1125,52.0779,1.000000,8,1
557,3,492.6267,394.8829,413.4474,89.3067,1.000000,8,0.4375
557,4,1306.0500,425.8676,148.9410,31.8868,1.000000,8,1
558,1,523.7203,379.3582,325.7005,70.3937,1.000000,8,1
558,2,180.6194,402.0942,264.0995,52.0735,1.000000,8,1
558,3,493.5794,394.8060,413.7215,89.3448,1.000000,8,0.1875
558,4,1307.3440,425.8676,149.1115,31.9018,1.000000,8,1
559,1,523.0797,379.3425,325.6272,70.3883,1.000000,8,1
559,2,180.2847,402.0142,264.0874,52.0691,1.000000,8,1
559,3,494.5315,394.7346,413.9969,89.3832,1.000000,8,0.3125
559,4,1308.6430,425.8715,149.2830,31.9171,1.000000,8,1
560,1,522.4409,379.3310,325.5521,70.3825,1.000000,8,1
560,2,179.9492,401.9337,264.0760,52.0649,1.000000,8,1
560,3,495.4828,394.6657,414.2737,89.4219,1.000000,8,0.25
560,4,1309.9440,425.8827,149.4551,31.9331,1.000000,8,1
561,1,521.8039,379.3232,325.4750,70.3763,1.000000,8,1
561,2,179.6122,401.8537,264.0652,52.0609,1.000000,8,1
561,3,496.4334,394.6013,414.5515,89.4610,1.000000,8,0.1875
561,4,1311.2480,425.8991,149.6277,31.9495,1.000000,8,1
562,1,521.1686,379.3191,325.3964,70.3698,1.000000,8,1
562,2,179.2741,401.7755,264.0551,52.0570,1.000000,8,1
562,3,497.3836,394.5437,414.8298,89.5002,1.000000,8,0.3125
562,4,1312.5530,425.9190,149.8009,31.9663,1.000000,8,1
563,1,520.5358,379.3190,325.3162,70.3629,1.000000,8,1
563,2,178.9348,401.6973,264.0457,52.0532,1.000000,8,1
563,3,498.3330,394.4903,415.1093,89.5397,1.000000,8,0.375
563,4,1313.8590,425.9464,149.9738,31.9836,1.000000,8,1
564,1,519.9052,379.3219,325.2344,70.3557,1.000000,8,1
564,2,178.5941,401.6203,264.0369,52.0496,1.000000,8,1
564,3,499.2820,394.4422,415.3894,89.5794,1.000000,8,0.375
564,4,1315.1640,425.9793,150.1464,32.0013,1.000000,8,1
565,1,519.2764,379.3274,325.1509,70.3481,1.000000,8,1
565,2,178.2518,401.5464,264.0288,52.0462,1.000000,8,1
565,3,500.2307,394.4007,415.6701,89.6193,1.000000,8,0.5625
565,4,1316.4720,426.0173,150.3192,32.0193,1.000000,8,1
566,1,518.6500,379.3340,325.0652,70.3399,1.000000,8,1
566,2,177.9078,401.4735,264.0215,52.0429,1.000000,8,1
566,3,501.1796,394.3645,415.9511,89.6593,1.000000,8,0.375
566,4,1317.7780,426.0624,150.4912,32.0378,1.000000,8,1
567,1,518.0253,379.3417,324.9780,70.3315,1.000000,8,1
567,2,177.5625,401.4023,264.0147,52.0397,1.000000,8,1
567,3,502.1288,394.3346,416.2323,89.6995,1.000000,8,0.1875
567,4,1319.0840,426.1143,150.6626,32.0566,1.000000,8,1
568,1,517.4019,379.3519,324.8897,70.3228,1.000000,8,1
568,2,177.2157,401.3335,264.0085,52.0367,1.000000,8,1
568,3,503.0780,394.3137,416.5137,89.7397,1.000000,8,0.375
568,4,1320.3880,426.1732,150.8334,32.0758,1.000000,8,1
569,1,516.7807,379.3645,324.7997,70.3137,1.000000,8,1
569,2,176.8671,401.2670,264.0028,52.0338,1.000000,8,1
569,3,504.0280,394.2993,416.7953,89.7800,1.000000,8,0.375
569,4,1321.6890,426.2407,151.0024,32.0954,1.000000,8,1
570,1,516.1610,379.3786,324.7088,70.3044,1.000000,8,1
570,2,176.5167,401.2028,263.9978,52.0311,1.000000,8,1
570,3,504.9784,394.2919,417.0770,89.8205,1.000000,8,0.375
570,4,1322.9880,426.3143,151.1707,32.1153,1.000000,8,1
571,1,515.5430,379.3931,324.6166,70.2948,1.000000,8,1
571,2,176.1650,401.1416,263.9932,52.0285,1.000000,8,1
571,3,505.9298,394.2930,417.3586,89.8610,1.000000,8,0.1875
571,4,1324.2860,426.3925,151.3380,32.1354,1.000000,8,1
572,1,514.9267,379.4101,324.5234,70.2850,1.000000,8,1
572,2,175.8115,401.0836,263.9893,52.0260,1.000000,8,1
572,3,506.8826,394.3017,417.6393,89.9014,1.000000,8,0.5
572,4,1325.5810,426.4794,151.5040,32.1559,1.000000,8,1
573,1,514.3115,379.4283,324.4291,70.2750,1.000000,8,1
573,2,175.4566,401.0281,263.9858,52.0236,1.000000,8,1
573,3,507.8362,394.3186,417.9192,89.9416,1.000000,8,0.5
573,4,1326.8740,426.5735,151.6689,32.1768,1.000000,8,1
574,1,513.6970,379.4470,324.3344,70.2648,1.000000,8,1
574,2,175.1002,400.9749,263.9828,52.0214,1.000000,8,1
574,3,508.7903,394.3432,418.1982,89.9817,1.000000,8,0.8125
574,4,1328.1630,426.6741,151.8325,32.1979,1.000000,8,1
575,1,513.0836,379.4686,324.2397,70.2546,1.000000,8,1
575,2,174.7421,400.9244,263.9805,52.0193,1.000000,8,1
575,3,509.7456,394.3741,418.4767,90.0218,1.000000,8,0.375
575,4,1329.4490,426.7817,151.9951,32.2194,1.000000,8,1
576,1,512.4708,379.4918,324.1447,70.2444,1.000000,8,1
576,2,174.3826,400.8763,263.9787,52.0173,1.000000,8,1
576,3,510.7021,394.4113,418.7549,90.0618,1.000000,8,0.4375
576,4,1330.7330,426.8955,152.1566,32.2412,1.000000,8,1
577,1,511.8584,379.5149,324.0490,70.2340,1.000000,8,1
577,2,174.0215,400.8314,263.9778,52.0155,1.000000,8,1
577,3,511.6597,394.4542,419.0324,90.1017,1.000000,8,0.5
577,4,1332.0160,427.0149,152.3177,32.2634,1.000000,8,1
578,1,511.2468,379.5393,323.9535,70.2237,1.000000,8,1
578,2,173.6596,400.7895,263.9773,52.0139,1.000000,8,1
578,3,512.6185,394.5035,419.3099,90.1417,1.000000,8,0.3125
578,4,1333.2970,427.1398,152.4781,32.2859,1.000000,8,1
579,1,510.6359,379.5647,323.8581,70.2134,1.000000,8,1
579,2,173.2969,400.7504,263.9772,52.0124,1.000000,8,1
579,3,513.5780,394.5585,419.5876,90.1817,1.000000,8,0.3125
579,4,1334.5750,427.2693,152.6377,32.3085,1.000000,8,1
580,1,510.0252,379.5924,323.7632,70.2032,1.000000,8,1
580,2,172.9330,400.7152,263.9778,52.0110,1.000000,8,1
580,3,514.5387,394.6191,419.8656,90.2218,1.000000,8,0.375
580,4,1335.8530,427.4028,152.7966,32.3314,1.000000,8,1
581,1,509.4142,379.6226,323.6690,70.1932,1.000000,8,1
581,2,172.5684,400.6827,263.9789,52.0097,1.000000,8,1
581,3,515.5010,394.6881,420.1432,90.2620,1.000000,8,0.375
581,4,1337.1290,427.5410,152.9552,32.3546,1.000000,8,1
582,1,508.8029,379.6547,323.5757,70.1834,1.000000,8,1
582,2,172.2028,400.6528,263.9805,52.0086,1.000000,8,1
582,3,516.4642,394.7634,420.4207,90.3021,1.000000,8,0.375
582,4,1338.4030,427.6828,153.1132,32.3779,1.000000,8,1
583,1,508.1913,379.6895,323.4828,70.1737,1.000000,8,1
583,2,171.8361,400.6259,263.9828,52.0076,1.000000,8,1
583,3,517.4285,394.8430,420.6983,90.3423,1.000000,8,0.375
583,4,1339.6770,427.8282,153.2710,32.4016,1.000000,8,1
584,1,507.5794,379.7274,323.3916,70.1645,1.000000,8,1
584,2,171.4690,400.6023,263.9856,52.0068,1.000000,8,1
584,3,518.3940,394.9313,420.9758,90.3825,1.000000,8,0.5
584,4,1340.9500,427.9775,153.4283,32.4254,1.000000,8,1
585,1,506.9669,379.7682,323.3021,70.1556,1.000000,8,1
585,2,171.1014,400.5826,263.9888,52.0061,1.000000,8,1
585,3,519.3600,395.0274,421.2528,90.4226,1.000000,8,0.5625
585,4,1342.2240,428.1306,153.5861,32.4496,1.000000,8,1
586,1,506.3539,379.8119,323.2140,70.1470,1.000000,8,1
586,2,170.7337,400.5672,263.9922,52.0055,1.000000,8,1
586,3,520.3260,395.1311,421.5294,90.4628,1.000000,8,0.375
586,4,1343.4970,428.2865,153.7432,32.4739,1.000000,8,1
587,1,505.7401,379.8595,323.1276,70.1389,1.000000,8,1
587,2,170.3657,400.5548,263.9961,52.0050,1.000000,8,1
587,3,521.2927,395.2432,421.8049,90.5029,1.000000,8,0.5625
587,4,1344.7680,428.4463,153.8998,32.4984,1.000000,8,1
588,1,505.1255,379.9101,323.0429,70.1313,1.000000,8,1
588,2,169.9979,400.5461,264.0002,52.0045,1.000000,8,1
588,3,522.2600,395.3616,422.0798,90.5429,1.000000,8,0.4375
588,4,1346.0380,428.6097,154.0558,32.5231,1.000000,8,1
589,1,504.5102,379.9637,322.9602,70.1241,1.000000,8,1
589,2,169.6296,400.5417,264.0048,52.0042,1.000000,8,1
589,3,523.2285,395.4850,422.3545,90.5828,1.000000,8,0.4375
589,4,1347.3070,428.7757,154.2113,32.5479,1.000000,8,1
590,1,503.8939,380.0229,322.8807,70.1175,1.000000,8,1
590,2,169.2617,400.5419,264.0089,52.0039,1.000000,8,1
590,3,524.1993,395.6178,422.6280,90.6225,1.000000,8,0.5625
590,4,1348.5730,428.9454,154.3663,32.5729,1.000000,8,1
591,1,503.2766,380.0871,322.8032,70.1116,1.000000,8,1
591,2,168.8932,400.5466,264.0138,52.0036,1.000000,8,1
591,3,525.1716,395.7587,422.9006,90.6621,1.000000,8,0.5
591,4,1349.8370,429.1189,154.5205,32.5981,1.000000,8,1
592,1,502.6580,380.1555,322.7283,70.1062,1.000000,8,1
592,2,168.5248,400.5558,264.0183,52.0034,1.000000,8,1
592,3,526.1460,395.9059,423.1719,90.7015,1.000000,8,0.5625
592,4,1351.1000,429.2957,154.6737,32.6234,1.000000,8,1
593,1,502.0390,380.2303,322.6562,70.1016,1.000000,8,1
593,2,168.1568,400.5702,264.0226,52.0032,1.000000,8,1
593,3,527.1228,396.0632,423.4409,90.7404,1.000000,8,0.5625
593,4,1352.3590,429.4763,154.8267,32.6489,1.000000,8,1
594,1,501.4196,380.3117,322.5868,70.0976,1.000000,8,1
594,2,167.7886,400.5895,264.0267,52.0030,1.000000,8,1
594,3,528.1017,396.2292,423.7085,90.7790,1.000000,8,0.5625
594,4,1353.6160,429.6601,154.9781,32.6744,1.000000,8,1
595,1,500.7992,380.4006,322.5204,70.0944,1.000000,8,1
595,2,167.4203,400.6130,264.0306,52.0027,1.000000,8,1
595,3,529.0825,396.4026,423.9753,90.8176,1.000000,8,0.3125
595,4,1354.8780,429.8393,155.1294,32.6995,1.000000,8,1
596,1,500.1782,380.4981,322.4571,70.0919,1.000000,8,1
596,2,167.0529,400.6413,264.0340,52.0024,1.000000,8,1
596,3,530.0664,396.5872,424.2395,90.8556,1.000000,8,0.6875
596,4,1356.1380,430.0244,155.2805,32.7249,1.000000,8,1
597,1,499.5560,380.6034,322.3962,70.0900,1.000000,8,1
597,2,166.6862,400.6749,264.0369,52.0020,1.000000,8,1
597,3,531.0531,396.7803,424.5012,90.8932,1.000000,8,0.5
597,4,1357.4020,430.2070,155.4315,32.7501,1.000000,8,1
598,1,498.9327,380.7158,322.3379,70.0888,1.000000,8,1
598,2,166.3198,400.7141,264.0397,52.0017,1.000000,8,1
598,3,532.0425,396.9801,424.7605,90.9302,1.000000,8,0.4375
598,4,1358.6780,430.3800,155.5828,32.7744,1.000000,8,1
599,1,498.3084,380.8391,322.2819,70.0882,1.000000,8,1
599,2,165.9543,400.7592,264.0424,52.0013,1.000000,8,1
599,3,533.0339,397.1914,425.0172,90.9668,1.000000,8,0.4375
599,4,1359.9390,430.5696,155.7324,32.7998,1.000000,8,1
600,1,497.6824,380.9716,322.2274,70.0881,1.000000,8,1
600,2,165.5897,400.8095,264.0443,52.0009,1.000000,8,1
600,3,534.0275,397.4105,425.2720,91.0031,1.000000,8,0.4375
600,4,1361.1970,430.7658,155.8813,32.8259,1.000000,8,1
601,1,497.0548,381.1130,322.1730,70.0880,1.000000,8,1
601,2,165.2256,400.8644,264.0463,52.0005,1.000000,8,1
601,3,535.0242,397.6336,425.5255,91.0390,1.000000,8,0.5
601,4,1362.4690,430.9519,156.0317,32.8510,1.000000,8,1
602,1,496.4256,381.2684,322.1184,70.0882,1.000000,8,1
602,2,164.8631,400.9244,264.0475,51.9999,1.000000,8,1
602,3,536.0248,397.8647,425.7772,91.0746,1.000000,8,0.375
602,4,1363.7310,431.1529,156.1809,32.8773,1.000000,8,1
603,1,495.7946,381.4346,322.0640,70.0885,1.000000,8,1
603,2,164.5011,400.9896,264.0485,51.9994,1.000000,8,1
603,3,537.0287,398.1010,426.0274,91.1098,1.000000,8,0.4375
603,4,1364.9950,431.3562,156.3306,32.9039,1.000000,8,1
604,1,495.1620,381.6098,322.0095,70.0890,1.000000,8,1
604,2,164.1396,401.0594,264.0493,51.9989,1.000000,8,1
604,3,538.0359,398.3396,426.2758,91.1446,1.000000,8,0.8125
604,4,1366.2730,431.5491,156.4810,32.9295,1.000000,8,1
605,1,494.5297,381.8009,321.9540,70.0893,1.000000,8,1
605,2,163.7792,401.1342,264.0494,51.9983,1.000000,8,1
605,3,539.0468,398.5858,426.5226,91.1790,1.000000,8,0.25
605,4,1367.5400,431.7586,156.6312,32.9565,1.000000,8,1
606,1,493.8972,382.0046,321.8978,70.0896,1.000000,8,1
606,2,163.4187,401.2131,264.0496,51.9977,1.000000,8,1
606,3,540.0605,398.8354,426.7681,91.2131,1.000000,8,0.4375
606,4,1368.8080,431.9714,156.7810,32.9838,1.000000,8,1
607,1,493.2648,382.2183,321.8413,70.0899,1.000000,8,1
607,2,163.0585,401.2957,264.0494,51.9970,1.000000,8,1
607,3,541.0771,399.0848,427.0125,91.2470,1.000000,8,0.375
607,4,1370.0900,432.1748,156.9323,33.0103,1.000000,8,1
608,1,492.6334,382.4471,321.7844,70.0904,1.000000,8,1
608,2,162.6993,401.3834,264.0487,51.9963,1.000000,8,1
608,3,542.0966,399.3410,427.2551,91.2804,1.000000,8,0.4375
608,4,1371.3600,432.3945,157.0822,33.0381,1.000000,8,1
609,1,492.0026,382.6877,321.7273,70.0908,1.000000,8,1
609,2,162.3401,401.4748,264.0478,51.9956,1.000000,8,1
609,3,543.1185,399.5998,427.4960,91.3135,1.000000,8,0.5625
609,4,1372.6340,432.6162,157.2329,33.0662,1.000000,8,1
610,1,491.3724,382.9380,321.6701,70.0913,1.000000,8,1
610,2,161.9812,401.5691,264.0465,51.9949,1.000000,8,1
610,3,544.1428,399.8579,427.7347,91.3461,1.000000,8,0.3125
610,4,1373.9240,432.8262,157.3854,33.0933,1.000000,8,1
611,1,490.7437,383.2016,321.6126,70.0920,1.000000,8,1
611,2,161.6229,401.6681,264.0448,51.9940,1.000000,8,1
611,3,545.1696,400.1220,427.9709,91.3781,1.000000,8,0.75
611,4,1375.2010,433.0518,157.5363,33.1217,1.000000,8,1
612,1,490.1155,383.4747,321.5556,70.0927,1.000000,8,1
612,2,161.2648,401.7704,264.0428,51.9931,1.000000,8,1
612,3,546.1983,400.3880,428.2053,91.4096,1.000000,8,0.5
612,4,1376.4790,433.2794,157.6874,33.1502,1.000000,8,1
613,1,489.4872,383.7552,321.4994,70.0938,1.000000,8,1
613,2,160.9071,401.8753,264.0402,51.9921,1.000000,8,1
613,3,547.2291,400.6526,428.4380,91.4408,1.000000,8,0.4375
613,4,1377.7700,433.4948,157.8389,33.1775,1.000000,8,1
614,1,488.8601,384.0477,321.4432,70.0949,1.000000,8,1
614,2,160.5491,401.9844,264.0375,51.9912,1.000000,8,1
614,3,548.2622,400.9224,428.6686,91.4715,1.000000,8,0.625
614,4,1379.0480,433.7241,157.9895,33.2061,1.000000,8,1
615,1,488.2331,384.3477,321.3878,70.0962,1.000000,8,1
615,2,160.1915,402.0966,264.0343,51.9901,1.000000,8,1
615,3,549.2979,401.1938,428.8972,91.5018,1.000000,8,0.5625
615,4,1380.3280,433.9537,158.1396,33.2345,1.000000,8,1
616,1,487.6061,384.6518,321.3321,70.0976,1.000000,8,1
616,2,159.8348,402.2108,264.0304,51.9889,1.000000,8,1
616,3,550.3364,401.4637,429.1229,91.5313,1.000000,8,0.375
616,4,1381.6210,434.1692,158.2909,33.2619,1.000000,8,1
617,1,486.9799,384.9666,321.2782,70.0995,1.000000,8,1
617,2,159.4788,402.3289,264.0260,51.9877,1.000000,8,1
617,3,551.3774,401.7398,429.3466,91.5604,1.000000,8,0.4375
617,4,1382.9000,434.3979,158.4409,33.2902,1.000000,8,1
618,1,486.3540,385.2873,321.2250,70.1015,1.000000,8,1
618,2,159.1235,402.4493,264.0210,51.9863,1.000000,8,1
618,3,552.4209,402.0180,429.5680,91.5890,1.000000,8,0.625
618,4,1384.1810,434.6265,158.5909,33.3184,1.000000,8,1
619,1,485.7277,385.6098,321.1726,70.1038,1.000000,8,1
619,2,158.7686,402.5711,264.0159,51.9850,1.000000,8,1
619,3,553.4674,402.2946,429.7863,91.6169,1.000000,8,0.5625
619,4,1385.4760,434.8397,158.7424,33.3456,1.000000,8,1
620,1,485.1024,385.9402,321.1208,70.1062,1.000000,8,1
620,2,158.4145,402.6970,264.0102,51.9835,1.000000,8,1
620,3,554.5161,402.5780,430.0022,91.6443,1.000000,8,0.5625
620,4,1386.7570,435.0651,158.8920,33.3736,1.000000,8,1
621,1,484.4774,386.2746,321.0698,70.1089,1.000000,8,1
621,2,158.0612,402.8253,264.0041,51.9819,1.000000,8,1
621,3,555.5671,402.8630,430.2153,91.6710,1.000000,8,0.5
621,4,1388.0360,435.2893,159.0413,33.4013,1.000000,8,1
622,1,483.8516,386.6096,321.0199,70.1118,1.000000,8,1
622,2,157.7086,402.9546,263.9974,51.9804,1.000000,8,1
622,3,556.6209,403.1449,430.4253,91.6969,1.000000,8,0.3125
622,4,1389.3290,435.4981,159.1917,33.4279,1.000000,8,1
623,1,483.2266,386.9506,320.9696,70.1147,1.000000,8,1
623,2,157.3570,403.0874,263.9903,51.9786,1.000000,8,1
623,3,557.6769,403.4311,430.6329,91.7224,1.000000,8,0.4375
623,4,1390.6070,435.7189,159.3402,33.4554,1.000000,8,1
624,1,482.6019,387.2935,320.9191,70.1176,1.000000,8,1
624,2,157.0064,403.2216,263.9828,51.9768,1.000000,8,1
624,3,558.7355,403.7167,430.8381,91.7473,1.000000,8,0.5625
624,4,1391.8860,435.9374,159.4897,33.4827,1.000000,8,1
625,1,481.9759,387.6348,320.8693,70.1205,1.000000,8,1
625,2,156.6568,403.3566,263.9749,51.9750,1.000000,8,1
625,3,559.7968,403.9974,431.0402,91.7714,1.000000,8,0.625
625,4,1393.1770,436.1397,159.6392,33.5087,1.000000,8,1
626,1,481.3500,387.9810,320.8195,70.1236,1.000000,8,1
626,2,156.3080,403.4950,263.9669,51.9731,1.000000,8,1
626,3,560.8600,404.2799,431.2407,91.7950,1.000000,8,0.625
626,4,1394.4540,436.3539,159.7881,33.5357,1.000000,8,1
627,1,480.7244,388.3283,320.7686,70.1264,1.000000,8,1
627,2,155.9599,403.6351,263.9585,51.9712,1.000000,8,1
627,3,561.9254,404.5594,431.4390,91.8182,1.000000,8,0.5625
627,4,1395.7340,436.5657,159.9380,33.5625,1.000000,8,1
628,1,480.0987,388.6735,320.7167,70.1290,1.000000,8,1
628,2,155.6124,403.7755,263.9500,51.9693,1.000000,8,1
628,3,562.9935,404.8312,431.6354,91.8408,1.000000,8,0.5625
628,4,1397.0260,436.7627,160.0890,33.5882,1.000000,8,1
629,1,479.4728,389.0227,320.6643,70.1315,1.000000,8,1
629,2,155.2672,403.9191,263.9406,51.9673,1.000000,8,1
629,3,564.0635,405.1027,431.8307,91.8631,1.000000,8,0.75
629,4,1398.3040,436.9718,160.2384,33.6150,1.000000,8,1
630,1,478.8466,389.3720,320.6108,70.1338,1.000000,8,1
630,2,154.9226,404.0638,263.9313,51.9652,1.000000,8,1
630,3,565.1354,405.3692,432.0251,91.8851,1.000000,8,0.6875
630,4,1399.5830,437.1795,160.3888,33.6416,1.000000,8,1
631,1,478.2198,389.7182,320.5563,70.1358,1.000000,8,1
631,2,154.5788,404.2083,263.9215,51.9630,1.000000,8,1
631,3,566.2098,405.6261,432.2186,91.9067,1.000000,8,0.4375
631,4,1400.8760,437.3722,160.5397,33.6670,1.000000,8,1
632,1,477.5936,390.0675,320.4998,70.1374,1.000000,8,1
632,2,154.2358,404.3551,263.9115,51.9609,1.000000,8,1
632,3,567.2859,405.8805,432.4119,91.9281,1.000000,8,0.625
632,4,1402.1550,437.5768,160.6897,33.6934,1.000000,8,1
633,1,476.9673,390.4161,320.4414,70.1387,1.000000,8,1
633,2,153.8932,404.5028,263.9016,51.9587,1.000000,8,1
633,3,568.3633,406.1291,432.6055,91.9496,1.000000,8,0.4375
633,4,1403.4340,437.7807,160.8400,33.7198,1.000000,8,1
634,1,476.3403,390.7610,320.3818,70.1395,1.000000,8,1
634,2,153.5515,404.6501,263.8911,51.9564,1.000000,8,1
634,3,569.4421,406.3678,432.7992,91.9709,1.000000,8,0.5
634,4,1404.7280,437.9701,160.9915,33.7450,1.000000,8,1
635,1,475.7140,391.1082,320.3193,70.1398,1.000000,8,1
635,2,153.2104,404.7993,263.8806,51.9541,1.000000,8,1
635,3,570.5219,406.6037,432.9927,91.9921,1.000000,8,0.3125
635,4,1406.0090,438.1710,161.1426,33.7712,1.000000,8,1
636,1,475.0879,391.4535,320.2546,70.1397,1.000000,8,1
636,2,152.8692,404.9489,263.8704,51.9519,1.000000,8,1
636,3,571.6023,406.8335,433.1865,92.0132,1.000000,8,0.5625
636,4,1407.2920,438.3710,161.2936,33.7973,1.000000,8,1
637,1,474.4619,391.7930,320.1878,70.1389,1.000000,8,1
637,2,152.5285,405.0978,263.8603,51.9497,1.000000,8,1
637,3,572.6838,407.0528,433.3800,92.0341,1.000000,8,0.5
637,4,1408.5860,438.5566,161.4453,33.8223,1.000000,8,1
638,1,473.8375,392.1337,320.1191,70.1377,1.000000,8,1
638,2,152.1896,405.2482,263.8495,51.9475,1.000000,8,1
638,3,573.7651,407.2678,433.5754,92.0553,1.000000,8,0.625
638,4,1409.8670,438.7527,161.5957,33.8480,1.000000,8,1
639,1,473.2149,392.4718,320.0483,70.1360,1.000000,8,1
639,2,151.8510,405.3988,263.8392,51.9453,1.000000,8,1
639,3,574.8468,407.4759,433.7723,92.0768,1.000000,8,0.5625
639,4,1411.1490,438.9471,161.7457,33.8735,1.000000,8,1
640,1,472.5944,392.8031,319.9745,70.1335,1.000000,8,1
640,2,151.5123,405.5485,263.8293,51.9432,1.000000,8,1
640,3,575.9293,407.6732,433.9697,92.0981,1.000000,8,0.5625
640,4,1412.4430,439.1277,161.8975,33.8980,1.000000,8,1
641,1,471.9763,393.1328,319.8988,70.1306,1.000000,8,1
641,2,151.1739,405.6992,263.8198,51.9411,1.000000,8,1
641,3,577.0115,407.8637,434.1699,92.1201,1.000000,8,0.625
641,4,1413.7230,439.3175,162.0471,33.9230,1.000000,8,1
642,1,471.3602,393.4576,319.8215,70.1272,1.000000,8,1
642,2,150.8357,405.8497,263.8107,51.9392,1.000000,8,1
642,3,578.0938,408.0460,434.3728,92.1424,1.000000,8,0.5625
642,4,1415.0040,439.5037,162.1968,33.9479,1.000000,8,1
643,1,470.7466,393.7743,319.7415,70.1232,1.000000,8,1
643,2,150.4977,405.9988,263.8019,51.9373,1.000000,8,1
643,3,579.1768,408.2179,434.5768,92.1648,1.000000,8,0.4375
643,4,1416.2950,439.6754,162.3469,33.9713,1.000000,8,1
644,1,470.1359,394.0869,319.6595,70.1186,1.000000,8,1
644,2,150.1590,406.1485,263.7941,51.9356,1.000000,8,1
644,3,580.2595,408.3830,434.7837,92.1877,1.000000,8,0.6875
644,4,1417.5710,439.8563,162.4955,33.9955,1.000000,8,1
645,1,469.5274,394.3932,319.5760,70.1134,1.000000,8,1
645,2,149.8198,406.2975,263.7870,51.9340,1.000000,8,1
645,3,581.3425,408.5406,434.9931,92.2111,1.000000,8,0.625
645,4,1418.8460,440.0328,162.6432,34.0192,1.000000,8,1
646,1,468.9213,394.6899,319.4906,70.1079,1.000000,8,1
646,2,149.4810,406.4447,263.7798,51.9325,1.000000,8,1
646,3,582.4259,408.6898,435.2053,92.2350,1.000000,8,0.5625
646,4,1420.1300,440.1924,162.7913,34.0415,1.000000,8,1
647,1,468.3184,394.9806,319.4028,70.1016,1.000000,8,1
647,2,149.1416,406.5919,263.7735,51.9311,1.000000,8,1
647,3,583.5092,408.8335,435.4213,92.2595,1.000000,8,0.6875
647,4,1421.3970,440.3594,162.9374,34.0641,1.000000,8,1
648,1,467.7177,395.2632,319.3135,70.0949,1.000000,8,1
648,2,148.8012,406.7384,263.7680,51.9299,1.000000,8,1
648,3,584.5925,408.9708,435.6401,92.2845,1.000000,8,0.5625
648,4,1422.6660,440.5170,163.0829,34.0859,1.000000,8,1
649,1,467.1186,395.5348,319.2235,70.0879,1.000000,8,1
649,2,148.4604,406.8832,263.7631,51.9287,1.000000,8,1
649,3,585.6760,409.1003,435.8614,92.3100,1.000000,8,0.6875
649,4,1423.9430,440.6608,163.2286,34.1065,1.000000,8,1
650,1,466.5233,395.7994,319.1311,70.0803,1.000000,8,1
650,2,148.1199,407.0276,263.7583,51.9276,1.000000,8,1
650,3,586.7589,409.2246,436.0854,92.3359,1.000000,8,0.4375
650,4,1425.2030,440.8141,163.3727,34.1277,1.000000,8,1
651,1,465.9305,396.0553,319.0373,70.0722,1.000000,8,1
651,2,147.7787,407.1711,263.7542,51.9267,1.000000,8,1
651,3,587.8412,409.3433,436.3118,92.3623,1.000000,8,0.75
651,4,1426.4640,440.9615,163.5160,34.1484,1.000000,8,1
652,1,465.3387,396.2997,318.9432,70.0638,1.000000,8,1
652,2,147.4366,407.3125,263.7503,51.9258,1.000000,8,1
652,3,588.9230,409.4550,436.5403,92.3890,1.000000,8,0.625
652,4,1427.7330,441.0955,163.6600,34.1679,1.000000,8,1
653,1,464.7491,396.5356,318.8478,70.0551,1.000000,8,1
653,2,147.0932,407.4537,263.7476,51.9251,1.000000,8,1
653,3,590.0038,409.5609,436.7717,92.4164,1.000000,8,0.6875
653,4,1428.9850,441.2407,163.8019,34.1881,1.000000,8,1
654,1,464.1614,396.7613,318.7516,70.0461,1.000000,8,1
654,2,146.7503,407.5939,263.7445,51.9244,1.000000,8,1
654,3,591.0840,409.6618,437.0056,92.4441,1.000000,8,0.75
654,4,1430.2390,441.3811,163.9431,34.2079,1.000000,8,1
655,1,463.5754,396.9753,318.6546,70.0367,1.000000,8,1
655,2,146.4069,407.7323,263.7419,51.9237,1.000000,8,1
655,3,592.1637,409.7575,437.2416,92.4722,1.000000,8,0.75
655,4,1431.4970,441.5103,164.0836,34.2265,1.000000,8,1
656,1,462.9907,397.1798,318.5577,70.0272,1.000000,8,1
656,2,146.0634,407.8705,263.7393,51.9230,1.000000,8,1
656,3,593.2424,409.8481,437.4814,92.5010,1.000000,8,0.6875
656,4,1432.7400,441.6516,164.2222,34.2459,1.000000,8,1
657,1,462.4070,397.3749,318.4602,70.0175,1.000000,8,1
657,2,145.7198,408.0080,263.7369,51.9224,1.000000,8,1
657,3,594.3207,409.9344,437.7238,92.5304,1.000000,8,0.875
657,4,1433.9830,441.7896,164.3597,34.2648,1.000000,8,1
658,1,461.8240,397.5594,318.3627,70.0076,1.000000,8,1
658,2,145.3763,408.1443,263.7346,51.9217,1.000000,8,1
658,3,595.3987,410.0157,437.9679,92.5600,1.000000,8,0.8125
658,4,1435.2300,441.9176,164.4963,34.2826,1.000000,8,1
659,1,461.2421,397.7354,318.2650,69.9977,1.000000,8,1
659,2,145.0332,408.2806,263.7320,51.9211,1.000000,8,1
659,3,596.4761,410.0939,438.2156,92.5904,1.000000,8,0.5625
659,4,1436.4610,442.0563,164.6301,34.3011,1.000000,8,1
660,1,460.6601,397.9026,318.1684,69.9878,1.000000,8,1
660,2,144.6911,408.4166,263.7289,51.9203,1.000000,8,1
660,3,597.5532,410.1693,438.4660,92.6213,1.000000,8,0.625
660,4,1437.6910,442.1916,164.7627,34.3189,1.000000,8,1
661,1,460.0779,398.0590,318.0722,69.9780,1.000000,8,1
661,2,144.3501,408.5511,263.7256,51.9194,1.000000,8,1
661,3,598.6298,410.2414,438.7189,92.6526,1.000000,8,0.8125
661,4,1438.9240,442.3170,164.8938,34.3357,1.000000,8,1
662,1,459.4958,398.2059,317.9767,69.9682,1.000000,8,1
662,2,144.0096,408.6861,263.7218,51.9185,1.000000,8,1
662,3,599.7064,410.3110,438.9750,92.6846,1.000000,8,0.4375
662,4,1440.1410,442.4534,165.0225,34.3530,1.000000,8,1
663,1,458.9134,398.3434,317.8818,69.9584,1.000000,8,1
663,2,143.6698,408.8208,263.7178,51.9175,1.000000,8,1
663,3,600.7827,410.3782,439.2334,92.7171,1.000000,8,0.6875
663,4,1441.3590,442.5836,165.1492,34.3695,1.000000,8,1
664,1,458.3305,398.4710,317.7870,69.9486,1.000000,8,1
664,2,143.3311,408.9547,263.7132,51.9164,1.000000,8,1
664,3,601.8586,410.4435,439.4944,92.7500,1.000000,8,0.875
664,4,1442.5790,442.7055,165.2756,34.3852,1.000000,8,1
665,1,457.7468,398.5896,317.6931,69.9389,1.000000,8,1
665,2,142.9940,409.0887,263.7079,51.9151,1.000000,8,1
665,3,602.9337,410.5088,439.7584,92.7836,1.000000,8,0.8125
665,4,1443.7840,442.8356,165.3994,34.4011,1.000000,8,1
666,1,457.1622,398.6995,317.6005,69.9293,1.000000,8,1
666,2,142.6582,409.2226,263.7021,51.9137,1.000000,8,1
666,3,604.0080,410.5734,440.0245,92.8176,1.000000,8,0.8125
666,4,1444.9920,442.9576,165.5219,34.4162,1.000000,8,1
667,1,456.5763,398.8000,317.5089,69.9199,1.000000,8,1
667,2,142.3244,409.3559,263.6956,51.9122,1.000000,8,1
667,3,605.0815,410.6356,440.2921,92.8519,1.000000,8,0.75
667,4,1446.2040,443.0702,165.6439,34.4303,1.000000,8,1
668,1,455.9885,398.8915,317.4188,69.9108,1.000000,8,1
668,2,141.9923,409.4901,263.6883,51.9106,1.000000,8,1
668,3,606.1547,410.6953,440.5625,92.8868,1.000000,8,0.8125
668,4,1447.4070,443.1867,165.7648,34.4447,1.000000,8,1
669,1,455.3995,398.9750,317.3301,69.9020,1.000000,8,1
669,2,141.6612,409.6242,263.6809,51.9088,1.000000,8,1
669,3,607.2277,410.7524,440.8349,92.9220,1.000000,8,0.8125
669,4,1448.6130,443.2961,165.8853,34.4583,1.000000,8,1
670,1,454.8102,399.0503,317.2422,69.8932,1.000000,8,1
670,2,141.3327,409.7570,263.6721,51.9069,1.000000,8,1
670,3,608.3010,410.8060,441.1091,92.9575,1.000000,8,0.6875
670,4,1449.8230,443.3948,166.0059,34.4711,1.000000,8,1
671,1,454.2191,399.1178,317.1558,69.8847,1.000000,8,1
671,2,141.0063,409.8909,263.6626,51.9048,1.000000,8,1
671,3,609.3748,410.8568,441.3850,92.9933,1.000000,8,0.8125
671,4,1451.0290,443.4933,166.1267,34.4840,1.000000,8,1
672,1,453.6279,399.1773,317.0697,69.8762,1.000000,8,1
672,2,140.6820,410.0250,263.6524,51.9025,1.000000,8,1
672,3,610.4491,410.9043,441.6627,93.0295,1.000000,8,0.625
672,4,1452.2400,443.5848,166.2487,34.4963,1.000000,8,1
673,1,453.0359,399.2282,316.9845,69.8678,1.000000,8,1
673,2,140.3603,410.1583,263.6411,51.9000,1.000000,8,1
673,3,611.5239,410.9485,441.9423,93.0660,1.000000,8,0.875
673,4,1453.4540,443.6664,166.3706,34.5079,1.000000,8,1
674,1,452.4427,399.2712,316.9006,69.8597,1.000000,8,1
674,2,140.0405,410.2926,263.6290,51.8974,1.000000,8,1
674,3,612.5994,410.9907,442.2234,93.1027,1.000000,8,0.6875
674,4,1454.6670,443.7435,166.4932,34.5193,1.000000,8,1
675,1,451.8489,399.3078,316.8173,69.8516,1.000000,8,1
675,2,139.7230,410.4273,263.6158,51.8946,1.000000,8,1
675,3,613.6759,411.0305,442.5052,93.1394,1.000000,8,0.75
675,4,1455.8820,443.8135,166.6166,34.5301,1.000000,8,1
676,1,451.2547,399.3387,316.7341,69.8435,1.000000,8,1
676,2,139.4080,410.5616,263.6019,51.8915,1.000000,8,1
676,3,614.7532,411.0680,442.7878,93.1764,1.000000,8,0.875
676,4,1457.1020,443.8753,166.7412,34.5405,1.000000,8,1
677,1,450.6592,399.3627,316.6513,69.8354,1.000000,8,1
677,2,139.0963,410.6968,263.5865,51.8882,1.000000,8,1
677,3,615.8315,411.1046,443.0703,93.2132,1.000000,8,0.8125
677,4,1458.3230,443.9297,166.8666,34.5505,1.000000,8,1
678,1,450.0632,399.3813,316.5683,69.8272,1.000000,8,1
678,2,138.7868,410.8324,263.5700,51.8847,1.000000,8,1
678,3,616.9105,411.1406,443.3530,93.2500,1.000000,8,0.75
678,4,1459.5460,443.9781,166.9928,34.5600,1.000000,8,1
679,1,449.4675,399.3948,316.4847,69.8188,1.000000,8,1
679,2,138.4795,410.9679,263.5528,51.8810,1.000000,8,1
679,3,617.9899,411.1759,443.6361,93.2869,1.000000,8,0.75
679,4,1460.7730,444.0196,167.1202,34.5693,1.000000,8,1
680,1,448.8708,399.4034,316.4006,69.8103,1.000000,8,1
680,2,138.1750,411.1042,263.5343,51.8771,1.000000,8,1
680,3,619.0704,411.2119,443.9169,93.3232,1.000000,8,0.8125
680,4,1462.0030,444.0505,167.2484,34.5777,1.000000,8,1
681,1,448.2742,399.4079,316.3158,69.8017,1.000000,8,1
681,2,137.8730,411.2415,263.5146,51.8729,1.000000,8,1
681,3,620.1519,411.2484,444.1963,93.3593,1.000000,8,0.75
681,4,1463.2330,444.0770,167.3768,34.5859,1.000000,8,1
682,1,447.6765,399.4084,316.2315,69.7930,1.000000,8,1
682,2,137.5739,411.3791,263.4936,51.8684,1.000000,8,1
682,3,621.2340,411.2856,444.4746,93.3951,1.000000,8,0.75
682,4,1464.4630,444.0990,167.5060,34.5938,1.000000,8,1
683,1,447.0785,399.4051,316.1448,69.7839,1.000000,8,1
683,2,137.2775,411.5180,263.4713,51.8637,1.000000,8,1
683,3,622.3176,411.3241,444.7500,93.4302,1.000000,8,0.6875
683,4,1465.6990,444.1097,167.6361,34.6009,1.000000,8,1
684,1,446.4800,399.3994,316.0572,69.7745,1.000000,8,1
684,2,136.9832,411.6573,263.4480,51.8589,1.000000,8,1
684,3,623.4028,411.3635,445.0229,93.4648,1.000000,8,0.875
684,4,1466.9340,444.1190,167.7665,34.6079,1.000000,8,1
685,1,445.8812,399.3919,315.9688,69.7648,1.000000,8,1
685,2,136.6914,411.7959,263.4235,51.8537,1.000000,8,1
685,3,624.4898,411.4035,445.2940,93.4989,1.000000,8,0.8125
685,4,1468.1660,444.1280,167.8970,34.6150,1.000000,8,1
686,1,445.2817,399.3823,315.8788,69.7549,1.000000,8,1
686,2,136.4024,411.9363,263.3977,51.8483,1.000000,8,1
686,3,625.5797,411.4455,445.5599,93.5320,1.000000,8,0.5625
686,4,1469.4050,444.1253,168.0278,34.6212,1.000000,8,1
687,1,444.6821,399.3710,315.7874,69.7446,1.000000,8,1
687,2,136.1161,412.0771,263.3705,51.8426,1.000000,8,1
687,3,626.6718,411.4890,445.8223,93.5642,1.000000,8,0.8125
687,4,1470.6390,444.1225,168.1589,34.6273,1.000000,8,1
688,1,444.0827,399.3580,315.6942,69.7339,1.000000,8,1
688,2,135.8335,412.2168,263.3415,51.8366,1.000000,8,1
688,3,627.7660,411.5343,446.0814,93.5957,1.000000,8,0.875
688,4,1471.8670,444.1204,168.2887,34.6334,1.000000,8,1
689,1,443.4830,399.3431,315.5990,69.7227,1.000000,8,1
689,2,135.5533,412.3582,263.3110,51.8302,1.000000,8,1
689,3,628.8629,411.5822,446.3348,93.6259,1.000000,8,0.6875
689,4,1473.1020,444.1038,168.4191,34.6383,1.000000,8,1
690,1,442.8839,399.3267,315.5020,69.7111,1.000000,8,1
690,2,135.2751,412.4998,263.2794,51.8236,1.000000,8,1
690,3,629.9621,411.6306,446.5836,93.6552,1.000000,8,0.5625
690,4,1474.3330,444.0864,168.5493,34.6432,1.000000,8,1
691,1,442.2857,399.3099,315.4038,69.6992,1.000000,8,1
691,2,134.9991,412.6400,263.2466,51.8167,1.000000,8,1
691,3,631.0634,411.6781,446.8292,93.6837,1.000000,8,0.9375
691,4,1475.5590,444.0706,168.6792,34.6482,1.000000,8,1
692,1,441.6880,399.2931,315.3039,69.6870,1.000000,8,1
692,2,134.7251,412.7811,263.2124,51.8097,1.000000,8,1
692,3,632.1672,411.7260,447.0686,93.7108,1.000000,8,0.6875
692,4,1476.7960,444.0402,168.8104,34.6521,1.000000,8,1
693,1,441.0912,399.2755,315.2022,69.6743,1.000000,8,1
693,2,134.4535,412.9218,263.1772,51.8023,1.000000,8,1
693,3,633.2728,411.7730,447.3036,93.7370,1.000000,8,0.75
693,4,1478.0290,444.0097,168.9415,34.6561,1.000000,8,1
694,1,440.4957,399.2569,315.0989,69.6612,1.000000,8,1
694,2,134.1846,413.0607,263.1404,51.7946,1.000000,8,1
694,3,634.3800,411.8179,447.5348,93.7622,1.000000,8,0.9375
694,4,1479.2600,443.9812,169.0735,34.6604,1.000000,8,1
695,1,439.8997,399.2378,314.9940,69.6477,1.000000,8,1
695,2,133.9176,413.1998,263.1023,51.7867,1.000000,8,1
695,3,635.4893,411.8611,447.7605,93.7863,1.000000,8,0.75
695,4,1480.5050,443.9376,169.2078,34.6637,1.000000,8,1
696,1,439.3042,399.2180,314.8880,69.6341,1.000000,8,1
696,2,133.6525,413.3378,263.0633,51.7785,1.000000,8,1
696,3,636.6000,411.9012,447.9822,93.8095,1.000000,8,0.75
696,4,1481.7480,443.8962,169.3428,34.6674,1.000000,8,1
697,1,438.7090,399.1978,314.7816,69.6202,1.000000,8,1
697,2,133.3886,413.4733,263.0234,51.7702,1.000000,8,1
697,3,637.7121,411.9362,448.1999,93.8317,1.000000,8,0.8125
697,4,1482.9890,443.8588,169.4786,34.6716,1.000000,8,1
698,1,438.1142,399.1775,314.6733,69.6060,1.000000,8,1
698,2,133.1263,413.6082,262.9828,51.7617,1.000000,8,1
698,3,638.8252,411.9683,448.4119,93.8525,1.000000,8,0.75
698,4,1484.2460,443.8051,169.6171,34.6746,1.000000,8,1
699,1,437.5197,399.1572,314.5639,69.5915,1.000000,8,1
699,2,132.8661,413.7415,262.9411,51.7530,1.000000,8,1
699,3,639.9391,411.9978,448.6194,93.8725,1.000000,8,0.875
699,4,1485.5000,443.7549,169.7561,34.6783,1.000000,8,1
700,1,436.9261,399.1370,314.4533,69.5767,1.000000,8,1
700,2,132.6073,413.8717,262.8987,51.7441,1.000000,8,1
700,3,641.0405,412.0227,448.8374,93.8918,1.000000,8,0.75
700,4,1486.7520,443.7107,169.8965,34.6826,1.000000,8,1
701,1,436.3322,399.1174,314.3418,69.5618,1.000000,8,1
701,2,132.3505,414.0000,262.8555,51.7350,1.000000,8,1
701,3,642.1423,412.0419,449.0516,93.9101,1.000000,8,0.875
701,4,1488.0220,443.6519,170.0397,34.6860,1.000000,8,1
702,1,435.7391,399.0988,314.2294,69.5466,1.000000,8,1
702,2,132.0950,414.1259,262.8118,51.7258,1.000000,8,1
702,3,643.2448,412.0565,449.2631,93.9277,1.000000,8,0.625
702,4,1489.2890,443.5970,170.1833,34.6899,1.000000,8,1
703,1,435.1477,399.0812,314.1153,69.5310,1.000000,8,1
703,2,131.8407,414.2484,262.7678,51.7165,1.000000,8,1
703,3,644.3478,412.0668,449.4716,93.9447,1.000000,8,0.9375
703,4,1490.5540,443.5476,170.3284,34.6945,1.000000,8,1
704,1,434.5566,399.0650,314.0000,69.5152,1.000000,8,1
704,2,131.5873,414.3697,262.7230,51.7071,1.000000,8,1
704,3,645.4515,412.0722,449.6759,93.9606,1.000000,8,0.9375
704,4,1491.8360,443.4841,170.4761,34.6983,1.000000,8,1
705,1,433.9663,399.0502,313.8841,69.4993,1.000000,8,1
705,2,131.3347,414.4879,262.6780,51.6975,1.000000,8,1
705,3,646.5552,412.0734,449.8773,93.9759,1.000000,8,0.875
705,4,1493.1120,443.4261,170.6241,34.7026,1.000000,8,1
706,1,433.3777,399.0368,313.7673,69.4830,1.000000,8,1
706,2,131.0828,414.6010,262.6323,51.6879,1.000000,8,1
706,3,647.6584,412.0710,450.0762,93.9906,1.000000,8,0.75
706,4,1494.3830,443.3751,170.7723,34.7076,1.000000,8,1
707,1,432.7904,399.0253,313.6491,69.4666,1.000000,8,1
707,2,130.8310,414.7121,262.5866,51.6782,1.000000,8,1
707,3,648.7615,412.0656,450.2707,94.0044,1.000000,8,1
707,4,1495.6700,443.3114,170.9226,34.7117,1.000000,8,1
708,1,432.2048,399.0158,313.5298,69.4498,1.000000,8,1
708,2,130.5798,414.8197,262.5405,51.6683,1.000000,8,1
708,3,649.8641,412.0577,450.4624,94.0175,1.000000,8,0.875
708,4,1496.9530,443.2533,171.0730,34.7164,1.000000,8,1
709,1,431.6214,399.0088,313.4098,69.4329,1.000000,8,1
709,2,130.3295,414.9222,262.4937,51.6583,1.000000,8,1
709,3,650.9661,412.0468,450.6514,94.0300,1.000000,8,0.6875
709,4,1498.2310,443.2034,171.2234,34.7217,1.000000,8,1
710,1,431.0402,399.0052,313.2879,69.4155,1.000000,8,1
710,2,130.0793,415.0221,262.4468,51.6483,1.000000,8,1
710,3,652.0673,412.0331,450.8358,94.0416,1.000000,8,0.9375
710,4,1499.5210,443.1440,171.3745,34.7263,1.000000,8,1
711,1,430.4614,399.0042,313.1647,69.3978,1.000000,8,1
711,2,129.8290,415.1185,262.4002,51.6382,1.000000,8,1
711,3,653.1678,412.0175,451.0174,94.0525,1.000000,8,0.75
711,4,1500.8030,443.0904,171.5247,34.7312,1.000000,8,1
712,1,429.8856,399.0054,313.0402,69.3799,1.000000,8,1
712,2,129.5790,415.2102,262.3531,51.6281,1.000000,8,1
712,3,654.2679,412.0006,451.1973,94.0631,1.000000,8,0.9375
712,4,1502.0790,443.0453,171.6736,34.7367,1.000000,8,1
713,1,429.3125,399.0114,312.9144,69.3616,1.000000,8,1
713,2,129.3284,415.2993,262.3062,51.6179,1.000000,8,1
713,3,655.3676,411.9822,451.3727,94.0727,1.000000,8,0.8125
713,4,1503.3620,442.9945,171.8225,34.7416,1.000000,8,1
714,1,428.7419,399.0207,312.7874,69.3431,1.000000,8,1
714,2,129.0774,415.3847,262.2592,51.6078,1.000000,8,1
714,3,656.4670,411.9624,451.5452,94.0817,1.000000,8,0.8125
714,4,1504.6380,442.9504,171.9702,34.7468,1.000000,8,1
715,1,428.1736,399.0322,312.6595,69.3243,1.000000,8,1
715,2,128.8267,415.4648,262.2122,51.5975,1.000000,8,1
715,3,657.5664,411.9422,451.7159,94.0904,1.000000,8,0.8125
715,4,1505.9060,442.9134,172.1160,34.7523,1.000000,8,1
716,1,427.6072,399.0488,312.5303,69.3052,1.000000,8,1
716,2,128.5753,415.5412,262.1653,51.5873,1.000000,8,1
716,3,658.6663,411.9201,451.8832,94.0983,1.000000,8,0.75
716,4,1507.1800,442.8699,172.2607,34.7571,1.000000,8,1
717,1,427.0429,399.0692,312.4003,69.2860,1.000000,8,1
717,2,128.3228,415.6139,262.1190,51.5772,1.000000,8,1
717,3,659.7668,411.8969,452.0479,94.1055,1.000000,8,1
717,4,1508.4420,442.8344,172.4031,34.7622,1.000000,8,1
718,1,426.4813,399.0930,312.2688,69.2664,1.000000,8,1
718,2,128.0696,415.6819,262.0731,51.5671,1.000000,8,1
718,3,660.8679,411.8733,452.2094,94.1122,1.000000,8,0.875
718,4,1509.6920,442.8067,172.5427,34.7676,1.000000,8,1
719,1,425.9221,399.1228,312.1365,69.2466,1.000000,8,1
719,2,127.8157,415.7458,262.0274,51.5570,1.000000,8,1
719,3,661.9688,411.8486,452.3680,94.1182,1.000000,8,0.9375
719,4,1510.9480,442.7707,172.6807,34.7719,1.000000,8,1
720,1,425.3653,399.1569,312.0031,69.2267,1.000000,8,1
720,2,127.5607,415.8053,261.9821,51.5470,1.000000,8,1
720,3,663.0696,411.8218,452.5248,94.1237,1.000000,8,0.9375
720,4,1512.1920,442.7395,172.8162,34.7761,1.000000,8,1
721,1,424.8109,399.1941,311.8682,69.2064,1.000000,8,1
721,2,127.3045,415.8596,261.9375,51.5371,1.000000,8,1
721,3,664.1705,411.7917,452.6808,94.1291,1.000000,8,0.75
721,4,1513.4230,442.7151,172.9486,34.7806,1.000000,8,1
722,1,424.2586,399.2373,311.7331,69.1860,1.000000,8,1
722,2,127.0476,415.9095,261.8932,51.5272,1.000000,8,1
722,3,665.2711,411.7569,452.8340,94.1338,1.000000,8,0.9375
722,4,1514.6610,442.6830,173.0797,34.7840,1.000000,8,1
723,1,423.7087,399.2849,311.5975,69.1655,1.000000,8,1
723,2,126.7893,415.9547,261.8497,51.5174,1.000000,8,1
723,3,666.3718,411.7177,452.9854,94.1380,1.000000,8,0.875
723,4,1515.8860,442.6585,173.2080,34.7878,1.000000,8,1
724,1,423.1611,399.3353,311.4619,69.1450,1.000000,8,1
724,2,126.5301,415.9945,261.8068,51.5078,1.000000,8,1
724,3,667.4722,411.6741,453.1359,94.1421,1.000000,8,0.875
724,4,1517.1010,442.6413,173.3339,34.7917,1.000000,8,1
725,1,422.6164,399.3915,311.3257,69.1244,1.000000,8,1
725,2,126.2699,416.0297,261.7646,51.4982,1.000000,8,1
725,3,668.5721,411.6241,453.2845,94.1457,1.000000,8,0.9375
725,4,1518.3260,442.6135,173.4591,34.7945,1.000000,8,1
726,1,422.0740,399.4517,311.1890,69.1037,1.000000,8,1
726,2,126.0090,416.0598,261.7227,51.4887,1.000000,8,1
726,3,669.6719,411.5683,453.4319,94.1490,1.000000,8,0.9375
726,4,1519.5390,442.5931,173.5820,34.7976,1.000000,8,1
727,1,421.5345,399.5146,311.0518,69.0829,1.000000,8,1
727,2,125.7458,416.0851,261.6822,51.4794,1.000000,8,1
727,3,670.7714,411.5062,453.5786,94.1520,1.000000,8,0.9375
727,4,1520.7410,442.5810,173.7025,34.8012,1.000000,8,1
728,1,420.9976,399.5827,310.9150,69.0620,1.000000,8,1
728,2,125.4813,416.1062,261.6422,51.4702,1.000000,8,1
728,3,671.8704,411.4372,453.7234,94.1545,1.000000,8,0.8125
728,4,1521.9510,442.5597,173.8226,34.8037,1.000000,8,1
729,1,420.4630,399.6540,310.7778,69.0412,1.000000,8,1
729,2,125.2150,416.1226,261.6035,51.4612,1.000000,8,1
729,3,672.9691,411.3624,453.8674,94.1568,1.000000,8,0.9375
729,4,1523.1530,442.5448,173.9407,34.8065,1.000000,8,1
730,1,419.9302,399.7260,310.6405,69.0202,1.000000,8,1
730,2,124.9472,416.1333,261.5654,51.4523,1.000000,8,1
730,3,674.0674,411.2821,454.0117,94.1591,1.000000,8,0.75
730,4,1524.3450,442.5379,174.0570,34.8097,1.000000,8,1
731,1,419.4011,399.8021,310.5026,68.9992,1.000000,8,1
731,2,124.6787,416.1389,261.5279,51.4435,1.000000,8,1
731,3,675.1655,411.1944,454.1555,94.1612,1.000000,8,0.8125
731,4,1525.5480,442.5198,174.1731,34.8118,1.000000,8,1
732,1,418.8741,399.8808,310.3962,68.9781,1.000000,8,1
732,2,124.4087,416.1400,261.4910,51.4348,1.000000,8,1
732,3,676.2635,411.1012,454.2986,94.1631,1.000000,8,0.875
732,4,1526.7430,442.5074,174.2883,34.8143,1.000000,8,1
733,1,418.3490,399.9601,310.3114,68.9570,1.000000,8,1
733,2,124.1372,416.1362,261.4554,51.4263,1.000000,8,1
733,3,677.3611,411.0037,454.4420,94.1649,1.000000,8,0.875
733,4,1527.9310,442.5024,174.4020,34.8173,1.000000,8,1
734,1,417.8275,400.0413,310.2254,68.9357,1.000000,8,1
734,2,123.8651,416.1267,261.4198,51.4177,1.000000,8,1
734,3,678.4579,410.9002,454.5847,94.1666,1.000000,8,0.9375
734,4,1529.1310,442.4855,174.5168,34.8192,1.000000,8,1
735,1,417.3082,400.1234,310.1390,68.9143,1.000000,8,1
735,2,123.5921,416.1129,261.3847,51.4093,1.000000,8,1
735,3,679.5537,410.7926,454.7275,94.1683,1.000000,8,1
735,4,1530.3240,442.4746,174.6305,34.8216,1.000000,8,1
736,1,416.7908,400.2050,310.0521,68.8928,1.000000,8,1
736,2,123.3182,416.0949,261.3501,51.4009,1.000000,8,1
736,3,680.6487,410.6828,454.8715,94.1702,1.000000,8,0.875
736,4,1531.5120,442.4709,174.7434,34.8245,1.000000,8,1
737,1,416.2766,400.2876,309.9643,68.8710,1.000000,8,1
737,2,123.0433,416.0718,261.3159,51.3926,1.000000,8,1
737,3,681.7426,410.5685,455.0159,94.1721,1.000000,8,0.9375
737,4,1532.7130,442.4542,174.8578,34.8263,1.000000,8,1
738,1,415.7643,400.3704,309.8757,68.8491,1.000000,8,1
738,2,122.7679,416.0446,261.2825,51.3844,1.000000,8,1
738,3,682.8358,410.4518,455.1606,94.1741,1.000000,8,0.875
738,4,1533.9100,442.4430,174.9716,34.8285,1.000000,8,1
739,1,415.2534,400.4511,309.7870,68.8271,1.000000,8,1
739,2,122.4917,416.0129,261.2494,51.3762,1.000000,8,1
739,3,683.9285,410.3347,455.3066,94.1763,1.000000,8,0.9375
739,4,1535.1030,442.4385,175.0856,34.8315,1.000000,8,1
740,1,414.7446,400.5305,309.6974,68.8050,1.000000,8,1
740,2,122.2143,415.9763,261.2170,51.3681,1.000000,8,1
740,3,685.0204,410.2131,455.4537,94.1788,1.000000,8,0.9375
740,4,1536.3110,442.4206,175.2007,34.8334,1.000000,8,1
741,1,414.2366,400.6079,309.6077,68.7828,1.000000,8,1
741,2,121.9360,415.9357,261.1852,51.3601,1.000000,8,1
741,3,686.1118,410.0892,455.6021,94.1815,1.000000,8,1
741,4,1537.5120,442.4089,175.3156,34.8357,1.000000,8,1
742,1,413.7292,400.6823,309.5174,68.7604,1.000000,8,1
742,2,121.6573,415.8910,261.1537,51.3522,1.000000,8,1
742,3,687.2029,409.9654,455.7523,94.1845,1.000000,8,0.9375
742,4,1538.7070,442.4032,175.4302,34.8386,1.000000,8,1
743,1,413.2228,400.7537,309.4264,68.7378,1.000000,8,1
743,2,121.3783,415.8408,261.1223,51.3443,1.000000,8,1
743,3,688.2937,409.8379,455.9042,94.1879,1.000000,8,1
743,4,1539.9160,442.3838,175.5455,34.8403,1.000000,8,1
744,1,412.7172,400.8221,309.3347,68.7150,1.000000,8,1
744,2,121.0992,415.7868,261.0913,51.3364,1.000000,8,1
744,3,689.3843,409.7088,456.0581,94.1917,1.000000,8,0.875
744,4,1541.1180,442.3687,175.6604,34.8424,1.000000,8,1
745,1,412.2120,400.8871,309.2428,68.6922,1.000000,8,1
745,2,120.8204,415.7291,261.0604,51.3284,1.000000,8,1
745,3,690.4749,409.5803,456.2142,94.1959,1.000000,8,0.875
745,4,1542.3140,442.3592,175.7755,34.8450,1.000000,8,1
746,1,411.7063,400.9481,309.1509,68.6693,1.000000,8,1
746,2,120.5411,415.6653,261.0298,51.3206,1.000000,8,1
746,3,691.5651,409.4491,456.3732,94.2007,1.000000,8,1
746,4,1543.5220,442.3366,175.8912,34.8466,1.000000,8,1
747,1,411.2003,401.0055,309.0591,68.6464,1.000000,8,1
747,2,120.2609,415.5974,260.9998,51.3128,1.000000,8,1
747,3,692.6550,409.3172,456.5344,94.2059,1.000000,8,1
747,4,1544.7230,442.3176,176.0062,34.8483,1.000000,8,1
748,1,410.6937,401.0587,308.9675,68.6235,1.000000,8,1
748,2,119.9801,415.5268,260.9703,51.3051,1.000000,8,1
748,3,693.7450,409.1854,456.6975,94.2116,1.000000,8,1
748,4,1545.9180,442.3034,176.1212,34.8505,1.000000,8,1
749,1,410.1868,401.1064,308.8760,68.6006,1.000000,8,1
749,2,119.6984,415.4506,260.9413,51.2974,1.000000,8,1
749,3,694.8343,409.0500,456.8636,94.2177,1.000000,8,1
749,4,1547.1220,442.2772,176.2368,34.8518,1.000000,8,1
750,1,409.6789,401.1491,308.7848,68.5777,1.000000,8,1
750,2,119.4157,415.3701,260.9126,51.2898,1.000000,8,1
750,3,695.9232,408.9131,457.0316,94.2244,1.000000,8,1
750,4,1548.3200,442.2529,176.3516,34.8532,1.000000,8,1
751,1,409.1693,401.1877,308.6946,68.5550,1.000000,8,1
751,2,119.1325,415.2859,260.8842,51.2822,1.000000,8,1
751,3,697.0116,408.7768,457.2020,94.2315,1.000000,8,0.9375
751,4,1549.5140,442.2323,176.4664,34.8548,1.000000,8,1
752,1,408.6578,401.2203,308.6055,68.5325,1.000000,8,1
752,2,118.8482,415.1962,260.8566,51.2747,1.000000,8,1
752,3,698.0994,408.6357,457.3757,94.2392,1.000000,8,1
752,4,1550.7140,442.2011,176.5819,34.8557,1.000000,8,1
753,1,408.1445,401.2468,308.5172,68.5101,1.000000,8,1
753,2,118.5637,415.1027,260.8293,51.2673,1.000000,8,1
753,3,699.1870,408.4924,457.5526,94.2475,1.000000,8,1
753,4,1551.9090,442.1715,176.6971,34.8568,1.000000,8,1
754,1,407.6299,401.2679,308.4292,68.4878,1.000000,8,1
754,2,118.2784,415.0060,260.8025,51.2600,1.000000,8,1
754,3,700.2746,408.3496,457.7318,94.2563,1.000000,8,1
754,4,1553.1020,442.1448,176.8126,34.8581,1.000000,8,1
755,1,407.1122,401.2820,308.3430,68.4657,1.000000,8,1
755,2,117.9919,414.9038,260.7764,51.2527,1.000000,8,1
755,3,701.3619,408.2029,457.9142,94.2658,1.000000,8,1
755,4,1554.3020,442.1091,176.9293,34.8588,1.000000,8,1
756,1,406.5925,401.2894,308.2574,68.4438,1.000000,8,1
756,2,117.7044,414.7980,260.7508,51.2456,1.000000,8,1
756,3,702.4491,408.0550,458.0992,94.2757,1.000000,8,1
756,4,1555.5010,442.0746,177.0464,34.8597,1.000000,8,1
757,1,406.0698,401.2901,308.1733,68.4222,1.000000,8,1
757,2,117.4160,414.6892,260.7261,51.2385,1.000000,8,1
757,3,703.5365,407.9089,458.2867,94.2861,1.000000,8,1
757,4,1556.6970,442.0424,177.1639,34.8609,1.000000,8,1
758,1,405.5442,401.2835,308.0905,68.4008,1.000000,8,1
758,2,117.1263,414.5749,260.7019,51.2316,1.000000,8,1
758,3,704.6239,407.7601,458.4777,94.2973,1.000000,8,1
758,4,1557.8990,442.0046,177.2827,34.8619,1.000000,8,1
759,1,405.0156,401.2692,308.0093,68.3797,1.000000,8,1
759,2,116.8356,414.4567,260.6784,51.2248,1.000000,8,1
759,3,705.7114,407.6119,458.6716,94.3090,1.000000,8,1
759,4,1559.1010,441.9671,177.4022,34.8629,1.000000,8,1
760,1,404.4835,401.2464,307.9299,68.3589,1.000000,8,1
760,2,116.5446,414.3363,260.6550,51.2180,1.000000,8,1
760,3,706.7990,407.4670,458.8681,94.3214,1.000000,8,1
760,4,1560.3040,441.9306,177.5223,34.8642,1.000000,8,1
761,1,403.9482,401.2144,307.8519,68.3384,1.000000,8,1
761,2,116.2520,414.2114,260.6328,51.2114,1.000000,8,1
761,3,707.8870,407.3213,459.0679,94.3343,1.000000,8,1
761,4,1561.5090,441.8907,177.6443,34.8655,1.000000,8,1
762,1,403.4104,401.1745,307.7754,68.3182,1.000000,8,1
762,2,115.9583,414.0837,260.6110,51.2048,1.000000,8,1
762,3,708.9750,407.1777,459.2698,94.3477,1.000000,8,1
762,4,1562.7170,441.8494,177.7667,34.8667,1.000000,8,1
763,1,402.8697,401.1281,307.7007,68.2983,1.000000,8,1
763,2,115.6641,413.9543,260.5897,51.1983,1.000000,8,1
763,3,710.0629,407.0394,459.4739,94.3617,1.000000,8,1
763,4,1563.9280,441.8076,177.8907,34.8682,1.000000,8,1
764,1,402.3259,401.0728,307.6281,68.2788,1.000000,8,1
764,2,115.3686,413.8208,260.5690,51.1920,1.000000,8,1
764,3,711.1511,406.9032,459.6802,94.3761,1.000000,8,1
764,4,1565.1410,441.7664,178.0162,34.8699,1.000000,8,1
765,1,401.7798,401.0100,307.5569,68.2597,1.000000,8,1
765,2,115.0719,413.6850,260.5488,51.1858,1.000000,8,1
765,3,712.2396,406.7713,459.8876,94.3907,1.000000,8,1
765,4,1566.3600,441.7216,178.1433,34.8716,1.000000,8,1
766,1,401.2306,400.9402,307.4874,68.2407,1.000000,8,1
766,2,114.7737,413.5486,260.5292,51.1796,1.000000,8,1
766,3,713.3286,406.6458,460.0969,94.4058,1.000000,8,1
766,4,1567.5830,441.6747,178.2717,34.8733,1.000000,8,1
767,1,400.6780,400.8611,307.4196,68.2222,1.000000,8,1
767,2,114.4740,413.4090,260.5100,51.1735,1.000000,8,1
767,3,714.4185,406.5229,460.3074,94.4211,1.000000,8,1
767,4,1568.8060,441.6324,178.4012,34.8755,1.000000,8,1
768,1,400.1233,400.7744,307.3532,68.2040,1.000000,8,1
768,2,114.1730,413.2679,260.4912,51.1675,1.000000,8,1
768,3,715.5093,406.4045,460.5186,94.4367,1.000000,8,1
768,4,1570.0340,441.5875,178.5322,34.8778,1.000000,8,1
769,1,399.5668,400.6808,307.2889,68.1861,1.000000,8,1
769,2,113.8713,413.1272,260.4726,51.1615,1.000000,8,1
769,3,716.6009,406.2925,460.7307,94.4525,1.000000,8,1
769,4,1571.2690,441.5397,178.6642,34.8799,1.000000,8,1
770,1,399.0072,400.5783,307.2263,68.1685,1.000000,8,1
770,2,113.5686,412.9841,260.4543,51.1555,1.000000,8,1
770,3,717.6935,406.1845,460.9434,94.4684,1.000000,8,1
770,4,1572.5000,441.4983,178.7966,34.8826,1.000000,8,1
771,1,398.4454,400.4689,307.1650,68.1512,1.000000,8,1
771,2,113.2654,412.8405,260.4360,51.1496,1.000000,8,1
771,3,718.7869,406.0820,461.1563,94.4845,1.000000,8,1
771,4,1573.7390,441.4537,178.9307,34.8853,1.000000,8,1
772,1,397.8818,400.3545,307.1050,68.1342,1.000000,8,1
772,2,112.9622,412.6982,260.4175,51.1437,1.000000,8,1
772,3,719.8809,405.9872,461.3690,94.5004,1.000000,8,1
772,4,1574.9840,441.4068,179.0662,34.8880,1.000000,8,1
773,1,397.3157,400.2309,307.0467,68.1175,1.000000,8,1
773,2,112.6583,412.5545,260.3994,51.1378,1.000000,8,1
773,3,720.9755,405.8988,461.5820,94.5166,1.000000,8,1
773,4,1576.2250,441.3667,179.2017,34.8912,1.000000,8,1
774,1,396.7477,400.1006,306.9901,68.1010,1.000000,8,1
774,2,112.3542,412.4114,260.3813,51.1318,1.000000,8,1
774,3,722.0706,405.8167,461.7953,94.5330,1.000000,8,1
774,4,1577.4710,441.3265,179.3379,34.8946,1.000000,8,1
775,1,396.1786,399.9653,306.9347,68.0849,1.000000,8,1
775,2,112.0501,412.2700,260.3633,51.1260,1.000000,8,1
775,3,723.1658,405.7422,462.0085,94.5494,1.000000,8,1
775,4,1578.7230,441.2827,179.4751,34.8976,1.000000,8,1
776,1,395.6071,399.8222,306.8806,68.0689,1.000000,8,1
776,2,111.7460,412.1279,260.3451,51.1201,1.000000,8,1
776,3,724.2608,405.6739,462.2219,94.5658,1.000000,8,1
776,4,1579.9710,441.2450,179.6122,34.9013,1.000000,8,1
777,1,395.0347,399.6735,306.8266,68.0530,1.000000,8,1
777,2,111.4423,411.9865,260.3268,51.1141,1.000000,8,1
777,3,725.3553,405.6117,462.4353,94.5824,1.000000,8,1
777,4,1581.2230,441.2066,179.7494,34.9048,1.000000,8,1
778,1,394.4611,399.5208,306.7737,68.0373,1.000000,8,1
778,2,111.1391,411.8470,260.3082,51.1082,1.000000,8,1
778,3,726.4492,405.5559,462.6479,94.5989,1.000000,8,1
778,4,1582.4800,441.1637,179.8872,34.9080,1.000000,8,1
779,1,393.8859,399.3610,306.7214,68.0216,1.000000,8,1
779,2,110.8360,411.7079,260.2898,51.1022,1.000000,8,1
779,3,727.5421,405.5049,462.8605,94.6154,1.000000,8,1
779,4,1583.7320,441.1250,180.0244,34.9115,1.000000,8,1
780,1,393.3101,399.1965,306.6695,68.0060,1.000000,8,1
780,2,110.5334,411.5706,260.2711,51.0963,1.000000,8,1
780,3,728.6346,405.4579,463.0722,94.6319,1.000000,8,1
780,4,1584.9870,441.0844,180.1619,34.9148,1.000000,8,1
781,1,392.7331,399.0288,306.6185,67.9906,1.000000,8,1
781,2,110.2301,411.4357,260.2530,51.0904,1.000000,8,1
781,3,729.7188,405.4156,463.2910,94.6484,1.000000,8,1
781,4,1586.2480,441.0417,180.3000,34.9180,1.000000,8,1
782,1,392.1550,398.8550,306.5683,67.9753,1.000000,8,1
782,2,109.9273,411.3016,260.2345,51.0845,1.000000,8,1
782,3,730.7214,405.3780,463.5913,94.6648,1.000000,8,1
782,4,1587.5010,441.0027,180.4373,34.9214,1.000000,8,1
783,1,391.5770,398.6777,306.5182,67.9600,1.000000,8,1
783,2,109.6243,411.1693,260.2161,51.0786,1.000000,8,1
783,3,731.7239,405.3451,463.8909,94.6812,1.000000,8,1
783,4,1588.7580,440.9612,180.5741,34.9245,1.000000,8,1
784,1,390.9996,398.4989,306.4676,67.9446,1.000000,8,1
784,2,109.3220,411.0399,260.1974,51.0727,1.000000,8,1
784,3,732.7260,405.3178,464.1903,94.6976,1.000000,8,1
784,4,1590.0170,440.9173,180.7113,34.9274,1.000000,8,1
785,1,390.4218,398.3148,306.4178,67.9292,1.000000,8,1
785,2,109.0191,410.9124,260.1793,51.0670,1.000000,8,1
785,3,733.7279,405.2956,464.4897,94.7142,1.000000,8,1
785,4,1591.2740,440.8756,180.8480,34.9304,1.000000,8,1
786,1,389.8445,398.1280,306.3680,67.9140,1.000000,8,1
786,2,108.7160,410.7875,260.1610,51.0611,1.000000,8,1
786,3,734.7296,405.2787,464.7896,94.7309,1.000000,8,1
786,4,1592.5340,440.8323,180.9855,34.9333,1.000000,8,1
787,1,389.2667,397.9408,306.3193,67.8989,1.000000,8,1
787,2,108.4129,410.6664,260.1428,51.0554,1.000000,8,1
787,3,735.7311,405.2672,465.0901,94.7477,1.000000,8,1
787,4,1593.7970,440.7876,181.1230,34.9362,1.000000,8,1
788,1,388.6880,397.7493,306.2717,67.8841,1.000000,8,1
788,2,108.1099,410.5476,260.1244,51.0496,1.000000,8,1
788,3,736.7325,405.2605,465.3897,94.7645,1.000000,8,1
788,4,1595.0590,440.7419,181.2609,34.9390,1.000000,8,1
789,1,388.1096,397.5561,306.2244,67.8692,1.000000,8,1
789,2,107.8068,410.4320,260.1061,51.0439,1.000000,8,1
789,3,737.7338,405.2586,465.6893,94.7813,1.000000,8,1
789,4,1596.3230,440.6973,181.3988,34.9419,1.000000,8,1
790,1,387.5317,397.3636,306.1772,67.8546,1.000000,8,1
790,2,107.5034,410.3208,260.0877,51.0382,1.000000,8,1
790,3,738.7352,405.2618,465.9884,94.7980,1.000000,8,1
790,4,1597.5910,440.6537,181.5381,34.9450,1.000000,8,1
791,1,386.9527,397.1677,306.1314,67.8401,1.000000,8,1
791,2,107.2000,410.2125,260.0690,51.0324,1.000000,8,1
791,3,739.7366,405.2702,466.2878,94.8149,1.000000,8,1
791,4,1598.8660,440.6066,181.6785,34.9480,1.000000,8,1
792,1,386.3734,396.9709,306.0865,67.8259,1.000000,8,1
792,2,106.8967,410.1078,260.0500,51.0266,1.000000,8,1
792,3,740.7382,405.2831,466.5872,94.8318,1.000000,8,1
792,4,1600.1430,440.5613,181.8204,34.9512,1.000000,8,1
793,1,385.7943,396.7750,306.0420,67.8117,1.000000,8,1
793,2,106.5932,410.0080,260.0309,51.0208,1.000000,8,1
793,3,741.7402,405.2999,466.8864,94.8487,1.000000,8,1
793,4,1601.4260,440.5185,181.9634,34.9550,1.000000,8,1
794,1,385.2138,396.5764,305.9987,67.7979,1.000000,8,1
794,2,106.2893,409.9116,260.0116,51.0150,1.000000,8,1
794,3,742.7430,405.3212,467.1863,94.8656,1.000000,8,1
794,4,1602.7170,440.4702,182.1083,34.9583,1.000000,8,1
795,1,384.6323,396.3775,305.9569,67.7844,1.000000,8,1
795,2,105.9851,409.8188,259.9916,51.0091,1.000000,8,1
795,3,743.7469,405.3459,467.4855,94.8825,1.000000,8,1
795,4,1604.0080,440.4262,182.2535,34.9622,1.000000,8,1
796,1,384.0504,396.1808,305.9160,67.7711,1.000000,8,1
796,2,105.6808,409.7302,259.9716,51.0032,1.000000,8,1
796,3,744.7515,405.3737,467.7845,94.8994,1.000000,8,1
796,4,1605.3030,440.3877,182.4001,34.9667,1.000000,8,1
797,1,383.4673,395.9828,305.8760,67.7581,1.000000,8,1
797,2,105.3772,409.6446,259.9509,50.9972,1.000000,8,1
797,3,745.7566,405.4052,468.0833,94.9162,1.000000,8,1
797,4,1606.6140,440.3429,182.5500,34.9710,1.000000,8,1
798,1,382.8835,395.7856,305.8372,67.7453,1.000000,8,1
798,2,105.0745,409.5624,259.9297,50.9911,1.000000,8,1
798,3,746.7622,405.4395,468.3812,94.9328,1.000000,8,1
798,4,1607.9270,440.3044,182.7018,34.9761,1.000000,8,1
799,1,382.2987,395.5911,305.7995,67.7328,1.000000,8,1
799,2,104.7730,409.4836,259.9079,50.9849,1.000000,8,1
799,3,747.7682,405.4758,468.6793,94.9494,1.000000,8,1
799,4,1609.2460,440.2731,182.8556,34.9822,1.000000,8,1
800,1,381.7127,395.3962,305.7628,67.7206,1.000000,8,1
800,2,104.4719,409.4071,259.8856,50.9787,1.000000,8,1
800,3,748.7749,405.5148,468.9763,94.9659,1.000000,8,1
800,4,1610.5820,440.2345,183.0117,34.9878,1.000000,8,1
801,1,381.1260,395.2026,305.7271,67.7085,1.000000,8,1
801,2,104.1716,409.3330,259.8631,50.9724,1.000000,8,1
801,3,749.7818,405.5555,469.2719,94.9820,1.000000,8,1
801,4,1611.9150,440.2032,183.1688,34.9942,1.000000,8,1
802,1,380.5389,395.0125,305.6921,67.6968,1.000000,8,1
802,2,103.8725,409.2613,259.8401,50.9660,1.000000,8,1
802,3,750.7886,405.5971,469.5663,94.9979,1.000000,8,1
802,4,1613.2490,440.1802,183.3265,35.0014,1.000000,8,1
803,1,379.9508,394.8231,305.6580,67.6852,1.000000,8,1
803,2,103.5742,409.1909,259.8163,50.9594,1.000000,8,1
803,3,751.7957,405.6399,469.8586,95.0134,1.000000,8,1
803,4,1614.6030,440.1493,183.4877,35.0083,1.000000,8,1
804,1,379.3619,394.6358,305.6248,67.6739,1.000000,8,1
804,2,103.2760,409.1215,259.7926,50.9529,1.000000,8,1
804,3,752.8029,405.6832,470.1498,95.0286,1.000000,8,1
804,4,1615.9560,440.1252,183.6499,35.0159,1.000000,8,1
805,1,378.7725,394.4524,305.5927,67.6628,1.000000,8,1
805,2,102.9782,409.0532,259.7685,50.9464,1.000000,8,1
805,3,753.8101,405.7260,470.4396,95.0435,1.000000,8,1
805,4,1617.3090,440.1095,183.8125,35.0244,1.000000,8,1
806,1,378.1830,394.2708,305.5612,67.6520,1.000000,8,1
806,2,102.6807,408.9850,259.7442,50.9397,1.000000,8,1
806,3,754.8184,405.7675,470.7287,95.0582,1.000000,8,1
806,4,1618.6810,440.0848,183.9788,35.0323,1.000000,8,1
807,1,377.5937,394.0923,305.5302,67.6413,1.000000,8,1
807,2,102.3833,408.9171,259.7197,50.9330,1.000000,8,1
807,3,755.8276,405.8073,471.0165,95.0726,1.000000,8,1
807,4,1620.0510,440.0673,184.1454,35.0410,1.000000,8,1
808,1,377.0050,393.9186,305.4998,67.6307,1.000000,8,1
808,2,102.0861,408.8495,259.6948,50.9263,1.000000,8,1
808,3,756.8375,405.8452,471.3010,95.0862,1.000000,8,1
808,4,1621.4170,440.0594,184.3118,35.0506,1.000000,8,1
809,1,376.4176,393.7484,305.4694,67.6202,1.000000,8,1
809,2,101.7885,408.7812,259.6702,50.9197,1.000000,8,1
809,3,757.8482,405.8828,471.5842,95.0995,1.000000,8,1
809,4,1622.8020,440.0405,184.4812,35.0595,1.000000,8,1
810,1,375.8306,393.5823,305.4394,67.6099,1.000000,8,1
810,2,101.4907,408.7124,259.6454,50.9129,1.000000,8,1
810,3,758.8596,405.9190,471.8661,95.1125,1.000000,8,1
810,4,1624.1850,440.0276,184.6510,35.0690,1.000000,8,1
811,1,375.2437,393.4209,305.4100,67.5997,1.000000,8,1
811,2,101.1921,408.6433,259.6208,50.9062,1.000000,8,1
811,3,759.8712,405.9520,472.1461,95.1251,1.000000,8,1
811,4,1625.5630,440.0236,184.8210,35.0793,1.000000,8,1
812,1,374.6573,393.2628,305.3806,67.5896,1.000000,8,1
812,2,100.8928,408.5728,259.5966,50.8996,1.000000,8,1
812,3,760.8837,405.9820,472.4251,95.1373,1.000000,8,1
812,4,1626.9580,440.0101,184.9940,35.0891,1.000000,8,1
813,1,374.0715,393.1089,305.3512,67.5795,1.000000,8,1
813,2,100.5928,408.5014,259.5725,50.8930,1.000000,8,1
813,3,761.8970,406.0080,472.7034,95.1493,1.000000,8,1
813,4,1628.3530,440.0015,185.1681,35.0994,1.000000,8,1
814,1,373.4862,392.9606,305.3219,67.5696,1.000000,8,1
814,2,100.2922,408.4299,259.5485,50.8864,1.000000,8,1
814,3,762.9108,406.0284,472.9802,95.1610,1.000000,8,1
814,4,1629.7440,439.9981,185.3425,35.1103,1.000000,8,1
815,1,372.9019,392.8168,305.2926,67.5596,1.000000,8,1
815,2,99.9897,408.3572,259.5251,50.8799,1.000000,8,1
815,3,763.9255,406.0427,473.2567,95.1723,1.000000,8,1
815,4,1631.1510,439.9841,185.5189,35.1205,1.000000,8,1
816,1,372.3182,392.6774,305.2633,67.5497,1.000000,8,1
816,2,99.6864,408.2840,259.5020,50.8735,1.000000,8,1
816,3,764.9411,406.0503,473.5335,95.1836,1.000000,8,1
816,4,1632.5550,439.9734,185.6959,35.1312,1.000000,8,1
817,1,371.7342,392.5433,305.2347,67.5400,1.000000,8,1
817,2,99.3830,408.2106,259.4790,50.8671,1.000000,8,1
817,3,765.9574,406.0501,473.8108,95.1949,1.000000,8,1
817,4,1633.9590,439.9662,185.8744,35.1423,1.000000,8,1
818,1,371.1520,392.4143,305.2055,67.5302,1.000000,8,1
818,2,99.0781,408.1367,259.4564,50.8608,1.000000,8,1
818,3,766.9746,406.0411,474.0891,95.2062,1.000000,8,1
818,4,1635.3810,439.9478,186.0563,35.1529,1.000000,8,1
819,1,370.5710,392.2904,305.1762,67.5205,1.000000,8,1
819,2,98.7719,408.0626,259.4344,50.8546,1.000000,8,1
819,3,767.9927,406.0226,474.3684,95.2175,1.000000,8,1
819,4,1636.8030,439.9325,186.2399,35.1639,1.000000,8,1
820,1,369.9904,392.1726,305.1475,67.5110,1.000000,8,1
820,2,98.4641,407.9887,259.4128,50.8485,1.000000,8,1
820,3,769.0112,405.9940,474.6495,95.2291,1.000000,8,1
820,4,1638.2250,439.9203,186.4242,35.1755,1.000000,8,1
821,1,369.4115,392.0602,305.1187,67.5014,1.000000,8,1
821,2,98.1550,407.9153,259.3918,50.8424,1.000000,8,1
821,3,770.0302,405.9550,474.9340,95.2411,1.000000,8,1
821,4,1639.6660,439.8971,186.6130,35.1866,1.000000,8,1
822,1,368.8336,391.9531,305.0901,67.4920,1.000000,8,1
822,2,97.8450,407.8423,259.3711,50.8366,1.000000,8,1
822,3,771.0490,405.9065,475.2218,95.2536,1.000000,8,1
822,4,1641.1080,439.8755,186.8032,35.1981,1.000000,8,1
823,1,368.2556,391.8519,305.0626,67.4830,1.000000,8,1
823,2,97.5344,407.7704,259.3505,50.8307,1.000000,8,1
823,3,772.0672,405.8490,475.5140,95.2670,1.000000,8,1
823,4,1642.5480,439.8571,186.9941,35.2100,1.000000,8,1
824,1,367.6801,391.7563,305.0347,67.4739,1.000000,8,1
824,2,97.2225,407.7001,259.3304,50.8248,1.000000,8,1
824,3,773.0852,405.7810,475.8118,95.2813,1.000000,8,1
824,4,1644.0040,439.8293,187.1886,35.2215,1.000000,8,1
825,1,367.1060,391.6662,305.0067,67.4648,1.000000,8,1
825,2,96.9097,407.6316,259.3105,50.8191,1.000000,8,1
825,3,774.1033,405.7036,476.1150,95.2965,1.000000,8,1
825,4,1645.4630,439.8020,187.3848,35.2333,1.000000,8,1
826,1,366.5323,391.5819,304.9796,67.4559,1.000000,8,1
826,2,96.5954,407.5648,259.2908,50.8134,1.000000,8,1
826,3,775.1211,405.6180,476.4242,95.3128,1.000000,8,1
826,4,1646.9200,439.7766,187.5814,35.2454,1.000000,8,1
827,1,365.9605,391.5034,304.9526,67.4473,1.000000,8,1
827,2,96.2799,407.5005,259.2711,50.8077,1.000000,8,1
827,3,776.1392,405.5232,476.7405,95.3304,1.000000,8,1
827,4,1648.3890,439.7444,187.7808,35.2572,1.000000,8,1
828,1,365.3896,391.4305,304.9262,67.4388,1.000000,8,1
828,2,95.9633,407.4384,259.2514,50.8022,1.000000,8,1
828,3,777.1571,405.4214,477.0636,95.3492,1.000000,8,1
828,4,1649.8600,439.7111,187.9813,35.2690,1.000000,8,1
829,1,364.8197,391.3633,304.9001,67.4304,1.000000,8,1
829,2,95.6459,407.3788,259.2319,50.7965,1.000000,8,1
829,3,778.1750,405.3152,477.3939,95.3694,1.000000,8,1
829,4,1651.3310,439.6784,188.1823,35.2811,1.000000,8,1
830,1,364.2506,391.3010,304.8748,67.4222,1.000000,8,1
830,2,95.3272,407.3214,259.2123,50.7909,1.000000,8,1
830,3,779.1930,405.2039,477.7325,95.3912,1.000000,8,1
830,4,1652.8090,439.6437,188.3860,35.2932,1.000000,8,1
831,1,363.6820,391.2436,304.8501,67.4143,1.000000,8,1
831,2,95.0076,407.2665,259.1927,50.7853,1.000000,8,1
831,3,780.2107,405.0896,478.0793,95.4145,1.000000,8,1
831,4,1654.2920,439.6078,188.5903,35.3054,1.000000,8,1
832,1,363.1140,391.1923,304.8255,67.4064,1.000000,8,1
832,2,94.6880,407.2144,259.1730,50.7797,1.000000,8,1
832,3,781.2286,404.9737,478.4343,95.4394,1.000000,8,1
832,4,1655.7740,439.5708,188.7952,35.3175,1.000000,8,1
833,1,362.5472,391.1460,304.8013,67.3987,1.000000,8,1
833,2,94.3690,407.1657,259.1529,50.7741,1.000000,8,1
833,3,782.2471,404.8558,478.8004,95.4665,1.000000,8,1
833,4,1657.2620,439.5339,189.0020,35.3298,1.000000,8,1
834,1,361.9808,391.1047,304.7775,67.3911,1.000000,8,1
834,2,94.0501,407.1202,259.1330,50.7685,1.000000,8,1
834,3,783.2657,404.7388,479.1757,95.4953,1.000000,8,1
834,4,1658.7540,439.4970,189.2094,35.3423,1.000000,8,1
835,1,361.4143,391.0688,304.7538,67.3836,1.000000,8,1
835,2,93.7310,407.0775,259.1135,50.7629,1.000000,8,1
835,3,784.2848,404.6250,479.5587,95.5257,1.000000,8,1
835,4,1660.2470,439.4594,189.4169,35.3546,1.000000,8,1
836,1,360.8489,391.0376,304.7300,67.3762,1.000000,8,1
836,2,93.4129,407.0380,259.0938,50.7575,1.000000,8,1
836,3,785.3049,404.5124,479.9520,95.5580,1.000000,8,1
836,4,1661.7420,439.4237,189.6254,35.3673,1.000000,8,1
837,1,360.2835,391.0107,304.7064,67.3688,1.000000,8,1
837,2,93.0957,407.0011,259.0739,50.7520,1.000000,8,1
837,3,786.3262,404.4030,480.3547,95.5923,1.000000,8,1
837,4,1663.2390,439.3875,189.8342,35.3798,1.000000,8,1
838,1,359.7177,390.9885,304.6829,67.3615,1.000000,8,1
838,2,92.7791,406.9666,259.0542,50.7465,1.000000,8,1
838,3,787.3492,404.2980,480.7661,95.6282,1.000000,8,1
838,4,1664.7390,439.3497,190.0430,35.3922,1.000000,8,1
839,1,359.1523,390.9708,304.6591,67.3542,1.000000,8,1
839,2,92.4628,406.9351,259.0351,50.7412,1.000000,8,1
839,3,788.3746,404.1972,481.1881,95.6661,1.000000,8,1
839,4,1666.2370,439.3137,190.2520,35.4048,1.000000,8,1
840,1,358.5868,390.9573,304.6352,67.3469,1.000000,8,1
840,2,92.1473,406.9058,259.0160,50.7359,1.000000,8,1
840,3,789.4019,404.1021,481.6191,95.7058,1.000000,8,1
840,4,1667.7350,439.2779,190.4604,35.4173,1.000000,8,1
841,1,358.0212,390.9477,304.6107,67.3395,1.000000,8,1
841,2,91.8319,406.8785,258.9972,50.7307,1.000000,8,1
841,3,790.4309,404.0135,482.0574,95.7468,1.000000,8,1
841,4,1669.2320,439.2403,190.6683,35.4295,1.000000,8,1
842,1,357.4545,390.9414,304.5867,67.3322,1.000000,8,1
842,2,91.5176,406.8530,258.9785,50.7256,1.000000,8,1
842,3,791.4617,403.9308,482.5034,95.7894,1.000000,8,1
842,4,1670.7260,439.2027,190.8757,35.4416,1.000000,8,1
843,1,356.8875,390.9387,304.5622,67.3248,1.000000,8,1
843,2,91.2035,406.8293,258.9607,50.7206,1.000000,8,1
843,3,792.4939,403.8538,482.9553,95.8332,1.000000,8,1
843,4,1672.2180,439.1637,191.0823,35.4535,1.000000,8,1
844,1,356.3200,390.9392,304.5373,67.3174,1.000000,8,1
844,2,90.8893,406.8069,258.9431,50.7156,1.000000,8,1
844,3,793.5275,403.7825,483.4135,95.8781,1.000000,8,1
844,4,1673.7080,439.1235,191.2878,35.4650,1.000000,8,1
845,1,355.7522,390.9416,304.5121,67.3099,1.000000,8,1
845,2,90.5751,406.7851,258.9261,50.7109,1.000000,8,1
845,3,794.5627,403.7154,483.8774,95.9242,1.000000,8,1
845,4,1675.1930,439.0826,191.4917,35.4764,1.000000,8,1
846,1,355.1843,390.9460,304.4860,67.3023,1.000000,8,1
846,2,90.2611,406.7636,258.9095,50.7062,1.000000,8,1
846,3,795.5997,403.6523,484.3459,95.9711,1.000000,8,1
846,4,1676.6760,439.0405,191.6956,35.4874,1.000000,8,1
847,1,354.6155,390.9530,304.4599,67.2947,1.000000,8,1
847,2,89.9469,406.7427,258.8934,50.7016,1.000000,8,1
847,3,796.6382,403.5930,484.8193,96.0188,1.000000,8,1
847,4,1678.1580,438.9982,191.8979,35.4984,1.000000,8,1
848,1,354.0463,390.9613,304.4336,67.2870,1.000000,8,1
848,2,89.6315,406.7215,258.8782,50.6973,1.000000,8,1
848,3,797.6786,403.5372,485.2975,96.0675,1.000000,8,1
848,4,1679.6350,438.9541,192.0996,35.5090,1.000000,8,1
849,1,353.4771,390.9707,304.4075,67.2794,1.000000,8,1
849,2,89.3155,406.7003,258.8638,50.6930,1.000000,8,1
849,3,798.7206,403.4843,485.7794,96.1168,1.000000,8,1
849,4,1681.1090,438.9098,192.2999,35.5195,1.000000,8,1
850,1,352.9077,390.9817,304.3815,67.2717,1.000000,8,1
850,2,88.9986,406.6787,258.8499,50.6889,1.000000,8,1
850,3,799.7640,403.4342,486.2640,96.1666,1.000000,8,1
850,4,1682.5810,438.8654,192.4993,35.5297,1.000000,8,1
851,1,352.3390,390.9933,304.3556,67.2642,1.000000,8,1
851,2,88.6806,406.6563,258.8370,50.6849,1.000000,8,1
851,3,800.8098,403.3857,486.7524,96.2170,1.000000,8,1
851,4,1684.0520,438.8170,192.6979,35.5394,1.000000,8,1
852,1,351.7706,391.0060,304.3304,67.2567,1.000000,8,1
852,2,88.3617,406.6331,258.8246,50.6811,1.000000,8,1
852,3,801.8579,403.3381,487.2439,96.2679,1.000000,8,1
852,4,1685.5160,438.7728,192.8945,35.5493,1.000000,8,1
853,1,351.2030,391.0194,304.3049,67.2494,1.000000,8,1
853,2,88.0412,406.6091,258.8130,50.6774,1.000000,8,1
853,3,802.9084,403.2919,487.7375,96.3190,1.000000,8,1
853,4,1686.9710,438.7324,193.0890,35.5592,1.000000,8,1
854,1,350.6347,391.0311,304.2804,67.2422,1.000000,8,1
854,2,87.7185,406.5834,258.8024,50.6739,1.000000,8,1
854,3,803.9615,403.2483,488.2339,96.3705,1.000000,8,1
854,4,1688.4250,438.6878,193.2823,35.5685,1.000000,8,1
855,1,350.0659,391.0422,304.2564,67.2351,1.000000,8,1
855,2,87.3940,406.5566,258.7926,50.6706,1.000000,8,1
855,3,805.0165,403.2069,488.7316,96.4223,1.000000,8,1
855,4,1689.8690,438.6479,193.4733,35.5779,1.000000,8,1
856,1,349.4971,391.0525,304.2328,67.2281,1.000000,8,1
856,2,87.0670,406.5292,258.7838,50.6675,1.000000,8,1
856,3,806.0729,403.1674,489.2300,96.4741,1.000000,8,1
856,4,1691.3030,438.6131,193.6621,35.5875,1.000000,8,1
857,1,348.9270,391.0598,304.2101,67.2212,1.000000,8,1
857,2,86.7381,406.4996,258.7758,50.6645,1.000000,8,1
857,3,807.1311,403.1292,489.7290,96.5259,1.000000,8,1
857,4,1692.7380,438.5745,193.8491,35.5964,1.000000,8,1
858,1,348.3563,391.0648,304.1876,67.2145,1.000000,8,1
858,2,86.4066,406.4687,258.7689,50.6617,1.000000,8,1
858,3,808.1909,403.0913,490.2283,96.5776,1.000000,8,1
858,4,1694.1650,438.5408,194.0349,35.6056,1.000000,8,1
859,1,347.7853,391.0681,304.1656,67.2077,1.000000,8,1
859,2,86.0725,406.4371,258.7630,50.6591,1.000000,8,1
859,3,809.2526,403.0535,490.7277,96.6293,1.000000,8,1
859,4,1695.5850,438.5132,194.2195,35.6151,1.000000,8,1
860,1,347.2131,391.0688,304.1443,67.2012,1.000000,8,1
860,2,85.7364,406.4034,258.7577,50.6567,1.000000,8,1
860,3,810.3158,403.0158,491.2261,96.6806,1.000000,8,1
860,4,1697.0100,438.4821,194.4034,35.6242,1.000000,8,1
861,1,346.6397,391.0675,304.1238,67.1948,1.000000,8,1
861,2,85.3980,406.3686,258.7532,50.6543,1.000000,8,1
861,3,811.3807,402.9775,491.7236,96.7316,1.000000,8,1
861,4,1698.4280,438.4567,194.5864,35.6336,1.000000,8,1
862,1,346.0655,391.0649,304.1040,67.1885,1.000000,8,1
862,2,85.0574,406.3332,258.7496,50.6522,1.000000,8,1
862,3,812.4475,402.9372,492.2205,96.7823,1.000000,8,1
862,4,1699.8400,438.4384,194.7678,35.6435,1.000000,8,1
863,1,345.4905,391.0596,304.0844,67.1823,1.000000,8,1
863,2,84.7150,406.2962,258.7465,50.6502,1.000000,8,1
863,3,813.5159,402.8953,492.7155,96.8325,1.000000,8,1
863,4,1701.2590,438.4170,194.9493,35.6530,1.000000,8,1
864,1,344.9148,391.0526,304.0653,67.1762,1.000000,8,1
864,2,84.3706,406.2581,258.7439,50.6482,1.000000,8,1
864,3,814.5859,402.8517,493.2093,96.8824,1.000000,8,1
864,4,1702.6730,438.4011,195.1304,35.6630,1.000000,8,1
865,1,344.3381,391.0449,304.0469,67.1702,1.000000,8,1
865,2,84.0233,406.2195,258.7428,50.6465,1.000000,8,1
865,3,815.6573,402.8064,493.7012,96.9317,1.000000,8,1
865,4,1704.0820,438.3923,195.3105,35.6733,1.000000,8,1
866,1,343.7604,391.0358,304.0286,67.1643,1.000000,8,1
866,2,83.6742,406.1793,258.7421,50.6450,1.000000,8,1
866,3,816.7300,402.7588,494.1913,96.9805,1.000000,8,1
866,4,1705.4960,438.3813,195.4902,35.6835,1.000000,8,1
867,1,343.1822,391.0259,304.0105,67.1584,1.000000,8,1
867,2,83.3233,406.1381,258.7422,50.6435,1.000000,8,1
867,3,817.8039,402.7093,494.6793,97.0288,1.000000,8,1
867,4,1706.9070,438.3757,195.6699,35.6940,1.000000,8,1
868,1,342.6035,391.0158,303.9926,67.1526,1.000000,8,1
868,2,82.9707,406.0963,258.7430,50.6422,1.000000,8,1
868,3,818.8785,402.6585,495.1654,97.0766,1.000000,8,1
868,4,1708.3120,438.3763,195.8488,35.7049,1.000000,8,1
869,1,342.0234,391.0047,303.9752,67.1468,1.000000,8,1
869,2,82.6167,406.0540,258.7444,50.6411,1.000000,8,1
869,3,819.9536,402.6059,495.6484,97.1238,1.000000,8,1
869,4,1709.7200,438.3739,196.0266,35.7154,1.000000,8,1
870,1,341.4423,390.9937,303.9580,67.1411,1.000000,8,1
870,2,82.2612,406.0112,258.7466,50.6401,1.000000,8,1
870,3,821.0287,402.5515,496.1292,97.1704,1.000000,8,1
870,4,1711.1240,438.3730,196.2036,35.7260,1.000000,8,1
871,1,340.8611,390.9842,303.9405,67.1353,1.000000,8,1
871,2,81.9050,405.9677,258.7494,50.6391,1.000000,8,1
871,3,822.1042,402.4955,496.6070,97.2164,1.000000,8,1
871,4,1712.5240,438.3757,196.3799,35.7368,1.000000,8,1
872,1,340.2788,390.9749,303.9230,67.1296,1.000000,8,1
872,2,81.5484,405.9238,258.7524,50.6382,1.000000,8,1
872,3,823.1798,402.4380,497.0826,97.2618,1.000000,8,1
872,4,1713.9270,438.3762,196.5558,35.7472,1.000000,8,1
873,1,339.6962,390.9667,303.9050,67.1236,1.000000,8,1
873,2,81.1909,405.8797,258.7560,50.6376,1.000000,8,1
873,3,824.2559,402.3798,497.5566,97.3069,1.000000,8,1
873,4,1715.3250,438.3798,196.7312,35.7579,1.000000,8,1
874,1,339.1141,390.9596,303.8861,67.1176,1.000000,8,1
874,2,80.8324,405.8361,258.7604,50.6369,1.000000,8,1
874,3,825.3328,402.3213,498.0293,97.3516,1.000000,8,1
874,4,1716.7200,438.3867,196.9058,35.7687,1.000000,8,1
875,1,338.5303,390.9529,303.8671,67.1115,1.000000,8,1
875,2,80.4748,405.7921,258.7646,50.6364,1.000000,8,1
875,3,826.4104,402.2624,498.5010,97.3960,1.000000,8,1
875,4,1718.1180,438.3918,197.0801,35.7793,1.000000,8,1
876,1,337.9462,390.9472,303.8479,67.1053,1.000000,8,1
876,2,80.1176,405.7487,258.7692,50.6358,1.000000,8,1
876,3,827.4890,402.2035,498.9716,97.4402,1.000000,8,1
876,4,1719.5120,438.4005,197.2537,35.7901,1.000000,8,1
877,1,337.3625,390.9429,303.8277,67.0990,1.000000,8,1
877,2,79.7609,405.7068,258.7737,50.6353,1.000000,8,1
877,3,828.5685,402.1451,499.4410,97.4840,1.000000,8,1
877,4,1720.9020,438.4126,197.4263,35.8011,1.000000,8,1
878,1,336.7786,390.9389,303.8070,67.0924,1.000000,8,1
878,2,79.4059,405.6648,258.7779,50.6347,1.000000,8,1
878,3,829.6494,402.0870,499.9102,97.5277,1.000000,8,1
878,4,1722.2930,438.4245,197.5980,35.8119,1.000000,8,1
879,1,336.1952,390.9352,303.7852,67.0857,1.000000,8,1
879,2,79.0519,405.6237,258.7819,50.6341,1.000000,8,1
879,3,830.7313,402.0298,500.3790,97.5712,1.000000,8,1
879,4,1723.6800,438.4407,197.7687,35.8229,1.000000,8,1
880,1,335.6125,390.9324,303.7681,67.0787,1.000000,8,1
880,2,78.6992,405.5841,258.7859,50.6335,1.000000,8,1
880,3,831.8146,401.9736,500.8468,97.6145,1.000000,8,1
880,4,1725.0630,438.4608,197.9392,35.8341,1.000000,8,1
881,1,335.0309,390.9300,303.7502,67.0717,1.000000,8,1
881,2,78.3478,405.5447,258.7890,50.6327,1.000000,8,1
881,3,832.8992,401.9181,501.3147,97.6577,1.000000,8,1
881,4,1726.4490,438.4802,198.1089,35.8451,1.000000,8,1
882,1,334.4506,390.9280,303.7318,67.0645,1.000000,8,1
882,2,77.9977,405.5061,258.7916,50.6318,1.000000,8,1
882,3,833.9850,401.8637,501.7823,97.7007,1.000000,8,1
882,4,1727.8320,438.5038,198.2767,35.8564,1.000000,8,1
883,1,333.8712,390.9261,303.7128,67.0572,1.000000,8,1
883,2,77.6491,405.4690,258.7933,50.6308,1.000000,8,1
883,3,835.0718,401.8113,502.2494,97.7436,1.000000,8,1
883,4,1729.2100,438.5319,198.4446,35.8679,1.000000,8,1
884,1,333.2926,390.9232,303.6931,67.0497,1.000000,8,1
884,2,77.3016,405.4330,258.7946,50.6296,1.000000,8,1
884,3,836.1584,401.7612,502.7161,97.7864,1.000000,8,1
884,4,1730.5900,438.5607,198.6116,35.8794,1.000000,8,1
885,1,332.7147,390.9197,303.6731,67.0421,1.000000,8,1
885,2,76.9552,405.3983,258.7952,50.6284,1.000000,8,1
885,3,837.2455,401.7120,503.1819,97.8290,1.000000,8,1
885,4,1731.9690,438.5925,198.7778,35.8910,1.000000,8,1
886,1,332.1372,390.9154,303.6527,67.0344,1.000000,8,1
886,2,76.6103,405.3655,258.7953,50.6270,1.000000,8,1
886,3,838.3336,401.6628,503.6469,97.8713,1.000000,8,1
886,4,1733.3470,438.6264,198.9440,35.9027,1.000000,8,1
887,1,331.5599,390.9088,303.6318,67.0266,1.000000,8,1
887,2,76.2671,405.3339,258.7946,50.6255,1.000000,8,1
887,3,839.4229,401.6141,504.1116,97.9135,1.000000,8,1
887,4,1734.7310,438.6596,199.1105,35.9143,1.000000,8,1
888,1,330.9828,390.9006,303.6107,67.0187,1.000000,8,1
888,2,75.9247,405.3035,258.7933,50.6239,1.000000,8,1
888,3,840.5134,401.5664,504.5759,97.9556,1.000000,8,1
888,4,1736.1160,438.6957,199.2777,35.9263,1.000000,8,1
889,1,330.4056,390.8909,303.5897,67.0109,1.000000,8,1
889,2,75.5833,405.2751,258.7918,50.6223,1.000000,8,1
889,3,841.6052,401.5195,505.0397,97.9975,1.000000,8,1
889,4,1737.5030,438.7339,199.4447,35.9384,1.000000,8,1
890,1,329.8278,390.8792,303.5690,67.0030,1.000000,8,1
890,2,75.2432,405.2483,258.7899,50.6205,1.000000,8,1
890,3,842.6982,401.4737,505.5037,98.0392,1.000000,8,1
890,4,1738.8980,438.7677,199.6130,35.9502,1.000000,8,1
891,1,329.2501,390.8658,303.5476,66.9951,1.000000,8,1
891,2,74.9037,405.2227,258.7874,50.6187,1.000000,8,1
891,3,843.7922,401.4298,505.9672,98.0809,1.000000,8,1
891,4,1740.2960,438.8036,199.7819,35.9623,1.000000,8,1
892,1,328.6722,390.8504,303.5265,66.9871,1.000000,8,1
892,2,74.5644,405.1987,258.7849,50.6168,1.000000,8,1
892,3,844.8872,401.3890,506.4299,98.1224,1.000000,8,1
892,4,1741.6950,438.8416,199.9514,35.9746,1.000000,8,1
893,1,328.0925,390.8327,303.5061,66.9793,1.000000,8,1
893,2,74.2259,405.1754,258.7817,50.6149,1.000000,8,1
893,3,845.9832,401.3502,506.8926,98.1637,1.000000,8,1
893,4,1743.1060,438.8735,200.1228,35.9865,1.000000,8,1
894,1,327.5114,390.8135,303.4862,66.9715,1.000000,8,1
894,2,73.8875,405.1528,258.7786,50.6130,1.000000,8,1
894,3,847.0796,401.3140,507.3552,98.2051,1.000000,8,1
894,4,1744.5190,438.9072,200.2949,35.9988,1.000000,8,1
895,1,326.9296,390.7930,303.4666,66.9639,1.000000,8,1
895,2,73.5491,405.1315,258.7753,50.6110,1.000000,8,1
895,3,848.1769,401.2813,507.8169,98.2463,1.000000,8,1
895,4,1745.9320,438.9430,200.4677,36.0113,1.000000,8,1
896,1,326.3455,390.7705,303.4482,66.9564,1.000000,8,1
896,2,73.2107,405.1111,258.7719,50.6090,1.000000,8,1
896,3,849.2744,401.2522,508.2787,98.2875,1.000000,8,1
896,4,1747.3580,438.9701,200.6427,36.0232,1.000000,8,1
897,1,325.7599,390.7466,303.4302,66.9491,1.000000,8,1
897,2,72.8725,405.0912,258.7684,50.6071,1.000000,8,1
897,3,850.3724,401.2260,508.7400,98.3285,1.000000,8,1
897,4,1748.7860,438.9979,200.8187,36.0353,1.000000,8,1
898,1,325.1723,390.7220,303.4135,66.9421,1.000000,8,1
898,2,72.5342,405.0722,258.7649,50.6051,1.000000,8,1
898,3,851.4709,401.2032,509.2011,98.3695,1.000000,8,1
898,4,1750.2150,439.0276,200.9958,36.0477,1.000000,8,1
899,1,324.5824,390.6961,303.3977,66.9353,1.000000,8,1
899,2,72.1955,405.0532,258.7614,50.6031,1.000000,8,1
899,3,852.5691,401.1840,509.6617,98.4105,1.000000,8,1
899,4,1751.6570,439.0467,201.1749,36.0594,1.000000,8,1
900,1,323.9905,390.6695,303.3826,66.9286,1.000000,8,1
900,2,71.8568,405.0345,258.7578,50.6010,1.000000,8,1
900,3,853.6674,401.1675,510.1228,98.4515,1.000000,8,1
900,4,1753.0990,439.0665,201.3541,36.0712,1.000000,8,1
901,1,323.3966,390.6424,303.3690,66.9223,1.000000,8,1
901,2,71.5180,405.0169,258.7542,50.5991,1.000000,8,1
901,3,854.7661,401.1532,510.5836,98.4925,1.000000,8,1
901,4,1754.5400,439.0885,201.5347,36.0834,1.000000,8,1
902,1,322.8002,390.6152,303.3563,66.9161,1.000000,8,1
902,2,71.1787,404.9993,258.7506,50.5971,1.000000,8,1
902,3,855.8655,401.1413,511.0449,98.5335,1.000000,8,1
902,4,1755.9950,439.0982,201.7170,36.0946,1.000000,8,1
903,1,322.2015,390.5880,303.3447,66.9103,1.000000,8,1
903,2,70.8393,404.9820,258.7471,50.5951,1.000000,8,1
903,3,856.9658,401.1313,511.5070,98.5746,1.000000,8,1
903,4,1757.4490,439.1103,201.9000,36.1062,1.000000,8,1
904,1,321.6005,390.5605,303.3346,66.9048,1.000000,8,1
904,2,70.4994,404.9653,258.7437,50.5932,1.000000,8,1
904,3,858.0674,401.1234,511.9700,98.6158,1.000000,8,1
904,4,1758.9010,439.1258,202.0837,36.1182,1.000000,8,1
905,1,318.1161,390.4414,303.2867,66.8757,1.000000,8,1
905,2,68.5383,404.8835,258.7235,50.5819,1.000000,8,1
905,3,864.4540,401.1131,514.6603,98.8556,1.000000,8,1
905,4,1767.3200,439.2408,203.1599,36.1916,1.000000,8,1
