1,1,741.0745,469.5543,299.7148,75.3256,1.000000,0,1
1,2,1188.9210,520.0031,65.9922,21.4035,1.000000,0,1
1,3,136.4731,520.9727,103.1626,14.6204,1.000000,0,1
1,4,321.3652,479.4606,431.7147,65.0320,1.000000,0,1
1,5,1083.5750,518.5819,57.3014,24.3956,1.000000,0,1
1,6,-45.7326,517.2938,161.5084,19.4283,1.000000,0,1
2,1,741.0745,469.5543,299.7148,75.3256,1.000000,0,1
2,2,1188.9210,520.0031,65.9922,21.4035,1.000000,0,1
2,3,136.4731,520.9727,103.1626,14.6204,1.000000,0,1
2,4,321.3652,479.4606,431.7147,65.0320,1.000000,0,1
2,5,1083.5750,518.5819,57.3014,24.3956,1.000000,0,1
2,6,-45.7326,517.2938,161.5084,19.4283,1.000000,0,1
3,1,741.0745,469.5543,299.7148,75.3256,1.000000,0,1
3,2,1188.9210,520.0031,65.9922,21.4035,1.000000,0,1
3,3,136.4731,520.9727,103.1626,14.6204,1.000000,0,1
3,4,321.3652,479.4606,431.7147,65.0320,1.000000,0,1
3,5,1083.5750,518.5819,57.3014,24.3956,1.000000,0,1
3,6,-45.7326,517.2938,161.5084,19.4283,1.000000,0,1
4,1,741.1548,469.6463,299.7415,75.3315,1.000000,0,1
4,2,1188.6950,519.9459,65.9788,21.3999,1.000000,0,1
4,3,136.6497,520.7181,103.1529,14.6055,1.000000,0,1
4,4,321.2402,479.6035,431.7207,65.0384,1.000000,0,1
4,5,1083.4000,518.6059,57.2931,24.3960,1.000000,0,1
4,6,-45.6326,517.2381,161.5050,19.4231,1.000000,0,1
5,1,741.2983,469.7968,299.7917,75.3425,1.000000,0,1
5,2,1188.3280,519.9230,65.9583,21.3972,1.000000,0,1
5,3,136.9447,520.3290,103.1387,14.5830,1.000000,0,1
5,4,321.0069,479.8644,431.7250,65.0492,1.000000,0,1
5,5,1083.0870,518.6563,57.2782,24.3970,1.000000,0,1
5,6,-45.4627,517.1724,161.5036,19.4175,1.000000,0,1
6,1,741.4850,469.9789,299.8577,75.3564,1.000000,0,1
6,2,1187.8640,519.9258,65.9327,21.3952,1.000000,0,1
6,3,137.3223,519.8741,103.1231,14.5568,1.000000,0,1
6,4,320.6874,480.2076,431.7248,65.0628,1.000000,0,1
6,5,1082.6800,518.7242,57.2587,24.3982,1.000000,0,1
6,6,-45.2402,517.1063,161.5043,19.4122,1.000000,0,1
7,1,741.7024,470.1810,299.9323,75.3717,1.000000,0,1
7,2,1187.3260,519.9442,65.9033,21.3936,1.000000,0,1
7,3,137.7659,519.4024,103.1066,14.5297,1.000000,0,1
7,4,320.2936,480.6025,431.7164,65.0775,1.000000,0,1
7,5,1082.2060,518.8010,57.2358,24.3995,1.000000,0,1
7,6,-44.9632,517.0406,161.5049,19.4072,1.000000,0,1
8,1,741.9357,470.3975,300.0084,75.3872,1.000000,0,1
8,2,1186.7400,519.9693,65.8709,21.3920,1.000000,0,1
8,3,138.2562,518.9512,103.0893,14.5036,1.000000,0,1
8,4,319.8565,481.0054,431.6914,65.0906,1.000000,0,1
8,5,1081.6900,518.8790,57.2113,24.4008,1.000000,0,1
8,6,-44.6336,516.9702,161.5025,19.4015,1.000000,0,1
9,1,742.1805,470.6204,300.0859,75.4028,1.000000,0,1
9,2,1186.1200,519.9962,65.8363,21.3901,1.000000,0,1
9,3,138.7773,518.5365,103.0727,14.4797,1.000000,0,1
9,4,319.3843,481.4105,431.6524,65.1022,1.000000,0,1
9,5,1081.1460,518.9570,57.1851,24.4020,1.000000,0,1
9,6,-44.2648,516.8981,161.4980,19.3954,1.000000,0,1
10,1,742.4357,470.8423,300.1646,75.4182,1.000000,0,1
10,2,1185.4740,520.0211,65.7998,21.3880,1.000000,0,1
10,3,139.3192,518.1743,103.0574,14.4587,1.000000,0,1
10,4,318.8808,481.8130,431.6010,65.1124,1.000000,0,1
10,5,1080.5820,519.0339,57.1580,24.4030,1.000000,0,1
10,6,-43.8645,516.8263,161.4927,19.3894,1.000000,0,1
11,1,742.6983,471.0601,300.2437,75.4332,1.000000,0,1
11,2,1184.8120,520.0424,65.7627,21.3856,1.000000,0,1
11,3,139.8721,517.8616,103.0441,14.4408,1.000000,0,1
11,4,318.3539,482.2076,431.5422,65.1216,1.000000,0,1
11,5,1080.0050,519.1063,57.1303,24.4037,1.000000,0,1
11,6,-43.4433,516.7547,161.4867,19.3834,1.000000,0,1
12,1,742.9668,471.2715,300.3230,75.4479,1.000000,0,1
12,2,1184.1410,520.0600,65.7246,21.3829,1.000000,0,1
12,3,140.4321,517.5980,103.0326,14.4257,1.000000,0,1
12,4,317.8087,482.5930,431.4765,65.1298,1.000000,0,1
12,5,1079.4160,519.1688,57.1017,24.4039,1.000000,0,1
12,6,-43.0064,516.6841,161.4808,19.3774,1.000000,0,1
13,1,743.2403,471.4746,300.4017,75.4619,1.000000,0,1
13,2,1183.4620,520.0737,65.6860,21.3801,1.000000,0,1
13,3,140.9969,517.3858,103.0228,14.4137,1.000000,0,1
13,4,317.2479,482.9669,431.4038,65.1369,1.000000,0,1
13,5,1078.8140,519.2147,57.0720,24.4033,1.000000,0,1
13,6,-42.5566,516.6152,161.4748,19.3717,1.000000,0,1
14,1,743.5160,471.6688,300.4795,75.4754,1.000000,0,1
14,2,1182.7790,520.0839,65.6476,21.3771,1.000000,0,1
14,3,141.5636,517.2133,103.0148,14.4040,1.000000,0,1
14,4,316.6749,483.3277,431.3273,65.1433,1.000000,0,1
14,5,1078.2030,519.2443,57.0415,24.4017,1.000000,0,1
14,6,-42.0974,516.5460,161.4688,19.3660,1.000000,0,1
15,1,743.7927,471.8529,300.5560,75.4882,1.000000,0,1
15,2,1182.0940,520.0916,65.6085,21.3739,1.000000,0,1
15,3,142.1312,517.0764,103.0081,14.3965,1.000000,0,1
15,4,316.0917,483.6714,431.2460,65.1488,1.000000,0,1
15,5,1077.5830,519.2604,57.0104,24.3995,1.000000,0,1
15,6,-41.6319,516.4771,161.4631,19.3604,1.000000,0,1
16,1,744.0695,472.0249,300.6306,75.5002,1.000000,0,1
16,2,1181.4060,520.0975,65.5696,21.3707,1.000000,0,1
16,3,142.6991,516.9734,103.0029,14.3910,1.000000,0,1
16,4,315.4976,483.9813,431.1576,65.1524,1.000000,0,1
16,5,1076.9580,519.2658,56.9788,24.3968,1.000000,0,1
16,6,-41.1615,516.4043,161.4578,19.3596,1.000000,0,1
17,1,744.3464,472.1867,300.7039,75.5115,1.000000,0,1
17,2,1180.7180,520.1019,65.5306,21.3674,1.000000,0,1
17,3,143.2671,516.8940,102.9986,14.3868,1.000000,0,1
17,4,314.8952,484.2509,431.0607,65.1540,1.000000,0,1
17,5,1076.3310,519.2626,56.9468,24.3937,1.000000,0,1
17,6,-40.6872,516.3289,161.4528,19.3598,1.000000,0,1
18,1,744.6233,472.3384,300.7754,75.5221,1.000000,0,1
18,2,1180.0310,520.1058,65.4917,21.3640,1.000000,0,1
18,3,143.8351,516.8340,102.9951,14.3839,1.000000,0,1
18,4,314.2861,484.4798,430.9565,65.1534,1.000000,0,1
18,5,1075.7020,519.2545,56.9147,24.3902,1.000000,0,1
18,6,-40.2103,516.2524,161.4479,19.3600,1.000000,0,1
19,1,744.8997,472.4791,300.8456,75.5321,1.000000,0,1
19,2,1179.3430,520.1100,65.4529,21.3608,1.000000,0,1
19,3,144.4035,516.7911,102.9922,14.3819,1.000000,0,1
19,4,313.6719,484.6659,430.8450,65.1509,1.000000,0,1
19,5,1075.0740,519.2440,56.8826,24.3866,1.000000,0,1
19,6,-39.7321,516.1755,161.4435,19.3602,1.000000,0,1
20,1,745.1758,472.6109,300.9142,75.5413,1.000000,0,1
20,2,1178.6560,520.1141,65.4142,21.3575,1.000000,0,1
20,3,144.9720,516.7587,102.9901,14.3806,1.000000,0,1
20,4,313.0530,484.8159,430.7291,65.1468,1.000000,0,1
20,5,1074.4460,519.2311,56.8503,24.3829,1.000000,0,1
20,6,-39.2529,516.0958,161.4394,19.3604,1.000000,0,1
21,1,745.4517,472.7340,300.9813,75.5500,1.000000,0,1
21,2,1177.9700,520.1188,65.3757,21.3544,1.000000,0,1
21,3,145.5408,516.7341,102.9881,14.3798,1.000000,0,1
21,4,312.4311,484.9353,430.6097,65.1414,1.000000,0,1
21,5,1073.8190,519.2175,56.8181,24.3792,1.000000,0,1
21,6,-38.7739,516.0144,161.4359,19.3607,1.000000,0,1
22,1,745.7270,472.8477,301.0469,75.5581,1.000000,0,1
22,2,1177.2850,520.1253,65.3372,21.3513,1.000000,0,1
22,3,146.1111,516.7158,102.9866,14.3793,1.000000,0,1
22,4,311.8075,485.0278,430.4873,65.1350,1.000000,0,1
22,5,1073.1940,519.2046,56.7858,24.3755,1.000000,0,1
22,6,-38.2956,515.9322,161.4327,19.3611,1.000000,0,1
23,1,746.0022,472.9543,301.1118,75.5658,1.000000,0,1
23,2,1176.6000,520.1329,65.2991,21.3482,1.000000,0,1
23,3,146.6817,516.7001,102.9854,14.3790,1.000000,0,1
23,4,311.1813,485.0994,430.3642,65.1279,1.000000,0,1
23,5,1072.5690,519.1905,56.7535,24.3716,1.000000,0,1
23,6,-37.8177,515.8466,161.4299,19.3614,1.000000,0,1
24,1,746.2771,473.0537,301.1753,75.5729,1.000000,0,1
24,2,1175.9160,520.1419,65.2607,21.3453,1.000000,0,1
24,3,147.2530,516.6867,102.9843,14.3789,1.000000,0,1
24,4,310.5536,485.1550,430.2408,65.1204,1.000000,0,1
24,5,1071.9460,519.1765,56.7214,24.3680,1.000000,0,1
24,6,-37.3409,515.7590,161.4275,19.3619,1.000000,0,1
25,1,746.5515,473.1455,301.2377,75.5796,1.000000,0,1
25,2,1175.2310,520.1526,65.2224,21.3425,1.000000,0,1
25,3,147.8257,516.6750,102.9832,14.3789,1.000000,0,1
25,4,309.9249,485.1982,430.1179,65.1127,1.000000,0,1
25,5,1071.3250,519.1636,56.6893,24.3642,1.000000,0,1
25,6,-36.8668,515.6711,161.4257,19.3623,1.000000,0,1
26,1,746.8257,473.2312,301.2992,75.5859,1.000000,0,1
26,2,1174.5470,520.1650,65.1843,21.3397,1.000000,0,1
26,3,148.3994,516.6640,102.9823,14.3790,1.000000,0,1
26,4,309.2945,485.2314,429.9967,65.1051,1.000000,0,1
26,5,1070.7050,519.1497,56.6572,24.3603,1.000000,0,1
26,6,-36.3962,515.5812,161.4246,19.3628,1.000000,0,1
27,1,747.0997,473.3110,301.3595,75.5917,1.000000,0,1
27,2,1173.8630,520.1788,65.1465,21.3371,1.000000,0,1
27,3,148.9741,516.6530,102.9813,14.3789,1.000000,0,1
27,4,308.6627,485.2576,429.8776,65.0976,1.000000,0,1
27,5,1070.0860,519.1357,56.6251,24.3565,1.000000,0,1
27,6,-35.9291,515.4901,161.4241,19.3634,1.000000,0,1
28,1,747.3734,473.3846,301.4188,75.5971,1.000000,0,1
28,2,1173.1780,520.1940,65.1084,21.3344,1.000000,0,1
28,3,149.5506,516.6414,102.9802,14.3789,1.000000,0,1
28,4,308.0296,485.2789,429.7615,65.0905,1.000000,0,1
28,5,1069.4690,519.1224,56.5933,24.3527,1.000000,0,1
28,6,-35.4666,515.3986,161.4245,19.3641,1.000000,0,1
29,1,747.6470,473.4530,301.4775,75.6022,1.000000,0,1
29,2,1172.4940,520.2102,65.0706,21.3319,1.000000,0,1
29,3,150.1284,516.6288,102.9791,14.3789,1.000000,0,1
29,4,307.3962,485.2946,429.6480,65.0836,1.000000,0,1
29,5,1068.8530,519.1078,56.5612,24.3489,1.000000,0,1
29,6,-35.0066,515.3038,161.4254,19.3648,1.000000,0,1
30,1,747.9204,473.5164,301.5353,75.6069,1.000000,0,1
30,2,1171.8100,520.2272,65.0327,21.3294,1.000000,0,1
30,3,150.7076,516.6152,102.9780,14.3787,1.000000,0,1
30,4,306.7620,485.3070,429.5369,65.0770,1.000000,0,1
30,5,1068.2380,519.0933,56.5292,24.3450,1.000000,0,1
30,6,-34.5504,515.2079,161.4271,19.3656,1.000000,0,1
31,1,748.1935,473.5745,301.5922,75.6112,1.000000,0,1
31,2,1171.1250,520.2449,64.9946,21.3269,1.000000,0,1
31,3,151.2883,516.6006,102.9767,14.3785,1.000000,0,1
31,4,306.1269,485.3173,429.4285,65.0708,1.000000,0,1
31,5,1067.6240,519.0790,56.4972,24.3410,1.000000,0,1
31,6,-34.0993,515.1125,161.4299,19.3665,1.000000,0,1
32,1,748.4666,473.6284,301.6488,75.6154,1.000000,0,1
32,2,1170.4400,520.2629,64.9567,21.3244,1.000000,0,1
32,3,151.8706,516.5841,102.9755,14.3783,1.000000,0,1
32,4,305.4911,485.3241,429.3222,65.0648,1.000000,0,1
32,5,1067.0100,519.0638,56.4652,24.3371,1.000000,0,1
32,6,-33.6519,515.0161,161.4335,19.3676,1.000000,0,1
33,1,748.7395,473.6780,301.7045,75.6192,1.000000,0,1
33,2,1169.7540,520.2811,64.9187,21.3219,1.000000,0,1
33,3,152.4547,516.5657,102.9742,14.3778,1.000000,0,1
33,4,304.8544,485.3292,429.2185,65.0591,1.000000,0,1
33,5,1066.3980,519.0485,56.4334,24.3332,1.000000,0,1
33,6,-33.2084,514.9203,161.4380,19.3686,1.000000,0,1
34,1,749.0121,473.7229,301.7594,75.6227,1.000000,0,1
34,2,1169.0680,520.2991,64.8807,21.3194,1.000000,0,1
34,3,153.0400,516.5450,102.9730,14.3773,1.000000,0,1
34,4,304.2167,485.3333,429.1172,65.0539,1.000000,0,1
34,5,1065.7860,519.0334,56.4016,24.3293,1.000000,0,1
34,6,-32.7698,514.8270,161.4437,19.3699,1.000000,0,1
35,1,749.2845,473.7642,301.8140,75.6261,1.000000,0,1
35,2,1168.3820,520.3170,64.8428,21.3169,1.000000,0,1
35,3,153.6276,516.5224,102.9715,14.3767,1.000000,0,1
35,4,303.5787,485.3353,429.0172,65.0488,1.000000,0,1
35,5,1065.1760,519.0175,56.3698,24.3254,1.000000,0,1
35,6,-32.3355,514.7346,161.4502,19.3713,1.000000,0,1
36,1,749.5568,473.8021,301.8682,75.6292,1.000000,0,1
36,2,1167.6960,520.3347,64.8047,21.3143,1.000000,0,1
36,3,154.2167,516.4973,102.9699,14.3759,1.000000,0,1
36,4,302.9405,485.3372,428.9348,65.0439,1.000000,0,1
36,5,1064.5660,519.0015,56.3379,24.3214,1.000000,0,1
36,6,-31.9052,514.6445,161.4576,19.3728,1.000000,0,1
37,1,749.8288,473.8360,301.9222,75.6321,1.000000,0,1
37,2,1167.0100,520.3517,64.7666,21.3118,1.000000,0,1
37,3,154.8078,516.4694,102.9684,14.3750,1.000000,0,1
37,4,302.3015,485.3414,428.9061,65.0395,1.000000,0,1
37,5,1063.9570,518.9863,56.3064,24.3176,1.000000,0,1
37,6,-31.4794,514.5583,161.4660,19.3744,1.000000,0,1
38,1,750.1007,473.8665,301.9756,75.6348,1.000000,0,1
38,2,1166.3230,520.3680,64.7285,21.3091,1.000000,0,1
38,3,155.4004,516.4376,102.9667,14.3752,1.000000,0,1
38,4,301.6611,485.3456,428.8799,65.0354,1.000000,0,1
38,5,1063.3490,518.9701,56.2745,24.3136,1.000000,0,1
38,6,-31.0572,514.4746,161.4751,19.3761,1.000000,0,1
39,1,750.3724,473.8936,302.0287,75.6374,1.000000,0,1
39,2,1165.6370,520.3835,64.6902,21.3065,1.000000,0,1
39,3,155.9944,516.4032,102.9649,14.3755,1.000000,0,1
39,4,301.0193,485.3510,428.8562,65.0319,1.000000,0,1
39,5,1062.7410,518.9539,56.2428,24.3096,1.000000,0,1
39,6,-30.6393,514.3945,161.4853,19.3780,1.000000,0,1
40,1,750.6437,473.9172,302.0818,75.6399,1.000000,0,1
40,2,1164.9490,520.3980,64.6520,21.3037,1.000000,0,1
40,3,156.5903,516.3657,102.9631,14.3759,1.000000,0,1
40,4,300.3763,485.3596,428.8347,65.0288,1.000000,0,1
40,5,1062.1350,518.9380,56.2116,24.3057,1.000000,0,1
40,6,-30.2272,514.3194,161.4967,19.3801,1.000000,0,1
41,1,750.9148,473.9380,302.1346,75.6422,1.000000,0,1
41,2,1164.2610,520.4112,64.6137,21.3009,1.000000,0,1
41,3,157.1875,516.3251,102.9611,14.3761,1.000000,0,1
41,4,299.7312,485.3695,428.8160,65.0262,1.000000,0,1
41,5,1061.5290,518.9215,56.1799,24.3017,1.000000,0,1
41,6,-29.8178,514.2476,161.5085,19.3822,1.000000,0,1
42,1,751.1855,473.9561,302.1874,75.6444,1.000000,0,1
42,2,1163.5730,520.4232,64.5753,21.2981,1.000000,0,1
42,3,157.7859,516.2818,102.9590,14.3763,1.000000,0,1
42,4,299.0841,485.3822,428.8001,65.0241,1.000000,0,1
42,5,1060.9240,518.9050,56.1486,24.2978,1.000000,0,1
42,6,-29.4118,514.1791,161.5211,19.3845,1.000000,0,1
43,1,751.4558,473.9713,302.2405,75.6467,1.000000,0,1
43,2,1162.8850,520.4335,64.5366,21.2951,1.000000,0,1
43,3,158.3853,516.2355,102.9568,14.3766,1.000000,0,1
43,4,298.4357,485.3992,428.7864,65.0225,1.000000,0,1
43,5,1060.3200,518.8892,56.1169,24.2939,1.000000,0,1
43,6,-29.0087,514.1149,161.5345,19.3868,1.000000,0,1
44,1,751.7257,473.9841,302.2935,75.6489,1.000000,0,1
44,2,1162.1960,520.4415,64.4982,21.2920,1.000000,0,1
44,3,158.9859,516.1857,102.9546,14.3768,1.000000,0,1
44,4,297.7846,485.4186,428.7755,65.0214,1.000000,0,1
44,5,1059.7140,518.8722,56.0855,24.2898,1.000000,0,1
44,6,-28.6070,514.0535,161.5483,19.3893,1.000000,0,1
45,1,751.9952,473.9947,302.3466,75.6511,1.000000,0,1
45,2,1161.5080,520.4474,64.4597,21.2889,1.000000,0,1
45,3,159.5870,516.1330,102.9522,14.3770,1.000000,0,1
45,4,297.1311,485.4410,428.7677,65.0209,1.000000,0,1
45,5,1059.1090,518.8553,56.0537,24.2858,1.000000,0,1
45,6,-28.2078,513.9954,161.5629,19.3918,1.000000,0,1
46,1,752.2640,474.0030,302.4001,75.6533,1.000000,0,1
46,2,1160.8200,520.4514,64.4209,21.2855,1.000000,0,1
46,3,160.1887,516.0775,102.9500,14.3771,1.000000,0,1
46,4,296.4753,485.4672,428.7623,65.0209,1.000000,0,1
46,5,1058.5050,518.8396,56.0221,24.2818,1.000000,0,1
46,6,-27.8101,513.9412,161.5778,19.3945,1.000000,0,1
47,1,752.5326,474.0093,302.4539,75.6556,1.000000,0,1
47,2,1160.1310,520.4525,64.3826,21.2821,1.000000,0,1
47,3,160.7911,516.0184,102.9476,14.3773,1.000000,0,1
47,4,295.8169,485.4965,428.7595,65.0214,1.000000,0,1
47,5,1057.8990,518.8228,55.9902,24.2777,1.000000,0,1
47,6,-27.4137,513.8898,161.5933,19.3971,1.000000,0,1
48,1,752.8008,474.0139,302.5081,75.6578,1.000000,0,1
48,2,1159.4440,520.4514,64.3439,21.2786,1.000000,0,1
48,3,161.3938,515.9565,102.9453,14.3774,1.000000,0,1
48,4,295.1563,485.5289,428.7588,65.0224,1.000000,0,1
48,5,1057.2920,518.8060,55.9585,24.2736,1.000000,0,1
48,6,-27.0188,513.8413,161.6093,19.3999,1.000000,0,1
49,1,753.0685,474.0164,302.5627,75.6602,1.000000,0,1
49,2,1158.7560,520.4485,64.3053,21.2751,1.000000,0,1
49,3,161.9963,515.8925,102.9430,14.3776,1.000000,0,1
49,4,294.4933,485.5649,428.7605,65.0239,1.000000,0,1
49,5,1056.6860,518.7907,55.9265,24.2695,1.000000,0,1
49,6,-26.6260,513.7961,161.6257,19.4028,1.000000,0,1
50,1,753.3361,474.0174,302.6180,75.6628,1.000000,0,1
50,2,1158.0690,520.4418,64.2669,21.2714,1.000000,0,1
50,3,162.5992,515.8250,102.9407,14.3777,1.000000,0,1
50,4,293.8274,485.6044,428.7651,65.0259,1.000000,0,1
50,5,1056.0780,518.7750,55.8944,24.2653,1.000000,0,1
50,6,-26.2341,513.7532,161.6425,19.4057,1.000000,0,1
51,1,753.6035,474.0171,302.6741,75.6654,1.000000,0,1
51,2,1157.3830,520.4326,64.2283,21.2676,1.000000,0,1
51,3,163.2018,515.7547,102.9384,14.3777,1.000000,0,1
51,4,293.1594,485.6476,428.7719,65.0283,1.000000,0,1
51,5,1055.4700,518.7599,55.8622,24.2611,1.000000,0,1
51,6,-25.8433,513.7125,161.6595,19.4087,1.000000,0,1
52,1,753.8704,474.0157,302.7308,75.6683,1.000000,0,1
52,2,1156.6980,520.4216,64.1899,21.2637,1.000000,0,1
52,3,163.8033,515.6824,102.9362,14.3779,1.000000,0,1
52,4,292.4898,485.6956,428.7804,65.0312,1.000000,0,1
52,5,1054.8610,518.7462,55.8297,24.2569,1.000000,0,1
52,6,-25.4540,513.6741,161.6771,19.4117,1.000000,0,1
53,1,754.1370,474.0133,302.7878,75.6712,1.000000,0,1
53,2,1156.0130,520.4072,64.1519,21.2597,1.000000,0,1
53,3,164.4041,515.6068,102.9343,14.3779,1.000000,0,1
53,4,291.8176,485.7484,428.7914,65.0346,1.000000,0,1
53,5,1054.2510,518.7325,55.7971,24.2527,1.000000,0,1
53,6,-25.0659,513.6373,161.6949,19.4148,1.000000,0,1
54,1,754.4031,474.0099,302.8456,75.6742,1.000000,0,1
54,2,1155.3280,520.3905,64.1133,21.2555,1.000000,0,1
54,3,165.0039,515.5285,102.9325,14.3781,1.000000,0,1
54,4,291.1440,485.8054,428.8035,65.0383,1.000000,0,1
54,5,1053.6410,518.7195,55.7644,24.2484,1.000000,0,1
54,6,-24.6788,513.6024,161.7128,19.4180,1.000000,0,1
55,1,754.6689,474.0060,302.9040,75.6774,1.000000,0,1
55,2,1154.6440,520.3723,64.0751,21.2514,1.000000,0,1
55,3,165.6022,515.4483,102.9309,14.3782,1.000000,0,1
55,4,290.4686,485.8669,428.8170,65.0424,1.000000,0,1
55,5,1053.0290,518.7079,55.7316,24.2441,1.000000,0,1
55,6,-24.2928,513.5695,161.7312,19.4211,1.000000,0,1
56,1,754.9341,474.0013,302.9627,75.6808,1.000000,0,1
56,2,1153.9610,520.3506,64.0366,21.2471,1.000000,0,1
56,3,166.1997,515.3643,102.9294,14.3782,1.000000,0,1
56,4,289.7914,485.9335,428.8322,65.0468,1.000000,0,1
56,5,1052.4170,518.6962,55.6986,24.2398,1.000000,0,1
56,6,-23.9073,513.5375,161.7498,19.4243,1.000000,0,1
57,1,755.1990,473.9965,303.0218,75.6841,1.000000,0,1
57,2,1153.2780,520.3269,63.9982,21.2426,1.000000,0,1
57,3,166.7961,515.2771,102.9280,14.3784,1.000000,0,1
57,4,289.1133,486.0050,428.8481,65.0515,1.000000,0,1
57,5,1051.8030,518.6851,55.6654,24.2354,1.000000,0,1
57,6,-23.5224,513.5066,161.7687,19.4276,1.000000,0,1
58,1,755.4636,473.9916,303.0816,75.6878,1.000000,0,1
58,2,1152.5950,520.3018,63.9600,21.2381,1.000000,0,1
58,3,167.3906,515.1880,102.9269,14.3785,1.000000,0,1
58,4,288.4347,486.0815,428.8637,65.0563,1.000000,0,1
58,5,1051.1890,518.6753,55.6321,24.2311,1.000000,0,1
58,6,-23.1381,513.4775,161.7876,19.4309,1.000000,0,1
59,1,755.7274,473.9868,303.1421,75.6915,1.000000,0,1
59,2,1151.9120,520.2726,63.9214,21.2334,1.000000,0,1
59,3,167.9836,515.0950,102.9261,14.3787,1.000000,0,1
59,4,287.7551,486.1636,428.8797,65.0613,1.000000,0,1
59,5,1050.5750,518.6652,55.5990,24.2268,1.000000,0,1
59,6,-22.7539,513.4501,161.8070,19.4342,1.000000,0,1
60,1,755.9908,473.9821,303.2030,75.6954,1.000000,0,1
60,2,1151.2300,520.2413,63.8828,21.2286,1.000000,0,1
60,3,168.5744,514.9994,102.9257,14.3789,1.000000,0,1
60,4,287.0750,486.2509,428.8958,65.0664,1.000000,0,1
60,5,1049.9600,518.6555,55.5657,24.2224,1.000000,0,1
60,6,-22.3697,513.4244,161.8264,19.4376,1.000000,0,1
61,1,756.2538,473.9779,303.2643,75.6995,1.000000,0,1
61,2,1150.5480,520.2089,63.8442,21.2237,1.000000,0,1
61,3,169.1631,514.9025,102.9255,14.3792,1.000000,0,1
61,4,286.3953,486.3438,428.9105,65.0715,1.000000,0,1
61,5,1049.3450,518.6467,55.5325,24.2181,1.000000,0,1
61,6,-21.9853,513.4010,161.8457,19.4410,1.000000,0,1
62,1,756.5161,473.9743,303.3255,75.7035,1.000000,0,1
62,2,1149.8650,520.1724,63.8057,21.2187,1.000000,0,1
62,3,169.7498,514.8019,102.9257,14.3794,1.000000,0,1
62,4,285.7155,486.4424,428.9248,65.0766,1.000000,0,1
62,5,1048.7300,518.6377,55.4992,24.2137,1.000000,0,1
62,6,-21.6005,513.3795,161.8650,19.4443,1.000000,0,1
63,1,756.7778,473.9713,303.3872,75.7078,1.000000,0,1
63,2,1149.1820,520.1337,63.7670,21.2135,1.000000,0,1
63,3,170.3345,514.6992,102.9262,14.3797,1.000000,0,1
63,4,285.0353,486.5462,428.9387,65.0817,1.000000,0,1
63,5,1048.1150,518.6293,55.4657,24.2094,1.000000,0,1
63,6,-21.2149,513.3596,161.8843,19.4477,1.000000,0,1
64,1,757.0392,473.9689,303.4493,75.7121,1.000000,0,1
64,2,1148.4980,520.0942,63.7283,21.2083,1.000000,0,1
64,3,170.9164,514.5962,102.9272,14.3800,1.000000,0,1
64,4,284.3564,486.6549,428.9504,65.0868,1.000000,0,1
64,5,1047.5000,518.6218,55.4327,24.2052,1.000000,0,1
64,6,-20.8290,513.3419,161.9035,19.4511,1.000000,0,1
65,1,757.3000,473.9676,303.5115,75.7166,1.000000,0,1
65,2,1147.8130,520.0507,63.6893,21.2029,1.000000,0,1
65,3,171.4958,514.4902,102.9285,14.3804,1.000000,0,1
65,4,283.6779,486.7699,428.9607,65.0916,1.000000,0,1
65,5,1046.8860,518.6141,55.3998,24.2010,1.000000,0,1
65,6,-20.4421,513.3260,161.9226,19.4545,1.000000,0,1
66,1,757.5604,473.9672,303.5739,75.7211,1.000000,0,1
66,2,1147.1270,520.0052,63.6503,21.1973,1.000000,0,1
66,3,172.0729,514.3826,102.9302,14.3808,1.000000,0,1
66,4,283.0003,486.8897,428.9692,65.0963,1.000000,0,1
66,5,1046.2730,518.6069,55.3667,24.1969,1.000000,0.0625,0.9375
66,6,-20.0536,513.3120,161.9412,19.4579,1.000000,0,1
67,1,757.8206,473.9679,303.6368,75.7258,1.000000,0,1
67,2,1146.4410,519.9587,63.6113,21.1918,1.000000,0,1
67,3,172.6465,514.2748,102.9324,14.3813,1.000000,0,1
67,4,282.3240,487.0136,428.9756,65.1007,1.000000,0,1
67,5,1045.6600,518.6005,55.3339,24.1928,1.000000,0,1
67,6,-19.6639,513.2996,161.9597,19.4613,1.000000,0,1
68,1,758.0801,473.9696,303.6996,75.7306,1.000000,0,1
68,2,1145.7560,519.9080,63.5725,21.1861,1.000000,0,1
68,3,173.2177,514.1644,102.9350,14.3818,1.000000,0,1
68,4,281.6492,487.1428,428.9800,65.1049,1.000000,0,1
68,5,1045.0470,518.5941,55.3010,24.1887,1.000000,0.0625,0.9375
68,6,-19.2716,513.2885,161.9778,19.4646,1.000000,0,1
69,1,758.3394,473.9724,303.7628,75.7354,1.000000,0,1
69,2,1145.0710,519.8552,63.5336,21.1803,1.000000,0,1
69,3,173.7856,514.0530,102.9380,14.3824,1.000000,0,1
69,4,280.9766,487.2759,428.9814,65.1087,1.000000,0,1
69,5,1044.4350,518.5881,55.2686,24.1847,1.000000,0,1
69,6,-18.8770,513.2785,161.9955,19.4679,1.000000,0,1
70,1,758.5985,473.9762,303.8263,75.7404,1.000000,0,1
70,2,1144.3870,519.8015,63.4951,21.1745,1.000000,0,1
70,3,174.3495,513.9425,102.9417,14.3831,1.000000,0,1
70,4,280.3070,487.4117,428.9792,65.1120,1.000000,0,1
70,5,1043.8240,518.5834,55.2360,24.1808,1.000000,0,1
70,6,-18.4786,513.2695,162.0124,19.4711,1.000000,0,1
71,1,758.8574,473.9813,303.8901,75.7455,1.000000,0,1
71,2,1143.7030,519.7432,63.4563,21.1685,1.000000,0,1
71,3,174.9106,513.8301,102.9458,14.3839,1.000000,0,1
71,4,279.6398,487.5519,428.9744,65.1149,1.000000,0,1
71,5,1043.2130,518.5792,55.2037,24.1770,1.000000,0.125,0.875
71,6,-18.0776,513.2629,162.0292,19.4743,1.000000,0,1
72,1,759.1161,473.9874,303.9541,75.7507,1.000000,0,1
72,2,1143.0190,519.6825,63.4176,21.1625,1.000000,0,1
72,3,175.4688,513.7174,102.9504,14.3846,1.000000,0,1
72,4,278.9754,487.6953,428.9662,65.1174,1.000000,0,1
72,5,1042.6030,518.5759,55.1714,24.1733,1.000000,0,1
72,6,-17.6734,513.2579,162.0452,19.4775,1.000000,0,1
73,1,759.3747,473.9946,304.0186,75.7560,1.000000,0,1
73,2,1142.3370,519.6215,63.3792,21.1564,1.000000,0,1
73,3,176.0233,513.6061,102.9555,14.3855,1.000000,0,1
73,4,278.3148,487.8408,428.9536,65.1192,1.000000,0,1
73,5,1041.9930,518.5740,55.1393,24.1696,1.000000,0.125,0.875
73,6,-17.2656,513.2540,162.0605,19.4805,1.000000,0,1
74,1,759.6332,474.0027,304.0834,75.7615,1.000000,0,1
74,2,1141.6550,519.5556,63.3406,21.1502,1.000000,0,1
74,3,176.5748,513.4937,102.9612,14.3864,1.000000,0,1
74,4,277.6579,487.9894,428.9374,65.1205,1.000000,0,1
74,5,1041.3840,518.5732,55.1072,24.1660,1.000000,0.0625,0.9375
74,6,-16.8552,513.2514,162.0754,19.4836,1.000000,0,1
75,1,759.8917,474.0120,304.1487,75.7671,1.000000,0,1
75,2,1140.9740,519.4880,63.3025,21.1439,1.000000,0,1
75,3,177.1233,513.3818,102.9672,14.3874,1.000000,0,1
75,4,277.0052,488.1401,428.9168,65.1211,1.000000,0,1
75,5,1040.7750,518.5733,55.0751,24.1624,1.000000,0.125,0.875
75,6,-16.4417,513.2496,162.0896,19.4866,1.000000,0,1
76,1,760.1502,474.0219,304.2148,75.7730,1.000000,0,1
76,2,1140.2950,519.4210,63.2645,21.1377,1.000000,0,1
76,3,177.6679,513.2724,102.9741,14.3885,1.000000,0,1
76,4,276.3567,488.2921,428.8918,65.1209,1.000000,0,1
76,5,1040.1670,518.5743,55.0433,24.1590,1.000000,0.25,0.75
76,6,-16.0251,513.2482,162.1032,19.4894,1.000000,0,1
77,1,760.4087,474.0327,304.2811,75.7788,1.000000,0,1
77,2,1139.6160,519.3503,63.2266,21.1314,1.000000,0,1
77,3,178.2085,513.1634,102.9814,14.3897,1.000000,0,1
77,4,275.7135,488.4468,428.8617,65.1200,1.000000,0,1
77,5,1039.5580,518.5764,55.0114,24.1555,1.000000,0.125,0.875
77,6,-15.6059,513.2475,162.1164,19.4923,1.000000,0,1
78,1,760.6672,474.0439,304.3483,75.7849,1.000000,0,1
78,2,1138.9380,519.2790,63.1887,21.1251,1.000000,0,1
78,3,178.7460,513.0561,102.9892,14.3910,1.000000,0,1
78,4,275.0748,488.6031,428.8274,65.1184,1.000000,0,1
78,5,1038.9490,518.5792,54.9795,24.1521,1.000000,0.1875,0.8125
78,6,-15.1843,513.2470,162.1290,19.4951,1.000000,0,1
79,1,760.9260,474.0555,304.4159,75.7911,1.000000,0,1
79,2,1138.2630,519.2094,63.1511,21.1189,1.000000,0,1
79,3,179.2801,512.9517,102.9975,14.3923,1.000000,0,1
79,4,274.4412,488.7599,428.7879,65.1160,1.000000,0,1
79,5,1038.3410,518.5825,54.9478,24.1487,1.000000,0.125,0.875
79,6,-14.7602,513.2463,162.1411,19.4979,1.000000,0,1
80,1,761.1848,474.0679,304.4840,75.7976,1.000000,0,1
80,2,1137.5870,519.1372,63.1137,21.1126,1.000000,0,1
80,3,179.8107,512.8478,103.0064,14.3937,1.000000,0,1
80,4,273.8131,488.9197,428.7436,65.1128,1.000000,0,1
80,5,1037.7320,518.5864,54.9159,24.1454,1.000000,0.1875,0.8125
80,6,-14.3343,513.2462,162.1529,19.5006,1.000000,0,1
81,1,761.4438,474.0807,304.5530,75.8041,1.000000,0,1
81,2,1136.9120,519.0657,63.0761,21.1064,1.000000,0,1
81,3,180.3385,512.7460,103.0157,14.3952,1.000000,0,1
81,4,273.1900,489.0808,428.6944,65.1088,1.000000,0,1
81,5,1037.1230,518.5906,54.8840,24.1420,1.000000,0.125,0.875
81,6,-13.9066,513.2462,162.1642,19.5033,1.000000,0,1
82,1,761.7031,474.0936,304.6228,75.8109,1.000000,0,1
82,2,1136.2390,518.9971,63.0388,21.1003,1.000000,0,1
82,3,180.8633,512.6479,103.0256,14.3968,1.000000,0,1
82,4,272.5714,489.2414,428.6407,65.1041,1.000000,0,1
82,5,1036.5130,518.5947,54.8521,24.1388,1.000000,0.375,0.625
82,6,-13.4770,513.2457,162.1753,19.5059,1.000000,0,1
83,1,761.9624,474.1067,304.6934,75.8179,1.000000,0,1
83,2,1135.5650,518.9276,63.0016,21.0941,1.000000,0,1
83,3,181.3855,512.5516,103.0361,14.3984,1.000000,0,1
83,4,271.9584,489.4047,428.5820,65.0986,1.000000,0,1
83,5,1035.9040,518.5989,54.8203,24.1354,1.000000,0.4375,0.5625
83,6,-13.0462,513.2457,162.1863,19.5085,1.000000,0,1
84,1,762.2219,474.1199,304.7643,75.8250,1.000000,0,1
84,2,1134.8910,518.8596,62.9645,21.0881,1.000000,0,1
84,3,181.9052,512.4584,103.0470,14.4002,1.000000,0,1
84,4,271.3505,489.5695,428.5186,65.0923,1.000000,0,1
84,5,1035.2940,518.6031,54.7885,24.1320,1.000000,0.3125,0.6875
84,6,-12.6140,513.2460,162.1970,19.5111,1.000000,0,1
85,1,762.4814,474.1331,304.8359,75.8322,1.000000,0,1
85,2,1134.2190,518.7958,62.9276,21.0823,1.000000,0,1
85,3,182.4231,512.3702,103.0582,14.4020,1.000000,0,1
85,4,270.7470,489.7337,428.4507,65.0853,1.000000,0,1
85,5,1034.6840,518.6074,54.7566,24.1287,1.000000,0.3125,0.6875
85,6,-12.1805,513.2463,162.2073,19.5136,1.000000,0,1
86,1,762.7407,474.1464,304.9077,75.8395,1.000000,0,1
86,2,1133.5460,518.7322,62.8906,21.0765,1.000000,0,1
86,3,182.9386,512.2847,103.0700,14.4040,1.000000,0,1
86,4,270.1489,489.9002,428.3781,65.0776,1.000000,0,1
86,5,1034.0740,518.6117,54.7246,24.1253,1.000000,0.5,0.5
86,6,-11.7465,513.2475,162.2177,19.5162,1.000000,0,1
87,1,763.0000,474.1596,304.9803,75.8470,1.000000,0,1
87,2,1132.8730,518.6712,62.8538,21.0709,1.000000,0,1
87,3,183.4523,512.2031,103.0822,14.4059,1.000000,0,1
87,4,269.5551,490.0677,428.3019,65.0692,1.000000,0,1
87,5,1033.4640,518.6157,54.6928,24.1220,1.000000,0.375,0.625
87,6,-11.3126,513.2496,162.2281,19.5188,1.000000,0,1
88,1,763.2595,474.1722,305.0536,75.8546,1.000000,0,1
88,2,1132.2010,518.6147,62.8169,21.0654,1.000000,0,1
88,3,183.9644,512.1267,103.0948,14.4081,1.000000,0,1
88,4,268.9661,490.2343,428.2211,65.0601,1.000000,0,1
88,5,1032.8530,518.6195,54.6609,24.1186,1.000000,0.3125,0.6875
88,6,-10.8780,513.2525,162.2383,19.5213,1.000000,0,1
89,1,763.5190,474.1845,305.1270,75.8623,1.000000,0,1
89,2,1131.5280,518.5592,62.7800,21.0600,1.000000,0,1
89,3,184.4745,512.0547,103.1078,14.4102,1.000000,0,1
89,4,268.3817,490.4030,428.1368,65.0504,1.000000,0,1
89,5,1032.2430,518.6232,54.6290,24.1152,1.000000,0.3125,0.6875
89,6,-10.4429,513.2560,162.2484,19.5239,1.000000,0,1
90,1,763.7789,474.1962,305.2007,75.8700,1.000000,0,1
90,2,1130.8550,518.5065,62.7435,21.0547,1.000000,0,1
90,3,184.9831,511.9872,103.1211,14.4124,1.000000,0,1
90,4,267.8015,490.5715,428.0493,65.0402,1.000000,0,1
90,5,1031.6330,518.6267,54.5972,24.1119,1.000000,0.3125,0.6875
90,6,-10.0079,513.2604,162.2585,19.5264,1.000000,0,1
91,1,764.0392,474.2070,305.2751,75.8778,1.000000,0,1
91,2,1130.1830,518.4581,62.7068,21.0497,1.000000,0,1
91,3,185.4899,511.9250,103.1349,14.4147,1.000000,0,1
91,4,267.2249,490.7379,427.9583,65.0293,1.000000,0,1
91,5,1031.0230,518.6301,54.5654,24.1084,1.000000,0.5,0.5
91,6,-9.5725,513.2660,162.2685,19.5290,1.000000,0,1
92,1,764.3002,474.2169,305.3495,75.8856,1.000000,0,1
92,2,1129.5100,518.4111,62.6703,21.0447,1.000000,0,1
92,3,185.9949,511.8671,103.1491,14.4172,1.000000,0,1
92,4,266.6526,490.9055,427.8643,65.0180,1.000000,0,1
92,5,1030.4140,518.6332,54.5337,24.1051,1.000000,0.625,0.375
92,6,-9.1368,513.2729,162.2784,19.5316,1.000000,0,1
93,1,764.5618,474.2261,305.4243,75.8933,1.000000,0,1
93,2,1128.8390,518.3667,62.6340,21.0398,1.000000,0,1
93,3,186.4987,511.8135,103.1637,14.4196,1.000000,0,1
93,4,266.0834,491.0721,427.7678,65.0062,1.000000,0,1
93,5,1029.8040,518.6360,54.5020,24.1017,1.000000,0.4375,0.5625
93,6,-8.7006,513.2812,162.2882,19.5341,1.000000,0,1
94,1,764.8242,474.2342,305.4990,75.9011,1.000000,0,1
94,2,1128.1680,518.3263,62.5979,21.0352,1.000000,0,1
94,3,187.0016,511.7653,103.1785,14.4222,1.000000,0,1
94,4,265.5173,491.2355,427.6682,64.9939,1.000000,0,1
94,5,1029.1950,518.6385,54.4702,24.0983,1.000000,0.375,0.625
94,6,-8.2645,513.2905,162.2978,19.5367,1.000000,0,1
95,1,765.0873,474.2417,305.5739,75.9088,1.000000,0,1
95,2,1127.4970,518.2882,62.5619,21.0307,1.000000,0,1
95,3,187.5030,511.7220,103.1938,14.4248,1.000000,0,1
95,4,264.9553,491.3986,427.5658,64.9810,1.000000,0,1
95,5,1028.5870,518.6406,54.4385,24.0950,1.000000,0.4375,0.5625
95,6,-7.8281,513.3018,162.3074,19.5392,1.000000,0,1
96,1,765.3510,474.2485,305.6486,75.9163,1.000000,0,1
96,2,1126.8260,518.2531,62.5259,21.0264,1.000000,0,1
96,3,188.0034,511.6838,103.2095,14.4275,1.000000,0,1
96,4,264.3961,491.5590,427.4610,64.9678,1.000000,0,1
96,5,1027.9780,518.6422,54.4070,24.0916,1.000000,0.3125,0.6875
96,6,-7.3916,513.3148,162.3172,19.5418,1.000000,0,1
97,1,765.6153,474.2541,305.7231,75.9238,1.000000,0,1
97,2,1126.1570,518.2216,62.4902,21.0223,1.000000,0,1
97,3,188.5030,511.6509,103.2255,14.4303,1.000000,0,1
97,4,263.8394,491.7141,427.3538,64.9539,1.000000,0,1
97,5,1027.3710,518.6430,54.3755,24.0882,1.000000,0.6875,0.3125
97,6,-6.9547,513.3294,162.3266,19.5444,1.000000,0,1
98,1,765.8804,474.2589,305.7976,75.9313,1.000000,0,1
98,2,1125.4870,518.1927,62.4547,21.0182,1.000000,0,1
98,3,189.0015,511.6230,103.2417,14.4332,1.000000,0,1
98,4,263.2856,491.8671,427.2445,64.9396,1.000000,0,1
98,5,1026.7630,518.6429,54.3441,24.0848,1.000000,0.4375,0.5625
98,6,-6.5176,513.3457,162.3362,19.5469,1.000000,0,1
99,1,766.1461,474.2626,305.8715,75.9385,1.000000,0,1
99,2,1124.8180,518.1668,62.4192,21.0144,1.000000,0,1
99,3,189.4994,511.6000,103.2583,14.4361,1.000000,0,1
99,4,262.7337,492.0162,427.1341,64.9251,1.000000,0,1
99,5,1026.1570,518.6421,54.3127,24.0814,1.000000,0.6875,0.3125
99,6,-6.0803,513.3633,162.3456,19.5495,1.000000,0,1
100,1,766.4124,474.2652,305.9449,75.9456,1.000000,0,1
100,2,1124.1490,518.1440,62.3838,21.0107,1.000000,0,1
100,3,189.9968,511.5828,103.2753,14.4391,1.000000,0,1
100,4,262.1836,492.1590,427.0220,64.9100,1.000000,0,1
100,5,1025.5520,518.6402,54.2814,24.0780,1.000000,0.6875,0.3125
100,6,-5.6431,513.3820,162.3548,19.5521,1.000000,0,1
101,1,766.6793,474.2667,306.0181,75.9525,1.000000,0,1
101,2,1123.4820,518.1242,62.3485,21.0071,1.000000,0,1
101,3,190.4941,511.5716,103.2922,14.4422,1.000000,0,1
101,4,261.6360,492.2987,426.9083,64.8948,1.000000,0,1
101,5,1024.9470,518.6367,54.2505,24.0745,1.000000,0.5625,0.4375
101,6,-5.2061,513.4022,162.3642,19.5547,1.000000,0,1
102,1,766.9467,474.2669,306.0906,75.9592,1.000000,0,1
102,2,1122.8170,518.1071,62.3134,21.0037,1.000000,0,1
102,3,190.9912,511.5656,103.3095,14.4453,1.000000,0,1
102,4,261.0895,492.4337,426.7945,64.8792,1.000000,0,1
102,5,1024.3440,518.6318,54.2195,24.0710,1.000000,0.6875,0.3125
102,6,-4.7692,513.4232,162.3734,19.5573,1.000000,0,1
103,1,767.2147,474.2658,306.1627,75.9657,1.000000,0,1
103,2,1122.1530,518.0926,62.2783,21.0004,1.000000,0,1
103,3,191.4886,511.5652,103.3270,14.4485,1.000000,0,1
103,4,260.5435,492.5612,426.6803,64.8636,1.000000,0,1
103,5,1023.7420,518.6257,54.1887,24.0676,1.000000,0.8125,0.1875
103,6,-4.3327,513.4441,162.3828,19.5598,1.000000,0,1
104,1,767.4834,474.2631,306.2343,75.9722,1.000000,0,1
104,2,1121.4890,518.0803,62.2433,20.9972,1.000000,0,1
104,3,191.9860,511.5712,103.3447,14.4517,1.000000,0,1
104,4,259.9987,492.6839,426.5663,64.8477,1.000000,0,1
104,5,1023.1410,518.6176,54.1582,24.0641,1.000000,0.875,0.125
104,6,-3.8972,513.4654,162.3922,19.5625,1.000000,0,1
105,1,767.7526,474.2589,306.3055,75.9783,1.000000,0,1
105,2,1120.8260,518.0701,62.2085,20.9941,1.000000,0,1
105,3,192.4843,511.5828,103.3625,14.4550,1.000000,0,1
105,4,259.4544,492.8004,426.4523,64.8318,1.000000,0,1
105,5,1022.5430,518.6077,54.1276,24.0606,1.000000,0.875,0.125
105,6,-3.4620,513.4869,162.4015,19.5650,1.000000,0,1
106,1,768.0222,474.2530,306.3762,75.9843,1.000000,0,1
106,2,1120.1640,518.0616,62.1738,20.9911,1.000000,0,1
106,3,192.9842,511.5994,103.3804,14.4583,1.000000,0,1
106,4,258.9110,492.9084,426.3381,64.8156,1.000000,0,1
106,5,1021.9450,518.5964,54.0974,24.0571,1.000000,0.75,0.25
106,6,-3.0281,513.5086,162.4112,19.5677,1.000000,0,1
107,1,768.2922,474.2453,306.4463,75.9900,1.000000,0,1
107,2,1119.5020,518.0552,62.1392,20.9882,1.000000,0,1
107,3,193.4849,511.6234,103.3982,14.4618,1.000000,0,1
107,4,258.3697,493.0099,426.2248,64.7993,1.000000,0,1
107,5,1021.3490,518.5829,54.0674,24.0535,1.000000,0.875,0.125
107,6,-2.5957,513.5304,162.4212,19.5703,1.000000,0,1
108,1,768.5627,474.2357,306.5159,75.9956,1.000000,0,1
108,2,1118.8410,518.0500,62.1046,20.9853,1.000000,0,1
108,3,193.9868,511.6533,103.4161,14.4652,1.000000,0,1
108,4,257.8297,493.1041,426.1122,64.7831,1.000000,0,1
108,5,1020.7550,518.5679,54.0375,24.0500,1.000000,0.6875,0.3125
108,6,-2.1645,513.5520,162.4312,19.5730,1.000000,0,1
109,1,768.8336,474.2242,306.5852,76.0010,1.000000,0,1
109,2,1118.1800,518.0461,62.0701,20.9825,1.000000,0,1
109,3,194.4912,511.6879,103.4339,14.4686,1.000000,0,1
109,4,257.2897,493.1891,426.0012,64.7668,1.000000,0,1
109,5,1020.1620,518.5517,54.0079,24.0465,1.000000,0.9375,0.0625
109,6,-1.7347,513.5731,162.4417,19.5757,1.000000,0,1
110,1,769.1050,474.2105,306.6543,76.0063,1.000000,0,1
110,2,1117.5200,518.0441,62.0355,20.9798,1.000000,0,1
110,3,194.9981,511.7291,103.4513,14.4720,1.000000,0,1
110,4,256.7503,493.2661,425.8907,64.7504,1.000000,0,1
110,5,1019.5710,518.5335,53.9785,24.0429,1.000000,0.75,0.25
110,6,-1.3065,513.5946,162.4523,19.5785,1.000000,0,1
111,1,769.3768,474.1948,306.7228,76.0113,1.000000,0,1
111,2,1116.8600,518.0429,62.0010,20.9772,1.000000,0,1
111,3,195.5073,511.7756,103.4685,14.4754,1.000000,0,1
111,4,256.2111,493.3345,425.7808,64.7340,1.000000,0,1
111,5,1018.9810,518.5141,53.9492,24.0394,1.000000,0.8125,0.1875
111,6,-0.8802,513.6161,162.4635,19.5813,1.000000,0,1
112,1,769.6490,474.1771,306.7908,76.0162,1.000000,0,1
112,2,1116.2010,518.0423,61.9666,20.9746,1.000000,0,1
112,3,196.0191,511.8269,103.4855,14.4789,1.000000,0,1
112,4,255.6708,493.3929,425.6722,64.7175,1.000000,0,1
112,5,1018.3920,518.4939,53.9200,24.0359,1.000000,0.9375,0.0625
112,6,-0.4557,513.6378,162.4749,19.5842,1.000000,0,1
113,1,769.9216,474.1567,306.8590,76.0210,1.000000,0,1
113,2,1115.5430,518.0427,61.9320,20.9719,1.000000,0,1
113,3,196.5338,511.8846,103.5021,14.4823,1.000000,0,1
113,4,255.1301,493.4438,425.5646,64.7009,1.000000,0,1
113,5,1017.8040,518.4719,53.8910,24.0323,1.000000,0.875,0.125
113,6,-0.0330,513.6595,162.4870,19.5870,1.000000,0,1
114,1,770.1947,474.1340,306.9270,76.0256,1.000000,0,1
114,2,1114.8850,518.0434,61.8978,20.9694,1.000000,0,1
114,3,197.0516,511.9466,103.5184,14.4856,1.000000,0.0625,0.9375
114,4,254.5889,493.4881,425.4583,64.6845,1.000000,0,1
114,5,1017.2180,518.4491,53.8621,24.0288,1.000000,1,0
114,6,0.3881,513.6813,162.4994,19.5900,1.000000,0,1
115,1,770.4682,474.1093,306.9949,76.0302,1.000000,0,1
115,2,1114.2290,518.0439,61.8634,20.9667,1.000000,0,1
115,3,197.5724,512.0117,103.5342,14.4889,1.000000,0,1
115,4,254.0471,493.5257,425.3529,64.6680,1.000000,0,1
115,5,1016.6320,518.4263,53.8336,24.0253,1.000000,1,0
115,6,0.8080,513.7033,162.5122,19.5930,1.000000,0,1
116,1,770.7423,474.0819,307.0627,76.0346,1.000000,0,1
116,2,1113.5720,518.0444,61.8290,20.9641,1.000000,0,1
116,3,198.0959,512.0823,103.5496,14.4923,1.000000,0,1
116,4,253.5051,493.5583,425.2486,64.6516,1.000000,0,1
116,5,1016.0470,518.4017,53.8051,24.0218,1.000000,0.9375,0.0625
116,6,1.2258,513.7268,162.5256,19.5961,1.000000,0,1
117,1,771.0168,474.0524,307.1305,76.0390,1.000000,0,1
117,2,1112.9160,518.0446,61.7943,20.9614,1.000000,0,1
117,3,198.6224,512.1559,103.5647,14.4956,1.000000,0,1
117,4,252.9629,493.5863,425.1455,64.6352,1.000000,0,1
117,5,1015.4630,518.3764,53.7767,24.0184,1.000000,1,0
117,6,1.6424,513.7515,162.5396,19.5992,1.000000,0,1
118,1,771.2916,474.0213,307.1983,76.0432,1.000000,0,1
118,2,1112.2590,518.0439,61.7599,20.9587,1.000000,0,1
118,3,199.1528,512.2314,103.5794,14.4988,1.000000,0.0625,0.9375
118,4,252.4202,493.6103,425.0435,64.6190,1.000000,0,1
118,5,1014.8790,518.3510,53.7486,24.0149,1.000000,1,0
118,6,2.0583,513.7772,162.5538,19.6024,1.000000,0,1
119,1,771.5669,473.9879,307.2665,76.0475,1.000000,0,1
119,2,1111.6030,518.0431,61.7255,20.9560,1.000000,0,1
119,3,199.6866,512.3110,103.5935,14.5020,1.000000,0.0625,0.9375
119,4,251.8772,493.6309,424.9430,64.6029,1.000000,0,1
119,5,1014.2960,518.3236,53.7203,24.0114,1.000000,1,0
119,6,2.4735,513.8052,162.5684,19.6057,1.000000,0,1
120,1,771.8427,473.9526,307.3347,76.0517,1.000000,0,1
120,2,1110.9460,518.0416,61.6907,20.9532,1.000000,0,1
120,3,200.2231,512.3937,103.6075,14.5052,1.000000,0,1
120,4,251.3341,493.6490,424.8436,64.5869,1.000000,0,1
120,5,1013.7120,518.2952,53.6923,24.0080,1.000000,1,0
120,6,2.8889,513.8348,162.5830,19.6090,1.000000,0,1
121,1,772.1187,473.9162,307.4030,76.0559,1.000000,0,1
121,2,1110.2900,518.0389,61.6559,20.9503,1.000000,0,1
121,3,200.7626,512.4784,103.6209,14.5083,1.000000,0,1
121,4,250.7907,493.6650,424.7452,64.5711,1.000000,0,1
121,5,1013.1290,518.2663,53.6642,24.0045,1.000000,1,0
121,6,3.3047,513.8655,162.5980,19.6123,1.000000,0,1
122,1,772.3954,473.8780,307.4714,76.0601,1.000000,0,1
122,2,1109.6330,518.0357,61.6211,20.9474,1.000000,0,1
122,3,201.3043,512.5677,103.6341,14.5114,1.000000,0,1
122,4,250.2470,493.6785,424.6481,64.5555,1.000000,0,1
122,5,1012.5460,518.2352,53.6364,24.0009,1.000000,1,0
122,6,3.7209,513.8982,162.6130,19.6156,1.000000,0,1
123,1,772.6725,473.8384,307.5398,76.0642,1.000000,0,1
123,2,1108.9770,518.0315,61.5864,20.9444,1.000000,0,1
123,3,201.8483,512.6598,103.6470,14.5145,1.000000,0.0625,0.9375
123,4,249.7028,493.6895,424.5525,64.5400,1.000000,0,1
123,5,1011.9630,518.2029,53.6083,23.9973,1.000000,1,0
123,6,4.1380,513.9316,162.6279,19.6190,1.000000,0,1
124,1,772.9499,473.7980,307.6082,76.0682,1.000000,0,1
124,2,1108.3210,518.0260,61.5515,20.9414,1.000000,0,1
124,3,202.3950,512.7527,103.6595,14.5176,1.000000,0.0625,0.9375
124,4,249.1582,493.6983,424.4578,64.5246,1.000000,0,1
124,5,1011.3800,518.1703,53.5804,23.9938,1.000000,1,0
124,6,4.5561,513.9650,162.6428,19.6223,1.000000,0,1
125,1,773.2278,473.7563,307.6768,76.0722,1.000000,0,1
125,2,1107.6650,518.0192,61.5166,20.9383,1.000000,0,1
125,3,202.9439,512.8494,103.6716,14.5206,1.000000,0.0625,0.9375
125,4,248.6137,493.7047,424.3637,64.5092,1.000000,0,1
125,5,1010.7980,518.1350,53.5529,23.9902,1.000000,1,0
125,6,4.9755,513.9995,162.6577,19.6257,1.000000,0,1
126,1,773.5062,473.7137,307.7455,76.0762,1.000000,0,1
126,2,1107.0100,518.0110,61.4817,20.9350,1.000000,0,1
126,3,203.4948,512.9476,103.6835,14.5237,1.000000,0.0625,0.9375
126,4,248.0688,493.7083,424.2706,64.4939,1.000000,0,1
126,5,1010.2150,518.0984,53.5250,23.9865,1.000000,1,0
126,6,5.3960,514.0341,162.6726,19.6291,1.000000,0,1
127,1,773.7848,473.6710,307.8141,76.0802,1.000000,0,1
127,2,1106.3540,518.0008,61.4469,20.9319,1.000000,0,1
127,3,204.0475,513.0461,103.6951,14.5266,1.000000,0,1
127,4,247.5235,493.7092,424.1780,64.4787,1.000000,0,1
127,5,1009.6340,518.0615,53.4976,23.9829,1.000000,1,0
127,6,5.8181,514.0679,162.6870,19.6324,1.000000,0,1
128,1,774.0638,473.6278,307.8823,76.0840,1.000000,0,1
128,2,1105.7000,517.9887,61.4121,20.9285,1.000000,0,1
128,3,204.6025,513.1470,103.7065,14.5295,1.000000,0.125,0.875
128,4,246.9771,493.7064,424.0859,64.4635,1.000000,0,1
128,5,1009.0520,518.0217,53.4698,23.9791,1.000000,1,0
128,6,6.2409,514.1022,162.7015,19.6357,1.000000,0,1
129,1,774.3430,473.5844,307.9503,76.0878,1.000000,0,1
129,2,1105.0450,517.9749,61.3776,20.9252,1.000000,0,1
129,3,205.1595,513.2489,103.7173,14.5324,1.000000,0.3125,0.6875
129,4,246.4296,493.7001,423.9945,64.4482,1.000000,0,1
129,5,1008.4710,517.9806,53.4423,23.9753,1.000000,1,0
129,6,6.6644,514.1361,162.7159,19.6390,1.000000,0,1
130,1,774.6222,473.5415,308.0181,76.0915,1.000000,0,1
130,2,1104.3910,517.9594,61.3430,20.9218,1.000000,0,1
130,3,205.7181,513.3501,103.7281,14.5353,1.000000,0.125,0.875
130,4,245.8816,493.6902,423.9039,64.4331,1.000000,0,1
130,5,1007.8900,517.9396,53.4150,23.9715,1.000000,1,0
130,6,7.0891,514.1682,162.7299,19.6423,1.000000,0,1
131,1,774.9014,473.4987,308.0854,76.0951,1.000000,0,1
131,2,1103.7380,517.9417,61.3085,20.9183,1.000000,0,1
131,3,206.2789,513.4525,103.7384,14.5381,1.000000,0.0625,0.9375
131,4,245.3333,493.6756,423.8141,64.4180,1.000000,0,1
131,5,1007.3090,517.8955,53.3876,23.9677,1.000000,1,0
131,6,7.5150,514.1989,162.7437,19.6455,1.000000,0,1
132,1,775.1806,473.4565,308.1520,76.0986,1.000000,0,1
132,2,1103.0850,517.9221,61.2741,20.9148,1.000000,0,1
132,3,206.8416,513.5547,103.7484,14.5409,1.000000,0,1
132,4,244.7851,493.6568,423.7253,64.4028,1.000000,0,1
132,5,1006.7290,517.8506,53.3604,23.9639,1.000000,1,0
132,6,7.9417,514.2278,162.7575,19.6487,1.000000,0,1
133,1,775.4594,473.4154,308.2184,76.1020,1.000000,0,1
133,2,1102.4330,517.9007,61.2398,20.9112,1.000000,0,1
133,3,207.4056,513.6550,103.7583,14.5436,1.000000,0.125,0.875
133,4,244.2366,493.6335,423.6378,64.3878,1.000000,0,1
133,5,1006.1490,517.8068,53.3333,23.9602,1.000000,1,0
133,6,8.3692,514.2548,162.7711,19.6519,1.000000,0,1
134,1,775.7379,473.3748,308.2836,76.1053,1.000000,0,1
134,2,1101.7810,517.8764,61.2054,20.9076,1.000000,0,1
134,3,207.9719,513.7556,103.7677,14.5462,1.000000,0.0625,0.9375
134,4,243.6890,493.6041,423.5507,64.3728,1.000000,0,1
134,5,1005.5700,517.7610,53.3065,23.9564,1.000000,1,0
134,6,8.7973,514.2806,162.7843,19.6550,1.000000,0,1
135,1,776.0162,473.3351,308.3483,76.1083,1.000000,0,1
135,2,1101.1290,517.8499,61.1716,20.9038,1.000000,0,1
135,3,208.5396,513.8551,103.7769,14.5490,1.000000,0.0625,0.9375
135,4,243.1415,493.5691,423.4646,64.3578,1.000000,0,1
135,5,1004.9910,517.7153,53.2795,23.9527,1.000000,1,0
135,6,9.2256,514.3051,162.7978,19.6581,1.000000,0,1
136,1,776.2939,473.2968,308.4120,76.1113,1.000000,0,1
136,2,1100.4790,517.8215,61.1377,20.9002,1.000000,0,1
136,3,209.1090,513.9522,103.7857,14.5515,1.000000,0.0625,0.9375
136,4,242.5941,493.5289,423.3799,64.3428,1.000000,0,1
136,5,1004.4140,517.6714,53.2531,23.9492,1.000000,1,0
136,6,9.6537,514.3279,162.8112,19.6612,1.000000,0,1
137,1,776.5713,473.2592,308.4747,76.1140,1.000000,0,1
137,2,1099.8290,517.7900,61.1040,20.8963,1.000000,0,1
137,3,209.6802,514.0484,103.7940,14.5540,1.000000,0.125,0.875
137,4,242.0470,493.4813,423.2960,64.3279,1.000000,0,1
137,5,1003.8370,517.6266,53.2266,23.9456,1.000000,1,0
137,6,10.0822,514.3501,162.8244,19.6643,1.000000,0,1
138,1,776.8481,473.2225,308.5366,76.1165,1.000000,0,1
138,2,1099.1800,517.7559,61.0703,20.8924,1.000000,0,1
138,3,210.2524,514.1424,103.8022,14.5564,1.000000,0.0625,0.9375
138,4,241.5001,493.4276,423.2133,64.3129,1.000000,0,1
138,5,1003.2610,517.5827,53.2003,23.9423,1.000000,1,0
138,6,10.5108,514.3719,162.8376,19.6674,1.000000,0,1
139,1,777.1246,473.1871,308.5976,76.1188,1.000000,0,1
139,2,1098.5310,517.7201,61.0367,20.8885,1.000000,0,1
139,3,210.8255,514.2327,103.8100,14.5588,1.000000,0.4375,0.5625
139,4,240.9531,493.3688,423.1321,64.2982,1.000000,0,1
139,5,1002.6870,517.5416,53.1744,23.9390,1.000000,1,0
139,6,10.9393,514.3929,162.8506,19.6704,1.000000,0,1
140,1,777.4004,473.1525,308.6575,76.1210,1.000000,0,1
140,2,1097.8820,517.6805,61.0034,20.8844,1.000000,0,1
140,3,211.3999,514.3208,103.8174,14.5612,1.000000,0.0625,0.9375
140,4,240.4059,493.3027,423.0524,64.2834,1.000000,0,1
140,5,1002.1120,517.5009,53.1487,23.9359,1.000000,1,0
140,6,11.3679,514.4142,162.8638,19.6735,1.000000,0,1
141,1,777.6755,473.1189,308.7171,76.1231,1.000000,0,1
141,2,1097.2340,517.6385,60.9702,20.8803,1.000000,0,1
141,3,211.9750,514.4058,103.8247,14.5635,1.000000,0.1875,0.8125
141,4,239.8586,493.2312,422.9736,64.2688,1.000000,0,1
141,5,1001.5380,517.4623,53.1232,23.9330,1.000000,1,0
141,6,11.7968,514.4358,162.8767,19.6766,1.000000,0,1
142,1,777.9500,473.0864,308.7756,76.1251,1.000000,0,1
142,2,1096.5860,517.5949,60.9374,20.8762,1.000000,0,1
142,3,212.5504,514.4865,103.8318,14.5657,1.000000,0.125,0.875
142,4,239.3102,493.1562,422.8974,64.2544,1.000000,0,1
142,5,1000.9650,517.4274,53.0980,23.9303,1.000000,1,0
142,6,12.2256,514.4577,162.8897,19.6796,1.000000,0,1
143,1,778.2236,473.0545,308.8335,76.1269,1.000000,0,1
143,2,1095.9380,517.5479,60.9044,20.8720,1.000000,0,1
143,3,213.1266,514.5639,103.8386,14.5679,1.000000,0.3125,0.6875
143,4,238.7617,493.0756,422.8218,64.2400,1.000000,0,1
143,5,1000.3920,517.3944,53.0730,23.9278,1.000000,1,0
143,6,12.6559,514.4804,162.9026,19.6827,1.000000,0,1
144,1,778.4967,473.0232,308.8907,76.1286,1.000000,0,1
144,2,1095.2900,517.4988,60.8716,20.8677,1.000000,0,1
144,3,213.7032,514.6375,103.8450,14.5700,1.000000,0.125,0.875
144,4,238.2127,492.9918,422.7477,64.2258,1.000000,0,1
144,5,999.8192,517.3642,53.0480,23.9254,1.000000,1,0
144,6,13.0880,514.5038,162.9151,19.6857,1.000000,0,1
145,1,778.7692,472.9926,308.9476,76.1303,1.000000,0,1
145,2,1094.6440,517.4486,60.8390,20.8634,1.000000,0,1
145,3,214.2796,514.7061,103.8514,14.5721,1.000000,0.0625,0.9375
145,4,237.6631,492.9069,422.6750,64.2118,1.000000,0,1
145,5,999.2467,517.3376,53.0228,23.9232,1.000000,1,0
145,6,13.5215,514.5284,162.9276,19.6887,1.000000,0,1
146,1,779.0406,472.9626,309.0043,76.1319,1.000000,0,1
146,2,1093.9980,517.3949,60.8064,20.8591,1.000000,0,1
146,3,214.8560,514.7704,103.8578,14.5741,1.000000,0.3125,0.6875
146,4,237.1124,492.8195,422.6026,64.1978,1.000000,0,1
146,5,998.6731,517.3132,52.9981,23.9211,1.000000,1,0
146,6,13.9577,514.5553,162.9396,19.6917,1.000000,0,1
147,1,779.3115,472.9331,309.0606,76.1336,1.000000,0,1
147,2,1093.3520,517.3392,60.7739,20.8546,1.000000,0,1
147,3,215.4321,514.8304,103.8640,14.5762,1.000000,0.25,0.75
147,4,236.5607,492.7326,422.5311,64.1839,1.000000,0,1
147,5,998.0989,517.2916,52.9731,23.9191,1.000000,1,0
147,6,14.3958,514.5844,162.9510,19.6947,1.000000,0,1
148,1,779.5816,472.9043,309.1169,76.1352,1.000000,0,1
148,2,1092.7080,517.2826,60.7418,20.8503,1.000000,0,1
148,3,216.0076,514.8856,103.8700,14.5782,1.000000,0.125,0.875
148,4,236.0091,492.6479,422.4594,64.1701,1.000000,0,1
148,5,997.5243,517.2734,52.9481,23.9172,1.000000,1,0
148,6,14.8352,514.6153,162.9623,19.6976,1.000000,0,1
149,1,779.8508,472.8758,309.1734,76.1370,1.000000,0,1
149,2,1092.0650,517.2227,60.7100,20.8458,1.000000,0,1
149,3,216.5828,514.9360,103.8760,14.5801,1.000000,0.375,0.625
149,4,235.4573,492.5637,422.3878,64.1562,1.000000,0,1
149,5,996.9476,517.2577,52.9229,23.9153,1.000000,1,0
149,6,15.2773,514.6487,162.9730,19.7005,1.000000,0,1
150,1,780.1193,472.8477,309.2302,76.1389,1.000000,0,1
150,2,1091.4220,517.1614,60.6783,20.8414,1.000000,0,1
150,3,217.1573,514.9820,103.8819,14.5820,1.000000,0.25,0.75
150,4,234.9060,492.4823,422.3159,64.1425,1.000000,0,1
150,5,996.3695,517.2444,52.8976,23.9135,1.000000,1,0
150,6,15.7208,514.6834,162.9835,19.7034,1.000000,0,1
151,1,780.3873,472.8199,309.2874,76.1409,1.000000,0,1
151,2,1090.7810,517.1010,60.6469,20.8370,1.000000,0,1
151,3,217.7304,515.0234,103.8879,14.5838,1.000000,0.3125,0.6875
151,4,234.3552,492.4058,422.2448,64.1289,1.000000,0,1
151,5,995.7900,517.2337,52.8721,23.9117,1.000000,1,0
151,6,16.1663,514.7186,162.9934,19.7062,1.000000,0,1
152,1,780.6542,472.7922,309.3453,76.1431,1.000000,0,1
152,2,1090.1400,517.0381,60.6156,20.8326,1.000000,0,1
152,3,218.3023,515.0601,103.8940,14.5856,1.000000,0.3125,0.6875
152,4,233.8053,492.3308,422.1729,64.1153,1.000000,0,1
152,5,995.2081,517.2251,52.8462,23.9100,1.000000,1,0
152,6,16.6144,514.7545,163.0028,19.7090,1.000000,0,1
153,1,780.9205,472.7647,309.4039,76.1456,1.000000,0,1
153,2,1089.4990,516.9750,60.5844,20.8282,1.000000,0,1
153,3,218.8724,515.0928,103.9001,14.5875,1.000000,0.25,0.75
153,4,233.2556,492.2587,422.1010,64.1018,1.000000,0,1
153,5,994.6246,517.2182,52.8200,23.9082,1.000000,1,0
153,6,17.0649,514.7905,163.0117,19.7117,1.000000,0,1
154,1,781.1864,472.7376,309.4630,76.1481,1.000000,0,1
154,2,1088.8600,516.9135,60.5535,20.8240,1.000000,0,1
154,3,219.4406,515.1218,103.9064,14.5894,1.000000,0.4375,0.5625
154,4,232.7066,492.1912,422.0288,64.0883,1.000000,0,1
154,5,994.0394,517.2130,52.7936,23.9063,1.000000,1,0
154,6,17.5179,514.8254,163.0200,19.7143,1.000000,0,1
155,1,781.4514,472.7105,309.5231,76.1510,1.000000,0,1
155,2,1088.2200,516.8509,60.5228,20.8198,1.000000,0,1
155,3,220.0076,515.1462,103.9128,14.5912,1.000000,0.25,0.75
155,4,232.1577,492.1249,421.9555,64.0747,1.000000,0,1
155,5,993.4526,517.2092,52.7671,23.9045,1.000000,1,0
155,6,17.9742,514.8593,163.0275,19.7168,1.000000,0,1
156,1,781.7159,472.6834,309.5841,76.1541,1.000000,0,1
156,2,1087.5790,516.7893,60.4922,20.8156,1.000000,0,1
156,3,220.5730,515.1670,103.9195,14.5931,1.000000,0.3125,0.6875
156,4,231.6087,492.0608,421.8823,64.0610,1.000000,0,1
156,5,992.8651,517.2064,52.7404,23.9025,1.000000,1,0
156,6,18.4330,514.8921,163.0345,19.7193,1.000000,0,1
157,1,781.9800,472.6566,309.6458,76.1574,1.000000,0,1
157,2,1086.9400,516.7304,60.4617,20.8117,1.000000,0,1
157,3,221.1363,515.1849,103.9263,14.5949,1.000000,0.25,0.75
157,4,231.0593,491.9998,421.8085,64.0475,1.000000,0,1
157,5,992.2773,517.2044,52.7134,23.9007,1.000000,1,0
157,6,18.8937,514.9232,163.0408,19.7217,1.000000,0,1
158,1,782.2432,472.6294,309.7085,76.1610,1.000000,0,1
158,2,1086.3010,516.6723,60.4315,20.8078,1.000000,0,1
158,3,221.6986,515.1991,103.9333,14.5967,1.000000,0.25,0.75
158,4,230.5084,491.9393,421.7348,64.0339,1.000000,0,1
158,5,991.6891,517.2031,52.6864,23.8987,1.000000,1,0
158,6,19.3576,514.9524,163.0465,19.7240,1.000000,0,1
159,1,782.5060,472.6025,309.7717,76.1647,1.000000,0,1
159,2,1085.6640,516.6162,60.4016,20.8041,1.000000,0,1
159,3,222.2595,515.2106,103.9405,14.5985,1.000000,0.5,0.5
159,4,229.9564,491.8807,421.6608,64.0204,1.000000,0,1
159,5,991.1008,517.2021,52.6594,23.8969,1.000000,1,0
159,6,19.8235,514.9798,163.0516,19.7262,1.000000,0,1
160,1,782.7685,472.5760,309.8362,76.1688,1.000000,0,1
160,2,1085.0270,516.5635,60.3718,20.8006,1.000000,0,1
160,3,222.8187,515.2202,103.9478,14.6005,1.000000,0.4375,0.5625
160,4,229.4037,491.8257,421.5868,64.0069,1.000000,0,1
160,5,990.5127,517.2009,52.6325,23.8949,1.000000,1,0
160,6,20.2904,515.0053,163.0565,19.7284,1.000000,0,1
161,1,783.0303,472.5493,309.9014,76.1730,1.000000,0,1
161,2,1084.3910,516.5128,60.3422,20.7972,1.000000,0,1
161,3,223.3764,515.2272,103.9556,14.6024,1.000000,0.5,0.5
161,4,228.8485,491.7710,421.5127,63.9934,1.000000,0,1
161,5,989.9246,517.1990,52.6052,23.8929,1.000000,1,0
161,6,20.7587,515.0293,163.0605,19.7304,1.000000,0,1
162,1,783.2917,472.5226,309.9672,76.1774,1.000000,0,1
162,2,1083.7550,516.4649,60.3132,20.7941,1.000000,0,1
162,3,223.9328,515.2321,103.9635,14.6043,1.000000,0.3125,0.6875
162,4,228.2918,491.7181,421.4387,63.9800,1.000000,0,1
162,5,989.3369,517.1964,52.5783,23.8909,1.000000,1,0
162,6,21.2278,515.0515,163.0643,19.7324,1.000000,0,1
163,1,783.5532,472.4963,310.0338,76.1820,1.000000,0,1
163,2,1083.1210,516.4194,60.2838,20.7925,1.000000,0,1
163,3,224.4883,515.2359,103.9716,14.6062,1.000000,0.4375,0.5625
163,4,227.7339,491.6686,421.3649,63.9667,1.000000,0,1
163,5,988.7503,517.1935,52.5511,23.8888,1.000000,1,0
163,6,21.6974,515.0709,163.0676,19.7344,1.000000,0,1
164,1,783.8142,472.4697,310.1008,76.1868,1.000000,0,1
164,2,1082.4860,516.3768,60.2548,20.7909,1.000000,0,1
164,3,225.0424,515.2376,103.9801,14.6082,1.000000,0.4375,0.5625
164,4,227.1736,491.6196,421.2913,63.9535,1.000000,0,1
164,5,988.1646,517.1901,52.5242,23.8868,1.000000,1,0
164,6,22.1688,515.0872,163.0706,19.7362,1.000000,0,1
165,1,784.0750,472.4432,310.1683,76.1917,1.000000,0,1
165,2,1081.8520,516.3375,60.2260,20.7895,1.000000,0,1
165,3,225.5950,515.2379,103.9888,14.6103,1.000000,0.375,0.625
165,4,226.6118,491.5721,421.2180,63.9403,1.000000,0,1
165,5,987.5800,517.1864,52.4973,23.8848,1.000000,1,0
165,6,22.6411,515.1009,163.0731,19.7380,1.000000,0,1
166,1,784.3359,472.4174,310.2363,76.1966,1.000000,0,1
166,2,1081.2190,516.3023,60.1973,20.7881,1.000000,0,1
166,3,226.1462,515.2372,103.9978,14.6123,1.000000,0.4375,0.5625
166,4,226.0477,491.5278,421.1460,63.9274,1.000000,0,1
166,5,986.9966,517.1829,52.4707,23.8828,1.000000,1,0
166,6,23.1142,515.1127,163.0753,19.7398,1.000000,0,1
167,1,784.5964,472.3918,310.3042,76.2017,1.000000,0,1
167,2,1080.5860,516.2706,60.1686,20.7868,1.000000,0,1
167,3,226.6964,515.2343,104.0070,14.6144,1.000000,0.5625,0.4375
167,4,225.4803,491.4826,421.0748,63.9146,1.000000,0,1
167,5,986.4147,517.1794,52.4440,23.8808,1.000000,1,0
167,6,23.5881,515.1220,163.0772,19.7414,1.000000,0,1
168,1,784.8569,472.3669,310.3724,76.2067,1.000000,0,1
168,2,1079.9530,516.2425,60.1400,20.7855,1.000000,0,1
168,3,227.2455,515.2296,104.0166,14.6164,1.000000,0.5625,0.4375
168,4,224.9102,491.4377,421.0048,63.9021,1.000000,0,1
168,5,985.8337,517.1763,52.4175,23.8789,1.000000,1,0
168,6,24.0625,515.1299,163.0789,19.7431,1.000000,0,1
169,1,785.1174,472.3428,310.4407,76.2118,1.000000,0,1
169,2,1079.3210,516.2182,60.1117,20.7844,1.000000,0,1
169,3,227.7935,515.2233,104.0264,14.6186,1.000000,0.625,0.375
169,4,224.3370,491.3947,420.9364,63.8899,1.000000,0,1
169,5,985.2538,517.1733,52.3910,23.8770,1.000000,1,0
169,6,24.5363,515.1371,163.0808,19.7448,1.000000,0,1
170,1,785.3779,472.3190,310.5088,76.2170,1.000000,0,1
170,2,1078.6890,516.1978,60.0833,20.7831,1.000000,0,1
170,3,228.3406,515.2144,104.0364,14.6207,1.000000,0.3125,0.6875
170,4,223.7600,491.3493,420.8688,63.8777,1.000000,0,1
170,5,984.6744,517.1707,52.3643,23.8750,1.000000,1,0
170,6,25.0107,515.1428,163.0824,19.7464,1.000000,0,1
171,1,785.6385,472.2957,310.5768,76.2221,1.000000,0,1
171,2,1078.0570,516.1810,60.0549,20.7820,1.000000,0,1
171,3,228.8866,515.2034,104.0468,14.6230,1.000000,0.3125,0.6875
171,4,223.1797,491.3027,420.8030,63.8658,1.000000,0,1
171,5,984.0956,517.1682,52.3377,23.8730,1.000000,1,0
171,6,25.4848,515.1475,163.0841,19.7480,1.000000,0,1
172,1,785.8994,472.2734,310.6446,76.2271,1.000000,0,1
172,2,1077.4260,516.1681,60.0267,20.7810,1.000000,0,1
172,3,229.4316,515.1909,104.0575,14.6252,1.000000,0.375,0.625
172,4,222.5964,491.2559,420.7389,63.8542,1.000000,0,1
172,5,983.5170,517.1660,52.3109,23.8710,1.000000,1,0
172,6,25.9582,515.1520,163.0858,19.7496,1.000000,0,1
173,1,786.1602,472.2521,310.7117,76.2320,1.000000,0,1
173,2,1076.7950,516.1592,59.9985,20.7800,1.000000,0,1
173,3,229.9756,515.1759,104.0686,14.6274,1.000000,0.25,0.75
173,4,222.0080,491.2061,420.6772,63.8429,1.000000,0,1
173,5,982.9384,517.1641,52.2841,23.8689,1.000000,1,0
173,6,26.4314,515.1556,163.0875,19.7513,1.000000,0,1
174,1,786.4213,472.2314,310.7786,76.2368,1.000000,0,1
174,2,1076.1640,516.1539,59.9705,20.7790,1.000000,0.0625,0.9375
174,3,230.5184,515.1589,104.0799,14.6297,1.000000,0.625,0.375
174,4,221.4158,491.1543,420.6179,63.8320,1.000000,0,1
174,5,982.3596,517.1622,52.2570,23.8667,1.000000,1,0
174,6,26.9035,515.1591,163.0894,19.7529,1.000000,0,1
175,1,786.6827,472.2116,310.8449,76.2416,1.000000,0,1
175,2,1075.5330,516.1523,59.9421,20.7779,1.000000,0.0625,0.9375
175,3,231.0595,515.1404,104.0916,14.6320,1.000000,0.4375,0.5625
175,4,220.8206,491.1023,420.5612,63.8215,1.000000,0,1
175,5,981.7804,517.1597,52.2297,23.8644,1.000000,1,0
175,6,27.3738,515.1627,163.0916,19.7545,1.000000,0,1
176,1,786.9440,472.1929,310.9109,76.2462,1.000000,0,1
176,2,1074.9010,516.1550,59.9138,20.7769,1.000000,0,1
176,3,231.5999,515.1194,104.1035,14.6344,1.000000,0.5625,0.4375
176,4,220.2208,491.0469,420.5075,63.8115,1.000000,0,1
176,5,981.2010,517.1575,52.2022,23.8621,1.000000,1,0
176,6,27.8423,515.1660,163.0940,19.7563,1.000000,0,1
177,1,787.2057,472.1751,310.9764,76.2508,1.000000,0,1
177,2,1074.2690,516.1609,59.8851,20.7759,1.000000,0.0625,0.9375
177,3,232.1387,515.0968,104.1158,14.6368,1.000000,0.3125,0.6875
177,4,219.6174,490.9895,420.4567,63.8018,1.000000,0,1
177,5,980.6210,517.1550,52.1743,23.8596,1.000000,1,0
177,6,28.3087,515.1695,163.0966,19.7580,1.000000,0,1
178,1,787.4677,472.1583,311.0416,76.2554,1.000000,0,1
178,2,1073.6370,516.1697,59.8566,20.7748,1.000000,0.1875,0.8125
178,3,232.6760,515.0732,104.1285,14.6392,1.000000,0.5625,0.4375
178,4,219.0101,490.9315,420.4227,63.7929,1.000000,0,1
178,5,980.0402,517.1514,52.1464,23.8570,1.000000,1,0
178,6,28.7720,515.1726,163.0999,19.7598,1.000000,0,1
179,1,787.7297,472.1421,311.1063,76.2598,1.000000,0,1
179,2,1073.0040,516.1827,59.8276,20.7738,1.000000,0.0625,0.9375
179,3,233.2113,515.0481,104.1415,14.6417,1.000000,0.1875,0.8125
179,4,218.3982,490.8702,420.3942,63.7845,1.000000,0,1
179,5,979.4586,517.1475,52.1183,23.8543,1.000000,1,0
179,6,29.2336,515.1741,163.1036,19.7616,1.000000,0,1
180,1,787.9919,472.1266,311.1707,76.2640,1.000000,0,1
180,2,1072.3700,516.1986,59.7987,20.7727,1.000000,0.0625,0.9375
180,3,233.7452,515.0220,104.1549,14.6442,1.000000,0.6875,0.3125
180,4,217.7827,490.8072,420.3693,63.7767,1.000000,0,1
180,5,978.8762,517.1427,52.0898,23.8514,1.000000,1,0
180,6,29.6932,515.1746,163.1076,19.7634,1.000000,0,1
181,1,788.2541,472.1120,311.2353,76.2685,1.000000,0,1
181,2,1071.7360,516.2164,59.7695,20.7716,1.000000,0.25,0.75
181,3,234.2771,514.9954,104.1686,14.6468,1.000000,0.375,0.625
181,4,217.1638,490.7443,420.3488,63.7696,1.000000,0,1
181,5,978.2931,517.1368,52.0610,23.8484,1.000000,1,0
181,6,30.1500,515.1747,163.1124,19.7654,1.000000,0,1
182,1,788.5163,472.0977,311.2996,76.2728,1.000000,0,1
182,2,1071.1010,516.2380,59.7400,20.7704,1.000000,0.125,0.875
182,3,234.8079,514.9677,104.1826,14.6494,1.000000,0.6875,0.3125
182,4,216.5404,490.6794,420.3332,63.7633,1.000000,0,1
182,5,977.7094,517.1300,52.0323,23.8453,1.000000,1,0
182,6,30.6044,515.1737,163.1176,19.7674,1.000000,0,1
183,1,788.7786,472.0839,311.3640,76.2772,1.000000,0,1
183,2,1070.4660,516.2618,59.7105,20.7692,1.000000,0.0625,0.9375
183,3,235.3374,514.9397,104.1970,14.6521,1.000000,0.4375,0.5625
183,4,215.9131,490.6142,420.3218,63.7577,1.000000,0,1
183,5,977.1255,517.1218,52.0032,23.8420,1.000000,1,0
183,6,31.0561,515.1725,163.1236,19.7695,1.000000,0,1
184,1,789.0408,472.0707,311.4289,76.2817,1.000000,0,1
184,2,1069.8300,516.2869,59.6804,20.7679,1.000000,0.125,0.875
184,3,235.8659,514.9125,104.2115,14.6547,1.000000,0.6875,0.3125
184,4,215.2816,490.5506,420.3152,63.7529,1.000000,0,1
184,5,976.5416,517.1124,51.9740,23.8387,1.000000,1,0
184,6,31.5045,515.1719,163.1302,19.7716,1.000000,0,1
185,1,789.3030,472.0577,311.4936,76.2862,1.000000,0,1
185,2,1069.1950,516.3149,59.6504,20.7665,1.000000,0.1875,0.8125
185,3,236.3939,514.8854,104.2264,14.6575,1.000000,0.625,0.375
185,4,214.6444,490.4875,420.3134,63.7490,1.000000,0,1
185,5,975.9573,517.1017,51.9446,23.8352,1.000000,1,0
185,6,31.9498,515.1714,163.1375,19.7738,1.000000,0,1
186,1,789.5654,472.0446,311.5591,76.2909,1.000000,0,1
186,2,1068.5590,516.3446,59.6200,20.7651,1.000000,0.125,0.875
186,3,236.9215,514.8591,104.2414,14.6602,1.000000,0.3125,0.6875
186,4,214.0030,490.4268,420.3153,63.7457,1.000000,0,1
186,5,975.3724,517.0897,51.9152,23.8316,1.000000,1,0
186,6,32.3921,515.1720,163.1454,19.7761,1.000000,0,1
187,1,789.8281,472.0314,311.6257,76.2958,1.000000,0,1
187,2,1067.9230,516.3746,59.5895,20.7636,1.000000,0.0625,0.9375
187,3,237.4482,514.8346,104.2567,14.6630,1.000000,0.5,0.5
187,4,213.3577,490.3705,420.3218,63.7433,1.000000,0,1
187,5,974.7871,517.0764,51.8855,23.8279,1.000000,1,0
187,6,32.8309,515.1743,163.1542,19.7785,1.000000,0,1
188,1,790.0912,472.0179,311.6932,76.3009,1.000000,0,1
188,2,1067.2870,516.4071,59.5588,20.7621,1.000000,0.4375,0.5625
188,3,237.9747,514.8110,104.2721,14.6658,1.000000,0.5,0.5
188,4,212.7081,490.3179,420.3322,63.7416,1.000000,0,1
188,5,974.2006,517.0610,51.8556,23.8241,1.000000,1,0
188,6,33.2665,515.1780,163.1636,19.7811,1.000000,0,1
189,1,790.3546,472.0041,311.7617,76.3062,1.000000,0,1
189,2,1066.6500,516.4406,59.5276,20.7604,1.000000,0.1875,0.8125
189,3,238.5009,514.7887,104.2876,14.6687,1.000000,0.625,0.375
189,4,212.0552,490.2701,420.3462,63.7407,1.000000,0,1
189,5,973.6130,517.0444,51.8255,23.8200,1.000000,1,0
189,6,33.6992,515.1836,163.1736,19.7836,1.000000,0,1
190,1,790.6182,471.9900,311.8313,76.3118,1.000000,0,1
190,2,1066.0120,516.4737,59.4962,20.7589,1.000000,0.3125,0.6875
190,3,239.0268,514.7683,104.3033,14.6715,1.000000,0.5625,0.4375
190,4,211.3985,490.2281,420.3643,63.7406,1.000000,0,1
190,5,973.0248,517.0266,51.7952,23.8160,1.000000,1,0
190,6,34.1291,515.1915,163.1843,19.7863,1.000000,0,1
191,1,790.8820,471.9754,311.9023,76.3177,1.000000,0,1
191,2,1065.3750,516.5083,59.4647,20.7583,1.000000,0.4375,0.5625
191,3,239.5524,514.7491,104.3192,14.6745,1.000000,0.625,0.375
191,4,210.7386,490.1913,420.3862,63.7412,1.000000,0,1
191,5,972.4352,517.0070,51.7647,23.8116,1.000000,1,0
191,6,34.5569,515.2014,163.1958,19.7891,1.000000,0,1
192,1,791.1462,471.9607,311.9746,76.3239,1.000000,0,1
192,2,1064.7380,516.5437,59.4330,20.7575,1.000000,0.3125,0.6875
192,3,240.0775,514.7315,104.3351,14.6774,1.000000,0.5,0.5
192,4,210.0763,490.1593,420.4106,63.7425,1.000000,0,1
192,5,971.8444,516.9861,51.7342,23.8073,1.000000,1,0
192,6,34.9826,515.2144,163.2077,19.7920,1.000000,0,1
193,1,791.4108,471.9462,312.0481,76.3304,1.000000,0,1
193,2,1064.1000,516.5784,59.4008,20.7567,1.000000,0.4375,0.5625
193,3,240.6020,514.7155,104.3512,14.6803,1.000000,0.75,0.25
193,4,209.4104,490.1328,420.4395,63.7444,1.000000,0,1
193,5,971.2531,516.9645,51.7034,23.8028,1.000000,1,0
193,6,35.4061,515.2311,163.2205,19.7950,1.000000,0,1
194,1,791.6755,471.9311,312.1230,76.3372,1.000000,0,1
194,2,1063.4610,516.6151,59.3684,20.7558,1.000000,0.375,0.625
194,3,241.1261,514.7001,104.3674,14.6833,1.000000,0.625,0.375
194,4,208.7421,490.1107,420.4711,63.7471,1.000000,0,1
194,5,970.6602,516.9412,51.6726,23.7983,1.000000,1,0
194,6,35.8274,515.2522,163.2338,19.7981,1.000000,0,1
195,1,791.9409,471.9160,312.1990,76.3443,1.000000,0,1
195,2,1062.8230,516.6522,59.3358,20.7549,1.000000,0.3125,0.6875
195,3,241.6501,514.6853,104.3836,14.6863,1.000000,0.375,0.625
195,4,208.0718,490.0927,420.5052,63.7502,1.000000,0,1
195,5,970.0666,516.9171,51.6413,23.7936,1.000000,1,0
195,6,36.2467,515.2770,163.2477,19.8012,1.000000,0,1
196,1,792.2065,471.9011,312.2767,76.3517,1.000000,0,1
196,2,1062.1840,516.6883,59.3029,20.7538,1.000000,0.625,0.375
196,3,242.1740,514.6713,104.4001,14.6893,1.000000,0.375,0.625
196,4,207.3993,490.0789,420.5424,63.7541,1.000000,0,1
196,5,969.4725,516.8928,51.6102,23.7889,1.000000,1,0
196,6,36.6645,515.3052,163.2621,19.8045,1.000000,0,1
197,1,792.4726,471.8860,312.3558,76.3594,1.000000,0,1
197,2,1061.5440,516.7258,59.2698,20.7527,1.000000,0.625,0.375
197,3,242.6982,514.6576,104.4167,14.6924,1.000000,0.625,0.375
197,4,206.7247,490.0684,420.5826,63.7584,1.000000,0,1
197,5,968.8774,516.8672,51.5788,23.7840,1.000000,1,0
197,6,37.0804,515.3370,163.2772,19.8079,1.000000,0,1
198,1,792.7392,471.8712,312.4356,76.3673,1.000000,0,1
198,2,1060.9040,516.7633,59.2362,20.7515,1.000000,0.5,0.5
198,3,243.2222,514.6447,104.4335,14.6955,1.000000,0.625,0.375
198,4,206.0492,490.0605,420.6243,63.7631,1.000000,0,1
198,5,968.2819,516.8412,51.5474,23.7792,1.000000,1,0
198,6,37.4951,515.3717,163.2925,19.8114,1.000000,0,1
199,1,793.0061,471.8572,312.5171,76.3756,1.000000,0,1
199,2,1060.2620,516.7997,59.2026,20.7502,1.000000,0.375,0.625
199,3,243.7464,514.6326,104.4502,14.6986,1.000000,0.6875,0.3125
199,4,205.3730,490.0553,420.6677,63.7681,1.000000,0,1
199,5,967.6868,516.8159,51.5162,23.7744,1.000000,1,0
199,6,37.9089,515.4086,163.3083,19.8149,1.000000,0,1
200,1,793.2739,471.8438,312.5994,76.3842,1.000000,0,1
200,2,1059.6200,516.8367,59.1683,20.7488,1.000000,0.375,0.625
200,3,244.2701,514.6215,104.4671,14.7016,1.000000,0.5625,0.4375
200,4,204.6961,490.0530,420.7130,63.7735,1.000000,0,1
200,5,967.0907,516.7901,51.4847,23.7696,1.000000,1,0
200,6,38.3209,515.4483,163.3247,19.8185,1.000000,0,1
201,1,793.5424,471.8314,312.6825,76.3928,1.000000,0,1
201,2,1058.9760,516.8727,59.1342,20.7473,1.000000,0.625,0.375
201,3,244.7937,514.6112,104.4843,14.7048,1.000000,0.8125,0.1875
201,4,204.0191,490.0531,420.7591,63.7791,1.000000,0,1
201,5,966.4943,516.7643,51.4534,23.7648,1.000000,1,0
201,6,38.7323,515.4897,163.3412,19.8221,1.000000,0,1
202,1,793.8111,471.8206,312.7659,76.4017,1.000000,0,1
202,2,1058.3320,516.9066,59.0996,20.7456,1.000000,0.375,0.625
202,3,245.3178,514.6018,104.5012,14.7079,1.000000,0.8125,0.1875
202,4,203.3426,490.0546,420.8061,63.7849,1.000000,0,1
202,5,965.8982,516.7390,51.4221,23.7600,1.000000,1,0
202,6,39.1435,515.5320,163.3582,19.8258,1.000000,0,1
203,1,794.0807,471.8113,312.8502,76.4107,1.000000,0,1
203,2,1057.6860,516.9396,59.0646,20.7437,1.000000,0.5625,0.4375
203,3,245.8414,514.5936,104.5184,14.7111,1.000000,0.6875,0.3125
203,4,202.6659,490.0590,420.8536,63.7909,1.000000,0,1
203,5,965.3016,516.7137,51.3908,23.7552,1.000000,1,0
203,6,39.5533,515.5756,163.3754,19.8295,1.000000,0,1
204,1,794.3509,471.8038,312.9350,76.4199,1.000000,0,1
204,2,1057.0390,516.9713,59.0294,20.7418,1.000000,0.625,0.375
204,3,246.3652,514.5862,104.5357,14.7143,1.000000,0.9375,0.0625
204,4,201.9890,490.0662,420.9016,63.7969,1.000000,0,1
204,5,964.7052,516.6888,51.3596,23.7505,1.000000,1,0
204,6,39.9627,515.6200,163.3929,19.8333,1.000000,0,1
205,1,794.6216,471.7981,313.0199,76.4291,1.000000,0,1
205,2,1056.3920,517.0013,58.9940,20.7397,1.000000,0.6875,0.3125
205,3,246.8899,514.5797,104.5528,14.7174,1.000000,0.6875,0.3125
205,4,201.3127,490.0762,420.9491,63.8030,1.000000,0,1
205,5,964.1096,516.6648,51.3286,23.7459,1.000000,1,0
205,6,40.3727,515.6641,163.4106,19.8371,1.000000,0,1
206,1,794.8932,471.7944,313.1050,76.4384,1.000000,0,1
206,2,1055.7440,517.0292,58.9585,20.7374,1.000000,0.6875,0.3125
206,3,247.4151,514.5739,104.5701,14.7207,1.000000,0.5,0.5
206,4,200.6371,490.0917,420.9970,63.8093,1.000000,0,1
206,5,963.5142,516.6412,51.2977,23.7414,1.000000,1,0
206,6,40.7827,515.7086,163.4283,19.8409,1.000000,0,1
207,1,795.1656,471.7926,313.1906,76.4479,1.000000,0,1
207,2,1055.0950,517.0553,58.9225,20.7351,1.000000,0.6875,0.3125
207,3,247.9417,514.5688,104.5873,14.7239,1.000000,0.75,0.25
207,4,199.9628,490.1124,421.0446,63.8157,1.000000,0,1
207,5,962.9194,516.6185,51.2670,23.7369,1.000000,1,0
207,6,41.1932,515.7528,163.4460,19.8447,1.000000,0,1
208,1,795.4387,471.7932,313.2760,76.4573,1.000000,0,1
208,2,1054.4470,517.0795,58.8866,20.7325,1.000000,0.875,0.125
208,3,248.4701,514.5646,104.6044,14.7270,1.000000,0.625,0.375
208,4,199.2901,490.1375,421.0911,63.8220,1.000000,0,1
208,5,962.3260,516.5970,51.2363,23.7325,1.000000,1,0
208,6,41.6048,515.7963,163.4639,19.8486,1.000000,0,1
209,1,795.7126,471.7963,313.3614,76.4668,1.000000,0,1
209,2,1053.7980,517.1015,58.8506,20.7299,1.000000,0.5625,0.4375
209,3,248.9994,514.5620,104.6214,14.7302,1.000000,0.6875,0.3125
209,4,198.6189,490.1694,421.1371,63.8284,1.000000,0,1
209,5,961.7333,516.5760,51.2061,23.7283,1.000000,1,0
209,6,42.0164,515.8401,163.4819,19.8524,1.000000,0,1
210,1,795.9871,471.8013,313.4467,76.4762,1.000000,0,1
210,2,1053.1490,517.1216,58.8145,20.7272,1.000000,0.6875,0.3125
210,3,249.5302,514.5605,104.6384,14.7334,1.000000,0.8125,0.1875
210,4,197.9492,490.2070,421.1823,63.8348,1.000000,0,1
210,5,961.1419,516.5560,51.1759,23.7241,1.000000,1,0
210,6,42.4286,515.8839,163.4998,19.8563,1.000000,0,1
211,1,796.2621,471.8084,313.5317,76.4857,1.000000,0,1
211,2,1052.5010,517.1403,58.7784,20.7244,1.000000,0.6875,0.3125
211,3,250.0629,514.5597,104.6550,14.7365,1.000000,0.6875,0.3125
211,4,197.2809,490.2498,421.2266,63.8411,1.000000,0,1
211,5,960.5518,516.5369,51.1461,23.7201,1.000000,1,0
211,6,42.8420,515.9266,163.5177,19.8601,1.000000,0,1
212,1,796.5382,471.8175,313.6167,76.4951,1.000000,0,1
212,2,1051.8540,517.1567,58.7423,20.7215,1.000000,0.75,0.25
212,3,250.5968,514.5604,104.6716,14.7397,1.000000,0.5625,0.4375
212,4,196.6144,490.2998,421.2696,63.8475,1.000000,0,1
212,5,959.9633,516.5188,51.1164,23.7162,1.000000,1,0
212,6,43.2563,515.9696,163.5354,19.8639,1.000000,0,1
213,1,796.8149,471.8283,313.7016,76.5046,1.000000,0,1
213,2,1051.2090,517.1717,58.7064,20.7185,1.000000,0.8125,0.1875
213,3,251.1324,514.5619,104.6879,14.7428,1.000000,0.875,0.125
213,4,195.9495,490.3551,421.3112,63.8537,1.000000,0,1
213,5,959.3762,516.5016,51.0870,23.7124,1.000000,1,0
213,6,43.6714,516.0121,163.5533,19.8677,1.000000,0,1
214,1,797.0919,471.8405,313.7863,76.5140,1.000000,0,1
214,2,1050.5650,517.1857,58.6707,20.7156,1.000000,0.75,0.25
214,3,251.6698,514.5634,104.7040,14.7459,1.000000,0.375,0.625
214,4,195.2864,490.4145,421.3508,63.8597,1.000000,0,1
214,5,958.7905,516.4855,51.0578,23.7088,1.000000,1,0
214,6,44.0879,516.0536,163.5710,19.8715,1.000000,0,1
215,1,797.3694,471.8541,313.8710,76.5235,1.000000,0,1
215,2,1049.9230,517.1983,58.6350,20.7126,1.000000,0.6875,0.3125
215,3,252.2088,514.5659,104.7199,14.7489,1.000000,0.6875,0.3125
215,4,194.6252,490.4802,421.3893,63.8657,1.000000,0,1
215,5,958.2063,516.4708,51.0288,23.7052,1.000000,1,0
215,6,44.5050,516.0953,163.5887,19.8753,1.000000,0,1
216,1,797.6470,471.8687,313.9558,76.5330,1.000000,0,1
216,2,1049.2830,517.2104,58.5995,20.7096,1.000000,0.875,0.125
216,3,252.7496,514.5686,104.7355,14.7520,1.000000,0.6875,0.3125
216,4,193.9661,490.5500,421.4256,63.8714,1.000000,0,1
216,5,957.6233,516.4573,51.0001,23.7021,1.000000,1,0
216,6,44.9233,516.1366,163.6063,19.8791,1.000000,0,1
217,1,797.9245,471.8834,314.0403,76.5424,1.000000,0,1
217,2,1048.6440,517.2229,58.5642,20.7067,1.000000,0.875,0.125
217,3,253.2924,514.5709,104.7509,14.7549,1.000000,0.5625,0.4375
217,4,193.3088,490.6215,421.4594,63.8767,1.000000,0,1
217,5,957.0416,516.4452,50.9716,23.6992,1.000000,1,0
217,6,45.3436,516.1766,163.6237,19.8829,1.000000,0,1
218,1,798.2019,471.8987,314.1254,76.5520,1.000000,0,1
218,2,1048.0060,517.2349,58.5293,20.7038,1.000000,0.8125,0.1875
218,3,253.8368,514.5738,104.7661,14.7579,1.000000,0.8125,0.1875
218,4,192.6542,490.6970,421.4911,63.8818,1.000000,0,1
218,5,956.4608,516.4342,50.9434,23.6964,1.000000,1,0
218,6,45.7647,516.2167,163.6409,19.8866,1.000000,0,1
219,1,798.4791,471.9141,314.2102,76.5615,1.000000,0,1
219,2,1047.3690,517.2474,58.4944,20.7010,1.000000,1,0
219,3,254.3835,514.5764,104.7809,14.7608,1.000000,0.6875,0.3125
219,4,192.0018,490.7745,421.5205,63.8865,1.000000,0,1
219,5,955.8809,516.4243,50.9153,23.6936,1.000000,1,0
219,6,46.1869,516.2559,163.6580,19.8904,1.000000,0,1
220,1,798.7562,471.9288,314.2951,76.5711,1.000000,0,1
220,2,1046.7340,517.2612,58.4598,20.6983,1.000000,1,0
220,3,254.9328,514.5778,104.7954,14.7637,1.000000,0.5625,0.4375
220,4,191.3520,490.8515,421.5468,63.8908,1.000000,0,1
220,5,955.3019,516.4159,50.8872,23.6909,1.000000,1,0
220,6,46.6115,516.2933,163.6748,19.8941,1.000000,0,1
221,1,799.0334,471.9427,314.3807,76.5807,1.000000,0,1
221,2,1046.0990,517.2750,58.4252,20.6956,1.000000,0.9375,0.0625
221,3,255.4840,514.5798,104.8096,14.7666,1.000000,0.625,0.375
221,4,190.7055,490.9297,421.5706,63.8946,1.000000,0,1
221,5,954.7238,516.4088,50.8596,23.6884,1.000000,1,0
221,6,47.0366,516.3298,163.6915,19.8977,1.000000,0,1
222,1,799.3109,471.9553,314.4667,76.5904,1.000000,0,1
222,2,1045.4630,517.2886,58.3908,20.6930,1.000000,0.9375,0.0625
222,3,256.0370,514.5821,104.8235,14.7694,1.000000,0.75,0.25
222,4,190.0624,491.0080,421.5917,63.8979,1.000000,0,1
222,5,954.1466,516.4032,50.8320,23.6858,1.000000,1,0
222,6,47.4630,516.3647,163.7078,19.9014,1.000000,0,1
223,1,799.5887,471.9662,314.5534,76.6002,1.000000,0,1
223,2,1044.8270,517.3025,58.3565,20.6905,1.000000,0.9375,0.0625
223,3,256.5918,514.5839,104.8373,14.7721,1.000000,0.875,0.125
223,4,189.4234,491.0854,421.6097,63.9007,1.000000,0,1
223,5,953.5704,516.3994,50.8046,23.6834,1.000000,1,0
223,6,47.8914,516.3970,163.7238,19.9049,1.000000,0,1
224,1,799.8670,471.9756,314.6411,76.6102,1.000000,0,1
224,2,1044.1910,517.3158,58.3223,20.6879,1.000000,1,0
224,3,257.1475,514.5865,104.8507,14.7749,1.000000,0.75,0.25
224,4,188.7889,491.1622,421.6249,63.9031,1.000000,0,1
224,5,952.9955,516.3973,50.7776,23.6811,1.000000,1,0
224,6,48.3197,516.4279,163.7397,19.9085,1.000000,0,1
225,1,800.1458,471.9835,314.7290,76.6202,1.000000,0,1
225,2,1043.5540,517.3293,58.2882,20.6854,1.000000,1,0
225,3,257.7040,514.5892,104.8640,14.7776,1.000000,0.6875,0.3125
225,4,188.1584,491.2379,421.6371,63.9049,1.000000,0,1
225,5,952.4212,516.3972,50.7507,23.6789,1.000000,1,0
225,6,48.7490,516.4569,163.7553,19.9120,1.000000,0,1
226,1,800.4247,471.9896,314.8179,76.6303,1.000000,0,1
226,2,1042.9180,517.3439,58.2544,20.6830,1.000000,0.9375,0.0625
226,3,258.2614,514.5916,104.8771,14.7803,1.000000,0.6875,0.3125
226,4,187.5320,491.3117,421.6457,63.9061,1.000000,0,1
226,5,951.8477,516.3993,50.7239,23.6767,1.000000,1,0
226,6,49.1793,516.4821,163.7706,19.9167,1.000000,0,1
227,1,800.7047,471.9941,314.9078,76.6407,1.000000,0,1
227,2,1042.2800,517.3593,58.2206,20.6807,1.000000,1,0
227,3,258.8195,514.5942,104.8899,14.7829,1.000000,0.75,0.25
227,4,186.9098,491.3844,421.6510,63.9068,1.000000,0,1
227,5,951.2750,516.4034,50.6973,23.6747,1.000000,1,0
227,6,49.6098,516.5048,163.7859,19.9220,1.000000,0,1
228,1,800.9850,471.9969,314.9986,76.6511,1.000000,0,1
228,2,1041.6410,517.3757,58.1869,20.6785,1.000000,1,0
228,3,259.3780,514.5969,104.9025,14.7855,1.000000,0.75,0.25
228,4,186.2913,491.4557,421.6533,63.9068,1.000000,0,1
228,5,950.7031,516.4100,50.6707,23.6726,1.000000,1,0
228,6,50.0408,516.5258,163.8011,19.9272,1.000000,0,1
229,1,801.2659,471.9983,315.0902,76.6617,1.000000,0,1
229,2,1041.0030,517.3937,58.1534,20.6764,1.000000,1,0
229,3,259.9372,514.5990,104.9151,14.7881,1.000000,0.625,0.375
229,4,185.6766,491.5250,421.6519,63.9063,1.000000,0,1
229,5,950.1318,516.4191,50.6443,23.6707,1.000000,1,0
229,6,50.4723,516.5450,163.8159,19.9321,1.000000,0,1
230,1,801.5477,471.9984,315.1825,76.6724,1.000000,0,1
230,2,1040.3650,517.4136,58.1202,20.6744,1.000000,1,0
230,3,260.4965,514.6011,104.9274,14.7907,1.000000,0.5625,0.4375
230,4,185.0661,491.5939,421.6471,63.9051,1.000000,0,1
230,5,949.5611,516.4305,50.6180,23.6688,1.000000,1,0
230,6,50.9045,516.5631,163.8304,19.9369,1.000000,0,1
231,1,801.8302,471.9972,315.2755,76.6831,1.000000,0,1
231,2,1039.7280,517.4354,58.0873,20.6727,1.000000,1,0
231,3,261.0556,514.6033,104.9397,14.7933,1.000000,0.75,0.25
231,4,184.4596,491.6623,421.6389,63.9034,1.000000,0,1
231,5,948.9910,516.4447,50.5919,23.6670,1.000000,1,0
231,6,51.3370,516.5802,163.8450,19.9417,1.000000,0,1
232,1,802.1133,471.9949,315.3691,76.6940,1.000000,0,1
232,2,1039.0910,517.4592,58.0548,20.6711,1.000000,1,0
232,3,261.6148,514.6058,104.9518,14.7958,1.000000,0.8125,0.1875
232,4,183.8560,491.7295,421.6277,63.9011,1.000000,0,1
232,5,948.4214,516.4614,50.5659,23.6652,1.000000,1,0
232,6,51.7701,516.5964,163.8592,19.9463,1.000000,0,1
233,1,802.3973,471.9918,315.4633,76.7049,1.000000,0,1
233,2,1038.4560,517.4851,58.0227,20.6697,1.000000,1,0
233,3,262.1739,514.6088,104.9641,14.7983,1.000000,0.625,0.375
233,4,183.2568,491.7974,421.6129,63.8982,1.000000,0,1
233,5,947.8528,516.4808,50.5399,23.6639,1.000000,1,0
233,6,52.2039,516.6122,163.8733,19.9509,1.000000,0,1
234,1,802.6819,471.9881,315.5577,76.7159,1.000000,0,1
234,2,1037.8220,517.5132,57.9910,20.6686,1.000000,1,0
234,3,262.7333,514.6121,104.9763,14.8010,1.000000,0.5625,0.4375
234,4,182.6613,491.8652,421.5947,63.8948,1.000000,0,1
234,5,947.2852,516.5027,50.5140,23.6629,1.000000,1,0
234,6,52.6388,516.6279,163.8869,19.9554,1.000000,0,1
235,1,802.9668,471.9840,315.6523,76.7268,1.000000,0,1
235,2,1037.1900,517.5439,57.9597,20.6677,1.000000,1,0
235,3,263.2932,514.6162,104.9884,14.8035,1.000000,0.5,0.5
235,4,182.0692,491.9318,421.5732,63.8908,1.000000,0,1
235,5,946.7186,516.5271,50.4884,23.6620,1.000000,1,0
235,6,53.0743,516.6439,163.9005,19.9599,1.000000,0,1
236,1,803.2526,471.9796,315.7474,76.7379,1.000000,0,1
236,2,1036.5590,517.5786,57.9290,20.6671,1.000000,1,0
236,3,263.8525,514.6223,105.0004,14.8060,1.000000,0.6875,0.3125
236,4,181.4810,491.9995,421.5482,63.8863,1.000000,0,1
236,5,946.1533,516.5540,50.4629,23.6614,1.000000,1,0
236,6,53.5102,516.6606,163.9138,19.9645,1.000000,0,1
237,1,803.5388,471.9753,315.8428,76.7490,1.000000,0,1
237,2,1035.9290,517.6165,57.8984,20.6667,1.000000,1,0
237,3,264.4108,514.6304,105.0125,14.8087,1.000000,0.75,0.25
237,4,180.8958,492.0667,421.5203,63.8812,1.000000,0,1
237,5,945.5892,516.5839,50.4375,23.6608,1.000000,1,0
237,6,53.9471,516.6780,163.9268,19.9690,1.000000,0,1
238,1,803.8252,471.9712,315.9380,76.7600,1.000000,0,1
238,2,1035.3010,517.6573,57.8684,20.6666,1.000000,1,0
238,3,264.9679,514.6403,105.0248,14.8113,1.000000,0.625,0.375
238,4,180.3136,492.1320,421.4890,63.8756,1.000000,0,1
238,5,945.0262,516.6168,50.4123,23.6603,1.000000,1,0
238,6,54.3855,516.6956,163.9394,19.9735,1.000000,0,1
239,1,804.1122,471.9671,316.0335,76.7710,1.000000,0,1
239,2,1034.6740,517.7034,57.8386,20.6668,1.000000,1,0
239,3,265.5237,514.6525,105.0373,14.8139,1.000000,0.6875,0.3125
239,4,179.7345,492.1984,421.4554,63.8695,1.000000,0,1
239,5,944.4648,516.6525,50.3873,23.6602,1.000000,1,0
239,6,54.8253,516.7138,163.9514,19.9781,1.000000,0.0625,0.9375
240,1,804.3995,471.9631,316.1286,76.7820,1.000000,0,1
240,2,1034.0480,517.7535,57.8092,20.6672,1.000000,1,0
240,3,266.0788,514.6666,105.0498,14.8166,1.000000,0.75,0.25
240,4,179.1578,492.2636,421.4191,63.8631,1.000000,0,1
240,5,943.9050,516.6912,50.3624,23.6602,1.000000,1,0
240,6,55.2665,516.7324,163.9628,19.9827,1.000000,0,1
241,1,804.6866,471.9593,316.2232,76.7929,1.000000,0,1
241,2,1033.4220,517.8069,57.7802,20.6679,1.000000,1,0
241,3,266.6332,514.6827,105.0622,14.8192,1.000000,0.8125,0.1875
241,4,178.5831,492.3261,421.3803,63.8561,1.000000,0,1
241,5,943.3463,516.7329,50.3380,23.6603,1.000000,1,0
241,6,55.7096,516.7509,163.9738,19.9871,1.000000,0,1
242,1,804.9738,471.9563,316.3177,76.8037,1.000000,0,1
242,2,1032.7960,517.8652,57.7513,20.6689,1.000000,1,0
242,3,267.1864,514.7010,105.0748,14.8219,1.000000,0.8125,0.1875
242,4,178.0122,492.3871,421.3389,63.8486,1.000000,0,1
242,5,942.7890,516.7781,50.3135,23.6608,1.000000,1,0
242,6,56.1540,516.7693,163.9844,19.9914,1.000000,0,1
243,1,805.2609,471.9536,316.4120,76.8146,1.000000,0,1
243,2,1032.1700,517.9268,57.7223,20.6699,1.000000,1,0
243,3,267.7385,514.7214,105.0876,14.8247,1.000000,0.5625,0.4375
243,4,177.4442,492.4454,421.2956,63.8408,1.000000,0,1
243,5,942.2329,516.8267,50.2893,23.6613,1.000000,1,0
243,6,56.6003,516.7874,163.9943,19.9957,1.000000,0,1
244,1,805.5477,471.9512,316.5061,76.8253,1.000000,0,1
244,2,1031.5430,517.9905,57.6936,20.6711,1.000000,1,0
244,3,268.2898,514.7438,105.1006,14.8274,1.000000,0.5625,0.4375
244,4,176.8790,492.4996,421.2500,63.8325,1.000000,0,1
244,5,941.6780,516.8787,50.2654,23.6621,1.000000,1,0
244,6,57.0490,516.8048,164.0038,19.9999,1.000000,0,1
245,1,805.8343,471.9492,316.6000,76.8361,1.000000,0,1
245,2,1030.9180,518.0593,57.6649,20.6725,1.000000,1,0
245,3,268.8408,514.7688,105.1135,14.8302,1.000000,0.6875,0.3125
245,4,176.3177,492.5500,421.2027,63.8238,1.000000,0,1
245,5,941.1246,516.9341,50.2417,23.6632,1.000000,1,0
245,6,57.4993,516.8217,164.0123,20.0039,1.000000,0.25,0.75
246,1,806.1205,471.9474,316.6935,76.8468,1.000000,0,1
246,2,1030.2940,518.1312,57.6362,20.6741,1.000000,1,0
246,3,269.3915,514.7963,105.1265,14.8330,1.000000,0.75,0.25
246,4,175.7587,492.5953,421.1536,63.8147,1.000000,0,1
246,5,940.5726,516.9935,50.2184,23.6644,1.000000,1,0
246,6,57.9514,516.8378,164.0205,20.0078,1.000000,0,1
247,1,806.4059,471.9460,316.7866,76.8574,1.000000,0,1
247,2,1029.6690,518.2051,57.6078,20.6758,1.000000,1,0
247,3,269.9417,514.8260,105.1396,14.8359,1.000000,0.8125,0.1875
247,4,175.2008,492.6344,421.1033,63.8053,1.000000,0,1
247,5,940.0223,517.0567,50.1951,23.6659,1.000000,1,0
247,6,58.4057,516.8527,164.0279,20.0115,1.000000,0,1
248,1,806.6908,471.9451,316.8796,76.8680,1.000000,0,1
248,2,1029.0460,518.2839,57.5795,20.6777,1.000000,1,0
248,3,270.4915,514.8583,105.1528,14.8387,1.000000,0.75,0.25
248,4,174.6445,492.6677,421.0518,63.7955,1.000000,0,1
248,5,939.4736,517.1247,50.1724,23.6677,1.000000,1,0
248,6,58.8613,516.8665,164.0349,20.0151,1.000000,0,1
249,1,806.9751,471.9446,316.9725,76.8786,1.000000,0,1
249,2,1028.4230,518.3656,57.5512,20.6797,1.000000,1,0
249,3,271.0411,514.8930,105.1660,14.8416,1.000000,0.75,0.25
249,4,174.0893,492.6953,420.9994,63.7854,1.000000,0,1
249,5,938.9263,517.1966,50.1499,23.6699,1.000000,1,0
249,6,59.3181,516.8793,164.0415,20.0185,1.000000,0,1
250,1,807.2586,471.9445,317.0650,76.8892,1.000000,0,1
250,2,1027.8000,518.4486,57.5228,20.6818,1.000000,1,0
250,3,271.5898,514.9307,105.1795,14.8446,1.000000,0.625,0.375
250,4,173.5349,492.7165,420.9461,63.7750,1.000000,0,1
250,5,938.3800,517.2720,50.1276,23.6722,1.000000,1,0
250,6,59.7763,516.8909,164.0474,20.0216,1.000000,0.125,0.875
251,1,807.5414,471.9449,317.1578,76.8999,1.000000,0,1
251,2,1027.1780,518.5365,57.4946,20.6840,1.000000,1,0
251,3,272.1379,514.9709,105.1928,14.8474,1.000000,0.8125,0.1875
251,4,172.9815,492.7327,420.8920,63.7644,1.000000,0,1
251,5,937.8351,517.3526,50.1055,23.6748,1.000000,1,0
251,6,60.2354,516.9017,164.0531,20.0247,1.000000,0,1
252,1,807.8234,471.9458,317.2506,76.9106,1.000000,0,1
252,2,1026.5570,518.6270,57.4664,20.6865,1.000000,1,0
252,3,272.6853,515.0133,105.2062,14.8504,1.000000,0.5625,0.4375
252,4,172.4284,492.7445,420.8380,63.7537,1.000000,0,1
252,5,937.2910,517.4377,50.0837,23.6776,1.000000,1,0
252,6,60.6954,516.9117,164.0585,20.0277,1.000000,0.0625,0.9375
253,1,808.1047,471.9468,317.3427,76.9212,1.000000,0,1
253,2,1025.9370,518.7185,57.4385,20.6890,1.000000,1,0
253,3,273.2329,515.0582,105.2196,14.8534,1.000000,0.5625,0.4375
253,4,171.8760,492.7521,420.7831,63.7427,1.000000,0,1
253,5,936.7477,517.5269,50.0620,23.6807,1.000000,1,0
253,6,61.1564,516.9209,164.0636,20.0306,1.000000,0,1
254,1,808.3856,471.9489,317.4348,76.9318,1.000000,0,1
254,2,1025.3180,518.8144,57.4104,20.6916,1.000000,1,0
254,3,273.7804,515.1057,105.2329,14.8564,1.000000,0.75,0.25
254,4,171.3251,492.7560,420.7277,63.7316,1.000000,0,1
254,5,936.2054,517.6216,50.0405,23.6841,1.000000,1,0
254,6,61.6188,516.9294,164.0680,20.0334,1.000000,0,1
255,1,808.6661,471.9515,317.5267,76.9425,1.000000,0,1
255,2,1024.7000,518.9125,57.3827,20.6944,1.000000,1,0
255,3,274.3283,515.1557,105.2461,14.8593,1.000000,0.6875,0.3125
255,4,170.7750,492.7571,420.6722,63.7203,1.000000,0,1
255,5,935.6635,517.7209,50.0192,23.6877,1.000000,1,0
255,6,62.0820,516.9375,164.0724,20.0360,1.000000,0.125,0.875
256,1,808.9462,471.9548,317.6187,76.9532,1.000000,0,1
256,2,1024.0820,519.0110,57.3546,20.6971,1.000000,1,0
256,3,274.8771,515.2084,105.2590,14.8623,1.000000,0.8125,0.1875
256,4,170.2246,492.7563,420.6168,63.7091,1.000000,0,1
256,5,935.1215,517.8242,49.9977,23.6914,1.000000,1,0
256,6,62.5463,516.9447,164.0766,20.0386,1.000000,0.125,0.875
257,1,809.2257,471.9596,317.7103,76.9638,1.000000,0,1
257,2,1023.4670,519.1136,57.3269,20.7001,1.000000,1,0
257,3,275.4260,515.2644,105.2722,14.8653,1.000000,0.625,0.375
257,4,169.6751,492.7542,420.5612,63.6978,1.000000,0,1
257,5,934.5802,517.9329,49.9764,23.6954,1.000000,1,0
257,6,63.0119,516.9515,164.0803,20.0411,1.000000,0.0625,0.9375
258,1,809.5046,471.9660,317.8013,76.9744,1.000000,0,1
258,2,1022.8510,519.2180,57.2992,20.7031,1.000000,1,0
258,3,275.9754,515.3234,105.2852,14.8682,1.000000,0.6875,0.3125
258,4,169.1251,492.7515,420.5065,63.6866,1.000000,0,1
258,5,934.0388,518.0457,49.9552,23.6995,1.000000,1,0
258,6,63.4783,516.9579,164.0839,20.0436,1.000000,0,1
259,1,809.7828,471.9740,317.8916,76.9849,1.000000,0,1
259,2,1022.2350,519.3220,57.2712,20.7061,1.000000,1,0
259,3,276.5260,515.3849,105.2981,14.8713,1.000000,0.875,0.125
259,4,168.5742,492.7488,420.4527,63.6756,1.000000,0,1
259,5,933.4968,518.1620,49.9337,23.7037,1.000000,1,0
259,6,63.9454,516.9636,164.0875,20.0459,1.000000,0,1
260,1,810.0604,471.9841,317.9817,76.9953,1.000000,0,1
260,2,1021.6210,519.4297,57.2434,20.7091,1.000000,1,0
260,3,277.0777,515.4497,105.3107,14.8742,1.000000,0.75,0.25
260,4,168.0238,492.7462,420.3989,63.6645,1.000000,0,1
260,5,932.9542,518.2820,49.9122,23.7081,1.000000,1,0
260,6,64.4133,516.9688,164.0908,20.0482,1.000000,0,1
261,1,810.3374,471.9961,318.0715,77.0059,1.000000,0,1
261,2,1021.0060,519.5382,57.2154,20.7122,1.000000,1,0
261,3,277.6304,515.5171,105.3233,14.8772,1.000000,0.75,0.25
261,4,167.4735,492.7442,420.3453,63.6535,1.000000,0,1
261,5,932.4109,518.4053,49.8904,23.7124,1.000000,1,0
261,6,64.8823,516.9735,164.0938,20.0505,1.000000,0,1
262,1,810.6137,472.0107,318.1603,77.0163,1.000000,0,1
262,2,1020.3900,519.6455,57.1873,20.7152,1.000000,1,0
262,3,278.1848,515.5867,105.3356,14.8801,1.000000,0.6875,0.3125
262,4,166.9230,492.7438,420.2918,63.6426,1.000000,0,1
262,5,931.8665,518.5310,49.8687,23.7169,1.000000,1,0
262,6,65.3517,516.9778,164.0969,20.0527,1.000000,0,1
263,1,810.8889,472.0278,318.2478,77.0265,1.000000,0,1
263,2,1019.7760,519.7556,57.1593,20.7183,1.000000,1,0
263,3,278.7402,515.6594,105.3477,14.8831,1.000000,0.875,0.125
263,4,166.3719,492.7449,420.2384,63.6317,1.000000,0,1
263,5,931.3215,518.6597,49.8467,23.7214,1.000000,1,0
263,6,65.8218,516.9812,164.0997,20.0547,1.000000,0.1875,0.8125
264,1,811.1633,472.0475,318.3342,77.0365,1.000000,0,1
264,2,1019.1600,519.8661,57.1309,20.7214,1.000000,1,0
264,3,279.2966,515.7343,105.3598,14.8860,1.000000,1,0
264,4,165.8208,492.7478,420.1845,63.6208,1.000000,0,1
264,5,930.7755,518.7906,49.8245,23.7258,1.000000,1,0
264,6,66.2927,516.9836,164.1023,20.0566,1.000000,0.125,0.875
265,1,811.4371,472.0698,318.4197,77.0464,1.000000,0,1
265,2,1018.5430,519.9752,57.1022,20.7243,1.000000,1,0
265,3,279.8541,515.8108,105.3715,14.8890,1.000000,0.8125,0.1875
265,4,165.2692,492.7532,420.1307,63.6100,1.000000,0,1
265,5,930.2285,518.9233,49.8019,23.7302,1.000000,1,0
265,6,66.7644,516.9847,164.1048,20.0585,1.000000,0,1
266,1,811.7099,472.0952,318.5042,77.0562,1.000000,0,1
266,2,1017.9270,520.0865,57.0735,20.7273,1.000000,1,0
266,3,280.4124,515.8893,105.3833,14.8919,1.000000,1,0
266,4,164.7183,492.7608,420.0760,63.5991,1.000000,0,1
266,5,929.6803,519.0583,49.7791,23.7347,1.000000,1,0
266,6,67.2367,516.9841,164.1071,20.0602,1.000000,0.25,0.75
267,1,811.9819,472.1234,318.5875,77.0658,1.000000,0,1
267,2,1017.3100,520.1973,57.0446,20.7301,1.000000,1,0
267,3,280.9722,515.9689,105.3948,14.8948,1.000000,0.8125,0.1875
267,4,164.1674,492.7709,420.0210,63.5882,1.000000,0,1
267,5,929.1309,519.1947,49.7561,23.7390,1.000000,1,0
267,6,67.7095,516.9824,164.1092,20.0617,1.000000,0.125,0.875
268,1,812.2533,472.1540,318.6698,77.0753,1.000000,0,1
268,2,1016.6900,520.3051,57.0154,20.7328,1.000000,1,0
268,3,281.5338,516.0489,105.4060,14.8977,1.000000,0.8125,0.1875
268,4,163.6161,492.7837,419.9663,63.5774,1.000000,0,1
268,5,928.5803,519.3323,49.7327,23.7434,1.000000,1,0
268,6,68.1821,516.9794,164.1117,20.0631,1.000000,0.125,0.875
269,1,812.5234,472.1880,318.7507,77.0846,1.000000,0,1
269,2,1016.0720,520.4133,56.9862,20.7354,1.000000,1,0
269,3,282.0966,516.1306,105.4172,14.9006,1.000000,0.875,0.125
269,4,163.0651,492.7985,419.9109,63.5666,1.000000,0,1
269,5,928.0285,519.4716,49.7093,23.7476,1.000000,1,0
269,6,68.6550,516.9751,164.1138,20.0644,1.000000,0.0625,0.9375
270,1,812.7925,472.2248,318.8302,77.0936,1.000000,0,1
270,2,1015.4520,520.5198,56.9567,20.7379,1.000000,1,0
270,3,282.6605,516.2130,105.4283,14.9034,1.000000,0.875,0.125
270,4,162.5148,492.8152,419.8548,63.5556,1.000000,0,1
270,5,927.4756,519.6117,49.6856,23.7518,1.000000,1,0
270,6,69.1277,516.9698,164.1162,20.0656,1.000000,0.0625,0.9375
271,1,813.0608,472.2639,318.9084,77.1025,1.000000,0,1
271,2,1014.8310,520.6219,56.9267,20.7401,1.000000,1,0
271,3,283.2260,516.2952,105.4391,14.9062,1.000000,0.9375,0.0625
271,4,161.9653,492.8337,419.7980,63.5446,1.000000,0,1
271,5,926.9217,519.7520,49.6613,23.7559,1.000000,1,0
271,6,69.6003,516.9642,164.1186,20.0668,1.000000,0.0625,0.9375
272,1,813.3279,472.3063,318.9855,77.1112,1.000000,0,1
272,2,1014.2100,520.7231,56.8969,20.7423,1.000000,1,0
272,3,283.7925,516.3783,105.4500,14.9091,1.000000,0.8125,0.1875
272,4,161.4156,492.8535,419.7409,63.5336,1.000000,0,1
272,5,926.3667,519.8931,49.6372,23.7599,1.000000,1,0
272,6,70.0725,516.9578,164.1211,20.0679,1.000000,0.1875,0.8125
273,1,813.5941,472.3515,319.0616,77.1198,1.000000,0,1
273,2,1013.5880,520.8212,56.8668,20.7443,1.000000,1,0
273,3,284.3605,516.4617,105.4608,14.9119,1.000000,1,0
273,4,160.8663,492.8745,419.6832,63.5225,1.000000,0,1
273,5,925.8110,520.0344,49.6126,23.7638,1.000000,1,0
273,6,70.5442,516.9510,164.1237,20.0691,1.000000,0.1875,0.8125
274,1,813.8596,472.3987,319.1370,77.1283,1.000000,0,1
274,2,1012.9640,520.9145,56.8364,20.7460,1.000000,1,0
274,3,284.9301,516.5410,105.4712,14.9183,1.000000,0.875,0.125
274,4,160.3176,492.8964,419.6250,63.5113,1.000000,0,1
274,5,925.2540,520.1752,49.5878,23.7677,1.000000,1,0
274,6,71.0150,516.9445,164.1266,20.0701,1.000000,0.125,0.875
275,1,814.1238,472.4490,319.2102,77.1366,1.000000,0,1
275,2,1012.3400,521.0058,56.8059,20.7476,1.000000,1,0
275,3,285.5008,516.6204,105.4814,14.9251,1.000000,1,0
275,4,159.7680,492.9188,419.5667,63.5001,1.000000,0,1
275,5,924.6969,520.3157,49.5627,23.7714,1.000000,1,0
275,6,71.4856,516.9376,164.1296,20.0713,1.000000,0.25,0.75
276,1,814.3870,472.5014,319.2825,77.1445,1.000000,0,1
276,2,1011.7160,521.0938,56.7752,20.7490,1.000000,1,0
276,3,286.0726,516.6995,105.4917,14.9318,1.000000,0.9375,0.0625
276,4,159.2181,492.9417,419.5085,63.4890,1.000000,0,1
276,5,924.1398,520.4557,49.5376,23.7750,1.000000,1,0
276,6,71.9557,516.9307,164.1328,20.0725,1.000000,0.25,0.75
277,1,814.6496,472.5554,319.3541,77.1525,1.000000,0,1
277,2,1011.0890,521.1774,56.7441,20.7501,1.000000,1,0
277,3,286.6458,516.7778,105.5015,14.9384,1.000000,0.875,0.125
277,4,158.6680,492.9652,419.4500,63.4778,1.000000,0,1
277,5,923.5820,520.5942,49.5120,23.7783,1.000000,1,0
277,6,72.4250,516.9243,164.1364,20.0738,1.000000,0.0625,0.9375
278,1,814.9108,472.6126,319.4241,77.1602,1.000000,0,1
278,2,1010.4630,521.2590,56.7131,20.7511,1.000000,1,0
278,3,287.2193,516.8567,105.5112,14.9450,1.000000,0.75,0.25
278,4,158.1164,492.9890,419.3919,63.4667,1.000000,0,1
278,5,923.0236,520.7309,49.4863,23.7816,1.000000,1,0
278,6,72.8944,516.9189,164.1401,20.0751,1.000000,0.0625,0.9375
279,1,815.1714,472.6718,319.4935,77.1678,1.000000,0,1
279,2,1009.8360,521.3375,56.6818,20.7520,1.000000,1,0
279,3,287.7939,516.9350,105.5207,14.9515,1.000000,1,0
279,4,157.5639,493.0132,419.3341,63.4557,1.000000,0,1
279,5,922.4620,520.8627,49.4603,23.7845,1.000000,1,0
279,6,73.3632,516.9144,164.1441,20.0766,1.000000,0.0625,0.9375
280,1,815.4314,472.7321,319.5620,77.1753,1.000000,0,1
280,2,1009.2070,521.4119,56.6504,20.7526,1.000000,1,0
280,3,288.3707,517.0112,105.5297,14.9579,1.000000,1,0
280,4,157.0108,493.0381,419.2762,63.4446,1.000000,0,1
280,5,921.8959,520.9868,49.4336,23.7869,1.000000,1,0
280,6,73.8313,516.9111,164.1482,20.0782,1.000000,0.1875,0.8125
281,1,815.6901,472.7956,319.6293,77.1826,1.000000,0,1
281,2,1008.5780,521.4846,56.6187,20.7530,1.000000,1,0
281,3,288.9490,517.0868,105.5386,14.9643,1.000000,1,0
281,4,156.4561,493.0632,419.2185,63.4337,1.000000,0,1
281,5,921.3287,521.1080,49.4067,23.7891,1.000000,1,0
281,6,74.2996,516.9088,164.1524,20.0800,1.000000,0.125,0.875
282,1,815.9481,472.8611,319.6957,77.1898,1.000000,0,1
282,2,1007.9500,521.5549,56.5870,20.7534,1.000000,1,0
282,3,289.5296,517.1612,105.5471,14.9704,1.000000,1,0
282,4,155.8993,493.0888,419.1614,63.4227,1.000000,0,1
282,5,920.7589,521.2244,49.3793,23.7910,1.000000,1,0
282,6,74.7675,516.9075,164.1570,20.0818,1.000000,0.1875,0.8125
283,1,816.2057,472.9279,319.7611,77.1968,1.000000,0,1
283,2,1007.3190,521.6219,56.5551,20.7536,1.000000,1,0
283,3,290.1131,517.2337,105.5550,14.9764,1.000000,1,0
283,4,155.3414,493.1153,419.1043,63.4119,1.000000,0,1
283,5,920.1855,521.3345,49.3516,23.7925,1.000000,1,0
283,6,75.2349,516.9070,164.1617,20.0838,1.000000,0.1875,0.8125
284,1,816.4624,472.9973,319.8260,77.2038,1.000000,0,1
284,2,1006.6880,521.6878,56.5231,20.7536,1.000000,1,0
284,3,290.6985,517.3055,105.5628,14.9824,1.000000,1,0
284,4,154.7812,493.1428,419.0481,63.4012,1.000000,0,1
284,5,919.6121,521.4432,49.3236,23.7938,1.000000,1,0
284,6,75.7021,516.9070,164.1666,20.0858,1.000000,0.125,0.875
285,1,816.7186,473.0684,319.8903,77.2108,1.000000,0,1
285,2,1006.0560,521.7515,56.4906,20.7536,1.000000,1,0
285,3,291.2862,517.3759,105.5701,14.9882,1.000000,0.9375,0.0625
285,4,154.2193,493.1712,418.9928,63.3906,1.000000,0,1
285,5,919.0376,521.5492,49.2955,23.7949,1.000000,1,0
285,6,76.1691,516.9074,164.1716,20.0879,1.000000,0.125,0.875
286,1,816.9746,473.1407,319.9536,77.2175,1.000000,0,1
286,2,1005.4210,521.8123,56.4579,20.7533,1.000000,1,0
286,3,291.8766,517.4438,105.5768,14.9939,1.000000,1,0
286,4,153.6569,493.2007,418.9377,63.3801,1.000000,0,1
286,5,918.4612,521.6514,49.2668,23.7958,1.000000,1,0
286,6,76.6354,516.9083,164.1769,20.0900,1.000000,0.25,0.75
287,1,817.2302,473.2158,320.0167,77.2243,1.000000,0,1
287,2,1004.7860,521.8724,56.4252,20.7529,1.000000,1,0
287,3,292.4692,517.5101,105.5833,14.9993,1.000000,0.875,0.125
287,4,153.0928,493.2313,418.8835,63.3698,1.000000,0,1
287,5,917.8857,521.7538,49.2383,23.7966,1.000000,1,0
287,6,77.1010,516.9095,164.1826,20.0922,1.000000,0.1875,0.8125
288,1,817.4856,473.2927,320.0796,77.2310,1.000000,0,1
288,2,1004.1480,521.9312,56.3921,20.7524,1.000000,1,0
288,3,293.0637,517.5742,105.5893,15.0046,1.000000,0.875,0.125
288,4,152.5273,493.2626,418.8304,63.3596,1.000000,0,1
288,5,917.3096,521.8546,49.2095,23.7973,1.000000,1,0
288,6,77.5660,516.9109,164.1884,20.0945,1.000000,0.375,0.625
289,1,817.7411,473.3711,320.1420,77.2378,1.000000,0,1
289,2,1003.5090,521.9877,56.3586,20.7518,1.000000,1,0
289,3,293.6603,517.6352,105.5947,15.0097,1.000000,1,0
289,4,151.9615,493.2945,418.7772,63.3496,1.000000,0,1
289,5,916.7316,521.9521,49.1804,23.7977,1.000000,1,0
289,6,78.0298,516.9126,164.1945,20.0968,1.000000,0.3125,0.6875
290,1,817.9965,473.4523,320.2040,77.2445,1.000000,0,1
290,2,1002.8690,522.0438,56.3252,20.7510,1.000000,1,0
290,3,294.2581,517.6940,105.6000,15.0145,1.000000,1,0
290,4,151.3944,493.3269,418.7249,63.3397,1.000000,0,1
290,5,916.1548,522.0500,49.1511,23.7980,1.000000,1,0
290,6,78.4919,516.9148,164.2010,20.0993,1.000000,0.4375,0.5625
291,1,818.2520,473.5352,320.2661,77.2513,1.000000,0,1
291,2,1002.2260,522.0986,56.2913,20.7502,1.000000,1,0
291,3,294.8565,517.7505,105.6048,15.0193,1.000000,1,0
291,4,150.8264,493.3596,418.6735,63.3298,1.000000,0,1
291,5,915.5773,522.1462,49.1217,23.7982,1.000000,1,0
291,6,78.9526,516.9174,164.2081,20.1018,1.000000,0.3125,0.6875
292,1,818.5081,473.6190,320.3284,77.2580,1.000000,0,1
292,2,1001.5810,522.1511,56.2572,20.7491,1.000000,1,0
292,3,295.4544,517.8044,105.6095,15.0237,1.000000,1,0
292,4,150.2584,493.3925,418.6218,63.3200,1.000000,0,1
292,5,914.9979,522.2390,49.0921,23.7981,1.000000,1,0
292,6,79.4121,516.9202,164.2154,20.1044,1.000000,0.0625,0.9375
293,1,818.7648,473.7053,320.3911,77.2650,1.000000,0,1
293,2,1000.9350,522.2036,56.2229,20.7480,1.000000,1,0
293,3,296.0516,517.8550,105.6140,15.0281,1.000000,0.9375,0.0625
293,4,149.6894,493.4261,418.5707,63.3103,1.000000,0,1
293,5,914.4189,522.3317,49.0622,23.7980,1.000000,1,0
293,6,79.8698,516.9235,164.2232,20.1071,1.000000,0.125,0.875
294,1,819.0225,473.7931,320.4540,77.2721,1.000000,0,1
294,2,1000.2870,522.2552,56.1882,20.7468,1.000000,1,0
294,3,296.6487,517.9011,105.6183,15.0321,1.000000,1,0
294,4,149.1202,493.4603,418.5197,63.3006,1.000000,0,1
294,5,913.8385,522.4221,49.0321,23.7977,1.000000,1,0
294,6,80.3262,516.9274,164.2315,20.1099,1.000000,0.1875,0.8125
295,1,819.2813,473.8820,320.5168,77.2791,1.000000,0,1
295,2,999.6373,522.3044,56.1533,20.7454,1.000000,1,0
295,3,297.2459,517.9424,105.6224,15.0358,1.000000,1,0
295,4,148.5513,493.4955,418.4685,63.2909,1.000000,0,1
295,5,913.2557,522.5090,49.0017,23.7972,1.000000,1,0
295,6,80.7814,516.9327,164.2402,20.1129,1.000000,0.125,0.875
296,1,819.5409,473.9734,320.5797,77.2861,1.000000,0,1
296,2,998.9858,522.3539,56.1182,20.7439,1.000000,1,0
296,3,297.8428,517.9785,105.6264,15.0393,1.000000,1,0
296,4,147.9812,493.5323,418.4182,63.2814,1.000000,0,1
296,5,912.6731,522.5963,48.9712,23.7966,1.000000,1,0
296,6,81.2347,516.9398,164.2496,20.1160,1.000000,0.0625,0.9375
297,1,819.8013,474.0663,320.6426,77.2932,1.000000,0,1
297,2,998.3328,522.4025,56.0829,20.7425,1.000000,1,0
297,3,298.4393,518.0103,105.6306,15.0425,1.000000,1,0
297,4,147.4115,493.5707,418.3675,63.2718,1.000000,0,1
297,5,912.0892,522.6818,48.9405,23.7958,1.000000,1,0
297,6,81.6875,516.9485,164.2590,20.1195,1.000000,0.125,0.875
298,1,820.0630,474.1604,320.7065,77.3004,1.000000,0,1
298,2,997.6779,522.4492,56.0471,20.7407,1.000000,1,0
298,3,299.0349,518.0378,105.6346,15.0455,1.000000,0.9375,0.0625
298,4,146.8424,493.6104,418.3164,63.2623,1.000000,0,1
298,5,911.5034,522.7636,48.9096,23.7949,1.000000,1,0
298,6,82.1393,516.9593,164.2690,20.1231,1.000000,0.25,0.75
299,1,820.3252,474.2573,320.7703,77.3078,1.000000,0,1
299,2,997.0220,522.4965,56.0114,20.7390,1.000000,1,0
299,3,299.6292,518.0613,105.6385,15.0482,1.000000,1,0
299,4,146.2726,493.6529,418.2661,63.2529,1.000000,0,1
299,5,910.9172,522.8451,48.8784,23.7938,1.000000,1,0
299,6,82.5906,516.9727,164.2792,20.1270,1.000000,0.25,0.75
300,1,820.5881,474.3556,320.8343,77.3151,1.000000,0,1
300,2,996.3644,522.5428,55.9754,20.7372,1.000000,1,0
300,3,300.2220,518.0811,105.6427,15.0508,1.000000,1,0
300,4,145.7030,493.6976,418.2154,63.2435,1.000000,0,1
300,5,910.3297,522.9243,48.8472,23.7926,1.000000,1,0
300,6,83.0413,516.9882,164.2897,20.1312,1.000000,0.25,0.75
301,1,820.8520,474.4543,320.8987,77.3226,1.000000,0,1
301,2,995.7053,522.5874,55.9389,20.7352,1.000000,1,0
301,3,300.8138,518.0974,105.6467,15.0531,1.000000,1,0
301,4,145.1339,493.7446,418.1644,63.2341,1.000000,0,1
301,5,909.7402,522.9995,48.8157,23.7911,1.000000,1,0
301,6,83.4927,517.0057,164.3000,20.1354,1.000000,0.375,0.625
302,1,821.1165,474.5556,320.9635,77.3301,1.000000,0,1
302,2,995.0451,522.6323,55.9024,20.7332,1.000000,1,0
302,3,301.4036,518.1102,105.6509,15.0553,1.000000,1,0
302,4,144.5651,493.7952,418.1136,63.2249,1.000000,0,1
302,5,909.1505,523.0735,48.7840,23.7896,1.000000,1,0
302,6,83.9437,517.0258,164.3107,20.1401,1.000000,0.3125,0.6875
303,1,821.3817,474.6580,321.0282,77.3378,1.000000,0,1
303,2,994.3839,522.6766,55.8659,20.7311,1.000000,1,0
303,3,301.9916,518.1209,105.6553,15.0573,1.000000,1,0
303,4,143.9967,493.8492,418.0629,63.2157,1.000000,0,1
303,5,908.5596,523.1448,48.7521,23.7878,1.000000,1,0
303,6,84.3955,517.0479,164.3213,20.1449,1.000000,0.3125,0.6875
304,1,821.6476,474.7605,321.0927,77.3453,1.000000,0,1
304,2,993.7213,522.7194,55.8292,20.7289,1.000000,1,0
304,3,302.5781,518.1301,105.6598,15.0594,1.000000,1,0
304,4,143.4292,493.9063,418.0119,63.2066,1.000000,0,1
304,5,907.9666,523.2118,48.7201,23.7858,1.000000,1,0
304,6,84.8483,517.0715,164.3318,20.1498,1.000000,0.3125,0.6875
305,1,821.9143,474.8647,321.1575,77.3528,1.000000,0,1
305,2,993.0583,522.7628,55.7922,20.7267,1.000000,1,0
305,3,303.1636,518.1367,105.6646,15.0612,1.000000,1,0
305,4,142.8622,493.9679,417.9610,63.1976,1.000000,0,1
305,5,907.3734,523.2767,48.6879,23.7837,1.000000,1,0
305,6,85.3020,517.0971,164.3424,20.1550,1.000000,0.25,0.75
306,1,822.1817,474.9694,321.2222,77.3603,1.000000,0,1
306,2,992.3951,522.8048,55.7554,20.7244,1.000000,1,0
306,3,303.7489,518.1417,105.6695,15.0631,1.000000,1,0
306,4,142.2960,494.0329,417.9099,63.1886,1.000000,0,1
306,5,906.7788,523.3368,48.6552,23.7812,1.000000,1,0
306,6,85.7568,517.1238,164.3526,20.1602,1.000000,0.25,0.75
307,1,822.4500,475.0739,321.2867,77.3678,1.000000,0,1
307,2,991.7316,522.8441,55.7183,20.7220,1.000000,1,0
307,3,304.3338,518.1463,105.6745,15.0649,1.000000,0.9375,0.0625
307,4,141.7304,494.1003,417.8585,63.1797,1.000000,0,1
307,5,906.1819,523.3896,48.6224,23.7784,1.000000,1,0
307,6,86.2132,517.1509,164.3626,20.1654,1.000000,0.25,0.75
308,1,822.7191,475.1797,321.3513,77.3752,1.000000,0,1
308,2,991.0682,522.8829,55.6812,20.7195,1.000000,1,0
308,3,304.9176,518.1525,105.6800,15.0669,1.000000,1,0
308,4,141.1652,494.1718,417.8068,63.1708,1.000000,0,1
308,5,905.5838,523.4369,48.5895,23.7753,1.000000,1,0
308,6,86.6700,517.1788,164.3726,20.1707,1.000000,0.1875,0.8125
309,1,822.9891,475.2859,321.4163,77.3828,1.000000,0,1
309,2,990.4052,522.9202,55.6439,20.7169,1.000000,1,0
309,3,305.5006,518.1604,105.6857,15.0689,1.000000,1,0
309,4,140.6003,494.2462,417.7556,63.1621,1.000000,0,1
309,5,904.9847,523.4777,48.5563,23.7718,1.000000,1,0
309,6,87.1279,517.2068,164.3824,20.1760,1.000000,0.1875,0.8125
310,1,823.2603,475.3914,321.4816,77.3903,1.000000,0,1
310,2,989.7426,522.9549,55.6067,20.7142,1.000000,1,0
310,3,306.0833,518.1703,105.6916,15.0712,1.000000,0.9375,0.0625
310,4,140.0356,494.3224,417.7040,63.1533,1.000000,0,1
310,5,904.3848,523.5110,48.5230,23.7680,1.000000,1,0
310,6,87.5872,517.2339,164.3920,20.1811,1.000000,0.1875,0.8125
311,1,823.5323,475.4975,321.5469,77.3979,1.000000,0,1
311,2,989.0808,522.9885,55.5695,20.7114,1.000000,1,0
311,3,306.6655,518.1822,105.6975,15.0735,1.000000,0.9375,0.0625
311,4,139.4715,494.4023,417.6522,63.1446,1.000000,0,1
311,5,903.7850,523.5396,48.4893,23.7639,1.000000,1,0
311,6,88.0470,517.2611,164.4014,20.1863,1.000000,0.1875,0.8125
312,1,823.8055,475.6034,321.6124,77.4054,1.000000,0,1
312,2,988.4197,523.0203,55.5322,20.7087,1.000000,1,0
312,3,307.2474,518.1954,105.7037,15.0760,1.000000,0.9375,0.0625
312,4,138.9075,494.4846,417.6007,63.1361,1.000000,0,1
312,5,903.1851,523.5630,48.4558,23.7596,1.000000,1,0
312,6,88.5076,517.2874,164.4106,20.1913,1.000000,0.4375,0.5625
313,1,824.0797,475.7086,321.6785,77.4130,1.000000,0,1
313,2,987.7590,523.0500,55.4950,20.7057,1.000000,1,0
313,3,307.8293,518.2098,105.7100,15.0786,1.000000,1,0
313,4,138.3434,494.5684,417.5497,63.1276,1.000000,0,1
313,5,902.5851,523.5809,48.4222,23.7551,1.000000,1,0
313,6,88.9693,517.3120,164.4197,20.1962,1.000000,0.25,0.75
314,1,824.3552,475.8140,321.7447,77.4206,1.000000,0,1
314,2,987.0991,523.0790,55.4576,20.7026,1.000000,1,0
314,3,308.4108,518.2260,105.7164,15.0812,1.000000,1,0
314,4,137.7793,494.6555,417.4990,63.1193,1.000000,0,1
314,5,901.9854,523.5946,48.3884,23.7503,1.000000,1,0
314,6,89.4314,517.3356,164.4285,20.2009,1.000000,0.3125,0.6875
315,1,824.6318,475.9189,321.8110,77.4281,1.000000,0,1
315,2,986.4398,523.1062,55.4202,20.6995,1.000000,1,0
315,3,308.9924,518.2428,105.7230,15.0840,1.000000,0.9375,0.0625
315,4,137.2152,494.7444,417.4487,63.1110,1.000000,0,1
315,5,901.3858,523.6041,48.3547,23.7453,1.000000,1,0
315,6,89.8939,517.3580,164.4371,20.2055,1.000000,0.4375,0.5625
316,1,824.9092,476.0229,321.8770,77.4356,1.000000,0,1
316,2,985.7815,523.1309,55.3826,20.6962,1.000000,1,0
316,3,309.5746,518.2593,105.7294,15.0867,1.000000,1,0
316,4,136.6512,494.8335,417.3987,63.1029,1.000000,0,1
316,5,900.7870,523.6097,48.3212,23.7403,1.000000,1,0
316,6,90.3572,517.3789,164.4458,20.2100,1.000000,0.25,0.75
317,1,825.1881,476.1273,321.9435,77.4430,1.000000,0,1
317,2,985.1246,523.1551,55.3451,20.6928,1.000000,1,0
317,3,310.1565,518.2762,105.7360,15.0894,1.000000,1,0
317,4,136.0877,494.9254,417.3493,63.0949,1.000000,0,1
317,5,900.1887,523.6119,48.2875,23.7351,1.000000,1,0
317,6,90.8201,517.3989,164.4543,20.2144,1.000000,0.5,0.5
318,1,825.4681,476.2314,322.0101,77.4504,1.000000,0,1
318,2,984.4689,523.1781,55.3075,20.6894,1.000000,1,0
318,3,310.7384,518.2927,105.7426,15.0922,1.000000,1,0
318,4,135.5245,495.0181,417.3004,63.0870,1.000000,0,1
318,5,899.5908,523.6107,48.2538,23.7297,1.000000,1,0
318,6,91.2830,517.4177,164.4629,20.2186,1.000000,0.375,0.625
319,1,825.7490,476.3348,322.0765,77.4578,1.000000,0,1
319,2,983.8136,523.1992,55.2699,20.6859,1.000000,1,0
319,3,311.3207,518.3084,105.7494,15.0948,1.000000,1,0
319,4,134.9612,495.1099,417.2521,63.0792,1.000000,0,1
319,5,898.9932,523.6063,48.2202,23.7242,1.000000,1,0
319,6,91.7460,517.4351,164.4713,20.2228,1.000000,0.3125,0.6875
320,1,826.0313,476.4387,322.1434,77.4652,1.000000,0,1
320,2,983.1602,523.2202,55.2322,20.6823,1.000000,1,0
320,3,311.9031,518.3231,105.7561,15.0974,1.000000,1,0
320,4,134.3982,495.2037,417.2049,63.0716,1.000000,0,1
320,5,898.3953,523.5990,48.1865,23.7186,1.000000,1,0
320,6,92.2082,517.4518,164.4800,20.2268,1.000000,0.25,0.75
321,1,826.3144,476.5422,322.2103,77.4726,1.000000,0,1
321,2,982.5081,523.2401,55.1945,20.6786,1.000000,1,0
321,3,312.4857,518.3367,105.7628,15.1001,1.000000,1,0
321,4,133.8356,495.2972,417.1580,63.0640,1.000000,0,1
321,5,897.7974,523.5891,48.1530,23.7129,1.000000,1,0
321,6,92.6700,517.4680,164.4886,20.2309,1.000000,0.4375,0.5625
322,1,826.5982,476.6448,322.2767,77.4798,1.000000,0,1
322,2,981.8567,523.2584,55.1565,20.6748,1.000000,1,0
322,3,313.0688,518.3489,105.7696,15.1025,1.000000,1,0
322,4,133.2738,495.3885,417.1114,63.0565,1.000000,0,1
322,5,897.2003,523.5768,48.1194,23.7072,1.000000,1,0
322,6,93.1315,517.4833,164.4975,20.2349,1.000000,0.4375,0.5625
323,1,826.8834,476.7480,322.3436,77.4870,1.000000,0,1
323,2,981.2067,523.2758,55.1185,20.6708,1.000000,1,0
323,3,313.6518,518.3606,105.7764,15.1050,1.000000,1,0
323,4,132.7126,495.4815,417.0659,63.0492,1.000000,0,1
323,5,896.6035,523.5617,48.0858,23.7013,1.000000,1,0
323,6,93.5924,517.4987,164.5064,20.2389,1.000000,0.1875,0.8125
324,1,827.1697,476.8509,322.4104,77.4942,1.000000,0,1
324,2,980.5574,523.2915,55.0806,20.6669,1.000000,1,0
324,3,314.2347,518.3718,105.7832,15.1075,1.000000,0.9375,0.0625
324,4,132.1515,495.5739,417.0215,63.0421,1.000000,0,1
324,5,896.0074,523.5447,48.0524,23.6954,1.000000,1,0
324,6,94.0529,517.5144,164.5155,20.2429,1.000000,0.3125,0.6875
325,1,827.4565,476.9530,322.4771,77.5013,1.000000,0,1
325,2,979.9083,523.3055,55.0426,20.6628,1.000000,1,0
325,3,314.8178,518.3827,105.7901,15.1100,1.000000,1,0
325,4,131.5912,495.6638,416.9772,63.0349,1.000000,0,1
325,5,895.4126,523.5265,48.0191,23.6895,1.000000,1,0
325,6,94.5131,517.5303,164.5245,20.2469,1.000000,0.4375,0.5625
326,1,827.7444,477.0557,322.5435,77.5083,1.000000,0,1
326,2,979.2603,523.3183,55.0044,20.6585,1.000000,1,0
326,3,315.4008,518.3937,105.7970,15.1124,1.000000,1,0
326,4,131.0313,495.7550,416.9336,63.0279,1.000000,0,1
326,5,894.8180,523.5054,47.9858,23.6835,1.000000,1,0
326,6,94.9730,517.5468,164.5337,20.2511,1.000000,0.375,0.625
327,1,828.0328,477.1583,322.6094,77.5152,1.000000,0,1
327,2,978.6126,523.3294,54.9660,20.6542,1.000000,1,0
327,3,315.9842,518.4050,105.8038,15.1148,1.000000,1,0
327,4,130.4721,495.8459,416.8900,63.0209,1.000000,0,1
327,5,894.2241,523.4824,47.9528,23.6774,1.000000,1,0
327,6,95.4326,517.5640,164.5430,20.2553,1.000000,0.375,0.625
328,1,828.3215,477.2600,322.6746,77.5219,1.000000,0,1
328,2,977.9650,523.3383,54.9275,20.6498,1.000000,1,0
328,3,316.5680,518.4166,105.8106,15.1174,1.000000,1,0
328,4,129.9130,495.9354,416.8468,63.0139,1.000000,0,1
328,5,893.6317,523.4580,47.9198,23.6714,1.000000,1,0
328,6,95.8923,517.5817,164.5523,20.2595,1.000000,0.3125,0.6875
329,1,828.6101,477.3618,322.7389,77.5283,1.000000,0,1
329,2,977.3180,523.3455,54.8890,20.6451,1.000000,1,0
329,3,317.1524,518.4293,105.8173,15.1199,1.000000,1,0
329,4,129.3554,496.0272,416.8034,63.0069,1.000000,0,1
329,5,893.0397,523.4312,47.8868,23.6653,1.000000,1,0
329,6,96.3514,517.6010,164.5617,20.2640,1.000000,0.375,0.625
330,1,828.8984,477.4631,322.8026,77.5346,1.000000,0,1
330,2,976.6714,523.3509,54.8507,20.6405,1.000000,1,0
330,3,317.7378,518.4428,105.8241,15.1224,1.000000,1,0
330,4,128.7986,496.1198,416.7603,63.0000,1.000000,0,1
330,5,892.4486,523.4026,47.8539,23.6591,1.000000,1,0
330,6,96.8106,517.6217,164.5712,20.2686,1.000000,0.5625,0.4375
331,1,829.1866,477.5632,322.8654,77.5407,1.000000,0,1
331,2,976.0251,523.3540,54.8120,20.6357,1.000000,1,0
331,3,318.3252,518.4565,105.8306,15.1250,1.000000,1,0
331,4,128.2428,496.2125,416.7166,62.9931,1.000000,0,1
331,5,891.8588,523.3730,47.8213,23.6529,1.000000,1,0
331,6,97.2699,517.6431,164.5809,20.2732,1.000000,0.125,0.875
332,1,829.4745,477.6634,322.9272,77.5465,1.000000,0,1
332,2,975.3792,523.3555,54.7733,20.6307,1.000000,1,0
332,3,318.9158,518.4711,105.8370,15.1276,1.000000,0.875,0.125
332,4,127.6883,496.3080,416.6730,62.9861,1.000000,0,1
332,5,891.2697,523.3414,47.7886,23.6466,1.000000,1,0
332,6,97.7290,517.6656,164.5906,20.2780,1.000000,0.4375,0.5625
333,1,829.7619,477.7634,322.9882,77.5522,1.000000,0,1
333,2,974.7335,523.3548,54.7344,20.6257,1.000000,1,0
333,3,319.5088,518.4871,105.8431,15.1302,1.000000,1,0
333,4,127.1345,496.4048,416.6292,62.9793,1.000000,0,1
333,5,890.6815,523.3087,47.7561,23.6404,1.000000,1,0
333,6,98.1883,517.6890,164.6004,20.2828,1.000000,0.375,0.625
334,1,830.0485,477.8626,323.0482,77.5576,1.000000,0,1
334,2,974.0878,523.3519,54.6956,20.6206,1.000000,1,0
334,3,320.1041,518.5050,105.8491,15.1329,1.000000,0.9375,0.0625
334,4,126.5817,496.5017,416.5849,62.9723,1.000000,0,1
334,5,890.0946,523.2758,47.7237,23.6342,1.000000,1,0
334,6,98.6479,517.7127,164.6101,20.2877,1.000000,0.3125,0.6875
335,1,830.3348,477.9609,323.1070,77.5627,1.000000,0,1
335,2,973.4423,523.3469,54.6568,20.6153,1.000000,1,0
335,3,320.7009,518.5256,105.8549,15.1358,1.000000,1,0
335,4,126.0306,496.5996,416.5395,62.9651,1.000000,0,1
335,5,889.5079,523.2413,47.6913,23.6279,1.000000,1,0
335,6,99.1073,517.7376,164.6199,20.2927,1.000000,0.3125,0.6875
336,1,830.6207,478.0580,323.1646,77.5675,1.000000,0,1
336,2,972.7969,523.3401,54.6177,20.6099,1.000000,1,0
336,3,321.2994,518.5475,105.8603,15.1387,1.000000,1,0
336,4,125.4809,496.6981,416.4930,62.9578,1.000000,0,1
336,5,888.9216,523.2066,47.6591,23.6216,1.000000,1,0
336,6,99.5668,517.7632,164.6297,20.2978,1.000000,0.4375,0.5625
337,1,830.9063,478.1530,323.2209,77.5720,1.000000,0,1
337,2,972.1509,523.3312,54.5787,20.6045,1.000000,1,0
337,3,321.9000,518.5699,105.8655,15.1416,1.000000,1,0
337,4,124.9321,496.7968,416.4457,62.9504,1.000000,0,1
337,5,888.3359,523.1730,47.6269,23.6154,1.000000,1,0
337,6,100.0269,517.7886,164.6395,20.3029,1.000000,0.625,0.375
338,1,831.1920,478.2474,323.2765,77.5763,1.000000,0,1
338,2,971.5046,523.3201,54.5397,20.5989,1.000000,1,0
338,3,322.5020,518.5934,105.8705,15.1445,1.000000,0.875,0.125
338,4,124.3851,496.8961,416.3969,62.9428,1.000000,0,1
338,5,887.7501,523.1387,47.5947,23.6092,1.000000,1,0
338,6,100.4874,517.8140,164.6493,20.3079,1.000000,0.25,0.75
339,1,831.4774,478.3405,323.3310,77.5802,1.000000,0,1
339,2,970.8586,523.3069,54.5005,20.5932,1.000000,1,0
339,3,323.1058,518.6168,105.8750,15.1473,1.000000,1,0
339,4,123.8393,496.9955,416.3472,62.9350,1.000000,0,1
339,5,887.1649,523.1047,47.5626,23.6030,1.000000,1,0
339,6,100.9489,517.8390,164.6588,20.3129,1.000000,0.3125,0.6875
340,1,831.7622,478.4315,323.3840,77.5837,1.000000,0,1
340,2,970.2128,523.2926,54.4614,20.5875,1.000000,1,0
340,3,323.7118,518.6393,105.8792,15.1501,1.000000,1,0
340,4,123.2941,497.0954,416.2969,62.9270,1.000000,0,1
340,5,886.5803,523.0716,47.5305,23.5969,1.000000,1,0
340,6,101.4113,517.8629,164.6682,20.3178,1.000000,0.5625,0.4375
341,1,832.0470,478.5220,323.4357,77.5870,1.000000,0,1
341,2,969.5668,523.2759,54.4225,20.5817,1.000000,1,0
341,3,324.3198,518.6611,105.8829,15.1527,1.000000,0.9375,0.0625
341,4,122.7508,497.1961,416.2449,62.9189,1.000000,0,1
341,5,885.9960,523.0386,47.4984,23.5908,1.000000,1,0
341,6,101.8743,517.8862,164.6777,20.3226,1.000000,0.3125,0.6875
342,1,832.3310,478.6115,323.4863,77.5900,1.000000,0,1
342,2,968.9212,523.2578,54.3834,20.5758,1.000000,1,0
342,3,324.9295,518.6815,105.8865,15.1552,1.000000,0.9375,0.0625
342,4,122.2084,497.2974,416.1918,62.9105,1.000000,0,1
342,5,885.4119,523.0063,47.4663,23.5846,1.000000,1,0
342,6,102.3380,517.9089,164.6868,20.3274,1.000000,0.625,0.375
343,1,832.6141,478.6996,323.5353,77.5926,1.000000,0,1
343,2,968.2762,523.2393,54.3445,20.5700,1.000000,1,0
343,3,325.5411,518.7001,105.8895,15.1576,1.000000,1,0
343,4,121.6666,497.3988,416.1380,62.9022,1.000000,0,1
343,5,884.8282,522.9753,47.4343,23.5785,1.000000,1,0
343,6,102.8026,517.9307,164.6958,20.3320,1.000000,0.5,0.5
344,1,832.8976,478.7869,323.5834,77.5950,1.000000,0,1
344,2,967.6315,523.2188,54.3057,20.5642,1.000000,1,0
344,3,326.1551,518.7167,105.8921,15.1598,1.000000,0.9375,0.0625
344,4,121.1255,497.5010,416.0835,62.8936,1.000000,0,1
344,5,884.2445,522.9442,47.4022,23.5724,1.000000,1,0
344,6,103.2681,517.9515,164.7048,20.3365,1.000000,0.4375,0.5625
345,1,833.1805,478.8736,323.6310,77.5971,1.000000,0,1
345,2,966.9870,523.1968,54.2670,20.5582,1.000000,1,0
345,3,326.7706,518.7310,105.8943,15.1618,1.000000,0.9375,0.0625
345,4,120.5849,497.6030,416.0284,62.8849,1.000000,0,1
345,5,883.6609,522.9135,47.3701,23.5663,1.000000,1,0
345,6,103.7347,517.9713,164.7134,20.3409,1.000000,0.625,0.375
346,1,833.4628,478.9588,323.6773,77.5991,1.000000,0,1
346,2,966.3430,523.1746,54.2286,20.5524,1.000000,1,0
346,3,327.3875,518.7430,105.8964,15.1636,1.000000,1,0
346,4,120.0451,497.7046,415.9720,62.8761,1.000000,0,1
346,5,883.0773,522.8832,47.3380,23.5602,1.000000,1,0
346,6,104.2019,517.9894,164.7220,20.3452,1.000000,0.3125,0.6875
347,1,833.7451,479.0432,323.7227,77.6007,1.000000,0,1
347,2,965.6993,523.1503,54.1901,20.5464,1.000000,1,0
347,3,328.0060,518.7526,105.8979,15.1652,1.000000,0.9375,0.0625
347,4,119.5059,497.8070,415.9157,62.8672,1.000000,0,1
347,5,882.4932,522.8528,47.3059,23.5541,1.000000,1,0
347,6,104.6697,518.0067,164.7304,20.3494,1.000000,0.375,0.625
348,1,834.0271,479.1265,323.7676,77.6022,1.000000,0,1
348,2,965.0560,523.1253,54.1520,20.5405,1.000000,1,0
348,3,328.6256,518.7603,105.8990,15.1667,1.000000,1,0
348,4,118.9674,497.9094,415.8588,62.8583,1.000000,0,1
348,5,881.9092,522.8225,47.2736,23.5479,1.000000,1,0
348,6,105.1385,518.0231,164.7385,20.3534,1.000000,0.6875,0.3125
349,1,834.3086,479.2083,323.8118,77.6036,1.000000,0,1
349,2,964.4131,523.1005,54.1138,20.5347,1.000000,1,0
349,3,329.2458,518.7656,105.8999,15.1680,1.000000,1,0
349,4,118.4298,498.0106,415.8018,62.8494,1.000000,0,1
349,5,881.3256,522.7925,47.2413,23.5418,1.000000,1,0
349,6,105.6081,518.0382,164.7465,20.3572,1.000000,0.5625,0.4375
350,1,834.5900,479.2901,323.8553,77.6048,1.000000,0,1
350,2,963.7702,523.0736,54.0759,20.5288,1.000000,1,0
350,3,329.8670,518.7681,105.9004,15.1691,1.000000,1,0
350,4,117.8932,498.1107,415.7445,62.8403,1.000000,0,1
350,5,880.7413,522.7611,47.2091,23.5356,1.000000,1,0
350,6,106.0785,518.0521,164.7542,20.3610,1.000000,0.5,0.5
351,1,834.8707,479.3713,323.8984,77.6058,1.000000,0,1
351,2,963.1276,523.0460,54.0381,20.5230,1.000000,1,0
351,3,330.4889,518.7681,105.9005,15.1701,1.000000,0.9375,0.0625
351,4,117.3572,498.2095,415.6872,62.8313,1.000000,0,1
351,5,880.1572,522.7294,47.1771,23.5294,1.000000,1,0
351,6,106.5497,518.0650,164.7619,20.3647,1.000000,0.4375,0.5625
352,1,835.1505,479.4514,323.9412,77.6068,1.000000,0,1
352,2,962.4855,523.0191,54.0004,20.5172,1.000000,1,0
352,3,331.1111,518.7657,105.9003,15.1708,1.000000,0.9375,0.0625
352,4,116.8221,498.3064,415.6295,62.8220,1.000000,0,1
352,5,879.5739,522.6980,47.1448,23.5232,1.000000,1,0
352,6,107.0215,518.0769,164.7693,20.3682,1.000000,0.375,0.625
353,1,835.4301,479.5316,323.9835,77.6077,1.000000,0,1
353,2,961.8431,522.9915,53.9631,20.5115,1.000000,1,0
353,3,331.7342,518.7609,105.8999,15.1713,1.000000,0.9375,0.0625
353,4,116.2874,498.4015,415.5717,62.8128,1.000000,0,1
353,5,878.9905,522.6647,47.1126,23.5169,1.000000,1,0
353,6,107.4940,518.0880,164.7768,20.3716,1.000000,0.4375,0.5625
354,1,835.7092,479.6107,324.0255,77.6086,1.000000,0,1
354,2,961.2010,522.9643,53.9258,20.5059,1.000000,1,0
354,3,332.3578,518.7533,105.8992,15.1717,1.000000,0.9375,0.0625
354,4,115.7536,498.4943,415.5136,62.8035,1.000000,0,1
354,5,878.4078,522.6309,47.0804,23.5106,1.000000,1,0
354,6,107.9668,518.0984,164.7841,20.3750,1.000000,0.5,0.5
355,1,835.9877,479.6876,324.0675,77.6093,1.000000,0,1
355,2,960.5592,522.9384,53.8887,20.5003,1.000000,1,0
355,3,332.9816,518.7429,105.8983,15.1719,1.000000,0.9375,0.0625
355,4,115.2205,498.5836,415.4553,62.7940,1.000000,0,1
355,5,877.8262,522.5973,47.0483,23.5043,1.000000,1,0
355,6,108.4395,518.1084,164.7915,20.3784,1.000000,0.6875,0.3125
356,1,836.2660,479.7642,324.1091,77.6100,1.000000,0,1
356,2,959.9173,522.9116,53.8517,20.4947,1.000000,1,0
356,3,333.6065,518.7297,105.8970,15.1718,1.000000,0.9375,0.0625
356,4,114.6883,498.6704,415.3965,62.7844,1.000000,0,1
356,5,877.2449,522.5608,47.0162,23.4979,1.000000,1,0
356,6,108.9128,518.1179,164.7986,20.3816,1.000000,0.5,0.5
357,1,836.5439,479.8396,324.1506,77.6106,1.000000,0,1
357,2,959.2758,522.8851,53.8147,20.4892,1.000000,1,0
357,3,334.2317,518.7141,105.8957,15.1717,1.000000,1,0
357,4,114.1562,498.7546,415.3380,62.7747,1.000000,0,1
357,5,876.6644,522.5232,46.9840,23.4914,1.000000,1,0
357,6,109.3859,518.1268,164.8059,20.3849,1.000000,0.5,0.5
358,1,836.8209,479.9131,324.1917,77.6112,1.000000,0,1
358,2,958.6342,522.8599,53.7780,20.4838,1.000000,1,0
358,3,334.8567,518.6965,105.8943,15.1713,1.000000,1,0
358,4,113.6257,498.8357,415.2786,62.7649,1.000000,0,1
358,5,876.0851,522.4854,46.9520,23.4849,1.000000,1,0
358,6,109.8591,518.1354,164.8132,20.3880,1.000000,0.5,0.5
359,1,837.0972,479.9860,324.2326,77.6116,1.000000,0,1
359,2,957.9918,522.8341,53.7410,20.4784,1.000000,1,0
359,3,335.4820,518.6766,105.8926,15.1709,1.000000,1,0
359,4,113.0960,498.9136,415.2190,62.7550,1.000000,0,1
359,5,875.5061,522.4447,46.9199,23.4783,1.000000,1,0
359,6,110.3325,518.1437,164.8204,20.3912,1.000000,0.6875,0.3125
360,1,837.3726,480.0577,324.2732,77.6121,1.000000,0,1
360,2,957.3491,522.8090,53.7043,20.4730,1.000000,1,0
360,3,336.1069,518.6550,105.8909,15.1703,1.000000,1,0
360,4,112.5674,498.9887,415.1591,62.7449,1.000000,0,1
360,5,874.9279,522.4028,46.8879,23.4717,1.000000,1,0
360,6,110.8059,518.1520,164.8276,20.3943,1.000000,0.625,0.375
361,1,837.6467,480.1276,324.3135,77.6124,1.000000,0,1
361,2,956.7065,522.7850,53.6676,20.4676,1.000000,1,0
361,3,336.7312,518.6317,105.8892,15.1696,1.000000,0.9375,0.0625
361,4,112.0404,499.0614,415.0981,62.7346,1.000000,0,1
361,5,874.3507,522.3607,46.8560,23.4649,1.000000,1,0
361,6,111.2796,518.1600,164.8347,20.3975,1.000000,0.375,0.625
362,1,837.9199,480.1963,324.3530,77.6126,1.000000,0,1
362,2,956.0634,522.7603,53.6308,20.4622,1.000000,1,0
362,3,337.3549,518.6053,105.8872,15.1687,1.000000,0.875,0.125
362,4,111.5142,499.1313,415.0368,62.7242,1.000000,0,1
362,5,873.7740,522.3153,46.8239,23.4582,1.000000,1,0
362,6,111.7535,518.1683,164.8416,20.4006,1.000000,0.4375,0.5625
363,1,838.1921,480.2629,324.3923,77.6127,1.000000,0,1
363,2,955.4198,522.7358,53.5938,20.4568,1.000000,1,0
363,3,337.9784,518.5765,105.8852,15.1676,1.000000,1,0
363,4,110.9891,499.1989,414.9749,62.7136,1.000000,0,1
363,5,873.1978,522.2681,46.7919,23.4513,1.000000,1,0
363,6,112.2278,518.1767,164.8485,20.4038,1.000000,0.5625,0.4375
364,1,838.4629,480.3265,324.4310,77.6126,1.000000,0,1
364,2,954.7760,522.7124,53.5570,20.4515,1.000000,1,0
364,3,338.6008,518.5455,105.8833,15.1665,1.000000,0.75,0.25
364,4,110.4654,499.2644,414.9119,62.7029,1.000000,0,1
364,5,872.6221,522.2197,46.7599,23.4443,1.000000,1,0
364,6,112.7023,518.1851,164.8554,20.4069,1.000000,0.4375,0.5625
365,1,838.7330,480.3880,324.4697,77.6125,1.000000,0,1
365,2,954.1315,522.6882,53.5201,20.4461,1.000000,1,0
365,3,339.2229,518.5115,105.8813,15.1652,1.000000,0.8125,0.1875
365,4,109.9425,499.3281,414.8488,62.6920,1.000000,0,1
365,5,872.0469,522.1684,46.7279,23.4373,1.000000,1,0
365,6,113.1779,518.1932,164.8618,20.4100,1.000000,0.4375,0.5625
366,1,839.0022,480.4470,324.5084,77.6123,1.000000,0,1
366,2,953.4869,522.6642,53.4833,20.4407,1.000000,1,0
366,3,339.8444,518.4752,105.8795,15.1638,1.000000,1,0
366,4,109.4211,499.3892,414.7844,62.6809,1.000000,0,1
366,5,871.4722,522.1157,46.6959,23.4301,1.000000,1,0
366,6,113.6545,518.2014,164.8682,20.4130,1.000000,0.8125,0.1875
367,1,839.2707,480.5032,324.5460,77.6118,1.000000,0,1
367,2,952.8424,522.6411,53.4463,20.4353,1.000000,1,0
367,3,340.4655,518.4371,105.8776,15.1623,1.000000,0.9375,0.0625
367,4,108.9010,499.4445,414.7182,62.6693,1.000000,0,1
367,5,870.8978,522.0620,46.6639,23.4230,1.000000,1,0
367,6,114.1319,518.2100,164.8742,20.4161,1.000000,0.5,0.5
368,1,839.5381,480.5565,324.5831,77.6112,1.000000,0,1
368,2,952.1973,522.6169,53.4093,20.4298,1.000000,1,0
368,3,341.0866,518.3965,105.8756,15.1606,1.000000,0.875,0.125
368,4,108.3813,499.4942,414.6507,62.6574,1.000000,0,1
368,5,870.3242,522.0053,46.6320,23.4157,1.000000,1,0
368,6,114.6104,518.2190,164.8799,20.4191,1.000000,0.625,0.375
369,1,839.8048,480.6069,324.6200,77.6104,1.000000,0,1
369,2,951.5521,522.5927,53.3723,20.4244,1.000000,1,0
369,3,341.7072,518.3541,105.8738,15.1588,1.000000,0.9375,0.0625
369,4,107.8622,499.5379,414.5815,62.6450,1.000000,0,1
369,5,869.7515,521.9473,46.5999,23.4083,1.000000,1,0
369,6,115.0901,518.2283,164.8853,20.4221,1.000000,0.625,0.375
370,1,840.0713,480.6540,324.6567,77.6096,1.000000,0,1
370,2,950.9070,522.5688,53.3352,20.4190,1.000000,1,0
370,3,342.3273,518.3108,105.8721,15.1570,1.000000,0.8125,0.1875
370,4,107.3441,499.5749,414.5098,62.6321,1.000000,0,1
370,5,869.1796,521.8887,46.5681,23.4009,1.000000,1,0
370,6,115.5706,518.2380,164.8905,20.4252,1.000000,0.6875,0.3125
371,1,840.3372,480.6981,324.6933,77.6086,1.000000,0,1
371,2,950.2618,522.5428,53.2982,20.4134,1.000000,1,0
371,3,342.9476,518.2657,105.8702,15.1550,1.000000,0.875,0.125
371,4,106.8273,499.6074,414.4357,62.6187,1.000000,0,1
371,5,868.6085,521.8273,46.5364,23.3934,1.000000,1,0
371,6,116.0527,518.2482,164.8951,20.4282,1.000000,0.6875,0.3125
372,1,840.6029,480.7388,324.7296,77.6075,1.000000,0,1
372,2,949.6172,522.5159,53.2613,20.4079,1.000000,1,0
372,3,343.5674,518.2199,105.8685,15.1531,1.000000,0.875,0.125
372,4,106.3116,499.6356,414.3602,62.6049,1.000000,0,1
372,5,868.0386,521.7645,46.5046,23.3860,1.000000,1,0
372,6,116.5362,518.2585,164.8993,20.4313,1.000000,0.5625,0.4375
373,1,840.8682,480.7753,324.7654,77.6061,1.000000,0,1
373,2,948.9733,522.4889,53.2246,20.4024,1.000000,1,0
373,3,344.1866,518.1739,105.8669,15.1511,1.000000,0.8125,0.1875
373,4,105.7975,499.6599,414.2827,62.5907,1.000000,0,1
373,5,867.4696,521.7017,46.4731,23.3786,1.000000,1,0
373,6,117.0208,518.2690,164.9032,20.4343,1.000000,0.6875,0.3125
374,1,841.1328,480.8091,324.8009,77.6047,1.000000,0,1
374,2,948.3291,522.4591,53.1877,20.3968,1.000000,1,0
374,3,344.8053,518.1270,105.8654,15.1492,1.000000,0.875,0.125
374,4,105.2856,499.6816,414.2029,62.5761,1.000000,0,1
374,5,866.9012,521.6363,46.4415,23.3711,1.000000,1,0
374,6,117.5075,518.2795,164.9065,20.4371,1.000000,0.375,0.625
375,1,841.3972,480.8389,324.8362,77.6030,1.000000,0,1
375,2,947.6854,522.4279,53.1510,20.3911,1.000000,1,0
375,3,345.4237,518.0796,105.8640,15.1472,1.000000,0.875,0.125
375,4,104.7755,499.7004,414.1214,62.5611,1.000000,0,1
375,5,866.3336,521.5703,46.4100,23.3635,1.000000,1,0
375,6,117.9954,518.2898,164.9092,20.4399,1.000000,0.6875,0.3125
376,1,841.6615,480.8640,324.8715,77.6013,1.000000,0,1
376,2,947.0428,522.3964,53.1144,20.3855,1.000000,1,0
376,3,346.0412,518.0323,105.8626,15.1452,1.000000,0.9375,0.0625
376,4,104.2673,499.7166,414.0381,62.5457,1.000000,0,1
376,5,865.7670,521.5046,46.3789,23.3560,1.000000,1,0
376,6,118.4840,518.3002,164.9118,20.4428,1.000000,0.75,0.25
377,1,841.9252,480.8858,324.9065,77.5993,1.000000,0,1
377,2,946.4003,522.3613,53.0780,20.3798,1.000000,1,0
377,3,346.6586,517.9842,105.8615,15.1432,1.000000,0.875,0.125
377,4,103.7613,499.7309,413.9535,62.5301,1.000000,0,1
377,5,865.2013,521.4361,46.3477,23.3485,1.000000,1,0
377,6,118.9746,518.3103,164.9138,20.4455,1.000000,0.6875,0.3125
378,1,842.1886,480.9038,324.9413,77.5973,1.000000,0,1
378,2,945.7583,522.3243,53.0416,20.3740,1.000000,1,0
378,3,347.2758,517.9362,105.8606,15.1413,1.000000,0.8125,0.1875
378,4,103.2573,499.7428,413.8674,62.5142,1.000000,0,1
378,5,864.6365,521.3673,46.3168,23.3411,1.000000,1,0
378,6,119.4666,518.3200,164.9153,20.4481,1.000000,0.375,0.625
379,1,842.4515,480.9176,324.9763,77.5952,1.000000,0,1
379,2,945.1172,522.2861,53.0053,20.3681,1.000000,1,0
379,3,347.8924,517.8890,105.8599,15.1394,1.000000,0.875,0.125
379,4,102.7555,499.7512,413.7794,62.4980,1.000000,0,1
379,5,864.0726,521.2998,46.2860,23.3337,1.000000,1,0
379,6,119.9593,518.3292,164.9166,20.4506,1.000000,0.625,0.375
380,1,842.7142,480.9264,325.0109,77.5928,1.000000,0,1
380,2,944.4770,522.2437,52.9692,20.3622,1.000000,1,0
380,3,348.5089,517.8417,105.8594,15.1376,1.000000,0.8125,0.1875
380,4,102.2556,499.7553,413.6897,62.4813,1.000000,0,1
380,5,863.5096,521.2301,46.2554,23.3264,1.000000,1,0
380,6,120.4538,518.3374,164.9175,20.4531,1.000000,0.8125,0.1875
381,1,842.9762,480.9308,325.0457,77.5904,1.000000,0,1
381,2,943.8378,522.1987,52.9332,20.3563,1.000000,1,0
381,3,349.1250,517.7946,105.8592,15.1357,1.000000,1,0
381,4,101.7581,499.7557,413.5986,62.4642,1.000000,0,1
381,5,862.9477,521.1602,46.2250,23.3191,1.000000,1,0
381,6,120.9491,518.3452,164.9182,20.4554,1.000000,0.625,0.375
382,1,843.2378,480.9311,325.0806,77.5879,1.000000,0,1
382,2,943.1998,522.1517,52.8973,20.3502,1.000000,1,0
382,3,349.7402,517.7481,105.8594,15.1339,1.000000,0.9375,0.0625
382,4,101.2627,499.7515,413.5064,62.4470,1.000000,0,1
382,5,862.3868,521.0914,46.1948,23.3120,1.000000,1,0
382,6,121.4448,518.3524,164.9186,20.4576,1.000000,0.5625,0.4375
383,1,843.4984,480.9263,325.1154,77.5853,1.000000,0,1
383,2,942.5623,522.0995,52.8616,20.3440,1.000000,1,0
383,3,350.3552,517.7013,105.8597,15.1323,1.000000,0.9375,0.0625
383,4,100.7698,499.7410,413.4129,62.4293,1.000000,0,1
383,5,861.8269,521.0211,46.1649,23.3049,1.000000,1,0
383,6,121.9415,518.3584,164.9186,20.4597,1.000000,0.75,0.25
384,1,843.7583,480.9168,325.1500,77.5825,1.000000,0,1
384,2,941.9258,522.0441,52.8261,20.3377,1.000000,1,0
384,3,350.9699,517.6546,105.8604,15.1306,1.000000,0.9375,0.0625
384,4,100.2794,499.7250,413.3178,62.4113,1.000000,0,1
384,5,861.2686,520.9509,46.1351,23.2978,1.000000,1,0
384,6,122.4390,518.3635,164.9184,20.4617,1.000000,0.625,0.375
385,1,844.0179,480.9020,325.1848,77.5797,1.000000,0,1
385,2,941.2905,521.9869,52.7906,20.3313,1.000000,1,0
385,3,351.5834,517.6088,105.8615,15.1291,1.000000,1,0
385,4,99.7907,499.7040,413.2218,62.3930,1.000000,0,1
385,5,860.7115,520.8821,46.1056,23.2909,1.000000,1,0
385,6,122.9367,518.3677,164.9180,20.4636,1.000000,0.625,0.375
386,1,844.2769,480.8811,325.2198,77.5767,1.000000,0,1
386,2,940.6552,521.9238,52.7554,20.3248,1.000000,1,0
386,3,352.1952,517.5637,105.8630,15.1276,1.000000,0.9375,0.0625
386,4,99.3047,499.6757,413.1242,62.3742,1.000000,0,1
386,5,860.1556,520.8123,46.0762,23.2840,1.000000,1,0
386,6,123.4355,518.3702,164.9172,20.4652,1.000000,0.625,0.375
387,1,844.5350,480.8549,325.2549,77.5736,1.000000,0,1
387,2,940.0208,521.8577,52.7202,20.3182,1.000000,1,0
387,3,352.8054,517.5191,105.8647,15.1263,1.000000,1,0
387,4,98.8210,499.6414,413.0258,62.3552,1.000000,0,1
387,5,859.6003,520.7430,46.0472,23.2773,1.000000,1,0
387,6,123.9352,518.3716,164.9160,20.4667,1.000000,0.6875,0.3125
388,1,844.7926,480.8235,325.2902,77.5704,1.000000,0,1
388,2,939.3875,521.7904,52.6851,20.3116,1.000000,1,0
388,3,353.4142,517.4750,105.8667,15.1249,1.000000,1,0
388,4,98.3388,499.6024,412.9268,62.3360,1.000000,0,1
388,5,859.0455,520.6760,46.0181,23.2706,1.000000,1,0
388,6,124.4353,518.3719,164.9146,20.4681,1.000000,0.4375,0.5625
389,1,845.0491,480.7857,325.3251,77.5670,1.000000,0,1
389,2,938.7540,521.7171,52.6500,20.3047,1.000000,1,0
389,3,354.0220,517.4299,105.8691,15.1236,1.000000,0.9375,0.0625
389,4,97.8590,499.5566,412.8272,62.3166,1.000000,0,1
389,5,858.4917,520.6080,45.9892,23.2641,1.000000,1,0
389,6,124.9366,518.3700,164.9128,20.4692,1.000000,0.5625,0.4375
390,1,845.3049,480.7422,325.3604,77.5635,1.000000,0,1
390,2,938.1213,521.6411,52.6152,20.2978,1.000000,1,0
390,3,354.6293,517.3844,105.8718,15.1223,1.000000,0.875,0.125
390,4,97.3803,499.5057,412.7278,62.2969,1.000000,0,1
390,5,857.9383,520.5410,45.9606,23.2576,1.000000,0.9375,0.0625
390,6,125.4389,518.3666,164.9106,20.4701,1.000000,0.8125,0.1875
391,1,845.5604,480.6931,325.3959,77.5600,1.000000,0,1
391,2,937.4903,521.5646,52.5805,20.2909,1.000000,1,0
391,3,355.2362,517.3391,105.8747,15.1211,1.000000,0.875,0.125
391,4,96.9027,499.4507,412.6284,62.2774,1.000000,0,1
391,5,857.3856,520.4763,45.9321,23.2513,1.000000,1,0
391,6,125.9418,518.3626,164.9081,20.4709,1.000000,0.8125,0.1875
392,1,845.8149,480.6370,325.4319,77.5565,1.000000,0,1
392,2,936.8588,521.4821,52.5457,20.2838,1.000000,1,0
392,3,355.8429,517.2939,105.8780,15.1199,1.000000,0.75,0.25
392,4,96.4258,499.3890,412.5291,62.2576,1.000000,0,1
392,5,856.8320,520.4096,45.9038,23.2449,1.000000,0.9375,0.0625
392,6,126.4464,518.3566,164.9050,20.4715,1.000000,0.6875,0.3125
393,1,846.0688,480.5749,325.4681,77.5527,1.000000,0,1
393,2,936.2280,521.3971,52.5110,20.2766,1.000000,1,0
393,3,356.4496,517.2494,105.8813,15.1187,1.000000,0.875,0.125
393,4,95.9491,499.3225,412.4298,62.2377,1.000000,0,1
393,5,856.2781,520.3425,45.8754,23.2386,1.000000,0.9375,0.0625
393,6,126.9524,518.3493,164.9015,20.4719,1.000000,0.75,0.25
394,1,846.3225,480.5069,325.5044,77.5488,1.000000,0,1
394,2,935.5985,521.3120,52.4768,20.2695,1.000000,1,0
394,3,357.0560,517.2063,105.8852,15.1177,1.000000,1,0
394,4,95.4725,499.2532,412.3317,62.2180,1.000000,0,1
394,5,855.7238,520.2764,45.8473,23.2324,1.000000,0.875,0.125
394,6,127.4595,518.3413,164.8977,20.4723,1.000000,0.75,0.25
395,1,846.5753,480.4324,325.5408,77.5448,1.000000,0,1
395,2,934.9683,521.2207,52.4423,20.2622,1.000000,1,0
395,3,357.6628,517.1650,105.8892,15.1168,1.000000,0.6875,0.3125
395,4,94.9960,499.1788,412.2340,62.1982,1.000000,0,1
395,5,855.1665,520.2056,45.8189,23.2260,1.000000,0.875,0.125
395,6,127.9692,518.3317,164.8931,20.4722,1.000000,0.75,0.25
396,1,846.8277,480.3524,325.5773,77.5408,1.000000,0,1
396,2,934.3384,521.1266,52.4081,20.2548,1.000000,1,0
396,3,358.2700,517.1255,105.8934,15.1161,1.000000,1,0
396,4,94.5195,499.1019,412.1372,62.1785,1.000000,0,1
396,5,854.6080,520.1334,45.7906,23.2196,1.000000,1,0
396,6,128.4806,518.3212,164.8881,20.4722,1.000000,0.875,0.125
397,1,847.0806,480.2671,325.6146,77.5367,1.000000,0,1
397,2,933.7100,521.0327,52.3740,20.2473,1.000000,1,0
397,3,358.8774,517.0881,105.8978,15.1155,1.000000,1,0
397,4,94.0421,499.0258,412.0423,62.1592,1.000000,0,1
397,5,854.0497,520.0632,45.7625,23.2133,1.000000,1,0
397,6,128.9930,518.3104,164.8826,20.4720,1.000000,0.8125,0.1875
398,1,847.3329,480.1746,325.6523,77.5325,1.000000,0,1
398,2,933.0809,520.9327,52.3401,20.2398,1.000000,1,0
398,3,359.4853,517.0526,105.9026,15.1151,1.000000,1,0
398,4,93.5641,498.9463,411.9485,62.1399,1.000000,0,1
398,5,853.4893,519.9892,45.7343,23.2069,1.000000,0.9375,0.0625
398,6,129.5076,518.2983,164.8763,20.4715,1.000000,0.75,0.25
399,1,847.5854,480.0768,325.6902,77.5282,1.000000,0,1
399,2,932.4527,520.8301,52.3062,20.2322,1.000000,1,0
399,3,360.0940,517.0188,105.9074,15.1147,1.000000,0.75,0.25
399,4,93.0856,498.8655,411.8558,62.1207,1.000000,0,1
399,5,852.9285,519.9152,45.7062,23.2006,1.000000,1,0
399,6,130.0231,518.2853,164.8698,20.4710,1.000000,0.75,0.25
400,1,847.8379,479.9750,325.7291,77.5240,1.000000,0,1
400,2,931.8265,520.7275,52.2729,20.2247,1.000000,1,0
400,3,360.7038,516.9867,105.9124,15.1145,1.000000,0.875,0.125
400,4,92.6059,498.7854,411.7650,62.1020,1.000000,0,1
400,5,852.3685,519.8438,45.6780,23.1943,1.000000,0.875,0.125
400,6,130.5395,518.2716,164.8629,20.4704,1.000000,0.875,0.125
401,1,848.0903,479.8673,325.7682,77.5197,1.000000,0,1
401,2,931.2000,520.6191,52.2394,20.2170,1.000000,1,0
401,3,361.3145,516.9567,105.9175,15.1145,1.000000,0.9375,0.0625
401,4,92.1256,498.7025,411.6749,62.0833,1.000000,0,1
401,5,851.8063,519.7697,45.6500,23.1881,1.000000,0.9375,0.0625
401,6,131.0577,518.2559,164.8554,20.4695,1.000000,0.625,0.375
402,1,848.3433,479.7549,325.8077,77.5153,1.000000,0,1
402,2,930.5743,520.5084,52.2062,20.2092,1.000000,1,0
402,3,361.9259,516.9282,105.9229,15.1145,1.000000,1,0
402,4,91.6444,498.6190,411.5862,62.0648,1.000000,0,1
402,5,851.2438,519.6960,45.6221,23.1819,1.000000,0.8125,0.1875
402,6,131.5768,518.2384,164.8478,20.4685,1.000000,0.625,0.375
403,1,848.5970,479.6386,325.8481,77.5110,1.000000,0,1
403,2,929.9504,520.3984,52.1731,20.2015,1.000000,1,0
403,3,362.5385,516.9012,105.9283,15.1147,1.000000,1,0
403,4,91.1623,498.5369,411.4991,62.0467,1.000000,0,1
403,5,850.6818,519.6256,45.5944,23.1758,1.000000,0.875,0.125
403,6,132.0964,518.2197,164.8399,20.4673,1.000000,0.8125,0.1875
404,1,848.8512,479.5167,325.8889,77.5066,1.000000,0,1
404,2,929.3258,520.2822,52.1403,20.1937,1.000000,1,0
404,3,363.1522,516.8759,105.9338,15.1149,1.000000,0.9375,0.0625
404,4,90.6798,498.4520,411.4128,62.0285,1.000000,0,1
404,5,850.1179,519.5537,45.5664,23.1697,1.000000,0.9375,0.0625
404,6,132.6175,518.1984,164.8316,20.4657,1.000000,0.75,0.25
405,1,849.1061,479.3911,325.9303,77.5022,1.000000,0,1
405,2,928.7021,520.1639,52.1074,20.1858,1.000000,1,0
405,3,363.7669,516.8517,105.9395,15.1153,1.000000,0.9375,0.0625
405,4,90.1971,498.3664,411.3271,62.0105,1.000000,0,1
405,5,849.5540,519.4832,45.5387,23.1637,1.000000,0.75,0.25
405,6,133.1393,518.1749,164.8233,20.4640,1.000000,0.6875,0.3125
406,1,849.3616,479.2635,325.9719,77.4978,1.000000,0,1
406,2,928.0801,520.0470,52.0750,20.1780,1.000000,1,0
406,3,364.3824,516.8280,105.9453,15.1157,1.000000,0.9375,0.0625
406,4,89.7134,498.2819,411.2432,61.9928,1.000000,0,1
406,5,848.9911,519.4165,45.5110,23.1579,1.000000,0.8125,0.1875
406,6,133.6607,518.1499,164.8150,20.4621,1.000000,0.625,0.375
407,1,849.6183,479.1308,326.0140,77.4932,1.000000,0,1
407,2,927.4576,519.9244,52.0425,20.1700,1.000000,1,0
407,3,364.9989,516.8054,105.9513,15.1162,1.000000,1,0
407,4,89.2292,498.1948,411.1600,61.9752,1.000000,0,1
407,5,848.4266,519.3484,45.4834,23.1520,1.000000,0.9375,0.0625
407,6,134.1826,518.1219,164.8066,20.4600,1.000000,0.875,0.125
408,1,849.8761,478.9951,326.0570,77.4888,1.000000,0,1
408,2,926.8361,519.8003,52.0101,20.1620,1.000000,1,0
408,3,365.6158,516.7832,105.9573,15.1166,1.000000,1,0
408,4,88.7447,498.1069,411.0781,61.9577,1.000000,0,1
408,5,847.8623,519.2816,45.4561,23.1464,1.000000,0.6875,0.3125
408,6,134.7041,518.0916,164.7983,20.4576,1.000000,0.6875,0.3125
409,1,850.1353,478.8577,326.1007,77.4844,1.000000,0,1
409,2,926.2164,519.6780,51.9781,20.1542,1.000000,1,0
409,3,366.2333,516.7608,105.9633,15.1172,1.000000,1,0
409,4,88.2597,498.0195,410.9973,61.9405,1.000000,0,1
409,5,847.2991,519.2183,45.4287,23.1408,1.000000,0.9375,0.0625
409,6,135.2246,518.0594,164.7901,20.4551,1.000000,0.9375,0.0625
410,1,850.3958,478.7159,326.1450,77.4801,1.000000,0,1
410,2,925.5961,519.5509,51.9461,20.1462,1.000000,1,0
410,3,366.8512,516.7386,105.9693,15.1176,1.000000,1,0
410,4,87.7739,497.9292,410.9179,61.9234,1.000000,0,1
410,5,846.7346,519.1535,45.4014,23.1353,1.000000,0.75,0.25
410,6,135.7449,518.0235,164.7819,20.4522,1.000000,0.8125,0.1875
411,1,850.6573,478.5714,326.1904,77.4757,1.000000,0,1
411,2,924.9765,519.4232,51.9144,20.1382,1.000000,1,0
411,3,367.4692,516.7161,105.9755,15.1182,1.000000,0.9375,0.0625
411,4,87.2881,497.8375,410.8393,61.9065,1.000000,0,1
411,5,846.1702,519.0900,45.3743,23.1299,1.000000,0.75,0.25
411,6,136.2648,517.9842,164.7740,20.4490,1.000000,0.9375,0.0625
412,1,850.9196,478.4258,326.2352,77.4712,1.000000,0,1
412,2,924.3586,519.2991,51.8828,20.1304,1.000000,1,0
412,3,368.0872,516.6932,105.9817,15.1187,1.000000,1,0
412,4,86.8026,497.7460,410.7624,61.8898,1.000000,0,1
412,5,845.6068,519.0298,45.3472,23.1246,1.000000,0.625,0.375
412,6,136.7839,517.9420,164.7661,20.4456,1.000000,0.6875,0.3125
413,1,851.1824,478.2767,326.2808,77.4668,1.000000,0,1
413,2,923.7397,519.1712,51.8513,20.1226,1.000000,1,0
413,3,368.7051,516.6699,105.9879,15.1192,1.000000,1,0
413,4,86.3165,497.6516,410.6870,61.8733,1.000000,0,1
413,5,845.0420,518.9684,45.3202,23.1193,1.000000,0.625,0.375
413,6,137.3029,517.8958,164.7584,20.4417,1.000000,0.75,0.25
414,1,851.4453,478.1259,326.3262,77.4623,1.000000,0,1
414,2,923.1208,519.0437,51.8199,20.1147,1.000000,1,0
414,3,369.3227,516.6462,105.9943,15.1196,1.000000,0.9375,0.0625
414,4,85.8292,497.5560,410.6131,61.8570,1.000000,0,1
414,5,844.4775,518.9086,45.2935,23.1142,1.000000,0.5625,0.4375
414,6,137.8218,517.8462,164.7509,20.4377,1.000000,0.75,0.25
415,1,851.7085,477.9744,326.3718,77.4578,1.000000,0,1
415,2,922.5031,518.9197,51.7886,20.1072,1.000000,1,0
415,3,369.9396,516.6222,106.0008,15.1202,1.000000,0.9375,0.0625
415,4,85.3402,497.4607,410.5414,61.8412,1.000000,0,1
415,5,843.9142,518.8523,45.2670,23.1094,1.000000,0.5,0.5
415,6,138.3397,517.7941,164.7435,20.4333,1.000000,0.6875,0.3125
416,1,851.9720,477.8192,326.4182,77.4534,1.000000,0,1
416,2,921.8845,518.7928,51.7575,20.0995,1.000000,1,0
416,3,370.5573,516.5969,106.0072,15.1205,1.000000,0.875,0.125
416,4,84.8491,497.3627,410.4712,61.8255,1.000000,0,1
416,5,843.3499,518.7958,45.2405,23.1046,1.000000,0.5625,0.4375
416,6,138.8568,517.7381,164.7366,20.4287,1.000000,0.875,0.125
417,1,852.2356,477.6616,326.4651,77.4490,1.000000,0,1
417,2,921.2661,518.6671,51.7266,20.0918,1.000000,1,0
417,3,371.1752,516.5707,106.0137,15.1209,1.000000,0.9375,0.0625
417,4,84.3560,497.2645,410.4027,61.8101,1.000000,0,1
417,5,842.7859,518.7408,45.2142,23.0999,1.000000,0.6875,0.3125
417,6,139.3732,517.6791,164.7298,20.4238,1.000000,0.75,0.25
418,1,852.4995,477.5026,326.5125,77.4446,1.000000,0,1
418,2,920.6491,518.5458,51.6959,20.0845,1.000000,1,0
418,3,371.7926,516.5449,106.0204,15.1213,1.000000,0.875,0.125
418,4,83.8613,497.1685,410.3360,61.7950,1.000000,0,1
418,5,842.2232,518.6891,45.1881,23.0954,1.000000,0.4375,0.5625
418,6,139.8890,517.6178,164.7233,20.4187,1.000000,1,0
419,1,852.7638,477.3394,326.5604,77.4402,1.000000,0,1
419,2,920.0306,518.4222,51.6652,20.0772,1.000000,1,0
419,3,372.4095,516.5199,106.0274,15.1218,1.000000,0.9375,0.0625
419,4,83.3635,497.0719,410.2713,61.7802,1.000000,0,1
419,5,841.6595,518.6375,45.1621,23.0909,1.000000,0.5,0.5
419,6,140.4041,517.5531,164.7170,20.4134,1.000000,0.75,0.25
420,1,853.0286,477.1738,326.6089,77.4359,1.000000,0,1
420,2,919.4130,518.3000,51.6349,20.0700,1.000000,1,0
420,3,373.0258,516.4955,106.0345,15.1223,1.000000,0.9375,0.0625
420,4,82.8637,496.9767,410.2082,61.7658,1.000000,0,1
420,5,841.0965,518.5874,45.1359,23.0865,1.000000,0.5,0.5
420,6,140.9182,517.4861,164.7111,20.4078,1.000000,0.8125,0.1875
421,1,853.2935,477.0070,326.6584,77.4318,1.000000,0,1
421,2,918.7975,518.1825,51.6047,20.0629,1.000000,1,0
421,3,373.6414,516.4722,106.0417,15.1229,1.000000,0.9375,0.0625
421,4,82.3624,496.8852,410.1468,61.7517,1.000000,0,1
421,5,840.5344,518.5402,45.1102,23.0823,1.000000,0.3125,0.6875
421,6,141.4308,517.4178,164.7054,20.4021,1.000000,0.6875,0.3125
422,1,853.5592,476.8358,326.7084,77.4277,1.000000,0,1
422,2,918.1814,518.0636,51.5746,20.0560,1.000000,1,0
422,3,374.2563,516.4485,106.0490,15.1245,1.000000,0.9375,0.0625
422,4,81.8590,496.7944,410.0869,61.7378,1.000000,0,1
422,5,839.9717,518.4930,45.0844,23.0781,1.000000,0.5,0.5
422,6,141.9424,517.3471,164.7000,20.3962,1.000000,0.625,0.375
423,1,853.8254,476.6619,326.7592,77.4237,1.000000,0,1
423,2,917.5659,517.9467,51.5448,20.0491,1.000000,1,0
423,3,374.8704,516.4252,106.0566,15.1264,1.000000,0.875,0.125
423,4,81.3541,496.7056,410.0281,61.7243,1.000000,0,1
423,5,839.4095,518.4470,45.0587,23.0740,1.000000,0.25,0.75
423,6,142.4526,517.2745,164.6949,20.3903,1.000000,0.75,0.25
424,1,854.0918,476.4868,326.8107,77.4197,1.000000,0,1
424,2,916.9520,517.8344,51.5154,20.0425,1.000000,1,0
424,3,375.4837,516.4025,106.0644,15.1283,1.000000,0.875,0.125
424,4,80.8484,496.6208,409.9703,61.7109,1.000000,0,1
424,5,838.8483,518.4036,45.0329,23.0700,1.000000,0.4375,0.5625
424,6,142.9608,517.2003,164.6902,20.3842,1.000000,0.8125,0.1875
425,1,854.3588,476.3078,326.8630,77.4158,1.000000,0,1
425,2,916.3372,517.7217,51.4858,20.0360,1.000000,1,0
425,3,376.0963,516.3799,106.0722,15.1301,1.000000,0.9375,0.0625
425,4,80.3412,496.5370,409.9134,61.6977,1.000000,0,1
425,5,838.2863,518.3597,45.0072,23.0660,1.000000,0.3125,0.6875
425,6,143.4688,517.1235,164.6858,20.3778,1.000000,0.6875,0.3125
426,1,854.6262,476.1266,326.9163,77.4121,1.000000,0,1
426,2,915.7224,517.6118,51.4567,20.0296,1.000000,1,0
426,3,376.7079,516.3574,106.0803,15.1321,1.000000,0.875,0.125
426,4,79.8332,496.4552,409.8571,61.6847,1.000000,0,1
426,5,837.7249,518.3167,44.9815,23.0620,1.000000,0.375,0.625
426,6,143.9761,517.0449,164.6817,20.3714,1.000000,0.6875,0.3125
427,1,854.8939,475.9447,326.9706,77.4085,1.000000,0,1
427,2,915.1086,517.5075,51.4277,20.0235,1.000000,1,0
427,3,377.3186,516.3351,106.0886,15.1340,1.000000,0.6875,0.3125
427,4,79.3250,496.3765,409.8010,61.6718,1.000000,0,1
427,5,837.1646,518.2753,44.9561,23.0581,1.000000,0.3125,0.6875
427,6,144.4826,516.9652,164.6777,20.3649,1.000000,0.75,0.25
428,1,855.1620,475.7593,327.0253,77.4049,1.000000,0,1
428,2,914.4941,517.4044,51.3988,20.0176,1.000000,1,0
428,3,377.9285,516.3118,106.0968,15.1360,1.000000,0.8125,0.1875
428,4,78.8164,496.2973,409.7449,61.6589,1.000000,0,1
428,5,836.6039,518.2330,44.9305,23.0543,1.000000,0.5,0.5
428,6,144.9881,516.8838,164.6742,20.3582,1.000000,0.875,0.125
429,1,855.4302,475.5725,327.0806,77.4015,1.000000,0,1
429,2,913.8801,517.3047,51.3702,20.0118,1.000000,1,0
429,3,378.5374,516.2878,106.1054,15.1380,1.000000,1,0
429,4,78.3081,496.2191,409.6880,61.6459,1.000000,0,1
429,5,836.0437,518.1910,44.9051,23.0504,1.000000,0.375,0.625
429,6,145.4930,516.8013,164.6710,20.3516,1.000000,0.75,0.25
430,1,855.6987,475.3860,327.1367,77.3982,1.000000,0,1
430,2,913.2670,517.2107,51.3418,20.0064,1.000000,1,0
430,3,379.1450,516.2631,106.1141,15.1400,1.000000,0.75,0.25
430,4,77.7999,496.1433,409.6313,61.6330,1.000000,0,1
430,5,835.4849,518.1505,44.8798,23.0466,1.000000,0.25,0.75
430,6,145.9966,516.7183,164.6682,20.3448,1.000000,0.625,0.375
431,1,855.9677,475.1968,327.1939,77.3950,1.000000,0,1
431,2,912.6529,517.1189,51.3134,20.0010,1.000000,1,0
431,3,379.7515,516.2371,106.1227,15.1420,1.000000,0.9375,0.0625
431,4,77.2918,496.0660,409.5735,61.6198,1.000000,0,1
431,5,834.9260,518.1086,44.8545,23.0428,1.000000,0.0625,0.9375
431,6,146.4996,516.6340,164.6658,20.3380,1.000000,0.9375,0.0625
432,1,856.2369,475.0071,327.2521,77.3921,1.000000,0,1
432,2,912.0392,517.0309,51.2853,19.9959,1.000000,1,0
432,3,380.3566,516.2101,106.1316,15.1440,1.000000,0.875,0.125
432,4,76.7846,495.9886,409.5154,61.6066,1.000000,0,1
432,5,834.3678,518.0667,44.8295,23.0391,1.000000,0.25,0.75
432,6,147.0018,516.5487,164.6638,20.3312,1.000000,0.8125,0.1875
433,1,856.5064,474.8187,327.3110,77.3894,1.000000,0,1
433,2,911.4268,516.9489,51.2573,19.9910,1.000000,1,0
433,3,380.9601,516.1819,106.1406,15.1460,1.000000,0.75,0.25
433,4,76.2791,495.9124,409.4561,61.5932,1.000000,0,1
433,5,833.8108,518.0255,44.8044,23.0355,1.000000,0.25,0.75
433,6,147.5031,516.4628,164.6621,20.3247,1.000000,0.8125,0.1875
434,1,856.7764,474.6287,327.3708,77.3869,1.000000,0,1
434,2,910.8143,516.8705,51.2294,19.9864,1.000000,1,0
434,3,381.5626,516.1508,106.1495,15.1480,1.000000,0.8125,0.1875
434,4,75.7751,495.8341,409.3954,61.5796,1.000000,0,1
434,5,833.2538,517.9828,44.7796,23.0318,1.000000,0,1
434,6,148.0034,516.3689,164.6609,20.3254,1.000000,0.875,0.125
435,1,857.0464,474.4394,327.4322,77.3845,1.000000,0,1
435,2,910.2028,516.7966,51.2017,19.9820,1.000000,1,0
435,3,382.1639,516.1177,106.1587,15.1500,1.000000,0.8125,0.1875
435,4,75.2728,495.7552,409.3337,61.5658,1.000000,0,1
435,5,832.6977,517.9399,44.7548,23.0281,1.000000,0.3125,0.6875
435,6,148.5027,516.2744,164.6600,20.3261,1.000000,0.6875,0.3125
436,1,857.3167,474.2526,327.4940,77.3826,1.000000,0,1
436,2,909.5924,516.7284,51.1741,19.9778,1.000000,1,0
436,3,382.7637,516.0834,106.1680,15.1520,1.000000,0.625,0.375
436,4,74.7733,495.6772,409.2706,61.5517,1.000000,0,1
436,5,832.1428,517.8976,44.7302,23.0246,1.000000,0.25,0.75
436,6,149.0005,516.1794,164.6596,20.3268,1.000000,0.8125,0.1875
437,1,857.5867,474.0659,327.5562,77.3806,1.000000,0,1
437,2,908.9820,516.6636,51.1466,19.9738,1.000000,1,0
437,3,383.3622,516.0457,106.1774,15.1541,1.000000,0.6875,0.3125
437,4,74.2757,495.5961,409.2060,61.5374,1.000000,0,1
437,5,831.5878,517.8538,44.7058,23.0210,1.000000,0,1
437,6,149.4973,516.0830,164.6596,20.3276,1.000000,0.6875,0.3125
438,1,857.8566,473.8812,327.6184,77.3788,1.000000,0,1
438,2,908.3722,516.6027,51.1191,19.9699,1.000000,1,0
438,3,383.9594,516.0062,106.1869,15.1561,1.000000,0.6875,0.3125
438,4,73.7808,495.5139,409.1396,61.5228,1.000000,0,1
438,5,831.0334,517.8097,44.6813,23.0175,1.000000,0.125,0.875
438,6,149.9932,515.9854,164.6602,20.3284,1.000000,0.75,0.25
439,1,858.1267,473.7003,327.6816,77.3773,1.000000,0,1
439,2,907.7636,516.5466,51.0917,19.9662,1.000000,1,0
439,3,384.5553,515.9656,106.1966,15.1581,1.000000,0.3125,0.6875
439,4,73.2885,495.4318,409.0718,61.5079,1.000000,0,1
439,5,830.4800,517.7665,44.6570,23.0140,1.000000,0.1875,0.8125
439,6,150.4886,515.8875,164.6610,20.3293,1.000000,0.75,0.25
440,1,858.3967,473.5206,327.7456,77.3760,1.000000,0,1
440,2,907.1551,516.4937,51.0643,19.9627,1.000000,1,0
440,3,385.1495,515.9223,106.2064,15.1602,1.000000,0.75,0.25
440,4,72.7980,495.3463,409.0024,61.4926,1.000000,0,1
440,5,829.9255,517.7224,44.6329,23.0107,1.000000,0.125,0.875
440,6,150.9828,515.7882,164.6624,20.3302,1.000000,0.8125,0.1875
441,1,858.6669,473.3438,327.8102,77.3750,1.000000,0,1
441,2,906.5471,516.4429,51.0370,19.9600,1.000000,1,0
441,3,385.7421,515.8778,106.2164,15.1623,1.000000,0.75,0.25
441,4,72.3098,495.2592,408.9317,61.4772,1.000000,0,1
441,5,829.3708,517.6785,44.6089,23.0073,1.000000,0.1875,0.8125
441,6,151.4761,515.6883,164.6641,20.3312,1.000000,0.875,0.125
442,1,858.9368,473.1719,327.8754,77.3741,1.000000,0,1
442,2,905.9402,516.3948,51.0096,19.9581,1.000000,1,0
442,3,386.3331,515.8331,106.2267,15.1644,1.000000,0.6875,0.3125
442,4,71.8245,495.1722,408.8590,61.4614,1.000000,0,1
442,5,828.8171,517.6359,44.5849,23.0040,1.000000,0.1875,0.8125
442,6,151.9684,515.5884,164.6663,20.3322,1.000000,0.75,0.25
443,1,859.2064,473.0024,327.9398,77.3733,1.000000,0,1
443,2,905.3337,516.3494,50.9822,19.9562,1.000000,1,0
443,3,386.9226,515.7861,106.2372,15.1665,1.000000,0.5625,0.4375
443,4,71.3414,495.0817,408.7847,61.4452,1.000000,0,1
443,5,828.2630,517.5931,44.5608,23.0007,1.000000,0.125,0.875
443,6,152.4601,515.4874,164.6687,20.3332,1.000000,0.8125,0.1875
444,1,859.4758,472.8367,328.0046,77.3726,1.000000,0,1
444,2,904.7278,516.3062,50.9549,19.9544,1.000000,1,0
444,3,387.5111,515.7383,106.2477,15.1686,1.000000,0.5625,0.4375
444,4,70.8610,494.9902,408.7085,61.4288,1.000000,0,1
444,5,827.7090,517.5510,44.5369,22.9975,1.000000,0,1
444,6,152.9511,515.3862,164.6715,20.3343,1.000000,0.6875,0.3125
445,1,859.7452,472.6763,328.0704,77.3723,1.000000,0,1
445,2,904.1230,516.2651,50.9275,19.9525,1.000000,1,0
445,3,388.0983,515.6907,106.2585,15.1708,1.000000,0.5625,0.4375
445,4,70.3832,494.8996,408.6312,61.4121,1.000000,0,1
445,5,827.1558,517.5102,44.5129,22.9943,1.000000,0.0625,0.9375
445,6,153.4419,515.2855,164.6745,20.3354,1.000000,0.9375,0.0625
446,1,860.0142,472.5190,328.1360,77.3721,1.000000,0,1
446,2,903.5194,516.2260,50.9002,19.9506,1.000000,1,0
446,3,388.6849,515.6411,106.2693,15.1729,1.000000,0.625,0.375
446,4,69.9070,494.8061,408.5519,61.3952,1.000000,0,1
446,5,826.6019,517.4688,44.4890,22.9911,1.000000,0,1
446,6,153.9322,515.1846,164.6776,20.3365,1.000000,0.8125,0.1875
447,1,860.2831,472.3657,328.2020,77.3721,1.000000,0,1
447,2,902.9170,516.1886,50.8728,19.9488,1.000000,1,0
447,3,389.2709,515.5908,106.2803,15.1751,1.000000,0.375,0.625
447,4,69.4334,494.7119,408.4710,61.3778,1.000000,0,1
447,5,826.0480,517.4274,44.4650,22.9878,1.000000,0,1
447,6,154.4226,515.0842,164.6809,20.3377,1.000000,0.875,0.125
448,1,860.5518,472.2180,328.2686,77.3724,1.000000,0,1
448,2,902.3157,516.1531,50.8454,19.9469,1.000000,1,0
448,3,389.8561,515.5410,106.2915,15.1773,1.000000,0.4375,0.5625
448,4,68.9638,494.6193,408.3881,61.3602,1.000000,0,1
448,5,825.4948,517.3868,44.4411,22.9846,1.000000,0.0625,0.9375
448,6,154.9131,514.9854,164.6842,20.3388,1.000000,0.8125,0.1875
449,1,860.8200,472.0735,328.3350,77.3728,1.000000,0,1
449,2,901.7150,516.1190,50.8181,19.9450,1.000000,1,0
449,3,390.4414,515.4897,106.3025,15.1795,1.000000,0.5,0.5
449,4,68.4971,494.5244,408.3035,61.3424,1.000000,0,1
449,5,824.9408,517.3453,44.4169,22.9813,1.000000,0,1
449,6,155.4037,514.8867,164.6876,20.3400,1.000000,0.875,0.125
450,1,861.0878,471.9331,328.4017,77.3733,1.000000,0,1
450,2,901.1150,516.0859,50.7907,19.9431,1.000000,1,0
450,3,391.0264,515.4385,106.3137,15.1817,1.000000,0.625,0.375
450,4,68.0327,494.4293,408.2180,61.3243,1.000000,0,1
450,5,824.3867,517.3035,44.3929,22.9780,1.000000,0,1
450,6,155.8949,514.7891,164.6910,20.3412,1.000000,0.8125,0.1875
451,1,861.3553,471.7976,328.4688,77.3742,1.000000,0,1
451,2,900.5158,516.0543,50.7634,19.9412,1.000000,1,0
451,3,391.6104,515.3884,106.3250,15.1838,1.000000,0.6875,0.3125
451,4,67.5701,494.3359,408.1322,61.3063,1.000000,0,1
451,5,823.8329,517.2620,44.3687,22.9746,1.000000,0,1
451,6,156.3863,514.6937,164.6946,20.3424,1.000000,0.75,0.25
452,1,861.6224,471.6654,328.5364,77.3752,1.000000,0,1
452,2,899.9175,516.0242,50.7362,19.9394,1.000000,1,0
452,3,392.1943,515.3371,106.3362,15.1861,1.000000,0.5625,0.4375
452,4,67.1100,494.2401,408.0445,61.2878,1.000000,0,1
452,5,823.2785,517.2190,44.3444,22.9712,1.000000,0,1
452,6,156.8788,514.5997,164.6979,20.3436,1.000000,0.9375,0.0625
453,1,861.8893,471.5369,328.6042,77.3765,1.000000,0,1
453,2,899.3198,515.9951,50.7091,19.9375,1.000000,1,0
453,3,392.7780,515.2860,106.3474,15.1883,1.000000,0.8125,0.1875
453,4,66.6525,494.1441,407.9554,61.2692,1.000000,0,1
453,5,822.7241,517.1755,44.3201,22.9677,1.000000,0,1
453,6,157.3722,514.5076,164.7013,20.3449,1.000000,0.8125,0.1875
454,1,862.1557,471.4130,328.6730,77.3782,1.000000,0,1
454,2,898.7231,515.9677,50.6818,19.9357,1.000000,1,0
454,3,393.3611,515.2360,106.3588,15.1904,1.000000,0.5625,0.4375
454,4,66.1974,494.0505,407.8656,61.2504,1.000000,0,1
454,5,822.1701,517.1325,44.2958,22.9643,1.000000,0,1
454,6,157.8669,514.4182,164.7045,20.3461,1.000000,1,0
455,1,862.4219,471.2917,328.7424,77.3800,1.000000,0,1
455,2,898.1274,515.9410,50.6548,19.9339,1.000000,1,0
455,3,393.9443,515.1848,106.3700,15.1926,1.000000,0.5,0.5
455,4,65.7436,493.9552,407.7743,61.2315,1.000000,0,1
455,5,821.6150,517.0875,44.2714,22.9607,1.000000,0,1
455,6,158.3621,514.3303,164.7077,20.3474,1.000000,0.875,0.125
456,1,862.6880,471.1733,328.8123,77.3820,1.000000,0,1
456,2,897.5325,515.9152,50.6277,19.9322,1.000000,1,0
456,3,394.5276,515.1338,106.3812,15.1948,1.000000,0.3125,0.6875
456,4,65.2909,493.8610,407.6824,61.2124,1.000000,0,1
456,5,821.0597,517.0419,44.2470,22.9571,1.000000,0,1
456,6,158.8583,514.2441,164.7108,20.3486,1.000000,0.75,0.25
457,1,862.9540,471.0586,328.8827,77.3843,1.000000,0,1
457,2,896.9381,515.8907,50.6007,19.9305,1.000000,1,0
457,3,395.1111,515.0840,106.3921,15.1971,1.000000,0.625,0.375
457,4,64.8396,493.7708,407.5901,61.1934,1.000000,0,1
457,5,820.5052,516.9969,44.2224,22.9534,1.000000,0,1
457,6,159.3558,514.1601,164.7137,20.3498,1.000000,0.6875,0.3125
458,1,863.2200,470.9461,328.9545,77.3870,1.000000,0,1
458,2,896.3446,515.8674,50.5739,19.9287,1.000000,1,0
458,3,395.6953,515.0326,106.4030,15.1992,1.000000,0.6875,0.3125
458,4,64.3892,493.6813,407.4966,61.1742,1.000000,0,1
458,5,819.9503,516.9501,44.1979,22.9497,1.000000,0,1
458,6,159.8542,514.0771,164.7164,20.3511,1.000000,0.6875,0.3125
459,1,863.4862,470.8365,329.0269,77.3899,1.000000,0,1
459,2,895.7519,515.8451,50.5470,19.9270,1.000000,1,0
459,3,396.2803,514.9809,106.4135,15.2012,1.000000,0.5625,0.4375
459,4,63.9400,493.5947,407.4022,61.1550,1.000000,0,1
459,5,819.3958,516.9026,44.1733,22.9459,1.000000,0,1
459,6,160.3532,513.9951,164.7189,20.3523,1.000000,0.8125,0.1875
460,1,863.7524,470.7305,329.1001,77.3930,1.000000,0,1
460,2,895.1594,515.8234,50.5204,19.9253,1.000000,1,0
460,3,396.8658,514.9300,106.4240,15.2034,1.000000,0.4375,0.5625
460,4,63.4924,493.5134,407.3073,61.1357,1.000000,0,1
460,5,818.8424,516.8555,44.1487,22.9421,1.000000,0,1
460,6,160.8528,513.9148,164.7215,20.3536,1.000000,0.9375,0.0625
461,1,864.0188,470.6263,329.1740,77.3965,1.000000,0,1
461,2,894.5665,515.8027,50.4937,19.9237,1.000000,1,0
461,3,397.4538,514.8761,106.4342,15.2054,1.000000,0.6875,0.3125
461,4,63.0458,493.4351,407.2110,61.1164,1.000000,0,1
461,5,818.2889,516.8060,44.1242,22.9382,1.000000,0,1
461,6,161.3532,513.8345,164.7238,20.3548,1.000000,0.75,0.25
462,1,864.2853,470.5247,329.2491,77.4002,1.000000,0,1
462,2,893.9731,515.7831,50.4669,19.9220,1.000000,1,0
462,3,398.0438,514.8212,106.4442,15.2074,1.000000,0.625,0.375
462,4,62.5999,493.3611,407.1143,61.0971,1.000000,0,1
462,5,817.7360,516.7555,44.0995,22.9343,1.000000,0,1
462,6,161.8543,513.7545,164.7260,20.3560,1.000000,0.8125,0.1875
463,1,864.5525,470.4261,329.3254,77.4043,1.000000,0,1
463,2,893.3790,515.7646,50.4403,19.9204,1.000000,1,0
463,3,398.6346,514.7679,106.4542,15.2095,1.000000,0.5,0.5
463,4,62.1545,493.2930,407.0173,61.0778,1.000000,0,1
463,5,817.1841,516.7053,44.0750,22.9304,1.000000,0,1
463,6,162.3558,513.6750,164.7281,20.3572,1.000000,0.6875,0.3125
464,1,864.8196,470.3289,329.4023,77.4086,1.000000,0,1
464,2,892.7845,515.7476,50.4136,19.9187,1.000000,1,0
464,3,399.2267,514.7143,106.4640,15.2114,1.000000,0.375,0.625
464,4,61.7095,493.2292,406.9198,61.0585,1.000000,0,1
464,5,816.6320,516.6522,44.0503,22.9263,1.000000,0,1
464,6,162.8573,513.5950,164.7301,20.3584,1.000000,0.875,0.125
465,1,865.0867,470.2340,329.4795,77.4130,1.000000,0,1
465,2,892.1897,515.7316,50.3867,19.9171,1.000000,1,0
465,3,399.8198,514.6613,106.4735,15.2134,1.000000,0.4375,0.5625
465,4,61.2654,493.1700,406.8216,61.0393,1.000000,0,1
465,5,816.0804,516.5981,44.0258,22.9222,1.000000,0,1
465,6,163.3586,513.5150,164.7323,20.3595,1.000000,0.5625,0.4375
466,1,865.3538,470.1422,329.5575,77.4177,1.000000,0,1
466,2,891.5945,515.7158,50.3599,19.9155,1.000000,1,0
466,3,400.4135,514.6094,106.4831,15.2153,1.000000,0.625,0.375
466,4,60.8231,493.1165,406.7227,61.0201,1.000000,0,1
466,5,815.5303,516.5445,44.0011,22.9181,1.000000,0,1
466,6,163.8594,513.4353,164.7344,20.3608,1.000000,0.8125,0.1875
467,1,865.6208,470.0514,329.6356,77.4224,1.000000,0,1
467,2,890.9990,515.7012,50.3331,19.9139,1.000000,1,0
467,3,401.0089,514.5566,106.4923,15.2172,1.000000,0.5625,0.4375
467,4,60.3805,493.0663,406.6245,61.0011,1.000000,0,1
467,5,814.9799,516.4879,43.9767,22.9139,1.000000,0,1
467,6,164.3599,513.3545,164.7367,20.3620,1.000000,0.6875,0.3125
468,1,865.8881,469.9624,329.7140,77.4273,1.000000,0,1
468,2,890.4033,515.6875,50.3062,19.9122,1.000000,1,0
468,3,401.6055,514.5038,106.5012,15.2191,1.000000,0.0625,0.9375
468,4,59.9385,493.0188,406.5260,60.9820,1.000000,0,1
468,5,814.4301,516.4295,43.9524,22.9107,1.000000,0,1
468,6,164.8600,513.2734,164.7388,20.3631,1.000000,0.9375,0.0625
469,1,866.1554,469.8762,329.7930,77.4323,1.000000,0,1
469,2,889.8072,515.6737,50.2792,19.9106,1.000000,1,0
469,3,402.2029,514.4514,106.5100,15.2210,1.000000,0.3125,0.6875
469,4,59.4980,492.9734,406.4265,60.9630,1.000000,0,1
469,5,813.8818,516.3710,43.9280,22.9083,1.000000,0,1
469,6,165.3596,513.1931,164.7411,20.3643,1.000000,0.8125,0.1875
470,1,866.4227,469.7906,329.8718,77.4374,1.000000,0,1
470,2,889.2105,515.6599,50.2521,19.9089,1.000000,1,0
470,3,402.8020,514.3973,106.5186,15.2228,1.000000,0.5,0.5
470,4,59.0562,492.9274,406.3275,60.9439,1.000000,0,1
470,5,813.3334,516.3100,43.9038,22.9058,1.000000,0,1
470,6,165.8581,513.1124,164.7437,20.3656,1.000000,0.9375,0.0625
471,1,866.6901,469.7058,329.9511,77.4426,1.000000,0,1
471,2,888.6133,515.6461,50.2252,19.9072,1.000000,1,0
471,3,403.4022,514.3420,106.5269,15.2246,1.000000,0.4375,0.5625
471,4,58.6136,492.8814,406.2288,60.9249,1.000000,0,1
471,5,812.7863,516.2485,43.8795,22.9033,1.000000,0,1
471,6,166.3558,513.0323,164.7462,20.3668,1.000000,0.875,0.125
472,1,866.9579,469.6224,330.0311,77.4479,1.000000,0,1
472,2,888.0161,515.6324,50.1981,19.9055,1.000000,1,0
472,3,404.0035,514.2864,106.5351,15.2263,1.000000,0.25,0.75
472,4,58.1693,492.8354,406.1314,60.9062,1.000000,0,1
472,5,812.2402,516.1870,43.8555,22.9009,1.000000,0,1
472,6,166.8524,512.9543,164.7492,20.3681,1.000000,0.9375,0.0625
473,1,867.2253,469.5399,330.1112,77.4533,1.000000,0,1
473,2,887.4182,515.6180,50.1708,19.9038,1.000000,1,0
473,3,404.6065,514.2279,106.5431,15.2280,1.000000,0.3125,0.6875
473,4,57.7239,492.7866,406.0344,60.8873,1.000000,0,1
473,5,811.6947,516.1232,43.8315,22.8984,1.000000,0,1
473,6,167.3475,512.8768,164.7524,20.3695,1.000000,0.625,0.375
474,1,867.4930,469.4584,330.1912,77.4587,1.000000,0,1
474,2,886.8200,515.6030,50.1436,19.9020,1.000000,1,0
474,3,405.2106,514.1676,106.5508,15.2296,1.000000,0.3125,0.6875
474,4,57.2775,492.7353,405.9381,60.8687,1.000000,0,1
474,5,811.1496,516.0578,43.8077,22.8960,1.000000,0,1
474,6,167.8413,512.8005,164.7560,20.3709,1.000000,0.875,0.125
475,1,867.7612,469.3777,330.2715,77.4643,1.000000,0,1
475,2,886.2218,515.5874,50.1164,19.9003,1.000000,1,0
475,3,405.8155,514.1061,106.5584,15.2313,1.000000,0.25,0.75
475,4,56.8303,492.6819,405.8429,60.8501,1.000000,0,1
475,5,810.6049,515.9918,43.7840,22.8937,1.000000,0,1
475,6,168.3338,512.7271,164.7599,20.3723,1.000000,0.75,0.25
476,1,868.0297,469.2971,330.3524,77.4698,1.000000,0,1
476,2,885.6232,515.5711,50.0892,19.8985,1.000000,1,0
476,3,406.4212,514.0413,106.5658,15.2329,1.000000,0.375,0.625
476,4,56.3810,492.6248,405.7491,60.8316,1.000000,0,1
476,5,810.0602,515.9230,43.7603,22.8913,1.000000,0,1
476,6,168.8249,512.6552,164.7642,20.3738,1.000000,0.875,0.125
477,1,868.2987,469.2166,330.4336,77.4755,1.000000,0,1
477,2,885.0245,515.5540,50.0621,19.8968,1.000000,1,0
477,3,407.0273,513.9740,106.5731,15.2345,1.000000,0.1875,0.8125
477,4,55.9289,492.5643,405.6580,60.8135,1.000000,0,1
477,5,809.5155,515.8529,43.7368,22.8890,1.000000,0,1
477,6,169.3150,512.5851,164.7688,20.3754,1.000000,0.75,0.25
478,1,868.5678,469.1360,330.5151,77.4812,1.000000,0,1
478,2,884.4261,515.5363,50.0349,19.8950,1.000000,1,0
478,3,407.6335,513.9054,106.5803,15.2360,1.000000,0.25,0.75
478,4,55.4743,492.5002,405.5691,60.7958,1.000000,0,1
478,5,808.9712,515.7827,43.7132,22.8867,1.000000,0,1
478,6,169.8043,512.5178,164.7737,20.3770,1.000000,0.875,0.125
479,1,868.8370,469.0545,330.5963,77.4868,1.000000,0,1
479,2,883.8275,515.5179,50.0076,19.8932,1.000000,1,0
479,3,408.2405,513.8325,106.5874,15.2374,1.000000,0.375,0.625
479,4,55.0170,492.4309,405.4825,60.7782,1.000000,0,1
479,5,808.4265,515.7102,43.6898,22.8844,1.000000,0,1
479,6,170.2928,512.4526,164.7789,20.3787,1.000000,0.9375,0.0625
480,1,869.1068,468.9726,330.6776,77.4925,1.000000,0,1
480,2,883.2287,515.4988,49.9804,19.8914,1.000000,1,0
480,3,408.8481,513.7570,106.5941,15.2389,1.000000,0.3125,0.6875
480,4,54.5566,492.3573,405.3990,60.7611,1.000000,0,1
480,5,807.8820,515.6371,43.6664,22.8822,1.000000,0,1
480,6,170.7803,512.3899,164.7846,20.3804,1.000000,0.9375,0.0625
481,1,869.3773,468.8914,330.7595,77.4982,1.000000,0,1
481,2,882.6297,515.4791,49.9531,19.8896,1.000000,1,0
481,3,409.4557,513.6801,106.6009,15.2403,1.000000,0.25,0.75
481,4,54.0934,492.2798,405.3185,60.7444,1.000000,0,1
481,5,807.3373,515.5647,43.6431,22.8800,1.000000,0,1
481,6,171.2671,512.3304,164.7906,20.3822,1.000000,0.8125,0.1875
482,1,869.6481,468.8091,330.8419,77.5040,1.000000,0,1
482,2,882.0309,515.4586,49.9259,19.8878,1.000000,1,0
482,3,410.0638,513.5996,106.6076,15.2417,1.000000,0.0625,0.9375
482,4,53.6271,492.1964,405.2411,60.7280,1.000000,0,1
482,5,806.7929,515.4908,43.6198,22.8778,1.000000,0,1
482,6,171.7538,512.2733,164.7969,20.3841,1.000000,0.75,0.25
483,1,869.9193,468.7267,330.9247,77.5099,1.000000,0,1
483,2,881.4322,515.4379,49.8986,19.8860,1.000000,1,0
483,3,410.6722,513.5170,106.6142,15.2431,1.000000,0.25,0.75
483,4,53.1574,492.1082,405.1673,60.7122,1.000000,0,1
483,5,806.2485,515.4166,43.5968,22.8757,1.000000,0,1
483,6,172.2402,512.2188,164.8034,20.3860,1.000000,0.8125,0.1875
484,1,870.1912,468.6441,331.0085,77.5160,1.000000,0,1
484,2,880.8333,515.4175,49.8715,19.8842,1.000000,1,0
484,3,411.2807,513.4338,106.6207,15.2444,1.000000,0.1875,0.8125
484,4,52.6835,492.0162,405.0975,60.6969,1.000000,0,1
484,5,805.7043,515.3440,43.5737,22.8737,1.000000,0,1
484,6,172.7259,512.1669,164.8105,20.3881,1.000000,0.8125,0.1875
485,1,870.4635,468.5596,331.0927,77.5220,1.000000,0,1
485,2,880.2344,515.3959,49.8441,19.8823,1.000000,1,0
485,3,411.8898,513.3474,106.6272,15.2458,1.000000,0.125,0.875
485,4,52.2051,491.9186,405.0316,60.6821,1.000000,0,1
485,5,805.1602,515.2712,43.5508,22.8716,1.000000,0,1
485,6,173.2104,512.1174,164.8180,20.3901,1.000000,0.75,0.25
486,1,870.7364,468.4741,331.1778,77.5283,1.000000,0,1
486,2,879.6353,515.3735,49.8167,19.8805,1.000000,1,0
486,3,412.4992,513.2595,106.6336,15.2471,1.000000,0.125,0.875
486,4,51.7205,491.8172,404.9703,60.6680,1.000000,0,1
486,5,804.6164,515.1992,43.5279,22.8696,1.000000,0,1
486,6,173.6942,512.0702,164.8257,20.3923,1.000000,0.8125,0.1875
487,1,871.0101,468.3882,331.2639,77.5347,1.000000,0,1
487,2,879.0359,515.3511,49.7894,19.8787,1.000000,1,0
487,3,413.1085,513.1721,106.6401,15.2485,1.000000,0.125,0.875
487,4,51.2283,491.7133,404.9144,60.6547,1.000000,0,1
487,5,804.0730,515.1289,43.5051,22.8677,1.000000,0,1
487,6,174.1775,512.0249,164.8338,20.3944,1.000000,1,0
488,1,871.2841,468.3013,331.3506,77.5413,1.000000,0,1
488,2,878.4360,515.3271,49.7620,19.8768,1.000000,1,0
488,3,413.7189,513.0825,106.6467,15.2498,1.000000,0.0625,0.9375
488,4,50.7296,491.6059,404.8635,60.6421,1.000000,0,1
488,5,803.5304,515.0588,43.4825,22.8658,1.000000,0,1
488,6,174.6602,511.9809,164.8420,20.3967,1.000000,0.75,0.25
489,1,871.5583,468.2139,331.4385,77.5481,1.000000,0,1
489,2,877.8358,515.3023,49.7344,19.8748,1.000000,1,0
489,3,414.3293,512.9926,106.6534,15.2511,1.000000,0.1875,0.8125
489,4,50.2251,491.4978,404.8167,60.6303,1.000000,0,1
489,5,802.9888,514.9901,43.4598,22.8640,1.000000,0,1
489,6,175.1417,511.9380,164.8508,20.3990,1.000000,0.875,0.125
490,1,871.8329,468.1263,331.5270,77.5550,1.000000,0,1
490,2,877.2354,515.2781,49.7069,19.8729,1.000000,1,0
490,3,414.9391,512.9044,106.6602,15.2525,1.000000,0,1
490,4,49.7144,491.3904,404.7748,60.6191,1.000000,0,1
490,5,802.4478,514.9245,43.4375,22.8622,1.000000,0,1
490,6,175.6222,511.8965,164.8600,20.4013,1.000000,0.9375,0.0625
491,1,872.1083,468.0367,331.6168,77.5621,1.000000,0,1
491,2,876.6342,515.2532,49.6794,19.8710,1.000000,0.9375,0.0625
491,3,415.5490,512.8149,106.6671,15.2539,1.000000,0.1875,0.8125
491,4,49.1979,491.2836,404.7371,60.6088,1.000000,0,1
491,5,801.9072,514.8602,43.4150,22.8604,1.000000,0,1
491,6,176.1018,511.8553,164.8695,20.4037,1.000000,0.9375,0.0625
492,1,872.3845,467.9464,331.7073,77.5693,1.000000,0,1
492,2,876.0324,515.2277,49.6519,19.8690,1.000000,1,0
492,3,416.1584,512.7255,106.6742,15.2553,1.000000,0.125,0.875
492,4,48.6743,491.1786,404.7045,60.5993,1.000000,0,1
492,5,801.3668,514.7979,43.3928,22.8588,1.000000,0,1
492,6,176.5806,511.8146,164.8793,20.4062,1.000000,0.8125,0.1875
493,1,872.6614,467.8560,331.7993,77.5768,1.000000,0,1
493,2,875.4302,515.2021,49.6242,19.8671,1.000000,0.875,0.125
493,3,416.7671,512.6369,106.6816,15.2567,1.000000,0.125,0.875
493,4,48.1417,491.0759,404.6776,60.5908,1.000000,0,1
493,5,800.8267,514.7388,43.3706,22.8572,1.000000,0,1
493,6,177.0580,511.7744,164.8896,20.4087,1.000000,0.875,0.125
494,1,872.9401,467.7648,331.8926,77.5846,1.000000,0,1
494,2,874.8279,515.1752,49.5967,19.8651,1.000000,0.875,0.125
494,3,417.3758,512.5466,106.6891,15.2582,1.000000,0.125,0.875
494,4,47.6037,490.9758,404.6545,60.5829,1.000000,0,1
494,5,800.2865,514.6820,43.3485,22.8556,1.000000,0,1
494,6,177.5340,511.7333,164.9003,20.4112,1.000000,1,0
495,1,873.2201,467.6735,331.9873,77.5926,1.000000,0,1
495,2,874.2263,515.1478,49.5692,19.8632,1.000000,0.75,0.25
495,3,417.9842,512.4559,106.6970,15.2598,1.000000,0.0625,0.9375
495,4,47.0599,490.8788,404.6351,60.5757,1.000000,0,1
495,5,799.7462,514.6279,43.3264,22.8541,1.000000,0,1
495,6,178.0087,511.6920,164.9117,20.4138,1.000000,1,0
496,1,873.5012,467.5821,332.0833,77.6007,1.000000,0,1
496,2,873.6254,515.1212,49.5419,19.8613,1.000000,0.875,0.125
496,3,418.5922,512.3657,106.7050,15.2613,1.000000,0.0625,0.9375
496,4,46.5098,490.7859,404.6196,60.5693,1.000000,0,1
496,5,799.2061,514.5776,43.3043,22.8527,1.000000,0,1
496,6,178.4819,511.6514,164.9235,20.4165,1.000000,0.875,0.125
497,1,873.7849,467.4904,332.1806,77.6092,1.000000,0,1
497,2,873.0249,515.0936,49.5147,19.8595,1.000000,0.8125,0.1875
497,3,419.2003,512.2736,106.7132,15.2628,1.000000,0.125,0.875
497,4,45.9537,490.6987,404.6084,60.5636,1.000000,0,1
497,5,798.6661,514.5306,43.2822,22.8512,1.000000,0,1
497,6,178.9529,511.6099,164.9361,20.4193,1.000000,0.875,0.125
498,1,874.0703,467.3996,332.2797,77.6180,1.000000,0,1
498,2,872.4252,515.0660,49.4876,19.8576,1.000000,0.8125,0.1875
498,3,419.8080,512.1806,106.7217,15.2644,1.000000,0,1
498,4,45.3923,490.6171,404.6002,60.5586,1.000000,0,1
498,5,798.1263,514.4869,43.2602,22.8498,1.000000,0,1
498,6,179.4218,511.5679,164.9493,20.4222,1.000000,0.875,0.125
499,1,874.3572,467.3110,332.3803,77.6272,1.000000,0,1
499,2,871.8265,515.0395,49.4607,19.8559,1.000000,0.75,0.25
499,3,420.4153,512.0870,106.7306,15.2661,1.000000,0,1
499,4,44.8246,490.5428,404.5959,60.5544,1.000000,0,1
499,5,797.5863,514.4464,43.2382,22.8485,1.000000,0,1
499,6,179.8892,511.5264,164.9629,20.4251,1.000000,0.9375,0.0625
500,1,874.6465,467.2233,332.4823,77.6366,1.000000,0,1
500,2,871.2283,515.0120,49.4339,19.8542,1.000000,0.5625,0.4375
500,3,421.0222,511.9922,106.7397,15.2678,1.000000,0,1
500,4,44.2541,490.4776,404.5933,60.5507,1.000000,0,1
500,5,797.0465,514.4094,43.2161,22.8471,1.000000,0,1
500,6,180.3540,511.4847,164.9774,20.4281,1.000000,0.875,0.125
501,1,874.9373,467.1376,332.5858,77.6464,1.000000,0,1
501,2,870.6306,514.9847,49.4073,19.8526,1.000000,0.625,0.375
501,3,421.6281,511.8969,106.7492,15.2695,1.000000,0,1
501,4,43.6802,490.4213,404.5919,60.5475,1.000000,0,1
501,5,796.5070,514.3757,43.1939,22.8458,1.000000,0,1
501,6,180.8162,511.4431,164.9927,20.4312,1.000000,1,0
502,1,875.2296,467.0557,332.6905,77.6565,1.000000,0,1
502,2,870.0339,514.9596,49.3809,19.8510,1.000000,0.75,0.25
502,3,422.2324,511.8018,106.7589,15.2712,1.000000,0.0625,0.9375
502,4,43.1015,490.3748,404.5937,60.5448,1.000000,0,1
502,5,795.9673,514.3463,43.1718,22.8444,1.000000,0,1
502,6,181.2756,511.4020,165.0088,20.4344,1.000000,0.9375,0.0625
503,1,875.5242,466.9758,332.7968,77.6669,1.000000,0,1
503,2,869.4382,514.9351,49.3546,19.8494,1.000000,0.75,0.25
503,3,422.8355,511.7046,106.7689,15.2730,1.000000,0,1
503,4,42.5211,490.3391,404.5955,60.5426,1.000000,0,1
503,5,795.4281,514.3199,43.1497,22.8432,1.000000,0,1
503,6,181.7330,511.3593,165.0255,20.4376,1.000000,1,0
504,1,875.8204,466.8994,332.9041,77.6776,1.000000,0,1
504,2,868.8434,514.9122,49.3284,19.8480,1.000000,0.75,0.25
504,3,423.4374,511.6062,106.7792,15.2749,1.000000,0,1
504,4,41.9381,490.3126,404.5982,60.5405,1.000000,0,1
504,5,794.8890,514.2965,43.1274,22.8418,1.000000,0,1
504,6,182.1881,511.3160,165.0430,20.4410,1.000000,0.9375,0.0625
505,1,876.1177,466.8282,333.0127,77.6887,1.000000,0,1
505,2,868.2494,514.8920,49.3023,19.8465,1.000000,0.625,0.375
505,3,424.0382,511.5078,106.7898,15.2767,1.000000,0,1
505,4,41.3526,490.2932,404.6009,60.5387,1.000000,0,1
505,5,794.3501,514.2760,43.1052,22.8404,1.000000,0,1
505,6,182.6407,511.2736,165.0611,20.4444,1.000000,1,0
506,1,876.4167,466.7606,333.1224,77.7000,1.000000,0,1
506,2,867.6561,514.8734,49.2763,19.8451,1.000000,0.625,0.375
506,3,424.6388,511.4075,106.8005,15.2786,1.000000,0,1
506,4,40.7665,490.2790,404.6024,60.5369,1.000000,0,1
506,5,793.8115,514.2588,43.0829,22.8391,1.000000,0,1
506,6,183.0911,511.2306,165.0800,20.4480,1.000000,0.8125,0.1875
507,1,876.7169,466.6969,333.2329,77.7117,1.000000,0,1
507,2,867.0636,514.8571,49.2504,19.8437,1.000000,0.625,0.375
507,3,425.2386,511.3069,106.8116,15.2805,1.000000,0,1
507,4,40.1806,490.2686,404.6027,60.5348,1.000000,0,1
507,5,793.2730,514.2448,43.0604,22.8377,1.000000,0,1
507,6,183.5396,511.1880,165.0994,20.4516,1.000000,0.9375,0.0625
508,1,877.0178,466.6381,333.3446,77.7237,1.000000,0,1
508,2,866.4714,514.8430,49.2244,19.8423,1.000000,0.375,0.625
508,3,425.8376,511.2073,106.8229,15.2825,1.000000,0,1
508,4,39.5952,490.2614,404.6016,60.5327,1.000000,0,1
508,5,792.7343,514.2338,43.0378,22.8363,1.000000,0,1
508,6,183.9852,511.1469,165.1197,20.4553,1.000000,1,0
509,1,877.3200,466.5842,333.4576,77.7362,1.000000,0,1
509,2,865.8795,514.8311,49.1986,19.8409,1.000000,0.6875,0.3125
509,3,426.4365,511.1069,106.8347,15.2845,1.000000,0,1
509,4,39.0113,490.2556,404.5987,60.5302,1.000000,0,1
509,5,792.1954,514.2260,43.0154,22.8349,1.000000,0,1
509,6,184.4281,511.1056,165.1410,20.4591,1.000000,1,0
510,1,877.6228,466.5349,333.5715,77.7489,1.000000,0,1
510,2,865.2880,514.8214,49.1724,19.8396,1.000000,0.5,0.5
510,3,427.0348,511.0068,106.8466,15.2865,1.000000,0,1
510,4,38.4282,490.2505,404.5940,60.5275,1.000000,0,1
510,5,791.6566,514.2213,42.9927,22.8335,1.000000,0,1
510,6,184.8686,511.0652,165.1628,20.4630,1.000000,1,0
511,1,877.9258,466.4911,333.6865,77.7620,1.000000,0,1
511,2,864.6964,514.8142,49.1465,19.8383,1.000000,0.4375,0.5625
511,3,427.6317,510.9084,106.8590,15.2887,1.000000,0,1
511,4,37.8466,490.2453,404.5877,60.5246,1.000000,0,1
511,5,791.1176,514.2196,42.9699,22.8320,1.000000,0,1
511,6,185.3061,511.0266,165.1855,20.4670,1.000000,1,0
512,1,878.2297,466.4523,333.8026,77.7755,1.000000,0,1
512,2,864.1058,514.8096,49.1205,19.8369,1.000000,0.5625,0.4375
512,3,428.2284,510.8108,106.8716,15.2908,1.000000,0,1
512,4,37.2673,490.2385,404.5793,60.5212,1.000000,0,1
512,5,790.5786,514.2210,42.9469,22.8305,1.000000,0,1
512,6,185.7412,510.9893,165.2088,20.4712,1.000000,1,0
513,1,878.5338,466.4180,333.9197,77.7894,1.000000,0,1
513,2,863.5156,514.8074,49.0946,19.8355,1.000000,0.625,0.375
513,3,428.8241,510.7150,106.8849,15.2931,1.000000,0,1
513,4,36.6893,490.2298,404.5692,60.5175,1.000000,0,1
513,5,790.0396,514.2255,42.9238,22.8289,1.000000,0,1
513,6,186.1740,510.9544,165.2328,20.4754,1.000000,1,0
514,1,878.8379,466.3888,334.0376,77.8036,1.000000,0,1
514,2,862.9260,514.8068,49.0687,19.8343,1.000000,0.4375,0.5625
514,3,429.4182,510.6229,106.8986,15.2954,1.000000,0,1
514,4,36.1129,490.2183,404.5573,60.5135,1.000000,0,1
514,5,789.5006,514.2332,42.9006,22.8274,1.000000,0,1
514,6,186.6036,510.9232,165.2578,20.4798,1.000000,1,0
515,1,879.1429,466.3644,334.1571,77.8183,1.000000,0,1
515,2,862.3373,514.8094,49.0429,19.8330,1.000000,0.625,0.375
515,3,430.0103,510.5340,106.9130,15.2979,1.000000,0,1
515,4,35.5380,490.2030,404.5439,60.5091,1.000000,0,1
515,5,788.9617,514.2440,42.8773,22.8257,1.000000,0,1
515,6,187.0307,510.8947,165.2832,20.4842,1.000000,1,0
516,1,879.4485,466.3443,334.2778,77.8334,1.000000,0,1
516,2,861.7493,514.8142,49.0172,19.8318,1.000000,0.5625,0.4375
516,3,430.6008,510.4484,106.9278,15.3005,1.000000,0,1
516,4,34.9648,490.1843,404.5289,60.5044,1.000000,0,1
516,5,788.4229,514.2574,42.8539,22.8241,1.000000,0,1
516,6,187.4556,510.8699,165.3093,20.4887,1.000000,1,0
517,1,879.7543,466.3289,334.4002,77.8490,1.000000,0,1
517,2,861.1622,514.8209,48.9916,19.8306,1.000000,0.3125,0.6875
517,3,431.1901,510.3662,106.9431,15.3031,1.000000,0,1
517,4,34.3931,490.1620,404.5124,60.4993,1.000000,0,1
517,5,787.8838,514.2736,42.8303,22.8223,1.000000,0,1
517,6,187.8779,510.8489,165.3360,20.4934,1.000000,0.9375,0.0625
518,1,880.0609,466.3176,334.5234,77.8648,1.000000,0,1
518,2,860.5765,514.8309,48.9663,19.8296,1.000000,0.375,0.625
518,3,431.7788,510.2858,106.9590,15.3058,1.000000,0,1
518,4,33.8225,490.1353,404.4946,60.4940,1.000000,0,1
518,5,787.3448,514.2927,42.8066,22.8206,1.000000,0,1
518,6,188.2980,510.8300,165.3635,20.4982,1.000000,1,0
519,1,880.3680,466.3101,334.6478,77.8810,1.000000,0,1
519,2,859.9918,514.8439,48.9409,19.8285,1.000000,0.3125,0.6875
519,3,432.3666,510.2083,106.9753,15.3086,1.000000,0,1
519,4,33.2529,490.1048,404.4759,60.4884,1.000000,0,1
519,5,786.8057,514.3144,42.7829,22.8188,1.000000,0,1
519,6,188.7163,510.8145,165.3915,20.5030,1.000000,1,0
520,1,880.6754,466.3071,334.7736,77.8977,1.000000,0,1
520,2,859.4077,514.8600,48.9157,19.8276,1.000000,0.4375,0.5625
520,3,432.9532,510.1345,106.9921,15.3116,1.000000,0,1
520,4,32.6839,490.0711,404.4567,60.4827,1.000000,0,1
520,5,786.2660,514.3384,42.7590,22.8169,1.000000,0,1
520,6,189.1320,510.8040,165.4202,20.5080,1.000000,1,0
521,1,880.9825,466.3097,334.9000,77.9147,1.000000,0,1
521,2,858.8250,514.8796,48.8906,19.8266,1.000000,0.4375,0.5625
521,3,433.5391,510.0637,107.0095,15.3145,1.000000,0,1
521,4,32.1143,490.0338,404.4375,60.4768,1.000000,0,1
521,5,785.7260,514.3651,42.7348,22.8150,1.000000,0,1
521,6,189.5454,510.7972,165.4497,20.5131,1.000000,1,0
522,1,881.2891,466.3170,335.0273,77.9320,1.000000,0,1
522,2,858.2430,514.9025,48.8657,19.8258,1.000000,0.125,0.875
522,3,434.1244,509.9960,107.0273,15.3177,1.000000,0,1
522,4,31.5449,489.9941,404.4181,60.4709,1.000000,0,1
522,5,785.1856,514.3938,42.7106,22.8130,1.000000,0,1
522,6,189.9572,510.7942,165.4798,20.5183,1.000000,1,0
523,1,881.5947,466.3290,335.1543,77.9495,1.000000,0,1
523,2,857.6617,514.9286,48.8409,19.8249,1.000000,0.375,0.625
523,3,434.7088,509.9321,107.0456,15.3208,1.000000,0,1
523,4,30.9762,489.9528,404.3982,60.4649,1.000000,0,1
523,5,784.6451,514.4243,42.6862,22.8109,1.000000,0,1
523,6,190.3672,510.7961,165.5104,20.5236,1.000000,1,0
524,1,881.8994,466.3469,335.2811,77.9671,1.000000,0,1
524,2,857.0817,514.9593,48.8162,19.8242,1.000000,0.4375,0.5625
524,3,435.2928,509.8713,107.0641,15.3240,1.000000,0,1
524,4,30.4064,489.9080,404.3791,60.4589,1.000000,0,1
524,5,784.1049,514.4573,42.6616,22.8089,1.000000,0,1
524,6,190.7752,510.8030,165.5417,20.5290,1.000000,0.875,0.125
525,1,882.2027,466.3698,335.4073,77.9848,1.000000,0,1
525,2,856.5021,514.9933,48.7916,19.8235,1.000000,0.3125,0.6875
525,3,435.8765,509.8141,107.0830,15.3273,1.000000,0,1
525,4,29.8373,489.8617,404.3599,60.4529,1.000000,0,1
525,5,783.5647,514.4921,42.6370,22.8067,1.000000,0,1
525,6,191.1815,510.8149,165.5734,20.5346,1.000000,1,0
526,1,882.5048,466.3976,335.5328,78.0024,1.000000,0,1
526,2,855.9224,515.0302,48.7669,19.8228,1.000000,0.125,0.875
526,3,436.4595,509.7612,107.1022,15.3308,1.000000,0,1
526,4,29.2685,489.8159,404.3409,60.4469,1.000000,0,1
526,5,783.0245,514.5280,42.6122,22.8046,1.000000,0,1
526,6,191.5871,510.8319,165.6053,20.5402,1.000000,1,0
527,1,882.8058,466.4305,335.6575,78.0202,1.000000,0,1
527,2,855.3436,515.0720,48.7421,19.8221,1.000000,0.375,0.625
527,3,437.0421,509.7124,107.1216,15.3342,1.000000,0,1
527,4,28.6983,489.7687,404.3230,60.4410,1.000000,0,1
527,5,782.4849,514.5660,42.5874,22.8023,1.000000,0,1
527,6,191.9910,510.8531,165.6379,20.5459,1.000000,1,0
528,1,883.1058,466.4684,335.7811,78.0378,1.000000,0,1
528,2,854.7650,515.1182,48.7175,19.8215,1.000000,0.1875,0.8125
528,3,437.6241,509.6680,107.1414,15.3377,1.000000,0,1
528,4,28.1270,489.7219,404.3057,60.4353,1.000000,0,1
528,5,781.9458,514.6053,42.5625,22.8001,1.000000,0,1
528,6,192.3944,510.8785,165.6708,20.5516,1.000000,1,0
529,1,883.4047,466.5117,335.9034,78.0554,1.000000,0,1
529,2,854.1860,515.1681,48.6927,19.8209,1.000000,0.25,0.75
529,3,438.2056,509.6283,107.1613,15.3412,1.000000,0,1
529,4,27.5546,489.6774,404.2897,60.4298,1.000000,0,1
529,5,781.4070,514.6453,42.5375,22.7977,1.000000,0,1
529,6,192.7973,510.9083,165.7038,20.5574,1.000000,0.9375,0.0625
530,1,883.7015,466.5607,336.0228,78.0725,1.000000,0,1
530,2,853.6079,515.2230,48.6680,19.8202,1.000000,0.1875,0.8125
530,3,438.7874,509.5926,107.1813,15.3448,1.000000,0,1
530,4,26.9807,489.6334,404.2743,60.4244,1.000000,0,1
530,5,780.8688,514.6870,42.5123,22.7954,1.000000,0,1
530,6,193.2001,510.9426,165.7370,20.5634,1.000000,1,0
531,1,883.9966,466.6148,336.1393,78.0892,1.000000,0,1
531,2,853.0297,515.2818,48.6429,19.8195,1.000000,0.125,0.875
531,3,439.3697,509.5605,107.2014,15.3485,1.000000,0,1
531,4,26.4051,489.5916,404.2599,60.4193,1.000000,0,1
531,5,780.3312,514.7302,42.4871,22.7929,1.000000,0,1
531,6,193.6033,510.9813,165.7700,20.5692,1.000000,1,0
532,1,884.2905,466.6736,336.2530,78.1054,1.000000,0,1
532,2,852.4508,515.3441,48.6179,19.8189,1.000000,0.0625,0.9375
532,3,439.9530,509.5328,107.2212,15.3521,1.000000,0,1
532,4,25.8279,489.5537,404.2471,60.4144,1.000000,0,1
532,5,779.7939,514.7747,42.4619,22.7905,1.000000,0,1
532,6,194.0072,511.0245,165.8029,20.5752,1.000000,1,0
533,1,884.5828,466.7369,336.3635,78.1210,1.000000,0,1
533,2,851.8719,515.4113,48.5927,19.8181,1.000000,0.25,0.75
533,3,440.5368,509.5104,107.2413,15.3558,1.000000,0,1
533,4,25.2493,489.5176,404.2344,60.4098,1.000000,0,1
533,5,779.2571,514.8212,42.4366,22.7880,1.000000,0,1
533,6,194.4120,511.0728,165.8358,20.5811,1.000000,1,0
534,1,884.8738,466.8042,336.4712,78.1362,1.000000,0,1
534,2,851.2927,515.4823,48.5672,19.8174,1.000000,0.0625,0.9375
534,3,441.1216,509.4928,107.2610,15.3595,1.000000,0,1
534,4,24.6692,489.4844,404.2227,60.4052,1.000000,0,1
534,5,778.7206,514.8693,42.4113,22.7855,1.000000,0,1
534,6,194.8175,511.1250,165.8686,20.5871,1.000000,1,0
535,1,885.1637,466.8748,336.5765,78.1509,1.000000,0,1
535,2,850.7126,515.5564,48.5416,19.8166,1.000000,0,1
535,3,441.7075,509.4799,107.2809,15.3631,1.000000,0,1
535,4,24.0869,489.4557,404.2123,60.4011,1.000000,0,1
535,5,778.1843,514.9181,42.3859,22.7831,1.000000,0,1
535,6,195.2241,511.1810,165.9011,20.5931,1.000000,0.9375,0.0625
536,1,885.4529,466.9489,336.6789,78.1652,1.000000,0,1
536,2,850.1322,515.6346,48.5159,19.8158,1.000000,0,1
536,3,442.2943,509.4717,107.3005,15.3669,1.000000,0,1
536,4,23.5029,489.4299,404.2025,60.3970,1.000000,0,1
536,5,777.6483,514.9695,42.3606,22.7806,1.000000,0,1
536,6,195.6323,511.2415,165.9332,20.5990,1.000000,1,0
537,1,885.7417,467.0253,336.7791,78.1789,1.000000,0,1
537,2,849.5514,515.7161,48.4898,19.8149,1.000000,0.125,0.875
537,3,442.8820,509.4679,107.3200,15.3706,1.000000,0,1
537,4,22.9178,489.4076,404.1929,60.3931,1.000000,0,1
537,5,777.1124,515.0229,42.3353,22.7782,1.000000,0,1
537,6,196.0423,511.3055,165.9649,20.6050,1.000000,1,0
538,1,886.0300,467.1032,336.8767,78.1922,1.000000,0,1
538,2,848.9694,515.8002,48.4636,19.8139,1.000000,0,1
538,3,443.4713,509.4684,107.3393,15.3743,1.000000,0,1
538,4,22.3320,489.3892,404.1842,60.3894,1.000000,0,1
538,5,776.5764,515.0775,42.3100,22.7757,1.000000,0,1
538,6,196.4534,511.3725,165.9965,20.6110,1.000000,1,0
539,1,886.3179,467.1840,336.9727,78.2052,1.000000,0,1
539,2,848.3869,515.8881,48.4371,19.8129,1.000000,0,1
539,3,444.0615,509.4733,107.3584,15.3780,1.000000,0,1
539,4,21.7432,489.3744,404.1769,60.3860,1.000000,0,1
539,5,776.0401,515.1344,42.2848,22.7734,1.000000,0,1
539,6,196.8663,511.4437,166.0276,20.6169,1.000000,1,0
540,1,886.6055,467.2665,337.0664,78.2177,1.000000,0,1
540,2,847.8038,515.9788,48.4103,19.8118,1.000000,0,1
540,3,444.6529,509.4815,107.3773,15.3818,1.000000,0,1
540,4,21.1529,489.3636,404.1702,60.3828,1.000000,0,1
540,5,775.5038,515.1930,42.2595,22.7710,1.000000,0,1
540,6,197.2810,511.5177,166.0583,20.6228,1.000000,1,0
541,1,886.8920,467.3503,337.1578,78.2298,1.000000,0,1
541,2,847.2201,516.0712,48.3833,19.8106,1.000000,0,1
541,3,445.2454,509.4929,107.3959,15.3855,1.000000,0,1
541,4,20.5615,489.3568,404.1645,60.3799,1.000000,0,1
541,5,774.9676,515.2527,42.2343,22.7686,1.000000,0,1
541,6,197.6973,511.5934,166.0886,20.6287,1.000000,1,0
542,1,887.1779,467.4356,337.2473,78.2415,1.000000,0,1
542,2,846.6354,516.1664,48.3560,19.8093,1.000000,0,1
542,3,445.8381,509.5087,107.4142,15.3891,1.000000,0,1
542,4,19.9689,489.3524,404.1593,60.3771,1.000000,0,1
542,5,774.4316,515.3146,42.2091,22.7663,1.000000,0,1
542,6,198.1151,511.6725,166.1184,20.6345,1.000000,1,0
543,1,887.4631,467.5217,337.3353,78.2528,1.000000,0,1
543,2,846.0501,516.2635,48.3284,19.8079,1.000000,0,1
543,3,446.4312,509.5277,107.4324,15.3928,1.000000,0,1
543,4,19.3753,489.3504,404.1547,60.3745,1.000000,0,1
543,5,773.8959,515.3780,42.1841,22.7641,1.000000,0,1
543,6,198.5345,511.7538,166.1479,20.6404,1.000000,1,0
544,1,887.7479,467.6076,337.4214,78.2638,1.000000,0,1
544,2,845.4644,516.3618,48.3005,19.8065,1.000000,0,1
544,3,447.0256,509.5493,107.4503,15.3964,1.000000,0,1
544,4,18.7806,489.3503,404.1511,60.3720,1.000000,0,1
544,5,773.3606,515.4424,42.1593,22.7619,1.000000,0,1
544,6,198.9559,511.8363,166.1768,20.6462,1.000000,1,0
545,1,888.0321,467.6944,337.5060,78.2744,1.000000,0,1
545,2,844.8774,516.4620,48.2725,19.8049,1.000000,0,1
545,3,447.6208,509.5736,107.4680,15.4000,1.000000,0,1
545,4,18.1848,489.3517,404.1486,60.3698,1.000000,0,1
545,5,772.8256,515.5090,42.1345,22.7598,1.000000,0,1
545,6,199.3791,511.9216,166.2053,20.6518,1.000000,1,0
546,1,888.3157,467.7808,337.5893,78.2848,1.000000,0,1
546,2,844.2901,516.5608,48.2440,19.8062,1.000000,0,1
546,3,448.2170,509.6003,107.4855,15.4037,1.000000,0,1
546,4,17.5876,489.3540,404.1472,60.3678,1.000000,0,1
546,5,772.2910,515.5770,42.1098,22.7578,1.000000,0,1
546,6,199.8040,512.0082,166.2333,20.6576,1.000000,1,0
547,1,888.5992,467.8662,337.6708,78.2947,1.000000,0,1
547,2,843.7024,516.6603,48.2152,19.8075,1.000000,0,1
547,3,448.8147,509.6279,107.5027,15.4073,1.000000,0,1
547,4,16.9887,489.3563,404.1463,60.3658,1.000000,0,1
547,5,771.7565,515.6453,42.0852,22.7559,1.000000,0,1
547,6,200.2312,512.0952,166.2608,20.6632,1.000000,1,0
548,1,888.8818,467.9521,337.7513,78.3044,1.000000,0,1
548,2,843.1135,516.7615,48.1862,19.8086,1.000000,0,1
548,3,449.4126,509.6592,107.5197,15.4108,1.000000,0,1
548,4,16.3871,489.3583,404.1465,60.3641,1.000000,0,1
548,5,771.2222,515.7153,42.0607,22.7539,1.000000,0,1
548,6,200.6603,512.1853,166.2879,20.6688,1.000000,1,0
549,1,889.1637,468.0376,337.8301,78.3138,1.000000,0,1
549,2,842.5244,516.8632,48.1568,19.8098,1.000000,0,1
549,3,450.0110,509.6933,107.5365,15.4144,1.000000,0,1
549,4,15.7831,489.3595,404.1479,60.3624,1.000000,0,1
549,5,770.6882,515.7864,42.0365,22.7521,1.000000,0,1
549,6,201.0914,512.2770,166.3144,20.6744,1.000000,1,0
550,1,889.4445,468.1218,337.9078,78.3229,1.000000,0,1
550,2,841.9354,516.9644,48.1274,19.8108,1.000000,0,1
550,3,450.6107,509.7288,107.5530,15.4179,1.000000,0,1
550,4,15.1767,489.3601,404.1507,60.3610,1.000000,0,1
550,5,770.1545,515.8575,42.0123,22.7504,1.000000,0,1
550,6,201.5248,512.3691,166.3404,20.6799,1.000000,1,0
551,1,889.7236,468.2062,337.9841,78.3318,1.000000,0,1
551,2,841.3458,517.0663,48.0975,19.8118,1.000000,0,1
551,3,451.2107,509.7680,107.5694,15.4215,1.000000,0,1
551,4,14.5671,489.3604,404.1548,60.3598,1.000000,0,1
551,5,769.6212,515.9307,41.9882,22.7487,1.000000,0,1
551,6,201.9603,512.4641,166.3658,20.6853,1.000000,1,0
552,1,890.0018,468.2897,338.0594,78.3404,1.000000,0,1
552,2,840.7562,517.1684,48.0676,19.8127,1.000000,0,1
552,3,451.8113,509.8101,107.5856,15.4250,1.000000,0,1
552,4,13.9545,489.3600,404.1604,60.3589,1.000000,0,1
552,5,769.0880,516.0048,41.9643,22.7471,1.000000,0,1
552,6,202.3975,512.5603,166.3909,20.6908,1.000000,1,0
553,1,890.2793,468.3712,338.1340,78.3489,1.000000,0,1
553,2,840.1672,517.2698,48.0377,19.8135,1.000000,0,1
553,3,452.4131,509.8546,107.6015,15.4285,1.000000,0,1
553,4,13.3387,489.3590,404.1677,60.3582,1.000000,0,1
553,5,768.5548,516.0789,41.9407,22.7456,1.000000,0,1
553,6,202.8365,512.6564,166.4155,20.6961,1.000000,1,0
554,1,890.5566,468.4521,338.2078,78.3571,1.000000,0,1
554,2,839.5782,517.3712,48.0073,19.8143,1.000000,0,1
554,3,453.0148,509.9028,107.6174,15.4320,1.000000,0,1
554,4,12.7198,489.3580,404.1770,60.3578,1.000000,0,1
554,5,768.0218,516.1551,41.9171,22.7442,1.000000,0,1
554,6,203.2777,512.7550,166.4396,20.7015,1.000000,1,0
555,1,890.8339,468.5313,338.2809,78.3651,1.000000,0,1
555,2,838.9893,517.4719,47.9771,19.8149,1.000000,0,1
555,3,453.6173,509.9532,107.6331,15.4355,1.000000,0,1
555,4,12.0980,489.3564,404.1877,60.3576,1.000000,0,1
555,5,767.4885,516.2321,41.8936,22.7427,1.000000,0,1
555,6,203.7209,512.8546,166.4632,20.7067,1.000000,1,0
556,1,891.1117,468.6081,338.3535,78.3729,1.000000,0,1
556,2,838.4009,517.5710,47.9465,19.8154,1.000000,0,1
556,3,454.2218,510.0037,107.6487,15.4390,1.000000,0,1
556,4,11.4727,489.3538,404.2002,60.3577,1.000000,0,1
556,5,766.9550,516.3095,41.8702,22.7414,1.000000,0,1
556,6,204.1661,512.9536,166.4863,20.7120,1.000000,1,0
557,1,891.3900,468.6841,338.4259,78.3807,1.000000,0,1
557,2,837.8121,517.6695,47.9160,19.8159,1.000000,0,1
557,3,454.8283,510.0563,107.6641,15.4425,1.000000,0,1
557,4,10.8443,489.3507,404.2150,60.3582,1.000000,0,1
557,5,766.4216,516.3894,41.8468,22.7402,1.000000,0,1
557,6,204.6127,513.0549,166.5090,20.7172,1.000000,1,0
558,1,891.6686,468.7589,338.4980,78.3883,1.000000,0,1
558,2,837.2235,517.7668,47.8853,19.8163,1.000000,0,1
558,3,455.4366,510.1111,107.6796,15.4460,1.000000,0,1
558,4,10.2127,489.3464,404.2317,60.3590,1.000000,0,1
558,5,765.8882,516.4705,41.8236,22.7391,1.000000,0,1
558,6,205.0603,513.1570,166.5315,20.7223,1.000000,1,0
559,1,891.9476,468.8318,338.5697,78.3957,1.000000,0,1
559,2,836.6353,517.8625,47.8545,19.8166,1.000000,0,1
559,3,456.0467,510.1680,107.6949,15.4495,1.000000,0,1
559,4,9.5776,489.3397,404.2504,60.3599,1.000000,0,1
559,5,765.3546,516.5499,41.8003,22.7402,1.000000,0,1
559,6,205.5098,513.2578,166.5533,20.7274,1.000000,1,0
560,1,892.2273,468.9045,338.6411,78.4030,1.000000,0,1
560,2,836.0469,517.9573,47.8237,19.8167,1.000000,0,1
560,3,456.6577,510.2283,107.7102,15.4530,1.000000,0,1
560,4,8.9397,489.3314,404.2711,60.3612,1.000000,0,1
560,5,764.8207,516.6312,41.7772,22.7414,1.000000,0,1
560,6,205.9607,513.3596,166.5747,20.7325,1.000000,1,0
561,1,892.5073,468.9764,338.7124,78.4103,1.000000,0,1
561,2,835.4589,518.0508,47.7928,19.8168,1.000000,0,1
561,3,457.2696,510.2905,107.7256,15.4565,1.000000,0,1
561,4,8.2989,489.3212,404.2936,60.3628,1.000000,0,1
561,5,764.2866,516.7135,41.7540,22.7425,1.000000,0,1
561,6,206.4129,513.4612,166.5959,20.7375,1.000000,1,0
562,1,892.7878,469.0472,338.7833,78.4174,1.000000,0,1
562,2,834.8713,518.1420,47.7620,19.8169,1.000000,0,1
562,3,457.8827,510.3531,107.7410,15.4600,1.000000,0,1
562,4,7.6539,489.3089,404.3185,60.3646,1.000000,0,1
562,5,763.7525,516.7957,41.7307,22.7437,1.000000,0,1
562,6,206.8664,513.5610,166.6165,20.7424,1.000000,1,0
563,1,893.0685,469.1187,338.8536,78.4244,1.000000,0,1
563,2,834.2839,518.2313,47.7309,19.8168,1.000000,0,1
563,3,458.4960,510.4180,107.7563,15.4636,1.000000,0,1
563,4,7.0059,489.2948,404.3456,60.3668,1.000000,0,1
563,5,763.2181,516.8793,41.7074,22.7449,1.000000,0,1
563,6,207.3212,513.6619,166.6369,20.7473,1.000000,1,0
564,1,893.3495,469.1899,338.9241,78.4314,1.000000,0,1
564,2,833.6960,518.3172,47.7000,19.8165,1.000000,0,1
564,3,459.1098,510.4833,107.7717,15.4672,1.000000,0,1
564,4,6.3543,489.2783,404.3750,60.3693,1.000000,0,1
564,5,762.6837,516.9632,41.6841,22.7461,1.000000,0,1
564,6,207.7767,513.7626,166.6569,20.7522,1.000000,1,0
565,1,893.6307,469.2602,338.9943,78.4384,1.000000,0,1
565,2,833.1072,518.3974,47.6690,19.8161,1.000000,0,1
565,3,459.7243,510.5471,107.7871,15.4708,1.000000,0,1
565,4,5.6984,489.2584,404.4066,60.3721,1.000000,0,1
565,5,762.1489,517.0464,41.6609,22.7473,1.000000,0,1
565,6,208.2329,513.8621,166.6767,20.7570,1.000000,1,0
566,1,893.9120,469.3315,339.0640,78.4452,1.000000,0,1
566,2,832.5182,518.4741,47.6380,19.8155,1.000000,0,1
566,3,460.3387,510.6118,107.8026,15.4744,1.000000,0,1
566,4,5.0393,489.2365,404.4399,60.3752,1.000000,0,1
566,5,761.6143,517.1302,41.6374,22.7484,1.000000,0,1
566,6,208.6900,513.9625,166.6960,20.7618,1.000000,1,0
567,1,894.1935,469.4032,339.1335,78.4519,1.000000,0,1
567,2,831.9287,518.5463,47.6071,19.8148,1.000000,0,1
567,3,460.9533,510.6755,107.8181,15.4779,1.000000,0,1
567,4,4.3766,489.2122,404.4753,60.3784,1.000000,0,1
567,5,761.0796,517.2138,41.6140,22.7495,1.000000,0,1
567,6,209.1476,514.0629,166.7152,20.7665,1.000000,1,0
568,1,894.4752,469.4746,339.2025,78.4586,1.000000,0,1
568,2,831.3384,518.6128,47.5761,19.8139,1.000000,0,1
568,3,461.5681,510.7371,107.8339,15.4815,1.000000,0,1
568,4,3.7098,489.1858,404.5132,60.3820,1.000000,0,1
568,5,760.5450,517.2957,41.5906,22.7506,1.000000,0,1
568,6,209.6051,514.1624,166.7343,20.7713,1.000000,1,0
569,1,894.7568,469.5476,339.2712,78.4652,1.000000,0,1
569,2,830.7478,518.6758,47.5454,19.8129,1.000000,0,1
569,3,462.1822,510.7990,107.8495,15.4851,1.000000,0,1
569,4,3.0409,489.1589,404.5524,60.3859,1.000000,0,1
569,5,760.0111,517.3772,41.5673,22.7516,1.000000,0,1
569,6,210.0634,514.2634,166.7529,20.7760,1.000000,1,0
570,1,895.0386,469.6210,339.3400,78.4719,1.000000,0,1
570,2,830.1569,518.7350,47.5147,19.8118,1.000000,0,1
570,3,462.7958,510.8604,107.8654,15.4888,1.000000,0,1
570,4,2.3695,489.1314,404.5934,60.3901,1.000000,0,1
570,5,759.4781,517.4578,41.5437,22.7525,1.000000,0,1
570,6,210.5221,514.3647,166.7713,20.7806,1.000000,1,0
571,1,895.3207,469.6939,339.4086,78.4785,1.000000,0,1
571,2,829.5653,518.7900,47.4840,19.8106,1.000000,0,1
571,3,463.4090,510.9209,107.8814,15.4924,1.000000,0,1
571,4,1.6947,489.1028,404.6364,60.3945,1.000000,0,1
571,5,758.9462,517.5363,41.5203,22.7534,1.000000,0,1
571,6,210.9813,514.4656,166.7896,20.7853,1.000000,1,0
572,1,895.6031,469.7684,339.4775,78.4851,1.000000,0,1
572,2,828.9737,518.8425,47.4538,19.8093,1.000000,0,1
572,3,464.0208,510.9814,107.8976,15.4960,1.000000,0,1
572,4,1.0181,489.0750,404.6812,60.3992,1.000000,0,1
572,5,758.4149,517.6133,41.4968,22.7541,1.000000,0,1
572,6,211.4412,514.5680,166.8078,20.7900,1.000000,1,0
573,1,895.8857,469.8436,339.5466,78.4919,1.000000,0,1
573,2,828.3819,518.8922,47.4235,19.8080,1.000000,0,1
573,3,464.6317,511.0414,107.9140,15.4997,1.000000,0,1
573,4,0.3394,489.0479,404.7273,60.4041,1.000000,0,1
573,5,757.8842,517.6885,41.4732,22.7548,1.000000,0,1
573,6,211.9019,514.6711,166.8257,20.7946,1.000000,1,0
574,1,896.1687,469.9188,339.6157,78.4986,1.000000,0,1
574,2,827.7894,518.9385,47.3934,19.8067,1.000000,0,1
574,3,465.2419,511.1008,107.9303,15.5034,1.000000,0,1
574,4,-0.3420,489.0209,404.7748,60.4093,1.000000,0,1
574,5,757.3541,517.7611,41.4498,22.7553,1.000000,0,1
574,6,212.3638,514.7741,166.8433,20.7992,1.000000,1,0
575,1,896.4519,469.9957,339.6853,78.5055,1.000000,0,1
575,2,827.1968,518.9827,47.3635,19.8053,1.000000,0,1
575,3,465.8504,511.1608,107.9469,15.5071,1.000000,0,1
575,4,-1.0245,488.9960,404.8232,60.4146,1.000000,0,1
575,5,756.8243,517.8313,41.4263,22.7558,1.000000,0,1
575,6,212.8259,514.8791,166.8605,20.8037,1.000000,1,0
576,1,896.7355,470.0733,339.7552,78.5125,1.000000,0,1
576,2,826.6039,519.0246,47.3336,19.8039,1.000000,0,1
576,3,466.4576,511.2213,107.9636,15.5108,1.000000,0,1
576,4,-1.7082,488.9730,404.8720,60.4202,1.000000,0,1
576,5,756.2951,517.8991,41.4029,22.7563,1.000000,0,1
576,6,213.2887,514.9844,166.8775,20.8083,1.000000,1,0
577,1,897.0193,470.1507,339.8254,78.5195,1.000000,0,1
577,2,826.0103,519.0637,47.3039,19.8025,1.000000,0,1
577,3,467.0639,511.2825,107.9804,15.5146,1.000000,0,1
577,4,-2.3938,488.9520,404.9215,60.4259,1.000000,0,1
577,5,755.7662,517.9643,41.3794,22.7565,1.000000,0,1
577,6,213.7531,515.0887,166.8939,20.8127,1.000000,1,0
578,1,897.3035,470.2299,339.8962,78.5266,1.000000,0,1
578,2,825.4164,519.1010,47.2743,19.8010,1.000000,0,1
578,3,467.6685,511.3452,107.9974,15.5184,1.000000,0,1
578,4,-3.0788,488.9338,404.9705,60.4315,1.000000,0,1
578,5,755.2378,518.0269,41.3559,22.7566,1.000000,0,1
578,6,214.2183,515.1941,166.9099,20.8171,1.000000,1,0
579,1,897.5880,470.3099,339.9674,78.5339,1.000000,0,1
579,2,824.8219,519.1362,47.2448,19.7995,1.000000,0,1
579,3,468.2716,511.4096,108.0146,15.5222,1.000000,0,1
579,4,-3.7634,488.9182,405.0192,60.4371,1.000000,0,1
579,5,754.7098,518.0870,41.3324,22.7567,1.000000,0,1
579,6,214.6844,515.2990,166.9257,20.8216,1.000000,1,0
580,1,897.8730,470.3898,340.0391,78.5413,1.000000,0,1
580,2,824.2261,519.1691,47.2153,19.7979,1.000000,0,1
580,3,468.8741,511.4756,108.0319,15.5260,1.000000,0,1
580,4,-4.4484,488.9058,405.0673,60.4427,1.000000,0,1
580,5,754.1824,518.1444,41.3089,22.7566,1.000000,0,1
580,6,215.1524,515.4018,166.9408,20.8258,1.000000,1,0
581,1,898.1584,470.4715,340.1113,78.5489,1.000000,0,1
581,2,823.6281,519.1999,47.1857,19.7963,1.000000,0,1
581,3,469.4749,511.5440,108.0495,15.5299,1.000000,0,1
581,4,-5.1325,488.8974,405.1148,60.4483,1.000000,0,1
581,5,753.6552,518.1989,41.2854,22.7564,1.000000,0,1
581,6,215.6211,515.5039,166.9556,20.8300,1.000000,1,0
582,1,898.4442,470.5542,340.1847,78.5567,1.000000,0,1
582,2,823.0286,519.2286,47.1559,19.7945,1.000000,0,1
582,3,470.0748,511.6147,108.0671,15.5339,1.000000,0,1
582,4,-5.8157,488.8923,405.1617,60.4539,1.000000,0,1
582,5,753.1284,518.2508,41.2618,22.7560,1.000000,0,1
582,6,216.0910,515.6042,166.9699,20.8342,1.000000,1,0
583,1,898.7307,470.6370,340.2590,78.5646,1.000000,0,1
583,2,822.4280,519.2549,47.1262,19.7926,1.000000,0,1
583,3,470.6741,511.6875,108.0851,15.5378,1.000000,0,1
583,4,-6.4977,488.8902,405.2068,60.4593,1.000000,0,1
583,5,752.6022,518.3000,41.2382,22.7556,1.000000,0,1
583,6,216.5630,515.7015,166.9835,20.8383,1.000000,1,0
584,1,899.0174,470.7212,340.3344,78.5729,1.000000,0,1
584,2,821.8267,519.2794,47.0964,19.7907,1.000000,0,1
584,3,471.2719,511.7634,108.1035,15.5419,1.000000,0,1
584,4,-7.1786,488.8920,405.2509,60.4646,1.000000,0,1
584,5,752.0765,518.3463,41.2148,22.7551,1.000000,0,1
584,6,217.0361,515.7974,166.9967,20.8423,1.000000,1,0
585,1,899.3044,470.8062,340.4105,78.5815,1.000000,0,1
585,2,821.2247,519.3015,47.0667,19.7887,1.000000,0,1
585,3,471.8690,511.8418,108.1219,15.5460,1.000000,0,1
585,4,-7.8582,488.8973,405.2935,60.4697,1.000000,0,1
585,5,751.5516,518.3901,41.1912,22.7544,1.000000,0,1
585,6,217.5106,515.8907,167.0092,20.8462,1.000000,1,0
586,1,899.5919,470.8914,340.4877,78.5901,1.000000,0,1
586,2,820.6224,519.3209,47.0369,19.7866,1.000000,0,1
586,3,472.4661,511.9224,108.1406,15.5501,1.000000,0,1
586,4,-8.5359,488.9055,405.3343,60.4746,1.000000,0,1
586,5,751.0279,518.4315,41.1676,22.7536,1.000000,0,1
586,6,217.9869,515.9805,167.0212,20.8500,1.000000,1,0
587,1,899.8794,470.9784,340.5653,78.5990,1.000000,0,1
587,2,820.0195,519.3375,47.0072,19.7844,1.000000,0,1
587,3,473.0623,512.0059,108.1596,15.5543,1.000000,0,1
587,4,-9.2104,488.9161,405.3737,60.4793,1.000000,0,1
587,5,750.5051,518.4698,41.1440,22.7526,1.000000,0,1
587,6,218.4647,516.0681,167.0327,20.8536,1.000000,1,0
588,1,900.1672,471.0664,340.6439,78.6080,1.000000,0,1
588,2,819.4164,519.3513,46.9775,19.7821,1.000000,0,1
588,3,473.6580,512.0919,108.1787,15.5586,1.000000,0,1
588,4,-9.8822,488.9288,405.4115,60.4838,1.000000,0,1
588,5,749.9829,518.5057,41.1204,22.7515,1.000000,0,1
588,6,218.9446,516.1530,167.0434,20.8573,1.000000,1,0
589,1,900.4553,471.1544,340.7232,78.6173,1.000000,0,1
589,2,818.8135,519.3621,46.9479,19.7797,1.000000,0,1
589,3,474.2532,512.1803,108.1982,15.5629,1.000000,0,1
589,4,-10.5512,488.9431,405.4478,60.4881,1.000000,0,1
589,5,749.4614,518.5393,41.0966,22.7503,1.000000,0,1
589,6,219.4261,516.2341,167.0535,20.8608,1.000000,1,0
590,1,900.7433,471.2440,340.8032,78.6267,1.000000,0,1
590,2,818.2104,519.3701,46.9183,19.7773,1.000000,0,1
590,3,474.8472,512.2717,108.2180,15.5672,1.000000,0,1
590,4,-11.2158,488.9595,405.4814,60.4921,1.000000,0,1
590,5,748.9402,518.5700,41.0729,22.7489,1.000000,0,1
590,6,219.9089,516.3129,167.0632,20.8642,1.000000,1,0
591,1,901.0316,471.3345,340.8837,78.6363,1.000000,0,1
591,2,817.6075,519.3751,46.8890,19.7747,1.000000,0,1
591,3,475.4405,512.3657,108.2379,15.5716,1.000000,0,1
591,4,-11.8782,488.9767,405.5139,60.4959,1.000000,0,1
591,5,748.4195,518.5986,41.0490,22.7474,1.000000,0,1
591,6,220.3936,516.3886,167.0724,20.8675,1.000000,1,0
592,1,901.3201,471.4254,340.9650,78.6461,1.000000,0,1
592,2,817.0049,519.3772,46.8597,19.7721,1.000000,0,1
592,3,476.0338,512.4613,108.2580,15.5760,1.000000,0,1
592,4,-12.5389,488.9938,405.5453,60.4994,1.000000,0,1
592,5,747.8989,518.6246,41.0251,22.7458,1.000000,0,1
592,6,220.8807,516.4609,167.0808,20.8708,1.000000,0.9375,0.0625
593,1,901.6085,471.5178,341.0471,78.6561,1.000000,0,1
593,2,816.4021,519.3762,46.8304,19.7695,1.000000,0,1
593,3,476.6261,512.5592,108.2784,15.5805,1.000000,0,1
593,4,-13.1956,489.0106,405.5739,60.5025,1.000000,0,1
593,5,747.3778,518.6467,41.0011,22.7440,1.000000,0,1
593,6,221.3690,516.5256,167.0889,20.8792,1.000000,0.8125,0.1875
594,1,901.8970,471.6111,341.1301,78.6664,1.000000,0,1
594,2,815.7996,519.3724,46.8015,19.7668,1.000000,0,1
594,3,477.2180,512.6594,108.2989,15.5851,1.000000,0,1
594,4,-13.8490,489.0278,405.6004,60.5053,1.000000,0,1
594,5,746.8560,518.6652,40.9770,22.7420,1.000000,0,1
594,6,221.8589,516.5869,167.0966,20.8877,1.000000,1,0
595,1,902.1856,471.7047,341.2133,78.6767,1.000000,0,1
595,2,815.1980,519.3663,46.7725,19.7640,1.000000,0,1
595,3,477.8098,512.7618,108.3196,15.5896,1.000000,0,1
595,4,-14.4994,489.0453,405.6246,60.5077,1.000000,0,1
595,5,746.3333,518.6806,40.9528,22.7399,1.000000,0,1
595,6,222.3508,516.6446,167.1036,20.8958,1.000000,0.875,0.125
596,1,902.4738,471.7999,341.2971,78.6871,1.000000,0,1
596,2,814.5969,519.3577,46.7438,19.7612,1.000000,0,1
596,3,478.4012,512.8671,108.3403,15.5942,1.000000,0,1
596,4,-15.1457,489.0643,405.6462,60.5098,1.000000,0,1
596,5,745.8101,518.6934,40.9287,22.7376,1.000000,0,1
596,6,222.8441,516.7001,167.1103,20.9036,1.000000,0.9375,0.0625
597,1,902.7617,471.8961,341.3815,78.6977,1.000000,0,1
597,2,813.9968,519.3471,46.7153,19.7584,1.000000,0,1
597,3,478.9926,512.9750,108.3611,15.5988,1.000000,0,1
597,4,-15.7885,489.0848,405.6658,60.5115,1.000000,0,1
597,5,745.2866,518.7044,40.9044,22.7353,1.000000,0,1
597,6,223.3394,516.7527,167.1164,20.9112,1.000000,0.875,0.125
598,1,903.0496,471.9925,341.4660,78.7085,1.000000,0,1
598,2,813.3979,519.3347,46.6870,19.7556,1.000000,0,1
598,3,479.5846,513.0851,108.3820,15.6035,1.000000,0,1
598,4,-16.4268,489.1071,405.6826,60.5129,1.000000,0,1
598,5,744.7627,518.7141,40.8801,22.7329,1.000000,0,1
598,6,223.8373,516.8015,167.1217,20.9182,1.000000,1,0
599,1,903.3373,472.0901,341.5511,78.7193,1.000000,0,1
599,2,812.7997,519.3197,46.6586,19.7528,1.000000,0,1
599,3,480.1770,513.1986,108.4028,15.6081,1.000000,0,1
599,4,-17.0599,489.1328,405.6967,60.5139,1.000000,0,1
599,5,744.2384,518.7230,40.8558,22.7304,1.000000,0,1
599,6,224.3368,516.8474,167.1266,20.9249,1.000000,0.9375,0.0625
600,1,903.6251,472.1882,341.6367,78.7303,1.000000,0,1
600,2,812.2024,519.3030,46.6307,19.7499,1.000000,0,1
600,3,480.7703,513.3148,108.4237,15.6128,1.000000,0,1
600,4,-17.6879,489.1615,405.7078,60.5144,1.000000,0,1
600,5,743.7135,518.7317,40.8317,22.7281,1.000000,0,1
600,6,224.8380,516.8900,167.1310,20.9312,1.000000,0.9375,0.0625
601,1,903.9129,472.2864,341.7225,78.7414,1.000000,0,1
601,2,811.6064,519.2853,46.6028,19.7469,1.000000,0,1
601,3,481.3648,513.4335,108.4445,15.6175,1.000000,0,1
601,4,-18.3126,489.1934,405.7169,60.5147,1.000000,0,1
601,5,743.1882,518.7408,40.8074,22.7258,1.000000,0,1
601,6,225.3408,516.9276,167.1348,20.9370,1.000000,1,0
602,1,904.2003,472.3859,341.8087,78.7526,1.000000,0,1
602,2,811.0114,519.2664,46.5750,19.7441,1.000000,0,1
602,3,481.9600,513.5570,108.4653,15.6222,1.000000,0,1
602,4,-18.9317,489.2305,405.7229,60.5147,1.000000,0,1
602,5,742.6621,518.7505,40.7834,22.7235,1.000000,0,1
602,6,225.8458,516.9609,167.1380,20.9423,1.000000,1,0
603,1,904.4878,472.4858,341.8951,78.7638,1.000000,0,1
603,2,810.4175,519.2469,46.5473,19.7412,1.000000,0,1
603,3,482.5562,513.6847,108.4858,15.6269,1.000000,0,1
603,4,-19.5440,489.2713,405.7254,60.5142,1.000000,0,1
603,5,742.1356,518.7613,40.7593,22.7214,1.000000,0,1
603,6,226.3530,516.9899,167.1405,20.9471,1.000000,0.9375,0.0625
604,1,904.7751,472.5857,341.9819,78.7751,1.000000,0,1
604,2,809.8250,519.2275,46.5197,19.7383,1.000000,0,1
604,3,483.1534,513.8156,108.5065,15.6317,1.000000,0,1
604,4,-20.1507,489.3157,405.7247,60.5132,1.000000,0,1
604,5,741.6085,518.7734,40.7353,22.7193,1.000000,0,1
604,6,226.8624,517.0139,167.1423,20.9513,1.000000,0.875,0.125
605,1,905.0621,472.6867,342.0687,78.7865,1.000000,0,1
605,2,809.2334,519.2078,46.4923,19.7355,1.000000,0,1
605,3,483.7515,513.9523,108.5269,15.6363,1.000000,0,1
605,4,-20.7527,489.3654,405.7216,60.5120,1.000000,0,1
605,5,741.0808,518.7871,40.7115,22.7174,1.000000,0,1
605,6,227.3730,517.0326,167.1438,20.9549,1.000000,0.9375,0.0625
606,1,905.3491,472.7883,342.1563,78.7980,1.000000,0,1
606,2,808.6432,519.1886,46.4649,19.7327,1.000000,0,1
606,3,484.3509,514.0930,108.5472,15.6411,1.000000,0,1
606,4,-21.3503,489.4200,405.7160,60.5105,1.000000,0,1
606,5,740.5525,518.8023,40.6877,22.7155,1.000000,0,1
606,6,227.8851,517.0464,167.1449,20.9581,1.000000,0.9375,0.0625
607,1,905.6362,472.8897,342.2440,78.8097,1.000000,0,1
607,2,808.0549,519.1706,46.4376,19.7299,1.000000,0,1
607,3,484.9522,514.2363,108.5673,15.6459,1.000000,0,1
607,4,-21.9418,489.4801,405.7073,60.5085,1.000000,0,1
607,5,740.0238,518.8190,40.6639,22.7137,1.000000,0,1
607,6,228.3983,517.0557,167.1454,20.9607,1.000000,0.875,0.125
608,1,905.9231,472.9921,342.3319,78.8214,1.000000,0,1
608,2,807.4681,519.1533,46.4106,19.7272,1.000000,0,1
608,3,485.5551,514.3848,108.5872,15.6506,1.000000,0,1
608,4,-22.5261,489.5455,405.6948,60.5062,1.000000,0,1
608,5,739.4946,518.8380,40.6403,22.7121,1.000000,0,1
608,6,228.9119,517.0601,167.1459,20.9627,1.000000,0.6875,0.3125
609,1,906.2098,473.0947,342.4200,78.8331,1.000000,0,1
609,2,806.8830,519.1373,46.3837,19.7247,1.000000,0,1
609,3,486.1596,514.5365,108.6069,15.6554,1.000000,0,1
609,4,-23.1051,489.6148,405.6799,60.5035,1.000000,0,1
609,5,738.9649,518.8589,40.6167,22.7106,1.000000,0,1
609,6,229.4262,517.0597,167.1459,20.9643,1.000000,0.9375,0.0625
610,1,906.4967,473.1968,342.5077,78.8447,1.000000,0,1
610,2,806.2995,519.1230,46.3569,19.7222,1.000000,0,1
610,3,486.7665,514.6895,108.6263,15.6600,1.000000,0,1
610,4,-23.6787,489.6869,405.6620,60.5005,1.000000,0,1
610,5,738.4350,518.8816,40.5932,22.7092,1.000000,0,1
610,6,229.9408,517.0546,167.1460,20.9656,1.000000,0.8125,0.1875
611,1,906.7834,473.3001,342.5952,78.8564,1.000000,0,1
611,2,805.7178,519.1105,46.3304,19.7198,1.000000,0,1
611,3,487.3755,514.8463,108.6455,15.6648,1.000000,0,1
611,4,-24.2442,489.7639,405.6408,60.4970,1.000000,0,1
611,5,737.9052,518.9071,40.5696,22.7080,1.000000,0,1
611,6,230.4556,517.0450,167.1458,20.9662,1.000000,0.6875,0.3125
612,1,907.0701,473.4036,342.6827,78.8680,1.000000,0,1
612,2,805.1378,519.1000,46.3038,19.7175,1.000000,0,1
612,3,487.9867,515.0049,108.6643,15.6694,1.000000,0,1
612,4,-24.8042,489.8440,405.6172,60.4931,1.000000,0,1
612,5,737.3751,518.9350,40.5463,22.7068,1.000000,0,1
612,6,230.9703,517.0316,167.1456,20.9665,1.000000,0.875,0.125
613,1,907.3569,473.5063,342.7701,78.8795,1.000000,0,1
613,2,804.5593,519.0920,46.2775,19.7154,1.000000,0,1
613,3,488.5999,515.1633,108.6830,15.6740,1.000000,0,1
613,4,-25.3600,489.9255,405.5912,60.4890,1.000000,0,1
613,5,736.8447,518.9650,40.5229,22.7057,1.000000,0,1
613,6,231.4849,517.0146,167.1453,20.9664,1.000000,1,0
614,1,907.6439,473.6098,342.8573,78.8911,1.000000,0,1
614,2,803.9823,519.0867,46.2514,19.7134,1.000000,0,1
614,3,489.2140,515.3251,108.7013,15.6786,1.000000,0,1
614,4,-25.9095,490.0103,405.5624,60.4844,1.000000,0,1
614,5,736.3140,518.9988,40.4996,22.7049,1.000000,0,1
614,6,231.9984,516.9935,167.1451,20.9660,1.000000,0.5625,0.4375
615,1,907.9310,473.7130,342.9444,78.9025,1.000000,0,1
615,2,803.4067,519.0840,46.2252,19.7115,1.000000,0,1
615,3,489.8294,515.4880,108.7192,15.6832,1.000000,0,1
615,4,-26.4532,490.0972,405.5308,60.4795,1.000000,0,1
615,5,735.7828,519.0355,40.4763,22.7041,1.000000,0,1
615,6,232.5111,516.9691,167.1453,20.9653,1.000000,0.8125,0.1875
616,1,908.2183,473.8155,343.0306,78.9138,1.000000,0,1
616,2,802.8320,519.0841,46.1992,19.7097,1.000000,0,1
616,3,490.4464,515.6491,108.7368,15.6877,1.000000,0,1
616,4,-26.9904,490.1859,405.4957,60.4741,1.000000,0,1
616,5,735.2511,519.0744,40.4528,22.7033,1.000000,0,1
616,6,233.0232,516.9418,167.1455,20.9642,1.000000,0.75,0.25
617,1,908.5054,473.9185,343.1165,78.9250,1.000000,0,1
617,2,802.2589,519.0880,46.1732,19.7080,1.000000,0,1
617,3,491.0650,515.8102,108.7540,15.6922,1.000000,0,1
617,4,-27.5236,490.2785,405.4594,60.4685,1.000000,0,1
617,5,734.7192,519.1180,40.4294,22.7028,1.000000,0,1
617,6,233.5338,516.9116,167.1461,20.9630,1.000000,0.8125,0.1875
618,1,908.7927,474.0209,343.2018,78.9361,1.000000,0,1
618,2,801.6863,519.0951,46.1472,19.7065,1.000000,0,1
618,3,491.6852,515.9697,108.7708,15.6966,1.000000,0,1
618,4,-28.0525,490.3737,405.4213,60.4627,1.000000,0,1
618,5,734.1869,519.1650,40.4059,22.7024,1.000000,0,1
618,6,234.0430,516.8792,167.1472,20.9616,1.000000,0.625,0.375
619,1,909.0802,474.1221,343.2867,78.9470,1.000000,0,1
619,2,801.1142,519.1052,46.1212,19.7051,1.000000,0,1
619,3,492.3070,516.1260,108.7874,15.7009,1.000000,0,1
619,4,-28.5765,490.4697,405.3809,60.4566,1.000000,0,1
619,5,733.6541,519.2144,40.3823,22.7020,1.000000,0,1
619,6,234.5506,516.8452,167.1487,20.9601,1.000000,0.8125,0.1875
620,1,909.3676,474.2233,343.3709,78.9577,1.000000,0,1
620,2,800.5428,519.1198,46.0951,19.7038,1.000000,0,1
620,3,492.9306,516.2817,108.8034,15.7051,1.000000,0,1
620,4,-29.0949,490.5699,405.3385,60.4503,1.000000,0,1
620,5,733.1214,519.2692,40.3589,22.7018,1.000000,0,1
620,6,235.0566,516.8094,167.1507,20.9585,1.000000,0.75,0.25
621,1,909.6549,474.3235,343.4545,78.9683,1.000000,0,1
621,2,799.9719,519.1377,46.0691,19.7026,1.000000,0,1
621,3,493.5556,516.4358,108.8190,15.7093,1.000000,0,1
621,4,-29.6087,490.6727,405.2944,60.4437,1.000000,0,1
621,5,732.5885,519.3275,40.3354,22.7018,1.000000,0,1
621,6,235.5610,516.7725,167.1531,20.9568,1.000000,0.8125,0.1875
622,1,909.9424,474.4220,343.5374,78.9786,1.000000,0,1
622,2,799.4014,519.1586,46.0430,19.7015,1.000000,0,1
622,3,494.1815,516.5808,108.8345,15.7194,1.000000,0,1
622,4,-30.1178,490.7771,405.2479,60.4368,1.000000,0,1
622,5,732.0548,519.3879,40.3118,22.7018,1.000000,0,1
622,6,236.0633,516.7350,167.1561,20.9551,1.000000,0.6875,0.3125
623,1,910.2299,474.5197,343.6198,78.9889,1.000000,0,1
623,2,798.8319,519.1845,46.0168,19.7006,1.000000,0,1
623,3,494.8087,516.7234,108.8496,15.7310,1.000000,0,1
623,4,-30.6225,490.8868,405.2005,60.4299,1.000000,0,1
623,5,731.5109,519.4527,40.2980,22.7019,1.000000,0,1
623,6,236.5636,516.6967,167.1596,20.9535,1.000000,0.875,0.125
624,1,910.5172,474.6158,343.7013,78.9988,1.000000,0,1
624,2,798.2628,519.2139,45.9906,19.6997,1.000000,0,1
624,3,495.4369,516.8645,108.8644,15.7424,1.000000,0,1
624,4,-31.1217,490.9999,405.1508,60.4227,1.000000,0,1
624,5,730.9657,519.5199,40.2846,22.7021,1.000000,0,1
624,6,237.0621,516.6587,167.1638,20.9519,1.000000,0.8125,0.1875
625,1,910.8045,474.7093,343.7819,79.0085,1.000000,0,1
625,2,797.6936,519.2457,45.9643,19.6989,1.000000,0,1
625,3,496.0660,517.0025,108.8791,15.7537,1.000000,0,1
625,4,-31.6160,491.1150,405.0986,60.4152,1.000000,0,1
625,5,730.4197,519.5887,40.2709,22.7022,1.000000,0,1
625,6,237.5589,516.6216,167.1683,20.9505,1.000000,0.8125,0.1875
626,1,911.0918,474.8017,343.8618,79.0181,1.000000,0,1
626,2,797.1252,519.2823,45.9379,19.6982,1.000000,0,1
626,3,496.6962,517.1400,108.8934,15.7649,1.000000,0,1
626,4,-32.1074,491.2360,405.0464,60.4078,1.000000,0,1
626,5,729.8745,519.6624,40.2574,22.7026,1.000000,0,1
626,6,238.0539,516.5852,167.1735,20.9491,1.000000,0.625,0.375
627,1,911.3788,474.8920,343.9413,79.0274,1.000000,0,1
627,2,796.5571,519.3223,45.9114,19.6977,1.000000,0,1
627,3,497.3271,517.2762,108.9074,15.7759,1.000000,0,1
627,4,-32.5961,491.3609,404.9931,60.4003,1.000000,0,1
627,5,729.3295,519.7386,40.2438,22.7030,1.000000,0,1
627,6,238.5478,516.5497,167.1790,20.9480,1.000000,0.75,0.25
628,1,911.6658,474.9791,344.0197,79.0363,1.000000,0,1
628,2,795.9891,519.3650,45.8851,19.6972,1.000000,0,1
628,3,497.9589,517.4103,108.9211,15.7868,1.000000,0,1
628,4,-33.0821,491.4879,404.9385,60.3926,1.000000,0,1
628,5,728.7843,519.8162,40.2301,22.7034,1.000000,0,1
628,6,239.0399,516.5162,167.1852,20.9471,1.000000,0.8125,0.1875
629,1,911.9528,475.0638,344.0976,79.0452,1.000000,0,1
629,2,795.4219,519.4133,45.8586,19.6969,1.000000,0,1
629,3,498.5915,517.5444,108.9347,15.7976,1.000000,0,1
629,4,-33.5638,491.6212,404.8826,60.3849,1.000000,0,1
629,5,728.2408,519.8992,40.2163,22.7040,1.000000,0,1
629,6,239.5306,516.4850,167.1918,20.9465,1.000000,0.5,0.5
630,1,912.2397,475.1455,344.1750,79.0537,1.000000,0,1
630,2,794.8547,519.4652,45.8320,19.6968,1.000000,0,1
630,3,499.2249,517.6776,108.9478,15.8084,1.000000,0,1
630,4,-34.0428,491.7583,404.8257,60.3771,1.000000,0,1
630,5,727.6978,519.9847,40.2026,22.7046,1.000000,0,1
630,6,240.0204,516.4551,167.1990,20.9471,1.000000,0.4375,0.5625
631,1,912.5262,475.2235,344.2512,79.0620,1.000000,0,1
631,2,794.2874,519.5198,45.8057,19.6967,1.000000,0,1
631,3,499.8593,517.8082,108.9608,15.8190,1.000000,0,1
631,4,-34.5208,491.8973,404.7678,60.3692,1.000000,0,1
631,5,727.1548,520.0707,40.1888,22.7053,1.000000,0,1
631,6,240.5090,516.4264,167.2066,20.9495,1.000000,0.625,0.375
632,1,912.8127,475.2988,344.3267,79.0699,1.000000,0,1
632,2,793.7212,519.5809,45.7792,19.6970,1.000000,0,1
632,3,500.4946,517.9391,108.9735,15.8295,1.000000,0,1
632,4,-34.9969,492.0422,404.7087,60.3612,1.000000,0,1
632,5,726.6136,520.1614,40.1750,22.7061,1.000000,0,1
632,6,240.9969,516.4008,167.2146,20.9519,1.000000,0.625,0.375
633,1,913.0991,475.3707,344.4015,79.0776,1.000000,0,1
633,2,793.1548,519.6461,45.7529,19.6973,1.000000,0,1
633,3,501.1310,518.0693,108.9859,15.8399,1.000000,0,1
633,4,-35.4710,492.1908,404.6479,60.3531,1.000000,0,1
633,5,726.0731,520.2538,40.1613,22.7069,1.000000,0,1
633,6,241.4843,516.3779,167.2230,20.9544,1.000000,0.625,0.375
634,1,913.3853,475.4389,344.4756,79.0851,1.000000,0,1
634,2,792.5880,519.7135,45.7266,19.6978,1.000000,0,1
634,3,501.7682,518.1972,108.9980,15.8502,1.000000,0,1
634,4,-35.9421,492.3417,404.5856,60.3447,1.000000,0,1
634,5,725.5326,520.3458,40.1473,22.7077,1.000000,0,1
634,6,241.9717,516.3574,167.2316,20.9569,1.000000,0.8125,0.1875
635,1,913.6716,475.5038,344.5493,79.0924,1.000000,0,1
635,2,792.0218,519.7880,45.7004,19.6986,1.000000,0,1
635,3,502.4071,518.3245,109.0097,15.8605,1.000000,0,1
635,4,-36.4121,492.4980,404.5229,60.3364,1.000000,0,1
635,5,724.9945,520.4418,40.1335,22.7086,1.000000,0,1
635,6,242.4583,516.3400,167.2406,20.9595,1.000000,0.5,0.5
636,1,913.9581,475.5651,344.6224,79.0993,1.000000,0,1
636,2,791.4554,519.8666,45.6741,19.6995,1.000000,0,1
636,3,503.0472,518.4503,109.0210,15.8705,1.000000,0,1
636,4,-36.8810,492.6581,404.4601,60.3282,1.000000,0,1
636,5,724.4575,520.5390,40.1197,22.7096,1.000000,0,1
636,6,242.9452,516.3249,167.2498,20.9622,1.000000,0.25,0.75
637,1,914.2445,475.6223,344.6946,79.1060,1.000000,0,1
637,2,790.8879,519.9470,45.6478,19.7005,1.000000,0,1
637,3,503.6888,518.5735,109.0318,15.8804,1.000000,0,1
637,4,-37.3479,492.8206,404.3961,60.3199,1.000000,0,1
637,5,723.9205,520.6351,40.1060,22.7105,1.000000,0,1
637,6,243.4325,516.3117,167.2591,20.9649,1.000000,0.4375,0.5625
638,1,914.5315,475.6765,344.7661,79.1125,1.000000,0,1
638,2,790.3209,520.0339,45.6216,19.7018,1.000000,0,1
638,3,504.3318,518.6958,109.0422,15.8901,1.000000,0,1
638,4,-37.8140,492.9865,404.3322,60.3116,1.000000,0,1
638,5,723.3861,520.7346,40.0922,22.7117,1.000000,0,1
638,6,243.9200,516.3010,167.2686,20.9676,1.000000,0.5625,0.4375
639,1,914.8187,475.7271,344.8374,79.1187,1.000000,0,1
639,2,789.7534,520.1242,45.5952,19.7031,1.000000,0,1
639,3,504.9763,518.8163,109.0522,15.8997,1.000000,0,1
639,4,-38.2784,493.1545,404.2673,60.3033,1.000000,0,1
639,5,722.8521,520.8348,40.0785,22.7128,1.000000,0,1
639,6,244.4078,516.2920,167.2784,20.9704,1.000000,0.375,0.625
640,1,915.1064,475.7738,344.9083,79.1246,1.000000,0,1
640,2,789.1843,520.2154,45.5687,19.7044,1.000000,0,1
640,3,505.6221,518.9338,109.0618,15.9090,1.000000,0,1
640,4,-38.7405,493.3242,404.2015,60.2948,1.000000,0,1
640,5,722.3174,520.9332,40.0647,22.7137,1.000000,0,1
640,6,244.8962,516.2844,167.2881,20.9732,1.000000,0.625,0.375
641,1,915.3955,475.8173,344.9788,79.1304,1.000000,0,1
641,2,788.6158,520.3119,45.5424,19.7060,1.000000,0,1
641,3,506.2690,519.0499,109.0709,15.9182,1.000000,0,1
641,4,-39.2014,493.4961,404.1353,60.2863,1.000000,0,1
641,5,721.7847,521.0350,40.0510,22.7148,1.000000,0,1
641,6,245.3851,516.2787,167.2980,20.9760,1.000000,0.375,0.625
642,1,915.6855,475.8577,345.0488,79.1358,1.000000,0,1
642,2,788.0468,520.4105,45.5156,19.7075,1.000000,0,1
642,3,506.9169,519.1638,109.0797,15.9272,1.000000,0,1
642,4,-39.6613,493.6695,404.0686,60.2778,1.000000,0,1
642,5,721.2523,521.1375,40.0371,22.7159,1.000000,0,1
642,6,245.8749,516.2744,167.3080,20.9789,1.000000,0.5625,0.4375
643,1,915.9761,475.8949,345.1182,79.1411,1.000000,0,1
643,2,787.4753,520.5089,45.4887,19.7089,1.000000,0,1
643,3,507.5655,519.2738,109.0879,15.9359,1.000000,0,1
643,4,-40.1188,493.8438,404.0008,60.2691,1.000000,0,1
643,5,720.7186,521.2377,40.0232,22.7169,1.000000,0,1
643,6,246.3652,516.2705,167.3180,20.9817,1.000000,0.625,0.375
644,1,916.2686,475.9289,345.1873,79.1461,1.000000,0,1
644,2,786.9041,520.6120,45.4616,19.7105,1.000000,0,1
644,3,508.2153,519.3817,109.0958,15.9444,1.000000,0,1
644,4,-40.5740,494.0197,403.9319,60.2603,1.000000,0,1
644,5,720.1863,521.3414,40.0093,22.7180,1.000000,0,1
644,6,246.8564,516.2684,167.3280,20.9846,1.000000,0.5625,0.4375
645,1,916.5621,475.9603,345.2562,79.1509,1.000000,0,1
645,2,786.3317,520.7170,45.4343,19.7121,1.000000,0,1
645,3,508.8662,519.4861,109.1032,15.9527,1.000000,0,1
645,4,-41.0274,494.1968,403.8626,60.2514,1.000000,0,1
645,5,719.6537,521.4453,39.9954,22.7191,1.000000,0,1
645,6,247.3479,516.2675,167.3380,20.9875,1.000000,0.625,0.375
646,1,916.8562,475.9888,345.3246,79.1556,1.000000,0,1
646,2,785.7576,520.8215,45.4067,19.7135,1.000000,0,1
646,3,509.5181,519.5861,109.1104,15.9607,1.000000,0,1
646,4,-41.4790,494.3740,403.7922,60.2424,1.000000,0,1
646,5,719.1198,521.5472,39.9812,22.7200,1.000000,0,1
646,6,247.8401,516.2674,167.3481,20.9905,1.000000,0.625,0.375
647,1,917.1515,476.0157,345.3926,79.1599,1.000000,0,1
647,2,785.1841,520.9302,45.3790,19.7150,1.000000,0,1
647,3,510.1712,519.6837,109.1170,15.9684,1.000000,0,1
647,4,-41.9276,494.5528,403.7205,60.2333,1.000000,0,1
647,5,718.5872,521.6532,39.9670,22.7210,1.000000,0,1
647,6,248.3327,516.2690,167.3581,20.9934,1.000000,0.625,0.375
648,1,917.4476,476.0410,345.4606,79.1643,1.000000,0,1
648,2,784.6099,521.0399,45.3511,19.7165,1.000000,0,1
648,3,510.8253,519.7780,109.1233,15.9759,1.000000,0,1
648,4,-42.3740,494.7321,403.6478,60.2239,1.000000,0,1
648,5,718.0538,521.7592,39.9528,22.7220,1.000000,0,1
648,6,248.8256,516.2720,167.3681,20.9963,1.000000,0.4375,0.5625
649,1,917.7446,476.0645,345.5280,79.1684,1.000000,0,1
649,2,784.0339,521.1480,45.3230,19.7178,1.000000,0,1
649,3,511.4804,519.8672,109.1291,15.9831,1.000000,0,1
649,4,-42.8185,494.9093,403.5741,60.2143,1.000000,0,1
649,5,717.5180,521.8614,39.9383,22.7227,1.000000,0,1
649,6,249.3189,516.2759,167.3783,20.9992,1.000000,0.4375,0.5625
650,1,918.0422,476.0860,345.5951,79.1723,1.000000,0,1
650,2,783.4589,521.2600,45.2947,19.7193,1.000000,0,1
650,3,512.1367,519.9536,109.1345,15.9900,1.000000,0,1
650,4,-43.2599,495.0878,403.4988,60.2045,1.000000,0,1
650,5,716.9827,521.9664,39.9235,22.7234,1.000000,0,1
650,6,249.8127,516.2819,167.3883,21.0022,1.000000,0.5625,0.4375
651,1,918.3408,476.1053,345.6622,79.1762,1.000000,0,1
651,2,782.8832,521.3723,45.2662,19.7206,1.000000,0,1
651,3,512.7939,520.0361,109.1393,15.9966,1.000000,0,1
651,4,-43.6995,495.2653,403.4228,60.1946,1.000000,0,1
651,5,716.4466,522.0706,39.9087,22.7240,1.000000,0,1
651,6,250.3070,516.2894,167.3983,21.0051,1.000000,0.5,0.5
652,1,918.6399,476.1233,345.7294,79.1799,1.000000,0,1
652,2,782.3060,521.4823,45.2374,19.7218,1.000000,0,1
652,3,513.4520,520.1136,109.1437,16.0028,1.000000,0,1
652,4,-44.1369,495.4384,403.3449,60.1843,1.000000,0,1
652,5,715.9085,522.1709,39.8936,22.7244,1.000000,0,1
652,6,250.8019,516.2987,167.4083,21.0082,1.000000,0.5,0.5
653,1,918.9399,476.1396,345.7971,79.1838,1.000000,0,1
653,2,781.7298,521.5946,45.2087,19.7230,1.000000,0,1
653,3,514.1114,520.1875,109.1475,16.0088,1.000000,0,1
653,4,-44.5709,495.6116,403.2658,60.1737,1.000000,0,1
653,5,715.3708,522.2723,39.8785,22.7246,1.000000,0,1
653,6,251.2979,516.3107,167.4182,21.0111,1.000000,0.25,0.75
654,1,919.2408,476.1544,345.8649,79.1875,1.000000,0,1
654,2,781.1534,521.7066,45.1796,19.7241,1.000000,0,1
654,3,514.7717,520.2574,109.1509,16.0144,1.000000,0,1
654,4,-45.0017,495.7826,403.1850,60.1629,1.000000,0,1
654,5,714.8323,522.3715,39.8632,22.7248,1.000000,0,1
654,6,251.7950,516.3246,167.4279,21.0142,1.000000,0.5,0.5
655,1,919.5417,476.1678,345.9324,79.1912,1.000000,0,1
655,2,780.5759,521.8154,45.1505,19.7250,1.000000,0,1
655,3,515.4327,520.3224,109.1537,16.0197,1.000000,0,1
655,4,-45.4296,495.9484,403.1024,60.1516,1.000000,0,1
655,5,714.2922,522.4655,39.8477,22.7247,1.000000,0,1
655,6,252.2930,516.3398,167.4377,21.0172,1.000000,0.5625,0.4375
656,1,919.8430,476.1799,346.0002,79.1949,1.000000,0,1
656,2,779.9995,521.9254,45.1213,19.7260,1.000000,0,1
656,3,516.0945,520.3843,109.1562,16.0247,1.000000,0,1
656,4,-45.8553,496.1136,403.0188,60.1402,1.000000,0,1
656,5,713.7530,522.5592,39.8321,22.7245,1.000000,0,1
656,6,252.7927,516.3584,167.4470,21.0202,1.000000,0.75,0.25
657,1,920.1445,476.1906,346.0684,79.1986,1.000000,0,1
657,2,779.4237,522.0348,45.0920,19.7268,1.000000,0,1
657,3,516.7572,520.4423,109.1581,16.0295,1.000000,0,1
657,4,-46.2791,496.2764,402.9342,60.1285,1.000000,0,1
657,5,713.2131,522.6501,39.8165,22.7242,1.000000,0,1
657,6,253.2933,516.3798,167.4563,21.0232,1.000000,0.4375,0.5625
658,1,920.4456,476.2002,346.1367,79.2022,1.000000,0,1
658,2,778.8474,522.1404,45.0626,19.7275,1.000000,0,1
658,3,517.4208,520.4952,109.1592,16.0337,1.000000,0,1
658,4,-46.7003,496.4346,402.8477,60.1166,1.000000,0,1
658,5,712.6716,522.7334,39.8007,22.7235,1.000000,0,1
658,6,253.7947,516.4033,167.4655,21.0262,1.000000,0.4375,0.5625
659,1,920.7468,476.2086,346.2053,79.2060,1.000000,0,1
659,2,778.2724,522.2463,45.0331,19.7281,1.000000,0,1
659,3,518.0857,520.5443,109.1599,16.0378,1.000000,0,1
659,4,-47.1211,496.5920,402.7614,60.1045,1.000000,0,1
659,5,712.1308,522.8129,39.7849,22.7227,1.000000,0,1
659,6,254.2974,516.4303,167.4743,21.0292,1.000000,0.25,0.75
660,1,921.0477,476.2156,346.2745,79.2099,1.000000,0,1
660,2,777.6977,522.3508,45.0035,19.7286,1.000000,0,1
660,3,518.7519,520.5891,109.1600,16.0414,1.000000,0,1
660,4,-47.5403,496.7472,402.6742,60.0922,1.000000,0,1
660,5,711.5897,522.8853,39.7689,22.7215,1.000000,0,1
660,6,254.8011,516.4596,167.4830,21.0322,1.000000,0.5,0.5
661,1,921.3481,476.2208,346.3438,79.2137,1.000000,0,1
661,2,777.1223,522.4523,44.9739,19.7290,1.000000,0,1
661,3,519.4190,520.6287,109.1595,16.0447,1.000000,0,1
661,4,-47.9582,496.8984,402.5858,60.0797,1.000000,0,1
661,5,711.0476,522.9479,39.7529,22.7200,1.000000,0,1
661,6,255.3057,516.4885,167.4915,21.0371,1.000000,0.25,0.75
662,1,921.6486,476.2241,346.4135,79.2175,1.000000,0,1
662,2,776.5480,522.5535,44.9442,19.7293,1.000000,0,1
662,3,520.0873,520.6643,109.1586,16.0477,1.000000,0,1
662,4,-48.3754,497.0490,402.4973,60.0671,1.000000,0,1
662,5,710.5068,523.0062,39.7368,22.7183,1.000000,0,1
662,6,255.8118,516.5194,167.4995,21.0428,1.000000,0.5,0.5
663,1,921.9488,476.2259,346.4836,79.2215,1.000000,0,1
663,2,775.9738,522.6522,44.9144,19.7295,1.000000,0,1
663,3,520.7568,520.6956,109.1571,16.0503,1.000000,0,1
663,4,-48.7929,497.1974,402.4087,60.0545,1.000000,0,1
663,5,709.9664,523.0588,39.7208,22.7163,1.000000,0,1
663,6,256.3190,516.5520,167.5073,21.0487,1.000000,0.1875,0.8125
664,1,922.2480,476.2267,346.5540,79.2253,1.000000,0,1
664,2,775.3992,522.7452,44.8844,19.7294,1.000000,0,1
664,3,521.4271,520.7214,109.1552,16.0526,1.000000,0,1
664,4,-49.2116,497.3417,402.3204,60.0418,1.000000,0,1
664,5,709.4258,523.1035,39.7048,22.7140,1.000000,0,1
664,6,256.8271,516.5854,167.5149,21.0547,1.000000,0.25,0.75
665,1,922.5468,476.2260,346.6246,79.2295,1.000000,0,1
665,2,774.8251,522.8359,44.8545,19.7292,1.000000,0,1
665,3,522.0985,520.7440,109.1526,16.0545,1.000000,0,1
665,4,-49.6301,497.4849,402.2323,60.0291,1.000000,0,1
665,5,708.8861,523.1437,39.6887,22.7115,1.000000,0,1
665,6,257.3363,516.6208,167.5221,21.0607,1.000000,0.1875,0.8125
666,1,922.8448,476.2238,346.6953,79.2334,1.000000,0,1
666,2,774.2510,522.9218,44.8243,19.7287,1.000000,0,1
666,3,522.7707,520.7621,109.1497,16.0562,1.000000,0,1
666,4,-50.0491,497.6251,402.1445,60.0165,1.000000,0,1
666,5,708.3468,523.1779,39.6725,22.7088,1.000000,0,1
666,6,257.8466,516.6575,167.5291,21.0668,1.000000,0.1875,0.8125
667,1,923.1420,476.2201,346.7662,79.2375,1.000000,0,1
667,2,773.6761,523.0002,44.7941,19.7279,1.000000,0,1
667,3,523.4435,520.7748,109.1463,16.0575,1.000000,0,1
667,4,-50.4696,497.7608,402.0568,60.0037,1.000000,0,1
667,5,707.8075,523.2054,39.6564,22.7059,1.000000,0,1
667,6,258.3583,516.6947,167.5355,21.0731,1.000000,0.5625,0.4375
668,1,923.4379,476.2155,346.8368,79.2415,1.000000,0,1
668,2,773.1019,523.0762,44.7637,19.7269,1.000000,0,1
668,3,524.1175,520.7831,109.1425,16.0584,1.000000,0,1
668,4,-50.8905,497.8945,401.9697,59.9910,1.000000,0,1
668,5,707.2688,523.2295,39.6403,22.7028,1.000000,0,1
668,6,258.8710,516.7337,167.5416,21.0793,1.000000,0.4375,0.5625
669,1,923.7330,476.2101,346.9072,79.2454,1.000000,0,1
669,2,772.5274,523.1469,44.7333,19.7258,1.000000,0,1
669,3,524.7920,520.7866,109.1382,16.0590,1.000000,0,1
669,4,-51.3120,498.0248,401.8829,59.9782,1.000000,0,1
669,5,706.7303,523.2490,39.6242,22.6995,1.000000,0,1
669,6,259.3849,516.7736,167.5474,21.0856,1.000000,0.25,0.75
670,1,924.0272,476.2039,346.9776,79.2494,1.000000,0,1
670,2,771.9518,523.2100,44.7028,19.7243,1.000000,0,1
670,3,525.4667,520.7853,109.1335,16.0593,1.000000,0,1
670,4,-51.7342,498.1500,401.7961,59.9653,1.000000,0,1
670,5,706.1921,523.2631,39.6081,22.6961,1.000000,0,1
670,6,259.9000,516.8138,167.5530,21.0920,1.000000,0.1875,0.8125
671,1,924.3201,476.1968,347.0475,79.2533,1.000000,0,1
671,2,771.3764,523.2692,44.6721,19.7225,1.000000,0,1
671,3,526.1423,520.7800,109.1285,16.0592,1.000000,0,1
671,4,-52.1575,498.2724,401.7103,59.9525,1.000000,0,1
671,5,705.6546,523.2732,39.5920,22.6924,1.000000,0,1
671,6,260.4160,516.8558,167.5584,21.0985,1.000000,0.125,0.875
672,1,924.6122,476.1892,347.1167,79.2570,1.000000,0,1
672,2,770.8005,523.3229,44.6414,19.7205,1.000000,0,1
672,3,526.8184,520.7699,109.1230,16.0588,1.000000,0,1
672,4,-52.5816,498.3909,401.6245,59.9397,1.000000,0,1
672,5,705.1176,523.2791,39.5758,22.6887,1.000000,0,1
672,6,260.9324,516.8991,167.5635,21.1052,1.000000,0.3125,0.6875
673,1,924.9030,476.1814,347.1855,79.2607,1.000000,0,1
673,2,770.2241,523.3696,44.6105,19.7183,1.000000,0,1
673,3,527.4948,520.7549,109.1172,16.0581,1.000000,0,1
673,4,-53.0057,498.5031,401.5386,59.9267,1.000000,0,1
673,5,704.5807,523.2806,39.5598,22.6847,1.000000,0,1
673,6,261.4499,516.9437,167.5683,21.1118,1.000000,0.25,0.75
674,1,925.1927,476.1735,347.2534,79.2643,1.000000,0,1
674,2,769.6477,523.4114,44.5796,19.7159,1.000000,0,1
674,3,528.1721,520.7350,109.1112,16.0570,1.000000,0,1
674,4,-53.4309,498.6113,401.4537,59.9137,1.000000,0,1
674,5,704.0443,523.2767,39.5435,22.6806,1.000000,0,1
674,6,261.9680,516.9911,167.5727,21.1187,1.000000,0.6875,0.3125
675,1,925.4813,476.1659,347.3204,79.2676,1.000000,0,1
675,2,769.0710,523.4479,44.5488,19.7132,1.000000,0,1
675,3,528.8499,520.7097,109.1049,16.0556,1.000000,0,1
675,4,-53.8571,498.7145,401.3692,59.9007,1.000000,0,1
675,5,703.5080,523.2684,39.5272,22.6762,1.000000,0,1
675,6,262.4873,517.0405,167.5768,21.1258,1.000000,0.375,0.625
676,1,925.7687,476.1588,347.3865,79.2708,1.000000,0,1
676,2,768.4943,523.4783,44.5178,19.7103,1.000000,0,1
676,3,529.5278,520.6791,109.0983,16.0539,1.000000,0,1
676,4,-54.2843,498.8109,401.2852,59.8876,1.000000,0,1
676,5,702.9720,523.2556,39.5110,22.6717,1.000000,0,1
676,6,263.0082,517.0914,167.5804,21.1329,1.000000,0.375,0.625
677,1,926.0552,476.1520,347.4514,79.2738,1.000000,0,1
677,2,767.9175,523.5027,44.4871,19.7072,1.000000,0,1
677,3,530.2064,520.6445,109.0915,16.0518,1.000000,0,1
677,4,-54.7128,498.9024,401.2018,59.8746,1.000000,0,1
677,5,702.4365,523.2375,39.4948,22.6669,1.000000,0,1
677,6,263.5302,517.1450,167.5837,21.1404,1.000000,0.3125,0.6875
678,1,926.3407,476.1460,347.5155,79.2767,1.000000,0,1
678,2,767.3407,523.5218,44.4562,19.7039,1.000000,0,1
678,3,530.8851,520.6061,109.0846,16.0495,1.000000,0,1
678,4,-55.1426,498.9883,401.1190,59.8614,1.000000,0,1
678,5,701.9012,523.2150,39.4785,22.6620,1.000000,0,1
678,6,264.0534,517.2010,167.5867,21.1480,1.000000,0.25,0.75
679,1,926.6253,476.1413,347.5787,79.2794,1.000000,0,1
679,2,766.7634,523.5347,44.4253,19.7003,1.000000,0,1
679,3,531.5641,520.5630,109.0811,16.0469,1.000000,0,1
679,4,-55.5733,499.0680,401.0368,59.8482,1.000000,0,1
679,5,701.3663,523.1884,39.4622,22.6569,1.000000,0,1
679,6,264.5788,517.2587,167.5890,21.1556,1.000000,0.125,0.875
680,1,926.9089,476.1375,347.6402,79.2819,1.000000,0,1
680,2,766.1860,523.5415,44.3945,19.6965,1.000000,0,1
680,3,532.2435,520.5148,109.0778,16.0440,1.000000,0,1
680,4,-56.0053,499.1423,400.9549,59.8350,1.000000,0,1
680,5,700.8320,523.1564,39.4459,22.6515,1.000000,0,1
680,6,265.1057,517.3195,167.5910,21.1635,1.000000,0.4375,0.5625
681,1,927.1915,476.1346,347.7009,79.2842,1.000000,0,1
681,2,765.6085,523.5430,44.3636,19.6926,1.000000,0,1
681,3,532.9229,520.4625,109.0743,16.0409,1.000000,0,1
681,4,-56.4391,499.2117,400.8741,59.8218,1.000000,0,1
681,5,700.2981,523.1204,39.4296,22.6461,1.000000,0,1
681,6,265.6343,517.3821,167.5924,21.1716,1.000000,0.3125,0.6875
682,1,927.4735,476.1332,347.7609,79.2865,1.000000,0,1
682,2,765.0309,523.5394,44.3329,19.6885,1.000000,0,1
682,3,533.6022,520.4065,109.0708,16.0375,1.000000,0,1
682,4,-56.8756,499.2760,400.7949,59.8087,1.000000,0,1
682,5,699.7647,523.0814,39.4133,22.6406,1.000000,0,1
682,6,266.1651,517.4460,167.5934,21.1798,1.000000,0.1875,0.8125
683,1,927.7545,476.1332,347.8196,79.2885,1.000000,0,1
683,2,764.4531,523.5303,44.3021,19.6842,1.000000,0,1
683,3,534.2816,520.3463,109.0673,16.0338,1.000000,0,1
683,4,-57.3131,499.3353,400.7159,59.7956,1.000000,0,1
683,5,699.2318,523.0377,39.3970,22.6348,1.000000,0,1
683,6,266.6980,517.5128,167.5938,21.1881,1.000000,0.25,0.75
684,1,928.0343,476.1344,347.8773,79.2903,1.000000,0,1
684,2,763.8752,523.5169,44.2716,19.6797,1.000000,0,1
684,3,534.9612,520.2826,109.0636,16.0299,1.000000,0,1
684,4,-57.7524,499.3898,400.6384,59.7826,1.000000,0,1
684,5,698.6994,522.9904,39.3808,22.6290,1.000000,0,1
684,6,267.2328,517.5808,167.5937,21.1965,1.000000,0.5,0.5
685,1,928.3131,476.1369,347.9336,79.2919,1.000000,0,1
685,2,763.2976,523.4998,44.2409,19.6751,1.000000,0,1
685,3,535.6407,520.2156,109.0599,16.0259,1.000000,0,1
685,4,-58.1937,499.4391,400.5618,59.7697,1.000000,0,1
685,5,698.1676,522.9406,39.3646,22.6231,1.000000,0,1
685,6,267.7697,517.6490,167.5930,21.2048,1.000000,0.3125,0.6875
686,1,928.5909,476.1411,347.9891,79.2935,1.000000,0,1
686,2,762.7191,523.4771,44.2105,19.6704,1.000000,0,1
686,3,536.3204,520.1450,109.0560,16.0216,1.000000,0,1
686,4,-58.6370,499.4851,400.4867,59.7569,1.000000,0,1
686,5,697.6359,522.8869,39.3485,22.6171,1.000000,0,1
686,6,268.3078,517.7190,167.5916,21.2133,1.000000,0.3125,0.6875
687,1,928.8677,476.1464,348.0433,79.2948,1.000000,0,1
687,2,762.1405,523.4499,44.1800,19.6655,1.000000,0,1
687,3,537.0001,520.0710,109.0522,16.0171,1.000000,0,1
687,4,-59.0821,499.5269,400.4126,59.7442,1.000000,0,1
687,5,697.1042,522.8305,39.3325,22.6110,1.000000,0,1
687,6,268.8474,517.7892,167.5898,21.2217,1.000000,0.125,0.875
688,1,929.1431,476.1530,348.0967,79.2960,1.000000,0,1
688,2,761.5616,523.4196,44.1496,19.6605,1.000000,0,1
688,3,537.6797,519.9940,109.0482,16.0123,1.000000,0,1
688,4,-59.5292,499.5640,400.3400,59.7315,1.000000,0,1
688,5,696.5729,522.7723,39.3165,22.6048,1.000000,0,1
688,6,269.3894,517.8580,167.5872,21.2299,1.000000,0.25,0.75
689,1,929.4162,476.1616,348.1491,79.2972,1.000000,0,1
689,2,760.9814,523.3844,44.1193,19.6554,1.000000,0,1
689,3,538.3597,519.9133,109.0441,16.0074,1.000000,0,1
689,4,-59.9788,499.5975,400.2686,59.7191,1.000000,0,1
689,5,696.0418,522.7104,39.3004,22.5986,1.000000,0,1
689,6,269.9332,517.9264,167.5838,21.2379,1.000000,0.25,0.75
690,1,929.6876,476.1714,348.2005,79.2982,1.000000,0,1
690,2,760.4004,523.3455,44.0889,19.6501,1.000000,0,1
690,3,539.0399,519.8297,109.0400,16.0023,1.000000,0,1
690,4,-60.4308,499.6281,400.1987,59.7068,1.000000,0,1
690,5,695.5109,522.6467,39.2844,22.5923,1.000000,0,1
690,6,270.4786,517.9932,167.5799,21.2457,1.000000,0.125,0.875
691,1,929.9574,476.1818,348.2512,79.2991,1.000000,0,1
691,2,759.8192,523.3043,44.0585,19.6448,1.000000,0,1
691,3,539.7196,519.7440,109.0356,15.9970,1.000000,0,1
691,4,-60.8847,499.6555,400.1297,59.6946,1.000000,0,1
691,5,694.9802,522.5827,39.2685,22.5859,1.000000,0,1
691,6,271.0259,518.0572,167.5753,21.2532,1.000000,0.375,0.625
692,1,930.2255,476.1931,348.3011,79.3001,1.000000,0,1
692,2,759.2369,523.2581,44.0281,19.6393,1.000000,0,1
692,3,540.3989,519.6559,109.0315,15.9917,1.000000,0,1
692,4,-61.3409,499.6805,400.0622,59.6826,1.000000,0,1
692,5,694.4496,522.5160,39.2526,22.5795,1.000000,0,1
692,6,271.5745,518.1201,167.5704,21.2605,1.000000,0.0625,0.9375
693,1,930.4926,476.2046,348.3503,79.3008,1.000000,0,1
693,2,758.6545,523.2090,43.9978,19.6337,1.000000,0,1
693,3,541.0777,519.5661,109.0273,15.9862,1.000000,0,1
693,4,-61.7992,499.7038,399.9962,59.6707,1.000000,0,1
693,5,693.9192,522.4479,39.2366,22.5731,1.000000,0,1
693,6,272.1246,518.1811,167.5648,21.2675,1.000000,0.0625,0.9375
694,1,930.7590,476.2159,348.3992,79.3015,1.000000,0,1
694,2,758.0720,523.1584,43.9677,19.6281,1.000000,0,1
694,3,541.7560,519.4747,109.0231,15.9806,1.000000,0,1
694,4,-62.2600,499.7254,399.9313,59.6590,1.000000,0,1
694,5,693.3889,522.3790,39.2207,22.5666,1.000000,0,1
694,6,272.6758,518.2394,167.5589,21.2743,1.000000,0.125,0.875
695,1,931.0242,476.2271,348.4475,79.3022,1.000000,0,1
695,2,757.4886,523.1025,43.9374,19.6223,1.000000,0,1
695,3,542.4340,519.3814,109.0190,15.9749,1.000000,0,1
695,4,-62.7231,499.7449,399.8676,59.6475,1.000000,0,1
695,5,692.8588,522.3074,39.2048,22.5601,1.000000,0,1
695,6,273.2283,518.2964,167.5525,21.2808,1.000000,0.375,0.625
696,1,931.2891,476.2378,348.4958,79.3027,1.000000,0,1
696,2,756.9050,523.0436,43.9075,19.6164,1.000000,0,1
696,3,543.1113,519.2866,109.0151,15.9692,1.000000,0,1
696,4,-63.1876,499.7631,399.8047,59.6360,1.000000,0,1
696,5,692.3287,522.2349,39.1989,22.5536,1.000000,0,1
696,6,273.7815,518.3515,167.5459,21.2871,1.000000,0.125,0.875
697,1,931.5538,476.2481,348.5438,79.3033,1.000000,0,1
697,2,756.3220,522.9835,43.8775,19.6106,1.000000,0,1
697,3,543.7882,519.1910,109.0114,15.9634,1.000000,0,1
697,4,-63.6535,499.7809,399.7427,59.6247,1.000000,0,1
697,5,691.7990,522.1626,39.1935,22.5470,1.000000,0,1
697,6,274.3356,518.4037,167.5388,21.2931,1.000000,0.25,0.75
698,1,931.8177,476.2585,348.5914,79.3038,1.000000,0,1
698,2,755.7379,522.9178,43.8476,19.6045,1.000000,0,1
698,3,544.4653,519.0938,109.0078,15.9576,1.000000,0,1
698,4,-64.1209,499.7977,399.6817,59.6135,1.000000,0,1
698,5,691.2694,522.0878,39.1883,22.5405,1.000000,0,1
698,6,274.8901,518.4547,167.5319,21.2990,1.000000,0.0625,0.9375
699,1,932.0813,476.2686,348.6389,79.3043,1.000000,0,1
699,2,755.1537,522.8492,43.8178,19.5984,1.000000,0,1
699,3,545.1420,518.9966,109.0046,15.9518,1.000000,0,1
699,4,-64.5898,499.8140,399.6217,59.6025,1.000000,0,1
699,5,690.7402,522.0123,39.1829,22.5339,1.000000,0,1
699,6,275.4451,518.5043,167.5246,21.3047,1.000000,0.1875,0.8125
700,1,932.3449,476.2784,348.6860,79.3046,1.000000,0,1
700,2,754.5706,522.7798,43.7880,19.5923,1.000000,0,1
700,3,545.8177,518.9012,109.0017,15.9462,1.000000,0,1
700,4,-65.0601,499.8304,399.5629,59.5916,1.000000,0,1
700,5,690.2117,521.9374,39.1777,22.5273,1.000000,0,1
700,6,276.0007,518.5523,167.5171,21.3102,1.000000,0,1
701,1,932.6080,476.2881,348.7329,79.3050,1.000000,0,1
701,2,753.9868,522.7054,43.7585,19.5861,1.000000,0,1
701,3,546.4928,518.8058,108.9995,15.9407,1.000000,0,1
701,4,-65.5316,499.8458,399.5049,59.5809,1.000000,0,1
701,5,689.6836,521.8603,39.1726,22.5208,1.000000,0,1
701,6,276.5563,518.5992,167.5097,21.3157,1.000000,0.0625,0.9375
702,1,932.8713,476.2974,348.7800,79.3053,1.000000,0,1
702,2,753.4036,522.6285,43.7290,19.5798,1.000000,0,1
702,3,547.1672,518.7107,108.9976,15.9352,1.000000,0,1
702,4,-66.0043,499.8602,399.4475,59.5703,1.000000,0,1
702,5,689.1564,521.7827,39.1675,22.5142,1.000000,0,1
702,6,277.1122,518.6450,167.5023,21.3210,1.000000,0.125,0.875
703,1,933.1350,476.3062,348.8273,79.3057,1.000000,0,1
703,2,752.8219,522.5510,43.6998,19.5736,1.000000,0,1
703,3,547.8409,518.6160,108.9962,15.9298,1.000000,0,1
703,4,-66.4786,499.8737,399.3915,59.5598,1.000000,0,1
703,5,688.6298,521.7059,39.1623,22.5076,1.000000,0,1
703,6,277.6686,518.6894,167.4947,21.3261,1.000000,0.0625,0.9375
704,1,933.3984,476.3152,348.8746,79.3061,1.000000,0,1
704,2,752.2404,522.4678,43.6707,19.5671,1.000000,0,1
704,3,548.5137,518.5218,108.9954,15.9246,1.000000,0,1
704,4,-66.9541,499.8857,399.3362,59.5495,1.000000,0,1
704,5,688.1038,521.6271,39.1573,22.5011,1.000000,0,1
704,6,278.2252,518.7336,167.4871,21.3313,1.000000,0.125,0.875
705,1,933.6617,476.3238,348.9222,79.3066,1.000000,0,1
705,2,751.6596,522.3829,43.6416,19.5607,1.000000,0,1
705,3,549.1859,518.4280,108.9952,15.9194,1.000000,0,1
705,4,-67.4308,499.8965,399.2817,59.5393,1.000000,0,1
705,5,687.5784,521.5480,39.1522,22.4946,1.000000,0,1
705,6,278.7825,518.7770,167.4796,21.3364,1.000000,0,1
706,1,933.9257,476.3315,348.9701,79.3071,1.000000,0,1
706,2,751.0801,522.2990,43.6127,19.5544,1.000000,0,1
706,3,549.8574,518.3353,108.9957,15.9145,1.000000,0,1
706,4,-67.9092,499.9068,399.2287,59.5292,1.000000,0,1
706,5,687.0533,521.4703,39.1473,22.4881,1.000000,0,1
706,6,279.3407,518.8184,167.4720,21.3413,1.000000,0,1
707,1,934.1892,476.3394,349.0183,79.3076,1.000000,0,1
707,2,750.5001,522.2108,43.5837,19.5478,1.000000,0,1
707,3,550.5281,518.2429,108.9965,15.9096,1.000000,0,1
707,4,-68.3894,499.9145,399.1763,59.5192,1.000000,0,1
707,5,686.5287,521.3911,39.1424,22.4816,1.000000,0,1
707,6,279.8997,518.8594,167.4642,21.3461,1.000000,0.0625,0.9375
708,1,934.4528,476.3469,349.0670,79.3082,1.000000,0,1
708,2,749.9206,522.1213,43.5550,19.5413,1.000000,0,1
708,3,551.1984,518.1514,108.9980,15.9049,1.000000,0,1
708,4,-68.8712,499.9202,399.1251,59.5094,1.000000,0,1
708,5,686.0043,521.3120,39.1375,22.4751,1.000000,0,1
708,6,280.4598,518.8994,167.4563,21.3507,1.000000,0,1
709,1,934.7169,476.3534,349.1162,79.3090,1.000000,0,1
709,2,749.3422,522.0331,43.5264,19.5349,1.000000,0,1
709,3,551.8683,518.0612,109.0002,15.9003,1.000000,0,1
709,4,-69.3543,499.9250,399.0748,59.4997,1.000000,0,1
709,5,685.4801,521.2344,39.1326,22.4687,1.000000,0,1
709,6,281.0207,518.9377,167.4483,21.3553,1.000000,0,1
710,1,934.9805,476.3596,349.1660,79.3098,1.000000,0,1
710,2,748.7633,521.9409,43.4977,19.5283,1.000000,0,1
710,3,552.5379,517.9709,109.0027,15.8958,1.000000,0,1
710,4,-69.8385,499.9272,399.0253,59.4900,1.000000,0,1
710,5,684.9546,521.1538,39.1276,22.4621,1.000000,0,1
710,6,281.5827,518.9753,167.4402,21.3597,1.000000,0,1
711,1,935.2442,476.3650,349.2162,79.3108,1.000000,0,1
711,2,748.1848,521.8483,43.4692,19.5217,1.000000,0,1
711,3,553.2074,517.8809,109.0060,15.8914,1.000000,0,1
711,4,-70.3239,499.9280,398.9765,59.4805,1.000000,0,1
711,5,684.4287,521.0730,39.1227,22.4556,1.000000,0,1
711,6,282.1456,519.0115,167.4320,21.3640,1.000000,0.0625,0.9375
712,1,935.5085,476.3690,349.2673,79.3118,1.000000,0,1
712,2,747.6074,521.7580,43.4406,19.5153,1.000000,0,1
712,3,553.8768,517.7923,109.0096,15.8872,1.000000,0,1
712,4,-70.8112,499.9288,398.9289,59.4712,1.000000,0,1
712,5,683.9031,520.9941,39.1176,22.4490,1.000000,0,1
712,6,282.7092,519.0453,167.4235,21.3680,1.000000,0.0625,0.9375
713,1,935.7726,476.3721,349.3192,79.3131,1.000000,0,1
713,2,747.0292,521.6644,43.4121,19.5087,1.000000,0,1
713,3,554.5461,517.7045,109.0138,15.8830,1.000000,0,1
713,4,-71.3013,499.9277,398.8828,59.4619,1.000000,0,1
713,5,683.3755,520.9117,39.1126,22.4424,1.000000,0,1
713,6,283.2741,519.0773,167.4147,21.3718,1.000000,0,1
714,1,936.0366,476.3738,349.3723,79.3145,1.000000,0,1
714,2,746.4511,521.5708,43.3835,19.5020,1.000000,0,1
714,3,555.2154,517.6176,109.0183,15.8791,1.000000,0,1
714,4,-71.7928,499.9257,398.8377,59.4529,1.000000,0,1
714,5,682.8476,520.8295,39.1075,22.4356,1.000000,0,1
714,6,283.8394,519.1075,167.4059,21.3755,1.000000,0,1
715,1,936.3010,476.3738,349.4263,79.3161,1.000000,0,1
715,2,745.8738,521.4799,43.3551,19.4956,1.000000,0,1
715,3,555.8841,517.5323,109.0236,15.8752,1.000000,0,1
715,4,-72.2846,499.9225,398.7932,59.4440,1.000000,0,1
715,5,682.3203,520.7501,39.1024,22.4291,1.000000,0,1
715,6,284.4052,519.1355,167.3969,21.3789,1.000000,0.125,0.875
716,1,936.5651,476.3720,349.4811,79.3179,1.000000,0,1
716,2,745.2950,521.3854,43.3265,19.4889,1.000000,0,1
716,3,556.5524,517.4481,109.0292,15.8715,1.000000,0,1
716,4,-72.7770,499.9184,398.7490,59.4351,1.000000,0,1
716,5,681.7914,520.6675,39.0972,22.4222,1.000000,0,1
716,6,284.9715,519.1611,167.3878,21.3820,1.000000,0.0625,0.9375
717,1,936.8295,476.3681,349.5370,79.3198,1.000000,0,1
717,2,744.7161,521.2906,43.2977,19.4822,1.000000,0,1
717,3,557.2201,517.3654,109.0354,15.8680,1.000000,0,1
717,4,-73.2696,499.9138,398.7052,59.4262,1.000000,0,1
717,5,681.2628,520.5854,39.0918,22.4155,1.000000,0,1
717,6,285.5380,519.1844,167.3783,21.3848,1.000000,0,1
718,1,937.0939,476.3619,349.5938,79.3218,1.000000,0,1
718,2,744.1381,521.1982,43.2689,19.4755,1.000000,0,1
718,3,557.8875,517.2845,109.0422,15.8647,1.000000,0,1
718,4,-73.7615,499.9089,398.6614,59.4174,1.000000,0,1
718,5,680.7354,520.5073,39.0865,22.4088,1.000000,0,1
718,6,286.1041,519.2053,167.3688,21.3874,1.000000,0,1
719,1,937.3577,476.3536,349.6513,79.3240,1.000000,0,1
719,2,743.5587,521.1023,43.2402,19.4687,1.000000,0,1
719,3,558.5546,517.2053,109.0492,15.8614,1.000000,0,1
719,4,-74.2529,499.9026,398.6175,59.4084,1.000000,0,1
719,5,680.2069,520.4263,39.0811,22.4020,1.000000,0,1
719,6,286.6699,519.2234,167.3590,21.3898,1.000000,0,1
720,1,937.6215,476.3430,349.7101,79.3264,1.000000,0,1
720,2,742.9798,521.0061,43.2114,19.4619,1.000000,0,1
720,3,559.2212,517.1279,109.0566,15.8584,1.000000,0,1
720,4,-74.7432,499.8957,398.5736,59.3995,1.000000,0,1
720,5,679.6787,520.3459,39.0759,22.3952,1.000000,0,1
720,6,287.2354,519.2388,167.3494,21.3918,1.000000,0,1
721,1,937.8856,476.3296,349.7697,79.3289,1.000000,0,1
721,2,742.4021,520.9122,43.1827,19.4552,1.000000,0,1
721,3,559.8872,517.0532,109.0648,15.8556,1.000000,0,1
721,4,-75.2322,499.8891,398.5293,59.3905,1.000000,0,1
721,5,679.1517,520.2689,39.0706,22.3886,1.000000,0,1
721,6,287.8006,519.2511,167.3397,21.3936,1.000000,0,1
722,1,938.1490,476.3134,349.8295,79.3313,1.000000,0,1
722,2,741.8237,520.8151,43.1540,19.4484,1.000000,0,1
722,3,560.5525,516.9802,109.0734,15.8531,1.000000,0,1
722,4,-75.7196,499.8812,398.4843,59.3814,1.000000,0,1
722,5,678.6237,520.1891,39.0654,22.3819,1.000000,0,1
722,6,288.3658,519.2608,167.3301,21.3951,1.000000,0,1
723,1,938.4126,476.2942,349.8906,79.3340,1.000000,0,1
723,2,741.2458,520.7178,43.1255,19.4416,1.000000,0,1
723,3,561.2170,516.9093,109.0824,15.8506,1.000000,0,1
723,4,-76.2054,499.8726,398.4391,59.3722,1.000000,0,1
723,5,678.0961,520.1101,39.0600,22.3752,1.000000,0,1
723,6,288.9308,519.2684,167.3204,21.3964,1.000000,0,1
724,1,938.6772,476.2720,349.9531,79.3369,1.000000,0,1
724,2,740.6695,520.6228,43.0970,19.4350,1.000000,0,1
724,3,561.8810,516.8415,109.0919,15.8485,1.000000,0,1
724,4,-76.6888,499.8634,398.3929,59.3629,1.000000,0,1
724,5,677.5696,520.0345,39.0548,22.3687,1.000000,0,1
724,6,289.4956,519.2740,167.3109,21.3975,1.000000,0,1
725,1,938.9412,476.2465,350.0164,79.3397,1.000000,0,1
725,2,740.0925,520.5246,43.0685,19.4282,1.000000,0,1
725,3,562.5440,516.7756,109.1018,15.8465,1.000000,0,1
725,4,-77.1699,499.8535,398.3456,59.3534,1.000000,0,1
725,5,677.0422,519.9565,39.0497,22.3622,1.000000,0,1
725,6,290.0601,519.2776,167.3013,21.3984,1.000000,0,1
726,1,939.2053,476.2181,350.0800,79.3427,1.000000,0,1
726,2,739.5162,520.4261,43.0402,19.4214,1.000000,0,1
726,3,563.2063,516.7123,109.1123,15.8447,1.000000,0,1
726,4,-77.6491,499.8432,398.2979,59.3438,1.000000,0,1
726,5,676.5154,519.8796,39.0446,22.3557,1.000000,0,1
726,6,290.6240,519.2794,167.2918,21.3991,1.000000,0,1
727,1,939.4698,476.1873,350.1443,79.3457,1.000000,0,1
727,2,738.9415,520.3302,43.0119,19.4148,1.000000,0,1
727,3,563.8680,516.6521,109.1232,15.8433,1.000000,0,1
727,4,-78.1261,499.8336,398.2495,59.3341,1.000000,0,1
727,5,675.9897,519.8063,39.0396,22.3495,1.000000,0,1
727,6,291.1868,519.2802,167.2827,21.3998,1.000000,0,1
728,1,939.7344,476.1529,350.2089,79.3487,1.000000,0,1
728,2,738.3666,520.2316,42.9836,19.4080,1.000000,0,1
728,3,564.5290,516.5942,109.1346,15.8419,1.000000,0,1
728,4,-78.6009,499.8233,398.2000,59.3242,1.000000,0,1
728,5,675.4632,519.7314,39.0347,22.3431,1.000000,0,1
728,6,291.7492,519.2792,167.2736,21.4003,1.000000,0,1
729,1,939.9991,476.1158,350.2743,79.3516,1.000000,0,1
729,2,737.7924,520.1334,42.9555,19.4013,1.000000,0,1
729,3,565.1893,516.5391,109.1464,15.8409,1.000000,0,1
729,4,-79.0733,499.8127,398.1494,59.3141,1.000000,0,1
729,5,674.9371,519.6580,39.0299,22.3369,1.000000,0,1
729,6,292.3113,519.2767,167.2645,21.4007,1.000000,0,1
730,1,940.2649,476.0764,350.3401,79.3547,1.000000,0,1
730,2,737.2199,520.0385,42.9273,19.3947,1.000000,0,1
730,3,565.8486,516.4880,109.1588,15.8402,1.000000,0,1
730,4,-79.5428,499.8023,398.0982,59.3040,1.000000,0,1
730,5,674.4120,519.5887,39.0252,22.3309,1.000000,0,1
730,6,292.8719,519.2731,167.2558,21.4009,1.000000,0,1
731,1,940.5305,476.0341,350.4058,79.3576,1.000000,0,1
731,2,736.6469,519.9412,42.8993,19.3881,1.000000,0,1
731,3,566.5073,516.4388,109.1715,15.8411,1.000000,0,1
731,4,-80.0094,499.7908,398.0457,59.2936,1.000000,0,1
731,5,673.8854,519.5183,39.0205,22.3250,1.000000,0,1
731,6,293.4315,519.2673,167.2474,21.4011,1.000000,0,1
732,1,940.7966,475.9897,350.4719,79.3605,1.000000,0,1
732,2,736.0743,519.8448,42.8712,19.3814,1.000000,0,1
732,3,567.1655,516.3926,109.1846,15.8432,1.000000,0,1
732,4,-80.4736,499.7792,397.9922,59.2831,1.000000,0,1
732,5,673.3586,519.4498,39.0160,22.3191,1.000000,0,1
732,6,293.9902,519.2595,167.2390,21.4010,1.000000,0,1
733,1,941.0638,475.9438,350.5382,79.3633,1.000000,0,1
733,2,735.5029,519.7514,42.8432,19.3750,1.000000,0,1
733,3,567.8234,516.3516,109.1981,15.8453,1.000000,0,1
733,4,-80.9354,499.7683,397.9382,59.2725,1.000000,0,1
733,5,672.8324,519.3859,39.0116,22.3135,1.000000,0,1
733,6,294.5480,519.2498,167.2309,21.4008,1.000000,0,1
734,1,941.3318,475.8951,350.6044,79.3661,1.000000,0,1
734,2,734.9307,519.6569,42.8153,19.3684,1.000000,0,1
734,3,568.4809,516.3148,109.2119,15.8476,1.000000,0,1
734,4,-81.3950,499.7558,397.8832,59.2617,1.000000,0,1
734,5,672.3049,519.3218,39.0073,22.3079,1.000000,0.0625,0.9375
734,6,295.1057,519.2368,167.2228,21.4002,1.000000,0,1
735,1,941.6011,475.8448,350.6709,79.3687,1.000000,0,1
735,2,734.3588,519.5634,42.7873,19.3620,1.000000,0,1
735,3,569.1380,516.2822,109.2261,15.8499,1.000000,0,1
735,4,-81.8530,499.7427,397.8276,59.2508,1.000000,0,1
735,5,671.7772,519.2599,39.0029,22.3024,1.000000,0.1875,0.8125
735,6,295.6629,519.2213,167.2149,21.3994,1.000000,0,1
736,1,941.8719,475.7933,350.7377,79.3714,1.000000,0,1
736,2,733.7880,519.4731,42.7595,19.3557,1.000000,0,1
736,3,569.7953,516.2545,109.2405,15.8524,1.000000,0,1
736,4,-82.3100,499.7296,397.7719,59.2399,1.000000,0,1
736,5,671.2501,519.2021,38.9988,22.2972,1.000000,0.125,0.875
736,6,296.2186,519.2039,167.2075,21.3985,1.000000,0,1
737,1,942.1442,475.7396,350.8040,79.3739,1.000000,0,1
737,2,733.2166,519.3820,42.7316,19.3493,1.000000,0,1
737,3,570.4523,516.2314,109.2552,15.8549,1.000000,0,1
737,4,-82.7651,499.7147,397.7155,59.2289,1.000000,0,1
737,5,670.7217,519.1441,38.9945,22.2919,1.000000,0.3125,0.6875
737,6,296.7734,519.1832,167.2003,21.3973,1.000000,0,1
738,1,942.4179,475.6848,350.8707,79.3763,1.000000,0,1
738,2,732.6456,519.2920,42.7039,19.3430,1.000000,0,1
738,3,571.1093,516.2126,109.2703,15.8574,1.000000,0,1
738,4,-83.2198,499.6992,397.6593,59.2177,1.000000,0,1
738,5,670.1929,519.0882,38.9904,22.2867,1.000000,0.3125,0.6875
738,6,297.3272,519.1595,167.1933,21.3959,1.000000,0,1
739,1,942.6926,475.6298,350.9376,79.3786,1.000000,0,1
739,2,732.0756,519.2056,42.6761,19.3368,1.000000,0,1
739,3,571.7667,516.1982,109.2855,15.8601,1.000000,0,1
739,4,-83.6742,499.6836,397.6031,59.2068,1.000000,0,1
739,5,669.6646,519.0363,38.9865,22.2818,1.000000,0.3125,0.6875
739,6,297.8795,519.1331,167.1867,21.3942,1.000000,0,1
740,1,942.9677,475.5740,351.0038,79.3808,1.000000,0,1
740,2,731.4943,519.1180,42.6592,19.3307,1.000000,0,1
740,3,572.4243,516.1874,109.3007,15.8627,1.000000,0,1
740,4,-84.1287,499.6654,397.5469,59.1957,1.000000,0,1
740,5,669.1350,518.9842,38.9824,22.2768,1.000000,0.1875,0.8125
740,6,298.4301,519.1027,167.1805,21.3921,1.000000,0,1
741,1,943.2433,475.5179,351.0695,79.3829,1.000000,0,1
741,2,730.9126,519.0316,42.6433,19.3245,1.000000,0,1
741,3,573.0820,516.1797,109.3162,15.8654,1.000000,0,1
741,4,-84.5831,499.6454,397.4911,59.1846,1.000000,0,1
741,5,668.6051,518.9339,38.9786,22.2720,1.000000,0.25,0.75
741,6,298.9790,519.0690,167.1746,21.3898,1.000000,0,1
742,1,943.5195,475.4619,351.1355,79.3850,1.000000,0,1
742,2,730.3321,518.9484,42.6275,19.3186,1.000000,0,1
742,3,573.7402,516.1754,109.3318,15.8681,1.000000,0,1
742,4,-85.0370,499.6248,397.4352,59.1735,1.000000,0,1
742,5,668.0759,518.8871,38.9748,22.2674,1.000000,0.3125,0.6875
742,6,299.5259,519.0325,167.1691,21.3873,1.000000,0,1
743,1,943.7961,475.4048,351.2012,79.3871,1.000000,0,1
743,2,729.7517,518.8643,42.6118,19.3127,1.000000,0,1
743,3,574.3974,516.1744,109.3474,15.8708,1.000000,0,1
743,4,-85.4909,499.6018,397.3793,59.1623,1.000000,0,1
743,5,667.5458,518.8403,38.9709,22.2628,1.000000,0.375,0.625
743,6,300.0707,518.9916,167.1639,21.3844,1.000000,0,1
744,1,944.0730,475.3471,351.2671,79.3890,1.000000,0,1
744,2,729.1723,518.7816,42.5962,19.3069,1.000000,0,1
744,3,575.0540,516.1762,109.3632,15.8736,1.000000,0,1
744,4,-85.9452,499.5770,397.3238,59.1512,1.000000,0,1
744,5,667.0161,518.7954,38.9672,22.2582,1.000000,0.25,0.75
744,6,300.6129,518.9475,167.1596,21.3812,1.000000,0,1
745,1,944.3505,475.2891,351.3331,79.3910,1.000000,0,1
745,2,728.5942,518.7024,42.5808,19.3012,1.000000,0,1
745,3,575.7105,516.1802,109.3792,15.8765,1.000000,0,1
745,4,-86.3996,499.5517,397.2688,59.1402,1.000000,0,1
745,5,666.4875,518.7542,38.9635,22.2539,1.000000,0.5,0.5
745,6,301.1526,518.9009,167.1556,21.3778,1.000000,0,1
746,1,944.6288,475.2289,351.3998,79.3931,1.000000,0,1
746,2,728.0161,518.6232,42.5655,19.2956,1.000000,0,1
746,3,576.3670,516.1847,109.3950,15.8793,1.000000,0,1
746,4,-86.8539,499.5246,397.2140,59.1291,1.000000,0,1
746,5,665.9586,518.7135,38.9598,22.2495,1.000000,0.3125,0.6875
746,6,301.6902,518.8495,167.1522,21.3740,1.000000,0,1
747,1,944.9078,475.1674,351.4670,79.3952,1.000000,0,1
747,2,727.4387,518.5458,42.5503,19.2902,1.000000,0,1
747,3,577.0236,516.1900,109.4107,15.8821,1.000000,0,1
747,4,-87.3074,499.4962,397.1591,59.1180,1.000000,0,1
747,5,665.4297,518.6751,38.9563,22.2453,1.000000,0.5625,0.4375
747,6,302.2256,518.7949,167.1494,21.3700,1.000000,0,1
748,1,945.1871,475.1049,351.5343,79.3973,1.000000,0,1
748,2,726.8623,518.4722,42.5353,19.2849,1.000000,0,1
748,3,577.6803,516.1964,109.4265,15.8849,1.000000,0,1
748,4,-87.7602,499.4668,397.1046,59.1070,1.000000,0,1
748,5,664.9015,518.6400,38.9529,22.2413,1.000000,0.875,0.125
748,6,302.7589,518.7378,167.1470,21.3658,1.000000,0,1
749,1,945.4675,475.0396,351.6028,79.3995,1.000000,0,1
749,2,726.2861,518.3994,42.5203,19.2797,1.000000,0,1
749,3,578.3369,516.2030,109.4421,15.8877,1.000000,0,1
749,4,-88.2126,499.4355,397.0505,59.0959,1.000000,0,1
749,5,664.3726,518.6062,38.9493,22.2374,1.000000,0.875,0.125
749,6,303.2910,518.6754,167.1452,21.3612,1.000000,0,1
750,1,945.7488,474.9725,351.6719,79.4017,1.000000,0,1
750,2,725.7105,518.3292,42.5054,19.2747,1.000000,0,1
750,3,578.9934,516.2103,109.4578,15.8905,1.000000,0,1
750,4,-88.6642,499.4028,396.9965,59.0849,1.000000,0,1
750,5,663.8437,518.5746,38.9459,22.2335,1.000000,0.5,0.5
750,6,303.8215,518.6096,167.1440,21.3563,1.000000,0,1
751,1,946.0308,474.9043,351.7424,79.4042,1.000000,0,1
751,2,725.1360,518.2634,42.4907,19.2698,1.000000,0,1
751,3,579.6498,516.2187,109.4736,15.8933,1.000000,0,1
751,4,-89.1146,499.3689,396.9427,59.0738,1.000000,0,1
751,5,663.3154,518.5463,38.9426,22.2298,1.000000,0.5,0.5
751,6,304.3501,518.5427,167.1435,21.3513,1.000000,0,1
752,1,946.3136,474.8326,351.8138,79.4068,1.000000,0,1
752,2,724.5617,518.1995,42.4762,19.2651,1.000000,0,1
752,3,580.3063,516.2275,109.4892,15.8961,1.000000,0,1
752,4,-89.5657,499.3329,396.8889,59.0628,1.000000,0,1
752,5,662.7866,518.5200,38.9393,22.2262,1.000000,0.5,0.5
752,6,304.8769,518.4727,167.1435,21.3461,1.000000,0,1
753,1,946.5974,474.7589,351.8862,79.4095,1.000000,0,1
753,2,723.9880,518.1388,42.4617,19.2605,1.000000,0,1
753,3,580.9626,516.2372,109.5048,15.8990,1.000000,0,1
753,4,-90.0167,499.2953,396.8352,59.0517,1.000000,0,1
753,5,662.2578,518.4962,38.9360,22.2227,1.000000,0.75,0.25
753,6,305.4016,518.4009,167.1440,21.3408,1.000000,0,1
754,1,946.8818,474.6837,351.9595,79.4123,1.000000,0,1
754,2,723.4154,518.0829,42.4474,19.2563,1.000000,0,1
754,3,581.6194,516.2485,109.5203,15.9018,1.000000,0,1
754,4,-90.4671,499.2570,396.7816,59.0406,1.000000,0,1
754,5,661.7296,518.4753,38.9327,22.2193,1.000000,0.9375,0.0625
754,6,305.9239,518.3280,167.1452,21.3355,1.000000,0,1
755,1,947.1674,474.6045,352.0342,79.4153,1.000000,0,1
755,2,722.8425,518.0297,42.4333,19.2521,1.000000,0,1
755,3,582.2764,516.2600,109.5357,15.9045,1.000000,0,1
755,4,-90.9184,499.2178,396.7280,59.0295,1.000000,0,1
755,5,661.2009,518.4566,38.9295,22.2160,1.000000,0.75,0.25
755,6,306.4449,518.2511,167.1469,21.3298,1.000000,0,1
756,1,947.4540,474.5230,352.1100,79.4184,1.000000,0,1
756,2,722.2694,517.9802,42.4191,19.2481,1.000000,0,1
756,3,582.9334,516.2728,109.5510,15.9074,1.000000,0,1
756,4,-91.3699,499.1785,396.6747,59.0184,1.000000,0,1
756,5,660.6724,518.4400,38.9263,22.2129,1.000000,0.6875,0.3125
756,6,306.9643,518.1720,167.1489,21.3240,1.000000,0,1
757,1,947.7411,474.4402,352.1866,79.4217,1.000000,0,1
757,2,721.6962,517.9360,42.4053,19.2444,1.000000,0,1
757,3,583.5908,516.2871,109.5662,15.9102,1.000000,0,1
757,4,-91.8218,499.1396,396.6213,59.0074,1.000000,0,1
757,5,660.1440,518.4261,38.9232,22.2098,1.000000,0.875,0.125
757,6,307.4817,518.0919,167.1515,21.3182,1.000000,0,1
758,1,948.0294,474.3535,352.2645,79.4250,1.000000,0,1
758,2,721.1222,517.8958,42.3914,19.2409,1.000000,0,1
758,3,584.2489,516.3013,109.5814,15.9129,1.000000,0,1
758,4,-92.2747,499.1009,396.5683,58.9964,1.000000,0,1
758,5,659.6155,518.4139,38.9200,22.2068,1.000000,0.875,0.125
758,6,307.9982,518.0082,167.1544,21.3120,1.000000,0,1
759,1,948.3184,474.2648,352.3428,79.4284,1.000000,0,1
759,2,720.5482,517.8597,42.3778,19.2376,1.000000,0,1
759,3,584.9078,516.3160,109.5965,15.9157,1.000000,0,1
759,4,-92.7280,499.0632,396.5154,58.9854,1.000000,0,1
759,5,659.0870,518.4034,38.9169,22.2040,1.000000,1,0
759,6,308.5135,517.9220,167.1577,21.3056,1.000000,0,1
760,1,948.6074,474.1757,352.4214,79.4317,1.000000,0,1
760,2,719.9746,517.8286,42.3640,19.2346,1.000000,0,1
760,3,585.5677,516.3312,109.6114,15.9184,1.000000,0,1
760,4,-93.1811,499.0272,396.4620,58.9744,1.000000,0,1
760,5,658.5590,518.3946,38.9139,22.2011,1.000000,1,0
760,6,309.0271,517.8343,167.1618,21.2992,1.000000,0,1
761,1,948.8978,474.0830,352.5011,79.4352,1.000000,0,1
761,2,719.4012,517.8019,42.3503,19.2316,1.000000,0,1
761,3,586.2285,516.3466,109.6261,15.9212,1.000000,0,1
761,4,-93.6358,498.9924,396.4093,58.9635,1.000000,0,1
761,5,658.0309,518.3872,38.9107,22.1983,1.000000,0.875,0.125
761,6,309.5399,517.7427,167.1661,21.2923,1.000000,0,1
762,1,949.1888,473.9888,352.5811,79.4387,1.000000,0,1
762,2,718.8279,517.7796,42.3367,19.2289,1.000000,0,1
762,3,586.8899,516.3621,109.6408,15.9239,1.000000,0,1
762,4,-94.0908,498.9590,396.3566,58.9527,1.000000,0,1
762,5,657.5031,518.3809,38.9078,22.1956,1.000000,0.9375,0.0625
762,6,310.0518,517.6487,167.1709,21.2855,1.000000,0,1
763,1,949.4801,473.8945,352.6615,79.4423,1.000000,0,1
763,2,718.2548,517.7616,42.3233,19.2264,1.000000,0,1
763,3,587.5518,516.3773,109.6555,15.9266,1.000000,0,1
763,4,-94.5454,498.9270,396.3035,58.9418,1.000000,0,1
763,5,656.9757,518.3752,38.9049,22.1931,1.000000,1,0
763,6,310.5628,517.5537,167.1762,21.2784,1.000000,0,1
764,1,949.7726,473.7979,352.7423,79.4458,1.000000,0,1
764,2,717.6819,517.7489,42.3096,19.2240,1.000000,0,1
764,3,588.2144,516.3909,109.6702,15.9293,1.000000,0,1
764,4,-94.9999,498.8956,396.2499,58.9308,1.000000,0,1
764,5,656.4487,518.3704,38.9020,22.1904,1.000000,1,0
764,6,311.0724,517.4551,167.1819,21.2711,1.000000,0,1
765,1,950.0654,473.7004,352.8234,79.4493,1.000000,0,1
765,2,717.1091,517.7402,42.2963,19.2218,1.000000,0,1
765,3,588.8774,516.4031,109.6848,15.9320,1.000000,0,1
765,4,-95.4535,498.8647,396.1955,58.9198,1.000000,0,1
765,5,655.9224,518.3665,38.8991,22.1879,1.000000,1,0
765,6,311.5811,517.3544,167.1879,21.2636,1.000000,0,1
766,1,950.3583,473.6031,352.9041,79.4527,1.000000,0,1
766,2,716.5362,517.7346,42.2827,19.2197,1.000000,0,1
766,3,589.5409,516.4131,109.6993,15.9347,1.000000,0,1
766,4,-95.9063,498.8346,396.1403,58.9086,1.000000,0,1
766,5,655.3969,518.3630,38.8963,22.1854,1.000000,1,0
766,6,312.0883,517.2524,167.1944,21.2561,1.000000,0,1
767,1,950.6527,473.5039,352.9847,79.4561,1.000000,0,1
767,2,715.9634,517.7331,42.2690,19.2178,1.000000,0,1
767,3,590.2050,516.4195,109.7139,15.9373,1.000000,0,1
767,4,-96.3594,498.8049,396.0846,58.8974,1.000000,0,1
767,5,654.8721,518.3600,38.8934,22.1829,1.000000,1,0
767,6,312.5940,517.1461,167.2014,21.2482,1.000000,0,1
768,1,950.9476,473.4047,353.0651,79.4594,1.000000,0,1
768,2,715.3906,517.7349,42.2554,19.2159,1.000000,0,1
768,3,590.8693,516.4224,109.7283,15.9399,1.000000,0,1
768,4,-96.8111,498.7756,396.0275,58.8859,1.000000,0,1
768,5,654.3480,518.3572,38.8906,22.1805,1.000000,1,0
768,6,313.0983,517.0372,167.2090,21.2401,1.000000,0,1
769,1,951.2422,473.3067,353.1453,79.4626,1.000000,0,1
769,2,714.8173,517.7394,42.2418,19.2141,1.000000,0,1
769,3,591.5337,516.4218,109.7428,15.9425,1.000000,0,1
769,4,-97.2609,498.7469,395.9692,58.8743,1.000000,0,1
769,5,653.8248,518.3547,38.8879,22.1781,1.000000,1,0
769,6,313.6008,516.9272,167.2171,21.2319,1.000000,0,1
770,1,951.5377,473.2078,353.2253,79.4657,1.000000,0,1
770,2,714.2434,517.7481,42.2278,19.2124,1.000000,0,1
770,3,592.1982,516.4160,109.7572,15.9451,1.000000,0,1
770,4,-97.7097,498.7185,395.9095,58.8624,1.000000,0,1
770,5,653.3027,518.3527,38.8853,22.1757,1.000000,1,0
770,6,314.1020,516.8135,167.2258,21.2235,1.000000,0,1
771,1,951.8333,473.1094,353.3049,79.4687,1.000000,0,1
771,2,713.6691,517.7596,42.2139,19.2108,1.000000,0,1
771,3,592.8626,516.4058,109.7716,15.9475,1.000000,0,1
771,4,-98.1571,498.6906,395.8487,58.8504,1.000000,0,1
771,5,652.7814,518.3510,38.8825,22.1733,1.000000,1,0
771,6,314.6017,516.6974,167.2351,21.2149,1.000000,0,1
772,1,952.1282,473.0125,353.3839,79.4718,1.000000,0,1
772,2,713.0952,517.7729,42.1999,19.2091,1.000000,0,1
772,3,593.5267,516.3915,109.7859,15.9500,1.000000,0,1
772,4,-98.6014,498.6630,395.7858,58.8381,1.000000,0,1
772,5,652.2610,518.3494,38.8799,22.1711,1.000000,1,0
772,6,315.0995,516.5811,167.2452,21.2064,1.000000,0,1
773,1,952.4233,472.9148,353.4624,79.4746,1.000000,0,1
773,2,712.5225,517.7900,42.1859,19.2077,1.000000,0,1
773,3,594.1899,516.3712,109.8004,15.9525,1.000000,0,1
773,4,-99.0432,498.6354,395.7211,58.8254,1.000000,0,1
773,5,651.7416,518.3485,38.8773,22.1689,1.000000,1,0
773,6,315.5960,516.4614,167.2558,21.1981,1.000000,0,1
774,1,952.7183,472.8177,353.5404,79.4774,1.000000,0,1
774,2,711.9506,517.8093,42.1717,19.2063,1.000000,0,1
774,3,594.8522,516.3461,109.8148,15.9550,1.000000,0,1
774,4,-99.4818,498.6081,395.6542,58.8124,1.000000,0,1
774,5,651.2227,518.3481,38.8749,22.1666,1.000000,1,0
774,6,316.0910,516.3305,167.2671,21.2002,1.000000,0,1
775,1,953.0125,472.7220,353.6179,79.4801,1.000000,0,1
775,2,711.3793,517.8295,42.1577,19.2049,1.000000,0,1
775,3,595.5134,516.3163,109.8295,15.9574,1.000000,0,1
775,4,-99.9168,498.5815,395.5854,58.7991,1.000000,0,1
775,5,650.7044,518.3477,38.8723,22.1644,1.000000,1,0
775,6,316.5840,516.2008,167.2792,21.2024,1.000000,0,1
776,1,953.3070,472.6257,353.6952,79.4827,1.000000,0,1
776,2,710.8094,517.8522,42.1436,19.2035,1.000000,0,1
776,3,596.1738,516.2798,109.8440,15.9598,1.000000,0,1
776,4,-100.3483,498.5545,395.5140,58.7854,1.000000,0,1
776,5,650.1868,518.3484,38.8697,22.1623,1.000000,1,0
776,6,317.0756,516.0695,167.2921,21.2046,1.000000,0,1
777,1,953.6012,472.5299,353.7719,79.4852,1.000000,0,1
777,2,710.2404,517.8757,42.1295,19.2022,1.000000,0,1
777,3,596.8329,516.2380,109.8589,15.9621,1.000000,0,1
777,4,-100.7758,498.5273,395.4405,58.7714,1.000000,0,1
777,5,649.6695,518.3494,38.8672,22.1602,1.000000,1,0
777,6,317.5655,515.9387,167.3055,21.2070,1.000000,0,1
778,1,953.8947,472.4354,353.8480,79.4876,1.000000,0,1
778,2,709.6716,517.8989,42.1155,19.2009,1.000000,0,1
778,3,597.4910,516.1917,109.8739,15.9646,1.000000,0,1
778,4,-101.2002,498.5001,395.3652,58.7571,1.000000,0,1
778,5,649.1523,518.3499,38.8648,22.1581,1.000000,1,0
778,6,318.0534,515.8105,167.3198,21.2095,1.000000,0,1
779,1,954.1885,472.3403,353.9243,79.4901,1.000000,0,1
779,2,709.1041,517.9233,42.1014,19.1997,1.000000,0,1
779,3,598.1484,516.1385,109.8892,15.9670,1.000000,0,1
779,4,-101.6212,498.4716,395.2875,58.7423,1.000000,0,1
779,5,648.6356,518.3513,38.8623,22.1559,1.000000,1,0
779,6,318.5399,515.6824,167.3348,21.2121,1.000000,0,1
780,1,954.4824,472.2457,354.0000,79.4925,1.000000,0,1
780,2,708.5371,517.9479,42.0875,19.1984,1.000000,0.0625,0.9375
780,3,598.8049,516.0812,109.9045,15.9694,1.000000,0,1
780,4,-102.0386,498.4422,395.2078,58.7272,1.000000,0,1
780,5,648.1191,518.3528,38.8597,22.1538,1.000000,1,0
780,6,319.0245,515.5563,167.3505,21.2148,1.000000,0,1
781,1,954.7758,472.1525,354.0763,79.4950,1.000000,0,1
781,2,707.9705,517.9717,42.0735,19.1972,1.000000,0,1
781,3,599.4598,516.0212,109.9203,15.9717,1.000000,0,1
781,4,-102.4528,498.4122,395.1262,58.7119,1.000000,0,1
781,5,647.6025,518.3535,38.8574,22.1517,1.000000,1,0
781,6,319.5070,515.4341,167.3672,21.2176,1.000000,0,1
782,1,955.0699,472.0591,354.1530,79.4976,1.000000,0,1
782,2,707.4048,517.9964,42.0598,19.1960,1.000000,0.0625,0.9375
782,3,600.1138,515.9557,109.9363,15.9742,1.000000,0,1
782,4,-102.8634,498.3801,395.0425,58.6961,1.000000,0,1
782,5,647.0861,518.3549,38.8550,22.1497,1.000000,1,0
782,6,319.9887,515.3136,167.3844,21.2205,1.000000,0,1
783,1,955.3643,471.9662,354.2297,79.5002,1.000000,0,1
783,2,706.8398,518.0209,42.0459,19.1948,1.000000,0.125,0.875
783,3,600.7668,515.8867,109.9527,15.9766,1.000000,0,1
783,4,-103.2708,498.3464,394.9568,58.6799,1.000000,0,1
783,5,646.5696,518.3556,38.8527,22.1477,1.000000,1,0
783,6,320.4699,515.1964,167.4021,21.2235,1.000000,0,1
784,1,955.6583,471.8746,354.3063,79.5029,1.000000,0,1
784,2,706.2750,518.0443,42.0320,19.1936,1.000000,0.0625,0.9375
784,3,601.4185,515.8157,109.9692,15.9791,1.000000,0,1
784,4,-103.6752,498.3113,394.8696,58.6635,1.000000,0,1
784,5,646.0528,518.3552,38.8503,22.1456,1.000000,1,0
784,6,320.9504,515.0842,167.4203,21.2267,1.000000,0,1
785,1,955.9531,471.7830,354.3838,79.5056,1.000000,0,1
785,2,705.7114,518.0676,42.0183,19.1924,1.000000,0.25,0.75
785,3,602.0695,515.7400,109.9861,15.9816,1.000000,0,1
785,4,-104.0762,498.2732,394.7804,58.6468,1.000000,0,1
785,5,645.5359,518.3547,38.8480,22.1436,1.000000,1,0
785,6,321.4309,514.9749,167.4389,21.2299,1.000000,0,1
786,1,956.2483,471.6926,354.4619,79.5086,1.000000,0,1
786,2,705.1483,518.0903,42.0046,19.1912,1.000000,0.125,0.875
786,3,602.7194,515.6617,110.0034,15.9841,1.000000,0,1
786,4,-104.4749,498.2328,394.6898,58.6296,1.000000,0,1
786,5,645.0186,518.3531,38.8458,22.1415,1.000000,1,0
786,6,321.9112,514.8691,167.4579,21.2331,1.000000,0,1
787,1,956.5437,471.6047,354.5405,79.5117,1.000000,0,1
787,2,704.5853,518.1119,41.9909,19.1899,1.000000,0.1875,0.8125
787,3,603.3682,515.5823,110.0208,15.9867,1.000000,0,1
787,4,-104.8717,498.1900,394.5980,58.6124,1.000000,0,1
787,5,644.5007,518.3503,38.8435,22.1394,1.000000,1,0
787,6,322.3909,514.7680,167.4775,21.2365,1.000000,0,1
788,1,956.8402,471.5178,354.6200,79.5150,1.000000,0,1
788,2,704.0236,518.1334,41.9772,19.1887,1.000000,0.3125,0.6875
788,3,604.0164,515.4991,110.0386,15.9893,1.000000,0,1
788,4,-105.2657,498.1434,394.5046,58.5947,1.000000,0,1
788,5,643.9816,518.3469,38.8415,22.1373,1.000000,1,0
788,6,322.8708,514.6707,167.4976,21.2400,1.000000,0,1
789,1,957.1373,471.4329,354.7001,79.5185,1.000000,0,1
789,2,703.4622,518.1543,41.9634,19.1874,1.000000,0.125,0.875
789,3,604.6638,515.4142,110.0566,15.9919,1.000000,0,1
789,4,-105.6572,498.0938,394.4102,58.5768,1.000000,0,1
789,5,643.4620,518.3420,38.8393,22.1352,1.000000,1,0
789,6,323.3509,514.5773,167.5180,21.2436,1.000000,0,1
790,1,957.4347,471.3511,354.7811,79.5223,1.000000,0,1
790,2,702.9007,518.1741,41.9497,19.1860,1.000000,0.5,0.5
790,3,605.3101,515.3290,110.0750,15.9946,1.000000,0,1
790,4,-106.0481,498.0417,394.3161,58.5590,1.000000,0,1
790,5,642.9419,518.3354,38.8373,22.1331,1.000000,1,0
790,6,323.8309,514.4883,167.5388,21.2472,1.000000,0,1
791,1,957.7337,471.2712,354.8630,79.5263,1.000000,0,1
791,2,702.3396,518.1931,41.9358,19.1846,1.000000,0.375,0.625
791,3,605.9557,515.2404,110.0937,15.9972,1.000000,0,1
791,4,-106.4381,497.9847,394.2213,58.5409,1.000000,0,1
791,5,642.4216,518.3279,38.8352,22.1309,1.000000,1,0
791,6,324.3102,514.4036,167.5599,21.2510,1.000000,0,1
792,1,958.0333,471.1941,354.9453,79.5303,1.000000,0,1
792,2,701.7785,518.2113,41.9218,19.1831,1.000000,0.625,0.375
792,3,606.6007,515.1500,110.1125,15.9999,1.000000,0,1
792,4,-106.8269,497.9241,394.1261,58.5226,1.000000,0,1
792,5,641.9010,518.3190,38.8333,22.1287,1.000000,1,0
792,6,324.7888,514.3229,167.5813,21.2548,1.000000,0,1
793,1,958.3331,471.1205,355.0281,79.5346,1.000000,0,1
793,2,701.2168,518.2284,41.9079,19.1815,1.000000,0.5,0.5
793,3,607.2446,515.0595,110.1316,16.0026,1.000000,0,1
793,4,-107.2151,497.8604,394.0312,58.5044,1.000000,0,1
793,5,641.3802,518.3087,38.8313,22.1265,1.000000,1,0
793,6,325.2673,514.2454,167.6029,21.2586,1.000000,0,1
794,1,958.6340,471.0497,355.1122,79.5392,1.000000,0,1
794,2,700.6552,518.2445,41.8937,19.1798,1.000000,0.25,0.75
794,3,607.8881,514.9659,110.1509,16.0053,1.000000,0,1
794,4,-107.6038,497.7912,393.9365,58.4861,1.000000,0,1
794,5,640.8594,518.2974,38.8294,22.1243,1.000000,1,0
794,6,325.7456,514.1700,167.6251,21.2626,1.000000,0,1
795,1,958.9353,470.9822,355.1968,79.5441,1.000000,0,1
795,2,700.0933,518.2592,41.8796,19.1780,1.000000,0.5,0.5
795,3,608.5308,514.8708,110.1703,16.0081,1.000000,0,1
795,4,-107.9932,497.7180,393.8428,58.4678,1.000000,0,1
795,5,640.3386,518.2851,38.8276,22.1221,1.000000,1,0
795,6,326.2238,514.0971,167.6476,21.2666,1.000000,0,1
796,1,959.2361,470.9186,355.2812,79.5490,1.000000,0,1
796,2,699.5309,518.2724,41.8652,19.1762,1.000000,0.3125,0.6875
796,3,609.1724,514.7759,110.1898,16.0109,1.000000,0,1
796,4,-108.3827,497.6420,393.7496,58.4496,1.000000,0,1
796,5,639.8162,518.2716,38.8273,22.1198,1.000000,1,0
796,6,326.7017,514.0273,167.6704,21.2707,1.000000,0,1
797,1,959.5375,470.8583,355.3663,79.5542,1.000000,0,1
797,2,698.9682,518.2844,41.8509,19.1743,1.000000,0.4375,0.5625
797,3,609.8132,514.6782,110.2098,16.0136,1.000000,0,1
797,4,-108.7732,497.5607,393.6572,58.4314,1.000000,0,1
797,5,639.2911,518.2574,38.8299,22.1176,1.000000,1,0
797,6,327.1797,513.9603,167.6935,21.2748,1.000000,0,1
798,1,959.8388,470.8015,355.4515,79.5595,1.000000,0,1
798,2,698.4052,518.2951,41.8363,19.1722,1.000000,0.5,0.5
798,3,610.4534,514.5798,110.2299,16.0165,1.000000,0,1
798,4,-109.1641,497.4762,393.5652,58.4131,1.000000,0,1
798,5,638.7662,518.2426,38.8326,22.1154,1.000000,1,0
798,6,327.6575,513.8962,167.7168,21.2790,1.000000,0,1
799,1,960.1395,470.7487,355.5363,79.5649,1.000000,0,1
799,2,697.8418,518.3041,41.8218,19.1701,1.000000,0.5625,0.4375
799,3,611.0927,514.4830,110.2501,16.0193,1.000000,0,1
799,4,-109.5564,497.3894,393.4747,58.3951,1.000000,0,1
799,5,638.2413,518.2273,38.8352,22.1132,1.000000,1,0
799,6,328.1348,513.8362,167.7406,21.2833,1.000000,0,1
800,1,960.4406,470.6990,355.6213,79.5703,1.000000,0,1
800,2,697.2788,518.3112,41.8070,19.1678,1.000000,0.625,0.375
800,3,611.7313,514.3850,110.2704,16.0222,1.000000,0,1
800,4,-109.9497,497.2980,393.3848,58.3770,1.000000,0,1
800,5,637.7168,518.2117,38.8378,22.1110,1.000000,1,0
800,6,328.6115,513.7803,167.7647,21.2877,1.000000,0,1
801,1,960.7413,470.6525,355.7057,79.5758,1.000000,0,1
801,2,696.7156,518.3165,41.7923,19.1655,1.000000,0.625,0.375
801,3,612.3693,514.2878,110.2908,16.0251,1.000000,0,1
801,4,-110.3438,497.2037,393.2956,58.3591,1.000000,0,1
801,5,637.1924,518.1962,38.8406,22.1087,1.000000,1,0
801,6,329.0876,513.7291,167.7892,21.2921,1.000000,0,1
802,1,961.0413,470.6099,355.7896,79.5812,1.000000,0,1
802,2,696.1520,518.3202,41.7776,19.1631,1.000000,0.625,0.375
802,3,613.0065,514.1938,110.3113,16.0280,1.000000,0,1
802,4,-110.7379,497.1081,393.2073,58.3412,1.000000,0,1
802,5,636.6680,518.1811,38.8434,22.1067,1.000000,1,0
802,6,329.5630,513.6833,167.8140,21.2966,1.000000,0,1
803,1,961.3414,470.5709,355.8729,79.5867,1.000000,0,1
803,2,695.5877,518.3214,41.7628,19.1606,1.000000,0.8125,0.1875
803,3,613.6433,514.1002,110.3318,16.0309,1.000000,0,1
803,4,-111.1331,497.0084,393.1197,58.3234,1.000000,0,1
803,5,636.1438,518.1665,38.8461,22.1045,1.000000,1,0
803,6,330.0381,513.6427,167.8392,21.3013,1.000000,0,1
804,1,961.6412,470.5351,355.9559,79.5922,1.000000,0,1
804,2,695.0227,518.3207,41.7481,19.1580,1.000000,0.75,0.25
804,3,614.2797,514.0085,110.3523,16.0339,1.000000,0,1
804,4,-111.5300,496.9070,393.0334,58.3057,1.000000,0,1
804,5,635.6197,518.1523,38.8489,22.1024,1.000000,1,0
804,6,330.5132,513.6074,167.8646,21.3060,1.000000,0,1
805,1,961.9406,470.5033,356.0386,79.5977,1.000000,0,1
805,2,694.4571,518.3184,41.7333,19.1554,1.000000,0.75,0.25
805,3,614.9155,513.9209,110.3727,16.0367,1.000000,0,1
805,4,-111.9276,496.8060,392.9484,58.2883,1.000000,0,1
805,5,635.0955,518.1390,38.8516,22.1003,1.000000,0.9375,0.0625
805,6,330.9886,513.5778,167.8900,21.3108,1.000000,0,1
806,1,962.2393,470.4757,356.1199,79.6032,1.000000,0,1
806,2,693.8906,518.3141,41.7186,19.1527,1.000000,0.75,0.25
806,3,615.5514,513.8349,110.3931,16.0397,1.000000,0,1
806,4,-112.3241,496.7018,392.8635,58.2708,1.000000,0,1
806,5,634.5714,518.1266,38.8544,22.0982,1.000000,0.9375,0.0625
806,6,331.4655,513.5546,167.9154,21.3155,1.000000,0,1
807,1,962.5374,470.4515,356.2002,79.6084,1.000000,0,1
807,2,693.3234,518.3081,41.7039,19.1500,1.000000,1,0
807,3,616.1872,513.7516,110.4132,16.0426,1.000000,0,1
807,4,-112.7207,496.5963,392.7795,58.2534,1.000000,0,1
807,5,634.0476,518.1151,38.8571,22.0961,1.000000,1,0
807,6,331.9434,513.5375,167.9407,21.3203,1.000000,0,1
808,1,962.8350,470.4306,356.2798,79.6137,1.000000,0,1
808,2,692.7557,518.3010,41.6892,19.1473,1.000000,0.625,0.375
808,3,616.8233,513.6721,110.4332,16.0456,1.000000,0,1
808,4,-113.1182,496.4916,392.6972,58.2363,1.000000,0,1
808,5,633.5241,518.1044,38.8596,22.0941,1.000000,0.9375,0.0625
808,6,332.4231,513.5266,167.9655,21.3252,1.000000,0,1
809,1,963.1322,470.4138,356.3585,79.6189,1.000000,0,1
809,2,692.1870,518.2917,41.6745,19.1444,1.000000,0.875,0.125
809,3,617.4600,513.5956,110.4528,16.0484,1.000000,0,1
809,4,-113.5143,496.3837,392.6149,58.2192,1.000000,0,1
809,5,633.0005,518.0942,38.8622,22.0920,1.000000,0.9375,0.0625
809,6,332.9045,513.5227,167.9898,21.3300,1.000000,0,1
810,1,963.4287,470.4006,356.4364,79.6241,1.000000,0,1
810,2,691.6177,518.2811,41.6599,19.1416,1.000000,0.875,0.125
810,3,618.0970,513.5225,110.4722,16.0513,1.000000,0,1
810,4,-113.9103,496.2747,392.5330,58.2021,1.000000,0,1
810,5,632.4769,518.0842,38.8647,22.0899,1.000000,0.9375,0.0625
810,6,333.3883,513.5243,168.0135,21.3349,1.000000,0,1
811,1,963.7245,470.3909,356.5135,79.6292,1.000000,0,1
811,2,691.0481,518.2697,41.6454,19.1388,1.000000,1,0
811,3,618.7346,513.4540,110.4912,16.0541,1.000000,0,1
811,4,-114.3068,496.1664,392.4521,58.1852,1.000000,0,1
811,5,631.9531,518.0742,38.8671,22.0877,1.000000,0.9375,0.0625
811,6,333.8741,513.5317,168.0367,21.3396,1.000000,0,1
812,1,964.0200,470.3853,356.5897,79.6343,1.000000,0,1
812,2,690.4778,518.2568,41.6309,19.1358,1.000000,0.8125,0.1875
812,3,619.3730,513.3882,110.5098,16.0570,1.000000,0,1
812,4,-114.7038,496.0558,392.3717,58.1683,1.000000,0,1
812,5,631.4291,518.0638,38.8694,22.0855,1.000000,1,0
812,6,334.3621,513.5447,168.0592,21.3444,1.000000,0,1
813,1,964.3151,470.3829,356.6658,79.6394,1.000000,0,1
813,2,689.9076,518.2429,41.6268,19.1331,1.000000,0.9375,0.0625
813,3,620.0123,513.3260,110.5282,16.0598,1.000000,0,1
813,4,-115.1016,495.9446,392.2919,58.1516,1.000000,0,1
813,5,630.9050,518.0534,38.8715,22.0832,1.000000,0.875,0.125
813,6,334.8525,513.5616,168.0811,21.3491,1.000000,0,1
814,1,964.6094,470.3836,356.7407,79.6444,1.000000,0,1
814,2,689.3378,518.2287,41.6242,19.1302,1.000000,1,0
814,3,620.6526,513.2685,110.5459,16.0625,1.000000,0,1
814,4,-115.5021,495.8351,392.2142,58.1351,1.000000,0,1
814,5,630.3811,518.0433,38.8736,22.0808,1.000000,1,0
814,6,335.3457,513.5815,168.1022,21.3537,1.000000,0,1
815,1,964.9033,470.3885,356.8149,79.6494,1.000000,0,1
815,2,688.7678,518.2130,41.6218,19.1273,1.000000,1,0
815,3,621.2941,513.2137,110.5632,16.0651,1.000000,0,1
815,4,-115.9037,495.7245,392.1371,58.1187,1.000000,0,1
815,5,629.8571,518.0327,38.8755,22.0783,1.000000,0.9375,0.0625
815,6,335.8411,513.6051,168.1226,21.3583,1.000000,0,1
816,1,965.1965,470.3965,356.8885,79.6544,1.000000,0,1
816,2,688.1974,518.1967,41.6195,19.1245,1.000000,0.9375,0.0625
816,3,621.9366,513.1619,110.5942,16.0678,1.000000,0,1
816,4,-116.3065,495.6149,392.0607,58.1025,1.000000,0,1
816,5,629.3330,518.0223,38.8774,22.0758,1.000000,0.9375,0.0625
816,6,336.3386,513.6307,168.1424,21.3628,1.000000,0,1
817,1,965.4890,470.4071,356.9617,79.6594,1.000000,0,1
817,2,687.6266,518.1804,41.6172,19.1216,1.000000,1,0
817,3,622.5802,513.1141,110.6298,16.0703,1.000000,0,1
817,4,-116.7120,495.5082,391.9858,58.0867,1.000000,0,1
817,5,628.8092,518.0123,38.8791,22.0733,1.000000,0.875,0.125
817,6,336.8385,513.6570,168.1615,21.3673,1.000000,0,1
818,1,965.7808,470.4218,357.0342,79.6644,1.000000,0,1
818,2,687.0545,518.1634,41.6149,19.1189,1.000000,1,0
818,3,623.2250,513.0696,110.6650,16.0729,1.000000,0,1
818,4,-117.1195,495.4011,391.9121,58.0710,1.000000,0,1
818,5,628.2855,518.0019,38.8807,22.0707,1.000000,0.875,0.125
818,6,337.3404,513.6848,168.1798,21.3716,1.000000,0,1
819,1,966.0721,470.4394,357.1064,79.6694,1.000000,0,1
819,2,686.4818,518.1464,41.6127,19.1160,1.000000,1,0
819,3,623.8711,513.0282,110.6998,16.0753,1.000000,0,1
819,4,-117.5294,495.2951,391.8397,58.0555,1.000000,0,1
819,5,627.7621,517.9913,38.8822,22.0680,1.000000,0.9375,0.0625
819,6,337.8442,513.7131,168.1975,21.3759,1.000000,0,1
820,1,966.3626,470.4595,357.1784,79.6745,1.000000,0,1
820,2,685.9086,518.1298,41.6105,19.1133,1.000000,1,0
820,3,624.5186,512.9899,110.7340,16.0777,1.000000,0,1
820,4,-117.9433,495.1915,391.7696,58.0404,1.000000,0,1
820,5,627.2393,517.9807,38.8837,22.0652,1.000000,0.9375,0.0625
820,6,338.3495,513.7413,168.2145,21.3801,1.000000,0,1
821,1,966.6525,470.4839,357.2496,79.6796,1.000000,0,1
821,2,685.3342,518.1133,41.6085,19.1105,1.000000,1,0
821,3,625.1674,512.9544,110.7678,16.0801,1.000000,0,1
821,4,-118.3611,495.0880,391.7009,58.0256,1.000000,0,1
821,5,626.7176,517.9694,38.8850,22.0624,1.000000,1,0
821,6,338.8556,513.7698,168.2310,21.3842,1.000000,0,1
822,1,966.9420,470.5110,357.3208,79.6848,1.000000,0,1
822,2,684.7592,518.0970,41.6061,19.1077,1.000000,1,0
822,3,625.8177,512.9216,110.8011,16.0824,1.000000,0,1
822,4,-118.7827,494.9855,391.6343,58.0111,1.000000,0,1
822,5,626.1967,517.9575,38.8862,22.0595,1.000000,0.875,0.125
822,6,339.3629,513.7975,168.2469,21.3882,1.000000,0,1
823,1,967.2308,470.5401,357.3915,79.6899,1.000000,0,1
823,2,684.1838,518.0812,41.6041,19.1050,1.000000,1,0
823,3,626.4698,512.8917,110.8340,16.0847,1.000000,0,1
823,4,-119.2060,494.8849,391.5687,57.9968,1.000000,0,1
823,5,625.6762,517.9457,38.8873,22.0566,1.000000,0.875,0.125
823,6,339.8718,513.8233,168.2623,21.3922,1.000000,0,1
824,1,967.5192,470.5726,357.4619,79.6950,1.000000,0,1
824,2,683.6075,518.0658,41.6019,19.1023,1.000000,1,0
824,3,627.1233,512.8651,110.8667,16.0869,1.000000,0,1
824,4,-119.6337,494.7829,391.5052,57.9829,1.000000,0,1
824,5,625.1560,517.9326,38.8885,22.0536,1.000000,0.875,0.125
824,6,340.3813,513.8482,168.2776,21.3962,1.000000,0,1
825,1,967.8073,470.6075,357.5318,79.7003,1.000000,0,1
825,2,683.0309,518.0506,41.5999,19.0996,1.000000,1,0
825,3,627.7784,512.8413,110.8990,16.0891,1.000000,0,1
825,4,-120.0647,494.6809,391.4435,57.9692,1.000000,0,1
825,5,624.6361,517.9189,38.8896,22.0506,1.000000,1,0
825,6,340.8924,513.8718,168.2922,21.4000,1.000000,0,1
826,1,968.0948,470.6441,357.6017,79.7055,1.000000,0,1
826,2,682.4539,518.0358,41.5978,19.0969,1.000000,1,0
826,3,628.4356,512.8208,110.9308,16.0912,1.000000,0,1
826,4,-120.4987,494.5796,391.3839,57.9559,1.000000,0,1
826,5,624.1165,517.9050,38.8907,22.0476,1.000000,0.75,0.25
826,6,341.4048,513.8940,168.3065,21.4038,1.000000,0,1
827,1,968.3810,470.6838,357.6711,79.7108,1.000000,0,1
827,2,681.8761,518.0209,41.5957,19.0942,1.000000,1,0
827,3,629.0945,512.8041,110.9625,16.0933,1.000000,0,1
827,4,-120.9361,494.4754,391.3263,57.9428,1.000000,0,1
827,5,623.5969,517.8898,38.8918,22.0445,1.000000,0.875,0.125
827,6,341.9179,513.9160,168.3205,21.4076,1.000000,0,1
828,1,968.6667,470.7254,357.7397,79.7160,1.000000,0,1
828,2,681.2982,518.0059,41.5936,19.0916,1.000000,1,0
828,3,629.7552,512.7905,110.9938,16.0954,1.000000,0,1
828,4,-121.3772,494.3689,391.2707,57.9300,1.000000,0,1
828,5,623.0776,517.8739,38.8926,22.0414,1.000000,0.875,0.125
828,6,342.4323,513.9376,168.3342,21.4113,1.000000,0,1
829,1,968.9519,470.7683,357.8081,79.7212,1.000000,0,1
829,2,680.7203,517.9912,41.5916,19.0889,1.000000,1,0
829,3,630.4177,512.7799,111.0246,16.0975,1.000000,0,1
829,4,-121.8238,494.2603,391.2177,57.9176,1.000000,0,1
829,5,622.5586,517.8575,38.8937,22.0382,1.000000,0.8125,0.1875
829,6,342.9482,513.9589,168.3473,21.4149,1.000000,0,1
830,1,969.2354,470.8143,357.8755,79.7263,1.000000,0,1
830,2,680.1420,517.9766,41.5895,19.0862,1.000000,1,0
830,3,631.0821,512.7742,111.0553,16.0994,1.000000,0,1
830,4,-122.2768,494.1469,391.1672,57.9055,1.000000,0,1
830,5,622.0397,517.8400,38.8947,22.0349,1.000000,0.625,0.375
830,6,343.4650,513.9807,168.3601,21.4186,1.000000,0,1
831,1,969.5179,470.8623,357.9425,79.7315,1.000000,0,1
831,2,679.5639,517.9619,41.5875,19.0836,1.000000,1,0
831,3,631.7483,512.7722,111.0856,16.1015,1.000000,0,1
831,4,-122.7361,494.0303,391.1200,57.8938,1.000000,0,1
831,5,621.5209,517.8217,38.8956,22.0317,1.000000,0.5625,0.4375
831,6,343.9831,514.0027,168.3725,21.4222,1.000000,0,1
832,1,969.7998,470.9111,358.0089,79.7365,1.000000,0,1
832,2,678.9863,517.9473,41.5855,19.0809,1.000000,1,0
832,3,632.4164,512.7740,111.1157,16.1034,1.000000,0,1
832,4,-123.2011,493.9116,391.0756,57.8824,1.000000,0,1
832,5,621.0024,517.8031,38.8967,22.0285,1.000000,0.625,0.375
832,6,344.5026,514.0248,168.3844,21.4256,1.000000,0,1
833,1,970.0797,470.9620,358.0740,79.7414,1.000000,0,1
833,2,678.4091,517.9324,41.5834,19.0783,1.000000,1,0
833,3,633.0865,512.7806,111.1454,16.1054,1.000000,0,1
833,4,-123.6733,493.7885,391.0338,57.8715,1.000000,0,1
833,5,620.4840,517.7830,38.8976,22.0252,1.000000,0.75,0.25
833,6,345.0233,514.0475,168.3960,21.4291,1.000000,0,1
834,1,970.3583,471.0140,358.1384,79.7463,1.000000,0,1
834,2,677.8325,517.9175,41.5814,19.0757,1.000000,1,0
834,3,633.7584,512.7907,111.1747,16.1073,1.000000,0,1
834,4,-124.1534,493.6625,390.9961,57.8610,1.000000,0,1
834,5,619.9658,517.7620,38.8986,22.0219,1.000000,0.5,0.5
834,6,345.5455,514.0704,168.4070,21.4325,1.000000,0,1
835,1,970.6360,471.0666,358.2025,79.7510,1.000000,0,1
835,2,677.2570,517.9026,41.5794,19.0731,1.000000,1,0
835,3,634.4323,512.8044,111.2039,16.1091,1.000000,0,1
835,4,-124.6416,493.5352,390.9616,57.8512,1.000000,0,1
835,5,619.4480,517.7409,38.8997,22.0185,1.000000,0.5,0.5
835,6,346.0693,514.0931,168.4174,21.4359,1.000000,0,1
836,1,970.9117,471.1206,358.2645,79.7556,1.000000,0,1
836,2,676.6824,517.8874,41.5775,19.0705,1.000000,1,0
836,3,635.1080,512.8229,111.2328,16.1110,1.000000,0,1
836,4,-125.1377,493.4049,390.9312,57.8418,1.000000,0,1
836,5,618.9310,517.7178,38.9006,22.0152,1.000000,0.4375,0.5625
836,6,346.5945,514.1165,168.4272,21.4391,1.000000,0,1
837,1,971.1859,471.1750,358.3260,79.7601,1.000000,0,1
837,2,676.1089,517.8722,41.5756,19.0679,1.000000,1,0
837,3,635.7856,512.8446,111.2615,16.1128,1.000000,0,1
837,4,-125.6417,493.2733,390.9043,57.8331,1.000000,0,1
837,5,618.4146,517.6938,38.9017,22.0118,1.000000,0.4375,0.5625
837,6,347.1215,514.1395,168.4364,21.4423,1.000000,0,1
838,1,971.4594,471.2292,358.3867,79.7643,1.000000,0,1
838,2,675.5369,517.8571,41.5738,19.0653,1.000000,1,0
838,3,636.4649,512.8688,111.2899,16.1147,1.000000,0,1
838,4,-126.1550,493.1427,390.8815,57.8250,1.000000,0,1
838,5,617.8989,517.6692,38.9028,22.0084,1.000000,0.5,0.5
838,6,347.6505,514.1614,168.4451,21.4454,1.000000,0,1
839,1,971.7308,471.2844,358.4457,79.7683,1.000000,0,1
839,2,674.9664,517.8414,41.5720,19.0627,1.000000,1,0
839,3,637.1459,512.8976,111.3178,16.1165,1.000000,0,1
839,4,-126.6773,493.0107,390.8632,57.8174,1.000000,0,1
839,5,617.3830,517.6421,38.9038,22.0049,1.000000,0.3125,0.6875
839,6,348.1810,514.1827,168.4531,21.4484,1.000000,0,1
840,1,972.0010,471.3396,358.5041,79.7722,1.000000,0,1
840,2,674.3973,517.8257,41.5702,19.0602,1.000000,1,0
840,3,637.8287,512.9288,111.3455,16.1182,1.000000,0,1
840,4,-127.2079,492.8790,390.8483,57.8105,1.000000,0,1
840,5,616.8672,517.6137,38.9049,22.0014,1.000000,0.5,0.5
840,6,348.7131,514.2028,168.4606,21.4514,1.000000,0,1
841,1,972.2706,471.3938,358.5618,79.7760,1.000000,0,1
841,2,673.8297,517.8103,41.5685,19.0577,1.000000,1,0
841,3,638.5132,512.9612,111.3730,16.1199,1.000000,0,1
841,4,-127.7460,492.7501,390.8371,57.8043,1.000000,0,1
841,5,616.3518,517.5853,38.9059,21.9978,1.000000,0.25,0.75
841,6,349.2468,514.2207,168.4677,21.4542,1.000000,0,1
842,1,972.5388,471.4479,358.6183,79.7796,1.000000,0,1
842,2,673.2638,517.7944,41.5668,19.0552,1.000000,1,0
842,3,639.1992,512.9966,111.4003,16.1216,1.000000,0,1
842,4,-128.2944,492.6226,390.8304,57.7988,1.000000,0,1
842,5,615.8361,517.5546,38.9069,21.9942,1.000000,0.25,0.75
842,6,349.7818,514.2371,168.4742,21.4570,1.000000,0,1
843,1,972.8061,471.5012,358.6741,79.7830,1.000000,0,1
843,2,672.6990,517.7784,41.5651,19.0526,1.000000,1,0
843,3,639.8864,513.0338,111.4276,16.1233,1.000000,0,1
843,4,-128.8510,492.4977,390.8275,57.7939,1.000000,0,1
843,5,615.3206,517.5232,38.9079,21.9906,1.000000,0.5,0.5
843,6,350.3179,514.2515,168.4802,21.4597,1.000000,0,1
844,1,973.0730,471.5528,358.7300,79.7864,1.000000,0,1
844,2,672.1353,517.7628,41.5635,19.0502,1.000000,1,0
844,3,640.5716,513.0721,111.4579,16.1250,1.000000,0,1
844,4,-129.4173,492.3762,390.8283,57.7897,1.000000,0,1
844,5,614.8054,517.4918,38.9089,21.9869,1.000000,0.125,0.875
844,6,350.8546,514.2635,168.4859,21.4624,1.000000,0,1
845,1,973.3387,471.6035,358.7850,79.7896,1.000000,0,1
845,2,671.5728,517.7474,41.5619,19.0478,1.000000,1,0
845,3,641.2573,513.1129,111.4891,16.1267,1.000000,0,1
845,4,-129.9961,492.2571,390.8334,57.7862,1.000000,0,1
845,5,614.2900,517.4586,38.9099,21.9832,1.000000,0.25,0.75
845,6,351.3921,514.2728,168.4911,21.4650,1.000000,0,1
846,1,973.6041,471.6530,358.8397,79.7927,1.000000,0,1
846,2,671.0116,517.7324,41.5603,19.0454,1.000000,1,0
846,3,641.9437,513.1545,111.5203,16.1284,1.000000,0,1
846,4,-130.5849,492.1415,390.8420,57.7833,1.000000,0,1
846,5,613.7749,517.4249,38.9108,21.9794,1.000000,0.4375,0.5625
846,6,351.9297,514.2795,168.4962,21.4675,1.000000,0,1
847,1,973.8695,471.7006,358.8943,79.7958,1.000000,0,1
847,2,670.4514,517.7181,41.5587,19.0430,1.000000,1,0
847,3,642.6311,513.1958,111.5513,16.1301,1.000000,0,1
847,4,-131.1813,492.0315,390.8535,57.7810,1.000000,0,1
847,5,613.2602,517.3918,38.9117,21.9756,1.000000,0.375,0.625
847,6,352.4675,514.2835,168.5009,21.4699,1.000000,0,1
848,1,974.1340,471.7465,358.9485,79.7987,1.000000,0,1
848,2,669.8927,517.7042,41.5570,19.0406,1.000000,1,0
848,3,643.3191,513.2384,111.5823,16.1317,1.000000,0,1
848,4,-131.7869,491.9266,390.8683,57.7794,1.000000,0,1
848,5,612.7454,517.3571,38.9126,21.9717,1.000000,0,1
848,6,353.0051,514.2843,168.5055,21.4723,1.000000,0,1
849,1,974.3988,471.7906,359.0031,79.8017,1.000000,0,1
849,2,669.3350,517.6907,41.5554,19.0382,1.000000,1,0
849,3,644.0077,513.2813,111.6133,16.1334,1.000000,0,1
849,4,-132.4004,491.8273,390.8868,57.7784,1.000000,0,1
849,5,612.2308,517.3220,38.9135,21.9678,1.000000,0.0625,0.9375
849,6,353.5423,514.2821,168.5098,21.4747,1.000000,0,1
850,1,974.6640,471.8325,359.0577,79.8046,1.000000,0,1
850,2,668.7778,517.6778,41.5538,19.0359,1.000000,1,0
850,3,644.6966,513.3230,111.6444,16.1350,1.000000,0,1
850,4,-133.0202,491.7353,390.9077,57.7781,1.000000,0,1
850,5,611.7167,517.2878,38.9143,21.9640,1.000000,0.1875,0.8125
850,6,354.0785,514.2769,168.5144,21.4770,1.000000,0,1
851,1,974.9289,471.8724,359.1126,79.8075,1.000000,0,1
851,2,668.2220,517.6647,41.5519,19.0335,1.000000,1,0
851,3,645.3852,513.3657,111.6757,16.1368,1.000000,0,1
851,4,-133.6481,491.6485,390.9318,57.7783,1.000000,0,1
851,5,611.2021,517.2524,38.9150,21.9600,1.000000,0.125,0.875
851,6,354.6141,514.2683,168.5188,21.4793,1.000000,0,1
852,1,975.1940,471.9100,359.1678,79.8103,1.000000,0,1
852,2,667.6669,517.6518,41.5502,19.0310,1.000000,1,0
852,3,646.0735,513.4084,111.7069,16.1385,1.000000,0,1
852,4,-134.2824,491.5660,390.9586,57.7790,1.000000,0,1
852,5,610.6874,517.2171,38.9157,21.9561,1.000000,0.1875,0.8125
852,6,355.1485,514.2571,168.5235,21.4817,1.000000,0,1
853,1,975.4601,471.9451,359.2238,79.8133,1.000000,0,1
853,2,667.1124,517.6392,41.5483,19.0286,1.000000,1,0
853,3,646.7617,513.4499,111.7385,16.1402,1.000000,0,1
853,4,-134.9223,491.4882,390.9877,57.7802,1.000000,0,1
853,5,610.1729,517.1830,38.9164,21.9522,1.000000,0,1
853,6,355.6813,514.2437,168.5285,21.4840,1.000000,0,1
854,1,975.7263,471.9781,359.2800,79.8162,1.000000,0,1
854,2,666.5587,517.6256,41.5463,19.0260,1.000000,1,0
854,3,647.4493,513.4917,111.7701,16.1419,1.000000,0,1
854,4,-135.5677,491.4144,391.0187,57.7818,1.000000,0,1
854,5,609.6574,517.1477,38.9171,21.9482,1.000000,0,1
854,6,356.2128,514.2277,168.5340,21.4864,1.000000,0,1
855,1,975.9932,472.0089,359.3370,79.8192,1.000000,0,1
855,2,666.0056,517.6114,41.5441,19.0235,1.000000,1,0
855,3,648.1366,513.5328,111.8022,16.1437,1.000000,0,1
855,4,-136.2179,491.3443,391.0518,57.7838,1.000000,0,1
855,5,609.1416,517.1125,38.9178,21.9442,1.000000,0,1
855,6,356.7426,514.2106,168.5398,21.4888,1.000000,0,1
856,1,976.2610,472.0370,359.3954,79.8223,1.000000,0,1
856,2,665.4526,517.5970,41.5419,19.0208,1.000000,1,0
856,3,648.8237,513.5724,111.8343,16.1456,1.000000,0,1
856,4,-136.8732,491.2789,391.0869,57.7862,1.000000,0,1
856,5,608.6257,517.0789,38.9185,21.9403,1.000000,0,1
856,6,357.2699,514.1936,168.5464,21.4913,1.000000,0,1
857,1,976.5295,472.0628,359.4542,79.8255,1.000000,0,1
857,2,664.9000,517.5811,41.5396,19.0179,1.000000,1,0
857,3,649.5104,513.6119,111.8667,16.1474,1.000000,0,1
857,4,-137.5323,491.2171,391.1235,57.7889,1.000000,0,1
857,5,608.1089,517.0444,38.9192,21.9363,1.000000,0,1
857,6,357.7956,514.1763,168.5533,21.4939,1.000000,0,1
858,1,976.7990,472.0865,359.5139,79.8288,1.000000,0,1
858,2,664.3479,517.5643,41.5371,19.0151,1.000000,1,0
858,3,650.1967,513.6508,111.8995,16.1493,1.000000,0,1
858,4,-138.1950,491.1586,391.1614,57.7919,1.000000,0,1
858,5,607.5917,517.0104,38.9199,21.9324,1.000000,0,1
858,6,358.3197,514.1597,168.5605,21.4964,1.000000,0,1
859,1,977.0696,472.1082,359.5746,79.8323,1.000000,0,1
859,2,663.7961,517.5475,41.5344,19.0122,1.000000,1,0
859,3,650.8828,513.6886,111.9325,16.1512,1.000000,0,1
859,4,-138.8617,491.1039,391.2006,57.7952,1.000000,0,1
859,5,607.0748,516.9782,38.9206,21.9286,1.000000,0,1
859,6,358.8420,514.1448,168.5683,21.4991,1.000000,0,1
860,1,977.3410,472.1276,359.6365,79.8358,1.000000,0,1
860,2,663.2448,517.5287,41.5318,19.0091,1.000000,1,0
860,3,651.5687,513.7260,111.9658,16.1532,1.000000,0,1
860,4,-139.5300,491.0532,391.2406,57.7986,1.000000,0,1
860,5,606.5571,516.9457,38.9214,21.9248,1.000000,0,1
860,6,359.3631,514.1315,168.5761,21.5018,1.000000,0,1
861,1,977.6133,472.1449,359.6987,79.8393,1.000000,0,1
861,2,662.6941,517.5090,41.5289,19.0060,1.000000,1,0
861,3,652.2544,513.7628,111.9993,16.1552,1.000000,0,1
861,4,-140.2006,491.0071,391.2809,57.8023,1.000000,0,1
861,5,606.0393,516.9142,38.9222,21.9209,1.000000,0,1
861,6,359.8828,514.1202,168.5843,21.5045,1.000000,0,1
862,1,977.8867,472.1599,359.7616,79.8428,1.000000,0,1
862,2,662.1437,517.4893,41.5261,19.0028,1.000000,1,0
862,3,652.9398,513.7984,112.0333,16.1572,1.000000,0,1
862,4,-140.8750,490.9665,391.3229,57.8063,1.000000,0,1
862,5,605.5217,516.8846,38.9230,21.9173,1.000000,0,1
862,6,360.4014,514.1117,168.5927,21.5073,1.000000,0,1
863,1,978.1609,472.1734,359.8256,79.8466,1.000000,0,1
863,2,661.5936,517.4677,41.5231,18.9995,1.000000,1,0
863,3,653.6251,513.8340,112.0675,16.1593,1.000000,0,1
863,4,-141.5499,490.9305,391.3647,57.8104,1.000000,0,1
863,5,605.0037,516.8552,38.9239,21.9137,1.000000,0,1
863,6,360.9192,514.1052,168.6010,21.5102,1.000000,0,1
864,1,978.4360,472.1852,359.8904,79.8504,1.000000,0,1
864,2,661.0437,517.4456,41.5201,18.9962,1.000000,1,0
864,3,654.3103,513.8689,112.1021,16.1615,1.000000,0,1
864,4,-142.2264,490.9000,391.4070,57.8147,1.000000,0,1
864,5,604.4858,516.8271,38.9249,21.9101,1.000000,0,1
864,6,361.4366,514.1010,168.6092,21.5129,1.000000,0,1
865,1,978.7123,472.1953,359.9557,79.8542,1.000000,0,1
865,2,660.4941,517.4235,41.5170,18.9929,1.000000,1,0
865,3,654.9954,513.9026,112.1368,16.1636,1.000000,0,1
865,4,-142.9053,490.8764,391.4501,57.8192,1.000000,0,1
865,5,603.9681,516.8014,38.9261,21.9067,1.000000,0,1
865,6,361.9539,514.0995,168.6174,21.5158,1.000000,0,1
866,1,978.9895,472.2038,360.0217,79.8581,1.000000,0,1
866,2,659.9445,517.3997,41.5140,18.9896,1.000000,1,0
866,3,655.6804,513.9361,112.1719,16.1658,1.000000,0,1
866,4,-143.5846,490.8596,391.4930,57.8239,1.000000,0,1
866,5,603.4501,516.7762,38.9271,21.9034,1.000000,0,1
866,6,362.4716,514.0999,168.6254,21.5186,1.000000,0,1
867,1,979.2677,472.2109,360.0890,79.8622,1.000000,0,1
867,2,659.3949,517.3759,41.5109,18.9861,1.000000,1,0
867,3,656.3651,513.9686,112.2075,16.1681,1.000000,0,1
867,4,-144.2641,490.8498,391.5357,57.8288,1.000000,0,1
867,5,602.9319,516.7527,38.9284,21.9001,1.000000,0,1
867,6,362.9894,514.1022,168.6335,21.5214,1.000000,0,1
868,1,979.5474,472.2166,360.1574,79.8665,1.000000,0,1
868,2,658.8455,517.3533,41.5077,18.9827,1.000000,1,0
868,3,657.0494,513.9995,112.2432,16.1704,1.000000,0,1
868,4,-144.9434,490.8480,391.5782,57.8337,1.000000,0,1
868,5,602.4139,516.7321,38.9296,21.8970,1.000000,0,1
868,6,363.5078,514.1074,168.6413,21.5243,1.000000,0,1
869,1,979.8279,472.2209,360.2264,79.8707,1.000000,0,1
869,2,658.2958,517.3295,41.5046,18.9793,1.000000,1,0
869,3,657.7336,514.0291,112.2792,16.1727,1.000000,0,1
869,4,-145.6207,490.8540,391.6199,57.8387,1.000000,0,1
869,5,601.8954,516.7130,38.9309,21.8940,1.000000,0,1
869,6,364.0269,514.1147,168.6488,21.5271,1.000000,0,1
870,1,980.1091,472.2238,360.2959,79.8750,1.000000,0,1
870,2,657.7458,517.3060,41.5015,18.9759,1.000000,1,0
870,3,658.4177,514.0569,112.3156,16.1751,1.000000,0,1
870,4,-146.2965,490.8675,391.6608,57.8437,1.000000,0,1
870,5,601.3772,516.6960,38.9323,21.8910,1.000000,0,1
870,6,364.5462,514.1240,168.6560,21.5299,1.000000,0,1
871,1,980.3913,472.2252,360.3658,79.8794,1.000000,0,1
871,2,657.1954,517.2844,41.4984,18.9726,1.000000,0.9375,0.0625
871,3,659.1016,514.0826,112.3523,16.1774,1.000000,0,1
871,4,-146.9701,490.8886,391.7007,57.8488,1.000000,0,1
871,5,600.8595,516.6818,38.9354,21.8882,1.000000,0,1
871,6,365.0656,514.1351,168.6631,21.5326,1.000000,0,1
872,1,980.6746,472.2251,360.4369,79.8839,1.000000,0,1
872,2,656.6437,517.2632,41.4954,18.9693,1.000000,0.9375,0.0625
872,3,659.7853,514.1058,112.3893,16.1798,1.000000,0,1
872,4,-147.6405,490.9177,391.7391,57.8538,1.000000,0,1
872,5,600.3422,516.6699,38.9409,21.8855,1.000000,0,1
872,6,365.5850,514.1470,168.6698,21.5353,1.000000,0,1
873,1,980.9587,472.2239,360.5085,79.8885,1.000000,0,1
873,2,656.0911,517.2431,41.4924,18.9661,1.000000,0.9375,0.0625
873,3,660.4687,514.1266,112.4263,16.1823,1.000000,0,1
873,4,-148.3083,490.9542,391.7761,57.8587,1.000000,0,1
873,5,599.8252,516.6608,38.9465,21.8829,1.000000,0,1
873,6,366.1044,514.1597,168.6763,21.5382,1.000000,0,1
874,1,981.2439,472.2213,360.5813,79.8932,1.000000,0,1
874,2,655.5380,517.2252,41.4895,18.9629,1.000000,0.9375,0.0625
874,3,661.1516,514.1447,112.4638,16.1847,1.000000,0,1
874,4,-148.9729,490.9971,391.8116,57.8636,1.000000,0,1
874,5,599.3088,516.6545,38.9520,21.8803,1.000000,0,1
874,6,366.6234,514.1731,168.6830,21.5408,1.000000,0,1
875,1,981.5298,472.2174,360.6547,79.8980,1.000000,0,1
875,2,654.9842,517.2083,41.4865,18.9599,1.000000,0.9375,0.0625
875,3,661.8340,514.1597,112.5015,16.1872,1.000000,0,1
875,4,-149.6333,491.0471,391.8452,57.8682,1.000000,0,1
875,5,598.7930,516.6508,38.9576,21.8780,1.000000,0,1
875,6,367.1427,514.1861,168.6892,21.5435,1.000000,0,1
876,1,981.8163,472.2121,360.7287,79.9028,1.000000,0,1
876,2,654.4301,517.1934,41.4837,18.9569,1.000000,0.8125,0.1875
876,3,662.5157,514.1718,112.5394,16.1897,1.000000,0,1
876,4,-150.2898,491.1035,391.8766,57.8727,1.000000,0,1
876,5,598.2778,516.6497,38.9632,21.8756,1.000000,0,1
876,6,367.6617,514.1990,168.6953,21.5462,1.000000,0,1
877,1,982.1038,472.2052,360.8030,79.9077,1.000000,0,1
877,2,653.8756,517.1811,41.4809,18.9541,1.000000,0.875,0.125
877,3,663.1967,514.1812,112.5775,16.1921,1.000000,0,1
877,4,-150.9415,491.1655,391.9051,57.8769,1.000000,0,1
877,5,597.7631,516.6509,38.9687,21.8734,1.000000,0,1
877,6,368.1801,514.2122,168.7017,21.5489,1.000000,0,1
878,1,982.3917,472.1967,360.8785,79.9128,1.000000,0,1
878,2,653.3204,517.1711,41.4782,18.9513,1.000000,0.75,0.25
878,3,663.8768,514.1877,112.6160,16.1947,1.000000,0,1
878,4,-151.5894,491.2353,391.9320,57.8809,1.000000,0,1
878,5,597.2491,516.6548,38.9742,21.8713,1.000000,0,1
878,6,368.6983,514.2246,168.7080,21.5516,1.000000,0,1
879,1,982.6806,472.1866,360.9549,79.9179,1.000000,0,1
879,2,652.7649,517.1636,41.4755,18.9488,1.000000,0.625,0.375
879,3,664.5562,514.1918,112.6545,16.1972,1.000000,0,1
879,4,-152.2326,491.3112,391.9567,57.8848,1.000000,0,1
879,5,596.7358,516.6612,38.9797,21.8692,1.000000,0,1
879,6,369.2161,514.2369,168.7144,21.5543,1.000000,0,1
880,1,982.9706,472.1744,361.0321,79.9231,1.000000,0,1
880,2,652.2089,517.1589,41.4728,18.9462,1.000000,0.8125,0.1875
880,3,665.2344,514.1939,112.6935,16.1998,1.000000,0,1
880,4,-152.8709,491.3913,391.9788,57.8883,1.000000,0,1
880,5,596.2231,516.6702,38.9851,21.8672,1.000000,0,1
880,6,369.7335,514.2498,168.7209,21.5570,1.000000,0,1
881,1,983.2610,472.1604,361.1103,79.9284,1.000000,0,1
881,2,651.6522,517.1564,41.4703,18.9438,1.000000,0.875,0.125
881,3,665.9121,514.1934,112.7328,16.2024,1.000000,0,1
881,4,-153.5043,491.4776,391.9987,57.8917,1.000000,0,1
881,5,595.7110,516.6821,38.9906,21.8654,1.000000,0,1
881,6,370.2510,514.2620,168.7275,21.5597,1.000000,0,1
882,1,983.5523,472.1445,361.1895,79.9339,1.000000,0,1
882,2,651.0950,517.1562,41.4677,18.9415,1.000000,0.625,0.375
882,3,666.5894,514.1906,112.7723,16.2051,1.000000,0,1
882,4,-154.1325,491.5683,392.0164,57.8947,1.000000,0,1
882,5,595.1995,516.6965,38.9960,21.8635,1.000000,0,1
882,6,370.7683,514.2745,168.7342,21.5625,1.000000,0,1
883,1,983.8445,472.1268,361.2691,79.9395,1.000000,0,1
883,2,650.5374,517.1586,41.4652,18.9393,1.000000,0.6875,0.3125
883,3,667.2667,514.1857,112.8121,16.2078,1.000000,0,1
883,4,-154.7548,491.6627,392.0312,57.8974,1.000000,0,1
883,5,594.6886,516.7126,39.0014,21.8618,1.000000,0,1
883,6,371.2846,514.2878,168.7413,21.5653,1.000000,0,1
884,1,984.1375,472.1068,361.3497,79.9450,1.000000,0,1
884,2,649.9793,517.1646,41.4626,18.9372,1.000000,0.5625,0.4375
884,3,667.9443,514.1797,112.8525,16.2105,1.000000,0,1
884,4,-155.3706,491.7630,392.0431,57.8998,1.000000,0,1
884,5,594.1790,516.7318,39.0068,21.8602,1.000000,0,1
884,6,371.7999,514.3019,168.7484,21.5681,1.000000,0,1
885,1,984.4312,472.0844,361.4316,79.9507,1.000000,0,1
885,2,649.4208,517.1737,41.4602,18.9354,1.000000,0.5625,0.4375
885,3,668.6219,514.1738,112.8936,16.2133,1.000000,0,1
885,4,-155.9808,491.8669,392.0523,57.9018,1.000000,0,1
885,5,593.6702,516.7534,39.0122,21.8586,1.000000,0,1
885,6,372.3144,514.3167,168.7558,21.5709,1.000000,0,1
886,1,984.7260,472.0600,361.5137,79.9565,1.000000,0,1
886,2,648.8622,517.1857,41.4577,18.9335,1.000000,0.4375,0.5625
886,3,669.2992,514.1684,112.9349,16.2162,1.000000,0,1
886,4,-156.5846,491.9724,392.0587,57.9034,1.000000,0,1
886,5,593.1620,516.7769,39.0175,21.8571,1.000000,0,1
886,6,372.8283,514.3323,168.7632,21.5738,1.000000,0,1
887,1,985.0213,472.0335,361.5967,79.9624,1.000000,0,1
887,2,648.3041,517.2017,41.4552,18.9319,1.000000,0.5,0.5
887,3,669.9761,514.1639,112.9769,16.2192,1.000000,0,1
887,4,-157.1811,492.0828,392.0621,57.9047,1.000000,0,1
887,5,592.6553,516.8037,39.0228,21.8558,1.000000,0,1
887,6,373.3416,514.3482,168.7708,21.5767,1.000000,0,1
888,1,985.3171,472.0050,361.6802,79.9682,1.000000,0,1
888,2,647.7462,517.2213,41.4529,18.9304,1.000000,0.25,0.75
888,3,670.6528,514.1604,113.0193,16.2222,1.000000,0,1
888,4,-157.7713,492.1959,392.0630,57.9056,1.000000,0,1
888,5,592.1494,516.8331,39.0281,21.8545,1.000000,0,1
888,6,373.8542,514.3651,168.7787,21.5796,1.000000,0,1
889,1,985.6137,471.9745,361.7642,79.9741,1.000000,0,1
889,2,647.1887,517.2436,41.4505,18.9290,1.000000,0.375,0.625
889,3,671.3294,514.1578,113.0623,16.2254,1.000000,0,1
889,4,-158.3550,492.3093,392.0608,57.9061,1.000000,0,1
889,5,591.6438,516.8643,39.0333,21.8533,1.000000,0,1
889,6,374.3668,514.3832,168.7867,21.5826,1.000000,0,1
890,1,985.9110,471.9419,361.8492,79.9801,1.000000,0,1
890,2,646.6316,517.2698,41.4482,18.9277,1.000000,0.375,0.625
890,3,672.0059,514.1570,113.1058,16.2286,1.000000,0,1
890,4,-158.9310,492.4251,392.0559,57.9061,1.000000,0,1
890,5,591.1396,516.8995,39.0385,21.8522,1.000000,0,1
890,6,374.8790,514.4021,168.7948,21.5855,1.000000,0,1
891,1,986.2091,471.9075,361.9352,79.9862,1.000000,0,1
891,2,646.0749,517.2988,41.4457,18.9266,1.000000,0.25,0.75
891,3,672.6826,514.1573,113.1498,16.2318,1.000000,0,1
891,4,-159.4991,492.5413,392.0477,57.9057,1.000000,0,1
891,5,590.6357,516.9373,39.0438,21.8513,1.000000,0,1
891,6,375.3914,514.4221,168.8030,21.5885,1.000000,0,1
892,1,986.5081,471.8713,362.0220,79.9924,1.000000,0,1
892,2,645.5182,517.3298,41.4434,18.9255,1.000000,0.25,0.75
892,3,673.3594,514.1586,113.1942,16.2352,1.000000,0,1
892,4,-160.0602,492.6555,392.0364,57.9047,1.000000,0,1
892,5,590.1318,516.9762,39.0491,21.8503,1.000000,0,1
892,6,375.9038,514.4437,168.8114,21.5915,1.000000,0,1
893,1,986.8078,471.8329,362.1092,79.9986,1.000000,0,1
893,2,644.9619,517.3645,41.4410,18.9246,1.000000,0.4375,0.5625
893,3,674.0363,514.1614,113.2391,16.2386,1.000000,0,1
893,4,-160.6133,492.7706,392.0222,57.9033,1.000000,0,1
893,5,589.6288,517.0199,39.0543,21.8496,1.000000,0,1
893,6,376.4164,514.4668,168.8199,21.5946,1.000000,0,1
894,1,987.1082,471.7929,362.1973,80.0049,1.000000,0,1
894,2,644.4059,517.4017,41.4387,18.9238,1.000000,0.375,0.625
894,3,674.7135,514.1655,113.2843,16.2422,1.000000,0,1
894,4,-161.1588,492.8842,392.0042,57.9013,1.000000,0,1
894,5,589.1260,517.0666,39.0595,21.8489,1.000000,0,1
894,6,376.9291,514.4915,168.8284,21.5977,1.000000,0,1
895,1,987.4097,471.7518,362.2861,80.0113,1.000000,0,1
895,2,643.8500,517.4405,41.4363,18.9230,1.000000,0.1875,0.8125
895,3,675.3909,514.1711,113.3301,16.2457,1.000000,0,1
895,4,-161.6971,492.9937,391.9832,57.8987,1.000000,0,1
895,5,588.6226,517.1147,39.0647,21.8483,1.000000,0,1
895,6,377.4421,514.5182,168.8369,21.6008,1.000000,0,1
896,1,987.7117,471.7086,362.3755,80.0178,1.000000,0,1
896,2,643.2943,517.4828,41.4340,18.9223,1.000000,0.25,0.75
896,3,676.0688,514.1777,113.3763,16.2494,1.000000,0,1
896,4,-162.2272,493.1030,391.9589,57.8956,1.000000,0,1
896,5,588.1194,517.1677,39.0698,21.8478,1.000000,0,1
896,6,377.9551,514.5469,168.8455,21.6039,1.000000,0,1
897,1,988.0146,471.6642,362.4654,80.0243,1.000000,0,1
897,2,642.7387,517.5274,41.4315,18.9218,1.000000,0.3125,0.6875
897,3,676.7472,514.1854,113.4229,16.2530,1.000000,0,1
897,4,-162.7501,493.2097,391.9317,57.8919,1.000000,0,1
897,5,587.6159,517.2235,39.0749,21.8473,1.000000,0,1
897,6,378.4684,514.5773,168.8539,21.6070,1.000000,0,1
898,1,988.3184,471.6191,362.5563,80.0309,1.000000,0,1
898,2,642.1829,517.5732,41.4291,18.9212,1.000000,0.125,0.875
898,3,677.4259,514.1942,113.4700,16.2568,1.000000,0,1
898,4,-163.2656,493.3113,391.9011,57.8876,1.000000,0,1
898,5,587.1115,517.2804,39.0798,21.8469,1.000000,0,1
898,6,378.9821,514.6093,168.8623,21.6102,1.000000,0,1
899,1,988.6230,471.5726,362.6476,80.0376,1.000000,0,1
899,2,641.6272,517.6226,41.4266,18.9208,1.000000,0.0625,0.9375
899,3,678.1046,514.2046,113.5171,16.2606,1.000000,0,1
899,4,-163.7714,493.4119,391.8667,57.8827,1.000000,0,1
899,5,586.6075,517.3422,39.0848,21.8467,1.000000,0,1
899,6,379.4962,514.6435,168.8708,21.6133,1.000000,0,1
900,1,988.9281,471.5251,362.7394,80.0443,1.000000,0,1
900,2,641.0717,517.6736,41.4241,18.9204,1.000000,0,1
900,3,678.7833,514.2163,113.5646,16.2644,1.000000,0,1
900,4,-164.2691,493.5099,391.8289,57.8772,1.000000,0,1
900,5,586.1033,517.4063,39.0898,21.8465,1.000000,0,1
900,6,380.0109,514.6796,168.8793,21.6165,1.000000,0,1
901,1,989.2337,471.4772,362.8317,80.0511,1.000000,0,1
901,2,640.5162,517.7250,41.4215,18.9200,1.000000,0,1
901,3,679.4618,514.2296,113.6124,16.2684,1.000000,0,1
901,4,-164.7587,493.6037,391.7878,57.8711,1.000000,0,1
901,5,585.5979,517.4704,39.0949,21.8463,1.000000,0,1
901,6,380.5267,514.7175,168.8876,21.6197,1.000000,0,1
902,1,989.5403,471.4279,362.9246,80.0579,1.000000,0,1
902,2,639.9611,517.7794,41.4191,18.9196,1.000000,0,1
902,3,680.1401,514.2444,113.6605,16.2723,1.000000,0,1
902,4,-165.2396,493.6960,391.7435,57.8645,1.000000,0,1
902,5,585.0930,517.5387,39.0998,21.8462,1.000000,0,1
902,6,381.0435,514.7579,168.8961,21.6229,1.000000,0,1
903,1,989.8474,471.3778,363.0179,80.0648,1.000000,0,1
903,2,639.4024,517.8352,41.4204,18.9193,1.000000,0,1
903,3,680.8185,514.2610,113.7087,16.2763,1.000000,0,1
903,4,-165.7124,493.7851,391.6960,57.8573,1.000000,0,1
903,5,584.5875,517.6083,39.1048,21.8463,1.000000,0,1
903,6,381.5616,514.8000,168.9044,21.6261,1.000000,0,1
904,1,990.1547,471.3277,363.1114,80.0717,1.000000,0,1
904,2,638.8436,517.8907,41.4215,18.9190,1.000000,0,1
904,3,681.4969,514.2794,113.7573,16.2803,1.000000,0,1
904,4,-166.1772,493.8690,391.6454,57.8494,1.000000,0,1
904,5,584.0807,517.6772,39.1097,21.8462,1.000000,0,1
904,6,382.0814,514.8435,168.9124,21.6293,1.000000,0,1
905,1,990.4628,471.2761,363.2054,80.0786,1.000000,0,1
905,2,638.2853,517.9489,41.4227,18.9187,1.000000,0,1
905,3,682.1756,514.3000,113.8059,16.2844,1.000000,0,1
905,4,-166.6348,493.9506,391.5921,57.8412,1.000000,0,1
905,5,583.5740,517.7498,39.1149,21.8464,1.000000,0,1
905,6,382.6026,514.8896,168.9204,21.6325,1.000000,0,1
906,1,990.7710,471.2241,363.2998,80.0856,1.000000,0,1
906,2,637.7270,518.0078,41.4237,18.9185,1.000000,0,1
906,3,682.8546,514.3228,113.8547,16.2885,1.000000,0,1
906,4,-167.0858,494.0290,391.5364,57.8324,1.000000,0,1
906,5,583.0667,517.8231,39.1199,21.8465,1.000000,0,1
906,6,383.1253,514.9373,168.9283,21.6357,1.000000,0,1
907,1,991.0794,471.1725,363.3942,80.0926,1.000000,0,1
907,2,637.1685,518.0659,41.4247,18.9181,1.000000,0,1
907,3,683.5342,514.3479,113.9039,16.2926,1.000000,0,1
907,4,-167.5301,494.1030,391.4776,57.8231,1.000000,0,1
907,5,582.5579,517.8950,39.1251,21.8467,1.000000,0,1
907,6,383.6491,514.9861,168.9358,21.6389,1.000000,0,1
908,1,991.3881,471.1194,363.4893,80.0996,1.000000,0,1
908,2,636.6102,518.1258,41.4256,18.9178,1.000000,0,1
908,3,684.2145,514.3755,113.9531,16.2967,1.000000,0,1
908,4,-167.9683,494.1751,391.4170,57.8135,1.000000,0,1
908,5,582.0492,517.9703,39.1304,21.8470,1.000000,0,1
908,6,384.1738,515.0372,168.9433,21.6421,1.000000,0,1
909,1,991.6968,471.0659,363.5840,80.1067,1.000000,0,1
909,2,636.0518,518.1860,41.4265,18.9175,1.000000,0,1
909,3,684.8956,514.4055,114.0023,16.3010,1.000000,0,1
909,4,-168.4018,494.2442,391.3542,57.8035,1.000000,0,1
909,5,581.5398,518.0460,39.1357,21.8474,1.000000,0,1
909,6,384.6999,515.0887,168.9505,21.6453,1.000000,0,1
910,1,992.0051,471.0125,363.6792,80.1138,1.000000,0,1
910,2,635.4933,518.2450,41.4274,18.9171,1.000000,0,1
910,3,685.5775,514.4380,114.0519,16.3052,1.000000,0,1
910,4,-168.8310,494.3090,391.2898,57.7931,1.000000,0,1
910,5,581.0292,518.1201,39.1410,21.8476,1.000000,0,1
910,6,385.2276,515.1394,168.9575,21.6484,1.000000,0,1
911,1,992.3135,470.9580,363.7744,80.1209,1.000000,0,1
911,2,634.9356,518.3055,41.4280,18.9167,1.000000,0,1
911,3,686.2609,514.4730,114.1012,16.3094,1.000000,0,1
911,4,-169.2566,494.3719,391.2242,57.7824,1.000000,0,1
911,5,580.5187,518.1973,39.1465,21.8482,1.000000,0,1
911,6,385.7565,515.1902,168.9645,21.6516,1.000000,0,1
912,1,992.6218,470.9031,363.8699,80.1280,1.000000,0,1
912,2,634.3784,518.3660,41.4288,18.9164,1.000000,0,1
912,3,686.9452,514.5102,114.1505,16.3136,1.000000,0,1
912,4,-169.6791,494.4322,391.1572,57.7716,1.000000,0,1
912,5,580.0079,518.2746,39.1520,21.8487,1.000000,0,1
912,6,386.2869,515.2404,168.9715,21.6548,1.000000,0,1
913,1,992.9298,470.8481,363.9658,80.1353,1.000000,0,1
913,2,633.8213,518.4250,41.4296,18.9160,1.000000,0,1
913,3,687.6303,514.5493,114.2001,16.3179,1.000000,0,1
913,4,-170.0986,494.4892,391.0888,57.7604,1.000000,0,1
913,5,579.4959,518.3499,39.1576,21.8492,1.000000,0,1
913,6,386.8188,515.2889,168.9783,21.6578,1.000000,0,1
914,1,993.2373,470.7920,364.0620,80.1425,1.000000,0,1
914,2,633.2643,518.4850,41.4304,18.9156,1.000000,0,1
914,3,688.3163,514.5903,114.2490,16.3221,1.000000,0,1
914,4,-170.5174,494.5454,391.0201,57.7491,1.000000,0,1
914,5,578.9840,518.4280,39.1632,21.8498,1.000000,0,1
914,6,387.3521,515.3372,168.9854,21.6610,1.000000,0,1
915,1,993.5443,470.7355,364.1578,80.1498,1.000000,0,1
915,2,632.7072,518.5443,41.4313,18.9153,1.000000,0,1
915,3,689.0027,514.6323,114.2981,16.3263,1.000000,0,1
915,4,-170.9355,494.5999,390.9509,57.7378,1.000000,0,1
915,5,578.4713,518.5059,39.1690,21.8505,1.000000,0,1
915,6,387.8863,515.3845,168.9923,21.6642,1.000000,0,1
916,1,993.8506,470.6794,364.2542,80.1570,1.000000,0,1
916,2,632.1495,518.6016,41.4320,18.9149,1.000000,0,1
916,3,689.6901,514.6748,114.3469,16.3304,1.000000,0,1
916,4,-171.3532,494.6519,390.8815,57.7262,1.000000,0,1
916,5,577.9573,518.5817,39.1747,21.8511,1.000000,0,1
916,6,388.4216,515.4299,168.9993,21.6673,1.000000,0,1
917,1,994.1565,470.6221,364.3508,80.1645,1.000000,0,1
917,2,631.5914,518.6595,41.4330,18.9146,1.000000,0,1
917,3,690.3783,514.7179,114.3955,16.3346,1.000000,0,1
917,4,-171.7704,494.7032,390.8116,57.7147,1.000000,0,1
917,5,577.4435,518.6599,39.1804,21.8517,1.000000,0,1
917,6,388.9578,515.4750,169.0066,21.6705,1.000000,0,1
918,1,994.4618,470.5645,364.4479,80.1720,1.000000,0,1
918,2,631.0328,518.7167,41.4341,18.9142,1.000000,0,1
918,3,691.0670,514.7608,114.4441,16.3387,1.000000,0,1
918,4,-172.1881,494.7533,390.7422,57.7032,1.000000,0,1
918,5,576.9288,518.7377,39.1863,21.8524,1.000000,0,1
918,6,389.4946,515.5194,169.0139,21.6737,1.000000,0,1
919,1,994.7667,470.5073,364.5454,80.1796,1.000000,0,1
919,2,630.4736,518.7714,41.4351,18.9138,1.000000,0,1
919,3,691.7566,514.8027,114.4922,16.3427,1.000000,0,1
919,4,-172.6057,494.8016,390.6727,57.6917,1.000000,0,1
919,5,576.4131,518.8130,39.1921,21.8529,1.000000,0,1
919,6,390.0317,515.5624,169.0215,21.6768,1.000000,0,1
920,1,995.0711,470.4492,364.6434,80.1873,1.000000,0,1
920,2,629.9138,518.8267,41.4363,18.9134,1.000000,0,1
920,3,692.4470,514.8439,114.5402,16.3468,1.000000,0,1
920,4,-173.0235,494.8490,390.6040,57.6802,1.000000,0,1
920,5,575.8978,518.8904,39.1978,21.8536,1.000000,0,1
920,6,390.5691,515.6060,169.0294,21.6801,1.000000,0,1
921,1,995.3751,470.3913,364.7419,80.1952,1.000000,0,1
921,2,629.3533,518.8809,41.4376,18.9131,1.000000,0,1
921,3,693.1381,514.8839,114.5879,16.3507,1.000000,0,1
921,4,-173.4418,494.8948,390.5357,57.6688,1.000000,0,1
921,5,575.3821,518.9674,39.2036,21.8542,1.000000,0,1
921,6,391.1064,515.6496,169.0374,21.6833,1.000000,0,1
922,1,995.6785,470.3344,364.8409,80.2032,1.000000,0,1
922,2,628.7922,518.9327,41.4388,18.9126,1.000000,0,1
922,3,693.8295,514.9222,114.6356,16.3546,1.000000,0,1
922,4,-173.8604,494.9373,390.4677,57.6574,1.000000,0,1
922,5,574.8657,519.0410,39.2092,21.8546,1.000000,0,1
922,6,391.6435,515.6923,169.0456,21.6866,1.000000,0,1
923,1,995.9816,470.2773,364.9403,80.2113,1.000000,0,1
923,2,628.2303,518.9850,41.4402,18.9122,1.000000,0,1
923,3,694.5215,514.9595,114.6829,16.3585,1.000000,0,1
923,4,-174.2796,494.9774,390.4004,57.6460,1.000000,0,1
923,5,574.3496,519.1161,39.2149,21.8551,1.000000,0,1
923,6,392.1807,515.7355,169.0543,21.6900,1.000000,0,1
924,1,996.2843,470.2209,365.0408,80.2196,1.000000,0,1
924,2,627.6677,519.0359,41.4417,18.9119,1.000000,0,1
924,3,695.2137,514.9950,114.7300,16.3624,1.000000,0,1
924,4,-174.6992,495.0144,390.3333,57.6346,1.000000,0,1
924,5,573.8334,519.1897,39.2204,21.8555,1.000000,0,1
924,6,392.7184,515.7789,169.0630,21.6933,1.000000,0,1
925,1,996.5868,470.1662,365.1417,80.2281,1.000000,0,1
925,2,627.1044,519.0841,41.4431,18.9113,1.000000,0,1
925,3,695.9059,515.0284,114.7770,16.3662,1.000000,0,1
925,4,-175.1202,495.0473,390.2670,57.6232,1.000000,0,1
925,5,573.3165,519.2590,39.2259,21.8556,1.000000,0,1
925,6,393.2567,515.8218,169.0717,21.6967,1.000000,0,1
926,1,996.8895,470.1114,365.2433,80.2368,1.000000,0,1
926,2,626.5403,519.1323,41.4446,18.9108,1.000000,0,1
926,3,696.5972,515.0613,114.8237,16.3700,1.000000,0,1
926,4,-175.5419,495.0769,390.2012,57.6119,1.000000,0,1
926,5,572.8004,519.3284,39.2313,21.8557,1.000000,0,1
926,6,393.7957,515.8660,169.0806,21.7001,1.000000,0,1
927,1,997.1926,470.0575,365.3457,80.2456,1.000000,0,1
927,2,625.9755,519.1788,41.4463,18.9104,1.000000,0,1
927,3,697.2875,515.0930,114.8701,16.3737,1.000000,0,1
927,4,-175.9646,495.1033,390.1360,57.6005,1.000000,0,1
927,5,572.2845,519.3951,39.2366,21.8557,1.000000,0,1
927,6,394.3358,515.9109,169.0893,21.7035,1.000000,0,1
928,1,997.4958,470.0053,365.4485,80.2547,1.000000,0,1
928,2,625.4099,519.2220,41.4478,18.9097,1.000000,0,1
928,3,697.9772,515.1224,114.9164,16.3774,1.000000,0,1
928,4,-176.3877,495.1258,390.0711,57.5891,1.000000,0,1
928,5,571.7689,519.4573,39.2417,21.8554,1.000000,0,1
928,6,394.8763,515.9554,169.0978,21.7068,1.000000,0,1
929,1,997.7996,469.9541,365.5525,80.2639,1.000000,0,1
929,2,624.8434,519.2647,41.4494,18.9090,1.000000,0,1
929,3,698.6666,515.1488,114.9624,16.3810,1.000000,0,1
929,4,-176.8127,495.1448,390.0074,57.5779,1.000000,0,1
929,5,571.2546,519.5179,39.2468,21.8551,1.000000,0,1
929,6,395.4178,516.0009,169.1063,21.7102,1.000000,0,1
930,1,998.1034,469.9044,365.6573,80.2733,1.000000,0,1
930,2,624.2762,519.3051,41.4509,18.9083,1.000000,0,1
930,3,699.3561,515.1730,115.0084,16.3846,1.000000,0,1
930,4,-177.2385,495.1608,389.9442,57.5666,1.000000,0,1
930,5,570.7406,519.5750,39.2519,21.8547,1.000000,0,1
930,6,395.9600,516.0464,169.1146,21.7135,1.000000,0,1
931,1,998.4072,469.8571,365.7625,80.2829,1.000000,0,1
931,2,623.7084,519.3416,41.4525,18.9074,1.000000,0,1
931,3,700.0458,515.1950,115.0540,16.3882,1.000000,0,1
931,4,-177.6652,495.1739,389.8816,57.5554,1.000000,0,1
931,5,570.2266,519.6265,39.2568,21.8539,1.000000,0,1
931,6,396.5024,516.0911,169.1229,21.7169,1.000000,0,1
932,1,998.7103,469.8120,365.8678,80.2927,1.000000,0,1
932,2,623.1400,519.3766,41.4540,18.9064,1.000000,0,1
932,3,700.7356,515.2147,115.0999,16.3918,1.000000,0,1
932,4,-178.0933,495.1842,389.8198,57.5442,1.000000,0,1
932,5,569.7134,519.6754,39.2617,21.8531,1.000000,0,1
932,6,397.0451,516.1362,169.1312,21.7202,1.000000,0,1
933,1,999.0129,469.7694,365.9736,80.3026,1.000000,0,1
933,2,622.5712,519.4091,41.4556,18.9054,1.000000,0,1
933,3,701.4258,515.2324,115.1453,16.3952,1.000000,0,1
933,4,-178.5226,495.1921,389.7588,57.5332,1.000000,0,1
933,5,569.2006,519.7206,39.2664,21.8520,1.000000,0.125,0.875
933,6,397.5877,516.1805,169.1396,21.7236,1.000000,0,1
934,1,999.3152,469.7294,366.0801,80.3127,1.000000,0,1
934,2,622.0020,519.4375,41.4571,18.9041,1.000000,0,1
934,3,702.1160,515.2485,115.1905,16.3987,1.000000,0,1
934,4,-178.9528,495.1979,389.6987,57.5222,1.000000,0,1
934,5,568.6876,519.7606,39.2711,21.8507,1.000000,0.125,0.875
934,6,398.1299,516.2230,169.1482,21.7269,1.000000,0,1
935,1,999.6167,469.6914,366.1868,80.3231,1.000000,0,1
935,2,621.4323,519.4641,41.4586,18.9029,1.000000,0,1
935,3,702.8065,515.2631,115.2356,16.4021,1.000000,0,1
935,4,-179.3846,495.2017,389.6395,57.5114,1.000000,0,1
935,5,568.1754,519.7974,39.2758,21.8493,1.000000,0.0625,0.9375
935,6,398.6715,516.2653,169.1569,21.7303,1.000000,0,1
936,1,999.9176,469.6555,366.2943,80.3337,1.000000,0,1
936,2,620.8623,519.4878,41.4601,18.9014,1.000000,0,1
936,3,703.4971,515.2764,115.2806,16.4055,1.000000,0,1
936,4,-179.8174,495.2039,389.5814,57.5006,1.000000,0,1
936,5,567.6636,519.8302,39.2803,21.8477,1.000000,0.0625,0.9375
936,6,399.2120,516.3062,169.1660,21.7337,1.000000,0,1
937,1,1000.2180,469.6217,366.4020,80.3444,1.000000,0,1
937,2,620.2921,519.5074,41.4617,18.9000,1.000000,0,1
937,3,704.1877,515.2880,115.3253,16.4088,1.000000,0,1
937,4,-180.2506,495.2050,389.5237,57.4899,1.000000,0,1
937,5,567.1522,519.8585,39.2847,21.8459,1.000000,0.25,0.75
937,6,399.7516,516.3440,169.1755,21.7371,1.000000,0,1
938,1,1000.5180,469.5894,366.5106,80.3553,1.000000,0,1
938,2,619.7219,519.5250,41.4633,18.8983,1.000000,0,1
938,3,704.8784,515.2977,115.3700,16.4122,1.000000,0,1
938,4,-180.6853,495.2044,389.4673,57.4794,1.000000,0,1
938,5,566.6412,519.8832,39.2893,21.8440,1.000000,0.1875,0.8125
938,6,400.2903,516.3800,169.1855,21.7406,1.000000,0,1
939,1,1000.8180,469.5587,366.6194,80.3663,1.000000,0,1
939,2,619.1520,519.5397,41.4650,18.8967,1.000000,0,1
939,3,705.5689,515.3059,115.4145,16.4155,1.000000,0,1
939,4,-181.1201,495.2027,389.4116,57.4690,1.000000,0,1
939,5,566.1304,519.9041,39.2936,21.8419,1.000000,0.3125,0.6875
939,6,400.8281,516.4140,169.1961,21.7442,1.000000,0,1
940,1,1001.1170,469.5299,366.7289,80.3776,1.000000,0,1
940,2,618.5823,519.5509,41.4667,18.8950,1.000000,0,1
940,3,706.2592,515.3123,115.4587,16.4188,1.000000,0,1
940,4,-181.5553,495.1998,389.3561,57.4586,1.000000,0,1
940,5,565.6200,519.9204,39.2980,21.8397,1.000000,0.25,0.75
940,6,401.3647,516.4453,169.2071,21.7478,1.000000,0,1
941,1,1001.4170,469.5021,366.8390,80.3891,1.000000,0,1
941,2,618.0127,519.5602,41.4684,18.8931,1.000000,0,1
941,3,706.9491,515.3167,115.5028,16.4219,1.000000,0,1
941,4,-181.9928,495.1951,389.3019,57.4483,1.000000,0,1
941,5,565.1098,519.9328,39.3023,21.8372,1.000000,0.25,0.75
941,6,401.9004,516.4745,169.2187,21.7521,1.000000,0,1
942,1,1001.7160,469.4755,366.9498,80.4007,1.000000,0,1
942,2,617.4432,519.5671,41.4703,18.8913,1.000000,0,1
942,3,707.6389,515.3190,115.5468,16.4251,1.000000,0,1
942,4,-182.4309,495.1891,389.2482,57.4381,1.000000,0,1
942,5,564.6000,519.9412,39.3065,21.8346,1.000000,0.3125,0.6875
942,6,402.4351,516.5001,169.2308,21.7582,1.000000,0,1
943,1,1002.0150,469.4502,367.0613,80.4125,1.000000,0,1
943,2,616.8740,519.5715,41.4722,18.8894,1.000000,0,1
943,3,708.3289,515.3184,115.5907,16.4283,1.000000,0,1
943,4,-182.8686,495.1822,389.1945,57.4279,1.000000,0,1
943,5,564.0903,519.9451,39.3108,21.8319,1.000000,0.375,0.625
943,6,402.9686,516.5237,169.2435,21.7641,1.000000,0,1
944,1,1002.3150,469.4257,367.1739,80.4246,1.000000,0,1
944,2,616.3049,519.5742,41.4740,18.8874,1.000000,0,1
944,3,709.0192,515.3148,115.6345,16.4314,1.000000,0,1
944,4,-183.3082,495.1736,389.1417,57.4177,1.000000,0,1
944,5,563.5809,519.9446,39.3150,21.8289,1.000000,0.5625,0.4375
944,6,403.5010,516.5464,169.2566,21.7700,1.000000,0,1
945,1,1002.6140,469.4022,367.2873,80.4368,1.000000,0,1
945,2,615.7361,519.5749,41.4758,18.8854,1.000000,0,1
945,3,709.7096,515.3087,115.6785,16.4345,1.000000,0,1
945,4,-183.7482,495.1638,389.0891,57.4077,1.000000,0,1
945,5,563.0717,519.9401,39.3192,21.8259,1.000000,0.4375,0.5625
945,6,404.0325,516.5680,169.2703,21.7759,1.000000,0,1
946,1,1002.9150,469.3798,367.4014,80.4492,1.000000,0,1
946,2,615.1678,519.5735,41.4777,18.8832,1.000000,0,1
946,3,710.4000,515.2998,115.7223,16.4376,1.000000,0,1
946,4,-184.1879,495.1531,389.0366,57.3975,1.000000,0,1
946,5,562.5626,519.9319,39.3235,21.8227,1.000000,0.5,0.5
946,6,404.5632,516.5882,169.2844,21.7817,1.000000,0,1
947,1,1003.2150,469.3582,367.5165,80.4618,1.000000,0,1
947,2,614.6002,519.5710,41.4795,18.8810,1.000000,0,1
947,3,711.0904,515.2876,115.7662,16.4407,1.000000,0,1
947,4,-184.6285,495.1401,388.9844,57.3874,1.000000,0,1
947,5,562.0533,519.9186,39.3278,21.8193,1.000000,0.4375,0.5625
947,6,405.0934,516.6079,169.2988,21.7874,1.000000,0,1
948,1,1003.5170,469.3374,367.6320,80.4746,1.000000,0,1
948,2,614.0330,519.5671,41.4814,18.8788,1.000000,0,1
948,3,711.7805,515.2726,115.8101,16.4437,1.000000,0,1
948,4,-185.0690,495.1255,388.9325,57.3774,1.000000,0,1
948,5,561.5441,519.9011,39.3321,21.8159,1.000000,0.25,0.75
948,6,405.6234,516.6269,169.3134,21.7932,1.000000,0,1
949,1,1003.8180,469.3174,367.7481,80.4875,1.000000,0,1
949,2,613.4667,519.5614,41.4831,18.8764,1.000000,0,1
949,3,712.4704,515.2554,115.8542,16.4468,1.000000,0,1
949,4,-185.5089,495.1095,388.8807,57.3672,1.000000,0,1
949,5,561.0352,519.8802,39.3366,21.8123,1.000000,0.625,0.375
949,6,406.1538,516.6449,169.3278,21.7988,1.000000,0,1
950,1,1004.1210,469.2987,367.8654,80.5006,1.000000,0,1
950,2,612.9011,519.5542,41.4849,18.8740,1.000000,0,1
950,3,713.1597,515.2349,115.8985,16.4499,1.000000,0,1
950,4,-185.9487,495.0905,388.8290,57.3571,1.000000,0,1
950,5,560.5261,519.8539,39.3408,21.8085,1.000000,0.375,0.625
950,6,406.6844,516.6624,169.3425,21.8044,1.000000,0,1
951,1,1004.4240,469.2812,367.9828,80.5138,1.000000,0,1
951,2,612.3365,519.5452,41.4865,18.8715,1.000000,0,1
951,3,713.8486,515.2117,115.9430,16.4529,1.000000,0,1
951,4,-186.3880,495.0687,388.7773,57.3469,1.000000,0,1
951,5,560.0172,519.8239,39.3452,21.8047,1.000000,0.5625,0.4375
951,6,407.2160,516.6788,169.3569,21.8099,1.000000,0,1
952,1,1004.7270,469.2651,368.1008,80.5271,1.000000,0,1
952,2,611.7729,519.5342,41.4880,18.8689,1.000000,0,1
952,3,714.5367,515.1863,115.9875,16.4560,1.000000,0,1
952,4,-186.8266,495.0444,388.7256,57.3366,1.000000,0,1
952,5,559.5089,519.7910,39.3497,21.8008,1.000000,0.625,0.375
952,6,407.7491,516.6939,169.3707,21.8151,1.000000,0,1
953,1,1005.0320,469.2504,368.2194,80.5405,1.000000,0,1
953,2,611.2107,519.5213,41.4895,18.8662,1.000000,0,1
953,3,715.2240,515.1580,116.0324,16.4591,1.000000,0,1
953,4,-187.2657,495.0153,388.6746,57.3263,1.000000,0,1
953,5,559.0003,519.7529,39.3543,21.7968,1.000000,0.625,0.375
953,6,408.2833,516.7078,169.3841,21.8201,1.000000,0,1
954,1,1005.3370,469.2372,368.3384,80.5541,1.000000,0,1
954,2,610.6499,519.5065,41.4909,18.8635,1.000000,0,1
954,3,715.9106,515.1276,116.0774,16.4622,1.000000,0,1
954,4,-187.7042,494.9824,388.6235,57.3160,1.000000,0,1
954,5,558.4919,519.7117,39.3589,21.7927,1.000000,0.6875,0.3125
954,6,408.8185,516.7197,169.3972,21.8249,1.000000,0,1
955,1,1005.6430,469.2260,368.4573,80.5676,1.000000,0,1
955,2,610.0908,519.4896,41.4924,18.8607,1.000000,0,1
955,3,716.5968,515.0955,116.1227,16.4654,1.000000,0,1
955,4,-188.1413,494.9459,388.5728,57.3056,1.000000,0,1
955,5,557.9841,519.6690,39.3636,21.7886,1.000000,0.75,0.25
955,6,409.3549,516.7289,169.4097,21.8295,1.000000,0,1
956,1,1005.9500,469.2170,368.5765,80.5813,1.000000,0,1
956,2,609.5334,519.4701,41.4937,18.8577,1.000000,0,1
956,3,717.2833,515.0613,116.1683,16.4686,1.000000,0,1
956,4,-188.5772,494.9032,388.5214,57.2950,1.000000,0,1
956,5,557.4758,519.6218,39.3684,21.7843,1.000000,0.6875,0.3125
956,6,409.8923,516.7354,169.4217,21.8336,1.000000,0,1
957,1,1006.2570,469.2098,368.6958,80.5950,1.000000,0,1
957,2,608.9776,519.4484,41.4951,18.8546,1.000000,0,1
957,3,717.9697,515.0262,116.2143,16.4718,1.000000,0,1
957,4,-189.0121,494.8556,388.4706,57.2844,1.000000,0,1
957,5,556.9678,519.5723,39.3732,21.7800,1.000000,0.9375,0.0625
957,6,410.4307,516.7385,169.4333,21.8373,1.000000,0,1
958,1,1006.5660,469.2046,368.8150,80.6087,1.000000,0,1
958,2,608.4230,519.4248,41.4965,18.8516,1.000000,0,1
958,3,718.6561,514.9913,116.2606,16.4750,1.000000,0,1
958,4,-189.4463,494.8036,388.4199,57.2737,1.000000,0,1
958,5,556.4606,519.5221,39.3782,21.7759,1.000000,0.6875,0.3125
958,6,410.9699,516.7375,169.4443,21.8406,1.000000,0,1
959,1,1006.8760,469.2010,368.9341,80.6223,1.000000,0,1
959,2,607.8698,519.3988,41.4978,18.8484,1.000000,0,1
959,3,719.3427,514.9565,116.3071,16.4784,1.000000,0,1
959,4,-189.8807,494.7448,388.3697,57.2629,1.000000,0,1
959,5,555.9529,519.4681,39.3832,21.7715,1.000000,1,0
959,6,411.5096,516.7327,169.4549,21.8434,1.000000,0,1
960,1,1007.1880,469.1992,369.0532,80.6359,1.000000,0,1
960,2,607.3177,519.3711,41.4994,18.8453,1.000000,0,1
960,3,720.0292,514.9229,116.3539,16.4817,1.000000,0,1
960,4,-190.3143,494.6811,388.3193,57.2521,1.000000,0,1
960,5,555.4455,519.4126,39.3884,21.7672,1.000000,0.75,0.25
960,6,412.0500,516.7239,169.4650,21.8457,1.000000,0,1
961,1,1007.5010,469.1998,369.1721,80.6496,1.000000,0,1
961,2,606.7668,519.3420,41.5010,18.8421,1.000000,0,1
961,3,720.7157,514.8914,116.4008,16.4851,1.000000,0,1
961,4,-190.7477,494.6145,388.2693,57.2412,1.000000,0,1
961,5,554.9384,519.3576,39.3936,21.7630,1.000000,0.875,0.125
961,6,412.5905,516.7108,169.4749,21.8476,1.000000,0,1
962,1,1007.8140,469.2032,369.2904,80.6631,1.000000,0,1
962,2,606.2172,519.3105,41.5026,18.8389,1.000000,0,1
962,3,721.4023,514.8618,116.4479,16.4885,1.000000,0,1
962,4,-191.1811,494.5421,388.2200,57.2302,1.000000,0,1
962,5,554.4307,519.2997,39.3987,21.7586,1.000000,1,0
962,6,413.1313,516.6932,169.4845,21.8489,1.000000,0,1
963,1,1008.1280,469.2092,369.4083,80.6766,1.000000,0,1
963,2,605.6687,519.2777,41.5044,18.8357,1.000000,0,1
963,3,722.0893,514.8346,116.4952,16.4919,1.000000,0,1
963,4,-191.6135,494.4665,388.1702,57.2192,1.000000,0,1
963,5,553.9228,519.2410,39.4040,21.7542,1.000000,0.9375,0.0625
963,6,413.6724,516.6712,169.4935,21.8497,1.000000,0,1
964,1,1008.4420,469.2181,369.5253,80.6900,1.000000,0,1
964,2,605.1211,519.2446,41.5064,18.8326,1.000000,0,1
964,3,722.7766,514.8099,116.5424,16.4954,1.000000,0,1
964,4,-192.0459,494.3901,388.1215,57.2083,1.000000,0,1
964,5,553.4153,519.1837,39.4094,21.7501,1.000000,0.875,0.125
964,6,414.2137,516.6449,169.5023,21.8501,1.000000,0,1
965,1,1008.7570,469.2297,369.6415,80.7034,1.000000,0,1
965,2,604.5748,519.2100,41.5084,18.8294,1.000000,0,1
965,3,723.4644,514.7878,116.5899,16.4989,1.000000,0,1
965,4,-192.4786,494.3098,388.0729,57.1974,1.000000,0,1
965,5,552.9070,519.1246,39.4147,21.7458,1.000000,1,0
965,6,414.7553,516.6136,169.5109,21.8500,1.000000,0,1
966,1,1009.0710,469.2433,369.7569,80.7166,1.000000,0,1
966,2,604.0295,519.1749,41.5106,18.8263,1.000000,0,1
966,3,724.1528,514.7681,116.6374,16.5025,1.000000,0,1
966,4,-192.9111,494.2284,388.0250,57.1865,1.000000,0,1
966,5,552.3985,519.0655,39.4203,21.7415,1.000000,1,0
966,6,415.2973,516.5780,169.5193,21.8494,1.000000,0,1
967,1,1009.3850,469.2589,369.8712,80.7296,1.000000,0,1
967,2,603.4848,519.1403,41.5128,18.8233,1.000000,0,1
967,3,724.8420,514.7506,116.6851,16.5060,1.000000,0,1
967,4,-193.3436,494.1484,387.9778,57.1758,1.000000,0,1
967,5,551.8903,519.0087,39.4260,21.7374,1.000000,1,0
967,6,415.8394,516.5390,169.5276,21.8484,1.000000,0,1
968,1,1009.6980,469.2767,369.9844,80.7424,1.000000,0,1
968,2,602.9413,519.1046,41.5153,18.8204,1.000000,0,1
968,3,725.5325,514.7348,116.7327,16.5096,1.000000,0,1
968,4,-193.7759,494.0665,387.9304,57.1651,1.000000,0,1
968,5,551.3812,518.9504,39.4316,21.7333,1.000000,1,0
968,6,416.3812,516.4971,169.5358,21.8471,1.000000,0,1
969,1,1010.0110,469.2961,370.0963,80.7551,1.000000,0,1
969,2,602.3983,519.0691,41.5178,18.8175,1.000000,0,1
969,3,726.2242,514.7209,116.7804,16.5131,1.000000,0,1
969,4,-194.2086,493.9848,387.8840,57.1543,1.000000,0,1
969,5,550.8718,518.8926,39.4373,21.7293,1.000000,1,0
969,6,416.9228,516.4518,169.5440,21.8469,1.000000,0,1
970,1,1010.3230,469.3174,370.2073,80.7675,1.000000,0,1
970,2,601.8555,519.0348,41.5204,18.8146,1.000000,0,1
970,3,726.9170,514.7086,116.8280,16.5167,1.000000,0,1
970,4,-194.6406,493.9051,387.8373,57.1438,1.000000,0,1
970,5,550.3627,518.8370,39.4432,21.7254,1.000000,1,0
970,6,417.4639,516.4015,169.5522,21.8494,1.000000,0,1
971,1,1010.6350,469.3405,370.3165,80.7798,1.000000,0,1
971,2,601.3130,518.9998,41.5230,18.8118,1.000000,0,1
971,3,727.6105,514.6980,116.8757,16.5202,1.000000,0,1
971,4,-195.0729,493.8247,387.7910,57.1332,1.000000,0,1
971,5,549.8525,518.7805,39.4492,21.7215,1.000000,1,0
971,6,418.0045,516.3486,169.5605,21.8520,1.000000,0,1
972,1,1010.9460,469.3650,370.4246,80.7919,1.000000,0,1
972,2,600.7706,518.9655,41.5258,18.8089,1.000000,0,1
972,3,728.3047,514.6886,116.9232,16.5238,1.000000,0,1
972,4,-195.5054,493.7453,387.7449,57.1227,1.000000,0,1
972,5,549.3420,518.7251,39.4552,21.7177,1.000000,1,0
972,6,418.5446,516.2941,169.5689,21.8545,1.000000,0,1
973,1,1011.2570,469.3902,370.5319,80.8037,1.000000,0,1
973,2,600.2286,518.9329,41.5285,18.8063,1.000000,0,1
973,3,728.9993,514.6802,116.9710,16.5274,1.000000,0,1
973,4,-195.9383,493.6686,387.6993,57.1123,1.000000,0,1
973,5,548.8317,518.6725,39.4614,21.7141,1.000000,1,0
973,6,419.0842,516.2383,169.5774,21.8571,1.000000,0,1
974,1,1011.5660,469.4171,370.6373,80.8153,1.000000,0,1
974,2,599.6871,518.9005,41.5313,18.8036,1.000000,0,1
974,3,729.6943,514.6731,117.0186,16.5309,1.000000,0,1
974,4,-196.3721,493.5918,387.6536,57.1019,1.000000,0,1
974,5,548.3201,518.6194,39.4677,21.7105,1.000000,1,0
974,6,419.6234,516.1805,169.5861,21.8596,1.000000,0,1
975,1,1011.8750,469.4451,370.7408,80.8266,1.000000,0,1
975,2,599.1458,518.8691,41.5341,18.8009,1.000000,0,1
975,3,730.3895,514.6670,117.0665,16.5345,1.000000,0,1
975,4,-196.8070,493.5168,387.6084,57.0917,1.000000,0,1
975,5,547.8080,518.5679,39.4741,21.7070,1.000000,1,0
975,6,420.1623,516.1215,169.5947,21.8622,1.000000,0,1
976,1,1012.1830,469.4735,370.8426,80.8374,1.000000,0,1
976,2,598.6046,518.8398,41.5369,18.7983,1.000000,0,1
976,3,731.0851,514.6617,117.1141,16.5381,1.000000,0,1
976,4,-197.2427,493.4452,387.5637,57.0815,1.000000,0,1
976,5,547.2958,518.5195,39.4807,21.7038,1.000000,1,0
976,6,420.7007,516.0616,169.6033,21.8646,1.000000,0,1
977,1,1012.4910,469.5030,370.9423,80.8479,1.000000,0,1
977,2,598.0637,518.8109,41.5423,18.7958,1.000000,0,1
977,3,731.7806,514.6576,117.1619,16.5418,1.000000,0,1
977,4,-197.6788,493.3735,387.5192,57.0714,1.000000,0,1
977,5,546.7826,518.4714,39.4874,21.7006,1.000000,1,0
977,6,421.2390,516.0000,169.6119,21.8672,1.000000,0,1
978,1,1012.7970,469.5334,371.0408,80.8582,1.000000,0,1
978,2,597.5230,518.7833,41.5487,18.7933,1.000000,0.0625,0.9375
978,3,732.4637,514.6547,117.2222,16.5454,1.000000,0,1
978,4,-198.1145,493.3030,387.4749,57.0614,1.000000,0,1
978,5,546.2692,518.4257,39.4942,21.6975,1.000000,1,0
978,6,421.7770,515.9376,169.6204,21.8697,1.000000,0,1
979,1,1013.1040,469.5650,371.1377,80.8682,1.000000,0,1
979,2,596.9823,518.7581,41.5552,18.7909,1.000000,0,1
979,3,733.1397,514.6530,117.2895,16.5489,1.000000,0,1
979,4,-198.5500,493.2351,387.4305,57.0514,1.000000,0,1
979,5,545.7562,518.3837,39.5011,21.6947,1.000000,1,0
979,6,422.3150,515.8752,169.6289,21.8722,1.000000,0,1
980,1,1013.4100,469.5973,371.2325,80.8778,1.000000,0,1
980,2,596.4417,518.7334,41.5616,18.7884,1.000000,0.1875,0.8125
980,3,733.8162,514.6526,117.3568,16.5525,1.000000,0,1
980,4,-198.9858,493.1663,387.3868,57.0416,1.000000,0,1
980,5,545.2422,518.3431,39.5081,21.6919,1.000000,1,0
980,6,422.8524,515.8116,169.6371,21.8746,1.000000,0,1
981,1,1013.7150,469.6305,371.3254,80.8870,1.000000,0,1
981,2,595.9010,518.7101,41.5681,18.7861,1.000000,0.0625,0.9375
981,3,734.4938,514.6536,117.4240,16.5561,1.000000,0,1
981,4,-199.4220,493.0982,387.3431,57.0317,1.000000,0,1
981,5,544.7283,518.3054,39.5152,21.6893,1.000000,1,0
981,6,423.3892,515.7478,169.6455,21.8770,1.000000,0,1
982,1,1014.0190,469.6646,371.4166,80.8959,1.000000,0,1
982,2,595.3602,518.6890,41.5747,18.7838,1.000000,0.125,0.875
982,3,735.1727,514.6560,117.4914,16.5597,1.000000,0,1
982,4,-199.8593,493.0325,387.3005,57.0220,1.000000,0,1
982,5,544.2147,518.2717,39.5225,21.6869,1.000000,1,0
982,6,423.9257,515.6841,169.6537,21.8794,1.000000,0,1
983,1,1014.3230,469.6996,371.5056,80.9043,1.000000,0,1
983,2,594.8196,518.6687,41.5810,18.7816,1.000000,0.1875,0.8125
983,3,735.8531,514.6617,117.5585,16.5633,1.000000,0,1
983,4,-200.2985,492.9666,387.2586,57.0124,1.000000,0,1
983,5,543.7014,518.2414,39.5297,21.6846,1.000000,1,0
983,6,424.4617,515.6187,169.6618,21.8819,1.000000,0,1
984,1,1014.6270,469.7357,371.5928,80.9124,1.000000,0,1
984,2,594.2786,518.6501,41.5874,18.7794,1.000000,0.1875,0.8125
984,3,736.5341,514.6713,117.6254,16.5668,1.000000,0,1
984,4,-200.7388,492.9018,387.2173,57.0031,1.000000,0,1
984,5,543.1887,518.2151,39.5370,21.6825,1.000000,1,0
984,6,424.9974,515.5527,169.6699,21.8843,1.000000,0,1
985,1,1014.9300,469.7726,371.6783,80.9202,1.000000,0,1
985,2,593.7367,518.6340,41.5940,18.7773,1.000000,0.125,0.875
985,3,737.2156,514.6848,117.6923,16.5703,1.000000,0,1
985,4,-201.1794,492.8395,387.1761,56.9937,1.000000,0,1
985,5,542.6767,518.1938,39.5443,21.6806,1.000000,1,0
985,6,425.5327,515.4871,169.6780,21.8866,1.000000,0,1
986,1,1015.2330,469.8109,371.7627,80.9278,1.000000,0,1
986,2,593.1938,518.6190,41.6005,18.7753,1.000000,0.25,0.75
986,3,737.8974,514.7034,117.7587,16.5739,1.000000,0,1
986,4,-201.6211,492.7773,387.1356,56.9845,1.000000,0,1
986,5,542.1650,518.1763,39.5515,21.6788,1.000000,1,0
986,6,426.0677,515.4205,169.6859,21.8890,1.000000,0,1
987,1,1015.5360,469.8503,371.8457,80.9351,1.000000,0,1
987,2,592.6502,518.6060,41.6070,18.7734,1.000000,0.375,0.625
987,3,738.5797,514.7263,117.8248,16.5774,1.000000,0,1
987,4,-202.0638,492.7172,387.0952,56.9753,1.000000,0,1
987,5,541.6538,518.1629,39.5588,21.6771,1.000000,1,0
987,6,426.6021,515.3542,169.6939,21.8915,1.000000,0,1
988,1,1015.8380,469.8904,371.9270,80.9421,1.000000,0,1
988,2,592.1060,518.5957,41.6135,18.7715,1.000000,0.25,0.75
988,3,739.2626,514.7526,117.8906,16.5809,1.000000,0,1
988,4,-202.5079,492.6609,387.0557,56.9664,1.000000,0,1
988,5,541.1431,518.1540,39.5657,21.6756,1.000000,1,0
988,6,427.1360,515.2897,169.7021,21.8939,1.000000,0,1
989,1,1016.1400,469.9323,372.0074,80.9490,1.000000,0,1
989,2,591.5610,518.5873,41.6199,18.7696,1.000000,0.25,0.75
989,3,739.9457,514.7832,117.9561,16.5843,1.000000,0,1
989,4,-202.9530,492.6068,387.0164,56.9575,1.000000,0,1
989,5,540.6321,518.1492,39.5728,21.6742,1.000000,1,0
989,6,427.6696,515.2253,169.7103,21.8963,1.000000,0,1
990,1,1016.4410,469.9756,372.0863,80.9556,1.000000,0,1
990,2,591.0154,518.5812,41.6263,18.7678,1.000000,0.25,0.75
990,3,740.6292,514.8169,118.0211,16.5877,1.000000,0,1
990,4,-203.3992,492.5561,386.9778,56.9488,1.000000,0,1
990,5,540.1213,518.1478,39.5797,21.6728,1.000000,1,0
990,6,428.2027,515.1624,169.7186,21.8987,1.000000,0,1
991,1,1016.7410,470.0198,372.1635,80.9619,1.000000,0,1
991,2,590.4694,518.5781,41.6328,18.7661,1.000000,0.4375,0.5625
991,3,741.3132,514.8527,118.0856,16.5911,1.000000,0,1
991,4,-203.8464,492.5106,386.9392,56.9402,1.000000,0,1
991,5,539.6110,518.1499,39.5866,21.6715,1.000000,1,0
991,6,428.7355,515.1017,169.7271,21.9012,1.000000,0,1
992,1,1017.0410,470.0651,372.2397,80.9681,1.000000,0,1
992,2,589.9231,518.5776,41.6390,18.7645,1.000000,0.5,0.5
992,3,741.9977,514.8914,118.1495,16.5943,1.000000,0,1
992,4,-204.2937,492.4689,386.9006,56.9317,1.000000,0,1
992,5,539.1014,518.1563,39.5933,21.6703,1.000000,1,0
992,6,429.2677,515.0424,169.7359,21.9038,1.000000,0,1
993,1,1017.3410,470.1111,372.3154,80.9741,1.000000,0,1
993,2,589.3765,518.5795,41.6451,18.7629,1.000000,0.375,0.625
993,3,742.6824,514.9320,118.2130,16.5975,1.000000,0,1
993,4,-204.7414,492.4317,386.8621,56.9234,1.000000,0,1
993,5,538.5924,518.1658,39.6000,21.6691,1.000000,1,0
993,6,429.7996,514.9852,169.7450,21.9063,1.000000,0,1
994,1,1017.6410,470.1573,372.3904,80.9800,1.000000,0,1
994,2,588.8295,518.5837,41.6513,18.7612,1.000000,0.5625,0.4375
994,3,743.3674,514.9738,118.2759,16.6007,1.000000,0,1
994,4,-205.1907,492.4004,386.8248,56.9153,1.000000,0,1
994,5,538.0836,518.1775,39.6066,21.6680,1.000000,1,0
994,6,430.3310,514.9311,169.7545,21.9090,1.000000,0,1
995,1,1017.9420,470.2045,372.4651,80.9858,1.000000,0,1
995,2,588.2825,518.5894,41.6571,18.7597,1.000000,0.375,0.625
995,3,744.0520,515.0177,118.3382,16.6037,1.000000,0,1
995,4,-205.6401,492.3738,386.7874,56.9073,1.000000,0,1
995,5,537.5760,518.1925,39.6129,21.6670,1.000000,1,0
995,6,430.8622,514.8788,169.7642,21.9117,1.000000,0,1
996,1,1018.2430,470.2525,372.5389,80.9915,1.000000,0,1
996,2,587.7353,518.5963,41.6629,18.7580,1.000000,0.375,0.625
996,3,744.7357,515.0627,118.4003,16.6067,1.000000,0,1
996,4,-206.0905,492.3524,386.7505,56.8996,1.000000,0,1
996,5,537.0690,518.2097,39.6192,21.6659,1.000000,1,0
996,6,431.3934,514.8289,169.7741,21.9146,1.000000,0,1
997,1,1018.5440,470.3008,372.6129,80.9972,1.000000,0,1
997,2,587.1881,518.6046,41.6686,18.7564,1.000000,0.625,0.375
997,3,745.4188,515.1081,118.4618,16.6097,1.000000,0,1
997,4,-206.5427,492.3368,386.7147,56.8920,1.000000,0,1
997,5,536.5624,518.2279,39.6254,21.6648,1.000000,1,0
997,6,431.9242,514.7826,169.7847,21.9174,1.000000,0,1
998,1,1018.8450,470.3504,372.6865,81.0029,1.000000,0,1
998,2,586.6409,518.6146,41.6741,18.7548,1.000000,0.625,0.375
998,3,746.1010,515.1533,118.5228,16.6126,1.000000,0,1
998,4,-206.9952,492.3251,386.6788,56.8847,1.000000,0,1
998,5,536.0568,518.2488,39.6314,21.6637,1.000000,1,0
998,6,432.4543,514.7388,169.7956,21.9204,1.000000,0,1
999,1,1019.1470,470.4008,372.7599,81.0084,1.000000,0,1
999,2,586.0935,518.6259,41.6796,18.7532,1.000000,0.625,0.375
999,3,746.7825,515.1979,118.5834,16.6155,1.000000,0,1
999,4,-207.4483,492.3176,386.6432,56.8773,1.000000,0,1
999,5,535.5516,518.2707,39.6373,21.6627,1.000000,1,0
999,6,432.9841,514.6980,169.8069,21.9234,1.000000,0,1
1000,1,1019.4480,470.4511,372.8325,81.0139,1.000000,0,1
1000,2,585.5460,518.6382,41.6849,18.7516,1.000000,0.8125,0.1875
1000,3,747.4633,515.2416,118.6437,16.6183,1.000000,0,1
1000,4,-207.9025,492.3151,386.6080,56.8702,1.000000,0,1
1000,5,535.0469,518.2927,39.6431,21.6615,1.000000,1,0
1000,6,433.5135,514.6603,169.8187,21.9265,1.000000,0,1
1001,1,1019.7490,470.5027,372.9058,81.0195,1.000000,0,1
1001,2,584.9985,518.6532,41.6902,18.7500,1.000000,0.625,0.375
1001,3,748.1429,515.2838,118.7036,16.6210,1.000000,0,1
1001,4,-208.3570,492.3168,386.5729,56.8633,1.000000,0,1
1001,5,534.5435,518.3168,39.6486,21.6604,1.000000,1,0
1001,6,434.0428,514.6250,169.8306,21.9297,1.000000,0,1
1002,1,1020.0510,470.5549,372.9786,81.0251,1.000000,0,1
1002,2,584.4514,518.6702,41.6954,18.7485,1.000000,0.625,0.375
1002,3,748.8217,515.3251,118.7632,16.6237,1.000000,0,1
1002,4,-208.8121,492.3228,386.5381,56.8565,1.000000,0,1
1002,5,534.0410,518.3413,39.6542,21.6592,1.000000,1,0
1002,6,434.5719,514.5924,169.8430,21.9330,1.000000,0,1
1003,1,1020.3520,470.6073,373.0510,81.0306,1.000000,0,1
1003,2,583.9044,518.6887,41.7005,18.7471,1.000000,0.75,0.25
1003,3,749.4995,515.3657,118.8226,16.6264,1.000000,0,1
1003,4,-209.2688,492.3336,386.5040,56.8498,1.000000,0,1
1003,5,533.5395,518.3649,39.6596,21.6579,1.000000,1,0
1003,6,435.1010,514.5632,169.8557,21.9362,1.000000,0,1
1004,1,1020.6530,470.6609,373.1237,81.0361,1.000000,0,1
1004,2,583.3581,518.7098,41.7055,18.7456,1.000000,0.6875,0.3125
1004,3,750.1761,515.4054,118.8815,16.6290,1.000000,0,1
1004,4,-209.7263,492.3489,386.4702,56.8433,1.000000,0,1
1004,5,533.0403,518.3896,39.6649,21.6566,1.000000,1,0
1004,6,435.6299,514.5363,169.8687,21.9396,1.000000,0,1
1005,1,1020.9550,470.7151,373.1964,81.0417,1.000000,0,1
1005,2,582.8120,518.7324,41.7106,18.7442,1.000000,0.875,0.125
1005,3,750.8519,515.4446,118.9402,16.6316,1.000000,0,1
1005,4,-210.1849,492.3689,386.4368,56.8370,1.000000,0,1
1005,5,532.5426,518.4142,39.6699,21.6552,1.000000,1,0
1005,6,436.1589,514.5120,169.8819,21.9431,1.000000,0,1
1006,1,1021.2550,470.7692,373.2697,81.0474,1.000000,0,1
1006,2,582.2660,518.7557,41.7153,18.7428,1.000000,0.875,0.125
1006,3,751.5269,515.4835,118.9987,16.6342,1.000000,0,1
1006,4,-210.6443,492.3943,386.4036,56.8308,1.000000,0,1
1006,5,532.0459,518.4373,39.6748,21.6537,1.000000,1,0
1006,6,436.6881,514.4912,169.8954,21.9466,1.000000,0,1
1007,1,1021.5560,470.8241,373.3436,81.0533,1.000000,0,1
1007,2,581.7206,518.7809,41.7201,18.7414,1.000000,0.8125,0.1875
1007,3,752.2009,515.5216,119.0566,16.6366,1.000000,0,1
1007,4,-211.1055,492.4259,386.3712,56.8249,1.000000,0,1
1007,5,531.5510,518.4602,39.6796,21.6522,1.000000,1,0
1007,6,437.2176,514.4734,169.9090,21.9501,1.000000,0,1
1008,1,1021.8580,470.8790,373.4183,81.0594,1.000000,0,1
1008,2,581.1754,518.8066,41.7247,18.7399,1.000000,0.8125,0.1875
1008,3,752.8740,515.5598,119.1144,16.6391,1.000000,0,1
1008,4,-211.5681,492.4628,386.3394,56.8192,1.000000,0,1
1008,5,531.0573,518.4825,39.6843,21.6505,1.000000,1,0
1008,6,437.7472,514.4585,169.9228,21.9538,1.000000,0,1
1009,1,1022.1590,470.9336,373.4940,81.0656,1.000000,0,1
1009,2,580.6302,518.8321,41.7293,18.7384,1.000000,0.8125,0.1875
1009,3,753.5466,515.5989,119.1720,16.6416,1.000000,0,1
1009,4,-212.0332,492.5052,386.3083,56.8137,1.000000,0,1
1009,5,530.5645,518.5034,39.6886,21.6487,1.000000,1,0
1009,6,438.2770,514.4470,169.9370,21.9574,1.000000,0,1
1010,1,1022.4600,470.9894,373.5712,81.0722,1.000000,0,1
1010,2,580.0855,518.8584,41.7336,18.7370,1.000000,1,0
1010,3,754.2187,515.6382,119.2293,16.6440,1.000000,0,1
1010,4,-212.5000,492.5552,386.2775,56.8084,1.000000,0,1
1010,5,530.0732,518.5238,39.6930,21.6468,1.000000,1,0
1010,6,438.8077,514.4393,169.9510,21.9611,1.000000,0,1
1011,1,1022.7620,471.0457,373.6494,81.0790,1.000000,0,1
1011,2,579.5409,518.8849,41.7379,18.7354,1.000000,0.8125,0.1875
1011,3,754.8902,515.6783,119.2864,16.6464,1.000000,0,1
1011,4,-212.9689,492.6115,386.2474,56.8034,1.000000,0,1
1011,5,529.5831,518.5436,39.6971,21.6449,1.000000,1,0
1011,6,439.3387,514.4358,169.9654,21.9648,1.000000,0,1
1012,1,1023.0630,471.1019,373.7280,81.0859,1.000000,0,1
1012,2,578.9955,518.9113,41.7421,18.7337,1.000000,0.875,0.125
1012,3,755.5610,515.7192,119.3428,16.6487,1.000000,0,1
1012,4,-213.4411,492.6738,386.2182,56.7987,1.000000,0,1
1012,5,529.0937,518.5624,39.7011,21.6428,1.000000,1,0
1012,6,439.8702,514.4365,169.9798,21.9687,1.000000,0,1
1013,1,1023.3640,471.1595,373.8085,81.0933,1.000000,0,1
1013,2,578.4498,518.9380,41.7461,18.7321,1.000000,1,0
1013,3,756.2308,515.7611,119.3986,16.6509,1.000000,0,1
1013,4,-213.9161,492.7439,386.1899,56.7942,1.000000,0,1
1013,5,528.6052,518.5804,39.7051,21.6407,1.000000,1,0
1013,6,440.4023,514.4417,169.9944,21.9726,1.000000,0,1
1014,1,1023.6660,471.2179,373.8895,81.1009,1.000000,0,1
1014,2,577.9041,518.9641,41.7500,18.7303,1.000000,1,0
1014,3,756.8999,515.8040,119.4542,16.6531,1.000000,0,1
1014,4,-214.3936,492.8203,386.1619,56.7899,1.000000,0,1
1014,5,528.1175,518.5980,39.7088,21.6384,1.000000,1,0
1014,6,440.9350,514.4512,170.0092,21.9765,1.000000,0,1
1015,1,1023.9680,471.2766,373.9728,81.1088,1.000000,0,1
1015,2,577.3589,518.9889,41.7538,18.7285,1.000000,1,0
1015,3,757.5686,515.8477,119.5090,16.6553,1.000000,0,1
1015,4,-214.8743,492.9021,386.1349,56.7859,1.000000,0,1
1015,5,527.6305,518.6146,39.7124,21.6361,1.000000,1,0
1015,6,441.4685,514.4650,170.0239,21.9805,1.000000,0,1
1016,1,1024.2690,471.3374,374.0564,81.1169,1.000000,0,1
1016,2,576.8151,519.0137,41.7575,18.7266,1.000000,1,0
1016,3,758.2368,515.8917,119.5632,16.6573,1.000000,0,1
1016,4,-215.3577,492.9911,386.1084,56.7822,1.000000,0,1
1016,5,527.1442,518.6309,39.7159,21.6337,1.000000,1,0
1016,6,442.0030,514.4833,170.0385,21.9845,1.000000,0,1
1017,1,1024.5710,471.3995,374.1406,81.1252,1.000000,0,1
1017,2,576.2721,519.0377,41.7611,18.7246,1.000000,1,0
1017,3,758.9048,515.9359,119.6168,16.6593,1.000000,0,1
1017,4,-215.8436,493.0850,386.0825,56.7786,1.000000,0,1
1017,5,526.6584,518.6467,39.7193,21.6312,1.000000,1,0
1017,6,442.5385,514.5059,170.0529,21.9885,1.000000,0,1
1018,1,1024.8730,471.4626,374.2257,81.1337,1.000000,0,1
1018,2,575.7299,519.0600,41.7647,18.7226,1.000000,1,0
1018,3,759.5726,515.9803,119.6696,16.6611,1.000000,0,1
1018,4,-216.3325,493.1825,386.0574,56.7752,1.000000,0,1
1018,5,526.1730,518.6623,39.7226,21.6286,1.000000,1,0
1018,6,443.0748,514.5325,170.0673,21.9926,1.000000,0,1
1019,1,1025.1760,471.5285,374.3107,81.1423,1.000000,0,1
1019,2,575.1890,519.0813,41.7681,18.7205,1.000000,1,0
1019,3,760.2406,516.0240,119.7219,16.6629,1.000000,0,1
1019,4,-216.8236,493.2859,386.0330,56.7720,1.000000,0,1
1019,5,525.6879,518.6775,39.7257,21.6260,1.000000,1,0
1019,6,443.6122,514.5633,170.0814,21.9966,1.000000,0,1
1020,1,1025.4780,471.5963,374.3959,81.1510,1.000000,0,1
1020,2,574.6489,519.1014,41.7716,18.7184,1.000000,1,0
1020,3,760.9088,516.0668,119.7736,16.6645,1.000000,0,1
1020,4,-217.3167,493.3929,386.0089,56.7690,1.000000,0,1
1020,5,525.2030,518.6923,39.7286,21.6232,1.000000,1,0
1020,6,444.1508,514.5974,170.0952,22.0007,1.000000,0,1
1021,1,1025.7800,471.6656,374.4811,81.1597,1.000000,0,1
1021,2,574.1096,519.1198,41.7749,18.7162,1.000000,1,0
1021,3,761.5773,516.1082,119.8246,16.6662,1.000000,0,1
1021,4,-217.8117,493.5012,385.9849,56.7660,1.000000,0,1
1021,5,524.7181,518.7067,39.7316,21.6204,1.000000,1,0
1021,6,444.6905,514.6345,170.1086,22.0048,1.000000,0,1
1022,1,1026.0840,471.7382,374.5660,81.1684,1.000000,0,1
1022,2,573.5711,519.1369,41.7784,18.7139,1.000000,1,0
1022,3,762.2465,516.1478,119.8752,16.6676,1.000000,0,1
1022,4,-218.3080,493.6136,385.9611,56.7632,1.000000,0,1
1022,5,524.2338,518.7211,39.7343,21.6175,1.000000,1,0
1022,6,445.2314,514.6750,170.1218,22.0087,1.000000,0,1
1023,1,1026.3870,471.8131,374.6505,81.1770,1.000000,0,1
1023,2,573.0333,519.1532,41.7817,18.7117,1.000000,1,0
1023,3,762.9160,516.1858,119.9252,16.6691,1.000000,0,1
1023,4,-218.8063,493.7278,385.9378,56.7604,1.000000,0,1
1023,5,523.7497,518.7350,39.7370,21.6146,1.000000,1,0
1023,6,445.7733,514.7181,170.1345,22.0127,1.000000,0,1
1024,1,1026.6900,471.8900,374.7336,81.1856,1.000000,0,1
1024,2,572.4958,519.1685,41.7851,18.7093,1.000000,1,0
1024,3,763.5858,516.2217,119.9747,16.6703,1.000000,0,1
1024,4,-219.3060,493.8420,385.9145,56.7577,1.000000,0,1
1024,5,523.2659,518.7482,39.7396,21.6116,1.000000,1,0
1024,6,446.3167,514.7635,170.1467,22.0167,1.000000,0,1
1025,1,1026.9920,471.9714,374.8154,81.1938,1.000000,0,1
1025,2,571.9585,519.1828,41.7886,18.7070,1.000000,1,0
1025,3,764.2560,516.2560,120.0239,16.6716,1.000000,0,1
1025,4,-219.8061,493.9590,385.8914,56.7550,1.000000,0,1
1025,5,522.7825,518.7611,39.7419,21.6085,1.000000,1,0
1025,6,446.8611,514.8118,170.1585,22.0206,1.000000,0,1
1026,1,1027.2930,472.0560,374.8950,81.2019,1.000000,0,1
1026,2,571.4210,519.1969,41.7921,18.7047,1.000000,1,0
1026,3,764.9267,516.2884,120.0727,16.6728,1.000000,0,1
1026,4,-220.3064,494.0765,385.8678,56.7523,1.000000,0,1
1026,5,522.2994,518.7733,39.7444,21.6054,1.000000,1,0
1026,6,447.4070,514.8622,170.1698,22.0244,1.000000,0,1
1027,1,1027.5930,472.1433,374.9722,81.2095,1.000000,0,1
1027,2,570.8832,519.2106,41.7955,18.7024,1.000000,1,0
1027,3,765.5980,516.3181,120.1210,16.6739,1.000000,0,1
1027,4,-220.8074,494.1932,385.8439,56.7495,1.000000,0,1
1027,5,521.8165,518.7846,39.7467,21.6022,1.000000,1,0
1027,6,447.9544,514.9142,170.1804,22.0282,1.000000,0,1
1028,1,1027.8910,472.2353,375.0472,81.2169,1.000000,0,1
1028,2,570.3454,519.2238,41.7989,18.7000,1.000000,1,0
1028,3,766.2703,516.3455,120.1693,16.6749,1.000000,0,1
1028,4,-221.3081,494.3123,385.8198,56.7468,1.000000,0,1
1028,5,521.3339,518.7953,39.7489,21.5989,1.000000,1,0
1028,6,448.5029,514.9684,170.1906,22.0320,1.000000,0,1
1029,1,1028.1870,472.3303,375.1195,81.2239,1.000000,0,1
1029,2,569.8077,519.2363,41.8023,18.6976,1.000000,1,0
1029,3,766.9434,516.3706,120.2174,16.6759,1.000000,0,1
1029,4,-221.8087,494.4323,385.7953,56.7439,1.000000,0,1
1029,5,520.8515,518.8051,39.7512,21.5956,1.000000,1,0
1029,6,449.0527,515.0243,170.2003,22.0357,1.000000,0,1
1030,1,1028.4810,472.4273,375.1890,81.2303,1.000000,0,1
1030,2,569.2703,519.2483,41.8056,18.6951,1.000000,1,0
1030,3,767.6173,516.3930,120.2651,16.6769,1.000000,0,1
1030,4,-222.3092,494.5517,385.7702,56.7410,1.000000,0,1
1030,5,520.3693,518.8138,39.7533,21.5922,1.000000,1,0
1030,6,449.6042,515.0814,170.2093,22.0393,1.000000,0,1
1031,1,1028.7730,472.5278,375.2551,81.2363,1.000000,0,1
1031,2,568.7336,519.2598,41.8088,18.6926,1.000000,1,0
1031,3,768.2926,516.4130,120.3129,16.6778,1.000000,0,1
1031,4,-222.8086,494.6741,385.7446,56.7380,1.000000,0,1
1031,5,519.8872,518.8216,39.7555,21.5888,1.000000,1,0
1031,6,450.1571,515.1406,170.2177,22.0429,1.000000,0,1
1032,1,1029.0630,472.6300,375.3187,81.2417,1.000000,0,1
1032,2,568.1971,519.2706,41.8119,18.6901,1.000000,1,0
1032,3,768.9690,516.4306,120.3604,16.6787,1.000000,0,1
1032,4,-223.3070,494.7978,385.7183,56.7350,1.000000,0,1
1032,5,519.4055,518.8284,39.7575,21.5853,1.000000,1,0
1032,6,450.7116,515.2011,170.2255,22.0464,1.000000,0,1
1033,1,1029.3520,472.7328,375.3795,81.2468,1.000000,0,1
1033,2,567.6609,519.2806,41.8148,18.6875,1.000000,1,0
1033,3,769.6462,516.4452,120.4078,16.6795,1.000000,0,1
1033,4,-223.8044,494.9209,385.6910,56.7317,1.000000,0,1
1033,5,518.9238,518.8342,39.7595,21.5818,1.000000,1,0
1033,6,451.2680,515.2625,170.2326,22.0498,1.000000,0,1
1034,1,1029.6380,472.8380,375.4373,81.2513,1.000000,0,1
1034,2,567.1251,519.2893,41.8177,18.6847,1.000000,1,0
1034,3,770.3244,516.4578,120.4551,16.6803,1.000000,0,1
1034,4,-224.3005,495.0474,385.6633,56.7286,1.000000,0,1
1034,5,518.4425,518.8388,39.7616,21.5783,1.000000,1,0
1034,6,451.8260,515.3259,170.2392,22.0531,1.000000,0,1
1035,1,1029.9230,472.9439,375.4930,81.2554,1.000000,0,1
1035,2,566.5895,519.2968,41.8205,18.6818,1.000000,1,0
1035,3,771.0027,516.4685,120.5023,16.6811,1.000000,0,1
1035,4,-224.7958,495.1754,385.6349,56.7253,1.000000,0,1
1035,5,517.9614,518.8424,39.7637,21.5747,1.000000,1,0
1035,6,452.3858,515.3904,170.2452,22.0564,1.000000,0,1
1036,1,1030.2070,473.0490,375.5470,81.2592,1.000000,0,1
1036,2,566.0539,519.3031,41.8232,18.6789,1.000000,1,0
1036,3,771.6809,516.4761,120.5493,16.6822,1.000000,0,1
1036,4,-225.2898,495.3027,385.6057,56.7219,1.000000,0,1
1036,5,517.4803,518.8453,39.7657,21.5711,1.000000,1,0
1036,6,452.9477,515.4547,170.2504,22.0597,1.000000,0,1
1037,1,1030.4890,473.1546,375.5992,81.2627,1.000000,0,1
1037,2,565.5185,519.3074,41.8257,18.6759,1.000000,1,0
1037,3,772.3601,516.4800,120.5961,16.6831,1.000000,0,1
1037,4,-225.7819,495.4332,385.5761,56.7184,1.000000,0,1
1037,5,516.9994,518.8471,39.7678,21.5675,1.000000,1,0
1037,6,453.5114,515.5200,170.2551,22.0628,1.000000,0,1
1038,1,1030.7710,473.2595,375.6500,81.2659,1.000000,0,1
1038,2,564.9833,519.3102,41.8281,18.6727,1.000000,1,0
1038,3,773.0399,516.4805,120.6429,16.6838,1.000000,0,1
1038,4,-226.2724,495.5644,385.5455,56.7149,1.000000,0,1
1038,5,516.5185,518.8483,39.7699,21.5638,1.000000,1,0
1038,6,454.0770,515.5850,170.2590,22.0659,1.000000,0,1
1039,1,1031.0510,473.3626,375.6997,81.2688,1.000000,0,1
1039,2,564.4487,519.3115,41.8304,18.6694,1.000000,1,0
1039,3,773.7205,516.4777,120.6898,16.6842,1.000000,0,1
1039,4,-226.7623,495.6942,385.5149,56.7113,1.000000,0,1
1039,5,516.0377,518.8489,39.7720,21.5601,1.000000,1,0
1039,6,454.6449,515.6488,170.2619,22.0687,1.000000,0,1
1040,1,1031.3310,473.4653,375.7489,81.2716,1.000000,0,1
1040,2,563.9154,519.3103,41.8326,18.6660,1.000000,1,0
1040,3,774.4022,516.4714,120.7368,16.6844,1.000000,0,1
1040,4,-227.2504,495.8263,385.4836,56.7077,1.000000,0,1
1040,5,515.5572,518.8487,39.7740,21.5564,1.000000,1,0
1040,6,455.2145,515.7125,170.2642,22.0716,1.000000,0,1
1041,1,1031.6100,473.5660,375.7976,81.2743,1.000000,0,1
1041,2,563.3839,519.3074,41.8345,18.6625,1.000000,1,0
1041,3,775.0848,516.4619,120.7838,16.6847,1.000000,0,1
1041,4,-227.7374,495.9585,385.4515,56.7040,1.000000,0,1
1041,5,515.0766,518.8479,39.7761,21.5526,1.000000,1,0
1041,6,455.7860,515.7749,170.2657,22.0743,1.000000,0,1
1042,1,1031.8900,473.6635,375.8466,81.2769,1.000000,0,1
1042,2,562.8538,519.3032,41.8364,18.6588,1.000000,1,0
1042,3,775.7681,516.4493,120.8310,16.6853,1.000000,0,1
1042,4,-228.2233,496.0884,385.4190,56.7001,1.000000,0,1
1042,5,514.5959,518.8466,39.7781,21.5489,1.000000,1,0
1042,6,456.3596,515.8342,170.2661,22.0769,1.000000,0,1
1043,1,1032.1690,473.7595,375.8960,81.2797,1.000000,0,1
1043,2,562.3238,519.2961,41.8383,18.6551,1.000000,1,0
1043,3,776.4523,516.4339,120.8785,16.6859,1.000000,0,1
1043,4,-228.7082,496.2196,385.3867,56.6963,1.000000,0,1
1043,5,514.1152,518.8447,39.7802,21.5452,1.000000,1,0
1043,6,456.9344,515.8918,170.2658,22.0793,1.000000,0,1
1044,1,1032.4480,473.8532,375.9462,81.2825,1.000000,0,1
1044,2,561.7941,519.2872,41.8402,18.6514,1.000000,1,0
1044,3,777.1374,516.4159,120.9261,16.6865,1.000000,0,1
1044,4,-229.1919,496.3499,385.3539,56.6924,1.000000,0,1
1044,5,513.6345,518.8422,39.7824,21.5414,1.000000,1,0
1044,6,457.5109,515.9465,170.2648,22.0816,1.000000,0,1
1045,1,1032.7270,473.9437,375.9967,81.2852,1.000000,0,1
1045,2,561.2644,519.2771,41.8420,18.6475,1.000000,1,0
1045,3,777.8229,516.3958,120.9740,16.6870,1.000000,0,1
1045,4,-229.6741,496.4767,385.3206,56.6883,1.000000,0,1
1045,5,513.1536,518.8392,39.7847,21.5378,1.000000,1,0
1045,6,458.0890,515.9972,170.2628,22.0837,1.000000,0,1
1046,1,1033.0060,474.0319,376.0485,81.2882,1.000000,0,1
1046,2,560.7343,519.2647,41.8439,18.6436,1.000000,1,0
1046,3,778.5095,516.3734,121.0223,16.6877,1.000000,0,1
1046,4,-230.1554,496.6037,385.2872,56.6842,1.000000,0,1
1046,5,512.6729,518.8354,39.7868,21.5340,1.000000,1,0
1046,6,458.6685,516.0448,170.2600,22.0858,1.000000,0,1
1047,1,1033.2850,474.1169,376.1013,81.2913,1.000000,0,1
1047,2,560.2037,519.2510,41.8460,18.6397,1.000000,1,0
1047,3,779.1967,516.3490,121.0709,16.6883,1.000000,0,1
1047,4,-230.6358,496.7288,385.2538,56.6801,1.000000,0,1
1047,5,512.1918,518.8311,39.7892,21.5303,1.000000,1,0
1047,6,459.2493,516.0889,170.2565,22.0877,1.000000,0,1
1048,1,1033.5640,474.1982,376.1552,81.2945,1.000000,0,1
1048,2,559.6731,519.2372,41.8479,18.6358,1.000000,1,0
1048,3,779.8840,516.3232,121.1196,16.6889,1.000000,0,1
1048,4,-231.1144,496.8500,385.2197,56.6758,1.000000,0,1
1048,5,511.7103,518.8267,39.7917,21.5267,1.000000,1,0
1048,6,459.8315,516.1288,170.2520,22.0894,1.000000,0,1
1049,1,1033.8440,474.2766,376.2106,81.2979,1.000000,0,1
1049,2,559.1417,519.2220,41.8499,18.6319,1.000000,1,0
1049,3,780.5716,516.2957,121.1688,16.6896,1.000000,0,1
1049,4,-231.5923,496.9710,385.1861,56.6716,1.000000,0,1
1049,5,511.2289,518.8214,39.7942,21.5231,1.000000,1,0
1049,6,460.4147,516.1651,170.2470,22.0911,1.000000,0,1
1050,1,1034.1230,474.3520,376.2670,81.3014,1.000000,0,1
1050,2,558.6096,519.2065,41.8521,18.6279,1.000000,1,0
1050,3,781.2594,516.2664,121.2181,16.6904,1.000000,0,1
1050,4,-232.0696,497.0899,385.1528,56.6673,1.000000,0,1
1050,5,510.7473,518.8157,39.7968,21.5195,1.000000,1,0
1050,6,460.9991,516.1976,170.2411,22.0925,1.000000,0,1
1051,1,1034.4030,474.4235,376.3245,81.3051,1.000000,0,1
1051,2,558.0773,519.1917,41.8543,18.6241,1.000000,1,0
1051,3,781.9474,516.2356,121.2679,16.6911,1.000000,0,1
1051,4,-232.5461,497.2051,385.1192,56.6629,1.000000,0,1
1051,5,510.2657,518.8096,39.7996,21.5160,1.000000,1,0
1051,6,461.5844,516.2258,170.2349,22.0939,1.000000,0,1
1052,1,1034.6830,474.4919,376.3832,81.3090,1.000000,0,1
1052,2,557.5439,519.1762,41.8566,18.6202,1.000000,1,0
1052,3,782.6362,516.2031,121.3179,16.6919,1.000000,0,1
1052,4,-233.0225,497.3203,385.0859,56.6587,1.000000,0,1
1052,5,509.7841,518.8028,39.8026,21.5126,1.000000,1,0
1052,6,462.1704,516.2504,170.2278,22.0952,1.000000,0,1
1053,1,1034.9620,474.5572,376.4431,81.3129,1.000000,0,1
1053,2,557.0101,519.1608,41.8588,18.6164,1.000000,1,0
1053,3,783.3255,516.1693,121.3682,16.6927,1.000000,0,1
1053,4,-233.4976,497.4335,385.0525,56.6543,1.000000,0,1
1053,5,509.3024,518.7955,39.8056,21.5092,1.000000,1,0
1053,6,462.7571,516.2712,170.2203,22.0964,1.000000,0,1
1054,1,1035.2420,474.6189,376.5038,81.3169,1.000000,0,1
1054,2,556.4765,519.1461,41.8613,18.6127,1.000000,1,0
1054,3,784.0151,516.1343,121.4188,16.6935,1.000000,0,1
1054,4,-233.9713,497.5429,385.0182,56.6497,1.000000,0,1
1054,5,508.8200,518.7875,39.8088,21.5059,1.000000,1,0
1054,6,463.3442,516.2880,170.2124,22.0975,1.000000,0,1
1055,1,1035.5220,474.6776,376.5652,81.3210,1.000000,0,1
1055,2,555.9424,519.1309,41.8638,18.6089,1.000000,1,0
1055,3,784.7055,516.0981,121.4695,16.6944,1.000000,0,1
1055,4,-234.4460,497.6529,384.9849,56.6454,1.000000,0,1
1055,5,508.3371,518.7770,39.8122,21.5025,1.000000,1,0
1055,6,463.9315,516.3011,170.2040,22.0985,1.000000,0,1
1056,1,1035.8020,474.7335,376.6266,81.3250,1.000000,0,1
1056,2,555.4077,519.1159,41.8665,18.6053,1.000000,1,0
1056,3,785.3964,516.0613,121.5206,16.6952,1.000000,0,1
1056,4,-234.9203,497.7618,384.9516,56.6409,1.000000,0,1
1056,5,507.8538,518.7654,39.8156,21.4992,1.000000,1,0
1056,6,464.5189,516.3108,170.1953,22.0994,1.000000,0,1
1057,1,1036.0810,474.7863,376.6888,81.3291,1.000000,0,1
1057,2,554.8727,519.1017,41.8691,18.6017,1.000000,1,0
1057,3,786.0876,516.0237,121.5720,16.6961,1.000000,0,1
1057,4,-235.3929,497.8677,384.9178,56.6363,1.000000,0,1
1057,5,507.3701,518.7537,39.8192,21.4959,1.000000,1,0
1057,6,465.1064,516.3168,170.1863,22.1003,1.000000,0,1
1058,1,1036.3600,474.8366,376.7511,81.3331,1.000000,0,1
1058,2,554.3366,519.0872,41.8720,18.5981,1.000000,1,0
1058,3,786.7798,515.9858,121.6237,16.6970,1.000000,0,1
1058,4,-235.8655,497.9746,384.8844,56.6319,1.000000,0,1
1058,5,506.8860,518.7404,39.8229,21.4927,1.000000,1,0
1058,6,465.6940,516.3188,170.1771,22.1010,1.000000,0,1
1059,1,1036.6390,474.8848,376.8130,81.3371,1.000000,0,1
1059,2,553.7998,519.0731,41.8749,18.5946,1.000000,1,0
1059,3,787.4723,515.9476,121.6757,16.6980,1.000000,0,1
1059,4,-236.3365,498.0803,384.8504,56.6273,1.000000,0,1
1059,5,506.4017,518.7271,39.8267,21.4895,1.000000,1,0
1059,6,466.2814,516.3174,170.1676,22.1018,1.000000,0,1
1060,1,1036.9170,474.9305,376.8748,81.3409,1.000000,0,1
1060,2,553.2629,519.0598,41.8779,18.5911,1.000000,1,0
1060,3,788.1652,515.9091,121.7280,16.6990,1.000000,0,1
1060,4,-236.8048,498.1824,384.8152,56.6224,1.000000,0,1
1060,5,505.9174,518.7151,39.8307,21.4864,1.000000,1,0
1060,6,466.8683,516.3127,170.1582,22.1024,1.000000,0,1
1061,1,1037.1950,474.9740,376.9362,81.3446,1.000000,0,1
1061,2,552.7250,519.0468,41.8811,18.5878,1.000000,1,0
1061,3,788.8577,515.8716,121.7806,16.7001,1.000000,0,1
1061,4,-237.2726,498.2842,384.7802,56.6175,1.000000,0,1
1061,5,505.4329,518.7026,39.8348,21.4833,1.000000,1,0
1061,6,467.4550,516.3043,170.1488,22.1031,1.000000,0,1
1062,1,1037.4730,475.0157,376.9971,81.3481,1.000000,0,1
1062,2,552.1868,519.0344,41.8844,18.5844,1.000000,1,0
1062,3,789.5502,515.8345,121.8336,16.7012,1.000000,0,1
1062,4,-237.7384,498.3843,384.7444,56.6125,1.000000,0,1
1062,5,504.9483,518.6909,39.8388,21.4804,1.000000,1,0
1062,6,468.0412,516.2926,170.1394,22.1038,1.000000,0,1
1063,1,1037.7500,475.0555,377.0577,81.3516,1.000000,0,1
1063,2,551.6489,519.0230,41.8876,18.5812,1.000000,1,0
1063,3,790.2434,515.7967,121.8870,16.7023,1.000000,0,1
1063,4,-238.2009,498.4810,384.7072,56.6072,1.000000,0,1
1063,5,504.4637,518.6813,39.8431,21.4775,1.000000,1,0
1063,6,468.6269,516.2783,170.1300,22.1044,1.000000,0,1
1064,1,1038.0270,475.0940,377.1169,81.3547,1.000000,0,1
1064,2,551.1107,519.0123,41.8909,18.5780,1.000000,1,0
1064,3,790.9376,515.7589,121.9409,16.7036,1.000000,0,1
1064,4,-238.6604,498.5760,384.6687,56.6017,1.000000,0,1
1064,5,503.9791,518.6725,39.8473,21.4747,1.000000,1,0
1064,6,469.2119,516.2609,170.1209,22.1050,1.000000,0,1
1065,1,1038.3030,475.1313,377.1758,81.3576,1.000000,0,1
1065,2,550.5726,519.0023,41.8944,18.5749,1.000000,1,0
1065,3,791.6329,515.7212,121.9953,16.7048,1.000000,0,1
1065,4,-239.1167,498.6674,384.6291,56.5959,1.000000,0,1
1065,5,503.4943,518.6655,39.8516,21.4720,1.000000,1,0
1065,6,469.7963,516.2411,170.1118,22.1056,1.000000,0,1
1066,1,1038.5790,475.1670,377.2340,81.3605,1.000000,0,1
1066,2,550.0353,518.9930,41.8980,18.5718,1.000000,1,0
1066,3,792.3291,515.6838,122.0504,16.7062,1.000000,0,1
1066,4,-239.5695,498.7539,384.5879,56.5898,1.000000,0,1
1066,5,503.0096,518.6610,39.8557,21.4694,1.000000,1,0
1066,6,470.3801,516.2195,170.1067,22.1063,1.000000,0,1
1067,1,1038.8550,475.2019,377.2914,81.3631,1.000000,0,1
1067,2,549.4990,518.9843,41.9016,18.5687,1.000000,1,0
1067,3,793.0267,515.6476,122.1060,16.7076,1.000000,0,1
1067,4,-240.0201,498.8369,384.5459,56.5834,1.000000,0,1
1067,5,502.5245,518.6583,39.8599,21.4667,1.000000,1,0
1067,6,470.9631,516.1953,170.1024,22.1069,1.000000,0,1
1068,1,1039.1310,475.2358,377.3481,81.3656,1.000000,0,1
1068,2,548.9639,518.9759,41.9051,18.5657,1.000000,1,0
1068,3,793.7255,515.6119,122.1620,16.7091,1.000000,0,1
1068,4,-240.4665,498.9152,384.5020,56.5767,1.000000,0,1
1068,5,502.0395,518.6578,39.8639,21.4641,1.000000,1,0
1068,6,471.5454,516.1696,170.0984,22.1075,1.000000,0,1
1069,1,1039.4070,475.2679,377.4044,81.3678,1.000000,0,1
1069,2,548.4293,518.9680,41.9087,18.5628,1.000000,1,0
1069,3,794.4251,515.5769,122.2189,16.7107,1.000000,0,1
1069,4,-240.9078,498.9877,384.4561,56.5695,1.000000,0,1
1069,5,501.5543,518.6599,39.8679,21.4615,1.000000,1,0
1069,6,472.1270,516.1426,170.0945,22.1081,1.000000,0,1
1070,1,1039.6840,475.2980,377.4602,81.3699,1.000000,0,1
1070,2,547.8945,518.9600,41.9124,18.5599,1.000000,1,0
1070,3,795.1264,515.5446,122.2765,16.7123,1.000000,0,1
1070,4,-241.3451,499.0561,384.4087,56.5620,1.000000,0,1
1070,5,501.0689,518.6640,39.8718,21.4589,1.000000,1,0
1070,6,472.7076,516.1135,170.0908,22.1088,1.000000,0,1
1071,1,1039.9620,475.3266,377.5154,81.3718,1.000000,0,1
1071,2,547.3599,518.9522,41.9161,18.5570,1.000000,1,0
1071,3,795.8290,515.5144,122.3348,16.7141,1.000000,0,1
1071,4,-241.7783,499.1192,384.3599,56.5542,1.000000,0,1
1071,5,500.5833,518.6700,39.8756,21.4564,1.000000,1,0
1071,6,473.2873,516.0830,170.0871,22.1094,1.000000,0,1
1072,1,1040.2400,475.3540,377.5710,81.3738,1.000000,0,1
1072,2,546.8258,518.9446,41.9199,18.5541,1.000000,1,0
1072,3,796.5330,515.4853,122.3937,16.7160,1.000000,0,1
1072,4,-242.2066,499.1754,384.3091,56.5459,1.000000,0,1
1072,5,500.0977,518.6779,39.8792,21.4539,1.000000,1,0
1072,6,473.8660,516.0516,170.0838,22.1101,1.000000,0,1
1073,1,1040.5180,475.3802,377.6266,81.3756,1.000000,0,1
1073,2,546.2920,518.9375,41.9235,18.5513,1.000000,1,0
1073,3,797.2384,515.4590,122.4534,16.7180,1.000000,0,1
1073,4,-242.6315,499.2268,384.2572,56.5373,1.000000,0,1
1073,5,499.6118,518.6873,39.8828,21.4513,1.000000,1,0
1073,6,474.4439,516.0183,170.0807,22.1108,1.000000,0,1
1074,1,1040.7960,475.4052,377.6821,81.3774,1.000000,0,1
1074,2,545.7585,518.9308,41.9274,18.5484,1.000000,1,0
1074,3,797.9449,515.4347,122.5135,16.7200,1.000000,0,1
1074,4,-243.0527,499.2730,384.2037,56.5284,1.000000,0,1
1074,5,499.1257,518.6979,39.8861,21.4488,1.000000,1,0
1074,6,475.0210,515.9840,170.0779,22.1115,1.000000,0,1
1075,1,1041.0740,475.4281,377.7380,81.3793,1.000000,0,1
1075,2,545.2260,518.9243,41.9310,18.5456,1.000000,1,0
1075,3,798.6525,515.4118,122.5744,16.7221,1.000000,0,1
1075,4,-243.4708,499.3135,384.1490,56.5192,1.000000,0,1
1075,5,498.6393,518.7092,39.8895,21.4461,1.000000,1,0
1075,6,475.5972,515.9495,170.0754,22.1122,1.000000,0,1
1076,1,1041.3530,475.4487,377.7944,81.3811,1.000000,0,1
1076,2,544.6940,518.9181,41.9348,18.5428,1.000000,1,0
1076,3,799.3611,515.3922,122.6356,16.7243,1.000000,0,1
1076,4,-243.8857,499.3492,384.0928,56.5096,1.000000,0,1
1076,5,498.1525,518.7212,39.8926,21.4435,1.000000,1,0
1076,6,476.1726,515.9135,170.0734,22.1130,1.000000,0,1
1077,1,1041.6330,475.4670,377.8516,81.3831,1.000000,0,1
1077,2,544.1627,518.9121,41.9384,18.5399,1.000000,1,0
1077,3,800.0711,515.3741,122.6974,16.7266,1.000000,0,1
1077,4,-244.2975,499.3798,384.0352,56.4997,1.000000,0,1
1077,5,497.6653,518.7334,39.8958,21.4408,1.000000,1,0
1077,6,476.7471,515.8773,170.0717,22.1138,1.000000,0,1
1078,1,1041.9130,475.4825,377.9098,81.3851,1.000000,0,1
1078,2,543.6323,518.9061,41.9420,18.5371,1.000000,1,0
1078,3,800.7830,515.3567,122.7596,16.7289,1.000000,0,1
1078,4,-244.7065,499.4054,383.9765,56.4895,1.000000,0,1
1078,5,497.1779,518.7454,39.8988,21.4380,1.000000,1,0
1078,6,477.3204,515.8414,170.0705,22.1148,1.000000,0,1
1079,1,1042.1930,475.4951,377.9692,81.3873,1.000000,0,1
1079,2,543.1026,518.9001,41.9457,18.5343,1.000000,1,0
1079,3,801.4963,515.3425,122.8225,16.7313,1.000000,0,1
1079,4,-245.1134,499.4274,383.9170,56.4791,1.000000,0,1
1079,5,496.6910,518.7573,39.9019,21.4352,1.000000,1,0
1079,6,477.8926,515.8048,170.0698,22.1157,1.000000,0,1
1080,1,1042.4740,475.5045,378.0291,81.3894,1.000000,0,1
1080,2,542.5737,518.8936,41.9492,18.5315,1.000000,1,0
1080,3,802.2112,515.3300,122.8857,16.7338,1.000000,0,1
1080,4,-245.5186,499.4459,383.8569,56.4686,1.000000,0,1
1080,5,496.2045,518.7688,39.9049,21.4325,1.000000,1,0
1080,6,478.4637,515.7682,170.0695,22.1167,1.000000,0,1
1081,1,1042.7560,475.5104,378.0901,81.3917,1.000000,0,1
1081,2,542.0453,518.8870,41.9529,18.5286,1.000000,1,0
1081,3,802.9276,515.3182,122.9496,16.7363,1.000000,0,1
1081,4,-245.9216,499.4611,383.7957,56.4578,1.000000,0,1
1081,5,495.7178,518.7795,39.9078,21.4296,1.000000,1,0
1081,6,479.0334,515.7329,170.0697,22.1178,1.000000,0,1
1082,1,1043.0390,475.5122,378.1526,81.3941,1.000000,0,1
1082,2,541.5173,518.8800,41.9564,18.5257,1.000000,1,0
1082,3,803.6451,515.3097,123.0138,16.7389,1.000000,0,1
1082,4,-246.3234,499.4728,383.7341,56.4469,1.000000,0,1
1082,5,495.2306,518.7891,39.9108,21.4268,1.000000,1,0
1082,6,479.6019,515.6974,170.0706,22.1191,1.000000,0,1
1083,1,1043.3230,475.5102,378.2166,81.3966,1.000000,0,1
1083,2,540.9896,518.8728,41.9598,18.5228,1.000000,1,0
1083,3,804.3639,515.3029,123.0784,16.7415,1.000000,0,1
1083,4,-246.7236,499.4813,383.6716,56.4357,1.000000,0,1
1083,5,494.7428,518.7979,39.9138,21.4239,1.000000,1,0
1083,6,480.1691,515.6630,170.0719,22.1203,1.000000,0,1
1084,1,1043.6090,475.5042,378.2813,81.3992,1.000000,0,1
1084,2,540.4623,518.8654,41.9633,18.5198,1.000000,1,0
1084,3,805.0839,515.2968,123.1437,16.7442,1.000000,0,1
1084,4,-247.1223,499.4865,383.6086,56.4244,1.000000,0,1
1084,5,494.2548,518.8058,39.9169,21.4210,1.000000,1,0
1084,6,480.7349,515.6302,170.0739,22.1216,1.000000,0,1
1085,1,1043.8960,475.4935,378.3475,81.4018,1.000000,0,1
1085,2,539.9354,518.8577,41.9666,18.5169,1.000000,1,0
1085,3,805.8046,515.2938,123.2092,16.7469,1.000000,0,1
1085,4,-247.5195,499.4881,383.5450,56.4130,1.000000,0,1
1085,5,493.7662,518.8130,39.9199,21.4181,1.000000,1,0
1085,6,481.2992,515.5975,170.0765,22.1231,1.000000,0,1
1086,1,1044.1840,475.4786,378.4147,81.4045,1.000000,0,1
1086,2,539.4088,518.8499,41.9700,18.5138,1.000000,1,0
1086,3,806.5264,515.2925,123.2752,16.7498,1.000000,0,1
1086,4,-247.9149,499.4864,383.4804,56.4013,1.000000,0,1
1086,5,493.2772,518.8197,39.9230,21.4152,1.000000,1,0
1086,6,481.8622,515.5660,170.0798,22.1246,1.000000,0,1
1087,1,1044.4730,475.4596,378.4824,81.4071,1.000000,0,1
1087,2,538.8825,518.8417,41.9732,18.5109,1.000000,1,0
1087,3,807.2490,515.2921,123.3419,16.7527,1.000000,0,1
1087,4,-248.3090,499.4814,383.4155,56.3895,1.000000,0,1
1087,5,492.7883,518.8259,39.9262,21.4124,1.000000,1,0
1087,6,482.4237,515.5369,170.0838,22.1263,1.000000,0,1
1088,1,1044.7640,475.4360,378.5518,81.4099,1.000000,0,1
1088,2,538.3564,518.8334,41.9764,18.5078,1.000000,1,0
1088,3,807.9720,515.2944,123.4089,16.7556,1.000000,0,1
1088,4,-248.7013,499.4729,383.3498,56.3775,1.000000,0,1
1088,5,492.2988,518.8318,39.9294,21.4095,1.000000,1,0
1088,6,482.9837,515.5096,170.0885,22.1280,1.000000,0,1
1089,1,1045.0560,475.4086,378.6217,81.4126,1.000000,0,1
1089,2,537.8306,518.8247,41.9796,18.5047,1.000000,1,0
1089,3,808.6956,515.2985,123.4764,16.7587,1.000000,0,1
1089,4,-249.0923,499.4612,383.2836,56.3654,1.000000,0,1
1089,5,491.8093,518.8375,39.9327,21.4066,1.000000,1,0
1089,6,483.5424,515.4847,170.0940,22.1299,1.000000,0,1
1090,1,1045.3500,475.3776,378.6921,81.4153,1.000000,0,1
1090,2,537.3051,518.8154,41.9827,18.5016,1.000000,1,0
1090,3,809.4202,515.3033,123.5446,16.7619,1.000000,0,1
1090,4,-249.4825,499.4460,383.2173,56.3531,1.000000,0,1
1090,5,491.3199,518.8426,39.9360,21.4038,1.000000,1,0
1090,6,484.0997,515.4630,170.1000,22.1319,1.000000,0,1
1091,1,1045.6440,475.3419,378.7633,81.4179,1.000000,0,1
1091,2,536.7798,518.8059,41.9858,18.4984,1.000000,1,0
1091,3,810.1452,515.3102,123.6130,16.7650,1.000000,0,1
1091,4,-249.8690,499.4265,383.1500,56.3406,1.000000,0,1
1091,5,490.8302,518.8475,39.9394,21.4010,1.000000,1,0
1091,6,484.6557,515.4436,170.1068,22.1340,1.000000,0,1
1092,1,1045.9410,475.3025,378.8351,81.4206,1.000000,0,1
1092,2,536.2547,518.7958,41.9888,18.4953,1.000000,1,0
1092,3,810.8710,515.3181,123.6820,16.7682,1.000000,0,1
1092,4,-250.2534,499.4034,383.0822,56.3280,1.000000,0,1
1092,5,490.3403,518.8524,39.9428,21.3982,1.000000,1,0
1092,6,485.2103,515.4271,170.1143,22.1363,1.000000,0,1
1093,1,1046.2380,475.2599,378.9077,81.4231,1.000000,0,1
1093,2,535.7294,518.7850,41.9918,18.4920,1.000000,1,0
1093,3,811.5979,515.3269,123.7516,16.7716,1.000000,0,1
1093,4,-250.6365,499.3768,383.0142,56.3153,1.000000,0,1
1093,5,489.8506,518.8568,39.9462,21.3953,1.000000,1,0
1093,6,485.7639,515.4143,170.1223,22.1386,1.000000,0,1
1094,1,1046.5360,475.2137,378.9805,81.4257,1.000000,0,1
1094,2,535.2037,518.7736,41.9949,18.4888,1.000000,1,0
1094,3,812.3250,515.3386,123.8216,16.7750,1.000000,0,1
1094,4,-251.0181,499.3454,382.9457,56.3024,1.000000,0,1
1094,5,489.3605,518.8612,39.9496,21.3925,1.000000,1,0
1094,6,486.3161,515.4050,170.1313,22.1411,1.000000,0,1
1095,1,1046.8360,475.1647,379.0536,81.4281,1.000000,0,1
1095,2,534.6776,518.7618,41.9979,18.4855,1.000000,1,0
1095,3,813.0524,515.3528,123.8920,16.7784,1.000000,0,1
1095,4,-251.3988,499.3105,382.8770,56.2893,1.000000,0,1
1095,5,488.8702,518.8653,39.9531,21.3897,1.000000,1,0
1095,6,486.8673,515.3994,170.1408,22.1437,1.000000,0,1
1096,1,1047.1350,475.1129,379.1266,81.4304,1.000000,0,1
1096,2,534.1514,518.7495,42.0009,18.4822,1.000000,1,0
1096,3,813.7805,515.3688,123.9630,16.7820,1.000000,0,1
1096,4,-251.7785,499.2728,382.8079,56.2762,1.000000,0,1
1096,5,488.3801,518.8691,39.9566,21.3869,1.000000,1,0
1096,6,487.4178,515.3972,170.1510,22.1463,1.000000,0,1
1097,1,1047.4370,475.0577,379.1995,81.4325,1.000000,0,1
1097,2,533.6249,518.7369,42.0037,18.4789,1.000000,1,0
1097,3,814.5078,515.3881,124.0342,16.7855,1.000000,0,1
1097,4,-252.1582,499.2312,382.7390,56.2630,1.000000,0,1
1097,5,487.8897,518.8729,39.9601,21.3842,1.000000,1,0
1097,6,487.9675,515.3987,170.1617,22.1491,1.000000,0,1
1098,1,1047.7390,475.0002,379.2722,81.4346,1.000000,0,1
1098,2,533.0983,518.7239,42.0067,18.4756,1.000000,1,0
1098,3,815.2350,515.4096,124.1057,16.7892,1.000000,0,1
1098,4,-252.5382,499.1872,382.6702,56.2498,1.000000,0,1
1098,5,487.3992,518.8766,39.9637,21.3814,1.000000,0.9375,0.0625
1098,6,488.5167,515.4036,170.1728,22.1521,1.000000,0,1
1099,1,1048.0410,474.9406,379.3450,81.4364,1.000000,0,1
1099,2,532.5714,518.7109,42.0097,18.4723,1.000000,1,0
1099,3,815.9622,515.4332,124.1777,16.7929,1.000000,0,1
1099,4,-252.9195,499.1416,382.6022,56.2367,1.000000,0,1
1099,5,486.9091,518.8800,39.9672,21.3787,1.000000,1,0
1099,6,489.0658,515.4114,170.1843,22.1550,1.000000,0,1
1100,1,1048.3440,474.8781,379.4178,81.4383,1.000000,0,1
1100,2,532.0441,518.6981,42.0127,18.4690,1.000000,1,0
1100,3,816.6882,515.4602,124.2496,16.7966,1.000000,0,1
1100,4,-253.3018,499.0947,382.5343,56.2235,1.000000,0,1
1100,5,486.4191,518.8840,39.9709,21.3760,1.000000,0.9375,0.0625
1100,6,489.6152,515.4226,170.1960,22.1581,1.000000,0,1
1101,1,1048.6480,474.8134,379.4908,81.4400,1.000000,0,1
1101,2,531.5166,518.6852,42.0157,18.4656,1.000000,1,0
1101,3,817.4138,515.4902,124.3215,16.8004,1.000000,0,1
1101,4,-253.6861,499.0474,382.4677,56.2105,1.000000,0,1
1101,5,485.9294,518.8883,39.9746,21.3733,1.000000,0.875,0.125
1101,6,490.1651,515.4366,170.2078,22.1611,1.000000,0,1
1102,1,1048.9530,474.7472,379.5631,81.4416,1.000000,0,1
1102,2,530.9887,518.6722,42.0187,18.4624,1.000000,1,0
1102,3,818.1391,515.5228,124.3940,16.8042,1.000000,0,1
1102,4,-254.0727,499.0000,382.4017,56.1977,1.000000,0,1
1102,5,485.4402,518.8924,39.9783,21.3707,1.000000,0.875,0.125
1102,6,490.7155,515.4534,170.2198,22.1642,1.000000,0,1
1103,1,1049.2580,474.6783,379.6361,81.4431,1.000000,0,1
1103,2,530.4603,518.6590,42.0220,18.4591,1.000000,1,0
1103,3,818.8632,515.5583,124.4662,16.8081,1.000000,0,1
1103,4,-254.4618,498.9521,382.3367,56.1850,1.000000,0,1
1103,5,484.9512,518.8970,39.9821,21.3681,1.000000,0.75,0.25
1103,6,491.2664,515.4739,170.2320,22.1674,1.000000,0,1
1104,1,1049.5640,474.6076,379.7094,81.4446,1.000000,0,1
1104,2,529.9316,518.6456,42.0251,18.4558,1.000000,1,0
1104,3,819.5867,515.5966,124.5381,16.8119,1.000000,0,1
1104,4,-254.8538,498.9044,382.2731,56.1725,1.000000,0,1
1104,5,484.4626,518.9014,39.9858,21.3655,1.000000,0.6875,0.3125
1104,6,491.8177,515.4973,170.2442,22.1706,1.000000,0,1
1105,1,1049.8700,474.5356,379.7826,81.4461,1.000000,0,1
1105,2,529.4026,518.6323,42.0283,18.4526,1.000000,1,0
1105,3,820.3101,515.6375,124.6103,16.8158,1.000000,0,1
1105,4,-255.2486,498.8575,382.2105,56.1603,1.000000,0,1
1105,5,483.9743,518.9052,39.9896,21.3629,1.000000,0.9375,0.0625
1105,6,492.3701,515.5228,170.2562,22.1738,1.000000,0,1
1106,1,1050.1770,474.4609,379.8555,81.4474,1.000000,0,1
1106,2,528.8726,518.6191,42.0316,18.4494,1.000000,1,0
1106,3,821.0322,515.6811,124.6820,16.8196,1.000000,0,1
1106,4,-255.6470,498.8102,382.1493,56.1482,1.000000,0,1
1106,5,483.4857,518.9091,39.9936,21.3604,1.000000,0.875,0.125
1106,6,492.9236,515.5521,170.2679,22.1770,1.000000,0,1
1107,1,1050.4830,474.3845,379.9282,81.4486,1.000000,0,1
1107,2,528.3417,518.6059,42.0350,18.4463,1.000000,1,0
1107,3,821.7542,515.7270,124.7535,16.8234,1.000000,0,1
1107,4,-256.0491,498.7632,382.0897,56.1363,1.000000,0,1
1107,5,482.9971,518.9127,39.9974,21.3578,1.000000,0.75,0.25
1107,6,493.4782,515.5840,170.2794,22.1802,1.000000,0,1
1108,1,1050.7900,474.3068,380.0012,81.4498,1.000000,0,1
1108,2,527.8105,518.5933,42.0384,18.4431,1.000000,1,0
1108,3,822.4768,515.7745,124.8250,16.8273,1.000000,0,1
1108,4,-256.4551,498.7169,382.0316,56.1247,1.000000,0,1
1108,5,482.5086,518.9154,40.0014,21.3553,1.000000,0.75,0.25
1108,6,494.0341,515.6179,170.2905,22.1833,1.000000,0,1
1109,1,1051.0960,474.2267,380.0737,81.4509,1.000000,0,1
1109,2,527.2792,518.5818,42.0419,18.4401,1.000000,1,0
1109,3,823.2001,515.8227,124.8961,16.8310,1.000000,0,1
1109,4,-256.8649,498.6699,381.9749,56.1134,1.000000,0,1
1109,5,482.0201,518.9184,40.0054,21.3528,1.000000,0.6875,0.3125
1109,6,494.5912,515.6553,170.3013,22.1865,1.000000,0,1
1110,1,1051.4030,474.1447,380.1462,81.4519,1.000000,0,1
1110,2,526.7480,518.5714,42.0454,18.4371,1.000000,1,0
1110,3,823.9240,515.8722,124.9669,16.8347,1.000000,0,1
1110,4,-257.2778,498.6225,381.9195,56.1021,1.000000,0,1
1110,5,481.5316,518.9211,40.0094,21.3503,1.000000,0.6875,0.3125
1110,6,495.1494,515.6948,170.3118,22.1896,1.000000,0,1
1111,1,1051.7090,474.0613,380.2189,81.4529,1.000000,0,1
1111,2,526.2171,518.5619,42.0491,18.4341,1.000000,1,0
1111,3,824.6477,515.9238,125.0372,16.8384,1.000000,0,1
1111,4,-257.6934,498.5751,381.8650,56.0911,1.000000,0,1
1111,5,481.0434,518.9230,40.0135,21.3478,1.000000,0.5625,0.4375
1111,6,495.7092,515.7358,170.3218,22.1927,1.000000,0,1
1112,1,1052.0150,473.9757,380.2914,81.4538,1.000000,0,1
1112,2,525.6865,518.5536,42.0527,18.4313,1.000000,1,0
1112,3,825.3700,515.9771,125.1072,16.8420,1.000000,0,1
1112,4,-258.1128,498.5259,381.8116,56.0801,1.000000,0,1
1112,5,480.5557,518.9250,40.0176,21.3453,1.000000,0.5625,0.4375
1112,6,496.2709,515.7791,170.3314,22.1957,1.000000,0,1
1113,1,1052.3200,473.8887,380.3640,81.4546,1.000000,0,1
1113,2,525.1563,518.5464,42.0563,18.4285,1.000000,1,0
1113,3,826.0918,516.0316,125.1765,16.8456,1.000000,0,1
1113,4,-258.5353,498.4755,381.7596,56.0694,1.000000,0,1
1113,5,480.0682,518.9265,40.0216,21.3428,1.000000,0.5,0.5
1113,6,496.8342,515.8235,170.3406,22.1987,1.000000,0,1
1114,1,1052.6260,473.8009,380.4368,81.4555,1.000000,0,1
1114,2,524.6265,518.5399,42.0600,18.4257,1.000000,1,0
1114,3,826.8129,516.0862,125.2453,16.8491,1.000000,0,1
1114,4,-258.9609,498.4243,381.7086,56.0589,1.000000,0,1
1114,5,479.5811,518.9270,40.0256,21.3403,1.000000,0.5,0.5
1114,6,497.3995,515.8683,170.3494,22.2017,1.000000,0,1
1115,1,1052.9310,473.7106,380.5094,81.4562,1.000000,0,1
1115,2,524.0974,518.5342,42.0637,18.4229,1.000000,1,0
1115,3,827.5330,516.1398,125.3136,16.8526,1.000000,0,1
1115,4,-259.3897,498.3709,381.6588,56.0484,1.000000,0,1
1115,5,479.0943,518.9269,40.0297,21.3376,1.000000,0.375,0.625
1115,6,497.9667,515.9154,170.3578,22.2046,1.000000,0,1
1116,1,1053.2360,473.6188,380.5820,81.4570,1.000000,0,1
1116,2,523.5687,518.5289,42.0673,18.4202,1.000000,1,0
1116,3,828.2523,516.1923,125.3813,16.8559,1.000000,0,1
1116,4,-259.8207,498.3161,381.6098,56.0380,1.000000,0,1
1116,5,478.6082,518.9255,40.0337,21.3351,1.000000,0.5,0.5
1116,6,498.5355,515.9636,170.3658,22.2074,1.000000,0,1
1117,1,1053.5410,473.5264,380.6548,81.4578,1.000000,0,1
1117,2,523.0404,518.5238,42.0710,18.4175,1.000000,1,0
1117,3,828.9713,516.2432,125.4485,16.8592,1.000000,0,1
1117,4,-260.2534,498.2602,381.5614,56.0278,1.000000,0,1
1117,5,478.1225,518.9230,40.0377,21.3323,1.000000,0.3125,0.6875
1117,6,499.1058,516.0111,170.3736,22.2103,1.000000,0,1
1118,1,1053.8460,473.4324,380.7273,81.4584,1.000000,0,1
1118,2,522.5128,518.5197,42.0747,18.4149,1.000000,1,0
1118,3,829.6893,516.2913,125.5151,16.8624,1.000000,0,1
1118,4,-260.6873,498.2019,381.5134,56.0175,1.000000,0,1
1118,5,477.6371,518.9197,40.0417,21.3297,1.000000,0.375,0.625
1118,6,499.6776,516.0599,170.3811,22.2132,1.000000,0,1
1119,1,1054.1510,473.3375,380.7992,81.4589,1.000000,0,1
1119,2,521.9856,518.5158,42.0785,18.4123,1.000000,1,0
1119,3,830.4066,516.3370,125.5812,16.8654,1.000000,0,1
1119,4,-261.1225,498.1422,381.4661,56.0073,1.000000,0,1
1119,5,477.1520,518.9152,40.0457,21.3269,1.000000,0.5,0.5
1119,6,500.2505,516.1086,170.3885,22.2159,1.000000,0,1
1120,1,1054.4560,473.2429,380.8716,81.4595,1.000000,0,1
1120,2,521.4589,518.5122,42.0823,18.4097,1.000000,1,0
1120,3,831.1238,516.3798,125.6467,16.8685,1.000000,0,1
1120,4,-261.5580,498.0819,381.4185,55.9971,1.000000,0,1
1120,5,476.6672,518.9095,40.0496,21.3241,1.000000,0.3125,0.6875
1120,6,500.8249,516.1555,170.3958,22.2187,1.000000,0,1
1121,1,1054.7610,473.1471,380.9431,81.4600,1.000000,0,1
1121,2,520.9330,518.5096,42.0861,18.4071,1.000000,1,0
1121,3,831.8405,516.4188,125.7117,16.8714,1.000000,0,1
1121,4,-261.9937,498.0197,381.3713,55.9868,1.000000,0,1
1121,5,476.1829,518.9029,40.0536,21.3213,1.000000,0.25,0.75
1121,6,501.4005,516.2025,170.4029,22.2215,1.000000,0,1
1122,1,1055.0650,473.0513,381.0148,81.4604,1.000000,0,1
1122,2,520.4075,518.5074,42.0899,18.4046,1.000000,1,0
1122,3,832.5568,516.4548,125.7764,16.8743,1.000000,0,1
1122,4,-262.4292,497.9566,381.3239,55.9766,1.000000,0,1
1122,5,475.6990,518.8954,40.0574,21.3185,1.000000,0.375,0.625
1122,6,501.9771,516.2485,170.4101,22.2243,1.000000,0,1
1123,1,1055.3690,472.9562,381.0863,81.4608,1.000000,0,1
1123,2,519.8824,518.5057,42.0937,18.4021,1.000000,1,0
1123,3,833.2728,516.4869,125.8405,16.8781,1.000000,0,1
1123,4,-262.8654,497.8936,381.2770,55.9664,1.000000,0,1
1123,5,475.2155,518.8868,40.0614,21.3156,1.000000,0.25,0.75
1123,6,502.5546,516.2922,170.4173,22.2271,1.000000,0,1
1124,1,1055.6740,472.8610,381.1572,81.4611,1.000000,0,1
1124,2,519.3580,518.5049,42.0977,18.3997,1.000000,1,0
1124,3,833.9885,516.5145,125.9042,16.8824,1.000000,0,1
1124,4,-263.3001,497.8291,381.2292,55.9560,1.000000,0,1
1124,5,474.7324,518.8773,40.0654,21.3127,1.000000,0.125,0.875
1124,6,503.1331,516.3352,170.4245,22.2298,1.000000,0,1
1125,1,1055.9770,472.7662,381.2274,81.4613,1.000000,0,1
1125,2,518.8340,518.5046,42.1016,18.3974,1.000000,1,0
1125,3,834.7039,516.5392,125.9674,16.8863,1.000000,0,1
1125,4,-263.7339,497.7640,381.1812,55.9456,1.000000,0,1
1125,5,474.2497,518.8668,40.0693,21.3098,1.000000,0.125,0.875
1125,6,503.7125,516.3765,170.4318,22.2325,1.000000,0,1
1126,1,1056.2810,472.6731,381.2977,81.4615,1.000000,0,1
1126,2,518.3101,518.5048,42.1058,18.3951,1.000000,1,0
1126,3,835.4185,516.5615,126.0302,16.8902,1.000000,0,1
1126,4,-264.1674,497.6996,381.1332,55.9352,1.000000,0,1
1126,5,473.7675,518.8555,40.0733,21.3068,1.000000,0.0625,0.9375
1126,6,504.2924,516.4149,170.4391,22.2352,1.000000,0,1
1127,1,1056.5840,472.5803,381.3678,81.4617,1.000000,0,1
1127,2,517.7867,518.5060,42.1100,18.3929,1.000000,1,0
1127,3,836.1323,516.5802,126.0925,16.8936,1.000000,0,1
1127,4,-264.5994,497.6340,381.0845,55.9247,1.000000,0,1
1127,5,473.2861,518.8433,40.0772,21.3039,1.000000,0.0625,0.9375
1127,6,504.8731,516.4520,170.4465,22.2380,1.000000,0,1
1128,1,1056.8880,472.4885,381.4374,81.4619,1.000000,0,1
1128,2,517.2636,518.5080,42.1144,18.3908,1.000000,1,0
1128,3,836.8455,516.5960,126.1547,16.8969,1.000000,0,1
1128,4,-265.0297,497.5684,381.0352,55.9140,1.000000,0,1
1128,5,472.8051,518.8303,40.0812,21.3008,1.000000,0.1875,0.8125
1128,6,505.4542,516.4854,170.4540,22.2425,1.000000,0,1
1129,1,1057.1910,472.3987,381.5068,81.4621,1.000000,0,1
1129,2,516.7404,518.5107,42.1189,18.3888,1.000000,1,0
1129,3,837.5581,516.6094,126.2164,16.9000,1.000000,0,1
1129,4,-265.4589,497.5042,380.9853,55.9034,1.000000,0,1
1129,5,472.3244,518.8170,40.0852,21.2979,1.000000,0,1
1129,6,506.0356,516.5149,170.4616,22.2480,1.000000,0,1
1130,1,1057.4930,472.3097,381.5762,81.4623,1.000000,0,1
1130,2,516.2174,518.5148,42.1236,18.3869,1.000000,1,0
1130,3,838.2708,516.6189,126.2777,16.9028,1.000000,0,1
1130,4,-265.8867,497.4396,380.9347,55.8926,1.000000,0,1
1130,5,471.8436,518.8035,40.0893,21.2950,1.000000,0.0625,0.9375
1130,6,506.6173,516.5427,170.4695,22.2533,1.000000,0,1
1131,1,1057.7960,472.2221,381.6454,81.4626,1.000000,0,1
1131,2,515.6945,518.5199,42.1284,18.3851,1.000000,1,0
1131,3,838.9834,516.6255,126.3390,16.9054,1.000000,0,1
1131,4,-266.3127,497.3755,380.8833,55.8817,1.000000,0,1
1131,5,471.3630,518.7900,40.0935,21.2921,1.000000,0,1
1131,6,507.1992,516.5682,170.4774,22.2585,1.000000,0,1
1132,1,1058.0970,472.1365,381.7148,81.4630,1.000000,0,1
1132,2,515.1711,518.5259,42.1333,18.3834,1.000000,1,0
1132,3,839.6959,516.6299,126.4000,16.9079,1.000000,0,1
1132,4,-266.7371,497.3134,380.8314,55.8707,1.000000,0,1
1132,5,470.8825,518.7767,40.0977,21.2892,1.000000,0.0625,0.9375
1132,6,507.7813,516.5908,170.4854,22.2634,1.000000,0,1
1133,1,1058.3980,472.0520,381.7837,81.4633,1.000000,0,1
1133,2,514.6479,518.5333,42.1385,18.3819,1.000000,1,0
1133,3,840.4090,516.6302,126.4611,16.9100,1.000000,0,1
1133,4,-267.1597,497.2510,380.7781,55.8596,1.000000,0,1
1133,5,470.4019,518.7636,40.1018,21.2864,1.000000,0,1
1133,6,508.3634,516.6109,170.4936,22.2681,1.000000,0,1
1134,1,1058.6990,471.9690,381.8524,81.4636,1.000000,0,1
1134,2,514.1245,518.5421,42.1438,18.3805,1.000000,1,0
1134,3,841.1226,516.6272,126.5220,16.9120,1.000000,0,1
1134,4,-267.5812,497.1896,380.7244,55.8484,1.000000,0,1
1134,5,469.9207,518.7504,40.1062,21.2836,1.000000,0,1
1134,6,508.9453,516.6285,170.5019,22.2724,1.000000,0,1
1135,1,1058.9990,471.8879,381.9216,81.4641,1.000000,0,1
1135,2,513.6003,518.5521,42.1492,18.3791,1.000000,1,0
1135,3,841.8361,516.6217,126.5824,16.9137,1.000000,0,1
1135,4,-268.0017,497.1306,380.6703,55.8372,1.000000,0,1
1135,5,469.4394,518.7371,40.1105,21.2808,1.000000,0,1
1135,6,509.5269,516.6434,170.5103,22.2766,1.000000,0,1
1136,1,1059.2980,471.8079,381.9912,81.4648,1.000000,0,1
1136,2,513.0754,518.5646,42.1548,18.3779,1.000000,1,0
1136,3,842.5501,516.6125,126.6427,16.9151,1.000000,0,1
1136,4,-268.4200,497.0717,380.6155,55.8258,1.000000,0,1
1136,5,468.9570,518.7239,40.1151,21.2782,1.000000,0,1
1136,6,510.1081,516.6559,170.5191,22.2805,1.000000,0,1
1137,1,1059.5960,471.7289,382.0610,81.4656,1.000000,0,1
1137,2,512.5497,518.5786,42.1605,18.3769,1.000000,1,0
1137,3,843.2645,516.6006,126.7029,16.9164,1.000000,0,1
1137,4,-268.8363,497.0140,380.5598,55.8144,1.000000,0,1
1137,5,468.4738,518.7111,40.1198,21.2756,1.000000,0,1
1137,6,510.6885,516.6660,170.5280,22.2842,1.000000,0,1
1138,1,1059.8940,471.6518,382.1312,81.4666,1.000000,0,1
1138,2,512.0233,518.5942,42.1663,18.3759,1.000000,1,0
1138,3,843.9789,516.5864,126.7628,16.9175,1.000000,0,1
1138,4,-269.2506,496.9584,380.5033,55.8029,1.000000,0,1
1138,5,467.9899,518.6985,40.1245,21.2730,1.000000,0,1
1138,6,511.2681,516.6738,170.5373,22.2876,1.000000,0,1
1139,1,1060.1910,471.5758,382.2019,81.4677,1.000000,0,1
1139,2,511.4967,518.6128,42.1723,18.3750,1.000000,1,0
1139,3,844.6935,516.5689,126.8228,16.9183,1.000000,0,1
1139,4,-269.6643,496.9022,380.4467,55.7913,1.000000,0,1
1139,5,467.5051,518.6869,40.1293,21.2705,1.000000,0,1
1139,6,511.8470,516.6790,170.5468,22.2909,1.000000,0,1
1140,1,1060.4870,471.5010,382.2734,81.4691,1.000000,0,1
1140,2,510.9700,518.6335,42.1783,18.3743,1.000000,1,0
1140,3,845.4074,516.5492,126.8826,16.9191,1.000000,0,1
1140,4,-270.0771,496.8461,380.3897,55.7797,1.000000,0,1
1140,5,467.0193,518.6758,40.1343,21.2681,1.000000,0,1
1140,6,512.4250,516.6818,170.5566,22.2940,1.000000,0,1
1141,1,1060.7830,471.4276,382.3456,81.4706,1.000000,0,1
1141,2,510.4430,518.6555,42.1843,18.3736,1.000000,1,0
1141,3,846.1203,516.5280,126.9421,16.9197,1.000000,0,1
1141,4,-270.4874,496.7914,380.3318,55.7680,1.000000,0,1
1141,5,466.5328,518.6655,40.1395,21.2658,1.000000,0,1
1141,6,513.0021,516.6823,170.5668,22.2968,1.000000,0,1
1142,1,1061.0780,471.3550,382.4186,81.4724,1.000000,0,1
1142,2,509.9161,518.6799,42.1904,18.3731,1.000000,1,0
1142,3,846.8330,516.5020,127.0017,16.9199,1.000000,0,1
1142,4,-270.8962,496.7357,380.2731,55.7562,1.000000,0,1
1142,5,466.0455,518.6563,40.1447,21.2636,1.000000,0,1
1142,6,513.5780,516.6802,170.5773,22.2994,1.000000,0,1
1143,1,1061.3720,471.2834,382.4926,81.4744,1.000000,0,1
1143,2,509.3890,518.7058,42.1964,18.3726,1.000000,0.8125,0.1875
1143,3,847.5457,516.4728,127.0612,16.9200,1.000000,0,1
1143,4,-271.3043,496.6801,380.2141,55.7443,1.000000,0,1
1143,5,465.5573,518.6484,40.1501,21.2615,1.000000,0,1
1143,6,514.1528,516.6760,170.5881,22.3019,1.000000,0,1
1144,1,1061.6650,471.2133,382.5673,81.4767,1.000000,0,1
1144,2,508.8617,518.7326,42.2024,18.3721,1.000000,0.9375,0.0625
1144,3,848.2581,516.4399,127.1206,16.9214,1.000000,0,1
1144,4,-271.7122,496.6250,380.1554,55.7324,1.000000,0,1
1144,5,465.0685,518.6418,40.1555,21.2595,1.000000,0,1
1144,6,514.7264,516.6702,170.5995,22.3042,1.000000,0,1
1145,1,1061.9580,471.1440,382.6428,81.4793,1.000000,0,1
1145,2,508.3344,518.7618,42.2085,18.3717,1.000000,0.8125,0.1875
1145,3,848.9711,516.4020,127.1801,16.9231,1.000000,0,1
1145,4,-272.1198,496.5682,380.0963,55.7205,1.000000,0,1
1145,5,464.5790,518.6371,40.1612,21.2576,1.000000,0,1
1145,6,515.2990,516.6621,170.6116,22.3065,1.000000,0,1
1146,1,1062.2500,471.0757,382.7195,81.4821,1.000000,0,1
1146,2,507.8070,518.7922,42.2145,18.3713,1.000000,0.875,0.125
1146,3,849.6841,516.3610,127.2397,16.9248,1.000000,0,1
1146,4,-272.5275,496.5106,380.0374,55.7086,1.000000,0,1
1146,5,464.0889,518.6339,40.1669,21.2559,1.000000,0,1
1146,6,515.8703,516.6525,170.6240,22.3086,1.000000,0,1
1147,1,1062.5420,471.0088,382.7975,81.4853,1.000000,0,1
1147,2,507.2793,518.8230,42.2205,18.3709,1.000000,0.875,0.125
1147,3,850.3969,516.3184,127.2997,16.9265,1.000000,0,1
1147,4,-272.9364,496.4535,379.9792,55.6968,1.000000,0,1
1147,5,463.5983,518.6323,40.1728,21.2542,1.000000,0,1
1147,6,516.4401,516.6418,170.6372,22.3107,1.000000,0,1
1148,1,1062.8330,470.9426,382.8761,81.4886,1.000000,0,1
1148,2,506.7517,518.8557,42.2264,18.3706,1.000000,0.625,0.375
1148,3,851.1105,516.2722,127.3597,16.9282,1.000000,0,1
1148,4,-273.3458,496.3947,379.9211,55.6849,1.000000,0,1
1148,5,463.1073,518.6330,40.1786,21.2527,1.000000,0,1
1148,6,517.0082,516.6300,170.6511,22.3128,1.000000,0,1
1149,1,1063.1230,470.8774,382.9557,81.4922,1.000000,0,1
1149,2,506.2291,518.8898,42.2323,18.3704,1.000000,0.625,0.375
1149,3,851.8243,516.2239,127.4200,16.9299,1.000000,0,1
1149,4,-273.7560,496.3355,379.8635,55.6732,1.000000,0,1
1149,5,462.6118,518.6359,40.1845,21.2512,1.000000,0,1
1149,6,517.5750,516.6174,170.6654,22.3148,1.000000,0,1
1150,1,1063.4140,470.8138,383.0363,81.4960,1.000000,0,1
1150,2,505.7202,518.9246,42.2381,18.3702,1.000000,0.6875,0.3125
1150,3,852.5380,516.1748,127.4804,16.9316,1.000000,0,1
1150,4,-274.1680,496.2772,379.8069,55.6617,1.000000,0,1
1150,5,462.1045,518.6427,40.1908,21.2499,1.000000,0,1
1150,6,518.1402,516.6042,170.6805,22.3169,1.000000,0,1
1151,1,1063.7030,470.7513,383.1174,81.5001,1.000000,0,1
1151,2,505.2106,518.9601,42.2442,18.3702,1.000000,0.6875,0.3125
1151,3,853.2521,516.1237,127.5413,16.9334,1.000000,0,1
1151,4,-274.5819,496.2176,379.7511,55.6502,1.000000,0,1
1151,5,461.5952,518.6515,40.1971,21.2487,1.000000,0,1
1151,6,518.7039,516.5903,170.6962,22.3190,1.000000,0,1
1152,1,1063.9920,470.6899,383.1992,81.5043,1.000000,0,1
1152,2,504.7001,518.9958,42.2501,18.3701,1.000000,0.5625,0.4375
1152,3,853.9664,516.0717,127.6023,16.9351,1.000000,0,1
1152,4,-274.9980,496.1578,379.6966,55.6389,1.000000,0,1
1152,5,461.0855,518.6617,40.2034,21.2476,1.000000,0,1
1152,6,519.2662,516.5761,170.7125,22.3211,1.000000,0,1
1153,1,1064.2810,470.6302,383.2817,81.5087,1.000000,0,1
1153,2,504.1893,519.0311,42.2562,18.3700,1.000000,0.625,0.375
1153,3,854.6805,516.0197,127.6634,16.9369,1.000000,0,1
1153,4,-275.4167,496.0990,379.6434,55.6278,1.000000,0,1
1153,5,460.5754,518.6734,40.2097,21.2464,1.000000,0,1
1153,6,519.8274,516.5621,170.7296,22.3234,1.000000,0,1
1154,1,1064.5690,470.5720,383.3645,81.5133,1.000000,0,1
1154,2,503.6788,519.0675,42.2623,18.3700,1.000000,0.5,0.5
1154,3,855.3949,515.9667,127.7252,16.9388,1.000000,0,1
1154,4,-275.8384,496.0397,379.5916,55.6170,1.000000,0,1
1154,5,460.0657,518.6870,40.2162,21.2454,1.000000,0,1
1154,6,520.3871,516.5477,170.7471,22.3257,1.000000,0,1
1155,1,1064.8570,470.5153,383.4478,81.5180,1.000000,0,1
1155,2,503.1681,519.1044,42.2683,18.3700,1.000000,0.5625,0.4375
1155,3,856.1095,515.9136,127.7871,16.9406,1.000000,0,1
1155,4,-276.2623,495.9809,379.5408,55.6064,1.000000,0,1
1155,5,459.5563,518.7020,40.2223,21.2444,1.000000,0,1
1155,6,520.9456,516.5332,170.7654,22.3281,1.000000,0,1
1156,1,1065.1450,470.4609,383.5317,81.5230,1.000000,0,1
1156,2,502.6572,519.1411,42.2743,18.3700,1.000000,0.5,0.5
1156,3,856.8242,515.8612,127.8495,16.9426,1.000000,0,1
1156,4,-276.6903,495.9238,379.4918,55.5960,1.000000,0,1
1156,5,459.0470,518.7184,40.2286,21.2434,1.000000,0,1
1156,6,521.5029,516.5192,170.7844,22.3306,1.000000,0,1
1157,1,1065.4330,470.4081,383.6161,81.5281,1.000000,0,1
1157,2,502.1468,519.1791,42.2802,18.3700,1.000000,0.5,0.5
1157,3,857.5402,515.8082,127.9122,16.9446,1.000000,0,1
1157,4,-277.1210,495.8678,379.4443,55.5859,1.000000,0,1
1157,5,458.5382,518.7366,40.2347,21.2424,1.000000,0,1
1157,6,522.0592,516.5049,170.8039,22.3332,1.000000,0,1
1158,1,1065.7210,470.3572,383.7004,81.5332,1.000000,0,1
1158,2,501.6363,519.2175,42.2861,18.3700,1.000000,0.5,0.5
1158,3,858.2569,515.7557,127.9753,16.9466,1.000000,0,1
1158,4,-277.5540,495.8137,379.3979,55.5760,1.000000,0,1
1158,5,458.0298,518.7562,40.2408,21.2414,1.000000,0,1
1158,6,522.6146,516.4910,170.8240,22.3358,1.000000,0,1
1159,1,1066.0100,470.3087,383.7853,81.5384,1.000000,0,1
1159,2,501.1259,519.2554,42.2921,18.3700,1.000000,0.4375,0.5625
1159,3,858.9743,515.7041,128.0385,16.9486,1.000000,0,1
1159,4,-277.9912,495.7626,379.3533,55.5665,1.000000,0,1
1159,5,457.5217,518.7770,40.2468,21.2405,1.000000,0,1
1159,6,523.1691,516.4775,170.8448,22.3386,1.000000,0,1
1160,1,1066.2980,470.2623,383.8695,81.5437,1.000000,0,1
1160,2,500.6159,519.2941,42.2979,18.3700,1.000000,0.5625,0.4375
1160,3,859.6927,515.6527,128.1021,16.9506,1.000000,0,1
1160,4,-278.4312,495.7137,379.3102,55.5573,1.000000,0,1
1160,5,457.0143,518.7994,40.2527,21.2396,1.000000,0,1
1160,6,523.7229,516.4636,170.8662,22.3419,1.000000,0,1
1161,1,1066.5860,470.2181,383.9537,81.5490,1.000000,0,1
1161,2,500.1062,519.3329,42.3037,18.3700,1.000000,0.25,0.75
1161,3,860.4119,515.6019,128.1656,16.9527,1.000000,0,1
1161,4,-278.8750,495.6675,379.2690,55.5483,1.000000,0,1
1161,5,456.5073,518.8231,40.2585,21.2387,1.000000,0,1
1161,6,524.2758,516.4492,170.8881,22.3461,1.000000,0,1
1162,1,1066.8740,470.1766,384.0378,81.5544,1.000000,0,1
1162,2,499.5966,519.3712,42.3095,18.3700,1.000000,0.25,0.75
1162,3,861.1317,515.5523,128.2296,16.9549,1.000000,0,1
1162,4,-279.3217,495.6251,379.2288,55.5397,1.000000,0,1
1162,5,456.0007,518.8483,40.2643,21.2377,1.000000,0,1
1162,6,524.8280,516.4357,170.9106,22.3504,1.000000,0,1
1163,1,1067.1620,470.1377,384.1216,81.5598,1.000000,0,1
1163,2,499.0875,519.4103,42.3152,18.3699,1.000000,0.1875,0.8125
1163,3,861.8523,515.5032,128.2938,16.9570,1.000000,0,1
1163,4,-279.7726,495.5857,379.1909,55.5314,1.000000,0,1
1163,5,455.4949,518.8749,40.2698,21.2368,1.000000,0,1
1163,6,525.3794,516.4222,170.9335,22.3548,1.000000,0,1
1164,1,1067.4490,470.1012,384.2051,81.5652,1.000000,0,1
1164,2,498.5786,519.4495,42.3208,18.3698,1.000000,0.3125,0.6875
1164,3,862.5735,515.4548,128.3582,16.9591,1.000000,0,1
1164,4,-280.2264,495.5492,379.1539,55.5235,1.000000,0,1
1164,5,454.9895,518.9022,40.2755,21.2359,1.000000,0,1
1164,6,525.9303,516.4094,170.9568,22.3593,1.000000,0,1
1165,1,1067.7370,470.0672,384.2885,81.5706,1.000000,0,1
1165,2,498.0696,519.4883,42.3264,18.3697,1.000000,0.125,0.875
1165,3,863.2952,515.4075,128.4230,16.9614,1.000000,0,1
1165,4,-280.6849,495.5160,379.1193,55.5159,1.000000,0,1
1165,5,454.4844,518.9303,40.2809,21.2350,1.000000,0,1
1165,6,526.4808,516.3977,170.9804,22.3638,1.000000,0,1
1166,1,1068.0240,470.0354,384.3715,81.5761,1.000000,0,1
1166,2,497.5609,519.5278,42.3319,18.3696,1.000000,0.25,0.75
1166,3,864.0172,515.3604,128.4882,16.9636,1.000000,0,1
1166,4,-281.1472,495.4853,379.0862,55.5086,1.000000,0,1
1166,5,453.9801,518.9593,40.2863,21.2340,1.000000,0,1
1166,6,527.0309,516.3865,171.0045,22.3684,1.000000,0,1
1167,1,1068.3100,470.0056,384.4542,81.5816,1.000000,0,1
1167,2,497.0523,519.5673,42.3373,18.3694,1.000000,0.3125,0.6875
1167,3,864.7394,515.3139,128.5535,16.9659,1.000000,0,1
1167,4,-281.6136,495.4569,379.0550,55.5017,1.000000,0,1
1167,5,453.4763,518.9888,40.2917,21.2330,1.000000,0,1
1167,6,527.5807,516.3761,171.0290,22.3730,1.000000,0,1
1168,1,1068.5970,469.9781,384.5365,81.5870,1.000000,0,1
1168,2,496.5440,519.6060,42.3426,18.3691,1.000000,0.0625,0.9375
1168,3,865.4615,515.2683,128.6193,16.9683,1.000000,0,1
1168,4,-282.0860,495.4308,379.0264,55.4951,1.000000,0,1
1168,5,452.9730,519.0185,40.2969,21.2320,1.000000,0,1
1168,6,528.1306,516.3671,171.0537,22.3777,1.000000,0,1
1169,1,1068.8840,469.9520,384.6184,81.5925,1.000000,0,1
1169,2,496.0361,519.6449,42.3477,18.3689,1.000000,0.3125,0.6875
1169,3,866.1835,515.2230,128.6854,16.9707,1.000000,0,1
1169,4,-282.5634,495.4066,378.9998,55.4890,1.000000,0,1
1169,5,452.4703,519.0483,40.3020,21.2310,1.000000,0,1
1169,6,528.6805,516.3592,171.0787,22.3824,1.000000,0,1
1170,1,1069.1700,469.9274,384.7004,81.5980,1.000000,0,1
1170,2,495.5283,519.6833,42.3528,18.3686,1.000000,0.0625,0.9375
1170,3,866.9055,515.1779,128.7520,16.9731,1.000000,0,1
1170,4,-283.0460,495.3840,378.9758,55.4832,1.000000,0,1
1170,5,451.9684,519.0779,40.3071,21.2299,1.000000,0,1
1170,6,529.2304,516.3527,171.1042,22.3872,1.000000,0,1
1171,1,1069.4570,469.9041,384.7828,81.6035,1.000000,0,1
1171,2,495.0208,519.7206,42.3579,18.3681,1.000000,0.125,0.875
1171,3,867.6281,515.1329,128.8192,16.9757,1.000000,0,1
1171,4,-283.5342,495.3629,378.9538,55.4778,1.000000,0,1
1171,5,451.4669,519.1069,40.3121,21.2287,1.000000,0,1
1171,6,529.7807,516.3478,171.1298,22.3921,1.000000,0,1
1172,1,1069.7440,469.8816,384.8647,81.6091,1.000000,0,1
1172,2,494.5137,519.7578,42.3626,18.3676,1.000000,0.0625,0.9375
1172,3,868.3511,515.0874,128.8871,16.9783,1.000000,0,1
1172,4,-284.0280,495.3421,378.9339,55.4729,1.000000,0,1
1172,5,450.9661,519.1355,40.3169,21.2275,1.000000,0,1
1172,6,530.3314,516.3444,171.1555,22.3970,1.000000,0,1
1173,1,1070.0310,469.8599,384.9467,81.6146,1.000000,0,1
1173,2,494.0068,519.7938,42.3675,18.3671,1.000000,0.0625,0.9375
1173,3,869.0744,515.0419,128.9554,16.9809,1.000000,0,1
1173,4,-284.5272,495.3215,378.9165,55.4682,1.000000,0,1
1173,5,450.4658,519.1635,40.3218,21.2263,1.000000,0,1
1173,6,530.8827,516.3424,171.1815,22.4019,1.000000,0,1
1174,1,1070.3180,469.8388,385.0288,81.6202,1.000000,0,1
1174,2,493.4998,519.8281,42.3723,18.3664,1.000000,0.0625,0.9375
1174,3,869.7980,514.9971,129.0244,16.9837,1.000000,0,1
1174,4,-285.0325,495.3007,378.9016,55.4639,1.000000,0,1
1174,5,449.9656,519.1905,40.3265,21.2250,1.000000,0,1
1174,6,531.4343,516.3425,171.2075,22.4068,1.000000,0,1
1175,1,1070.6060,469.8174,385.1111,81.6258,1.000000,0,1
1175,2,492.9930,519.8616,42.3769,18.3658,1.000000,0.0625,0.9375
1175,3,870.5219,514.9525,129.0938,16.9865,1.000000,0,1
1175,4,-285.5444,495.2791,378.8892,55.4601,1.000000,0,1
1175,5,449.4658,519.2167,40.3312,21.2236,1.000000,0,1
1175,6,531.9861,516.3443,171.2335,22.4118,1.000000,0,1
1176,1,1070.8940,469.7959,385.1937,81.6315,1.000000,0,1
1176,2,492.4863,519.8937,42.3815,18.3650,1.000000,0,1
1176,3,871.2458,514.9087,129.1638,16.9894,1.000000,0,1
1176,4,-286.0630,495.2568,378.8798,55.4567,1.000000,0,1
1176,5,448.9663,519.2421,40.3359,21.2222,1.000000,0,1
1176,6,532.5378,516.3477,171.2598,22.4168,1.000000,0,1
1177,1,1071.1820,469.7743,385.2767,81.6372,1.000000,0,1
1177,2,491.9796,519.9238,42.3861,18.3642,1.000000,0,1
1177,3,871.9702,514.8666,129.2346,16.9923,1.000000,0,1
1177,4,-286.5878,495.2344,378.8729,55.4536,1.000000,0,1
1177,5,448.4669,519.2663,40.3406,21.2208,1.000000,0,1
1177,6,533.0897,516.3525,171.2858,22.4218,1.000000,0,1
1178,1,1071.4710,469.7522,385.3602,81.6430,1.000000,0,1
1178,2,491.4728,519.9525,42.3906,18.3632,1.000000,0,1
1178,3,872.6943,514.8251,129.3057,16.9954,1.000000,0,1
1178,4,-287.1183,495.2117,378.8683,55.4509,1.000000,0,1
1178,5,447.9676,519.2894,40.3453,21.2193,1.000000,0,1
1178,6,533.6419,516.3578,171.3118,22.4268,1.000000,0,1
1179,1,1071.7600,469.7295,385.4441,81.6488,1.000000,0,1
1179,2,490.9661,519.9792,42.3951,18.3623,1.000000,0,1
1179,3,873.4185,514.7849,129.3772,16.9985,1.000000,0,1
1179,4,-287.6545,495.1892,378.8661,55.4486,1.000000,0,1
1179,5,447.4684,519.3113,40.3500,21.2177,1.000000,0,1
1179,6,534.1943,516.3637,171.3380,22.4318,1.000000,0,1
1180,1,1072.0510,469.7060,385.5287,81.6547,1.000000,0,1
1180,2,490.4593,520.0037,42.3996,18.3612,1.000000,0,1
1180,3,874.1429,514.7468,129.4495,17.0017,1.000000,0,1
1180,4,-288.1973,495.1676,378.8665,55.4467,1.000000,0,1
1180,5,446.9691,519.3317,40.3547,21.2162,1.000000,0,1
1180,6,534.7469,516.3704,171.3642,22.4368,1.000000,0,1
1181,1,1072.3410,469.6817,385.6135,81.6606,1.000000,0,1
1181,2,489.9529,520.0266,42.4042,18.3600,1.000000,0,1
1181,3,874.8677,514.7094,129.5223,17.0049,1.000000,0,1
1181,4,-288.7461,495.1470,378.8694,55.4452,1.000000,0,1
1181,5,446.4696,519.3505,40.3595,21.2146,1.000000,0,1
1181,6,535.3000,516.3773,171.3903,22.4419,1.000000,0,1
1182,1,1072.6320,469.6562,385.6984,81.6665,1.000000,0,1
1182,2,489.4465,520.0477,42.4089,18.3589,1.000000,0,1
1182,3,875.5933,514.6731,129.5958,17.0083,1.000000,0,1
1182,4,-289.3000,495.1280,378.8741,55.4440,1.000000,0,1
1182,5,445.9701,519.3680,40.3642,21.2130,1.000000,0,1
1182,6,535.8536,516.3846,171.4163,22.4469,1.000000,0,1
1183,1,1072.9230,469.6295,385.7838,81.6725,1.000000,0,1
1183,2,488.9401,520.0667,42.4134,18.3577,1.000000,0,1
1183,3,876.3202,514.6384,129.6698,17.0117,1.000000,0,1
1183,4,-289.8589,495.1116,378.8809,55.4432,1.000000,0,1
1183,5,445.4703,519.3844,40.3691,21.2113,1.000000,0,1
1183,6,536.4074,516.3929,171.4423,22.4519,1.000000,0,1
1184,1,1073.2160,469.6016,385.8701,81.6785,1.000000,0,1
1184,2,488.4334,520.0829,42.4181,18.3564,1.000000,0,1
1184,3,877.0483,514.6057,129.7443,17.0152,1.000000,0,1
1184,4,-290.4221,495.0984,378.8894,55.4428,1.000000,0,1
1184,5,444.9702,519.3992,40.3739,21.2097,1.000000,0,1
1184,6,536.9618,516.4016,171.4683,22.4570,1.000000,0,1
1185,1,1073.5090,469.5724,385.9564,81.6845,1.000000,0,1
1185,2,487.9264,520.0970,42.4228,18.3550,1.000000,0,1
1185,3,877.7772,514.5756,129.8193,17.0188,1.000000,0,1
1185,4,-290.9890,495.0888,378.8992,55.4426,1.000000,0,1
1185,5,444.4695,519.4130,40.3789,21.2080,1.000000,0,1
1185,6,537.5167,516.4114,171.4939,22.4620,1.000000,0,1
1186,1,1073.8020,469.5423,386.0436,81.6906,1.000000,0,1
1186,2,487.4191,520.1089,42.4274,18.3536,1.000000,0,1
1186,3,878.5068,514.5488,129.8948,17.0225,1.000000,0,1
1186,4,-291.5604,495.0836,378.9109,55.4428,1.000000,0,1
1186,5,443.9683,519.4262,40.3839,21.2063,1.000000,0,1
1186,6,538.0720,516.4227,171.5195,22.4670,1.000000,0,1
1187,1,1074.0970,469.5107,386.1307,81.6966,1.000000,0,1
1187,2,486.9113,520.1183,42.4321,18.3521,1.000000,0,1
1187,3,879.2368,514.5252,129.9706,17.0261,1.000000,0,1
1187,4,-292.1346,495.0837,378.9234,55.4432,1.000000,0,1
1187,5,443.4665,519.4384,40.3889,21.2047,1.000000,0,1
1187,6,538.6280,516.4350,171.5448,22.4719,1.000000,0,1
1188,1,1074.3920,469.4779,386.2181,81.7026,1.000000,0,1
1188,2,486.4029,520.1256,42.4368,18.3505,1.000000,0,1
1188,3,879.9673,514.5045,130.0471,17.0300,1.000000,0,1
1188,4,-292.7117,495.0891,378.9373,55.4439,1.000000,0,1
1188,5,442.9642,519.4500,40.3940,21.2030,1.000000,0,1
1188,6,539.1846,516.4487,171.5698,22.4769,1.000000,0,1
1189,1,1074.6880,469.4445,386.3054,81.7086,1.000000,0,1
1189,2,485.8944,520.1310,42.4416,18.3488,1.000000,0,1
1189,3,880.6985,514.4868,130.1237,17.0338,1.000000,0,1
1189,4,-293.2916,495.1003,378.9521,55.4450,1.000000,0,1
1189,5,442.4612,519.4613,40.3991,21.2013,1.000000,0,1
1189,6,539.7418,516.4639,171.5945,22.4818,1.000000,0,1
1190,1,1074.9840,469.4100,386.3934,81.7146,1.000000,0,1
1190,2,485.3856,520.1342,42.4464,18.3471,1.000000,0,1
1190,3,881.4302,514.4720,130.2007,17.0376,1.000000,0,1
1190,4,-293.8736,495.1180,378.9677,55.4463,1.000000,0,1
1190,5,441.9575,519.4720,40.4043,21.1997,1.000000,0,1
1190,6,540.2999,516.4789,171.6188,22.4879,1.000000,0,1
1191,1,1075.2810,469.3749,386.4812,81.7205,1.000000,0,1
1191,2,484.8760,520.1355,42.4511,18.3453,1.000000,0,1
1191,3,882.1625,514.4597,130.2780,17.0416,1.000000,0,1
1191,4,-294.4564,495.1419,378.9836,55.4477,1.000000,0,1
1191,5,441.4530,519.4822,40.4096,21.1980,1.000000,0,1
1191,6,540.8591,516.4949,171.6426,22.4942,1.000000,0,1
1192,1,1075.5790,469.3393,386.5691,81.7264,1.000000,0,1
1192,2,484.3661,520.1351,42.4559,18.3435,1.000000,0,1
1192,3,882.8956,514.4495,130.3554,17.0455,1.000000,0,1
1192,4,-295.0391,495.1725,378.9994,55.4493,1.000000,0,1
1192,5,440.9481,519.4921,40.4148,21.1963,1.000000,0,1
1192,6,541.4196,516.5122,171.6658,22.5006,1.000000,0,1
1193,1,1075.8770,469.3025,386.6570,81.7323,1.000000,0,1
1193,2,483.8557,520.1326,42.4608,18.3416,1.000000,0,1
1193,3,883.6290,514.4413,130.4327,17.0494,1.000000,0,1
1193,4,-295.6216,495.2103,379.0153,55.4511,1.000000,0,1
1193,5,440.4424,519.5013,40.4203,21.1947,1.000000,0,1
1193,6,541.9814,516.5306,171.6885,22.5070,1.000000,0,1
1194,1,1076.1770,469.2651,386.7449,81.7381,1.000000,0,1
1194,2,483.3450,520.1284,42.4657,18.3397,1.000000,0,1
1194,3,884.3630,514.4348,130.5101,17.0534,1.000000,0,1
1194,4,-296.2036,495.2547,379.0309,55.4530,1.000000,0,1
1194,5,439.9363,519.5101,40.4256,21.1931,1.000000,0,1
1194,6,542.5449,516.5497,171.7106,22.5135,1.000000,0,1
1195,1,1076.4770,469.2277,386.8328,81.7439,1.000000,0,1
1195,2,482.8342,520.1225,42.4706,18.3377,1.000000,0,1
1195,3,885.0977,514.4298,130.5875,17.0574,1.000000,0,1
1195,4,-296.7844,495.3060,379.0462,55.4549,1.000000,0,1
1195,5,439.4297,519.5181,40.4311,21.1914,1.000000,0,1
1195,6,543.1098,516.5693,171.7321,22.5199,1.000000,0,1
1196,1,1076.7790,469.1896,386.9208,81.7495,1.000000,0,1
1196,2,482.3230,520.1143,42.4755,18.3356,1.000000,0,1
1196,3,885.8322,514.4263,130.6647,17.0613,1.000000,0,1
1196,4,-297.3621,495.3640,379.0606,55.4569,1.000000,0,1
1196,5,438.9221,519.5249,40.4366,21.1898,1.000000,0,1
1196,6,543.6764,516.5898,171.7530,22.5264,1.000000,0,1
1197,1,1077.0810,469.1514,387.0085,81.7552,1.000000,0,1
1197,2,481.8112,520.1042,42.4805,18.3335,1.000000,0,1
1197,3,886.5669,514.4242,130.7418,17.0653,1.000000,0,1
1197,4,-297.9366,495.4280,379.0739,55.4588,1.000000,0,1
1197,5,438.4139,519.5310,40.4421,21.1881,1.000000,0,1
1197,6,544.2443,516.6107,171.7734,22.5328,1.000000,0,1
1198,1,1077.3840,469.1136,387.0966,81.7608,1.000000,0,1
1198,2,481.2991,520.0926,42.4855,18.3313,1.000000,0,1
1198,3,887.3018,514.4232,130.8187,17.0692,1.000000,0,1
1198,4,-298.5074,495.4979,379.0857,55.4606,1.000000,0,1
1198,5,437.9052,519.5361,40.4478,21.1864,1.000000,0,1
1198,6,544.8135,516.6310,171.7932,22.5391,1.000000,0,1
1199,1,1077.6880,469.0749,387.1840,81.7663,1.000000,0,1
1199,2,480.7864,520.0783,42.4906,18.3292,1.000000,0,1
1199,3,888.0363,514.4222,130.8948,17.0730,1.000000,0,1
1199,4,-299.0742,495.5737,379.0964,55.4623,1.000000,0,1
1199,5,437.3955,519.5400,40.4534,21.1848,1.000000,0,1
1199,6,545.3840,516.6511,171.8125,22.5453,1.000000,0,1
1200,1,1077.9940,469.0359,387.2719,81.7718,1.000000,0,1
1200,2,480.2731,520.0622,42.4957,18.3268,1.000000,0,1
1200,3,888.7706,514.4214,130.9709,17.0768,1.000000,0,1
1200,4,-299.6368,495.6548,379.1056,55.4640,1.000000,0,1
1200,5,436.8854,519.5430,40.4593,21.1831,1.000000,0,1
1200,6,545.9557,516.6703,171.8311,22.5513,1.000000,0,1
1201,1,1078.3000,468.9972,387.3595,81.7772,1.000000,0,1
1201,2,479.7599,520.0444,42.5009,18.3245,1.000000,0,1
1201,3,889.5051,514.4210,131.0468,17.0806,1.000000,0,1
1201,4,-300.1942,495.7398,379.1125,55.4654,1.000000,0,1
1201,5,436.3753,519.5459,40.4650,21.1814,1.000000,0,1
1201,6,546.5283,516.6881,171.8493,22.5571,1.000000,0,1
1202,1,1078.6070,468.9576,387.4476,81.7826,1.000000,0,1
1202,2,479.2465,520.0234,42.5060,18.3221,1.000000,0,1
1202,3,890.2391,514.4198,131.1223,17.0844,1.000000,0,1
1202,4,-300.7462,495.8260,379.1172,55.4664,1.000000,0,1
1202,5,435.8645,519.5480,40.4710,21.1799,1.000000,0,1
1202,6,547.1014,516.7049,171.8670,22.5627,1.000000,0,1
1203,1,1078.9160,468.9180,387.5356,81.7881,1.000000,0,1
1203,2,478.7329,520.0006,42.5111,18.3196,1.000000,0,1
1203,3,890.9728,514.4184,131.1976,17.0880,1.000000,0,1
1203,4,-301.2926,495.9102,379.1190,55.4670,1.000000,0,1
1203,5,435.3536,519.5501,40.4770,21.1782,1.000000,0,1
1203,6,547.6748,516.7205,171.8842,22.5682,1.000000,0,1
1204,1,1079.2250,468.8790,387.6240,81.7934,1.000000,0,1
1204,2,478.2196,519.9766,42.5164,18.3171,1.000000,0,1
1204,3,891.7065,514.4172,131.2729,17.0917,1.000000,0,1
1204,4,-301.8319,495.9900,379.1175,55.4669,1.000000,0,1
1204,5,434.8428,519.5523,40.4831,21.1767,1.000000,0,1
1204,6,548.2478,516.7341,171.9008,22.5734,1.000000,0,1
1205,1,1079.5360,468.8393,387.7131,81.7989,1.000000,0,1
1205,2,477.7062,519.9498,42.5216,18.3145,1.000000,0,1
1205,3,892.4395,514.4153,131.3481,17.0954,1.000000,0,1
1205,4,-302.3636,496.0667,379.1124,55.4663,1.000000,0,1
1205,5,434.3316,519.5541,40.4892,21.1752,1.000000,0,1
1205,6,548.8204,516.7456,171.9174,22.5782,1.000000,0,1
1206,1,1079.8460,468.7997,387.8025,81.8045,1.000000,0,1
1206,2,477.1928,519.9214,42.5269,18.3118,1.000000,0,1
1206,3,893.1721,514.4131,131.4230,17.0990,1.000000,0,1
1206,4,-302.8878,496.1396,379.1041,55.4650,1.000000,0,1
1206,5,433.8202,519.5556,40.4954,21.1736,1.000000,0,1
1206,6,549.3932,516.7543,171.9335,22.5828,1.000000,0,1
1207,1,1080.1570,468.7609,387.8916,81.8101,1.000000,0,1
1207,2,476.6797,519.8924,42.5322,18.3092,1.000000,0,1
1207,3,893.9045,514.4110,131.4980,17.1027,1.000000,0,1
1207,4,-303.4045,496.2077,379.0924,55.4631,1.000000,0,1
1207,5,433.3091,519.5569,40.5015,21.1721,1.000000,0,1
1207,6,549.9662,516.7600,171.9495,22.5871,1.000000,0,1
1208,1,1080.4670,468.7209,387.9813,81.8157,1.000000,0,1
1208,2,476.1664,519.8610,42.5374,18.3065,1.000000,0,1
1208,3,894.6362,514.4078,131.5725,17.1063,1.000000,0,1
1208,4,-303.9131,496.2730,379.0773,55.4607,1.000000,0,1
1208,5,432.7977,519.5579,40.5076,21.1706,1.000000,0,1
1208,6,550.5397,516.7630,171.9651,22.5910,1.000000,0,1
1209,1,1080.7780,468.6802,388.0720,81.8215,1.000000,0,1
1209,2,475.6531,519.8286,42.5427,18.3037,1.000000,0,1
1209,3,895.3673,514.4043,131.6471,17.1099,1.000000,0,1
1209,4,-304.4146,496.3356,379.0590,55.4576,1.000000,0,1
1209,5,432.2863,519.5583,40.5138,21.1690,1.000000,0,1
1209,6,551.1136,516.7637,171.9805,22.5946,1.000000,0,1
1210,1,1081.0890,468.6395,388.1635,81.8274,1.000000,0,1
1210,2,475.1401,519.7964,42.5480,18.3010,1.000000,0,1
1210,3,896.0980,514.4012,131.7216,17.1135,1.000000,0,1
1210,4,-304.9091,496.3954,379.0378,55.4541,1.000000,0,1
1210,5,431.7752,519.5584,40.5199,21.1674,1.000000,0,1
1210,6,551.6876,516.7626,171.9955,22.5980,1.000000,0,1
1211,1,1081.4000,468.5971,388.2556,81.8335,1.000000,0,1
1211,2,474.6268,519.7629,42.5533,18.2981,1.000000,0,1
1211,3,896.8281,514.3972,131.7959,17.1171,1.000000,0,1
1211,4,-305.3964,496.4533,379.0137,55.4501,1.000000,0,1
1211,5,431.2640,519.5577,40.5259,21.1658,1.000000,0,1
1211,6,552.2621,516.7600,172.0101,22.6012,1.000000,0,1
1212,1,1081.7120,468.5541,388.3484,81.8396,1.000000,0,1
1212,2,474.1135,519.7290,42.5584,18.2952,1.000000,0,1
1212,3,897.5576,514.3932,131.8699,17.1206,1.000000,0,1
1212,4,-305.8768,496.5091,378.9870,55.4456,1.000000,0,1
1212,5,430.7529,519.5565,40.5320,21.1641,1.000000,0,1
1212,6,552.8368,516.7561,172.0245,22.6042,1.000000,0,1
1213,1,1082.0240,468.5112,388.4419,81.8459,1.000000,0,1
1213,2,473.6005,519.6954,42.5635,18.2924,1.000000,0,1
1213,3,898.2862,514.3900,131.9438,17.1241,1.000000,0,1
1213,4,-306.3498,496.5623,378.9573,55.4406,1.000000,0,1
1213,5,430.2423,519.5544,40.5378,21.1624,1.000000,0,1
1213,6,553.4119,516.7508,172.0381,22.6069,1.000000,0,1
1214,1,1082.3370,468.4663,388.5366,81.8523,1.000000,0,1
1214,2,473.0870,519.6609,42.5685,18.2894,1.000000,0,1
1214,3,899.0137,514.3863,132.0173,17.1276,1.000000,0,1
1214,4,-306.8156,496.6138,378.9244,55.4351,1.000000,0,1
1214,5,429.7312,519.5500,40.5437,21.1605,1.000000,0,1
1214,6,553.9872,516.7439,172.0513,22.6095,1.000000,0,1
1215,1,1082.6500,468.4207,388.6318,81.8588,1.000000,0,1
1215,2,472.5734,519.6263,42.5735,18.2864,1.000000,0,1
1215,3,899.7400,514.3829,132.0908,17.1310,1.000000,0,1
1215,4,-307.2753,496.6635,378.8894,55.4292,1.000000,0,1
1215,5,429.2202,519.5434,40.5493,21.1584,1.000000,0,1
1215,6,554.5627,516.7360,172.0638,22.6118,1.000000,0,1
1216,1,1082.9640,468.3754,388.7277,81.8654,1.000000,0,1
1216,2,472.0604,519.5925,42.5784,18.2835,1.000000,0,1
1216,3,900.4656,514.3800,132.1639,17.1345,1.000000,0,1
1216,4,-307.7286,496.7108,378.8519,55.4229,1.000000,0,1
1216,5,428.7097,519.5347,40.5549,21.1562,1.000000,0,1
1216,6,555.1386,516.7272,172.0758,22.6140,1.000000,0,1
1217,1,1083.2780,468.3292,388.8246,81.8722,1.000000,0,1
1217,2,471.5478,519.5574,42.5832,18.2804,1.000000,0,1
1217,3,901.1899,514.3765,132.2368,17.1379,1.000000,0,1
1217,4,-308.1746,496.7554,378.8116,55.4160,1.000000,0,1
1217,5,428.1997,519.5238,40.5603,21.1539,1.000000,0,1
1217,6,555.7150,516.7170,172.0872,22.6159,1.000000,0,1
1218,1,1083.5930,468.2833,388.9222,81.8791,1.000000,0,1
1218,2,471.0359,519.5218,42.5878,18.2772,1.000000,0,1
1218,3,901.9135,514.3729,132.3092,17.1413,1.000000,0,1
1218,4,-308.6154,496.7972,378.7693,55.4088,1.000000,0,1
1218,5,427.6909,519.5114,40.5656,21.1514,1.000000,0,1
1218,6,556.2918,516.7056,172.0982,22.6177,1.000000,0,1
1219,1,1083.9080,468.2389,389.0205,81.8862,1.000000,0,1
1219,2,470.5252,519.4868,42.5924,18.2741,1.000000,0,1
1219,3,902.6361,514.3701,132.3813,17.1446,1.000000,0,1
1219,4,-309.0522,496.8360,378.7255,55.4014,1.000000,0,1
1219,5,427.1833,519.4977,40.5708,21.1489,1.000000,0,1
1219,6,556.8694,516.6930,172.1085,22.6191,1.000000,0,1
1220,1,1084.2240,468.1945,389.1195,81.8934,1.000000,0,1
1220,2,470.0149,519.4504,42.5969,18.2708,1.000000,0,1
1220,3,903.3578,514.3667,132.4532,17.1479,1.000000,0,1
1220,4,-309.4825,496.8714,378.6794,55.3935,1.000000,0,1
1220,5,426.6767,519.4818,40.5758,21.1462,1.000000,0,1
1220,6,557.4482,516.6789,172.1183,22.6205,1.000000,0,1
1221,1,1084.5410,468.1516,389.2188,81.9006,1.000000,0,1
1221,2,469.5055,519.4139,42.6012,18.2675,1.000000,0,1
1221,3,904.0790,514.3633,132.5248,17.1511,1.000000,0,1
1221,4,-309.9069,496.9035,378.6311,55.3852,1.000000,0,1
1221,5,426.1711,519.4642,40.5808,21.1435,1.000000,0,1
1221,6,558.0279,516.6639,172.1274,22.6216,1.000000,0,1
1222,1,1084.8580,468.1119,389.3181,81.9080,1.000000,0,1
1222,2,468.9971,519.3779,42.6055,18.2643,1.000000,0,1
1222,3,904.7993,514.3607,132.5960,17.1544,1.000000,0,1
1222,4,-310.3257,496.9323,378.5811,55.3765,1.000000,0,1
1222,5,425.6668,519.4453,40.5857,21.1407,1.000000,0,1
1222,6,558.6078,516.6478,172.1361,22.6226,1.000000,0,1
1223,1,1085.1760,468.0747,389.4180,81.9156,1.000000,0,1
1223,2,468.4894,519.3411,42.6097,18.2609,1.000000,0,1
1223,3,905.5189,514.3575,132.6670,17.1576,1.000000,0,1
1223,4,-310.7390,496.9564,378.5292,55.3675,1.000000,0,1
1223,5,425.1636,519.4238,40.5905,21.1377,1.000000,0,1
1223,6,559.1885,516.6296,172.1440,22.6232,1.000000,0,1
1224,1,1085.4940,468.0410,389.5176,81.9231,1.000000,0,1
1224,2,467.9825,519.3042,42.6138,18.2576,1.000000,0,1
1224,3,906.2381,514.3541,132.7375,17.1607,1.000000,0,1
1224,4,-311.1475,496.9766,378.4761,55.3582,1.000000,0,1
1224,5,424.6616,519.4008,40.5952,21.1346,1.000000,0,1
1224,6,559.7691,516.6097,172.1516,22.6236,1.000000,0,1
1225,1,1085.8120,468.0115,389.6166,81.9307,1.000000,0,1
1225,2,467.4769,519.2683,42.6179,18.2542,1.000000,0,1
1225,3,906.9568,514.3511,132.8076,17.1638,1.000000,0,1
1225,4,-311.5503,496.9934,378.4208,55.3485,1.000000,0,1
1225,5,424.1609,519.3764,40.5998,21.1315,1.000000,0,1
1225,6,560.3495,516.5883,172.1862,22.6237,1.000000,0,1
1226,1,1086.1310,467.9863,389.7151,81.9384,1.000000,0,1
1226,2,466.9722,519.2321,42.6219,18.2508,1.000000,0,1
1226,3,907.6751,514.3479,132.8777,17.1669,1.000000,0,1
1226,4,-311.9471,497.0052,378.3636,55.3384,1.000000,0,1
1226,5,423.6617,519.3494,40.6042,21.1283,1.000000,0,1
1226,6,560.9296,516.5637,172.2268,22.6235,1.000000,0,1
1227,1,1086.4500,467.9660,389.8134,81.9460,1.000000,0,1
1227,2,466.4686,519.1962,42.6259,18.2474,1.000000,0,1
1227,3,908.3930,514.3450,132.9477,17.1699,1.000000,0,1
1227,4,-312.3395,497.0132,378.3052,55.3280,1.000000,0,1
1227,5,423.1635,519.3209,40.6088,21.1250,1.000000,0,1
1227,6,561.5094,516.5365,172.2671,22.6230,1.000000,0,1
1228,1,1086.7690,467.9515,389.9106,81.9536,1.000000,0,1
1228,2,465.9663,519.1614,42.6298,18.2441,1.000000,0,1
1228,3,909.1105,514.3426,133.0173,17.1730,1.000000,0,1
1228,4,-312.7277,497.0179,378.2457,55.3174,1.000000,0,1
1228,5,422.6664,519.2916,40.6133,21.1216,1.000000,0,1
1228,6,562.0885,516.5070,172.3069,22.6221,1.000000,0,1
1229,1,1087.0880,467.9431,390.0065,81.9611,1.000000,0,1
1229,2,465.4650,519.1261,42.6336,18.2407,1.000000,0,1
1229,3,909.8279,514.3402,133.0868,17.1760,1.000000,0,1
1229,4,-313.1105,497.0176,378.1842,55.3064,1.000000,0,1
1229,5,422.1704,519.2601,40.6177,21.1183,1.000000,0,1
1229,6,562.6670,516.4738,172.3464,22.6208,1.000000,0,1
1230,1,1087.4070,467.9404,390.1011,81.9686,1.000000,0,1
1230,2,464.9648,519.0909,42.6375,18.2373,1.000000,0,1
1230,3,910.5450,514.3380,133.1561,17.1789,1.000000,0,1
1230,4,-313.4901,497.0136,378.1222,55.2952,1.000000,0,1
1230,5,421.6754,519.2277,40.6219,21.1148,1.000000,0,1
1230,6,563.2448,516.4351,172.3857,22.6220,1.000000,0,1
1231,1,1087.7250,467.9439,390.1940,81.9760,1.000000,0,1
1231,2,464.4656,519.0568,42.6413,18.2340,1.000000,0,1
1231,3,911.2621,514.3364,133.2252,17.1820,1.000000,0,1
1231,4,-313.8660,497.0073,378.0590,55.2839,1.000000,0,1
1231,5,421.1812,519.1947,40.6261,21.1112,1.000000,0,1
1231,6,563.8218,516.3929,172.4249,22.6238,1.000000,0,1
1232,1,1088.0430,467.9541,390.2852,81.9831,1.000000,0,1
1232,2,463.9674,519.0229,42.6449,18.2306,1.000000,0,1
1232,3,911.9791,514.3347,133.2943,17.1849,1.000000,0,1
1232,4,-314.2378,496.9971,377.9949,55.2722,1.000000,0,1
1232,5,420.6879,519.1591,40.6303,21.1076,1.000000,0,1
1232,6,564.3988,516.3463,172.4637,22.6256,1.000000,0,1
1233,1,1088.3600,467.9699,390.3749,81.9902,1.000000,0,1
1233,2,463.4699,518.9896,42.6486,18.2273,1.000000,0,1
1233,3,912.6960,514.3333,133.3631,17.1878,1.000000,0,1
1233,4,-314.6069,496.9849,377.9300,55.2604,1.000000,0,1
1233,5,420.1950,519.1215,40.6345,21.1038,1.000000,0,1
1233,6,564.9761,516.2963,172.5026,22.6273,1.000000,0,1
1234,1,1088.6760,467.9916,390.4626,81.9971,1.000000,0,1
1234,2,462.9726,518.9577,42.6523,18.2239,1.000000,0,1
1234,3,913.4128,514.3324,133.4316,17.1907,1.000000,0,1
1234,4,-314.9732,496.9723,377.8644,55.2486,1.000000,0,1
1234,5,419.7021,519.0826,40.6387,21.1001,1.000000,0,1
1234,6,565.5532,516.2448,172.5417,22.6290,1.000000,0,1
1235,1,1088.9900,468.0192,390.5490,82.0039,1.000000,0,1
1235,2,462.4754,518.9262,42.6559,18.2206,1.000000,0,1
1235,3,914.1298,514.3314,133.4999,17.1936,1.000000,0,1
1235,4,-315.3372,496.9574,377.7984,55.2365,1.000000,0,1
1235,5,419.2094,519.0402,40.6428,21.0961,1.000000,0,1
1235,6,566.1299,516.1915,172.5810,22.6307,1.000000,0,1
1236,1,1089.3040,468.0520,390.6334,82.0106,1.000000,0,1
1236,2,461.9785,518.8953,42.6596,18.2173,1.000000,0,1
1236,3,914.8469,514.3307,133.5679,17.1964,1.000000,0,1
1236,4,-315.6985,496.9418,377.7314,55.2245,1.000000,0,1
1236,5,418.7167,518.9961,40.6467,21.0922,1.000000,0,1
1236,6,566.7062,516.1378,172.6204,22.6325,1.000000,0,1
1237,1,1089.6150,468.0894,390.7163,82.0172,1.000000,0,1
1237,2,461.4819,518.8654,42.6630,18.2141,1.000000,0,1
1237,3,915.5637,514.3301,133.6354,17.1992,1.000000,0,1
1237,4,-316.0581,496.9268,377.6648,55.2123,1.000000,0,1
1237,5,418.2239,518.9519,40.6511,21.0882,1.000000,0,1
1237,6,567.2814,516.0847,172.6601,22.6343,1.000000,0,1
1238,1,1089.9270,468.1309,390.7986,82.0237,1.000000,0,1
1238,2,460.9857,518.8352,42.6667,18.2108,1.000000,0,1
1238,3,916.2806,514.3292,133.7029,17.2019,1.000000,0,1
1238,4,-316.4141,496.9097,377.5971,55.2001,1.000000,0,1
1238,5,417.7314,518.9054,40.6552,21.0842,1.000000,0,1
1238,6,567.8561,516.0311,172.7001,22.6362,1.000000,0,1
1239,1,1090.2370,468.1757,390.8801,82.0303,1.000000,0,1
1239,2,460.4900,518.8049,42.6702,18.2074,1.000000,0,1
1239,3,916.9976,514.3280,133.7698,17.2045,1.000000,0,1
1239,4,-316.7682,496.8923,377.5297,55.1878,1.000000,0,1
1239,5,417.2391,518.8585,40.6593,21.0802,1.000000,0,1
1239,6,568.4301,515.9780,172.7405,22.6380,1.000000,0,1
1240,1,1090.5460,468.2231,390.9613,82.0368,1.000000,0,1
1240,2,459.9948,518.7749,42.6738,18.2042,1.000000,0,1
1240,3,917.7144,514.3263,133.8363,17.2072,1.000000,0,1
1240,4,-317.1214,496.8753,377.4630,55.1757,1.000000,0,1
1240,5,416.7471,518.8129,40.6635,21.0762,1.000000,0,1
1240,6,569.0033,515.9260,172.7813,22.6400,1.000000,0,1
1241,1,1090.8540,468.2737,391.0422,82.0435,1.000000,0,1
1241,2,459.5002,518.7435,42.6773,18.2009,1.000000,0,1
1241,3,918.4315,514.3236,133.9023,17.2097,1.000000,0,1
1241,4,-317.4725,496.8550,377.3958,55.1635,1.000000,0,1
1241,5,416.2554,518.7660,40.6677,21.0721,1.000000,0,1
1241,6,569.5765,515.8741,172.8221,22.6420,1.000000,0,1
1242,1,1091.1620,468.3266,391.1233,82.0503,1.000000,0,1
1242,2,459.0065,518.7115,42.6809,18.1975,1.000000,0,1
1242,3,919.1487,514.3198,133.9683,17.2122,1.000000,0,1
1242,4,-317.8232,496.8327,377.3294,55.1512,1.000000,0,1
1242,5,415.7643,518.7194,40.6718,21.0681,1.000000,0,1
1242,6,570.1495,515.8231,172.8633,22.6440,1.000000,0,1
1243,1,1091.4690,468.3811,391.2047,82.0572,1.000000,0,1
1243,2,458.5136,518.6798,42.6845,18.1943,1.000000,0,1
1243,3,919.8660,514.3148,134.0334,17.2147,1.000000,0,1
1243,4,-318.1724,496.8088,377.2629,55.1390,1.000000,0,1
1243,5,415.2737,518.6746,40.6760,21.0642,1.000000,0,1
1243,6,570.7224,515.7733,172.9048,22.6461,1.000000,0,1
1244,1,1091.7750,468.4375,391.2866,82.0644,1.000000,0,1
1244,2,458.0215,518.6465,42.6880,18.1909,1.000000,0,1
1244,3,920.5836,514.3082,134.0985,17.2171,1.000000,0,1
1244,4,-318.5219,496.7807,377.1964,55.1268,1.000000,0,1
1244,5,414.7837,518.6281,40.6802,21.0602,1.000000,0,1
1244,6,571.2958,515.7239,172.9465,22.6482,1.000000,0,1
1245,1,1092.0810,468.4948,391.3695,82.0717,1.000000,0,1
1245,2,457.5301,518.6127,42.6917,18.1876,1.000000,0,1
1245,3,921.3015,514.3003,134.1630,17.2193,1.000000,0,1
1245,4,-318.8722,496.7500,377.1312,55.1146,1.000000,0,1
1245,5,414.2943,518.5819,40.6843,21.0562,1.000000,0,1
1245,6,571.8696,515.6753,172.9884,22.6503,1.000000,0,1
1246,1,1092.3870,468.5529,391.4526,82.0792,1.000000,0,1
1246,2,457.0393,518.5795,42.6955,18.1844,1.000000,0,1
1246,3,922.0193,514.2910,134.2272,17.2216,1.000000,0,1
1246,4,-319.2233,496.7180,377.0667,55.1025,1.000000,0,1
1246,5,413.8052,518.5371,40.6884,21.0523,1.000000,0,1
1246,6,572.4438,515.6280,173.0305,22.6525,1.000000,0,1
1247,1,1092.6920,468.6124,391.5376,82.0870,1.000000,0,1
1247,2,456.5489,518.5450,42.6994,18.1811,1.000000,0,1
1247,3,922.7374,514.2802,134.2911,17.2238,1.000000,0,1
1247,4,-319.5767,496.6827,377.0035,55.0906,1.000000,0,1
1247,5,413.3164,518.4910,40.6924,21.0482,1.000000,0,1
1247,6,573.0184,515.5814,173.0724,22.6546,1.000000,0,1
1248,1,1092.9980,468.6725,391.6230,82.0951,1.000000,0,1
1248,2,456.0590,518.5104,42.7035,18.1779,1.000000,0,1
1248,3,923.4557,514.2681,134.3546,17.2260,1.000000,0,1
1248,4,-319.9319,496.6456,376.9413,55.0788,1.000000,0,1
1248,5,412.8280,518.4453,40.6965,21.0443,1.000000,0,1
1248,6,573.5932,515.5354,173.1144,22.6568,1.000000,0,1
1249,1,1093.3030,468.7329,391.7096,82.1034,1.000000,0,1
1249,2,455.5695,518.4770,42.7075,18.1749,1.000000,0,1
1249,3,924.1736,514.2552,134.4178,17.2281,1.000000,0,1
1249,4,-320.2894,496.6080,376.8806,55.0672,1.000000,0,1
1249,5,412.3397,518.4008,40.7007,21.0404,1.000000,0,1
1249,6,574.1681,515.4902,173.1564,22.6589,1.000000,0,1
1250,1,1093.6080,468.7946,391.7979,82.1120,1.000000,0,1
1250,2,455.0803,518.4429,42.7117,18.1718,1.000000,0,1
1250,3,924.8907,514.2418,134.4808,17.2301,1.000000,0,1
1250,4,-320.6507,496.5679,376.8220,55.0559,1.000000,0,1
1250,5,411.8519,518.3557,40.7047,21.0364,1.000000,0,1
1250,6,574.7433,515.4444,173.1982,22.6611,1.000000,0,1
1251,1,1093.9130,468.8567,391.8870,82.1209,1.000000,0,1
1251,2,454.5914,518.4094,42.7158,18.1687,1.000000,0,1
1251,3,925.6070,514.2277,134.5436,17.2321,1.000000,0,1
1251,4,-321.0149,496.5270,376.7646,55.0448,1.000000,0,1
1251,5,411.3641,518.3115,40.7089,21.0325,1.000000,0,1
1251,6,575.3187,515.3983,173.2398,22.6632,1.000000,0,1
1252,1,1094.2170,468.9187,391.9764,82.1299,1.000000,0,1
1252,2,454.1027,518.3778,42.7200,18.1657,1.000000,0,1
1252,3,926.3226,514.2126,134.6060,17.2341,1.000000,0,1
1252,4,-321.3826,496.4864,376.7095,55.0340,1.000000,0,1
1252,5,410.8764,518.2694,40.7131,21.0288,1.000000,0,1
1252,6,575.8943,515.3520,173.2815,22.6653,1.000000,0,1
1253,1,1094.5220,468.9818,392.0679,82.1392,1.000000,0,1
1253,2,453.6141,518.3458,42.7241,18.1627,1.000000,0,1
1253,3,927.0381,514.1961,134.6682,17.2361,1.000000,0,1
1253,4,-321.7547,496.4447,376.6562,55.0235,1.000000,0,1
1253,5,410.3889,518.2281,40.7173,21.0250,1.000000,0,1
1253,6,576.4703,515.3044,173.3229,22.6673,1.000000,0,1
1254,1,1094.8270,469.0455,392.1598,82.1487,1.000000,0,1
1254,2,453.1256,518.3149,42.7284,18.1597,1.000000,0,1
1254,3,927.7532,514.1786,134.7300,17.2380,1.000000,0,1
1254,4,-322.1303,496.4034,376.6046,55.0133,1.000000,0,1
1254,5,409.9012,518.1886,40.7214,21.0213,1.000000,0,1
1254,6,577.0468,515.2560,173.3641,22.6693,1.000000,0,1
1255,1,1095.1320,469.1095,392.2531,82.1585,1.000000,0,1
1255,2,452.6374,518.2860,42.7326,18.1568,1.000000,0,1
1255,3,928.4674,514.1609,134.7917,17.2399,1.000000,0,1
1255,4,-322.5101,496.3637,376.5551,55.0035,1.000000,0,1
1255,5,409.4134,518.1520,40.7256,21.0177,1.000000,0,1
1255,6,577.6236,515.2073,173.4055,22.6714,1.000000,0,1
1256,1,1095.4370,469.1752,392.3469,82.1684,1.000000,0,1
1256,2,452.1494,518.2577,42.7367,18.1539,1.000000,0,1
1256,3,929.1815,514.1426,134.8531,17.2417,1.000000,0,1
1256,4,-322.8961,496.3241,376.5077,54.9939,1.000000,0,1
1256,5,408.9252,518.1174,40.7301,21.0142,1.000000,0,1
1256,6,578.2010,515.1572,173.4464,22.6734,1.000000,0,1
1257,1,1095.7420,469.2418,392.4415,82.1786,1.000000,0,1
1257,2,451.6614,518.2309,42.7409,18.1511,1.000000,0,1
1257,3,929.8949,514.1241,134.9144,17.2436,1.000000,0,1
1257,4,-323.2865,496.2860,376.4622,54.9847,1.000000,0,1
1257,5,408.4368,518.0854,40.7343,21.0108,1.000000,0,1
1257,6,578.7789,515.1066,173.4876,22.6754,1.000000,0,1
1258,1,1096.0480,469.3088,392.5366,82.1888,1.000000,0,1
1258,2,451.1732,518.2064,42.7452,18.1484,1.000000,0,1
1258,3,930.6077,514.1063,134.9753,17.2454,1.000000,0,1
1258,4,-323.6811,496.2505,376.4182,54.9758,1.000000,0,1
1258,5,407.9480,518.0565,40.7387,21.0076,1.000000,0,1
1258,6,579.3572,515.0555,173.5286,22.6773,1.000000,0,1
1259,1,1096.3530,469.3779,392.6321,82.1992,1.000000,0,1
1259,2,450.6845,518.1825,42.7493,18.1457,1.000000,0,1
1259,3,931.3201,514.0890,135.0361,17.2472,1.000000,0,1
1259,4,-324.0814,496.2168,376.3762,54.9672,1.000000,0,1
1259,5,407.4582,518.0301,40.7432,21.0045,1.000000,0,1
1259,6,579.9365,515.0037,173.5696,22.6793,1.000000,0,1
1260,1,1096.6590,469.4483,392.7283,82.2098,1.000000,0,1
1260,2,450.1954,518.1596,42.7535,18.1430,1.000000,0,1
1260,3,932.0319,514.0726,135.0970,17.2490,1.000000,0,1
1260,4,-324.4862,496.1855,376.3359,54.9589,1.000000,0,1
1260,5,406.9682,518.0067,40.7478,21.0014,1.000000,0,1
1260,6,580.5163,514.9513,173.6108,22.6812,1.000000,0,1
1261,1,1096.9640,469.5197,392.8241,82.2203,1.000000,0,1
1261,2,449.7065,518.1385,42.7576,18.1404,1.000000,0,1
1261,3,932.7433,514.0576,135.1581,17.2508,1.000000,0,1
1261,4,-324.8947,496.1572,376.2968,54.9509,1.000000,0,1
1261,5,406.4783,517.9863,40.7523,20.9986,1.000000,0,1
1261,6,581.0968,514.8989,173.6517,22.6832,1.000000,0,1
1262,1,1097.2700,469.5933,392.9204,82.2309,1.000000,0,1
1262,2,449.2174,518.1178,42.7614,18.1377,1.000000,0,1
1262,3,933.4543,514.0444,135.2188,17.2527,1.000000,0,1
1262,4,-325.3087,496.1310,376.2598,54.9432,1.000000,0,1
1262,5,405.9880,517.9690,40.7569,20.9959,1.000000,0,1
1262,6,581.6777,514.8465,173.6928,22.6851,1.000000,0,1
1263,1,1097.5770,469.6683,393.0166,82.2416,1.000000,0,1
1263,2,448.7282,518.0981,42.7654,18.1350,1.000000,0,1
1263,3,934.1647,514.0331,135.2800,17.2546,1.000000,0,1
1263,4,-325.7256,496.1070,376.2234,54.9357,1.000000,0,1
1263,5,405.4977,517.9542,40.7615,20.9932,1.000000,0,1
1263,6,582.2589,514.7943,173.7341,22.6870,1.000000,0,1
1264,1,1097.8840,469.7442,393.1129,82.2523,1.000000,0,1
1264,2,448.2390,518.0800,42.7692,18.1323,1.000000,0,1
1264,3,934.8752,514.0238,135.3412,17.2565,1.000000,0,1
1264,4,-326.1446,496.0854,376.1880,54.9283,1.000000,0,1
1264,5,405.0074,517.9420,40.7662,20.9907,1.000000,0,1
1264,6,582.8406,514.7420,173.7755,22.6890,1.000000,0,1
1265,1,1098.1910,469.8227,393.2091,82.2631,1.000000,0,1
1265,2,447.7492,518.0623,42.7729,18.1295,1.000000,0,1
1265,3,935.5859,514.0168,135.4030,17.2584,1.000000,0,1
1265,4,-326.5676,496.0653,376.1535,54.9212,1.000000,0,1
1265,5,404.5171,517.9319,40.7709,20.9883,1.000000,0,1
1265,6,583.4229,514.6897,173.8168,22.6910,1.000000,0,1
1266,1,1098.4980,469.9029,393.3052,82.2738,1.000000,0,1
1266,2,447.2594,518.0455,42.7764,18.1268,1.000000,0,1
1266,3,936.2971,514.0121,135.4650,17.2604,1.000000,0,1
1266,4,-326.9930,496.0465,376.1199,54.9142,1.000000,0,1
1266,5,404.0267,517.9233,40.7756,20.9859,1.000000,0,1
1266,6,584.0057,514.6375,173.8582,22.6930,1.000000,0,1
1267,1,1098.8060,469.9841,393.4008,82.2845,1.000000,0,1
1267,2,446.7696,518.0302,42.7798,18.1241,1.000000,0,1
1267,3,937.0089,514.0100,135.5272,17.2625,1.000000,0,1
1267,4,-327.4204,496.0289,376.0871,54.9074,1.000000,0,1
1267,5,403.5364,517.9159,40.7803,20.9835,1.000000,0,1
1267,6,584.5890,514.5856,173.9001,22.6950,1.000000,0,1
1268,1,1099.1120,470.0679,393.4961,82.2953,1.000000,0,1
1268,2,446.2793,518.0159,42.7832,18.1214,1.000000,0,1
1268,3,937.7216,514.0114,135.5900,17.2646,1.000000,0,1
1268,4,-327.8497,496.0114,376.0546,54.9006,1.000000,0,1
1268,5,403.0468,517.9098,40.7850,20.9812,1.000000,0,1
1268,6,585.1732,514.5339,173.9419,22.6971,1.000000,0,1
1269,1,1099.4190,470.1529,393.5912,82.3060,1.000000,0,1
1269,2,445.7896,518.0027,42.7864,18.1186,1.000000,0,1
1269,3,938.4351,514.0157,135.6531,17.2669,1.000000,0,1
1269,4,-328.2804,495.9937,376.0226,54.8939,1.000000,0,1
1269,5,402.5580,517.9048,40.7897,20.9790,1.000000,0,1
1269,6,585.7581,514.4825,173.9839,22.6991,1.000000,0,1
1270,1,1099.7250,470.2383,393.6857,82.3167,1.000000,0,1
1270,2,445.3001,517.9911,42.7896,18.1159,1.000000,0,1
1270,3,939.1495,514.0228,135.7165,17.2691,1.000000,0,1
1270,4,-328.7120,495.9756,375.9905,54.8872,1.000000,0,1
1270,5,402.0702,517.9010,40.7945,20.9769,1.000000,0,1
1270,6,586.3438,514.4314,174.0261,22.7011,1.000000,0,1
1271,1,1100.0310,470.3253,393.7802,82.3274,1.000000,0,1
1271,2,444.8102,517.9805,42.7927,18.1131,1.000000,0,1
1271,3,939.8650,514.0338,135.7805,17.2715,1.000000,0,1
1271,4,-329.1448,495.9563,375.9590,54.8805,1.000000,0,1
1271,5,401.5826,517.8978,40.7992,20.9747,1.000000,0,1
1271,6,586.9302,514.3804,174.0684,22.7033,1.000000,0,1
1272,1,1100.3370,470.4127,393.8749,82.3381,1.000000,0,1
1272,2,444.3205,517.9713,42.7957,18.1104,1.000000,0,1
1272,3,940.5817,514.0479,135.8452,17.2739,1.000000,0,1
1272,4,-329.5782,495.9357,375.9278,54.8738,1.000000,0,1
1272,5,401.0953,517.8954,40.8040,20.9726,1.000000,0,1
1272,6,587.5172,514.3295,174.1108,22.7053,1.000000,0,1
1273,1,1100.6430,470.4996,393.9690,82.3488,1.000000,0,1
1273,2,443.8307,517.9637,42.7986,18.1077,1.000000,0,1
1273,3,941.2996,514.0646,135.9102,17.2764,1.000000,0,1
1273,4,-330.0120,495.9138,375.8964,54.8671,1.000000,0,1
1273,5,400.6081,517.8938,40.8087,20.9705,1.000000,0,1
1273,6,588.1047,514.2792,174.1533,22.7074,1.000000,0,1
1274,1,1100.9490,470.5873,394.0640,82.3595,1.000000,0,1
1274,2,443.3403,517.9578,42.8015,18.1051,1.000000,0,1
1274,3,942.0185,514.0857,135.9759,17.2790,1.000000,0,1
1274,4,-330.4464,495.8898,375.8651,54.8602,1.000000,0,1
1274,5,400.1208,517.8935,40.8134,20.9684,1.000000,0,1
1274,6,588.6921,514.2295,174.1960,22.7096,1.000000,0,1
1275,1,1101.2560,470.6747,394.1588,82.3703,1.000000,0,1
1275,2,442.8500,517.9531,42.8044,18.1025,1.000000,0,1
1275,3,942.7386,514.1099,136.0420,17.2816,1.000000,0,1
1275,4,-330.8810,495.8640,375.8332,54.8535,1.000000,0,1
1275,5,399.6335,517.8943,40.8181,20.9664,1.000000,0,1
1275,6,589.2797,514.1799,174.2388,22.7117,1.000000,0,1
1276,1,1101.5630,470.7608,394.2542,82.3811,1.000000,0,1
1276,2,442.3600,517.9495,42.8072,18.0999,1.000000,0,1
1276,3,943.4601,514.1364,136.1087,17.2844,1.000000,0,1
1276,4,-331.3166,495.8372,375.8016,54.8466,1.000000,0,1
1276,5,399.1466,517.8964,40.8227,20.9644,1.000000,0,1
1276,6,589.8673,514.1306,174.2818,22.7139,1.000000,0,1
1277,1,1101.8720,470.8469,394.3502,82.3920,1.000000,0,1
1277,2,441.8698,517.9471,42.8100,18.0974,1.000000,0,1
1277,3,944.1835,514.1666,136.1760,17.2871,1.000000,0,1
1277,4,-331.7525,495.8095,375.7696,54.8397,1.000000,0,1
1277,5,398.6591,517.9014,40.8276,20.9625,1.000000,0,1
1277,6,590.4552,514.0806,174.3251,22.7161,1.000000,0,1
1278,1,1102.1810,470.9323,394.4470,82.4031,1.000000,0,1
1278,2,441.3788,517.9462,42.8131,18.0950,1.000000,0,1
1278,3,944.9087,514.1992,136.2438,17.2900,1.000000,0,1
1278,4,-332.1883,495.7809,375.7375,54.8327,1.000000,0,1
1278,5,398.1715,517.9085,40.8322,20.9607,1.000000,0,1
1278,6,591.0432,514.0304,174.3687,22.7183,1.000000,0,1
1279,1,1102.4910,471.0159,394.5447,82.4141,1.000000,0,1
1279,2,440.8878,517.9462,42.8161,18.0926,1.000000,0,1
1279,3,945.6359,514.2333,136.3123,17.2930,1.000000,0,1
1279,4,-332.6230,495.7520,375.7047,54.8257,1.000000,0,1
1279,5,397.6839,517.9171,40.8368,20.9589,1.000000,0,1
1279,6,591.6315,513.9804,174.4125,22.7206,1.000000,0,1
1280,1,1102.8020,471.0991,394.6437,82.4254,1.000000,0,1
1280,2,440.3969,517.9479,42.8194,18.0904,1.000000,0,1
1280,3,946.3648,514.2714,136.3815,17.2960,1.000000,0,1
1280,4,-333.0578,495.7229,375.6719,54.8185,1.000000,0,1
1280,5,397.1958,517.9285,40.8413,20.9572,1.000000,0,1
1280,6,592.2199,513.9305,174.4567,22.7229,1.000000,0,1
1281,1,1103.1140,471.1812,394.7433,82.4367,1.000000,0,1
1281,2,439.9055,517.9509,42.8228,18.0883,1.000000,0,1
1281,3,947.0954,514.3119,136.4512,17.2992,1.000000,0,1
1281,4,-333.4918,495.6936,375.6381,54.8113,1.000000,0,1
1281,5,396.7075,517.9413,40.8459,20.9554,1.000000,0,1
1281,6,592.8085,513.8810,174.5012,22.7252,1.000000,0,1
1282,1,1103.4280,471.2613,394.8441,82.4482,1.000000,0,1
1282,2,439.4133,517.9548,42.8263,18.0863,1.000000,0,1
1282,3,947.8278,514.3542,136.5217,17.3023,1.000000,0,1
1282,4,-333.9248,495.6649,375.6038,54.8040,1.000000,0,1
1282,5,396.2190,517.9545,40.8502,20.9536,1.000000,0,1
1282,6,593.3973,513.8318,174.5460,22.7277,1.000000,0,1
1283,1,1103.7430,471.3409,394.9464,82.4599,1.000000,0,1
1283,2,438.9211,517.9604,42.8299,18.0843,1.000000,0,1
1283,3,948.5615,514.4001,136.5925,17.3056,1.000000,0,1
1283,4,-334.3576,495.6365,375.5689,54.7966,1.000000,0,1
1283,5,395.7302,517.9694,40.8545,20.9518,1.000000,0,1
1283,6,593.9863,513.7831,174.5909,22.7301,1.000000,0,1
1284,1,1104.0600,471.4190,395.0496,82.4717,1.000000,0,1
1284,2,438.4284,517.9672,42.8337,18.0825,1.000000,0,1
1284,3,949.2969,514.4486,136.6639,17.3089,1.000000,0,1
1284,4,-334.7891,495.6085,375.5333,54.7891,1.000000,0,1
1284,5,395.2415,517.9844,40.8586,20.9500,1.000000,0,1
1284,6,594.5753,513.7352,174.6359,22.7325,1.000000,0,1
1285,1,1104.3770,471.4951,395.1545,82.4838,1.000000,0,1
1285,2,437.9355,517.9749,42.8375,18.0807,1.000000,0,1
1285,3,950.0339,514.4985,136.7361,17.3124,1.000000,0,1
1285,4,-335.2192,495.5810,375.4970,54.7814,1.000000,0,1
1285,5,394.7537,517.9991,40.8625,20.9481,1.000000,0,1
1285,6,595.1642,513.6891,174.6813,22.7350,1.000000,0,1
1286,1,1104.6970,471.5705,395.2604,82.4959,1.000000,0,1
1286,2,437.4428,517.9838,42.8411,18.0789,1.000000,0,1
1286,3,950.7724,514.5519,136.8088,17.3158,1.000000,0,1
1286,4,-335.6489,495.5534,375.4601,54.7738,1.000000,0,1
1286,5,394.2667,518.0143,40.8664,20.9461,1.000000,0,1
1286,6,595.7531,513.6436,174.7267,22.7375,1.000000,0,1
1287,1,1105.0180,471.6446,395.3680,82.5084,1.000000,0,1
1287,2,436.9508,517.9932,42.8446,18.0770,1.000000,0,1
1287,3,951.5125,514.6072,136.8818,17.3195,1.000000,0,1
1287,4,-336.0778,495.5257,375.4223,54.7660,1.000000,0,1
1287,5,393.7811,518.0289,40.8701,20.9440,1.000000,0,1
1287,6,596.3420,513.5994,174.7722,22.7400,1.000000,0,1
1288,1,1105.3400,471.7169,395.4767,82.5209,1.000000,0,1
1288,2,436.4600,518.0026,42.8479,18.0752,1.000000,0,1
1288,3,952.2545,514.6633,136.9554,17.3231,1.000000,0,1
1288,4,-336.5065,495.4981,375.3841,54.7580,1.000000,0,1
1288,5,393.2974,518.0422,40.8735,20.9417,1.000000,0,1
1288,6,596.9309,513.5569,174.8178,22.7426,1.000000,0,1
1289,1,1105.6640,471.7886,395.5868,82.5336,1.000000,0,1
1289,2,435.9704,518.0128,42.8511,18.0732,1.000000,0,1
1289,3,952.9987,514.7224,137.0297,17.3267,1.000000,0,1
1289,4,-336.9348,495.4698,375.3453,54.7501,1.000000,0,1
1289,5,392.8152,518.0548,40.8767,20.9394,1.000000,0,1
1289,6,597.5195,513.5156,174.8633,22.7451,1.000000,0,1
1290,1,1105.9890,471.8590,395.6980,82.5465,1.000000,0,1
1290,2,435.4819,518.0232,42.8540,18.0712,1.000000,0,1
1290,3,953.7451,514.7831,137.1045,17.3305,1.000000,0,1
1290,4,-337.3628,495.4409,375.3062,54.7419,1.000000,0,1
1290,5,392.3346,518.0661,40.8799,20.9370,1.000000,0,1
1290,6,598.1078,513.4758,174.9086,22.7477,1.000000,0,1
1291,1,1106.3150,471.9276,395.8101,82.5595,1.000000,0,1
1291,2,434.9947,518.0334,42.8568,18.0691,1.000000,0,1
1291,3,954.4933,514.8445,137.1798,17.3343,1.000000,0,1
1291,4,-337.7904,495.4114,375.2668,54.7338,1.000000,0,1
1291,5,391.8558,518.0756,40.8827,20.9344,1.000000,0,1
1291,6,598.6957,513.4377,174.9539,22.7503,1.000000,0,1
1292,1,1106.6430,471.9960,395.9233,82.5726,1.000000,0,1
1292,2,434.5083,518.0443,42.8595,18.0670,1.000000,0,1
1292,3,955.2429,514.9087,137.2554,17.3381,1.000000,0,1
1292,4,-338.2171,495.3806,375.2268,54.7255,1.000000,0,1
1292,5,391.3786,518.0836,40.8855,20.9317,1.000000,0,1
1292,6,599.2834,513.4003,174.9988,22.7528,1.000000,0,1
1293,1,1106.9710,472.0634,396.0374,82.5859,1.000000,0,1
1293,2,434.0231,518.0554,42.8620,18.0649,1.000000,0,1
1293,3,955.9937,514.9742,137.3313,17.3420,1.000000,0,1
1293,4,-338.6438,495.3483,375.1869,54.7172,1.000000,0,1
1293,5,390.9027,518.0902,40.8882,20.9289,1.000000,0,1
1293,6,599.8709,513.3638,175.0434,22.7553,1.000000,0,1
1294,1,1107.3010,472.1292,396.1519,82.5991,1.000000,0,1
1294,2,433.5389,518.0662,42.8645,18.0626,1.000000,0,1
1294,3,956.7456,515.0396,137.4072,17.3458,1.000000,0,1
1294,4,-339.0706,495.3144,375.1468,54.7090,1.000000,0,1
1294,5,390.4279,518.0949,40.8908,20.9260,1.000000,0,1
1294,6,600.4581,513.3286,175.0879,22.7577,1.000000,0,1
1295,1,1107.6310,472.1948,396.2675,82.6126,1.000000,0,1
1295,2,433.0557,518.0774,42.8669,18.0605,1.000000,0,1
1295,3,957.4983,515.1064,137.4839,17.3498,1.000000,0,1
1295,4,-339.4982,495.2778,375.1069,54.7006,1.000000,0,1
1295,5,389.9545,518.0979,40.8932,20.9230,1.000000,0,1
1295,6,601.0449,513.2939,175.1320,22.7602,1.000000,0,1
1296,1,1107.9620,472.2596,396.3828,82.6259,1.000000,0,1
1296,2,432.5734,518.0884,42.8692,18.0583,1.000000,0,1
1296,3,958.2521,515.1734,137.5604,17.3538,1.000000,0,1
1296,4,-339.9260,495.2389,375.0671,54.6922,1.000000,0,1
1296,5,389.4818,518.0991,40.8957,20.9200,1.000000,0,1
1296,6,601.6310,513.2603,175.1762,22.7626,1.000000,0,1
1297,1,1108.2930,472.3232,396.4984,82.6392,1.000000,0,1
1297,2,432.0916,518.0988,42.8715,18.0560,1.000000,0,1
1297,3,959.0066,515.2393,137.6372,17.3577,1.000000,0,1
1297,4,-340.3544,495.1978,375.0278,54.6838,1.000000,0,1
1297,5,389.0098,518.0983,40.8982,20.9169,1.000000,0,1
1297,6,602.2167,513.2285,175.2205,22.7651,1.000000,0,1
1298,1,1108.6240,472.3865,396.6143,82.6526,1.000000,0,1
1298,2,431.6107,518.1089,42.8738,18.0538,1.000000,0,1
1298,3,959.7616,515.3055,137.7141,17.3617,1.000000,0,1
1298,4,-340.7841,495.1541,374.9884,54.6754,1.000000,0,1
1298,5,388.5384,518.0957,40.9006,20.9138,1.000000,0,1
1298,6,602.8016,513.1973,175.2648,22.7676,1.000000,0,1
1299,1,1108.9560,472.4493,396.7295,82.6658,1.000000,0,1
1299,2,431.1301,518.1185,42.8762,18.0515,1.000000,0,1
1299,3,960.5173,515.3709,137.7911,17.3656,1.000000,0,1
1299,4,-341.2155,495.1088,374.9501,54.6671,1.000000,0,1
1299,5,388.0672,518.0915,40.9032,20.9106,1.000000,0,1
1299,6,603.3856,513.1672,175.3092,22.7701,1.000000,0,1
1300,1,1109.2880,472.5107,396.8445,82.6789,1.000000,0,1
1300,2,430.6500,518.1273,42.8785,18.0493,1.000000,0,1
1300,3,961.2734,515.4338,137.8682,17.3696,1.000000,0,1
1300,4,-341.6497,495.0627,374.9127,54.6590,1.000000,0,1
1300,5,387.5964,518.0857,40.9056,20.9074,1.000000,0,1
1300,6,603.9688,513.1390,175.3542,22.7727,1.000000,0,1
1301,1,1109.6200,472.5715,396.9591,82.6919,1.000000,0,1
1301,2,430.1700,518.1357,42.8810,18.0470,1.000000,0,1
1301,3,962.0300,515.4955,137.9453,17.3735,1.000000,0,1
1301,4,-342.0864,495.0158,374.8765,54.6509,1.000000,0,1
1301,5,387.1253,518.0779,40.9081,20.9041,1.000000,0,1
1301,6,604.5508,513.1117,175.3992,22.7754,1.000000,0,1
1302,1,1109.9520,472.6315,397.0729,82.7047,1.000000,0,1
1302,2,429.6902,518.1437,42.8834,18.0447,1.000000,0,1
1302,3,962.7874,515.5552,138.0225,17.3774,1.000000,0,1
1302,4,-342.5261,494.9684,374.8413,54.6430,1.000000,0,1
1302,5,386.6541,518.0684,40.9107,20.9007,1.000000,0,1
1302,6,605.1318,513.0861,175.4448,22.7781,1.000000,0,1
1303,1,1110.2840,472.6900,397.1859,82.7173,1.000000,0,1
1303,2,429.2104,518.1509,42.8858,18.0425,1.000000,0,1
1303,3,963.5456,515.6116,138.0998,17.3813,1.000000,0,1
1303,4,-342.9693,494.9208,374.8075,54.6354,1.000000,0,1
1303,5,386.1829,518.0575,40.9133,20.8974,1.000000,0,1
1303,6,605.7117,513.0632,175.4912,22.7809,1.000000,0,1
1304,1,1110.6160,472.7480,397.2982,82.7297,1.000000,0,1
1304,2,428.7310,518.1576,42.8882,18.0402,1.000000,0,1
1304,3,964.3044,515.6666,138.1774,17.3852,1.000000,0,1
1304,4,-343.4158,494.8734,374.7752,54.6280,1.000000,0,1
1304,5,385.7114,518.0452,40.9160,20.8940,1.000000,0,1
1304,6,606.2908,513.0413,175.5381,22.7839,1.000000,0,1
1305,1,1110.9480,472.8050,397.4095,82.7418,1.000000,0,1
1305,2,428.2515,518.1638,42.8908,18.0380,1.000000,0,1
1305,3,965.0640,515.7195,138.2550,17.3892,1.000000,0,1
1305,4,-343.8661,494.8265,374.7442,54.6209,1.000000,0,1
1305,5,385.2399,518.0318,40.9187,20.8906,1.000000,0,1
1305,6,606.8691,513.0214,175.5860,22.7870,1.000000,0,1
1306,1,1111.2790,472.8611,397.5195,82.7537,1.000000,0,1
1306,2,427.7722,518.1691,42.8934,18.0357,1.000000,0,1
1306,3,965.8243,515.7694,138.3329,17.3931,1.000000,0,1
1306,4,-344.3208,494.7807,374.7155,54.6140,1.000000,0,1
1306,5,384.7682,518.0182,40.9214,20.8872,1.000000,0,1
1306,6,607.4467,513.0052,175.6350,22.7903,1.000000,0,1
1307,1,1111.6100,472.9166,397.6282,82.7654,1.000000,0,1
1307,2,427.2931,518.1739,42.8960,18.0334,1.000000,0,1
1307,3,966.5854,515.8184,138.4111,17.3970,1.000000,0,1
1307,4,-344.7791,494.7362,374.6878,54.6074,1.000000,0,1
1307,5,384.2965,518.0044,40.9241,20.8839,1.000000,0,1
1307,6,608.0232,512.9927,175.6848,22.7936,1.000000,0,1
1308,1,1111.9400,472.9709,397.7356,82.7767,1.000000,0,1
1308,2,426.8140,518.1781,42.8987,18.0312,1.000000,0,1
1308,3,967.3471,515.8654,138.4893,17.4010,1.000000,0,1
1308,4,-345.2415,494.6930,374.6621,54.6011,1.000000,0,1
1308,5,383.8247,517.9907,40.9269,20.8805,1.000000,0,1
1308,6,608.5990,512.9843,175.7356,22.7973,1.000000,0,1
1309,1,1112.2690,473.0237,397.8414,82.7877,1.000000,0,1
1309,2,426.3351,518.1818,42.9013,18.0288,1.000000,0,1
1309,3,968.1099,515.9099,138.5680,17.4049,1.000000,0,1
1309,4,-345.7086,494.6518,374.6384,54.5951,1.000000,0,1
1309,5,383.3530,517.9778,40.9297,20.8772,1.000000,0,1
1309,6,609.1741,512.9808,175.7872,22.8010,1.000000,0,1
1310,1,1112.5970,473.0753,397.9457,82.7984,1.000000,0,1
1310,2,425.8562,518.1844,42.9040,18.0265,1.000000,0,1
1310,3,968.8736,515.9535,138.6470,17.4089,1.000000,0,1
1310,4,-346.1795,494.6129,374.6160,54.5895,1.000000,0,1
1310,5,382.8814,517.9653,40.9325,20.8739,1.000000,0,1
1310,6,609.7484,512.9823,175.8397,22.8048,1.000000,0,1
1311,1,1112.9240,473.1252,398.0488,82.8088,1.000000,0,1
1311,2,425.3775,518.1863,42.9067,18.0242,1.000000,0,1
1311,3,969.6387,515.9957,138.7262,17.4128,1.000000,0,1
1311,4,-346.6552,494.5758,374.5958,54.5841,1.000000,0,1
1311,5,382.4097,517.9535,40.9352,20.8707,1.000000,0,1
1311,6,610.3223,512.9886,175.8929,22.8089,1.000000,0,1
1312,1,1113.2500,473.1732,398.1499,82.8188,1.000000,0,1
1312,2,424.8986,518.1874,42.9093,18.0218,1.000000,0,1
1312,3,970.4050,516.0355,138.8057,17.4168,1.000000,0,1
1312,4,-347.1365,494.5405,374.5776,54.5791,1.000000,0,1
1312,5,381.9380,517.9425,40.9381,20.8674,1.000000,0,1
1312,6,610.8961,512.9999,175.9467,22.8130,1.000000,0,1
1313,1,1113.5740,473.2195,398.2502,82.8285,1.000000,0,1
1313,2,424.4197,518.1881,42.9120,18.0194,1.000000,0,1
1313,3,971.1727,516.0743,138.8856,17.4208,1.000000,0,1
1313,4,-347.6211,494.5065,374.5608,54.5744,1.000000,0,1
1313,5,381.4658,517.9324,40.9409,20.8641,1.000000,0,1
1313,6,611.4695,513.0160,176.0013,22.8173,1.000000,0,1
1314,1,1113.8980,473.2636,398.3491,82.8381,1.000000,0,1
1314,2,423.9407,518.1885,42.9148,18.0171,1.000000,0,1
1314,3,971.9418,516.1115,138.9659,17.4249,1.000000,0,1
1314,4,-348.1096,494.4733,374.5451,54.5699,1.000000,0,1
1314,5,380.9933,517.9227,40.9437,20.8610,1.000000,0,1
1314,6,612.0429,513.0367,176.0565,22.8217,1.000000,0,1
1315,1,1114.2210,473.3051,398.4468,82.8473,1.000000,0,1
1315,2,423.4612,518.1884,42.9175,18.0147,1.000000,0,1
1315,3,972.7127,516.1462,139.0464,17.4289,1.000000,0,1
1315,4,-348.6024,494.4404,374.5313,54.5657,1.000000,0,1
1315,5,380.5202,517.9138,40.9465,20.8578,1.000000,0,1
1315,6,612.6167,513.0615,176.1122,22.8262,1.000000,0,1
1316,1,1114.5430,473.3443,398.5436,82.8562,1.000000,0,1
1316,2,422.9816,518.1877,42.9202,18.0123,1.000000,0,1
1316,3,973.4862,516.1790,139.1274,17.4330,1.000000,0,1
1316,4,-349.0974,494.4074,374.5184,54.5615,1.000000,0,1
1316,5,380.0465,517.9057,40.9493,20.8547,1.000000,0,1
1316,6,613.1905,513.0904,176.1685,22.8308,1.000000,0,1
1317,1,1114.8640,473.3811,398.6394,82.8648,1.000000,0,1
1317,2,422.5016,518.1868,42.9230,18.0099,1.000000,0,1
1317,3,974.2618,516.2095,139.2087,17.4371,1.000000,0,1
1317,4,-349.5956,494.3746,374.5064,54.5575,1.000000,0,1
1317,5,379.5721,517.8981,40.9522,20.8516,1.000000,0,1
1317,6,613.7645,513.1232,176.2253,22.8355,1.000000,0,1
1318,1,1115.1840,473.4150,398.7345,82.8734,1.000000,0,1
1318,2,422.0211,518.1854,42.9258,18.0074,1.000000,0,1
1318,3,975.0389,516.2376,139.2904,17.4411,1.000000,0,1
1318,4,-350.0981,494.3428,374.4962,54.5538,1.000000,0,1
1318,5,379.0970,517.8913,40.9552,20.8485,1.000000,0,1
1318,6,614.3386,513.1596,176.2825,22.8403,1.000000,0,1
1319,1,1115.5040,473.4460,398.8292,82.8817,1.000000,0,1
1319,2,421.5400,518.1832,42.9286,18.0050,1.000000,0,1
1319,3,975.8174,516.2641,139.3724,17.4452,1.000000,0,1
1319,4,-350.6026,494.3118,374.4865,54.5503,1.000000,0,1
1319,5,378.6208,517.8852,40.9582,20.8455,1.000000,0,1
1319,6,614.9125,513.1994,176.3403,22.8452,1.000000,0,1
1320,1,1115.8230,473.4740,398.9232,82.8898,1.000000,0,1
1320,2,421.0581,518.1805,42.9315,18.0026,1.000000,0,1
1320,3,976.5967,516.2879,139.4548,17.4493,1.000000,0,1
1320,4,-351.1101,494.2819,374.4782,54.5470,1.000000,0,1
1320,5,378.1440,517.8796,40.9612,20.8425,1.000000,0,1
1320,6,615.4863,513.2415,176.3984,22.8501,1.000000,0,1
1321,1,1116.1410,473.4991,399.0171,82.8978,1.000000,0,1
1321,2,420.5756,518.1770,42.9343,18.0001,1.000000,0,1
1321,3,977.3772,516.3085,139.5372,17.4534,1.000000,0,1
1321,4,-351.6202,494.2542,374.4707,54.5438,1.000000,0,1
1321,5,377.6663,517.8747,40.9642,20.8396,1.000000,0,1
1321,6,616.0603,513.2846,176.4568,22.8552,1.000000,0,1
1322,1,1116.4600,473.5208,399.1106,82.9056,1.000000,0,1
1322,2,420.0925,518.1725,42.9373,17.9976,1.000000,0,1
1322,3,978.1587,516.3264,139.6202,17.4576,1.000000,0,1
1322,4,-352.1320,494.2286,374.4644,54.5408,1.000000,0,1
1322,5,377.1872,517.8705,40.9675,20.8367,1.000000,0,1
1322,6,616.6342,513.3295,176.5159,22.8603,1.000000,0,1
1323,1,1116.7780,473.5397,399.2041,82.9134,1.000000,0,1
1323,2,419.6085,518.1672,42.9403,17.9952,1.000000,0,1
1323,3,978.9412,516.3412,139.7034,17.4616,1.000000,0,1
1323,4,-352.6463,494.2059,374.4590,54.5381,1.000000,0,1
1323,5,376.7073,517.8666,40.9708,20.8339,1.000000,0,1
1323,6,617.2083,513.3757,176.5753,22.8654,1.000000,0,1
1324,1,1117.0960,473.5557,399.2977,82.9211,1.000000,0,1
1324,2,419.1241,518.1613,42.9432,17.9927,1.000000,0,1
1324,3,979.7247,516.3522,139.7872,17.4658,1.000000,0,1
1324,4,-353.1639,494.1865,374.4548,54.5357,1.000000,0,1
1324,5,376.2264,517.8633,40.9741,20.8312,1.000000,0,1
1324,6,617.7827,513.4228,176.6349,22.8706,1.000000,0,1
1325,1,1117.4140,473.5683,399.3911,82.9286,1.000000,0,1
1325,2,418.6387,518.1545,42.9464,17.9902,1.000000,0,1
1325,3,980.5092,516.3598,139.8711,17.4700,1.000000,0,1
1325,4,-353.6813,494.1704,374.4507,54.5333,1.000000,0,1
1325,5,375.7445,517.8607,40.9776,20.8285,1.000000,0,1
1325,6,618.3568,513.4709,176.6954,22.8759,1.000000,0,1
1326,1,1117.7310,473.5779,399.4846,82.9361,1.000000,0,1
1326,2,418.1528,518.1471,42.9495,17.9876,1.000000,0,1
1326,3,981.2944,516.3641,139.9553,17.4741,1.000000,0,1
1326,4,-354.2006,494.1581,374.4476,54.5311,1.000000,0,1
1326,5,375.2619,517.8589,40.9811,20.8258,1.000000,0,1
1326,6,618.9307,513.5202,176.7564,22.8813,1.000000,0,1
1327,1,1118.0490,473.5844,399.5784,82.9435,1.000000,0,1
1327,2,417.6662,518.1390,42.9526,17.9851,1.000000,0,1
1327,3,982.0804,516.3649,140.0399,17.4783,1.000000,0,1
1327,4,-354.7224,494.1501,374.4453,54.5291,1.000000,0,1
1327,5,374.7785,517.8578,40.9846,20.8232,1.000000,0,1
1327,6,619.5046,513.5703,176.8177,22.8867,1.000000,0,1
1328,1,1118.3680,473.5878,399.6730,82.9509,1.000000,0,1
1328,2,417.1787,518.1301,42.9557,17.9826,1.000000,0,1
1328,3,982.8673,516.3627,140.1249,17.4825,1.000000,0,1
1328,4,-355.2438,494.1461,374.4433,54.5273,1.000000,0,1
1328,5,374.2942,517.8580,40.9883,20.8207,1.000000,0,1
1328,6,620.0781,513.6223,176.8798,22.8923,1.000000,0,1
1329,1,1118.6860,473.5885,399.7675,82.9583,1.000000,0,1
1329,2,416.6906,518.1208,42.9589,17.9800,1.000000,0,1
1329,3,983.6551,516.3579,140.2104,17.4867,1.000000,0,1
1329,4,-355.7661,494.1465,374.4414,54.5256,1.000000,0,1
1329,5,373.8092,517.8592,40.9919,20.8182,1.000000,0,1
1329,6,620.6515,513.6761,176.9423,22.8979,1.000000,0,1
1330,1,1119.0040,473.5867,399.8623,82.9656,1.000000,0,1
1330,2,416.2020,518.1115,42.9621,17.9774,1.000000,0,1
1330,3,984.4440,516.3501,140.2961,17.4909,1.000000,0,1
1330,4,-356.2896,494.1516,374.4402,54.5241,1.000000,0,1
1330,5,373.3240,517.8616,40.9956,20.8158,1.000000,0,1
1330,6,621.2247,513.7317,177.0052,22.9035,1.000000,0,1
1331,1,1119.3230,473.5816,399.9578,82.9730,1.000000,0,1
1331,2,415.7127,518.1014,42.9652,17.9748,1.000000,0,1
1331,3,985.2347,516.3394,140.3824,17.4951,1.000000,0,1
1331,4,-356.8130,494.1609,374.4394,54.5227,1.000000,0,1
1331,5,372.8380,517.8650,40.9994,20.8134,1.000000,0,1
1331,6,621.7982,513.7898,177.0684,22.9093,1.000000,0,1
1332,1,1119.6420,473.5744,400.0530,82.9802,1.000000,0,1
1332,2,415.2229,518.0911,42.9685,17.9722,1.000000,0,1
1332,3,986.0271,516.3264,140.4690,17.4994,1.000000,0,1
1332,4,-357.3368,494.1747,374.4384,54.5214,1.000000,0,1
1332,5,372.3519,517.8698,41.0032,20.8111,1.000000,0,1
1332,6,622.3719,513.8502,177.1320,22.9152,1.000000,0,1
1333,1,1119.9610,473.5653,400.1484,82.9875,1.000000,0,1
1333,2,414.7327,518.0807,42.9717,17.9696,1.000000,0,1
1333,3,986.8204,516.3125,140.5561,17.5037,1.000000,0,1
1333,4,-357.8619,494.1930,374.4380,54.5203,1.000000,0,1
1333,5,371.8657,517.8757,41.0070,20.8088,1.000000,0,1
1333,6,622.9464,513.9133,177.1957,22.9210,1.000000,0,1
1334,1,1120.2800,473.5536,400.2444,82.9947,1.000000,0,1
1334,2,414.2416,518.0704,42.9749,17.9670,1.000000,0,1
1334,3,987.6146,516.2983,140.6433,17.5080,1.000000,0,1
1334,4,-358.3873,494.2151,374.4381,54.5194,1.000000,0,1
1334,5,371.3788,517.8828,41.0109,20.8067,1.000000,0,1
1334,6,623.5214,513.9813,177.2596,22.9269,1.000000,0,1
1335,1,1120.5990,473.5398,400.3409,83.0020,1.000000,0,1
1335,2,413.7500,518.0602,42.9781,17.9643,1.000000,0,1
1335,3,988.4091,516.2839,140.7311,17.5124,1.000000,0,1
1335,4,-358.9128,494.2411,374.4382,54.5185,1.000000,0,1
1335,5,370.8919,517.8909,41.0147,20.8046,1.000000,0,1
1335,6,624.0969,514.0535,177.3237,22.9329,1.000000,0,1
1336,1,1120.9190,473.5241,400.4373,83.0091,1.000000,0,1
1336,2,413.2580,518.0504,42.9813,17.9618,1.000000,0,1
1336,3,989.2041,516.2695,140.8186,17.5167,1.000000,0,1
1336,4,-359.4391,494.2689,374.4388,54.5177,1.000000,0,1
1336,5,370.4047,517.9002,41.0186,20.8024,1.000000,0,1
1336,6,624.6735,514.1296,177.3873,22.9388,1.000000,0,1
1337,1,1121.2390,473.5062,400.5343,83.0163,1.000000,0,1
1337,2,412.7652,518.0404,42.9844,17.9592,1.000000,0,1
1337,3,989.9995,516.2556,140.9065,17.5210,1.000000,0,1
1337,4,-359.9641,494.2959,374.4381,54.5168,1.000000,0,1
1337,5,369.9171,517.9106,41.0225,20.8003,1.000000,0,1
1337,6,625.2509,514.2124,177.4510,22.9448,1.000000,0,1
1338,1,1121.5600,473.4863,400.6316,83.0234,1.000000,0,1
1338,2,412.2720,518.0305,42.9877,17.9566,1.000000,0,1
1338,3,990.7956,516.2420,140.9944,17.5254,1.000000,0,1
1338,4,-360.4884,494.3210,374.4373,54.5157,1.000000,0,1
1338,5,369.4296,517.9222,41.0263,20.7982,1.000000,0,1
1338,6,625.8295,514.3003,177.5146,22.9508,1.000000,0,1
1339,1,1121.8810,473.4642,400.7291,83.0306,1.000000,0,1
1339,2,411.7784,518.0210,42.9908,17.9539,1.000000,0,1
1339,3,991.5919,516.2285,141.0823,17.5297,1.000000,0,1
1339,4,-361.0128,494.3427,374.4358,54.5145,1.000000,0,1
1339,5,368.9420,517.9344,41.0302,20.7963,1.000000,0,1
1339,6,626.4097,514.3922,177.5778,22.9568,1.000000,0,1
1340,1,1122.2030,473.4402,400.8274,83.0377,1.000000,0,1
1340,2,411.2844,518.0118,42.9941,17.9514,1.000000,0,1
1340,3,992.3888,516.2150,141.1700,17.5341,1.000000,0,1
1340,4,-361.5350,494.3618,374.4330,54.5131,1.000000,0,1
1340,5,368.4540,517.9479,41.0340,20.7943,1.000000,0,1
1340,6,626.9915,514.4903,177.6405,22.9628,1.000000,0,1
1341,1,1122.5270,473.4149,400.9265,83.0450,1.000000,0,1
1341,2,410.7903,518.0031,42.9971,17.9488,1.000000,0,1
1341,3,993.1860,516.2015,141.2576,17.5384,1.000000,0,1
1341,4,-362.0557,494.3785,374.4297,54.5115,1.000000,0,1
1341,5,367.9663,517.9620,41.0378,20.7922,1.000000,0,1
1341,6,627.5752,514.5929,177.7029,22.9688,1.000000,0,1
1342,1,1122.8500,473.3884,401.0256,83.0522,1.000000,0,1
1342,2,410.2964,517.9948,43.0002,17.9461,1.000000,0,1
1342,3,993.9836,516.1884,141.3452,17.5427,1.000000,0,1
1342,4,-362.5743,494.3933,374.4249,54.5096,1.000000,0,1
1342,5,367.4788,517.9768,41.0415,20.7903,1.000000,0,1
1342,6,628.1609,514.6982,177.7646,22.9746,1.000000,0,1
1343,1,1123.1750,473.3600,401.1256,83.0595,1.000000,0,1
1343,2,409.8026,517.9868,43.0032,17.9435,1.000000,0,1
1343,3,994.7811,516.1752,141.4325,17.5469,1.000000,0,1
1343,4,-363.0906,494.4069,374.4193,54.5076,1.000000,0,1
1343,5,366.9914,517.9924,41.0451,20.7883,1.000000,0,1
1343,6,628.7490,514.8086,177.8257,22.9805,1.000000,0,1
1344,1,1123.5000,473.3300,401.2261,83.0668,1.000000,0,1
1344,2,409.3090,517.9792,43.0061,17.9409,1.000000,0,1
1344,3,995.5786,516.1621,141.5197,17.5513,1.000000,0,1
1344,4,-363.6040,494.4201,374.4123,54.5053,1.000000,0,1
1344,5,366.5042,518.0084,41.0489,20.7863,1.000000,0,1
1344,6,629.3391,514.9221,177.8862,22.9862,1.000000,0,1
1345,1,1123.8240,473.2984,401.3270,83.0742,1.000000,0,1
1345,2,408.8159,517.9722,43.0091,17.9383,1.000000,0,1
1345,3,996.3758,516.1491,141.6069,17.5555,1.000000,0,1
1345,4,-364.1137,494.4337,374.4038,54.5029,1.000000,0,1
1345,5,366.0177,518.0244,41.0523,20.7842,1.000000,0,1
1345,6,629.9312,515.0370,177.9460,22.9919,1.000000,0,1
1346,1,1124.1500,473.2650,401.4287,83.0816,1.000000,0,1
1346,2,408.3234,517.9659,43.0119,17.9356,1.000000,0,1
1346,3,997.1719,516.1368,141.6934,17.5596,1.000000,0,1
1346,4,-364.6204,494.4484,374.3943,54.5003,1.000000,0,1
1346,5,365.5318,518.0405,41.0560,20.7822,1.000000,0,1
1346,6,630.5251,515.1563,178.0052,22.9976,1.000000,0,1
1347,1,1124.4760,473.2301,401.5306,83.0890,1.000000,0,1
1347,2,407.8314,517.9601,43.0148,17.9330,1.000000,0,1
1347,3,997.9666,516.1251,141.7800,17.5638,1.000000,0,1
1347,4,-365.1243,494.4649,374.3838,54.4975,1.000000,0,1
1347,5,365.0466,518.0565,41.0594,20.7801,1.000000,0,1
1347,6,631.1209,515.2772,178.0637,23.0032,1.000000,0,1
1348,1,1124.8020,473.1935,401.6337,83.0966,1.000000,0,1
1348,2,407.3406,517.9547,43.0173,17.9303,1.000000,0,1
1348,3,998.7600,516.1138,141.8660,17.5679,1.000000,0,1
1348,4,-365.6248,494.4838,374.3715,54.4947,1.000000,0,1
1348,5,364.5624,518.0720,41.0627,20.7780,1.000000,0,1
1348,6,631.7190,515.3975,178.1212,23.0086,1.000000,0,1
1349,1,1125.1290,473.1549,401.7371,83.1042,1.000000,0,1
1349,2,406.8505,517.9499,43.0199,17.9277,1.000000,0,1
1349,3,999.5521,516.1013,141.9514,17.5721,1.000000,0,1
1349,4,-366.1192,494.5048,374.3572,54.4914,1.000000,0,1
1349,5,364.0791,518.0872,41.0659,20.7758,1.000000,0,1
1349,6,632.3195,515.5198,178.1780,23.0139,1.000000,0,1
1350,1,1125.4550,473.1145,401.8409,83.1118,1.000000,0,1
1350,2,406.3613,517.9456,43.0225,17.9250,1.000000,0,1
1350,3,1000.3430,516.0880,142.0367,17.5760,1.000000,0,1
1350,4,-366.6080,494.5279,374.3406,54.4879,1.000000,0,1
1350,5,363.5967,518.1018,41.0690,20.7735,1.000000,0,1
1350,6,632.9219,515.6421,178.2342,23.0191,1.000000,0,1
1351,1,1125.7820,473.0720,401.9453,83.1194,1.000000,0,1
1351,2,405.8731,517.9415,43.0249,17.9224,1.000000,0,1
1351,3,1001.1340,516.0739,142.1215,17.5801,1.000000,0,1
1351,4,-367.0918,494.5537,374.3223,54.4842,1.000000,0,1
1351,5,363.1153,518.1155,41.0722,20.7712,1.000000,0,1
1351,6,633.5264,515.7623,178.2896,23.0242,1.000000,0,1
1352,1,1126.1090,473.0275,402.0502,83.1271,1.000000,0,1
1352,2,405.3858,517.9379,43.0273,17.9197,1.000000,0,1
1352,3,1001.9240,516.0598,142.2061,17.5840,1.000000,0,1
1352,4,-367.5692,494.5826,374.3017,54.4802,1.000000,0,1
1352,5,362.6347,518.1287,41.0751,20.7688,1.000000,0,1
1352,6,634.1326,515.8840,178.3444,23.0292,1.000000,0,1
1353,1,1126.4360,472.9810,402.1550,83.1347,1.000000,0,1
1353,2,404.8994,517.9345,43.0296,17.9170,1.000000,0,1
1353,3,1002.7140,516.0461,142.2905,17.5879,1.000000,0,1
1353,4,-368.0396,494.6145,374.2782,54.4759,1.000000,0,1
1353,5,362.1551,518.1408,41.0781,20.7664,1.000000,0,1
1353,6,634.7405,516.0051,178.3986,23.0342,1.000000,0,1
1354,1,1126.7620,472.9324,402.2603,83.1423,1.000000,0,1
1354,2,404.4141,517.9309,43.0319,17.9143,1.000000,0,1
1354,3,1003.5040,516.0331,142.3745,17.5918,1.000000,0,1
1354,4,-368.5022,494.6498,374.2523,54.4711,1.000000,0,1
1354,5,361.6761,518.1517,41.0809,20.7640,1.000000,0,1
1354,6,635.3497,516.1235,178.4520,23.0389,1.000000,0,1
1355,1,1127.0890,472.8817,402.3646,83.1497,1.000000,0,1
1355,2,403.9294,517.9277,43.0341,17.9116,1.000000,0,1
1355,3,1004.2930,516.0210,142.4584,17.5957,1.000000,0,1
1355,4,-368.9584,494.6884,374.2239,54.4661,1.000000,0,1
1355,5,361.1978,518.1619,41.0837,20.7614,1.000000,0,1
1355,6,635.9604,516.2429,178.5048,23.0437,1.000000,0,1
1356,1,1127.4140,472.8291,402.4690,83.1570,1.000000,0,1
1356,2,403.4456,517.9246,43.0363,17.9089,1.000000,0,1
1356,3,1005.0820,516.0102,142.5417,17.5995,1.000000,0,1
1356,4,-369.4076,494.7302,374.1932,54.4608,1.000000,0,1
1356,5,360.7201,518.1708,41.0864,20.7588,1.000000,0,1
1356,6,636.5724,516.3616,178.5570,23.0483,1.000000,0,1
1357,1,1127.7390,472.7748,402.5725,83.1642,1.000000,0,1
1357,2,402.9627,517.9213,43.0385,17.9061,1.000000,0,1
1357,3,1005.8700,516.0015,142.6246,17.6033,1.000000,0,1
1357,4,-369.8468,494.7746,374.1587,54.4550,1.000000,0,1
1357,5,360.2430,518.1783,41.0892,20.7561,1.000000,0,1
1357,6,637.1853,516.4768,178.6087,23.0538,1.000000,0,1
1358,1,1128.0630,472.7185,402.6753,83.1711,1.000000,0,1
1358,2,402.4808,517.9185,43.0406,17.9035,1.000000,0,1
1358,3,1006.6590,515.9951,142.7073,17.6071,1.000000,0,1
1358,4,-370.2779,494.8215,374.1216,54.4488,1.000000,0,1
1358,5,359.7667,518.1844,41.0918,20.7534,1.000000,0,1
1358,6,637.7991,516.5833,178.6600,23.0688,1.000000,0,1
1359,1,1128.3870,472.6607,402.7769,83.1778,1.000000,0,1
1359,2,401.9997,517.9155,43.0429,17.9007,1.000000,0,1
1359,3,1007.4470,515.9911,142.7894,17.6108,1.000000,0,1
1359,4,-370.7010,494.8705,374.0817,54.4423,1.000000,0,1
1359,5,359.2908,518.1887,41.0945,20.7506,1.000000,0,1
1359,6,638.4136,516.6890,178.7107,23.0835,1.000000,0,1
1360,1,1128.7090,472.6018,402.8773,83.1842,1.000000,0,1
1360,2,401.5193,517.9117,43.0450,17.8980,1.000000,0,1
1360,3,1008.2340,515.9895,142.8712,17.6144,1.000000,0,1
1360,4,-371.1155,494.9218,374.0389,54.4354,1.000000,0,1
1360,5,358.8152,518.1911,41.0972,20.7478,1.000000,0,1
1360,6,639.0288,516.7923,178.7608,23.0979,1.000000,0,1
1361,1,1129.0300,472.5414,402.9763,83.1903,1.000000,0,1
1361,2,401.0397,517.9078,43.0473,17.8953,1.000000,0,1
1361,3,1009.0200,515.9918,142.9521,17.6181,1.000000,0,1
1361,4,-371.5206,494.9761,373.9928,54.4280,1.000000,0,1
1361,5,358.3400,518.1915,41.1000,20.7449,1.000000,0,1
1361,6,639.6443,516.8962,178.8107,23.1124,1.000000,0,1
1362,1,1129.3500,472.4798,403.0729,83.1960,1.000000,0,1
1362,2,400.5607,517.9034,43.0495,17.8927,1.000000,0,1
1362,3,1009.8040,515.9974,143.0326,17.6217,1.000000,0,1
1362,4,-371.9179,495.0328,373.9440,54.4203,1.000000,0,1
1362,5,357.8649,518.1899,41.1026,20.7420,1.000000,0,1
1362,6,640.2582,516.9995,178.8623,23.1267,1.000000,0,1
1363,1,1129.6690,472.4174,403.1682,83.2014,1.000000,0,1
1363,2,400.0820,517.8981,43.0519,17.8900,1.000000,0,1
1363,3,1010.5870,516.0055,143.1122,17.6252,1.000000,0,1
1363,4,-372.3072,495.0914,373.8928,54.4122,1.000000,0,1
1363,5,357.3897,518.1863,41.1054,20.7390,1.000000,0,1
1363,6,640.8698,517.1004,178.9166,23.1408,1.000000,0,1
1364,1,1129.9870,472.3539,403.2612,83.2063,1.000000,0,1
1364,2,399.6041,517.8928,43.0543,17.8873,1.000000,0,1
1364,3,1011.3680,516.0159,143.1910,17.6286,1.000000,0,1
1364,4,-372.6879,495.1523,373.8384,54.4037,1.000000,0,1
1364,5,356.9147,518.1808,41.1083,20.7360,1.000000,0,1
1364,6,641.4822,517.2017,178.9706,23.1548,1.000000,0,1
1365,1,1130.3020,472.2899,403.3519,83.2108,1.000000,0,1
1365,2,399.1265,517.8871,43.0567,17.8847,1.000000,0,1
1365,3,1012.1490,516.0277,143.2689,17.6320,1.000000,0,1
1365,4,-373.0609,495.2152,373.7817,54.3949,1.000000,0,1
1365,5,356.4395,518.1734,41.1112,20.7330,1.000000,0,1
1365,6,642.0952,517.3020,179.0245,23.1687,1.000000,0,1
1366,1,1130.6160,472.2255,403.4401,83.2149,1.000000,0,1
1366,2,398.6490,517.8806,43.0594,17.8821,1.000000,0,1
1366,3,1012.9280,516.0405,143.3461,17.6352,1.000000,0,1
1366,4,-373.4256,495.2799,373.7222,54.3856,1.000000,0,1
1366,5,355.9637,518.1641,41.1141,20.7299,1.000000,0,1
1366,6,642.7089,517.4000,179.0781,23.1824,1.000000,0,1
1367,1,1130.9280,472.1604,403.5258,83.2184,1.000000,0,1
1367,2,398.1721,517.8739,43.0621,17.8795,1.000000,0,1
1367,3,1013.7070,516.0549,143.4225,17.6384,1.000000,0,1
1367,4,-373.7827,495.3473,373.6600,54.3761,1.000000,0,1
1367,5,355.4880,518.1526,41.1172,20.7268,1.000000,0,1
1367,6,643.3231,517.4983,179.1317,23.1960,1.000000,0,1
1368,1,1131.2390,472.0950,403.6084,83.2214,1.000000,0,1
1368,2,397.6953,517.8667,43.0649,17.8769,1.000000,0,1
1368,3,1014.4840,516.0705,143.4982,17.6415,1.000000,0,1
1368,4,-374.1338,495.4165,373.5960,54.3663,1.000000,0,1
1368,5,355.0119,518.1393,41.1204,20.7237,1.000000,0,1
1368,6,643.9377,517.5956,179.1851,23.2095,1.000000,0,1
1369,1,1131.5480,472.0297,403.6885,83.2240,1.000000,0,1
1369,2,397.2182,517.8589,43.0679,17.8746,1.000000,0,1
1369,3,1015.2610,516.0868,143.5728,17.6445,1.000000,0,1
1369,4,-374.4769,495.4870,373.5293,54.3561,1.000000,0,1
1369,5,354.5348,518.1245,41.1238,20.7206,1.000000,0,1
1369,6,644.5529,517.6902,179.2383,23.2228,1.000000,0,1
1370,1,1131.8540,471.9636,403.7654,83.2259,1.000000,0,1
1370,2,396.7415,517.8513,43.0710,17.8721,1.000000,0,1
1370,3,1016.0370,516.1046,143.6468,17.6475,1.000000,0,1
1370,4,-374.8127,495.5604,373.4602,54.3456,1.000000,0,1
1370,5,354.0576,518.1079,41.1272,20.7175,1.000000,0,1
1370,6,645.1684,517.7845,179.2913,23.2359,1.000000,0,1
1371,1,1132.1590,471.8972,403.8394,83.2274,1.000000,0,1
1371,2,396.2647,517.8434,43.0743,17.8698,1.000000,0,1
1371,3,1016.8120,516.1235,143.7203,17.6503,1.000000,0,1
1371,4,-375.1413,495.6357,373.3887,54.3348,1.000000,0,1
1371,5,353.5801,518.0901,41.1307,20.7145,1.000000,0,1
1371,6,645.7842,517.8772,179.3442,23.2489,1.000000,0,1
1372,1,1132.4610,471.8313,403.9109,83.2284,1.000000,0,1
1372,2,395.7877,517.8359,43.0777,17.8675,1.000000,0,1
1372,3,1017.5870,516.1424,143.7928,17.6531,1.000000,0.0625,0.9375
1372,4,-375.4623,495.7122,373.3146,54.3236,1.000000,0,1
1372,5,353.1019,518.0715,41.1344,20.7114,1.000000,0,1
1372,6,646.4000,517.9666,179.3971,23.2614,1.000000,0,1
1373,1,1132.7620,471.7645,403.9799,83.2289,1.000000,0,1
1373,2,395.3110,517.8291,43.0813,17.8653,1.000000,0,1
1373,3,1018.3600,516.1625,143.8649,17.6558,1.000000,0,1
1373,4,-375.7767,495.7912,373.2385,54.3122,1.000000,0,1
1373,5,352.6235,518.0518,41.1382,20.7084,1.000000,0,1
1373,6,647.0161,518.0547,179.4499,23.2739,1.000000,0,1
1374,1,1133.0600,471.6975,404.0464,83.2289,1.000000,0,1
1374,2,394.8339,517.8228,43.0850,17.8632,1.000000,0,1
1374,3,1019.1330,516.1828,143.9363,17.6585,1.000000,0.0625,0.9375
1374,4,-376.0840,495.8720,373.1596,54.3004,1.000000,0,1
1374,5,352.1445,518.0314,41.1421,20.7055,1.000000,0,1
1374,6,647.6321,518.1402,179.5026,23.2861,1.000000,0,1
1375,1,1133.3580,471.6309,404.1105,83.2286,1.000000,0,1
1375,2,394.3561,517.8170,43.0890,17.8612,1.000000,0,1
1375,3,1019.9050,516.2025,144.0071,17.6610,1.000000,0,1
1375,4,-376.3847,495.9533,373.0791,54.2882,1.000000,0,1
1375,5,351.6649,518.0106,41.1461,20.7026,1.000000,0,1
1375,6,648.2483,518.2211,179.5548,23.2977,1.000000,0,1
1376,1,1133.6520,471.5637,404.1719,83.2277,1.000000,0,1
1376,2,393.8783,517.8123,43.0929,17.8592,1.000000,0,1
1376,3,1020.6750,516.2227,144.0773,17.6636,1.000000,0,1
1376,4,-376.6801,496.0370,372.9963,54.2759,1.000000,0,1
1376,5,351.1853,517.9889,41.1502,20.6996,1.000000,0,1
1376,6,648.8647,518.2991,179.6070,23.3090,1.000000,0,1
1377,1,1133.9450,471.4959,404.2314,83.2266,1.000000,0,1
1377,2,393.4006,517.8085,43.0969,17.8573,1.000000,0,1
1377,3,1021.4450,516.2428,144.1471,17.6660,1.000000,0,1
1377,4,-376.9705,496.1217,372.9123,54.2634,1.000000,0,1
1377,5,350.7054,517.9672,41.1544,20.6967,1.000000,0,1
1377,6,649.4811,518.3732,179.6590,23.3199,1.000000,0,1
1378,1,1134.2370,471.4280,404.2898,83.2252,1.000000,0,1
1378,2,392.9228,517.8057,43.1011,17.8556,1.000000,0,1
1378,3,1022.2150,516.2615,144.2163,17.6684,1.000000,0,1
1378,4,-377.2546,496.2061,372.8260,54.2505,1.000000,0,1
1378,5,350.2252,517.9458,41.1587,20.6939,1.000000,0,1
1378,6,650.0978,518.4423,179.7109,23.3302,1.000000,0,1
1379,1,1134.5260,471.3596,404.3466,83.2235,1.000000,0,1
1379,2,392.4452,517.8040,43.1053,17.8538,1.000000,0,1
1379,3,1022.9850,516.2795,144.2853,17.6708,1.000000,0,1
1379,4,-377.5325,496.2921,372.7377,54.2373,1.000000,0,1
1379,5,349.7449,517.9236,41.1630,20.6910,1.000000,0,1
1379,6,650.7144,518.5080,179.7626,23.3400,1.000000,0,1
1380,1,1135.6830,471.0949,404.5698,83.2166,1.000000,0,1
1380,2,390.5254,517.8052,43.1232,17.8475,1.000000,0,1
1380,3,1026.0710,516.3352,144.5580,17.6796,1.000000,0.0625,0.9375
1380,4,-378.6021,496.6154,372.3688,54.1818,1.000000,0,1
1380,5,347.8153,517.8441,41.1809,20.6802,1.000000,0,1
1380,6,653.1836,518.7201,179.9688,23.3741,1.000000,0,1
