1,1,412.7913,374.3634,649.5848,145.6720,1.000000,8,1
1,2,26.5599,408.3240,351.1511,75.0796,1.000000,8,1
2,1,412.7913,374.3634,649.5848,145.6720,1.000000,8,1
2,2,26.5599,408.3240,351.1511,75.0796,1.000000,8,1
3,1,412.7913,374.3634,649.5848,145.6720,1.000000,8,1
3,2,26.5599,408.3240,351.1511,75.0796,1.000000,8,1
4,1,412.6143,374.2357,649.4380,145.6494,1.000000,8,1
4,2,26.6654,408.2409,351.1759,75.0819,1.000000,8,1
5,1,412.3151,374.0221,649.1691,145.6067,1.000000,8,1
5,2,26.8625,408.0690,351.2271,75.0873,1.000000,8,1
6,1,411.9348,373.7595,648.8141,145.5497,1.000000,8,1
6,2,27.1297,407.8373,351.3003,75.0954,1.000000,8,1
7,1,411.4933,373.4720,648.4078,145.4853,1.000000,8,1
7,2,27.4588,407.5669,351.3921,75.1059,1.000000,8,1
8,1,411.0144,373.1713,647.9766,145.4179,1.000000,8,1
8,2,27.8273,407.2738,351.4973,75.1186,1.000000,8,1
9,1,410.5120,372.8709,647.5274,145.3484,1.000000,8,1
9,2,28.2257,406.9737,351.6145,75.1333,1.000000,8,1
10,1,409.9941,372.5810,647.0658,145.2775,1.000000,8,1
10,2,28.6490,406.6801,351.7430,75.1502,1.000000,8,1
11,1,409.4678,372.3043,646.5986,145.2064,1.000000,8,1
11,2,29.0904,406.3991,351.8796,75.1689,1.000000,8,1
12,1,408.9360,372.0425,646.1292,145.1357,1.000000,8,1
12,2,29.5460,406.1350,352.0232,75.1891,1.000000,8,1
13,1,408.4015,371.7978,645.6578,145.0652,1.000000,8,1
13,2,30.0142,405.8929,352.1730,75.2108,1.000000,8,1
14,1,407.8665,371.5678,645.1856,144.9950,1.000000,8,1
14,2,30.4912,405.6703,352.3275,75.2338,1.000000,8,1
15,1,407.3314,371.3522,644.7139,144.9252,1.000000,8,1
15,2,30.9757,405.4673,352.4860,75.2578,1.000000,8,1
16,1,406.7967,371.1516,644.2423,144.8559,1.000000,8,1
16,2,31.4674,405.2852,352.6480,75.2828,1.000000,8,1
17,1,406.2630,370.9626,643.7712,144.7869,1.000000,8,1
17,2,31.9640,405.1190,352.8127,75.3086,1.000000,8,1
18,1,405.7301,370.7851,643.3008,144.7183,1.000000,8,1
18,2,32.4651,404.9673,352.9794,75.3350,1.000000,8,1
19,1,405.1982,370.6201,642.8306,144.6501,1.000000,8,1
19,2,32.9704,404.8299,353.1481,75.3620,1.000000,8,1
20,1,404.6672,370.4643,642.3610,144.5820,1.000000,8,1
20,2,33.4792,404.7024,353.3184,75.3894,1.000000,8,1
21,1,404.1371,370.3175,641.8912,144.5142,1.000000,8,1
21,2,33.9908,404.5831,353.4899,75.4171,1.000000,8,1
22,1,403.6077,370.1807,641.4214,144.4464,1.000000,8,1
22,2,34.5048,404.4718,353.6625,75.4452,1.000000,8,1
23,1,403.0787,370.0513,640.9509,144.3788,1.000000,8,1
23,2,35.0205,404.3654,353.8361,75.4736,1.000000,8,1
24,1,402.5498,369.9292,640.4813,144.3115,1.000000,8,1
24,2,35.5378,404.2624,354.0107,75.5022,1.000000,8,1
25,1,402.0209,369.8153,640.0114,144.2443,1.000000,8,1
25,2,36.0561,404.1620,354.1861,75.5310,1.000000,8,1
26,1,401.4916,369.7072,639.5406,144.1771,1.000000,8,1
26,2,36.5759,404.0623,354.3624,75.5599,1.000000,8,1
27,1,400.9621,369.6053,639.0696,144.1100,1.000000,8,1
27,2,37.0964,403.9631,354.5394,75.5890,1.000000,8,1
28,1,400.4328,369.5107,638.5981,144.0429,1.000000,8,1
28,2,37.6170,403.8646,354.7172,75.6184,1.000000,8,1
29,1,399.9028,369.4213,638.1259,143.9758,1.000000,8,1
29,2,38.1385,403.7649,354.8955,75.6478,1.000000,8,1
30,1,399.3727,369.3373,637.6525,143.9087,1.000000,8,1
30,2,38.6604,403.6645,355.0743,75.6772,1.000000,8,1
31,1,398.8423,369.2596,637.1799,143.8418,1.000000,8,1
31,2,39.1810,403.5641,355.2542,75.7070,1.000000,8,1
32,1,398.3111,369.1867,636.7068,143.7750,1.000000,8,1
32,2,39.7014,403.4630,355.4345,75.7368,1.000000,8,1
33,1,397.7797,369.1186,636.2332,143.7084,1.000000,8,1
33,2,40.2213,403.3616,355.6154,75.7668,1.000000,8,1
34,1,397.2478,369.0562,635.7615,143.6421,1.000000,8,1
34,2,40.7398,403.2606,355.7971,75.7970,1.000000,8,1
35,1,396.7165,368.9982,635.2887,143.5758,1.000000,8,1
35,2,41.2582,403.1593,355.9789,75.8273,1.000000,8,1
36,1,396.1852,368.9445,634.8177,143.5098,1.000000,8,1
36,2,41.7751,403.0586,356.1614,75.8577,1.000000,8,1
37,1,395.6548,368.8957,634.3477,143.4443,1.000000,8,1
37,2,42.2895,402.9593,356.3450,75.8884,1.000000,8,1
38,1,395.1248,368.8510,633.8804,143.3793,1.000000,8,1
38,2,42.8032,402.8610,356.5292,75.9193,1.000000,8,1
39,1,394.5958,368.8108,633.4150,143.3148,1.000000,8,1
39,2,43.3154,402.7647,356.7142,75.9505,1.000000,8,1
40,1,394.0669,368.7754,632.9531,143.2511,1.000000,8,1
40,2,43.8247,402.6715,356.9007,75.9821,1.000000,8,1
41,1,393.5381,368.7430,632.4933,143.1880,1.000000,8,1
41,2,44.3328,402.5810,357.0880,76.0140,1.000000,8,1
42,1,393.0093,368.7141,632.0356,143.1255,1.000000,8,1
42,2,44.8378,402.4942,357.2766,76.0463,1.000000,8,1
43,1,392.4802,368.6892,631.5809,143.0637,1.000000,8,1
43,2,45.3390,402.4125,357.4670,76.0792,1.000000,8,1
44,1,391.9511,368.6674,631.1286,143.0024,1.000000,8,1
44,2,45.8384,402.3358,357.6580,76.1123,1.000000,8,1
45,1,391.4218,368.6483,630.6789,142.9419,1.000000,8,1
45,2,46.3350,402.2638,357.8503,76.1458,1.000000,8,1
46,1,390.8924,368.6325,630.2324,142.8821,1.000000,8,1
46,2,46.8282,402.1967,358.0440,76.1798,1.000000,8,1
47,1,390.3641,368.6204,629.7875,142.8227,1.000000,8,1
47,2,47.3193,402.1346,358.2385,76.2142,1.000000,8,1
48,1,389.8367,368.6114,629.3455,142.7640,1.000000,8,1
48,2,47.8077,402.0773,358.4343,76.2489,1.000000,8,1
49,1,389.3105,368.6060,628.9048,142.7056,1.000000,8,1
49,2,48.2931,402.0256,358.6314,76.2842,1.000000,8,1
50,1,388.7856,368.6044,628.4679,142.6478,1.000000,8,1
50,2,48.7766,401.9791,358.8293,76.3197,1.000000,8,1
51,1,388.2626,368.6060,628.0327,142.5905,1.000000,8,1
51,2,49.2576,401.9375,359.0284,76.3556,1.000000,8,1
52,1,387.7417,368.6109,627.5990,142.5333,1.000000,8,1
52,2,49.7353,401.9007,359.2290,76.3920,1.000000,8,1
53,1,387.2235,368.6190,627.1668,142.4765,1.000000,8,1
53,2,50.2116,401.8687,359.4301,76.4287,1.000000,8,1
54,1,386.7070,368.6298,626.7378,142.4201,1.000000,8,1
54,2,50.6858,401.8410,359.6321,76.4657,1.000000,8,1
55,1,386.1926,368.6435,626.3108,142.3642,1.000000,8,1
55,2,51.1575,401.8178,359.8355,76.5030,1.000000,8,1
56,1,385.6812,368.6600,625.8853,142.3083,1.000000,8,1
56,2,51.6280,401.7990,360.0392,76.5406,1.000000,8,1
57,1,385.1721,368.6788,625.4615,142.2527,1.000000,8,1
57,2,52.0971,401.7839,360.2436,76.5784,1.000000,8,1
58,1,384.6654,368.7000,625.0387,142.1973,1.000000,8,1
58,2,52.5650,401.7725,360.4484,76.6164,1.000000,8,1
59,1,384.1612,368.7231,624.6181,142.1421,1.000000,8,1
59,2,53.0319,401.7651,360.6537,76.6546,1.000000,8,1
60,1,383.6588,368.7479,624.1992,142.0872,1.000000,8,1
60,2,53.4975,401.7614,360.8595,76.6929,1.000000,8,1
61,1,383.1581,368.7738,623.7819,142.0325,1.000000,8,1
61,2,53.9619,401.7612,361.0659,76.7315,1.000000,8,1
62,1,382.6593,368.8009,623.3665,141.9781,1.000000,8,1
62,2,54.4260,401.7646,361.2723,76.7702,1.000000,8,1
63,1,382.1619,368.8285,622.9524,141.9238,1.000000,8,1
63,2,54.8890,401.7717,361.4791,76.8090,1.000000,8,1
64,1,381.6659,368.8565,622.5389,141.8696,1.000000,8,1
64,2,55.3514,401.7816,361.6865,76.8480,1.000000,8,1
65,1,381.1709,368.8848,622.1268,141.8157,1.000000,8,1
65,2,55.8136,401.7957,361.8937,76.8871,1.000000,8,1
66,1,380.6760,368.9133,621.7171,141.7621,1.000000,8,1
66,2,56.2757,401.8135,362.1014,76.9262,1.000000,8,1
67,1,380.1822,368.9419,621.3070,141.7084,1.000000,8,1
67,2,56.7381,401.8344,362.3090,76.9655,1.000000,8,0.96875
68,1,379.6879,368.9699,620.8994,141.6553,1.000000,8,1
68,2,57.2016,401.8585,362.5162,77.0046,1.000000,8,1
69,1,379.1935,368.9975,620.4931,141.6024,1.000000,8,1
69,2,57.6656,401.8853,362.7235,77.0438,1.000000,8,1
70,1,378.6991,369.0242,620.0873,141.5496,1.000000,8,1
70,2,58.1300,401.9150,362.9313,77.0832,1.000000,8,1
71,1,378.2039,369.0496,619.6827,141.4970,1.000000,8,1
71,2,58.5963,401.9482,363.1383,77.1223,1.000000,8,1
72,1,377.7085,369.0739,619.2784,141.4445,1.000000,8,1
72,2,59.0644,401.9839,363.3452,77.1615,1.000000,8,1
73,1,377.2123,369.0970,618.8753,141.3922,1.000000,8,1
73,2,59.5340,402.0223,363.5520,77.2006,1.000000,8,1
74,1,376.7155,369.1181,618.4725,141.3402,1.000000,8,1
74,2,60.0067,402.0642,363.7579,77.2394,1.000000,8,0.96875
75,1,376.2179,369.1371,618.0714,141.2882,1.000000,8,1
75,2,60.4820,402.1090,363.9630,77.2781,1.000000,8,1
76,1,375.7203,369.1541,617.6702,141.2363,1.000000,8,1
76,2,60.9601,402.1562,364.1677,77.3166,1.000000,8,0.96875
77,1,375.2224,369.1695,617.2710,141.1847,1.000000,8,1
77,2,61.4411,402.2062,364.3716,77.3550,1.000000,8,0.96875
78,1,374.7245,369.1829,616.8734,141.1334,1.000000,8,1
78,2,61.9250,402.2583,364.5746,77.3931,1.000000,8,0.96875
79,1,374.2274,369.1942,616.4767,141.0822,1.000000,8,1
79,2,62.4126,402.3119,364.7768,77.4309,1.000000,8,0.96875
80,1,373.7307,369.2028,616.0822,141.0313,1.000000,8,1
80,2,62.9038,402.3676,364.9779,77.4684,1.000000,8,1
81,1,373.2346,369.2091,615.6887,140.9805,1.000000,8,1
81,2,63.3984,402.4242,365.1781,77.5056,1.000000,8,0.96875
82,1,372.7387,369.2129,615.2963,140.9299,1.000000,8,1
82,2,63.8976,402.4808,365.3769,77.5425,1.000000,8,1
83,1,372.2425,369.2137,614.9053,140.8795,1.000000,8,1
83,2,64.4004,402.5387,365.5750,77.5790,1.000000,8,0.96875
84,1,371.7459,369.2120,614.5156,140.8294,1.000000,8,1
84,2,64.9070,402.5972,365.7718,77.6152,1.000000,8,0.9375
85,1,371.2493,369.2070,614.1271,140.7793,1.000000,8,1
85,2,65.4171,402.6559,365.9677,77.6511,1.000000,8,1
86,1,370.7526,369.1995,613.7401,140.7296,1.000000,8,1
86,2,65.9306,402.7155,366.1626,77.6867,1.000000,8,1
87,1,370.2557,369.1899,613.3550,140.6801,1.000000,8,1
87,2,66.4477,402.7758,366.3566,77.7220,1.000000,8,0.96875
88,1,369.7587,369.1779,612.9709,140.6308,1.000000,8,1
88,2,66.9677,402.8368,366.5498,77.7571,1.000000,8,1
89,1,369.2615,369.1635,612.5886,140.5820,1.000000,8,1
89,2,67.4900,402.8990,366.7424,77.7919,1.000000,8,0.9375
90,1,368.7638,369.1480,612.2090,140.5336,1.000000,8,1
90,2,68.0143,402.9622,366.9345,77.8267,1.000000,8,1
91,1,368.2664,369.1321,611.8301,140.4854,1.000000,8,1
91,2,68.5406,403.0260,367.1263,77.8613,1.000000,8,1
92,1,367.7695,369.1151,611.4530,140.4375,1.000000,8,1
92,2,69.0688,403.0911,367.3177,77.8958,1.000000,8,1
93,1,367.2729,369.0984,611.0772,140.3898,1.000000,8,1
93,2,69.5988,403.1573,367.5090,77.9302,1.000000,8,0.96875
94,1,366.7758,369.0832,610.7031,140.3426,1.000000,8,1
94,2,70.1305,403.2247,367.7001,77.9645,1.000000,8,0.96875
95,1,366.2791,369.0681,610.3301,140.2956,1.000000,8,1
95,2,70.6636,403.2946,367.8913,77.9989,1.000000,8,0.96875
96,1,365.7825,369.0547,609.9587,140.2489,1.000000,8,1
96,2,71.1982,403.3667,368.0823,78.0333,1.000000,8,1
97,1,365.2866,369.0443,609.5870,140.2023,1.000000,8,1
97,2,71.7347,403.4403,368.2733,78.0676,1.000000,8,0.90625
98,1,364.7904,369.0364,609.2163,140.1560,1.000000,8,1
98,2,72.2725,403.5173,368.4641,78.1019,1.000000,8,1
99,1,364.2945,369.0320,608.8464,140.1098,1.000000,8,1
99,2,72.8121,403.5970,368.6550,78.1362,1.000000,8,0.96875
100,1,363.7989,369.0322,608.4764,140.0637,1.000000,8,1
100,2,73.3541,403.6789,368.8456,78.1704,1.000000,8,0.90625
101,1,363.3036,369.0367,608.1064,140.0176,1.000000,8,1
101,2,73.8981,403.7644,369.0361,78.2046,1.000000,8,0.84375
102,1,362.8083,369.0464,607.7363,139.9717,1.000000,8,1
102,2,74.4444,403.8526,369.2263,78.2387,1.000000,8,0.90625
103,1,362.3126,369.0621,607.3665,139.9260,1.000000,8,1
103,2,74.9930,403.9424,369.4161,78.2727,1.000000,8,1
104,1,361.8167,369.0826,606.9963,139.8804,1.000000,8,1
104,2,75.5436,404.0352,369.6060,78.3067,1.000000,8,0.9375
105,1,361.3203,369.1078,606.6261,139.8349,1.000000,8,1
105,2,76.0962,404.1303,369.7956,78.3406,1.000000,8,1
106,1,360.8228,369.1383,606.2570,139.7898,1.000000,8,1
106,2,76.6515,404.2267,369.9846,78.3744,1.000000,8,0.9375
107,1,360.3242,369.1741,605.8888,139.7452,1.000000,8,1
107,2,77.2086,404.3251,370.1736,78.4081,1.000000,8,0.96875
108,1,359.8250,369.2144,605.5208,139.7008,1.000000,8,1
108,2,77.7675,404.4243,370.3625,78.4417,1.000000,8,0.9375
109,1,359.3243,369.2594,605.1547,139.6570,1.000000,8,1
109,2,78.3282,404.5230,370.5512,78.4753,1.000000,8,0.9375
110,1,358.8222,369.3084,604.7900,139.6138,1.000000,8,1
110,2,78.8900,404.6220,370.7401,78.5089,1.000000,8,0.90625
111,1,358.3188,369.3613,604.4283,139.5714,1.000000,8,1
111,2,79.4525,404.7203,370.9293,78.5425,1.000000,8,0.90625
112,1,357.8141,369.4182,604.0700,139.5299,1.000000,8,1
112,2,80.0159,404.8170,371.1184,78.5761,1.000000,8,1
113,1,357.3093,369.4785,603.7148,139.4894,1.000000,8,1
113,2,80.5794,404.9131,371.3079,78.6097,1.000000,8,0.9375
114,1,356.8031,369.5414,603.3638,139.4499,1.000000,8,1
114,2,81.1429,405.0079,371.4978,78.6434,1.000000,8,0.875
115,1,356.2955,369.6067,603.0164,139.4114,1.000000,8,1
115,2,81.7057,405.1007,371.6880,78.6772,1.000000,8,1
116,1,355.7864,369.6736,602.6725,139.3738,1.000000,8,1
116,2,82.2665,405.1919,371.8795,78.7112,1.000000,8,0.90625
117,1,355.2758,369.7416,602.3320,139.3372,1.000000,8,1
117,2,82.8261,405.2813,372.0716,78.7454,1.000000,8,0.8125
118,1,354.7635,369.8107,601.9951,139.3015,1.000000,8,1
118,2,83.3852,405.3687,372.2639,78.7796,1.000000,8,0.875
119,1,354.2490,369.8813,601.6624,139.2670,1.000000,8,1
119,2,83.9417,405.4546,372.4572,78.8141,1.000000,8,0.84375
120,1,353.7333,369.9530,601.3320,139.2332,1.000000,8,1
120,2,84.4966,405.5396,372.6510,78.8488,1.000000,8,0.84375
121,1,353.2157,370.0251,601.0050,139.2003,1.000000,8,1
121,2,85.0496,405.6233,372.8454,78.8836,1.000000,8,0.875
122,1,352.6965,370.0988,600.6808,139.1681,1.000000,8,1
122,2,85.5998,405.7055,373.0411,78.9187,1.000000,8,0.96875
123,1,352.1762,370.1739,600.3589,139.1366,1.000000,8,1
123,2,86.1482,405.7870,373.2373,78.9539,1.000000,8,0.84375
124,1,351.6551,370.2505,600.0383,139.1056,1.000000,8,1
124,2,86.6957,405.8683,373.4337,78.9893,1.000000,8,0.9375
125,1,351.1335,370.3295,599.7188,139.0748,1.000000,8,1
125,2,87.2422,405.9510,373.6306,79.0247,1.000000,8,0.90625
126,1,350.6118,370.4106,599.3997,139.0441,1.000000,8,1
126,2,87.7887,406.0349,373.8272,79.0602,1.000000,8,0.90625
127,1,350.0898,370.4932,599.0798,139.0134,1.000000,8,1
127,2,88.3358,406.1202,374.0236,79.0956,1.000000,8,0.90625
128,1,349.5685,370.5790,598.7592,138.9825,1.000000,8,1
128,2,88.8835,406.2076,374.2198,79.1309,1.000000,8,0.84375
129,1,349.0476,370.6678,598.4377,138.9513,1.000000,8,1
129,2,89.4330,406.2974,374.4152,79.1660,1.000000,8,1
130,1,348.5279,370.7590,598.1138,138.9197,1.000000,8,1
130,2,89.9854,406.3902,374.6094,79.2009,1.000000,8,0.84375
131,1,348.0096,370.8533,597.7870,138.8873,1.000000,8,1
131,2,90.5407,406.4859,374.8026,79.2355,1.000000,8,0.9375
132,1,347.4923,370.9500,597.4585,138.8543,1.000000,8,1
132,2,91.0998,406.5836,374.9945,79.2696,1.000000,8,0.875
133,1,346.9763,371.0486,597.1268,138.8208,1.000000,8,1
133,2,91.6635,406.6824,375.1845,79.3033,1.000000,8,0.9375
134,1,346.4622,371.1495,596.7915,138.7861,1.000000,8,1
134,2,92.2313,406.7823,375.3732,79.3366,1.000000,8,0.96875
135,1,345.9497,371.2516,596.4526,138.7505,1.000000,8,1
135,2,92.8033,406.8820,375.5603,79.3695,1.000000,8,0.8125
136,1,345.4386,371.3546,596.1102,138.7141,1.000000,8,1
136,2,93.3801,406.9801,375.7456,79.4017,1.000000,8,0.8125
137,1,344.9293,371.4587,595.7625,138.6762,1.000000,8,1
137,2,93.9621,407.0767,375.9290,79.4333,1.000000,8,0.875
138,1,344.4211,371.5623,595.4116,138.6375,1.000000,8,1
138,2,94.5490,407.1700,376.1104,79.4644,1.000000,8,0.96875
139,1,343.9136,371.6644,595.0583,138.5981,1.000000,8,1
139,2,95.1407,407.2583,376.2900,79.4948,1.000000,8,0.875
140,1,343.4079,371.7649,594.7007,138.5575,1.000000,8,1
140,2,95.7369,407.3420,376.4681,79.5246,1.000000,8,0.8125
141,1,342.9035,371.8629,594.3409,138.5161,1.000000,8,1
141,2,96.3372,407.4203,376.6447,79.5540,1.000000,8,0.8125
142,1,342.4006,371.9577,593.9788,138.4740,1.000000,8,1
142,2,96.9414,407.4916,376.8198,79.5827,1.000000,8,0.875
143,1,341.8986,372.0489,593.6138,138.4310,1.000000,8,1
143,2,97.5492,407.5566,376.9935,79.6110,1.000000,8,0.78125
144,1,341.3979,372.1366,593.2462,138.3872,1.000000,8,1
144,2,98.1602,407.6152,377.1659,79.6387,1.000000,8,0.9375
145,1,340.8985,372.2201,592.8760,138.3426,1.000000,8,1
145,2,98.7743,407.6667,377.3371,79.6660,1.000000,8,0.78125
146,1,340.3994,372.2985,592.5038,138.2973,1.000000,8,1
146,2,99.3907,407.7110,377.5074,79.6930,1.000000,8,0.84375
147,1,339.9010,372.3722,592.1293,138.2511,1.000000,8,1
147,2,100.0097,407.7489,377.6767,79.7194,1.000000,8,0.8125
148,1,339.4037,372.4404,591.7521,138.2041,1.000000,8,1
148,2,100.6323,407.7805,377.8445,79.7454,1.000000,8,0.90625
149,1,338.9063,372.5029,591.3726,138.1565,1.000000,8,1
149,2,101.2574,407.8054,378.0116,79.7710,1.000000,8,0.90625
150,1,338.4092,372.5600,590.9910,138.1080,1.000000,8,1
150,2,101.8855,407.8242,378.1779,79.7963,1.000000,8,0.84375
151,1,337.9126,372.6115,590.6070,138.0589,1.000000,8,1
151,2,102.5178,407.8369,378.3428,79.8210,1.000000,8,0.8125
152,1,337.4150,372.6568,590.2210,138.0091,1.000000,8,1
152,2,103.1530,407.8448,378.5074,79.8455,1.000000,8,0.75
153,1,336.9175,372.6966,589.8331,137.9587,1.000000,8,1
153,2,103.7911,407.8488,378.6711,79.8697,1.000000,8,0.8125
154,1,336.4211,372.7314,589.4422,137.9074,1.000000,8,1
154,2,104.4326,407.8481,378.8335,79.8934,1.000000,8,0.84375
155,1,335.9237,372.7602,589.0497,137.8556,1.000000,8,1
155,2,105.0768,407.8438,378.9956,79.9169,1.000000,8,0.78125
156,1,335.4259,372.7838,588.6563,137.8033,1.000000,8,1
156,2,105.7235,407.8353,379.1571,79.9401,1.000000,8,0.78125
157,1,334.9292,372.8026,588.2598,137.7501,1.000000,8,1
157,2,106.3715,407.8218,379.3185,79.9633,1.000000,8,0.90625
158,1,334.4315,372.8155,587.8613,137.6964,1.000000,8,1
158,2,107.0209,407.8042,379.4801,79.9863,1.000000,8,0.6875
159,1,333.9336,372.8235,587.4617,137.6422,1.000000,8,1
159,2,107.6718,407.7820,379.6415,80.0092,1.000000,8,0.875
160,1,333.4365,372.8272,587.0596,137.5871,1.000000,8,1
160,2,108.3234,407.7539,379.8033,80.0320,1.000000,8,0.84375
161,1,332.9386,372.8259,586.6556,137.5317,1.000000,8,1
161,2,108.9752,407.7210,379.9658,80.0550,1.000000,8,0.6875
162,1,332.4407,372.8204,586.2505,137.4757,1.000000,8,1
162,2,109.6268,407.6831,380.1291,80.0780,1.000000,8,0.8125
163,1,331.9437,372.8105,585.8439,137.4192,1.000000,8,1
163,2,110.2782,407.6399,380.2930,80.1011,1.000000,8,0.71875
164,1,331.4463,372.7964,585.4368,137.3625,1.000000,8,1
164,2,110.9282,407.5910,380.4583,80.1245,1.000000,8,0.71875
165,1,330.9498,372.7786,585.0289,137.3053,1.000000,8,1
165,2,111.5763,407.5366,380.6249,80.1481,1.000000,8,0.6875
166,1,330.4548,372.7571,584.6207,137.2478,1.000000,8,1
166,2,112.2223,407.4763,380.7928,80.1720,1.000000,8,0.78125
167,1,329.9597,372.7320,584.2132,137.1904,1.000000,8,1
167,2,112.8659,407.4099,380.9623,80.1961,1.000000,8,0.8125
168,1,329.4655,372.7039,583.8057,137.1328,1.000000,8,1
168,2,113.5075,407.3381,381.1332,80.2206,1.000000,8,0.84375
169,1,328.9734,372.6731,583.3972,137.0748,1.000000,8,1
169,2,114.1458,407.2614,381.3056,80.2454,1.000000,8,0.78125
170,1,328.4819,372.6396,582.9900,137.0168,1.000000,8,1
170,2,114.7797,407.1797,381.4808,80.2709,1.000000,8,0.8125
171,1,327.9919,372.6039,582.5825,136.9586,1.000000,8,1
171,2,115.4097,407.0939,381.6581,80.2969,1.000000,8,0.84375
172,1,327.5034,372.5661,582.1761,136.9004,1.000000,8,1
172,2,116.0349,407.0040,381.8379,80.3235,1.000000,8,0.65625
173,1,327.0160,372.5265,581.7701,136.8421,1.000000,8,1
173,2,116.6558,406.9085,382.0203,80.3507,1.000000,8,0.78125
174,1,326.5299,372.4860,581.3650,136.7839,1.000000,8,1
174,2,117.2723,406.8090,382.2050,80.3785,1.000000,8,0.84375
175,1,326.0457,372.4453,580.9608,136.7257,1.000000,8,1
175,2,117.8838,406.7072,382.3923,80.4070,1.000000,8,0.78125
176,1,325.5626,372.4043,580.5577,136.6676,1.000000,8,1
176,2,118.4896,406.6006,382.5827,80.4363,1.000000,8,0.65625
177,1,325.0811,372.3638,580.1553,136.6096,1.000000,8,1
177,2,119.0897,406.4906,382.7762,80.4663,1.000000,8,0.65625
178,1,324.6015,372.3245,579.7540,136.5518,1.000000,8,1
178,2,119.6841,406.3786,382.9728,80.4972,1.000000,8,0.6875
179,1,324.1234,372.2866,579.3538,136.4940,1.000000,8,1
179,2,120.2733,406.2630,383.1721,80.5287,1.000000,8,0.84375
180,1,323.6469,372.2509,578.9543,136.4363,1.000000,8,1
180,2,120.8571,406.1445,383.3742,80.5610,1.000000,8,0.75
181,1,323.1714,372.2184,578.5568,136.3790,1.000000,8,1
181,2,121.4347,406.0237,383.5797,80.5942,1.000000,8,0.6875
182,1,322.6976,372.1885,578.1593,136.3217,1.000000,8,1
182,2,122.0066,405.8995,383.7882,80.6281,1.000000,8,0.75
183,1,322.2249,372.1615,577.7634,136.2647,1.000000,8,1
183,2,122.5724,405.7730,384.0003,80.6630,1.000000,8,0.75
184,1,321.7540,372.1392,577.3674,136.2077,1.000000,8,1
184,2,123.1310,405.6447,384.2159,80.6988,1.000000,8,0.6875
185,1,321.2842,372.1213,576.9725,136.1508,1.000000,8,1
185,2,123.6835,405.5134,384.4346,80.7355,1.000000,8,0.78125
186,1,320.8156,372.1073,576.5775,136.0941,1.000000,8,1
186,2,124.2291,405.3798,384.6569,80.7730,1.000000,8,0.78125
187,1,320.3485,372.0974,576.1823,136.0371,1.000000,8,1
187,2,124.7670,405.2447,384.8833,80.8117,1.000000,8,0.84375
188,1,319.8826,372.0929,575.7869,135.9802,1.000000,8,1
188,2,125.2994,405.1071,385.1123,80.8512,1.000000,8,0.6875
189,1,319.4177,372.0929,575.3907,135.9231,1.000000,8,1
189,2,125.8252,404.9680,385.3448,80.8915,1.000000,8,0.75
190,1,318.9538,372.0967,574.9943,135.8659,1.000000,8,1
190,2,126.3435,404.8285,385.5813,80.9329,1.000000,8,0.75
191,1,318.4906,372.1057,574.5975,135.8087,1.000000,8,1
191,2,126.8571,404.6876,385.8204,80.9750,1.000000,8,0.65625
192,1,318.0278,372.1181,574.2004,135.7514,1.000000,8,1
192,2,127.3657,404.5463,386.0624,81.0179,1.000000,8,0.65625
193,1,317.5660,372.1333,573.8018,135.6938,1.000000,8,1
193,2,127.8686,404.4052,386.3074,81.0616,1.000000,8,0.71875
194,1,317.1041,372.1530,573.4008,135.6357,1.000000,8,1
194,2,128.3663,404.2635,386.5554,81.1061,1.000000,8,0.625
195,1,316.6418,372.1749,572.9988,135.5774,1.000000,8,1
195,2,128.8595,404.1219,386.8059,81.1513,1.000000,8,0.75
196,1,316.1794,372.1981,572.5962,135.5190,1.000000,8,1
196,2,129.3481,403.9814,387.0591,81.1972,1.000000,8,0.6875
197,1,315.7173,372.2235,572.1934,135.4605,1.000000,8,1
197,2,129.8338,403.8407,387.3143,81.2437,1.000000,8,0.75
198,1,315.2557,372.2498,571.7905,135.4020,1.000000,8,1
198,2,130.3158,403.7007,387.5717,81.2908,1.000000,8,0.8125
199,1,314.7946,372.2755,571.3882,135.3436,1.000000,8,1
199,2,130.7939,403.5625,387.8313,81.3385,1.000000,8,0.5625
200,1,314.3351,372.3021,570.9876,135.2853,1.000000,8,1
200,2,131.2706,403.4246,388.0918,81.3865,1.000000,8,0.78125
201,1,313.8764,372.3276,570.5885,135.2274,1.000000,8,1
201,2,131.7453,403.2873,388.3533,81.4347,1.000000,8,0.71875
202,1,313.4184,372.3507,570.1912,135.1697,1.000000,8,1
202,2,132.2172,403.1502,388.6166,81.4834,1.000000,8,0.53125
203,1,312.9626,372.3724,569.7956,135.1121,1.000000,8,1
203,2,132.6891,403.0121,388.8801,81.5321,1.000000,8,0.625
204,1,312.5076,372.3912,569.4025,135.0550,1.000000,8,1
204,2,133.1605,402.8740,389.1443,81.5810,1.000000,8,0.75
205,1,312.0528,372.4061,569.0116,134.9982,1.000000,8,1
205,2,133.6302,402.7367,389.4099,81.6303,1.000000,8,0.6875
206,1,311.5993,372.4178,568.6235,134.9419,1.000000,8,1
206,2,134.0997,402.5983,389.6759,81.6796,1.000000,8,0.6875
207,1,311.1465,372.4260,568.2375,134.8860,1.000000,8,1
207,2,134.5689,402.4599,389.9424,81.7291,1.000000,8,0.6875
208,1,310.6939,372.4295,567.8542,134.8305,1.000000,8,1
208,2,135.0381,402.3230,390.2094,81.7787,1.000000,8,0.65625
209,1,310.2429,372.4283,567.4725,134.7750,1.000000,8,1
209,2,135.5076,402.1857,390.4767,81.8283,1.000000,8,0.78125
210,1,309.7919,372.4221,567.0938,134.7201,1.000000,8,1
210,2,135.9774,402.0493,390.7443,81.8780,1.000000,8,0.59375
211,1,309.3404,372.4107,566.7177,134.6658,1.000000,8,1
211,2,136.4460,401.9153,391.0130,81.9281,1.000000,8,0.59375
212,1,308.8903,372.3943,566.3436,134.6116,1.000000,8,1
212,2,136.9156,401.7830,391.2817,81.9781,1.000000,8,0.75
213,1,308.4400,372.3729,565.9719,134.5578,1.000000,8,1
213,2,137.3856,401.6530,391.5507,82.0282,1.000000,8,0.71875
214,1,307.9889,372.3459,565.6025,134.5046,1.000000,8,1
214,2,137.8557,401.5267,391.8202,82.0785,1.000000,8,0.59375
215,1,307.5385,372.3137,565.2353,134.4515,1.000000,8,1
215,2,138.3269,401.4028,392.0899,82.1289,1.000000,8,0.5625
216,1,307.0876,372.2768,564.8704,134.3989,1.000000,8,1
216,2,138.7994,401.2819,392.3597,82.1792,1.000000,8,0.65625
217,1,306.6348,372.2356,564.5086,134.3471,1.000000,8,1
217,2,139.2731,401.1649,392.6297,82.2297,1.000000,8,0.625
218,1,306.1819,372.1894,564.1492,134.2957,1.000000,8,1
218,2,139.7490,401.0514,392.8994,82.2801,1.000000,8,0.6875
219,1,305.7275,372.1396,563.7926,134.2449,1.000000,8,1
219,2,140.2263,400.9418,393.1690,82.3304,1.000000,8,0.65625
220,1,305.2712,372.0865,563.4388,134.1948,1.000000,8,1
220,2,140.7047,400.8372,393.4386,82.3808,1.000000,8,0.5625
221,1,304.8142,372.0296,563.0872,134.1452,1.000000,8,1
221,2,141.1855,400.7359,393.7076,82.4312,1.000000,8,0.78125
222,1,304.3559,371.9695,562.7377,134.0961,1.000000,8,1
222,2,141.6681,400.6382,393.9764,82.4814,1.000000,8,0.71875
223,1,303.8957,371.9066,562.3909,134.0476,1.000000,8,1
223,2,142.1525,400.5447,394.2446,82.5315,1.000000,8,0.75
224,1,303.4349,371.8409,562.0458,133.9996,1.000000,8,1
224,2,142.6394,400.4541,394.5120,82.5814,1.000000,8,0.6875
225,1,302.9720,371.7733,561.7039,133.9523,1.000000,8,1
225,2,143.1279,400.3666,394.7791,82.6313,1.000000,8,0.71875
226,1,302.5063,371.7047,561.3651,133.9060,1.000000,8,1
226,2,143.6174,400.2825,395.0460,82.6811,1.000000,8,0.53125
227,1,302.0391,371.6342,561.0291,133.8604,1.000000,8,1
227,2,144.1096,400.2007,395.3118,82.7307,1.000000,8,0.6875
228,1,301.5699,371.5627,560.6956,133.8154,1.000000,8,1
228,2,144.6031,400.1222,395.5772,82.7801,1.000000,8,0.625
229,1,301.0989,371.4898,560.3643,133.7712,1.000000,8,1
229,2,145.0970,400.0478,395.8426,82.8296,1.000000,8,0.65625
230,1,300.6255,371.4150,560.0370,133.7280,1.000000,8,1
230,2,145.5925,399.9761,396.1072,82.8789,1.000000,8,0.71875
231,1,300.1498,371.3390,559.7129,133.6856,1.000000,8,1
231,2,146.0893,399.9080,396.3714,82.9282,1.000000,8,0.34375
232,1,299.6717,371.2626,559.3918,133.6441,1.000000,8,1
232,2,146.5869,399.8446,396.6358,82.9775,1.000000,8,0.65625
233,1,299.1919,371.1844,559.0739,133.6035,1.000000,8,1
233,2,147.0860,399.7850,396.9001,83.0269,1.000000,8,0.65625
234,1,298.7098,371.1051,558.7595,133.5638,1.000000,8,1
234,2,147.5863,399.7308,397.1643,83.0763,1.000000,8,0.5
235,1,298.2251,371.0258,558.4482,133.5252,1.000000,8,1
235,2,148.0884,399.6844,397.4280,83.1256,1.000000,8,0.65625
236,1,297.7381,370.9450,558.1411,133.4875,1.000000,8,1
236,2,148.5915,399.6451,397.6915,83.1750,1.000000,8,0.5
237,1,297.2491,370.8637,557.8370,133.4507,1.000000,8,1
237,2,149.0954,399.6131,397.9550,83.2245,1.000000,8,0.625
238,1,296.7576,370.7820,557.5367,133.4150,1.000000,8,1
238,2,149.6003,399.5897,398.2186,83.2741,1.000000,8,0.65625
239,1,296.2645,370.6993,557.2404,133.3802,1.000000,8,1
239,2,150.1060,399.5738,398.4821,83.3238,1.000000,8,0.5625
240,1,295.7700,370.6167,556.9465,133.3462,1.000000,8,1
240,2,150.6133,399.5652,398.7453,83.3735,1.000000,8,0.625
241,1,295.2737,370.5342,556.6547,133.3130,1.000000,8,1
241,2,151.1226,399.5645,399.0081,83.4231,1.000000,8,0.6875
242,1,294.7764,370.4506,556.3655,133.2802,1.000000,8,1
242,2,151.6328,399.5713,399.2711,83.4730,1.000000,8,0.65625
243,1,294.2781,370.3665,556.0779,133.2479,1.000000,8,1
243,2,152.1449,399.5849,399.5336,83.5228,1.000000,8,0.5
244,1,293.7786,370.2829,555.7913,133.2159,1.000000,8,1
244,2,152.6587,399.6052,399.7960,83.5726,1.000000,8,0.46875
245,1,293.2787,370.1995,555.5054,133.1842,1.000000,8,1
245,2,153.1740,399.6323,400.0582,83.6224,1.000000,8,0.34375
246,1,292.7779,370.1170,555.2204,133.1527,1.000000,8,1
246,2,153.6914,399.6653,400.3199,83.6723,1.000000,8,0.625
247,1,292.2769,370.0363,554.9354,133.1213,1.000000,8,1
247,2,154.2110,399.7040,400.5811,83.7219,1.000000,8,0.53125
248,1,291.7755,369.9554,554.6493,133.0896,1.000000,8,1
248,2,154.7318,399.7482,400.8418,83.7715,1.000000,8,0.53125
249,1,291.2746,369.8752,554.3618,133.0575,1.000000,8,1
249,2,155.2544,399.7966,401.1021,83.8211,1.000000,8,0.59375
250,1,290.7747,369.7969,554.0726,133.0250,1.000000,8,1
250,2,155.7793,399.8486,401.3619,83.8705,1.000000,8,0.5
251,1,290.2750,369.7187,553.7833,132.9924,1.000000,8,1
251,2,156.3054,399.9056,401.6219,83.9201,1.000000,8,0.5
252,1,289.7760,369.6416,553.4930,132.9596,1.000000,8,1
252,2,156.8330,399.9671,401.8818,83.9697,1.000000,8,0.4375
253,1,289.2784,369.5666,553.2014,132.9263,1.000000,8,1
253,2,157.3629,400.0328,402.1412,84.0191,1.000000,8,0.59375
254,1,288.7819,369.4915,552.9081,132.8926,1.000000,8,1
254,2,157.8953,400.1041,402.4003,84.0685,1.000000,8,0.71875
255,1,288.2864,369.4170,552.6131,132.8584,1.000000,8,1
255,2,158.4310,400.1800,402.6585,84.1177,1.000000,8,0.375
256,1,287.7915,369.3441,552.3167,132.8238,1.000000,8,1
256,2,158.9707,400.2596,402.9156,84.1666,1.000000,8,0.5
257,1,287.2970,369.2698,552.0195,132.7889,1.000000,8,1
257,2,159.5139,400.3451,403.1721,84.2153,1.000000,8,0.5625
258,1,286.8031,369.1955,551.7212,132.7538,1.000000,8,1
258,2,160.0607,400.4352,403.4276,84.2639,1.000000,8,0.46875
259,1,286.3093,369.1225,551.4224,132.7184,1.000000,8,1
259,2,160.6111,400.5293,403.6824,84.3122,1.000000,8,0.4375
260,1,285.8154,369.0481,551.1226,132.6828,1.000000,8,1
260,2,161.1661,400.6288,403.9361,84.3602,1.000000,8,0.65625
261,1,285.3212,368.9734,550.8224,132.6471,1.000000,8,1
261,2,161.7253,400.7324,404.1888,84.4080,1.000000,8,0.625
262,1,284.8268,368.8992,550.5217,132.6114,1.000000,8,1
262,2,162.2882,400.8392,404.4403,84.4554,1.000000,8,0.46875
263,1,284.3322,368.8234,550.2201,132.5753,1.000000,8,1
263,2,162.8545,400.9509,404.6908,84.5027,1.000000,8,0.5
264,1,283.8376,368.7472,549.9179,132.5390,1.000000,8,1
264,2,163.4245,401.0650,404.9400,84.5495,1.000000,8,0.46875
265,1,283.3423,368.6719,549.6154,132.5027,1.000000,8,1
265,2,163.9999,401.1790,405.1876,84.5959,1.000000,8,0.625
266,1,282.8463,368.5951,549.3120,132.4663,1.000000,8,1
266,2,164.5784,401.2947,405.4346,84.6420,1.000000,8,0.5
267,1,282.3490,368.5182,549.0707,132.4298,1.000000,8,1
267,2,165.1605,401.4099,405.6808,84.6879,1.000000,8,0.53125
268,1,281.8504,368.4427,548.8937,132.3935,1.000000,8,1
268,2,165.7469,401.5235,405.9257,84.7333,1.000000,8,0.4375
269,1,281.3499,368.3666,548.7169,132.3572,1.000000,8,1
269,2,166.3364,401.6388,406.1698,84.7785,1.000000,8,0.65625
270,1,280.8484,368.2917,548.5401,132.3210,1.000000,8,1
270,2,166.9287,401.7538,406.4131,84.8235,1.000000,8,0.53125
271,1,280.3467,368.2201,548.3627,132.2847,1.000000,8,1
271,2,167.5235,401.8664,406.6559,84.8681,1.000000,8,0.4375
272,1,279.8426,368.1487,548.1852,132.2485,1.000000,8,1
272,2,168.1204,401.9798,406.8984,84.9127,1.000000,8,0.59375
273,1,279.3378,368.0793,548.0072,132.2122,1.000000,8,1
273,2,168.7196,402.0929,407.1402,84.9571,1.000000,8,0.40625
274,1,278.8329,368.0143,547.8281,132.1757,1.000000,8,1
274,2,169.3216,402.2045,407.3810,85.0011,1.000000,8,0.28125
275,1,278.3252,367.9516,547.6500,132.1396,1.000000,8,1
275,2,169.9258,402.3171,407.6210,85.0449,1.000000,8,0.40625
276,1,277.8170,367.8924,547.4710,132.1034,1.000000,8,1
276,2,170.5320,402.4296,407.8605,85.0885,1.000000,8,0.34375
277,1,277.3091,367.8377,547.2906,132.0669,1.000000,8,1
277,2,171.1400,402.5412,408.0996,85.1320,1.000000,8,0.53125
278,1,276.7992,367.7874,547.1111,132.0307,1.000000,8,1
278,2,171.7514,402.6542,408.3377,85.1751,1.000000,8,0.375
279,1,276.2894,367.7421,546.9307,131.9946,1.000000,8,1
279,2,172.3662,402.7672,408.5752,85.2180,1.000000,8,0.4375
280,1,275.7798,367.7021,546.7513,131.9587,1.000000,8,1
280,2,172.9841,402.8792,408.8121,85.2608,1.000000,8,0.4375
281,1,275.2695,367.6679,546.5725,131.9233,1.000000,8,1
281,2,173.6046,402.9949,409.0482,85.3033,1.000000,8,0.34375
282,1,274.7597,367.6394,546.3938,131.8880,1.000000,8,1
282,2,174.2279,403.1123,409.2834,85.3455,1.000000,8,0.3125
283,1,274.2504,367.6170,546.2148,131.8528,1.000000,8,1
283,2,174.8540,403.2299,409.5177,85.3875,1.000000,8,0.40625
284,1,273.7394,367.6008,546.0367,131.8181,1.000000,8,1
284,2,175.4837,403.3507,409.7504,85.4291,1.000000,8,0.375
285,1,273.2278,367.5912,545.8591,131.7837,1.000000,8,1
285,2,176.1166,403.4722,409.9815,85.4702,1.000000,8,0.53125
286,1,272.7167,367.5893,545.6818,131.7494,1.000000,8,1
286,2,176.7527,403.5920,410.2117,85.5109,1.000000,8,0.3125
287,1,272.2040,367.5948,545.5046,131.7156,1.000000,8,1
287,2,177.3924,403.7130,410.4397,85.5512,1.000000,8,0.3125
288,1,271.6913,367.6078,545.3278,131.6820,1.000000,8,1
288,2,178.0349,403.8331,410.6669,85.5910,1.000000,8,0.46875
289,1,271.1791,367.6293,545.1509,131.6486,1.000000,8,1
289,2,178.6801,403.9500,410.8927,85.6305,1.000000,8,0.40625
290,1,270.6657,367.6598,544.9742,131.6156,1.000000,8,1
290,2,179.3280,404.0663,411.1172,85.6696,1.000000,8,0.46875
291,1,270.1525,367.6984,544.7977,131.5826,1.000000,8,1
291,2,179.9781,404.1800,411.3407,85.7083,1.000000,8,0.375
292,1,269.6401,367.7457,544.6205,131.5499,1.000000,8,1
292,2,180.6308,404.2896,411.5628,85.7466,1.000000,8,0.40625
293,1,269.1266,367.8035,544.4438,131.5176,1.000000,8,1
293,2,181.2859,404.3979,411.7834,85.7844,1.000000,8,0.34375
294,1,268.6133,367.8710,544.2673,131.4855,1.000000,8,1
294,2,181.9425,404.5036,412.0033,85.8220,1.000000,8,0.46875
295,1,268.1006,367.9489,544.0905,131.4536,1.000000,8,1
295,2,182.6003,404.6048,412.2229,85.8594,1.000000,8,0.4375
296,1,267.5885,368.0378,543.9135,131.4219,1.000000,8,1
296,2,183.2596,404.7031,412.4417,85.8965,1.000000,8,0.40625
297,1,267.0771,368.1366,543.7360,131.3904,1.000000,8,1
297,2,183.9198,404.7980,412.6603,85.9335,1.000000,8,0.3125
298,1,266.5651,368.2450,543.5597,131.3594,1.000000,8,1
298,2,184.5802,404.8892,412.8791,85.9704,1.000000,8,0.28125
299,1,266.0532,368.3647,543.3837,131.3288,1.000000,8,1
299,2,185.2413,404.9783,413.0969,86.0071,1.000000,8,0.5625
300,1,265.5424,368.4940,543.2073,131.2983,1.000000,8,1
300,2,185.9024,405.0645,413.3147,86.0438,1.000000,8,0.28125
301,1,265.0326,368.6322,543.0306,131.2679,1.000000,8,1
301,2,186.5641,405.1473,413.5323,86.0802,1.000000,8,0.28125
302,1,264.5215,368.7816,542.8555,131.2383,1.000000,8,1
302,2,187.2261,405.2284,413.7492,86.1165,1.000000,8,0.3125
303,1,264.0109,368.9398,542.6805,131.2089,1.000000,8,1
303,2,187.8886,405.3076,413.9659,86.1526,1.000000,8,0.34375
304,1,263.5017,369.1060,542.5049,131.1795,1.000000,8,1
304,2,188.5520,405.3842,414.1821,86.1886,1.000000,8,0.34375
305,1,262.9922,369.2825,542.3302,131.1506,1.000000,8,1
305,2,189.2162,405.4587,414.3972,86.2243,1.000000,8,0.34375
306,1,262.4837,369.4670,542.1548,131.1218,1.000000,8,1
306,2,189.8808,405.5313,414.6123,86.2599,1.000000,8,0.40625
307,1,261.9768,369.6589,541.9790,131.0929,1.000000,8,1
307,2,190.5454,405.6010,414.8275,86.2954,1.000000,8,0.375
308,1,261.4711,369.8606,541.8031,131.0642,1.000000,8,1
308,2,191.2110,405.6684,415.0418,86.3308,1.000000,8,0.3125
309,1,260.9669,370.0696,541.6271,131.0357,1.000000,8,1
309,2,191.8770,405.7339,415.2560,86.3660,1.000000,8,0.21875
310,1,260.4637,370.2839,541.4519,131.0074,1.000000,8,1
310,2,192.5437,405.7971,415.4699,86.4011,1.000000,8,0.3125
311,1,259.9633,370.5070,541.2760,130.9792,1.000000,8,1
311,2,193.2111,405.8568,415.6832,86.4360,1.000000,8,0.3125
312,1,259.4661,370.7362,541.0988,130.9506,1.000000,8,1
312,2,193.8789,405.9139,415.8965,86.4707,1.000000,8,0.3125
313,1,258.9722,370.9701,540.9205,130.9217,1.000000,8,1
313,2,194.5471,405.9687,416.1094,86.5053,1.000000,8,0.375
314,1,258.4818,371.2124,540.7416,130.8926,1.000000,8,1
314,2,195.2149,406.0201,416.3220,86.5399,1.000000,8,0.21875
315,1,257.9944,371.4597,540.5613,130.8632,1.000000,8,1
315,2,195.8824,406.0688,416.5345,86.5743,1.000000,8,0.34375
316,1,257.5104,371.7099,540.3793,130.8333,1.000000,8,1
316,2,196.5499,406.1143,416.7468,86.6087,1.000000,8,0.375
317,1,257.0314,371.9676,540.1953,130.8029,1.000000,8,1
317,2,197.2165,406.1556,416.9592,86.6430,1.000000,8,0.15625
318,1,256.5565,372.2298,540.0093,130.7718,1.000000,8,1
318,2,197.8819,406.1933,417.1725,86.6775,1.000000,8,0.25
319,1,256.0861,372.4942,539.8199,130.7397,1.000000,8,1
319,2,198.5458,406.2275,417.3868,86.7121,1.000000,8,0.375
320,1,255.6215,372.7639,539.6270,130.7065,1.000000,8,1
320,2,199.2076,406.2575,417.6022,86.7470,1.000000,8,0.21875
321,1,255.1607,373.0359,539.4313,130.6724,1.000000,8,1
321,2,199.8678,406.2848,417.8184,86.7821,1.000000,8,0.25
322,1,254.7026,373.3085,539.2334,130.6378,1.000000,8,1
322,2,200.5267,406.3094,418.0354,86.8173,1.000000,8,0.3125
323,1,254.2497,373.5847,539.0322,130.6018,1.000000,8,1
323,2,201.1828,406.3297,418.2542,86.8530,1.000000,8,0.375
324,1,253.8011,373.8623,538.8273,130.5649,1.000000,8,1
324,2,201.8369,406.3473,418.4743,86.8889,1.000000,8,0.34375
325,1,253.3567,374.1394,538.6187,130.5267,1.000000,8,1
325,2,202.4893,406.3630,418.6951,86.9251,1.000000,8,0.25
326,1,252.9175,374.4186,538.4054,130.4870,1.000000,8,1
326,2,203.1384,406.3751,418.9179,86.9616,1.000000,8,0.28125
327,1,252.4822,374.6971,538.1891,130.4463,1.000000,8,1
327,2,203.7845,406.3857,419.1422,86.9986,1.000000,8,0.40625
328,1,252.0496,374.9719,537.9698,130.4046,1.000000,8,1
328,2,204.4274,406.3959,419.3681,87.0360,1.000000,8,0.3125
329,1,251.6207,375.2465,537.7473,130.3618,1.000000,8,1
329,2,205.0672,406.4032,419.5956,87.0738,1.000000,8,0.3125
330,1,251.1948,375.5190,537.5219,130.3180,1.000000,8,1
330,2,205.7043,406.4091,419.8242,87.1119,1.000000,8,0.34375
331,1,250.7707,375.7863,537.2940,130.2733,1.000000,8,1
331,2,206.3394,406.4147,420.0540,87.1503,1.000000,8,0.34375
332,1,250.3492,376.0514,537.0635,130.2278,1.000000,8,1
332,2,206.9719,406.4193,420.2856,87.1892,1.000000,8,0.3125
333,1,249.9297,376.3123,536.8308,130.1814,1.000000,8,1
333,2,207.6025,406.4242,420.5182,87.2283,1.000000,8,0.4375
334,1,249.5108,376.5668,536.5975,130.1344,1.000000,8,1
334,2,208.2314,406.4302,420.7518,87.2678,1.000000,8,0.34375
335,1,249.0940,376.8181,536.3614,130.0868,1.000000,8,1
335,2,208.8579,406.4371,420.9873,87.3077,1.000000,8,0.375
336,1,248.6783,377.0643,536.1241,130.0385,1.000000,8,1
336,2,209.4825,406.4460,421.2241,87.3480,1.000000,8,0.25
337,1,248.2632,377.3024,535.8860,129.9898,1.000000,8,1
337,2,210.1059,406.4575,421.4615,87.3886,1.000000,8,0.125
338,1,247.8489,377.5362,535.6473,129.9407,1.000000,8,1
338,2,210.7270,406.4709,421.7009,87.4296,1.000000,8,0.34375
339,1,247.4351,377.7641,535.4084,129.8915,1.000000,8,1
339,2,211.3464,406.4870,421.9414,87.4710,1.000000,8,0.21875
340,1,247.0210,377.9847,535.1698,129.8420,1.000000,8,1
340,2,211.9648,406.5072,422.1826,87.5127,1.000000,8,0.21875
341,1,246.6082,378.2005,534.9307,129.7923,1.000000,8,1
341,2,212.5811,406.5303,422.4257,87.5549,1.000000,8,0.3125
342,1,246.1958,378.4105,534.6915,129.7425,1.000000,8,1
342,2,213.1960,406.5565,422.6699,87.5975,1.000000,8,0.34375
343,1,245.7833,378.6133,534.4528,129.6925,1.000000,8,1
343,2,213.8105,406.5869,422.9149,87.6403,1.000000,8,0.40625
344,1,245.3714,378.8116,534.2153,129.6427,1.000000,8,1
344,2,214.4240,406.6201,423.1618,87.6836,1.000000,8,0.25
345,1,244.9608,379.0049,533.9772,129.5926,1.000000,8,1
345,2,215.0370,406.6562,423.4098,87.7272,1.000000,8,0.28125
346,1,244.5509,379.1926,533.7390,129.5423,1.000000,8,1
346,2,215.6499,406.6959,423.6586,87.7711,1.000000,8,0.28125
347,1,244.1416,379.3773,533.5010,129.4919,1.000000,8,1
347,2,216.2616,406.7389,423.9092,87.8154,1.000000,8,0.34375
348,1,243.7328,379.5578,533.2631,129.4414,1.000000,8,1
348,2,216.8722,406.7845,424.1614,87.8602,1.000000,8,0.34375
349,1,243.3243,379.7328,533.0249,129.3908,1.000000,8,1
349,2,217.4819,406.8334,424.4147,87.9054,1.000000,8,0.40625
350,1,242.9156,379.9058,532.7869,129.3400,1.000000,8,1
350,2,218.0900,406.8853,424.6700,87.9511,1.000000,8,0.28125
351,1,242.5069,380.0762,532.5483,129.2891,1.000000,8,1
351,2,218.6971,406.9398,424.9267,87.9972,1.000000,8,0.1875
352,1,242.0980,380.2435,532.3093,129.2379,1.000000,8,1
352,2,219.3035,406.9974,425.1840,88.0434,1.000000,8,0.1875
353,1,241.6888,380.4096,532.0695,129.1866,1.000000,8,1
353,2,219.9091,407.0579,425.4428,88.0902,1.000000,8,0.25
354,1,241.2795,380.5747,531.8297,129.1351,1.000000,8,1
354,2,220.5140,407.1212,425.7024,88.1371,1.000000,8,0.375
355,1,240.8705,380.7379,531.5898,129.0836,1.000000,8,1
355,2,221.1184,407.1876,425.9628,88.1843,1.000000,8,0.21875
356,1,240.4625,380.9025,531.3503,129.0323,1.000000,8,1
356,2,221.7207,407.2570,426.2253,88.2321,1.000000,8,0.3125
357,1,240.0551,381.0673,531.1117,128.9810,1.000000,8,1
357,2,222.3221,407.3295,426.4890,88.2802,1.000000,8,0.21875
358,1,239.6478,381.2312,530.8734,128.9299,1.000000,8,1
358,2,222.9230,407.4048,426.7534,88.3286,1.000000,8,0.3125
359,1,239.2413,381.3979,530.6368,128.8793,1.000000,8,1
359,2,223.5235,407.4844,427.0190,88.3773,1.000000,8,0.28125
360,1,238.8353,381.5655,530.4014,128.8291,1.000000,8,1
360,2,224.1240,407.5675,427.2854,88.4263,1.000000,8,0.3125
361,1,238.4300,381.7327,530.1671,128.7791,1.000000,8,1
361,2,224.7248,407.6529,427.5522,88.4753,1.000000,8,0.34375
362,1,238.0264,381.9024,529.9337,128.7295,1.000000,8,1
362,2,225.3251,407.7430,427.8201,88.5247,1.000000,8,0.34375
363,1,237.6232,382.0733,529.7021,128.6802,1.000000,8,1
363,2,225.9261,407.8364,428.0884,88.5743,1.000000,8,0.3125
364,1,237.2198,382.2437,529.4724,128.6316,1.000000,8,1
364,2,226.5285,407.9320,428.3565,88.6238,1.000000,8,0.3125
365,1,236.8176,382.4160,529.2445,128.5835,1.000000,8,1
365,2,227.1315,408.0325,428.6253,88.6735,1.000000,8,0.1875
366,1,236.4153,382.5895,529.0184,128.5360,1.000000,8,1
366,2,227.7361,408.1366,428.8941,88.7233,1.000000,8,0.3125
367,1,236.0122,382.7630,528.7948,128.4891,1.000000,8,1
367,2,228.3430,408.2426,429.1620,88.7728,1.000000,8,0.125
368,1,235.6109,382.9372,528.5725,128.4426,1.000000,8,1
368,2,228.9521,408.3525,429.4298,88.8223,1.000000,8,0.3125
369,1,235.2099,383.1111,528.3521,128.3966,1.000000,8,1
369,2,229.5635,408.4649,429.6968,88.8716,1.000000,8,0
370,1,234.8086,383.2838,528.1333,128.3511,1.000000,8,1
370,2,230.1775,408.5784,429.9631,88.9207,1.000000,8,0.28125
371,1,234.4076,383.4561,527.9169,128.3062,1.000000,8,1
371,2,230.7951,408.6955,430.2284,88.9694,1.000000,8,0.25
372,1,234.0067,383.6277,527.7019,128.2616,1.000000,8,1
372,2,231.4162,408.8145,430.4923,89.0179,1.000000,8,0.1875
373,1,233.6054,383.7972,527.4882,128.2175,1.000000,8,1
373,2,232.0410,408.9335,430.7549,89.0659,1.000000,8,0.34375
374,1,233.2038,383.9662,527.2769,128.1739,1.000000,8,1
374,2,232.6705,409.0566,431.0156,89.1134,1.000000,8,0.46875
375,1,232.8017,384.1336,527.0665,128.1307,1.000000,8,1
375,2,233.3046,409.1806,431.2744,89.1604,1.000000,8,0.3125
376,1,232.3985,384.2980,526.8575,128.0877,1.000000,8,1
376,2,233.9437,409.3031,431.5308,89.2066,1.000000,8,0.3125
377,1,231.9945,384.4602,526.6497,128.0451,1.000000,8,1
377,2,234.5887,409.4292,431.7847,89.2522,1.000000,8,0.28125
378,1,231.5896,384.6208,526.4431,128.0028,1.000000,8,1
378,2,235.2391,409.5552,432.0364,89.2972,1.000000,8,0.125
379,1,231.1834,384.7801,526.2380,127.9610,1.000000,8,1
379,2,235.8951,409.6782,432.2858,89.3413,1.000000,8,0.40625
380,1,230.7766,384.9369,526.0336,127.9193,1.000000,8,1
380,2,236.5577,409.8029,432.5323,89.3847,1.000000,8,0.3125
381,1,230.3693,385.0915,525.8291,127.8775,1.000000,8,1
381,2,237.2264,409.9272,432.7764,89.4274,1.000000,8,0.34375
382,1,229.9606,385.2435,525.6256,127.8359,1.000000,8,1
382,2,237.9017,410.0487,433.0172,89.4690,1.000000,8,0.1875
383,1,229.5499,385.3942,525.4233,127.7948,1.000000,8,1
383,2,238.5844,410.1704,433.2553,89.5098,1.000000,8,0.1875
384,1,229.1380,385.5431,525.2216,127.7538,1.000000,8,1
384,2,239.2740,410.2896,433.4904,89.5498,1.000000,8,0.28125
385,1,228.7255,385.6898,525.0190,127.7126,1.000000,8,1
385,2,239.9702,410.4033,433.7223,89.5887,1.000000,8,0.3125
386,1,228.3115,385.8358,524.8174,127.6716,1.000000,8,1
386,2,240.6732,410.5145,433.9514,89.6267,1.000000,8,0.21875
387,1,227.8967,385.9811,524.6162,127.6306,1.000000,8,1
387,2,241.3823,410.6212,434.1779,89.6639,1.000000,8,0.15625
388,1,227.4819,386.1251,524.4141,127.5895,1.000000,8,1
388,2,242.0979,410.7211,434.4013,89.7000,1.000000,8,0.28125
389,1,227.0660,386.2679,524.2122,127.5484,1.000000,8,1
389,2,242.8201,410.8163,434.6219,89.7353,1.000000,8,0.0625
390,1,226.6500,386.4101,524.0096,127.5071,1.000000,8,1
390,2,243.5478,410.9051,434.8461,89.7696,1.000000,8,0.09375
391,1,226.2343,386.5508,523.8060,127.4654,1.000000,8,1
391,2,244.2812,410.9852,435.0764,89.8030,1.000000,8,0.28125
392,1,225.8183,386.6905,523.6024,127.4236,1.000000,8,1
392,2,245.0210,411.0604,435.3036,89.8353,1.000000,8,0.25
393,1,225.4025,386.8297,523.3978,127.3817,1.000000,8,1
393,2,245.7659,411.1290,435.5280,89.8668,1.000000,8,0.3125
394,1,224.9871,386.9680,523.1919,127.3393,1.000000,8,1
394,2,246.5155,411.1900,435.7498,89.8975,1.000000,8,0.375
395,1,224.5732,387.1038,522.9846,127.2963,1.000000,8,1
395,2,247.2710,411.2463,435.9684,89.9270,1.000000,8,0.09375
396,1,224.1613,387.2371,522.7757,127.2528,1.000000,8,1
396,2,248.0311,411.2973,436.1841,89.9557,1.000000,8,0.25
397,1,223.7510,387.3685,522.5658,127.2089,1.000000,8,1
397,2,248.7950,411.3408,436.3973,89.9835,1.000000,8,0.375
398,1,223.3433,387.4985,522.3534,127.1641,1.000000,8,1
398,2,249.5642,411.3791,436.6075,90.0104,1.000000,8,0.1875
399,1,222.9378,387.6252,522.1390,127.1186,1.000000,8,1
399,2,250.3375,411.4116,436.8155,90.0366,1.000000,8,0.1875
400,1,222.5351,387.7466,521.9222,127.0722,1.000000,8,1
400,2,251.1146,411.4383,437.0211,90.0621,1.000000,8,0.125
401,1,222.1357,387.8673,521.7031,127.0250,1.000000,8,1
401,2,251.8956,411.4618,437.2244,90.0868,1.000000,8,0.15625
402,1,221.7393,387.9846,521.4818,126.9769,1.000000,8,1
402,2,252.6796,411.4823,437.4258,90.1109,1.000000,8,0.21875
403,1,221.3463,388.0953,521.2578,126.9278,1.000000,8,1
403,2,253.4666,411.4993,437.6250,90.1343,1.000000,8,0.3125
404,1,220.9572,388.2024,521.0314,126.8779,1.000000,8,1
404,2,254.2570,411.5135,437.8220,90.1571,1.000000,8,0.21875
405,1,220.5721,388.3042,520.8023,126.8269,1.000000,8,1
405,2,255.0496,411.5251,438.0177,90.1795,1.000000,8,0.1875
406,1,220.1911,388.4001,520.5713,126.7749,1.000000,8,1
406,2,255.8428,411.5337,438.2129,90.2017,1.000000,8,0.28125
407,1,219.8154,388.4904,520.3364,126.7217,1.000000,8,1
407,2,256.6394,411.5400,438.4060,90.2232,1.000000,8,0.25
408,1,219.4437,388.5749,520.0986,126.6673,1.000000,8,1
408,2,257.4382,411.5432,438.5982,90.2444,1.000000,8,0.5
409,1,219.0751,388.6539,519.8589,126.6122,1.000000,8,1
409,2,258.2375,411.5429,438.7906,90.2656,1.000000,8,0.25
410,1,218.7115,388.7248,519.6164,126.5558,1.000000,8,1
410,2,259.0386,411.5397,438.9822,90.2865,1.000000,8,0.25
411,1,218.3515,388.7887,519.3716,126.4984,1.000000,8,1
411,2,259.8404,411.5332,439.1738,90.3073,1.000000,8,0.09375
412,1,217.9950,388.8467,519.1245,126.4402,1.000000,8,1
412,2,260.6416,411.5227,439.3661,90.3281,1.000000,8,0.125
413,1,217.6424,388.8972,518.8743,126.3808,1.000000,8,1
413,2,261.4442,411.5091,439.5577,90.3488,1.000000,8,0.21875
414,1,217.2928,388.9413,518.6221,126.3205,1.000000,8,1
414,2,262.2465,411.4914,439.7499,90.3695,1.000000,8,0.09375
415,1,216.9464,388.9781,518.3674,126.2593,1.000000,8,1
415,2,263.0473,411.4691,439.9429,90.3903,1.000000,8,0.34375
416,1,216.6030,389.0060,518.1108,126.1971,1.000000,8,1
416,2,263.8477,411.4421,440.1361,90.4111,1.000000,8,0.25
417,1,216.2624,389.0266,517.8524,126.1342,1.000000,8,1
417,2,264.6472,411.4101,440.3302,90.4320,1.000000,8,0.3125
418,1,215.9236,389.0412,517.5926,126.0707,1.000000,8,1
418,2,265.4456,411.3723,440.5252,90.4531,1.000000,8,0.25
419,1,215.5877,389.0477,517.3299,126.0061,1.000000,8,1
419,2,266.2445,411.3284,440.7201,90.4739,1.000000,8,0.3125
420,1,215.2539,389.0468,517.0656,125.9406,1.000000,8,1
420,2,267.0425,411.2782,440.9158,90.4949,1.000000,8,0.15625
421,1,214.9224,389.0395,516.7995,125.8746,1.000000,8,1
421,2,267.8385,411.2222,441.1131,90.5162,1.000000,8,0.34375
422,1,214.5933,389.0256,516.5314,125.8075,1.000000,8,1
422,2,268.6345,411.1606,441.3105,90.5374,1.000000,8,0.21875
423,1,214.2672,389.0061,516.2604,125.7396,1.000000,8,1
423,2,269.4294,411.0933,441.5090,90.5588,1.000000,8,0.25
424,1,213.9439,388.9808,515.9876,125.6709,1.000000,8,1
424,2,270.2219,411.0207,441.7101,90.5806,1.000000,8,0.28125
425,1,213.6224,388.9486,515.7125,125.6012,1.000000,8,1
425,2,271.0130,410.9423,441.9124,90.6028,1.000000,8,0.1875
426,1,213.3027,388.9106,515.4359,125.5309,1.000000,8,1
426,2,271.8023,410.8589,442.1166,90.6253,1.000000,8,0.375
427,1,212.9839,388.8676,515.1591,125.4604,1.000000,8,1
427,2,272.5896,410.7710,442.3226,90.6481,1.000000,8,0.15625
428,1,212.6664,388.8186,514.8809,125.3894,1.000000,8,1
428,2,273.3758,410.6772,442.5298,90.6712,1.000000,8,0.21875
429,1,212.3501,388.7643,514.6023,125.3181,1.000000,8,1
429,2,274.1602,410.5786,442.7389,90.6947,1.000000,8,0.28125
430,1,212.0341,388.7054,514.3239,125.2467,1.000000,8,1
430,2,274.9424,410.4760,442.9503,90.7186,1.000000,8,0.21875
431,1,211.7161,388.6420,514.0470,125.1756,1.000000,8,1
431,2,275.7222,410.3669,443.1639,90.7430,1.000000,8,0.28125
432,1,211.3964,388.5741,513.7715,125.1049,1.000000,8,1
432,2,276.4992,410.2524,443.3797,90.7679,1.000000,8,0.1875
433,1,211.0749,388.5023,513.4977,125.0346,1.000000,8,1
433,2,277.2727,410.1328,443.5984,90.7935,1.000000,8,0.21875
434,1,210.7518,388.4268,513.2235,124.9644,1.000000,8,1
434,2,278.0450,410.0051,443.8184,90.8191,1.000000,8,0.3125
435,1,210.4269,388.3486,512.9510,124.8944,1.000000,8,1
435,2,278.8154,409.8708,444.0404,90.8453,1.000000,8,0.1875
436,1,210.1003,388.2686,512.6793,124.8247,1.000000,8,1
436,2,279.5831,409.7312,444.2649,90.8718,1.000000,8,0.3125
437,1,209.7715,388.1853,512.4092,124.7556,1.000000,8,1
437,2,280.3485,409.5823,444.4912,90.8987,1.000000,8,0.1875
438,1,209.4412,388.1009,512.1406,124.6867,1.000000,8,1
438,2,281.1120,409.4261,444.7192,90.9260,1.000000,8,0.3125
439,1,209.1100,388.0160,511.8725,124.6181,1.000000,8,1
439,2,281.8734,409.2638,444.9491,90.9536,1.000000,8,0.28125
440,1,208.7770,387.9262,511.6057,124.5498,1.000000,8,1
440,2,282.6323,409.0925,445.1811,90.9815,1.000000,8,0.21875
441,1,208.4433,387.8349,511.3392,124.4816,1.000000,8,1
441,2,283.3885,408.9140,445.4153,91.0099,1.000000,8,0.28125
442,1,208.1090,387.7444,511.0738,124.4138,1.000000,8,1
442,2,284.1419,408.7303,445.6522,91.0389,1.000000,8,0.375
443,1,207.7739,387.6504,510.8091,124.3461,1.000000,8,1
443,2,284.8932,408.5392,445.8905,91.0682,1.000000,8,0.15625
444,1,207.4382,387.5541,510.5452,124.2785,1.000000,8,1
444,2,285.6427,408.3426,446.1303,91.0976,1.000000,8,0.375
445,1,207.1024,387.4574,510.2820,124.2112,1.000000,8,1
445,2,286.3902,408.1426,446.3723,91.1276,1.000000,8,0.375
446,1,206.7654,387.3582,510.0199,124.1442,1.000000,8,1
446,2,287.1346,407.9364,446.6166,91.1581,1.000000,8,0.15625
447,1,206.4281,387.2573,509.7587,124.0774,1.000000,8,1
447,2,287.8767,407.7261,446.8632,91.1890,1.000000,8,0.34375
448,1,206.0921,387.1555,509.4975,124.0104,1.000000,8,1
448,2,288.6165,407.5133,447.1125,91.2206,1.000000,8,0.375
449,1,205.7568,387.0502,509.2358,123.9433,1.000000,8,1
449,2,289.3542,407.2939,447.3648,91.2528,1.000000,8,0.375
450,1,205.4214,386.9423,508.9753,123.8765,1.000000,8,1
450,2,290.0899,407.0710,447.6204,91.2857,1.000000,8,0.34375
451,1,205.0858,386.8328,508.7157,123.8098,1.000000,8,1
451,2,290.8232,406.8484,447.8792,91.3194,1.000000,8,0.375
452,1,204.7500,386.7184,508.4564,123.7432,1.000000,8,1
452,2,291.5543,406.6230,448.1406,91.3537,1.000000,8,0.1875
453,1,204.4146,386.6012,508.1977,123.6767,1.000000,8,1
453,2,292.2834,406.3966,448.4048,91.3886,1.000000,8,0.1875
454,1,204.0802,386.4823,507.9391,123.6101,1.000000,8,1
454,2,293.0097,406.1707,448.6723,91.4244,1.000000,8,0.34375
455,1,203.7453,386.3575,507.6809,123.5436,1.000000,8,1
455,2,293.7338,405.9417,448.9426,91.4608,1.000000,8,0.375
456,1,203.4103,386.2287,507.4238,123.4772,1.000000,8,1
456,2,294.4553,405.7112,449.2161,91.4980,1.000000,8,0.375
457,1,203.0760,386.0977,507.1675,123.4109,1.000000,8,1
457,2,295.1746,405.4811,449.4928,91.5359,1.000000,8,0.25
458,1,202.7412,385.9604,506.9122,123.3448,1.000000,8,1
458,2,295.8914,405.2476,449.7727,91.5746,1.000000,8,0.3125
459,1,202.4070,385.8189,506.6573,123.2787,1.000000,8,1
459,2,296.6062,405.0121,450.0552,91.6138,1.000000,8,0.3125
460,1,202.0733,385.6741,506.4026,123.2127,1.000000,8,1
460,2,297.3199,404.7768,450.3401,91.6537,1.000000,8,0.34375
461,1,201.7387,385.5227,506.1491,123.1468,1.000000,8,1
461,2,298.0306,404.5379,450.6285,91.6942,1.000000,8,0.40625
462,1,201.4040,385.3666,505.8957,123.0808,1.000000,8,1
462,2,298.7402,404.2976,450.9189,91.7353,1.000000,8,0.375
463,1,201.0682,385.2068,505.6432,123.0151,1.000000,8,1
463,2,299.4491,404.0578,451.2110,91.7768,1.000000,8,0.46875
464,1,200.7312,385.0404,505.3918,122.9495,1.000000,8,1
464,2,300.1560,403.8142,451.5059,91.8188,1.000000,8,0.3125
465,1,200.3930,384.8693,505.1414,122.8840,1.000000,8,1
465,2,300.8611,403.5693,451.8032,91.8614,1.000000,8,0.28125
466,1,200.0546,384.6943,504.8912,122.8187,1.000000,8,1
466,2,301.5642,403.3253,452.1034,91.9047,1.000000,8,0.40625
467,1,199.7140,384.5122,504.6418,122.7535,1.000000,8,1
467,2,302.2667,403.0784,452.4050,91.9484,1.000000,8,0.375
468,1,199.3717,384.3249,504.3937,122.6885,1.000000,8,1
468,2,302.9685,402.8308,452.7085,91.9923,1.000000,8,0.3125
469,1,199.0283,384.1338,504.1465,122.6237,1.000000,8,1
469,2,303.6687,402.5852,453.0146,92.0370,1.000000,8,0.21875
470,1,198.6821,383.9358,503.9003,122.5591,1.000000,8,1
470,2,304.3673,402.3378,453.3228,92.0821,1.000000,8,0.4375
471,1,198.3341,383.7324,503.6552,122.4948,1.000000,8,1
471,2,305.0647,402.0910,453.6330,92.1278,1.000000,8,0.25
472,1,197.9855,383.5241,503.4107,122.4305,1.000000,8,1
472,2,305.7610,401.8477,453.9451,92.1739,1.000000,8,0.28125
473,1,197.6340,383.3086,503.1674,122.3665,1.000000,8,1
473,2,306.4569,401.6037,454.2584,92.2203,1.000000,8,0.28125
474,1,197.2803,383.0875,502.9255,122.3029,1.000000,8,1
474,2,307.1526,401.3613,454.5728,92.2669,1.000000,8,0.3125
475,1,196.9255,382.8616,502.6844,122.2394,1.000000,8,1
475,2,307.8475,401.1231,454.8888,92.3140,1.000000,8,0.59375
476,1,196.5681,382.6279,502.4449,122.1763,1.000000,8,1
476,2,308.5414,400.8848,455.2061,92.3614,1.000000,8,0.28125
477,1,196.2083,382.3883,502.2074,122.1136,1.000000,8,1
477,2,309.2351,400.6486,455.5244,92.4090,1.000000,8,0.40625
478,1,195.8459,382.1443,501.9720,122.0515,1.000000,8,1
478,2,309.9295,400.4178,455.8426,92.4567,1.000000,8,0.25
479,1,195.4811,381.8923,501.7386,121.9899,1.000000,8,1
479,2,310.6233,400.1872,456.1617,92.5046,1.000000,8,0.375
480,1,195.1150,381.6342,501.5066,121.9285,1.000000,8,1
480,2,311.3166,399.9591,456.4820,92.5528,1.000000,8,0.375
481,1,194.7475,381.3713,501.2766,121.8676,1.000000,8,1
481,2,312.0097,399.7367,456.8028,92.6012,1.000000,8,0.40625
482,1,194.3772,381.1004,501.0490,121.8074,1.000000,8,1
482,2,312.7036,399.5146,457.1234,92.6495,1.000000,8,0.53125
483,1,194.0041,380.8237,500.8245,121.7480,1.000000,8,1
483,2,313.3976,399.2958,457.4441,92.6979,1.000000,8,0.28125
484,1,193.6289,380.5433,500.6031,121.6894,1.000000,8,1
484,2,314.0917,399.0832,457.7650,92.7464,1.000000,8,0.3125
485,1,193.2530,380.2555,500.3840,121.6314,1.000000,8,1
485,2,314.7852,398.8710,458.0860,92.7950,1.000000,8,0.5
486,1,192.8755,379.9627,500.1680,121.5740,1.000000,8,1
486,2,315.4781,398.6622,458.4073,92.8437,1.000000,8,0.40625
487,1,192.4964,379.6669,499.9548,121.5176,1.000000,8,1
487,2,316.1706,398.4593,458.7293,92.8926,1.000000,8,0.4375
488,1,192.1159,379.3650,499.7444,121.4618,1.000000,8,1
488,2,316.8628,398.2573,459.0509,92.9414,1.000000,8,0.40625
489,1,191.7328,379.0589,499.5370,121.4068,1.000000,8,1
489,2,317.5544,398.0592,459.3731,92.9905,1.000000,8,0.28125
490,1,191.3463,378.7505,499.3332,121.3530,1.000000,8,1
490,2,318.2451,397.8677,459.6960,93.0398,1.000000,8,0.3125
491,1,190.9582,378.4367,499.1320,121.2998,1.000000,8,1
491,2,318.9355,397.6773,460.0188,93.0892,1.000000,8,0.4375
492,1,190.5680,378.1200,498.9335,121.2473,1.000000,8,1
492,2,319.6259,397.4913,460.3417,93.1386,1.000000,8,0.40625
493,1,190.1743,377.8027,498.7386,121.1960,1.000000,8,1
493,2,320.3167,397.3126,460.6646,93.1882,1.000000,8,0.53125
494,1,189.7774,377.4818,498.5471,121.1456,1.000000,8,1
494,2,321.0074,397.1353,460.9877,93.2378,1.000000,8,0.46875
495,1,189.3784,377.1596,498.3578,121.0959,1.000000,8,1
495,2,321.6984,396.9621,461.3109,93.2874,1.000000,8,0.46875
496,1,188.9771,376.8388,498.1719,121.0473,1.000000,8,1
496,2,322.3897,396.7964,461.6341,93.3372,1.000000,8,0.34375
497,1,188.5740,376.5163,497.9884,120.9993,1.000000,8,1
497,2,323.0823,396.6329,461.9566,93.3868,1.000000,8,0.40625
498,1,188.1689,376.1944,497.8071,120.9521,1.000000,8,1
498,2,323.7762,396.4734,462.2784,93.4363,1.000000,8,0.28125
499,1,187.7591,375.8752,497.6300,120.9063,1.000000,8,1
499,2,324.4709,396.3198,462.6005,93.4859,1.000000,8,0.4375
500,1,187.3444,375.5554,497.4574,120.8619,1.000000,8,1
500,2,325.1659,396.1684,462.9222,93.5354,1.000000,8,0.25
501,1,186.9257,375.2372,497.2885,120.8187,1.000000,8,1
501,2,325.8620,396.0199,463.2431,93.5848,1.000000,8,0.4375
502,1,186.5044,374.9232,497.1220,120.7764,1.000000,8,1
502,2,326.5596,395.8751,463.5631,93.6339,1.000000,8,0.40625
503,1,186.0779,374.6101,496.9601,120.7355,1.000000,8,1
503,2,327.2589,395.7309,463.8817,93.6827,1.000000,8,0.46875
504,1,185.6469,374.2999,496.8019,120.6960,1.000000,8,1
504,2,327.9591,395.5886,464.2000,93.7314,1.000000,8,0.5625
505,1,185.2124,373.9952,496.6468,120.6575,1.000000,8,1
505,2,328.6595,395.4488,464.5188,93.7803,1.000000,8,0.40625
506,1,184.7747,373.6927,496.4943,120.6199,1.000000,8,1
506,2,329.3611,395.3076,464.8369,93.8289,1.000000,8,0.375
507,1,184.3324,373.3944,496.3450,120.5836,1.000000,8,1
507,2,330.0632,395.1675,465.1547,93.8774,1.000000,8,0.375
508,1,183.8852,373.1024,496.1990,120.5484,1.000000,8,1
508,2,330.7655,395.0301,465.4728,93.9261,1.000000,8,0.21875
509,1,183.4340,372.8134,496.0561,120.5143,1.000000,8,1
509,2,331.4670,394.8912,465.7922,93.9749,1.000000,8,0.34375
510,1,182.9783,372.5294,495.9162,120.4812,1.000000,8,1
510,2,332.1678,394.7522,466.1125,94.0241,1.000000,8,0.375
511,1,182.5182,372.2523,495.7792,120.4494,1.000000,8,1
511,2,332.8672,394.6153,466.4346,94.0736,1.000000,8,0.25
512,1,182.0541,371.9792,495.6506,120.4184,1.000000,8,1
512,2,333.5648,394.4776,466.7581,94.1235,1.000000,8,0.5625
513,1,181.5863,371.7112,495.5310,120.3885,1.000000,8,1
513,2,334.2608,394.3405,467.0837,94.1740,1.000000,8,0.3125
514,1,181.1142,371.4500,495.4150,120.3599,1.000000,8,1
514,2,334.9545,394.2056,467.4118,94.2251,1.000000,8,0.375
515,1,180.6371,371.1927,495.3022,120.3324,1.000000,8,1
515,2,335.6463,394.0699,467.7418,94.2766,1.000000,8,0.59375
516,1,180.1559,370.9408,495.1924,120.3060,1.000000,8,1
516,2,336.3356,393.9346,468.0746,94.3288,1.000000,8,0.34375
517,1,179.6711,370.6967,495.0849,120.2806,1.000000,8,1
517,2,337.0216,393.8020,468.4112,94.3820,1.000000,8,0.4375
518,1,179.1811,370.4569,494.9810,120.2565,1.000000,8,1
518,2,337.7055,393.6709,468.7510,94.4360,1.000000,8,0.40625
519,1,178.6878,370.2225,494.8793,120.2332,1.000000,8,1
519,2,338.3873,393.5427,469.0937,94.4908,1.000000,8,0.34375
520,1,178.1917,369.9957,494.7802,120.2108,1.000000,8,1
520,2,339.0668,393.4188,469.4393,94.5464,1.000000,8,0.34375
521,1,177.6910,369.7738,494.6850,120.1899,1.000000,8,1
521,2,339.7439,393.2974,469.7881,94.6028,1.000000,8,0.34375
522,1,177.1872,369.5574,494.5933,120.1702,1.000000,8,1
522,2,340.4185,393.1797,470.1404,94.6601,1.000000,8,0.40625
523,1,176.6806,369.3480,494.5042,120.1515,1.000000,8,1
523,2,341.0911,393.0670,470.4960,94.7182,1.000000,8,0.46875
524,1,176.1716,369.1446,494.4174,120.1337,1.000000,8,1
524,2,341.7615,392.9571,470.8548,94.7772,1.000000,8,0.34375
525,1,175.6596,368.9476,494.3334,120.1168,1.000000,8,1
525,2,342.4298,392.8507,471.2166,94.8370,1.000000,8,0.46875
526,1,175.1437,368.7579,494.2518,120.1010,1.000000,8,1
526,2,343.0951,392.7491,471.5823,94.8978,1.000000,8,0.3125
527,1,174.6241,368.5744,494.1718,120.0859,1.000000,8,1
527,2,343.7582,392.6523,471.9512,94.9595,1.000000,8,0.4375
528,1,174.1019,368.3978,494.0935,120.0714,1.000000,8,1
528,2,344.4192,392.5597,472.3235,95.0221,1.000000,8,0.40625
529,1,173.5777,368.2293,494.0162,120.0575,1.000000,8,1
529,2,345.0779,392.4699,472.6996,95.0857,1.000000,8,0.5
530,1,173.0531,368.0673,493.9379,120.0435,1.000000,8,1
530,2,345.7347,392.3830,473.0797,95.1502,1.000000,8,0.3125
531,1,172.5283,367.9125,493.8587,120.0294,1.000000,8,1
531,2,346.3894,392.2995,473.4636,95.2157,1.000000,8,0.5
532,1,172.0030,367.7656,493.7792,120.0154,1.000000,8,1
532,2,347.0414,392.2196,473.8516,95.2823,1.000000,8,0.375
533,1,171.4783,367.6254,493.6978,120.0010,1.000000,8,1
533,2,347.6908,392.1422,474.2441,95.3499,1.000000,8,0.375
534,1,170.9549,367.4927,493.6142,119.9861,1.000000,8,1
534,2,348.3378,392.0677,474.6402,95.4185,1.000000,8,0.34375
535,1,170.4339,367.3682,493.5279,119.9706,1.000000,8,1
535,2,348.9819,391.9969,475.0406,95.4883,1.000000,8,0.375
536,1,169.9163,367.2495,493.4382,119.9541,1.000000,8,1
536,2,349.6230,391.9285,475.4455,95.5591,1.000000,8,0.46875
537,1,169.4021,367.1363,493.3448,119.9367,1.000000,8,1
537,2,350.2613,391.8625,475.8546,95.6310,1.000000,8,0.375
538,1,168.8915,367.0292,493.2484,119.9184,1.000000,8,1
538,2,350.8967,391.7989,476.2684,95.7041,1.000000,8,0.59375
539,1,168.3839,366.9264,493.1492,119.8993,1.000000,8,1
539,2,351.5289,391.7377,476.6864,95.7782,1.000000,8,0.59375
540,1,167.8790,366.8265,493.0471,119.8795,1.000000,8,1
540,2,352.1588,391.6792,477.1083,95.8534,1.000000,8,0.5
541,1,167.3762,366.7306,492.9433,119.8591,1.000000,8,1
541,2,352.7860,391.6236,477.5344,95.9296,1.000000,8,0.375
542,1,166.8761,366.6380,492.8368,119.8380,1.000000,8,1
542,2,353.4108,391.5698,477.9643,96.0068,1.000000,8,0.25
543,1,166.3777,366.5480,492.7291,119.8164,1.000000,8,1
543,2,354.0334,391.5191,478.4808,96.0848,1.000000,8,0.46875
544,1,165.8819,366.4603,492.6197,119.7945,1.000000,8,1
544,2,354.6539,391.4731,479.0472,96.1639,1.000000,8,0.53125
545,1,165.3894,366.3738,492.5084,119.7720,1.000000,8,1
545,2,355.2732,391.4297,479.6176,96.2439,1.000000,8,0.46875
546,1,164.8993,366.2887,492.3961,119.7491,1.000000,8,1
546,2,355.8913,391.3902,480.1917,96.3247,1.000000,8,0.53125
547,1,164.4113,366.2047,492.2831,119.7260,1.000000,8,1
547,2,356.5082,391.3560,480.7689,96.4062,1.000000,8,0.5625
548,1,163.9267,366.1203,492.1692,119.7025,1.000000,8,1
548,2,357.1242,391.3272,481.3487,96.4883,1.000000,8,0.5
549,1,163.4450,366.0367,492.0540,119.6786,1.000000,8,1
549,2,357.7392,391.3031,481.9316,96.5712,1.000000,8,0.4375
550,1,162.9669,365.9541,491.9370,119.6541,1.000000,8,1
550,2,358.3537,391.2842,482.5169,96.6546,1.000000,8,0.53125
551,1,162.4925,365.8709,491.8185,119.6291,1.000000,8,1
551,2,358.9680,391.2715,483.1044,96.7385,1.000000,8,0.3125
552,1,162.0205,365.7876,491.6992,119.6038,1.000000,8,1
552,2,359.5825,391.2643,483.6937,96.8228,1.000000,8,0.53125
553,1,161.5507,365.7050,491.5799,119.5784,1.000000,8,1
553,2,360.1978,391.2618,484.2847,96.9074,1.000000,8,0.5625
554,1,161.0853,365.6231,491.4588,119.5524,1.000000,8,1
554,2,360.8141,391.2644,484.8769,96.9923,1.000000,8,0.34375
555,1,160.6231,365.5425,491.3366,119.5262,1.000000,8,1
555,2,361.4317,391.2719,485.4707,97.0774,1.000000,8,0.40625
556,1,160.1634,365.4642,491.2139,119.4997,1.000000,8,1
556,2,362.0513,391.2837,486.0654,97.1626,1.000000,8,0.53125
557,1,159.7077,365.3877,491.0894,119.4726,1.000000,8,1
557,2,362.6726,391.2993,486.6616,97.2481,1.000000,8,0.5
558,1,159.2551,365.3132,490.9632,119.4451,1.000000,8,1
558,2,363.2957,391.3186,487.2585,97.3336,1.000000,8,0.5
559,1,158.8042,365.2410,490.8368,119.4174,1.000000,8,1
559,2,363.9207,391.3430,487.8557,97.4191,1.000000,8,0.375
560,1,158.3568,365.1727,490.7087,119.3894,1.000000,8,1
560,2,364.5481,391.3705,488.4527,97.5044,1.000000,8,0.53125
561,1,157.9116,365.1085,490.5799,119.3610,1.000000,8,1
561,2,365.1779,391.4004,489.0497,97.5897,1.000000,8,0.59375
562,1,157.4683,365.0491,490.4494,119.3324,1.000000,8,1
562,2,365.8100,391.4330,489.6469,97.6748,1.000000,8,0.40625
563,1,157.0268,364.9936,490.3164,119.3030,1.000000,8,1
563,2,366.4438,391.4686,490.2450,97.7600,1.000000,8,0.375
564,1,156.5863,364.9421,490.1820,119.2733,1.000000,8,1
564,2,367.0795,391.5072,490.8434,97.8451,1.000000,8,0.59375
565,1,156.1467,364.8957,490.0457,119.2431,1.000000,8,1
565,2,367.7179,391.5487,491.4407,97.9298,1.000000,8,0.46875
566,1,155.7085,364.8532,489.9070,119.2124,1.000000,8,1
566,2,368.3589,391.5936,492.0372,98.0144,1.000000,8,0.625
567,1,155.2712,364.8153,489.7668,119.1812,1.000000,8,1
567,2,369.0030,391.6424,492.6322,98.0984,1.000000,8,0.4375
568,1,154.8347,364.7834,489.6255,119.1499,1.000000,8,1
568,2,369.6510,391.6950,493.2248,98.1817,1.000000,8,0.65625
569,1,154.3999,364.7567,489.4836,119.1184,1.000000,8,1
569,2,370.3021,391.7516,493.8166,98.2648,1.000000,8,0.375
570,1,153.9666,364.7348,489.3412,119.0870,1.000000,8,1
570,2,370.9566,391.8127,494.4066,98.3473,1.000000,8,0.59375
571,1,153.5347,364.7184,489.1985,119.0555,1.000000,8,1
571,2,371.6151,391.8797,494.9940,98.4291,1.000000,8,0.5625
572,1,153.1035,364.7072,489.0563,119.0243,1.000000,8,1
572,2,372.2781,391.9529,495.5789,98.5104,1.000000,8,0.4375
573,1,152.6729,364.7008,488.9144,118.9932,1.000000,8,1
573,2,372.9454,392.0318,496.1616,98.5909,1.000000,8,0.59375
574,1,152.2428,364.6989,488.7730,118.9624,1.000000,8,1
574,2,373.6179,392.1155,496.7407,98.6705,1.000000,8,0.4375
575,1,151.8128,364.7007,488.6322,118.9318,1.000000,8,1
575,2,374.2960,392.2065,497.3166,98.7492,1.000000,8,0.46875
576,1,151.3826,364.7062,488.4921,118.9016,1.000000,8,1
576,2,374.9797,392.3037,497.8882,98.8269,1.000000,8,0.40625
577,1,150.9516,364.7158,488.3532,118.8718,1.000000,8,1
577,2,375.6707,392.4061,498.4536,98.9029,1.000000,8,0.40625
578,1,150.5198,364.7284,488.2157,118.8425,1.000000,8,1
578,2,376.3684,392.5159,499.0134,98.9776,1.000000,8,0.53125
579,1,150.0871,364.7450,488.0796,118.8137,1.000000,8,1
579,2,377.0735,392.6311,499.5668,99.0506,1.000000,8,0.53125
580,1,149.6523,364.7659,487.9460,118.7858,1.000000,8,1
580,2,377.7860,392.7494,500.1138,99.1220,1.000000,8,0.59375
581,1,149.2163,364.7900,487.8135,118.7583,1.000000,8,1
581,2,378.5059,392.8738,500.6537,99.1916,1.000000,8,0.46875
582,1,148.7790,364.8174,487.6821,118.7313,1.000000,8,1
582,2,379.2332,393.0016,501.1866,99.2594,1.000000,8,0.625
583,1,148.3401,364.8482,487.5523,118.7048,1.000000,8,1
583,2,379.9685,393.1302,501.7122,99.3254,1.000000,8,0.5625
584,1,147.9003,364.8838,487.4242,118.6789,1.000000,8,1
584,2,380.7111,393.2610,502.2314,99.3896,1.000000,8,0.5
585,1,147.4590,364.9245,487.2973,118.6537,1.000000,8,1
585,2,381.4603,393.3928,502.7441,99.4522,1.000000,8,0.40625
586,1,147.0154,364.9712,487.1723,118.6291,1.000000,8,1
586,2,382.2166,393.5251,503.2500,99.5130,1.000000,8,0.5625
587,1,146.5709,365.0246,487.0480,118.6048,1.000000,8,1
587,2,382.9800,393.6584,503.7495,99.5721,1.000000,8,0.75
588,1,146.1255,365.0837,486.9245,118.5810,1.000000,8,1
588,2,383.7498,393.7915,504.2440,99.6298,1.000000,8,0.59375
589,1,145.6790,365.1484,486.8020,118.5576,1.000000,8,1
589,2,384.5257,393.9247,504.7336,99.6862,1.000000,8,0.5625
590,1,145.2315,365.2217,486.6805,118.5348,1.000000,8,1
590,2,385.3062,394.0622,505.2190,99.7415,1.000000,8,0.53125
591,1,144.7831,365.3027,486.5603,118.5125,1.000000,8,1
591,2,386.0914,394.2018,505.7003,99.7957,1.000000,8,0.59375
592,1,144.3342,365.3908,486.4404,118.4905,1.000000,8,1
592,2,386.8813,394.3418,506.1774,99.8489,1.000000,8,0.40625
593,1,143.8853,365.4892,486.3203,118.4687,1.000000,8,1
593,2,387.6749,394.4854,506.6516,99.9013,1.000000,8,0.65625
594,1,143.4363,365.5962,486.2007,118.4472,1.000000,8,1
594,2,388.4724,394.6309,507.1229,99.9529,1.000000,8,0.5
595,1,142.9879,365.7107,486.0803,118.4257,1.000000,8,1
595,2,389.2739,394.7764,507.5920,100.0038,1.000000,8,0.46875
596,1,142.5402,365.8374,485.9602,118.4044,1.000000,8,1
596,2,390.0787,394.9250,508.0597,100.0543,1.000000,8,0.40625
597,1,142.0938,365.9740,485.8394,118.3833,1.000000,8,1
597,2,390.8865,395.0751,508.5261,100.1043,1.000000,8,0.59375
598,1,141.6493,366.1180,485.7179,118.3621,1.000000,8,1
598,2,391.6979,395.2248,508.9911,100.1538,1.000000,8,0.59375
599,1,141.2056,366.2737,485.5967,118.3411,1.000000,8,1
599,2,392.5126,395.3758,509.4552,100.2030,1.000000,8,0.65625
600,1,140.7632,366.4391,485.4748,118.3202,1.000000,8,1
600,2,393.3304,395.5267,509.9186,100.2517,1.000000,8,0.5625
601,1,140.3224,366.6134,485.3524,118.2992,1.000000,8,1
601,2,394.1512,395.6758,510.3815,100.3001,1.000000,8,0.625
602,1,139.8835,366.7996,485.2290,118.2783,1.000000,8,1
602,2,394.9745,395.8264,510.8429,100.3482,1.000000,8,0.5625
603,1,139.4465,366.9947,485.1049,118.2573,1.000000,8,1
603,2,395.7996,395.9769,511.3030,100.3958,1.000000,8,0.4375
604,1,139.0121,367.1970,484.9791,118.2359,1.000000,8,1
604,2,396.6263,396.1240,511.7628,100.4431,1.000000,8,0.59375
605,1,138.5793,367.4107,484.8532,118.2148,1.000000,8,1
605,2,397.4554,396.2701,512.2208,100.4900,1.000000,8,0.59375
606,1,138.1474,367.6334,484.7268,118.1937,1.000000,8,1
606,2,398.2864,396.4137,512.6782,100.5365,1.000000,8,0.65625
607,1,137.7176,367.8625,484.5989,118.1722,1.000000,8,1
607,2,399.1184,396.5526,513.1361,100.5829,1.000000,8,0.5
608,1,137.2891,368.1021,484.4707,118.1508,1.000000,8,1
608,2,399.9528,396.6899,513.5931,100.6289,1.000000,8,0.65625
609,1,136.8618,368.3488,484.3418,118.1294,1.000000,8,1
609,2,400.7883,396.8251,514.0503,100.6749,1.000000,8,0.625
610,1,136.4365,368.6001,484.2118,118.1077,1.000000,8,1
610,2,401.6246,396.9572,514.5081,100.7208,1.000000,8,0.46875
611,1,136.0117,368.8618,484.0817,118.0862,1.000000,8,1
611,2,402.4623,397.0890,514.9653,100.7664,1.000000,8,0.59375
612,1,135.5876,369.1300,483.9513,118.0648,1.000000,8,1
612,2,403.3001,397.2198,515.4236,100.8122,1.000000,8,0.5625
613,1,135.1646,369.4022,483.8200,118.0432,1.000000,8,1
613,2,404.1367,397.3488,515.8845,100.8585,1.000000,8,0.78125
614,1,134.7430,369.6834,483.6888,118.0217,1.000000,8,1
614,2,404.9736,397.4786,516.3465,100.9050,1.000000,8,0.6875
615,1,134.3218,369.9701,483.5572,118.0004,1.000000,8,1
615,2,405.8099,397.6083,516.8104,100.9519,1.000000,8,0.71875
616,1,133.9006,370.2598,483.4255,117.9790,1.000000,8,1
616,2,406.6450,397.7375,517.2773,100.9994,1.000000,8,0.65625
617,1,133.4801,370.5565,483.2943,117.9578,1.000000,8,1
617,2,407.4794,397.8680,517.7467,101.0474,1.000000,8,0.625
618,1,133.0597,370.8571,483.1631,117.9368,1.000000,8,1
618,2,408.3126,397.9991,518.2195,101.0960,1.000000,8,0.65625
619,1,132.6397,371.1601,483.0313,117.9157,1.000000,8,1
619,2,409.1440,398.1296,518.6957,101.1454,1.000000,8,0.65625
620,1,132.2201,371.4687,482.9000,117.8948,1.000000,8,1
620,2,409.9734,398.2623,519.1769,101.1959,1.000000,8,0.625
621,1,131.8005,371.7801,482.7689,117.8740,1.000000,8,1
621,2,410.8008,398.3954,519.6628,101.2474,1.000000,8,0.6875
622,1,131.3808,372.0921,482.6379,117.8533,1.000000,8,1
622,2,411.6261,398.5270,520.1532,101.2997,1.000000,8,0.6875
623,1,130.9624,372.4086,482.5068,117.8326,1.000000,8,1
623,2,412.4490,398.6599,520.6497,101.3535,1.000000,8,0.65625
624,1,130.5447,372.7265,482.3754,117.8118,1.000000,8,1
624,2,413.2698,398.7923,521.1513,101.4082,1.000000,8,0.71875
625,1,130.1269,373.0436,482.2443,117.7912,1.000000,8,1
625,2,414.0880,398.9223,521.6589,101.4642,1.000000,8,0.5625
626,1,129.7098,373.3637,482.1140,117.7708,1.000000,8,1
626,2,414.9035,399.0534,522.1730,101.5216,1.000000,8,0.75
627,1,129.2937,373.6845,481.9836,117.7503,1.000000,8,1
627,2,415.7162,399.1840,522.6935,101.5802,1.000000,8,0.5625
628,1,128.8786,374.0034,481.8530,117.7297,1.000000,8,1
628,2,416.5254,399.3120,523.2209,101.6404,1.000000,8,0.65625
629,1,128.4640,374.3240,481.7230,117.7093,1.000000,8,1
629,2,417.3309,399.4407,523.7562,101.7023,1.000000,8,0.65625
630,1,128.0492,374.6439,481.5939,117.6892,1.000000,8,1
630,2,418.1337,399.5689,524.2979,101.7654,1.000000,8,0.75
631,1,127.6352,374.9610,481.4651,117.6690,1.000000,8,1
631,2,418.9341,399.6956,524.8449,101.8297,1.000000,8,0.625
632,1,127.2234,375.2789,481.3361,117.6488,1.000000,8,1
632,2,419.7319,399.8246,525.3987,101.8954,1.000000,8,0.6875
633,1,126.8126,375.5956,481.2074,117.6286,1.000000,8,1
633,2,420.5274,399.9539,525.9584,101.9624,1.000000,8,0.75
634,1,126.4024,375.9087,481.0791,117.6084,1.000000,8,1
634,2,421.3211,400.0821,526.5238,102.0305,1.000000,8,0.6875
635,1,125.9954,376.2219,480.9502,117.5880,1.000000,8,1
635,2,422.1132,400.2140,527.0961,102.1000,1.000000,8,0.75
636,1,125.5904,376.5333,480.8211,117.5674,1.000000,8,1
636,2,422.9041,400.3477,527.6741,102.1707,1.000000,8,0.71875
637,1,125.1860,376.8400,480.6925,117.5468,1.000000,8,1
637,2,423.6940,400.4812,528.2579,102.2424,1.000000,8,0.75
638,1,124.7837,377.1458,480.5641,117.5262,1.000000,8,1
638,2,424.4828,400.6199,528.8478,102.3156,1.000000,8,0.6875
639,1,124.3832,377.4492,480.4358,117.5055,1.000000,8,1
639,2,425.2708,400.7610,529.4429,102.3897,1.000000,8,0.65625
640,1,123.9838,377.7488,480.3075,117.4846,1.000000,8,1
640,2,426.0588,400.9027,530.0423,102.4647,1.000000,8,0.71875
641,1,123.5844,378.0463,480.1803,117.4641,1.000000,8,1
641,2,426.8460,401.0506,530.6475,102.5408,1.000000,8,0.78125
642,1,123.1860,378.3409,480.0532,117.4435,1.000000,8,1
642,2,427.6332,401.2010,531.2572,102.6178,1.000000,8,0.71875
643,1,122.7892,378.6310,479.9260,117.4227,1.000000,8,1
643,2,428.4205,401.3508,531.8712,102.6956,1.000000,8,0.6875
644,1,122.3923,378.9185,479.7997,117.4021,1.000000,8,1
644,2,429.2082,401.5064,532.4885,102.7740,1.000000,8,0.71875
645,1,121.9951,379.2031,479.6743,117.3817,1.000000,8,1
645,2,429.9963,401.6643,533.1094,102.8531,1.000000,8,0.71875
646,1,121.5979,379.4835,479.5493,117.3614,1.000000,8,1
646,2,430.7852,401.8218,533.7331,102.9327,1.000000,8,0.71875
647,1,121.2006,379.7608,479.4249,117.3411,1.000000,8,1
647,2,431.5753,401.9838,534.3592,103.0126,1.000000,8,0.8125
648,1,120.8039,380.0347,479.3002,117.3206,1.000000,8,1
648,2,432.3666,402.1472,534.9874,103.0929,1.000000,8,0.6875
649,1,120.4076,380.3034,479.1756,117.3000,1.000000,8,1
649,2,433.1595,402.3098,535.6171,103.1733,1.000000,8,0.71875
650,1,120.0094,380.5695,479.0515,117.2796,1.000000,8,1
650,2,433.9545,402.4766,536.2481,103.2538,1.000000,8,0.65625
651,1,119.6095,380.8318,478.9282,117.2593,1.000000,8,1
651,2,434.7520,402.6442,536.8798,103.3343,1.000000,8,0.71875
652,1,119.2076,381.0883,478.8049,117.2390,1.000000,8,1
652,2,435.5513,402.8108,537.5130,103.4149,1.000000,8,0.9375
653,1,118.8049,381.3413,478.6821,117.2186,1.000000,8,1
653,2,436.3527,402.9823,538.1461,103.4955,1.000000,8,0.75
654,1,118.4016,381.5903,478.5597,117.1983,1.000000,8,1
654,2,437.1566,403.1559,538.7784,103.5757,1.000000,8,0.84375
655,1,117.9972,381.8336,478.4377,117.1782,1.000000,8,1
655,2,437.9633,403.3290,539.4098,103.6554,1.000000,8,0.84375
656,1,117.5919,382.0732,478.3166,117.1581,1.000000,8,1
656,2,438.7732,403.5068,540.0391,103.7347,1.000000,8,0.6875
657,1,117.1853,382.3085,478.1962,117.1382,1.000000,8,1
657,2,439.5860,403.6867,540.6666,103.8134,1.000000,8,0.8125
658,1,116.7775,382.5385,478.0764,117.1182,1.000000,8,1
658,2,440.4019,403.8652,541.2920,103.8915,1.000000,8,0.78125
659,1,116.3691,382.7634,477.9562,117.0983,1.000000,8,1
659,2,441.2208,404.0474,541.9146,103.9688,1.000000,8,0.8125
660,1,115.9598,382.9834,477.8368,117.0782,1.000000,8,1
660,2,442.0435,404.2311,542.5337,104.0453,1.000000,8,0.8125
661,1,115.5494,383.1978,477.7173,117.0581,1.000000,8,1
661,2,442.8702,404.4135,543.1497,104.1209,1.000000,8,0.90625
662,1,115.1379,383.4058,477.5977,117.0379,1.000000,8,1
662,2,443.7009,404.5982,543.7620,104.1955,1.000000,8,0.8125
663,1,114.7260,383.6082,477.4779,117.0175,1.000000,8,1
663,2,444.5355,404.7831,544.3708,104.2691,1.000000,8,0.75
664,1,114.3142,383.8053,477.3575,116.9967,1.000000,8,1
664,2,445.3744,404.9667,544.9758,104.3418,1.000000,8,0.875
665,1,113.9012,383.9977,477.2365,116.9758,1.000000,8,1
665,2,446.2177,405.1520,545.5766,104.4133,1.000000,8,0.8125
666,1,113.4872,384.1845,477.1157,116.9547,1.000000,8,1
666,2,447.0657,405.3365,546.1729,104.4836,1.000000,8,0.8125
667,1,113.0732,384.3634,476.9940,116.9333,1.000000,8,1
667,2,447.9189,405.5184,546.7639,104.5526,1.000000,8,0.875
668,1,112.6590,384.5365,476.8717,116.9114,1.000000,8,1
668,2,448.7762,405.7014,547.3503,104.6204,1.000000,8,0.84375
669,1,112.2452,384.7039,476.7481,116.8891,1.000000,8,1
669,2,449.6377,405.8835,547.9319,104.6869,1.000000,8,0.8125
670,1,111.8319,384.8649,476.6236,116.8663,1.000000,8,1
670,2,450.5043,406.0619,548.5072,104.7519,1.000000,8,0.78125
671,1,111.4180,385.0202,476.4983,116.8432,1.000000,8,1
671,2,451.3749,406.2391,549.0762,104.8153,1.000000,8,0.71875
672,1,111.0048,385.1699,476.3715,116.8195,1.000000,8,1
672,2,452.2494,406.4141,549.6397,104.8773,1.000000,8,0.8125
673,1,110.5938,385.3133,476.2429,116.7951,1.000000,8,1
673,2,453.1280,406.5843,550.1971,104.9379,1.000000,8,0.96875
674,1,110.1823,385.4506,476.1138,116.7703,1.000000,8,1
674,2,454.0106,406.7503,550.7488,104.9969,1.000000,8,0.9375
675,1,109.7712,385.5824,475.9836,116.7451,1.000000,8,1
675,2,454.8967,406.9113,551.2957,105.0547,1.000000,8,0.71875
676,1,109.3623,385.7092,475.8519,116.7193,1.000000,8,1
676,2,455.7869,407.0657,551.8373,105.1111,1.000000,8,0.875
677,1,108.9540,385.8310,475.7182,116.6929,1.000000,8,1
677,2,456.6803,407.2166,552.3743,105.1663,1.000000,8,0.875
678,1,108.5465,385.9482,475.5831,116.6659,1.000000,8,1
678,2,457.5771,407.3627,552.9068,105.2203,1.000000,8,0.78125
679,1,108.1419,386.0602,475.4451,116.6378,1.000000,8,1
679,2,458.4778,407.5021,553.4346,105.2730,1.000000,8,0.78125
680,1,107.7377,386.1672,475.3050,116.6090,1.000000,8,1
680,2,459.3811,407.6360,553.9589,105.3248,1.000000,8,0.8125
681,1,107.3349,386.2697,475.1634,116.5795,1.000000,8,1
681,2,460.2870,407.7644,554.4797,105.3755,1.000000,8,0.78125
682,1,106.9350,386.3675,475.0187,116.5490,1.000000,8,1
682,2,461.1945,407.8863,554.9984,105.4256,1.000000,8,0.84375
683,1,106.5371,386.4627,474.8711,116.5176,1.000000,8,1
683,2,462.1046,408.0025,555.5134,105.4747,1.000000,8,0.75
684,1,106.1413,386.5546,474.7217,116.4855,1.000000,8,1
684,2,463.0164,408.1128,556.0270,105.5233,1.000000,8,0.90625
685,1,105.7481,386.6422,474.5703,116.4526,1.000000,8,1
685,2,463.9285,408.2159,556.5399,105.5715,1.000000,8,0.96875
686,1,105.3581,386.7267,474.4158,116.4187,1.000000,8,1
686,2,464.8409,408.3129,557.0502,105.6190,1.000000,8,0.84375
687,1,104.9719,386.8082,474.2587,116.3839,1.000000,8,1
687,2,465.7528,408.4043,557.5591,105.6662,1.000000,8,0.9375
688,1,104.5887,386.8863,474.1000,116.3485,1.000000,8,1
688,2,466.6644,408.4901,558.0663,105.7128,1.000000,8,0.75
689,1,104.2078,386.9613,473.9392,116.3123,1.000000,8,1
689,2,467.5764,408.5674,558.5718,105.7589,1.000000,8,0.875
690,1,103.8301,387.0334,473.7762,116.2754,1.000000,8,1
690,2,468.4887,408.6362,559.0771,105.8047,1.000000,8,0.90625
691,1,103.4560,387.1029,473.6115,116.2378,1.000000,8,1
691,2,469.4006,408.6961,559.5833,105.8505,1.000000,8,0.78125
692,1,103.0858,387.1698,473.4445,116.1993,1.000000,8,1
692,2,470.3130,408.7477,560.0887,105.8959,1.000000,8,0.90625
693,1,102.7190,387.2347,473.2757,116.1602,1.000000,8,1
693,2,471.2257,408.7926,560.5945,105.9411,1.000000,8,0.9375
694,1,102.3551,387.2978,473.1058,116.1207,1.000000,8,1
694,2,472.1382,408.8304,561.1008,105.9863,1.000000,8,0.9375
695,1,101.9956,387.3588,472.9343,116.0805,1.000000,8,1
695,2,473.0501,408.8603,561.6086,106.0316,1.000000,8,0.90625
696,1,101.6396,387.4180,472.7613,116.0398,1.000000,8,1
696,2,473.9616,408.8836,562.1176,106.0770,1.000000,8,0.875
697,1,101.2870,387.4749,472.5867,115.9986,1.000000,8,1
697,2,474.8730,408.8996,562.6271,106.1222,1.000000,8,0.9375
698,1,100.9376,387.5302,472.4112,115.9569,1.000000,8,1
698,2,475.7831,408.9097,563.1385,106.1677,1.000000,8,0.90625
699,1,100.5918,387.5842,472.2339,115.9147,1.000000,8,1
699,2,476.6920,408.9151,563.6526,106.2137,1.000000,8,0.90625
700,1,100.2505,387.6376,472.0548,115.8717,1.000000,8,1
700,2,477.6002,408.9148,564.1688,106.2598,1.000000,8,0.90625
701,1,99.9122,387.6912,471.8748,115.8283,1.000000,8,1
701,2,478.5067,408.9077,564.6866,106.3063,1.000000,8,0.90625
702,1,99.5776,387.7438,471.6930,115.7845,1.000000,8,1
702,2,479.4117,408.8949,565.2067,106.3531,1.000000,8,0.9375
703,1,99.2478,387.7951,471.5102,115.7401,1.000000,8,1
703,2,480.3157,408.8755,565.7291,106.4001,1.000000,8,0.90625
704,1,98.9223,387.8482,471.3252,115.6951,1.000000,8,1
704,2,481.2189,408.8486,566.2532,106.4474,1.000000,8,0.90625
705,1,98.6002,387.9031,471.1397,115.6498,1.000000,8,1
705,2,482.1211,408.8156,566.7804,106.4951,1.000000,8,0.96875
706,1,98.2830,387.9596,470.9526,115.6040,1.000000,8,1
706,2,483.0220,408.7764,567.3120,106.5435,1.000000,8,0.875
707,1,97.9710,388.0175,470.7637,115.5576,1.000000,8,1
707,2,483.9230,408.7292,567.8464,106.5922,1.000000,8,0.9375
708,1,97.6627,388.0766,470.5735,115.5109,1.000000,8,1
708,2,484.8233,408.6758,568.3842,106.6415,1.000000,8,0.9375
709,1,97.3574,388.1370,470.3827,115.4637,1.000000,8,1
709,2,485.7225,408.6161,568.9260,106.6913,1.000000,8,0.9375
710,1,97.0571,388.2005,470.1895,115.4160,1.000000,8,1
710,2,486.6211,408.5485,569.4703,106.7415,1.000000,8,0.96875
711,1,96.7607,388.2659,469.9952,115.3679,1.000000,8,1
711,2,487.5190,408.4743,570.0178,106.7920,1.000000,8,0.9375
712,1,96.4669,388.3321,469.8007,115.3196,1.000000,8,1
712,2,488.4156,408.3947,570.5686,106.8432,1.000000,8,0.9375
713,1,96.1771,388.4016,469.6040,115.2707,1.000000,8,1
713,2,489.3115,408.3076,571.1216,106.8945,1.000000,8,0.9375
714,1,95.8904,388.4730,469.4060,115.2214,1.000000,8,1
714,2,490.2064,408.2143,571.6773,106.9462,1.000000,8,0.90625
715,1,95.6063,388.5454,469.2074,115.1718,1.000000,8,1
715,2,491.0998,408.1161,572.2366,106.9986,1.000000,8,1
716,1,95.3240,388.6209,469.0081,115.1221,1.000000,8,1
716,2,491.9921,408.0113,572.7984,107.0512,1.000000,8,0.9375
717,1,95.0443,388.6974,468.8079,115.0721,1.000000,8,1
717,2,492.8833,407.9013,573.3629,107.1042,1.000000,8,0.9375
718,1,94.7674,388.7735,468.6067,115.0217,1.000000,8,1
718,2,493.7735,407.7867,573.9308,107.1579,1.000000,8,0.96875
719,1,94.4933,388.8525,468.4040,114.9710,1.000000,8,1
719,2,494.6647,407.6645,574.5008,107.2116,1.000000,8,1
720,1,94.2215,388.9322,468.2005,114.9199,1.000000,8,1
720,2,495.5573,407.5371,575.0740,107.2656,1.000000,8,0.9375
721,1,93.9512,389.0104,467.9960,114.8685,1.000000,8,1
721,2,496.4507,407.4065,575.6516,107.3203,1.000000,8,0.9375
722,1,93.6837,389.0893,467.7910,114.8169,1.000000,8,1
722,2,497.3455,407.2723,576.2314,107.3752,1.000000,8,0.96875
723,1,93.4183,389.1680,467.5853,114.7650,1.000000,8,1
723,2,498.2407,407.1372,576.8140,107.4306,1.000000,8,0.96875
724,1,93.1544,389.2448,467.3795,114.7130,1.000000,8,1
724,2,499.1360,407.0025,577.3990,107.4864,1.000000,8,0.96875
725,1,92.8939,389.3218,467.1724,114.6606,1.000000,8,1
725,2,500.0321,406.8654,577.9850,107.5421,1.000000,8,1
726,1,92.6353,389.3980,466.9650,114.6080,1.000000,8,1
726,2,500.9283,406.7270,578.5723,107.5980,1.000000,8,0.96875
727,1,92.3783,389.4712,466.7579,114.5554,1.000000,8,1
727,2,501.8243,406.5878,579.1619,107.6543,1.000000,8,0.875
728,1,92.1247,389.5423,466.5499,114.5023,1.000000,8,1
728,2,502.7211,406.4445,579.7521,107.7105,1.000000,8,1
729,1,91.8737,389.6104,466.3411,114.4491,1.000000,8,1
729,2,503.6185,406.2988,580.3431,107.7666,1.000000,8,0.96875
730,1,91.6250,389.6748,466.1320,114.3954,1.000000,8,1
730,2,504.5163,406.1513,580.9359,107.8230,1.000000,8,0.96875
731,1,91.3800,389.7376,465.9215,114.3414,1.000000,8,1
731,2,505.4153,405.9983,581.5288,107.8793,1.000000,8,0.96875
732,1,91.1371,389.7979,465.7110,114.2872,1.000000,8,1
732,2,506.3148,405.8421,582.1229,107.9355,1.000000,8,1
733,1,90.8955,389.8553,465.5002,114.2328,1.000000,8,1
733,2,507.2147,405.6851,582.7181,107.9919,1.000000,8,1
734,1,90.6568,389.9103,465.2884,114.1781,1.000000,8,1
734,2,508.1157,405.5222,583.3136,108.0481,1.000000,8,1
735,1,90.4197,389.9624,465.0756,114.1229,1.000000,8,1
735,2,509.0171,405.3566,583.9103,108.1042,1.000000,8,0.96875
736,1,90.1835,390.0104,464.8623,114.0674,1.000000,8,1
736,2,509.9182,405.1907,584.5080,108.1607,1.000000,8,0.96875
737,1,89.9486,390.0563,464.6468,114.0112,1.000000,8,1
737,2,510.8198,405.0197,585.1047,108.2167,1.000000,8,1
738,1,89.7148,390.1003,464.4298,113.9547,1.000000,8,1
738,2,511.7209,404.8468,585.7017,108.2727,1.000000,8,0.9375
739,1,89.4813,390.1414,464.2127,113.8979,1.000000,8,1
739,2,512.6206,404.6751,586.2992,108.3288,1.000000,8,1
740,1,89.2486,390.1797,463.9945,113.8407,1.000000,8,1
740,2,513.5199,404.5004,586.8961,108.3846,1.000000,8,1
741,1,89.0171,390.2156,463.7750,113.7832,1.000000,8,1
741,2,514.4187,404.3258,587.4929,108.4405,1.000000,8,1
742,1,88.7870,390.2495,463.5548,113.7253,1.000000,8,1
742,2,515.3165,404.1541,588.0900,108.4965,1.000000,8,1
743,1,88.5573,390.2813,463.3343,113.6672,1.000000,8,1
743,2,516.2141,403.9816,588.6872,108.5524,1.000000,8,1
744,1,88.3278,390.3109,463.1135,113.6090,1.000000,8,1
744,2,517.1115,403.8116,589.2839,108.6082,1.000000,8,1
745,1,88.0987,390.3378,462.8917,113.5506,1.000000,8,1
745,2,518.0087,403.6473,589.8805,108.6642,1.000000,8,0.96875
746,1,87.8701,390.3620,462.6702,113.4920,1.000000,8,1
746,2,518.9063,403.4849,590.4775,108.7200,1.000000,8,1
747,1,87.6418,390.3835,462.4487,113.4335,1.000000,8,1
747,2,519.8046,403.3265,591.0746,108.7760,1.000000,8,1
748,1,87.4127,390.4020,462.2277,113.3750,1.000000,8,1
748,2,520.7034,403.1745,591.6718,108.8320,1.000000,8,1
749,1,87.1836,390.4173,462.0063,113.3165,1.000000,8,1
749,2,521.6035,403.0262,592.2692,108.8880,1.000000,8,1
750,1,86.9539,390.4294,461.7859,113.2579,1.000000,8,1
750,2,522.5051,402.8833,592.8661,108.9438,1.000000,8,1
751,1,86.7238,390.4380,461.5657,113.1996,1.000000,8,1
751,2,523.4080,402.7479,593.4616,108.9995,1.000000,8,1
752,1,86.4925,390.4425,461.3463,113.1413,1.000000,8,1
752,2,524.3124,402.6167,594.0560,109.0549,1.000000,8,1
753,1,86.2608,390.4431,461.1273,113.0831,1.000000,8,1
753,2,525.2185,402.4902,594.6483,109.1098,1.000000,8,1
754,1,86.0290,390.4396,460.9077,113.0247,1.000000,8,1
754,2,526.1265,402.3693,595.2377,109.1642,1.000000,8,1
755,1,85.7962,390.4311,460.6894,112.9665,1.000000,8,1
755,2,527.0368,402.2507,595.8255,109.2182,1.000000,8,1
756,1,85.5625,390.4181,460.4714,112.9083,1.000000,8,1
756,2,527.9495,402.1349,596.4108,109.2715,1.000000,8,1
757,1,85.3273,390.3999,460.2543,112.8504,1.000000,8,1
757,2,528.8649,402.0232,596.9923,109.3241,1.000000,8,1
758,1,85.0906,390.3745,460.0379,112.7924,1.000000,8,1
758,2,529.7837,401.9141,597.5708,109.3759,1.000000,8,1
759,1,84.8531,390.3436,459.8219,112.7345,1.000000,8,1
759,2,530.7056,401.8083,598.1455,109.4269,1.000000,8,1
760,1,84.6152,390.3082,459.6062,112.6766,1.000000,8,1
760,2,531.6307,401.7069,598.7161,109.4770,1.000000,8,1
761,1,84.3767,390.2653,459.3902,112.6186,1.000000,8,1
761,2,532.5596,401.6076,599.2825,109.5261,1.000000,8,1
762,1,84.1374,390.2161,459.1749,112.5605,1.000000,8,1
762,2,533.4919,401.5108,599.8443,109.5741,1.000000,8,1
763,1,83.8963,390.1614,458.9602,112.5025,1.000000,8,1
763,2,534.4272,401.4169,600.4014,109.6212,1.000000,8,1
764,1,83.6529,390.0993,458.7463,112.4447,1.000000,8,1
764,2,535.3651,401.3255,600.9542,109.6673,1.000000,8,1
765,1,83.4074,390.0310,458.5332,112.3871,1.000000,8,1
765,2,536.3051,401.2366,601.5027,109.7126,1.000000,8,1
766,1,83.1601,389.9569,458.3212,112.3296,1.000000,8,1
766,2,537.2474,401.1497,602.0461,109.7567,1.000000,8,1
767,1,82.9090,389.8756,458.1105,112.2724,1.000000,8,1
767,2,538.1923,401.0632,602.5855,109.8000,1.000000,8,1
768,1,82.6548,389.7886,457.9006,112.2155,1.000000,8,1
768,2,539.1398,400.9772,603.1212,109.8424,1.000000,8,1
769,1,82.3977,389.6969,457.6926,112.1590,1.000000,8,1
769,2,540.0898,400.8923,603.6531,109.8840,1.000000,8,1
770,1,82.1369,389.5981,457.4857,112.1028,1.000000,8,1
770,2,541.0424,400.8078,604.1819,109.9247,1.000000,8,1
771,1,81.8727,389.4939,457.2800,112.0470,1.000000,8,1
771,2,541.9976,400.7236,604.7073,109.9648,1.000000,8,1
772,1,81.6044,389.3858,457.0764,111.9916,1.000000,8,1
772,2,542.9554,400.6403,605.2286,110.0038,1.000000,8,1
773,1,81.3313,389.2704,456.8741,111.9367,1.000000,8,1
773,2,543.9158,400.5571,605.7465,110.0421,1.000000,8,1
774,1,81.0543,389.1498,456.6733,111.8822,1.000000,8,1
774,2,544.8784,400.4738,606.2617,110.0797,1.000000,8,1
775,1,80.7743,389.0260,456.4741,111.8281,1.000000,8,1
775,2,545.8428,400.3902,606.7744,110.1168,1.000000,8,1
776,1,80.4892,388.8968,456.2765,111.7745,1.000000,8,1
776,2,546.8088,400.3064,607.2848,110.1532,1.000000,8,1
777,1,80.2012,388.7635,456.0800,111.7212,1.000000,8,1
777,2,547.7764,400.2222,607.7932,110.1892,1.000000,8,1
778,1,79.9116,388.6270,455.8844,111.6681,1.000000,8,1
778,2,548.7446,400.1377,608.3007,110.2249,1.000000,8,1
779,1,79.6174,388.4857,455.6910,111.6156,1.000000,8,1
779,2,549.7135,400.0526,608.8065,110.2603,1.000000,8,1
780,1,79.3201,388.3405,455.4994,111.5637,1.000000,8,1
780,2,550.6830,399.9669,609.3113,110.2954,1.000000,8,1
781,1,79.0210,388.1925,455.3091,111.5121,1.000000,8,1
781,2,551.6532,399.8804,609.8146,110.3300,1.000000,8,1
782,1,78.7190,388.0398,455.1205,111.4610,1.000000,8,1
782,2,552.6241,399.7917,610.3176,110.3646,1.000000,8,1
783,1,78.4141,387.8839,454.9340,111.4105,1.000000,8,1
783,2,553.5958,399.7014,610.8208,110.3990,1.000000,8,1
784,1,78.1065,387.7259,454.7499,111.3606,1.000000,8,1
784,2,554.5683,399.6104,611.3240,110.4334,1.000000,8,1
785,1,77.7959,387.5630,454.5681,111.3114,1.000000,8,1
785,2,555.5411,399.5178,611.8282,110.4678,1.000000,8,1
786,1,77.4832,387.3968,454.3883,111.2628,1.000000,8,1
786,2,556.5140,399.4246,612.3344,110.5025,1.000000,8,1
787,1,77.1674,387.2294,454.2113,111.2150,1.000000,8,1
787,2,557.4873,399.3316,612.8417,110.5374,1.000000,8,1
788,1,76.8483,387.0582,454.0371,111.1680,1.000000,8,1
788,2,558.4609,399.2364,613.3499,110.5724,1.000000,8,1
789,1,76.5258,386.8844,453.8658,111.1220,1.000000,8,1
789,2,559.4342,399.1402,613.8604,110.6077,1.000000,8,1
790,1,76.2007,386.7093,453.6975,111.0767,1.000000,8,1
790,2,560.4070,399.0442,614.3737,110.6435,1.000000,8,1
791,1,75.8725,386.5312,453.5319,111.0322,1.000000,8,1
791,2,561.3797,398.9465,614.8887,110.6796,1.000000,8,1
792,1,75.5413,386.3513,453.3693,110.9887,1.000000,8,1
792,2,562.3518,398.8482,615.4065,110.7161,1.000000,8,1
793,1,75.2074,386.1703,453.2094,110.9460,1.000000,8,1
793,2,563.3234,398.7502,615.9271,110.7531,1.000000,8,1
794,1,74.8698,385.9866,453.0532,110.9043,1.000000,8,1
794,2,564.2932,398.6505,616.4514,110.7909,1.000000,8,1
795,1,74.5280,385.8020,452.9002,110.8637,1.000000,8,1
795,2,565.2612,398.5506,616.9791,110.8292,1.000000,8,1
796,1,74.1821,385.6180,452.7506,110.8242,1.000000,8,1
796,2,566.2276,398.4515,617.5107,110.8684,1.000000,8,1
797,1,73.8335,385.4331,452.6038,110.7855,1.000000,8,1
797,2,567.1925,398.3503,618.0469,110.9083,1.000000,8,1
798,1,73.4815,385.2481,452.4601,110.7478,1.000000,8,1
798,2,568.1561,398.2485,618.5880,110.9492,1.000000,8,1
799,1,73.1257,385.0640,452.3194,110.7110,1.000000,8,1
799,2,569.1182,398.1484,619.1355,110.9913,1.000000,8,1
800,1,72.7681,384.8802,452.1804,110.6748,1.000000,8,1
800,2,570.0782,398.0473,619.6898,111.0347,1.000000,8,1
801,1,72.4077,384.6978,452.0436,110.6394,1.000000,8,1
801,2,571.0363,397.9471,620.2504,111.0792,1.000000,8,1
802,1,72.0425,384.5183,451.9105,110.6051,1.000000,8,1
802,2,571.9923,397.8497,620.8187,111.1253,1.000000,8,1
803,1,71.6760,384.3403,451.7784,110.5712,1.000000,8,1
803,2,572.9455,397.7541,621.3948,111.1730,1.000000,8,1
804,1,71.3067,384.1648,451.6484,110.5380,1.000000,8,1
804,2,573.8962,397.6617,621.9788,111.2222,1.000000,8,1
805,1,70.9333,383.9929,451.5209,110.5057,1.000000,8,1
805,2,574.8442,397.5737,622.5708,111.2730,1.000000,8,1
806,1,70.5587,383.8244,451.3939,110.4737,1.000000,8,1
806,2,575.7897,397.4882,623.1702,111.3253,1.000000,8,1
807,1,70.1821,383.6597,451.2679,110.4421,1.000000,8,1
807,2,576.7328,397.4065,623.7769,111.3790,1.000000,8,1
808,1,69.8037,383.4991,451.1433,110.4109,1.000000,8,1
808,2,577.6739,397.3303,624.3915,111.4344,1.000000,8,1
809,1,69.4260,383.3421,451.0180,110.3797,1.000000,8,1
809,2,578.6134,397.2577,625.0144,111.4913,1.000000,8,1
810,1,69.0475,383.1891,450.8933,110.3489,1.000000,8,1
810,2,579.5525,397.1895,625.6442,111.5496,1.000000,8,1
811,1,68.6655,383.0400,450.7709,110.3188,1.000000,8,1
811,2,580.4916,397.1271,626.2804,111.6091,1.000000,8,1
812,1,68.2845,382.8950,450.6485,110.2887,1.000000,8,1
812,2,581.4304,397.0710,626.9249,111.6701,1.000000,8,1
813,1,67.9039,382.7541,450.5260,110.2588,1.000000,8,1
813,2,582.3690,397.0208,627.5757,111.7323,1.000000,8,1
814,1,67.5220,382.6180,450.4049,110.2292,1.000000,8,1
814,2,583.3076,396.9763,628.2319,111.7955,1.000000,8,1
815,1,67.1394,382.4853,450.2840,110.1999,1.000000,8,1
815,2,584.2460,396.9368,628.8938,111.8599,1.000000,8,1
816,1,66.7564,382.3559,450.1636,110.1709,1.000000,8,1
816,2,585.1843,396.9015,629.5610,111.9253,1.000000,8,1
817,1,66.3744,382.2309,450.0432,110.1419,1.000000,8,1
817,2,586.1224,396.8691,630.2337,111.9916,1.000000,8,1
818,1,65.9924,382.1089,449.9230,110.1131,1.000000,8,1
818,2,587.0606,396.8389,630.9103,112.0586,1.000000,8,1
819,1,65.6092,381.9897,449.8040,110.0845,1.000000,8,1
819,2,587.9988,396.8104,631.5915,112.1263,1.000000,8,1
820,1,65.2248,381.8740,449.6861,110.0565,1.000000,8,1
820,2,588.9366,396.7831,632.2789,112.1952,1.000000,8,1
821,1,64.8417,381.7614,449.5677,110.0284,1.000000,8,1
821,2,589.8737,396.7559,632.9722,112.2650,1.000000,8,1
822,1,64.4588,381.6517,449.4499,110.0005,1.000000,8,1
822,2,590.8107,396.7285,633.6698,112.3356,1.000000,8,1
823,1,64.0747,381.5454,449.3329,109.9730,1.000000,8,1
823,2,591.7482,396.7004,634.3701,112.4066,1.000000,8,1
824,1,63.6922,381.4419,449.2160,109.9455,1.000000,8,1
824,2,592.6850,396.6712,635.0767,112.4786,1.000000,8,1
825,1,63.3100,381.3412,449.0992,109.9181,1.000000,8,1
825,2,593.6221,396.6407,635.7877,112.5513,1.000000,8,1
826,1,62.9265,381.2433,448.9838,109.8911,1.000000,8,1
826,2,594.5596,396.6089,636.5024,112.6244,1.000000,8,1
827,1,62.5440,381.1476,448.8686,109.8642,1.000000,8,1
827,2,595.4968,396.5762,637.2226,112.6986,1.000000,8,1
828,1,62.1614,381.0549,448.7536,109.8376,1.000000,8,1
828,2,596.4336,396.5429,637.9474,112.7735,1.000000,8,1
829,1,61.7786,380.9661,448.6393,109.8112,1.000000,8,1
829,2,597.3701,396.5085,638.6778,112.8492,1.000000,8,1
830,1,61.3969,380.8789,448.5249,109.7848,1.000000,8,1
830,2,598.3062,396.4728,639.4131,112.9257,1.000000,8,1
831,1,61.0146,380.7943,448.4115,109.7585,1.000000,8,1
831,2,599.2424,396.4364,640.1526,113.0030,1.000000,8,1
832,1,60.6327,380.7133,448.2978,109.7325,1.000000,8,1
832,2,600.1786,396.3989,640.8973,113.0810,1.000000,8,1
833,1,60.2524,380.6351,448.1837,109.7063,1.000000,8,1
833,2,601.1150,396.3601,641.6467,113.1597,1.000000,8,1
834,1,59.8726,380.5602,448.0696,109.6801,1.000000,8,1
834,2,602.0519,396.3199,642.4005,113.2390,1.000000,8,1
835,1,59.4936,380.4889,447.9547,109.6539,1.000000,8,1
835,2,602.9892,396.2780,643.1602,113.3193,1.000000,8,1
836,1,59.1150,380.4201,447.8397,109.6276,1.000000,8,1
836,2,603.9276,396.2346,643.9246,113.4002,1.000000,8,1
837,1,58.7365,380.3545,447.7249,109.6013,1.000000,8,1
837,2,604.8670,396.1898,644.6937,113.4818,1.000000,8,1
838,1,58.3592,380.2924,447.6087,109.5749,1.000000,8,1
838,2,605.8077,396.1430,645.4684,113.5642,1.000000,8,1
839,1,57.9823,380.2338,447.4919,109.5483,1.000000,8,1
839,2,606.7500,396.0938,646.2483,113.6473,1.000000,8,1
840,1,57.6061,380.1786,447.3746,109.5215,1.000000,8,1
840,2,607.6937,396.0428,647.0331,113.7310,1.000000,8,1
841,1,57.2309,380.1270,447.2559,109.4945,1.000000,8,1
841,2,608.6385,395.9901,647.8232,113.8155,1.000000,8,1
842,1,56.8562,380.0787,447.1363,109.4672,1.000000,8,1
842,2,609.5849,395.9342,648.6171,113.9004,1.000000,8,1
843,1,56.4828,380.0340,447.0150,109.4396,1.000000,8,1
843,2,610.5325,395.8755,649.4149,113.9858,1.000000,8,1
844,1,56.1097,379.9932,446.8932,109.4118,1.000000,8,1
844,2,611.4808,395.8142,650.2177,114.0718,1.000000,8,1
845,1,55.7370,379.9550,446.7700,109.3837,1.000000,8,1
845,2,612.4304,395.7494,651.0237,114.1582,1.000000,8,1
846,1,55.3653,379.9198,446.6456,109.3553,1.000000,8,1
846,2,613.3806,395.6813,651.8344,114.2453,1.000000,8,1
847,1,54.9948,379.8888,446.5200,109.3266,1.000000,8,1
847,2,614.3311,395.6105,652.6516,114.3333,1.000000,8,1
848,1,54.6243,379.8608,446.3937,109.2977,1.000000,8,1
848,2,615.2823,395.5374,653.4733,114.4219,1.000000,8,1
849,1,54.2544,379.8358,446.2664,109.2686,1.000000,8,1
849,2,616.2343,395.4625,654.2994,114.5110,1.000000,8,1
850,1,53.8859,379.8139,446.1378,109.2393,1.000000,8,1
850,2,617.1870,395.3869,655.1302,114.6009,1.000000,8,1
851,1,53.5173,379.7942,446.0087,109.2098,1.000000,8,1
851,2,618.1403,395.3103,655.9660,114.6916,1.000000,8,1
852,1,53.1493,379.7773,445.8793,109.1801,1.000000,8,1
852,2,619.0942,395.2345,656.8069,114.7830,1.000000,8,1
853,1,52.7829,379.7636,445.7487,109.1504,1.000000,8,1
853,2,620.0480,395.1616,657.6539,114.8754,1.000000,8,1
854,1,52.4168,379.7518,445.6186,109.1206,1.000000,8,1
854,2,621.0024,395.0901,658.5066,114.9688,1.000000,8,1
855,1,52.0517,379.7421,445.4881,109.0909,1.000000,8,1
855,2,621.9575,395.0208,659.3655,115.0631,1.000000,8,1
856,1,51.6871,379.7347,445.3579,109.0613,1.000000,8,1
856,2,622.9130,394.9551,660.2313,115.1586,1.000000,8,1
857,1,51.3228,379.7286,445.2284,109.0318,1.000000,8,1
857,2,623.8694,394.8939,661.1031,115.2552,1.000000,8,1
858,1,50.9589,379.7238,445.0987,109.0023,1.000000,8,1
858,2,624.8259,394.8379,661.9810,115.3527,1.000000,8,1
859,1,50.5956,379.7203,444.9691,108.9729,1.000000,8,1
859,2,625.7824,394.7886,662.8651,115.4515,1.000000,8,1
860,1,50.2320,379.7180,444.8402,108.9438,1.000000,8,1
860,2,626.7394,394.7450,663.7556,115.5513,1.000000,8,1
861,1,49.8683,379.7168,444.7118,108.9147,1.000000,8,1
861,2,627.6967,394.7065,664.6525,115.6523,1.000000,8,1
862,1,49.5047,379.7169,444.5837,108.8858,1.000000,8,1
862,2,628.6542,394.6732,665.5569,115.7546,1.000000,8,1
863,1,49.1415,379.7180,444.4561,108.8571,1.000000,8,1
863,2,629.6130,394.6457,666.4673,115.8580,1.000000,8,1
864,1,48.7785,379.7198,444.3291,108.8285,1.000000,8,1
864,2,630.5724,394.6229,667.3842,115.9624,1.000000,8,1
865,1,48.4156,379.7229,444.2026,108.8001,1.000000,8,1
865,2,631.5328,394.6040,668.3074,116.0678,1.000000,8,1
866,1,48.0528,379.7269,444.0769,108.7719,1.000000,8,1
866,2,632.4943,394.5903,669.2373,116.1744,1.000000,8,1
867,1,47.6905,379.7319,443.9515,108.7439,1.000000,8,1
867,2,633.4564,394.5804,670.1746,116.2822,1.000000,8,1
868,1,47.3294,379.7386,443.8264,108.7160,1.000000,8,1
868,2,634.4191,394.5735,671.1193,116.3912,1.000000,8,1
869,1,46.9690,379.7457,443.7014,108.6880,1.000000,8,1
869,2,635.3828,394.5710,672.0707,116.5014,1.000000,8,1
870,1,46.6089,379.7539,443.5770,108.6603,1.000000,8,1
870,2,636.3466,394.5719,673.0281,116.6125,1.000000,8,1
871,1,46.2499,379.7635,443.4527,108.6326,1.000000,8,1
871,2,637.3098,394.5755,673.9912,116.7245,1.000000,8,1
872,1,45.8918,379.7738,443.3283,108.6048,1.000000,8,1
872,2,638.2722,394.5833,674.9586,116.8375,1.000000,8,1
873,1,45.5347,379.7849,443.2040,108.5770,1.000000,8,1
873,2,639.2344,394.5928,675.9313,116.9512,1.000000,8,1
874,1,45.1792,379.7971,443.0791,108.5492,1.000000,8,1
874,2,640.1971,394.6028,676.9099,117.0659,1.000000,8,1
875,1,44.8234,379.8101,442.9548,108.5214,1.000000,8,1
875,2,641.1606,394.6154,677.8943,117.1815,1.000000,8,1
876,1,44.4679,379.8239,442.8305,108.4937,1.000000,8,1
876,2,642.1251,394.6302,678.8832,117.2977,1.000000,8,1
877,1,44.1134,379.8383,442.7059,108.4659,1.000000,8,1
877,2,643.0906,394.6468,679.8763,117.4146,1.000000,8,1
878,1,43.7587,379.8523,442.5810,108.4380,1.000000,8,1
878,2,644.0575,394.6669,680.8732,117.5320,1.000000,8,1
879,1,43.4042,379.8661,442.4559,108.4101,1.000000,8,1
879,2,645.0255,394.6897,681.8737,117.6498,1.000000,8,1
880,1,43.0489,379.8799,442.3312,108.3822,1.000000,8,1
880,2,645.9948,394.7148,682.8771,117.7681,1.000000,8,1
881,1,42.6929,379.8930,442.2065,108.3543,1.000000,8,1
881,2,646.9654,394.7460,683.8824,117.8867,1.000000,8,1
882,1,42.3364,379.9053,442.0818,108.3265,1.000000,8,1
882,2,647.9376,394.7816,684.8888,118.0054,1.000000,8,1
883,1,41.9784,379.9165,441.9574,108.2988,1.000000,8,1
883,2,648.9117,394.8200,685.8957,118.1239,1.000000,8,1
884,1,41.6185,379.9265,441.8338,108.2713,1.000000,8,1
884,2,649.8874,394.8638,686.9024,118.2424,1.000000,8,1
885,1,41.2569,379.9356,441.7103,108.2439,1.000000,8,1
885,2,650.8648,394.9116,687.9090,118.3608,1.000000,8,1
886,1,40.8942,379.9434,441.5874,108.2166,1.000000,8,1
886,2,651.8441,394.9622,688.9146,118.4788,1.000000,8,1
887,1,40.5291,379.9489,441.4659,108.1896,1.000000,8,1
887,2,652.8257,395.0178,689.9182,118.5963,1.000000,8,1
888,1,40.1622,379.9524,441.3455,108.1631,1.000000,8,1
888,2,653.8097,395.0755,690.9200,118.7135,1.000000,8,1
889,1,39.7945,379.9541,441.2262,108.1368,1.000000,8,1
889,2,654.7966,395.1329,691.9197,118.8299,1.000000,8,1
890,1,39.4238,379.9542,441.1090,108.1111,1.000000,8,1
890,2,655.7864,395.1945,692.9169,118.9456,1.000000,8,1
891,1,39.0509,379.9524,440.9935,108.0860,1.000000,8,1
891,2,656.7789,395.2580,693.9132,119.0611,1.000000,8,1
892,1,38.6752,379.9483,440.8795,108.0612,1.000000,8,1
892,2,657.7742,395.3212,694.9091,119.1762,1.000000,8,1
893,1,38.2947,379.9415,440.7672,108.0371,1.000000,8,1
893,2,658.7723,395.3867,695.9023,119.2906,1.000000,8,1
894,1,37.9103,379.9326,440.6564,108.0134,1.000000,8,1
894,2,659.7734,395.4518,696.8934,119.4044,1.000000,8,1
895,1,37.5228,379.9219,440.5469,107.9901,1.000000,8,1
895,2,660.7778,395.5150,697.8832,119.5176,1.000000,8,1
896,1,37.1317,379.9090,440.4384,107.9671,1.000000,8,1
896,2,661.7852,395.5797,698.8708,119.6302,1.000000,8,1
897,1,36.7371,379.8944,440.3313,107.9444,1.000000,8,1
897,2,662.7953,395.6430,699.8575,119.7423,1.000000,8,1
898,1,36.3401,379.8788,440.2249,107.9222,1.000000,8,1
898,2,663.8085,395.7033,700.8439,119.8541,1.000000,8,1
899,1,35.9399,379.8629,440.1193,107.9001,1.000000,8,1
899,2,664.8248,395.7640,701.8256,119.9647,1.000000,8,1
900,1,35.5380,379.8466,440.0142,107.8783,1.000000,8,1
900,2,665.8444,395.8228,702.8042,120.0745,1.000000,8,1
901,1,35.1349,379.8304,439.9095,107.8566,1.000000,8,1
901,2,666.8676,395.8778,703.7786,120.1832,1.000000,8,1
902,1,34.7309,379.8153,439.8045,107.8349,1.000000,8,1
902,2,667.8946,395.9328,704.7468,120.2904,1.000000,8,1
903,1,34.3260,379.8013,439.7000,107.8133,1.000000,8,1
903,2,668.9257,395.9857,705.7103,120.3966,1.000000,8,1
904,1,33.9213,379.7885,439.5950,107.7916,1.000000,8,1
904,2,669.9611,396.0350,706.6708,120.5017,1.000000,8,1
905,1,33.5171,379.7779,439.4898,107.7698,1.000000,8,1
905,2,671.0016,396.0838,707.6236,120.6051,1.000000,8,1
906,1,33.1133,379.7691,439.3842,107.7480,1.000000,8,1
906,2,672.0471,396.1313,708.5693,120.7069,1.000000,8,1
907,1,32.7101,379.7622,439.2786,107.7262,1.000000,8,1
907,2,673.0967,396.1756,709.5085,120.8072,1.000000,8,1
908,1,32.3087,379.7583,439.1719,107.7042,1.000000,8,1
908,2,674.1508,396.2201,710.4364,120.9052,1.000000,8,1
909,1,31.9083,379.7564,439.0651,107.6821,1.000000,8,1
909,2,675.2090,396.2627,711.3541,121.0011,1.000000,8,1
910,1,31.5098,379.7566,438.9576,107.6598,1.000000,8,1
910,2,676.2715,396.3012,712.2626,121.0950,1.000000,8,1
911,1,31.1130,379.7598,438.8497,107.6374,1.000000,8,1
911,2,677.3381,396.3379,713.1569,121.1861,1.000000,8,1
912,1,30.7175,379.7653,438.7414,107.6149,1.000000,8,1
912,2,678.4009,396.3719,714.0480,121.2750,1.000000,8,1
913,1,30.3236,379.7729,438.6327,107.5924,1.000000,8,1
913,2,679.4556,396.4019,714.9425,121.3621,1.000000,8,1
914,1,29.9322,379.7833,438.5233,107.5696,1.000000,8,1
914,2,680.5138,396.4283,715.8215,121.4462,1.000000,8,1
915,1,29.5424,379.7957,438.4133,107.5467,1.000000,8,1
915,2,681.5750,396.4502,716.6901,121.5281,1.000000,8,1
916,1,29.1546,379.8096,438.3031,107.5237,1.000000,8,1
916,2,682.6390,396.4665,717.5497,121.6082,1.000000,8,1
917,1,28.7701,379.8259,438.1917,107.5004,1.000000,8,1
917,2,683.7057,396.4784,718.3962,121.6856,1.000000,8,1
918,1,28.3872,379.8436,438.0801,107.4769,1.000000,8,1
918,2,684.7747,396.4861,719.2326,121.7610,1.000000,8,1
919,1,28.0059,379.8625,437.9680,107.4533,1.000000,8,1
919,2,685.8458,396.4889,720.0599,121.8346,1.000000,8,1
920,1,27.6268,379.8832,437.8552,107.4295,1.000000,8,1
920,2,686.9190,396.4854,720.8752,121.9057,1.000000,8,1
921,1,27.2493,379.9053,437.7418,107.4055,1.000000,8,1
921,2,687.9943,396.4773,721.6818,121.9751,1.000000,8,1
922,1,26.8735,379.9282,437.6279,107.3813,1.000000,8,1
922,2,689.0710,396.4654,722.4824,122.0431,1.000000,8,1
923,1,26.5004,379.9519,437.5127,107.3567,1.000000,8,1
923,2,690.1497,396.4467,723.2732,122.1091,1.000000,8,1
924,1,26.1288,379.9764,437.3967,107.3319,1.000000,8,1
924,2,691.2296,396.4241,724.0575,122.1739,1.000000,8,1
925,1,25.7581,380.0018,437.2806,107.3071,1.000000,8,1
925,2,692.3098,396.3998,724.8369,122.2376,1.000000,8,1
926,1,25.3894,380.0276,437.1634,107.2819,1.000000,8,1
926,2,693.3903,396.3711,725.6085,122.2998,1.000000,8,1
927,1,25.0222,380.0534,437.0459,107.2566,1.000000,8,1
927,2,694.4708,396.3403,726.3725,122.3607,1.000000,8,1
928,1,24.6566,380.0797,436.9276,107.2311,1.000000,8,1
928,2,695.5508,396.3088,727.1310,122.4206,1.000000,8,1
929,1,24.2921,380.1065,436.8094,107.2054,1.000000,8,1
929,2,696.6310,396.2730,727.8822,122.4790,1.000000,8,1
930,1,23.9285,380.1336,436.6909,107.1798,1.000000,8,1
930,2,697.7109,396.2357,728.6277,122.5364,1.000000,8,1
931,1,23.5654,380.1610,436.5726,107.1542,1.000000,8,1
931,2,698.7903,396.1996,729.3672,122.5928,1.000000,8,1
932,1,23.2034,380.1884,436.4540,107.1285,1.000000,8,1
932,2,699.8694,396.1609,730.1013,122.6482,1.000000,8,1
933,1,22.8423,380.2156,436.3354,107.1027,1.000000,8,1
933,2,700.9484,396.1220,730.8309,122.7028,1.000000,8,1
934,1,22.4821,380.2425,436.2168,107.0769,1.000000,8,1
934,2,702.0273,396.0850,731.5562,122.7566,1.000000,8,1
935,1,22.1222,380.2693,436.0982,107.0512,1.000000,8,1
935,2,703.1061,396.0462,732.2775,122.8096,1.000000,8,1
936,1,21.7623,380.2960,435.9803,107.0256,1.000000,8,1
936,2,704.1849,396.0078,732.9946,122.8619,1.000000,8,1
937,1,21.4022,380.3227,435.8631,107.0002,1.000000,8,1
937,2,705.2637,395.9709,733.7097,122.9138,1.000000,8,1
938,1,21.0422,380.3493,435.7465,106.9749,1.000000,8,1
938,2,706.3431,395.9326,734.4229,122.9654,1.000000,8,1
939,1,20.6820,380.3760,435.6305,106.9500,1.000000,8,1
939,2,707.4226,395.8951,735.1338,123.0165,1.000000,8,1
940,1,20.3222,380.4027,435.5153,106.9251,1.000000,8,1
940,2,708.5016,395.8595,735.8410,123.0669,1.000000,8,1
941,1,19.9619,380.4294,435.4010,106.9006,1.000000,8,1
941,2,709.5798,395.8213,736.5471,123.1171,1.000000,8,1
942,1,19.6011,380.4562,435.2878,106.8764,1.000000,8,1
942,2,710.6572,395.7816,737.2529,123.1672,1.000000,8,1
943,1,19.2399,380.4839,435.1758,106.8525,1.000000,8,1
943,2,711.7340,395.7414,737.9574,123.2171,1.000000,8,1
944,1,18.8784,380.5122,435.0647,106.8290,1.000000,8,1
944,2,712.8102,395.6963,738.6620,123.2669,1.000000,8,1
945,1,18.5170,380.5414,434.9548,106.8057,1.000000,8,1
945,2,713.8858,395.6479,739.3669,123.3166,1.000000,8,1
946,1,18.1568,380.5712,434.8449,106.7825,1.000000,8,1
946,2,714.9609,395.5972,740.0727,123.3664,1.000000,8,1
947,1,17.7964,380.6028,434.7364,106.7596,1.000000,8,1
947,2,716.0356,395.5393,740.7806,123.4163,1.000000,8,1
948,1,17.4363,380.6356,434.6287,106.7371,1.000000,8,1
948,2,717.1099,395.4763,741.4899,123.4663,1.000000,8,1
949,1,17.0763,380.6696,434.5216,106.7148,1.000000,8,1
949,2,718.1833,395.4094,742.2007,123.5164,1.000000,8,1
950,1,16.7167,380.7057,434.4154,106.6928,1.000000,8,1
950,2,719.2563,395.3347,742.9141,123.5667,1.000000,8,1
951,1,16.3580,380.7440,434.3097,106.6709,1.000000,8,1
951,2,720.3285,395.2546,743.6298,123.6173,1.000000,8,1
952,1,16.0000,380.7847,434.2046,106.6492,1.000000,8,1
952,2,721.4000,395.1707,744.3478,123.6682,1.000000,8,1
953,1,15.6436,380.8281,434.0995,106.6276,1.000000,8,1
953,2,722.4703,395.0791,745.0697,123.7195,1.000000,8,1
954,1,15.2881,380.8736,433.9947,106.6061,1.000000,8,1
954,2,723.5396,394.9819,745.7946,123.7712,1.000000,8,1
955,1,14.9339,380.9212,433.8898,106.5845,1.000000,8,1
955,2,724.6074,394.8805,746.5211,123.8231,1.000000,8,1
956,1,14.5813,380.9713,433.7846,106.5629,1.000000,8,1
956,2,725.6750,394.7700,747.2522,123.8755,1.000000,8,1
957,1,14.2296,381.0240,433.6792,106.5413,1.000000,8,1
957,2,726.7423,394.6534,747.9874,123.9283,1.000000,8,1
958,1,13.8793,381.0795,433.5737,106.5196,1.000000,8,1
958,2,727.8093,394.5336,748.7278,123.9819,1.000000,8,1
959,1,13.5304,381.1374,433.4671,106.4977,1.000000,8,1
959,2,728.8764,394.4060,749.4754,124.0364,1.000000,8,1
960,1,13.1823,381.1971,433.3596,106.4755,1.000000,8,1
960,2,729.9437,394.2726,750.2281,124.0916,1.000000,8,1
961,1,12.8350,381.2576,433.2518,106.4532,1.000000,8,1
961,2,731.0110,394.1349,750.9858,124.1474,1.000000,8,1
962,1,12.4887,381.3192,433.1426,106.4306,1.000000,8,1
962,2,732.0792,393.9906,751.7516,124.2043,1.000000,8,1
963,1,12.1435,381.3820,433.0327,106.4077,1.000000,8,1
963,2,733.1475,393.8419,752.5248,124.2622,1.000000,8,1
964,1,11.7995,381.4453,432.9223,106.3846,1.000000,8,1
964,2,734.2158,393.6894,753.3051,124.3211,1.000000,8,1
965,1,11.4565,381.5095,432.8116,106.3616,1.000000,8,1
965,2,735.2849,393.5299,754.0938,124.3810,1.000000,8,1
966,1,11.1143,381.5743,432.7010,106.3384,1.000000,8,1
966,2,736.3538,393.3655,754.8889,124.4419,1.000000,8,1
967,1,10.7730,381.6392,432.5896,106.3151,1.000000,8,1
967,2,737.4219,393.1975,755.6915,124.5039,1.000000,8,1
968,1,10.4319,381.7039,432.4786,106.2918,1.000000,8,1
968,2,738.4903,393.0227,756.5034,124.5671,1.000000,8,1
969,1,10.0914,381.7682,432.3672,106.2685,1.000000,8,1
969,2,739.5593,392.8423,757.3232,124.6315,1.000000,8,1
970,1,9.7510,381.8312,432.2556,106.2450,1.000000,8,1
970,2,740.6290,392.6580,758.1527,124.6971,1.000000,8,1
971,1,9.4109,381.8935,432.1438,106.2214,1.000000,8,1
971,2,741.7004,392.4680,758.9930,124.7643,1.000000,8,1
972,1,9.0710,381.9546,432.0316,106.1977,1.000000,8,1
972,2,742.7731,392.2740,759.8441,124.8329,1.000000,8,1
973,1,8.7313,382.0143,431.9188,106.1738,1.000000,8,1
973,2,743.8467,392.0773,760.7065,124.9032,1.000000,8,1
974,1,8.3914,382.0725,431.8058,106.1497,1.000000,8,1
974,2,744.9219,391.8757,761.5814,124.9752,1.000000,8,1
975,1,8.0526,382.1292,431.6915,106.1253,1.000000,8,1
975,2,745.9985,391.6707,762.4677,125.0489,1.000000,8,1
976,1,7.7155,382.1845,431.5757,106.1004,1.000000,8,1
976,2,747.0759,391.4626,763.3670,125.1244,1.000000,8,1
977,1,7.3783,382.2380,431.4593,106.0753,1.000000,8,1
977,2,748.1550,391.2500,764.2797,125.2019,1.000000,8,1
978,1,7.0419,382.2893,431.3420,106.0499,1.000000,8,1
978,2,749.2353,391.0338,765.2054,125.2811,1.000000,8,1
979,1,6.7062,382.3387,431.2237,106.0240,1.000000,8,1
979,2,750.3167,390.8146,766.1443,125.3624,1.000000,8,1
980,1,6.3708,382.3859,431.1044,105.9979,1.000000,8,1
980,2,751.3989,390.5912,767.0967,125.4456,1.000000,8,1
981,1,6.0364,382.4311,430.9840,105.9713,1.000000,8,1
981,2,752.4818,390.3639,768.0627,125.5307,1.000000,8,1
982,1,5.7040,382.4740,430.8619,105.9442,1.000000,8,1
982,2,753.5652,390.1338,769.0435,125.6181,1.000000,8,1
983,1,5.3719,382.5146,430.7388,105.9167,1.000000,8,1
983,2,754.6508,389.8989,770.0410,125.7078,1.000000,8,1
984,1,5.0409,382.5533,430.6143,105.8888,1.000000,8,1
984,2,755.7380,389.6601,771.0540,125.7997,1.000000,8,1
985,1,4.7116,382.5901,430.4886,105.8604,1.000000,8,1
985,2,756.8268,389.4196,772.0816,125.8938,1.000000,8,1
986,1,4.3828,382.6241,430.3618,105.8317,1.000000,8,1
986,2,757.9178,389.1769,773.1253,125.9902,1.000000,8,1
987,1,4.0552,382.6557,430.2338,105.8026,1.000000,8,1
987,2,759.0105,388.9333,774.1841,126.0888,1.000000,8,1
988,1,3.7291,382.6847,430.1050,105.7731,1.000000,8,1
988,2,760.1043,388.6915,775.2573,126.1896,1.000000,8,1
989,1,3.4040,382.7111,429.9749,105.7431,1.000000,8,1
989,2,761.1998,388.4510,776.3466,126.2928,1.000000,8,1
990,1,3.0803,382.7348,429.8439,105.7128,1.000000,8,1
990,2,762.2968,388.2131,777.4515,126.3984,1.000000,8,1
991,1,2.7587,382.7560,429.7117,105.6821,1.000000,8,1
991,2,763.3953,387.9806,778.5702,126.5062,1.000000,8,1
992,1,2.4387,382.7747,429.5790,105.6512,1.000000,8,1
992,2,764.4951,387.7548,779.7043,126.6165,1.000000,8,1
993,1,2.1200,382.7911,429.4459,105.6201,1.000000,8,1
993,2,765.5964,387.5359,780.8537,126.7290,1.000000,8,1
994,1,1.8037,382.8053,429.3124,105.5886,1.000000,8,1
994,2,766.6992,387.3252,782.0169,126.8439,1.000000,8,1
995,1,1.4898,382.8175,429.1776,105.5568,1.000000,8,1
995,2,767.8037,387.1249,783.1941,126.9610,1.000000,8,1
996,1,1.1781,382.8280,429.0416,105.5245,1.000000,8,1
996,2,768.9103,386.9348,784.3846,127.0804,1.000000,8,1
997,1,0.8683,382.8368,428.9050,105.4920,1.000000,8,1
997,2,770.0194,386.7570,785.5896,127.2020,1.000000,8,1
998,1,0.5614,382.8439,428.7664,105.4588,1.000000,8,1
998,2,771.1311,386.5938,786.8077,127.3258,1.000000,8,1
999,1,0.2569,382.8496,428.6267,105.4253,1.000000,8,1
999,2,772.2451,386.4451,788.0369,127.4515,1.000000,8,1
1000,1,-0.0449,382.8540,428.4857,105.3912,1.000000,8,1
1000,2,773.3608,386.3117,789.2783,127.5794,1.000000,8,1
1001,1,-0.3432,382.8579,428.3428,105.3565,1.000000,8,1
1001,2,774.4781,386.1950,790.5297,127.7089,1.000000,8,1
1002,1,-0.6380,382.8614,428.1981,105.3212,1.000000,8,1
1002,2,775.5969,386.0941,791.7914,127.8404,1.000000,8,1
1003,1,-0.9286,382.8647,428.0517,105.2853,1.000000,8,1
1003,2,776.7173,386.0097,793.0645,127.9738,1.000000,8,1
1004,1,-1.2150,382.8688,427.9029,105.2487,1.000000,8,1
1004,2,777.8391,385.9422,794.3465,128.1089,1.000000,8,1
1005,1,-1.4972,382.8737,427.7523,105.2115,1.000000,8,1
1005,2,778.9624,385.8900,795.6378,128.2457,1.000000,8,1
1006,1,-1.7754,382.8797,427.5996,105.1736,1.000000,8,1
1006,2,780.0876,385.8536,796.9390,128.3842,1.000000,8,1
1007,1,-2.0492,382.8875,427.4451,105.1351,1.000000,8,1
1007,2,781.2143,385.8345,798.2491,128.5242,1.000000,8,1
1008,1,-2.3186,382.8972,427.2883,105.0960,1.000000,8,1
1008,2,782.3427,385.8318,799.5671,128.6657,1.000000,8,1
1009,1,-2.5838,382.9093,427.1298,105.0563,1.000000,8,1
1009,2,783.4730,385.8457,800.8915,128.8084,1.000000,8,1
1010,1,-2.8439,382.9239,426.9688,105.0157,1.000000,8,1
1010,2,784.6039,385.8780,802.2201,128.9522,1.000000,8,1
1011,1,-3.0988,382.9407,426.8051,104.9745,1.000000,8,1
1011,2,785.7361,385.9266,803.5532,129.0967,1.000000,8,1
1012,1,-3.3496,382.9597,426.6399,104.9326,1.000000,8,1
1012,2,786.8702,385.9897,804.8891,129.2418,1.000000,8,1
1013,1,-3.5953,382.9817,426.4717,104.8900,1.000000,8,1
1013,2,788.0059,386.0695,806.2269,129.3874,1.000000,8,1
1014,1,-3.8367,383.0060,426.3016,104.8467,1.000000,8,1
1014,2,789.1431,386.1644,807.5668,129.5335,1.000000,8,1
1015,1,-4.0739,383.0331,426.1298,104.8029,1.000000,8,1
1015,2,790.2815,386.2750,808.9094,129.6802,1.000000,8,1
1016,1,-4.3063,383.0626,425.9557,104.7583,1.000000,8,1
1016,2,791.4204,386.4032,810.2515,129.8271,1.000000,8,1
1017,1,-4.5348,383.0941,425.7794,104.7131,1.000000,8,1
1017,2,792.5602,386.5471,811.5948,129.9744,1.000000,8,1
1018,1,-4.7598,383.1269,425.6017,104.6675,1.000000,8,1
1018,2,793.7012,386.7050,812.9392,130.1220,1.000000,8,1
1019,1,-4.9808,383.1619,425.4220,104.6213,1.000000,8,1
1019,2,794.8426,386.8794,814.2783,130.2690,1.000000,8,1
1020,1,-5.1984,383.1983,425.2408,104.5747,1.000000,8,1
1020,2,795.9851,387.0674,815.6140,130.4157,1.000000,8,1
1021,1,-5.4130,383.2355,425.0587,104.5275,1.000000,8,1
1021,2,797.1289,387.2679,816.9482,130.5621,1.000000,8,1
1022,1,-5.6239,383.2733,424.8745,104.4799,1.000000,8,1
1022,2,798.2734,387.4838,818.2751,130.7076,1.000000,8,1
1023,1,-5.8326,383.3108,424.6899,104.4320,1.000000,8,1
1023,2,799.4191,387.7124,819.5970,130.8525,1.000000,8,1
1024,1,-6.0390,383.3476,424.5048,104.3840,1.000000,8,1
1024,2,800.5663,387.9505,820.9150,130.9968,1.000000,8,1
1025,1,-6.2428,383.3844,424.3199,104.3359,1.000000,8,1
1025,2,801.7141,388.2017,822.2251,131.1399,1.000000,8,1
1026,1,-6.4447,383.4204,424.1350,104.2879,1.000000,8,1
1026,2,802.8632,388.4630,823.5284,131.2820,1.000000,8,1
1027,1,-6.6450,383.4552,423.9507,104.2399,1.000000,8,1
1027,2,804.0140,388.7316,824.8246,131.4229,1.000000,8,1
1028,1,-6.8440,383.4884,423.7673,104.1920,1.000000,8,1
1028,2,805.1652,389.0105,826.1105,131.5623,1.000000,8,1
1029,1,-7.0432,383.5191,423.5846,104.1444,1.000000,8,1
1029,2,806.3176,389.2962,827.3860,131.7000,1.000000,8,1
1030,1,-7.2432,383.5466,423.4031,104.0971,1.000000,8,1
1030,2,807.4719,389.5864,828.6514,131.8360,1.000000,8,1
1031,1,-7.4448,383.5706,423.2234,104.0502,1.000000,8,1
1031,2,808.6268,389.8860,829.9073,131.9706,1.000000,8,1
1032,1,-7.6478,383.5911,423.0448,104.0036,1.000000,8,1
1032,2,809.7834,390.1918,831.1516,132.1032,1.000000,8,1
1033,1,-7.8525,383.6081,422.8675,103.9574,1.000000,8,1
1033,2,810.9420,390.4999,832.3824,132.2335,1.000000,8,1
1034,1,-8.0596,383.6205,422.6922,103.9117,1.000000,8,1
1034,2,812.1011,390.8147,833.6002,132.3618,1.000000,8,1
1035,1,-8.2690,383.6286,422.5183,103.8664,1.000000,8,1
1035,2,813.2617,391.1333,834.8048,132.4878,1.000000,8,1
1036,1,-8.4812,383.6326,422.3465,103.8216,1.000000,8,1
1036,2,814.4245,391.4528,835.9952,132.6114,1.000000,8,1
1037,1,-8.6945,383.6320,422.1757,103.7770,1.000000,8,1
1037,2,815.5884,391.7777,837.1710,132.7326,1.000000,8,1
1038,1,-8.9098,383.6273,422.0061,103.7328,1.000000,8,1
1038,2,816.7538,392.1046,838.3328,132.8515,1.000000,8,1
1039,1,-9.1278,383.6187,421.8385,103.6890,1.000000,8,1
1039,2,817.9211,392.4292,839.4827,132.9681,1.000000,8,1
1040,1,-9.3480,383.6056,421.6722,103.6457,1.000000,8,1
1040,2,819.0894,392.7569,840.6189,133.0825,1.000000,8,1
1041,1,-9.5709,383.5886,421.5078,103.6028,1.000000,8,1
1041,2,820.2593,393.0844,841.7429,133.1948,1.000000,8,1
1042,1,-9.7968,383.5680,421.3449,103.5604,1.000000,8,1
1042,2,821.4310,393.4079,842.8566,133.3051,1.000000,8,1
1043,1,-10.0260,383.5428,421.1841,103.5185,1.000000,8,1
1043,2,822.6044,393.7318,843.9603,133.4137,1.000000,8,1
1044,1,-10.2590,383.5143,421.0253,103.4773,1.000000,8,1
1044,2,823.7799,394.0535,845.0555,133.5206,1.000000,8,1
1045,1,-10.4972,383.4828,420.8694,103.4369,1.000000,8,1
1045,2,824.9576,394.3702,846.1422,133.6258,1.000000,8,1
1046,1,-10.7414,383.4472,420.7164,103.3974,1.000000,8,1
1046,2,826.1371,394.6861,847.2217,133.7296,1.000000,8,1
1047,1,-10.9914,383.4089,420.5666,103.3589,1.000000,8,1
1047,2,827.3185,394.9985,848.2960,133.8323,1.000000,8,1
1048,1,-11.2480,383.3684,420.4199,103.3214,1.000000,8,1
1048,2,828.5019,395.3036,849.3629,133.9334,1.000000,8,1
1049,1,-11.5131,383.3246,420.2776,103.2852,1.000000,8,1
1049,2,829.6870,395.6063,850.4235,134.0333,1.000000,8,1
1050,1,-11.7851,383.2788,420.1387,103.2500,1.000000,8,1
1050,2,830.8738,395.9042,851.4785,134.1319,1.000000,8,1
1051,1,-12.0637,383.2323,420.0029,103.2159,1.000000,8,1
1051,2,832.0288,396.1935,852.5610,134.2292,1.000000,8,1
1052,1,-12.3512,383.1847,419.8713,103.1832,1.000000,8,1
1052,2,833.0907,396.4786,853.7340,134.3254,1.000000,8,1
1053,1,-12.6457,383.1363,419.7430,103.1516,1.000000,8,1
1053,2,834.1539,396.7577,854.9030,134.4206,1.000000,8,1
1054,1,-12.9472,383.0879,419.6182,103.1211,1.000000,8,1
1054,2,835.2186,397.0273,856.0677,134.5146,1.000000,8,1
1055,1,-13.2554,383.0397,419.4965,103.0917,1.000000,8,1
1055,2,836.2849,397.2920,857.2308,134.6080,1.000000,8,1
1056,1,-13.5700,382.9922,419.3782,103.0633,1.000000,8,1
1056,2,837.3524,397.5501,858.3893,134.7003,1.000000,8,1
1057,1,-13.8910,382.9458,419.2628,103.0359,1.000000,8,1
1057,2,838.4214,397.7992,859.5435,134.7913,1.000000,8,1
1058,1,-14.2171,382.9007,419.1499,103.0095,1.000000,8,1
1058,2,839.4926,398.0418,860.6957,134.8816,1.000000,8,1
1059,1,-14.5484,382.8569,419.0394,102.9837,1.000000,8,1
1059,2,840.5659,398.2763,861.8463,134.9711,1.000000,8,1
1060,1,-14.8855,382.8152,418.9313,102.9590,1.000000,8,1
1060,2,841.6410,398.5011,862.9934,135.0596,1.000000,8,1
1061,1,-15.2262,382.7761,418.8252,102.9348,1.000000,8,1
1061,2,842.7180,398.7209,864.1381,135.1472,1.000000,8,1
1062,1,-15.5700,382.7388,418.7205,102.9112,1.000000,8,1
1062,2,843.7965,398.9334,865.2809,135.2341,1.000000,8,1
1063,1,-15.9166,382.7041,418.6171,102.8880,1.000000,8,1
1063,2,844.8762,399.1353,866.4211,135.3201,1.000000,8,1
1064,1,-16.2655,382.6715,418.5153,102.8654,1.000000,8,1
1064,2,845.9578,399.3310,867.5576,135.4050,1.000000,8,1
1065,1,-16.6163,382.6411,418.4147,102.8434,1.000000,8,1
1065,2,847.0407,399.5179,868.6917,135.4892,1.000000,8,1
1066,1,-16.9693,382.6139,418.3157,102.8218,1.000000,8,1
1066,2,848.1246,399.6927,869.8248,135.5727,1.000000,8,1
1067,1,-17.3251,382.5890,418.2189,102.8009,1.000000,8,1
1067,2,849.2103,399.8599,870.9579,135.6555,1.000000,8,1
1068,1,-17.6829,382.5659,418.1235,102.7804,1.000000,8,1
1068,2,850.2975,400.0171,872.0895,135.7378,1.000000,8,1
1069,1,-18.0428,382.5452,418.0292,102.7605,1.000000,8,1
1069,2,851.3856,400.1602,873.2216,135.8194,1.000000,8,1
1070,1,-18.4042,382.5272,417.9363,102.7411,1.000000,8,1
1070,2,852.4757,400.2929,874.3536,135.9007,1.000000,8,1
1071,1,-18.7675,382.5109,417.8445,102.7219,1.000000,8,1
1071,2,853.5672,400.4156,875.4872,135.9815,1.000000,8,1
1072,1,-19.1340,382.4960,417.7541,102.7034,1.000000,8,1
1072,2,854.6597,400.5265,876.6226,136.0621,1.000000,8,1
1073,1,-19.5041,382.4825,417.6660,102.6855,1.000000,8,1
1073,2,855.7543,400.6270,877.7616,136.1427,1.000000,8,1
1074,1,-19.8772,382.4703,417.5789,102.6680,1.000000,8,1
1074,2,856.8500,400.7180,878.9029,136.2232,1.000000,8,1
1075,1,-20.2528,382.4602,417.4930,102.6510,1.000000,8,1
1075,2,857.9464,400.7984,880.0461,136.3036,1.000000,8,1
1076,1,-20.6321,382.4518,417.4086,102.6345,1.000000,8,1
1076,2,859.0442,400.8686,881.1938,136.3841,1.000000,8,1
1077,1,-21.0147,382.4445,417.3256,102.6186,1.000000,8,1
1077,2,860.1428,400.9297,882.3452,136.4647,1.000000,8,1
1078,1,-21.4020,382.4384,417.2446,102.6032,1.000000,8,1
1078,2,861.2419,400.9830,883.4987,136.5453,1.000000,8,1
1079,1,-21.7925,382.4349,417.1646,102.5883,1.000000,8,1
1079,2,862.3425,401.0271,884.6559,136.6260,1.000000,8,1
1080,1,-22.1865,382.4333,417.0859,102.5739,1.000000,8,1
1080,2,863.4443,401.0638,885.8165,136.7067,1.000000,8,1
1081,1,-22.5846,382.4339,417.0090,102.5601,1.000000,8,1
1081,2,864.5468,401.0939,886.9802,136.7876,1.000000,8,1
1082,1,-22.9867,382.4371,416.9335,102.5468,1.000000,8,1
1082,2,865.6509,401.1182,888.1476,136.8687,1.000000,8,1
1083,1,-23.3920,382.4422,416.8591,102.5341,1.000000,8,1
1083,2,866.7561,401.1382,889.3169,136.9497,1.000000,8,1
1084,1,-23.8012,382.4490,416.7863,102.5219,1.000000,8,1
1084,2,867.8618,401.1527,890.4877,137.0306,1.000000,8,1
1085,1,-24.2136,382.4592,416.7146,102.5101,1.000000,8,1
1085,2,868.9691,401.1626,891.6622,137.1117,1.000000,8,1
1086,1,-24.6290,382.4719,416.6442,102.4988,1.000000,8,1
1086,2,870.0778,401.1673,892.8387,137.1927,1.000000,8,1
1087,1,-25.0475,382.4873,416.5752,102.4880,1.000000,8,1
1087,2,871.1873,401.1662,894.0148,137.2733,1.000000,8,1
1088,1,-25.4687,382.5066,416.5074,102.4778,1.000000,8,1
1088,2,872.2985,401.1618,895.1936,137.3540,1.000000,8,1
1089,1,-25.8927,382.5291,416.4413,102.4680,1.000000,8,1
1089,2,873.4106,401.1542,896.3740,137.4346,1.000000,8,1
1090,1,-26.3187,382.5554,416.3762,102.4586,1.000000,8,1
1090,2,874.5227,401.1424,897.5542,137.5150,1.000000,8,1
1091,1,-26.7468,382.5866,416.3120,102.4498,1.000000,8,1
1091,2,875.6345,401.1286,898.7344,137.5952,1.000000,8,1
1092,1,-27.1770,382.6220,416.2489,102.4414,1.000000,8,1
1092,2,876.7455,401.1118,899.9128,137.6750,1.000000,8,1
1093,1,-27.6090,382.6616,416.1870,102.4334,1.000000,8,1
1093,2,877.8561,401.0900,901.0879,137.7541,1.000000,8,1
1094,1,-28.0415,382.7073,416.1261,102.4258,1.000000,8,1
1094,2,878.9678,401.0632,902.2673,137.8335,1.000000,8,1
1095,1,-28.4747,382.7582,416.0657,102.4186,1.000000,8,1
1095,2,880.0800,401.0332,903.4479,137.9128,1.000000,8,1
1096,1,-28.9089,382.8141,416.0060,102.4116,1.000000,8,1
1096,2,881.1925,401.0001,904.6273,137.9917,1.000000,8,1
1097,1,-29.3432,382.8774,415.9469,102.4049,1.000000,8,1
1097,2,882.3060,400.9626,905.8110,138.0709,1.000000,8,1
1098,1,-29.7774,382.9471,415.8879,102.3984,1.000000,8,1
1098,2,883.4203,400.9219,906.9972,138.1503,1.000000,8,1
1099,1,-30.2122,383.0230,415.8289,102.3921,1.000000,8,1
1099,2,884.5349,400.8777,908.1846,138.2296,1.000000,8,1
1100,1,-30.6453,383.1068,415.7689,102.3856,1.000000,8,1
1100,2,885.6506,400.8322,909.3751,138.3090,1.000000,8,1
1101,1,-31.0770,383.1972,415.7077,102.3789,1.000000,8,1
1101,2,886.7667,400.7856,910.5670,138.3885,1.000000,8,1
1102,1,-31.5075,383.2942,415.6455,102.3719,1.000000,8,1
1102,2,887.8834,400.7368,911.7604,138.4680,1.000000,8,1
1103,1,-31.9349,383.3997,415.5820,102.3647,1.000000,8,1
1103,2,889.0007,400.6868,912.9567,138.5478,1.000000,8,1
1104,1,-32.3588,383.5126,415.5167,102.3571,1.000000,8,1
1104,2,890.1185,400.6351,914.1558,138.6278,1.000000,8,1
1105,1,-36.4786,384.5963,414.8068,102.2610,1.000000,8,1
1105,2,901.3250,400.2351,926.2924,139.4436,1.000000,8,1
