1,1,877.1361,345.4568,395.5386,76.1787,1.000000,8,1
1,2,350.8444,345.8007,286.8141,57.4899,1.000000,8,1
1,3,-317.8529,331.2838,503.9382,116.8168,1.000000,8,1
1,4,719.4549,373.1920,89.8787,27.8144,1.000000,8,1
2,1,877.1361,345.4568,395.5386,76.1787,1.000000,8,1
2,2,350.8444,345.8007,286.8141,57.4899,1.000000,8,1
2,3,-317.8529,331.2838,503.9382,116.8168,1.000000,8,1
2,4,719.4549,373.1920,89.8787,27.8144,1.000000,8,1
3,1,877.1361,345.4568,395.5386,76.1787,1.000000,8,1
3,2,350.8444,345.8007,286.8141,57.4899,1.000000,8,1
3,3,-317.8529,331.2838,503.9382,116.8168,1.000000,8,1
3,4,719.4549,373.1920,89.8787,27.8144,1.000000,8,1
4,1,876.9158,345.1773,395.4889,76.1767,1.000000,8,1
4,2,350.7303,345.9124,286.8110,57.4890,1.000000,8,1
4,3,-317.6614,331.5222,503.9585,116.8219,1.000000,8,1
4,4,720.8336,372.1902,89.9337,27.7587,1.000000,8,1
5,1,876.5552,344.7528,395.4014,76.1722,1.000000,8,1
5,2,350.5275,346.1020,286.8035,57.4869,1.000000,8,1
5,3,-317.3047,331.9548,504.0045,116.8334,1.000000,8,1
5,4,721.9103,371.7166,89.9764,27.7349,1.000000,8,1
6,1,876.0985,344.2560,395.2847,76.1656,1.000000,8,1
6,2,350.2645,346.3367,286.7927,57.4840,1.000000,8,1
6,3,-316.8153,332.5229,504.0726,116.8505,1.000000,8,1
6,4,722.7883,371.6082,90.0114,27.7332,1.000000,8,1
7,1,875.5726,343.7331,395.1500,76.1578,1.000000,8,1
7,2,349.9568,346.5916,286.7803,57.4807,1.000000,8,1
7,3,-316.1932,333.1876,504.1526,116.8706,1.000000,8,1
7,4,723.6310,371.6735,90.0444,27.7423,1.000000,8,1
8,1,875.0049,343.2036,394.9998,76.1485,1.000000,8,1
8,2,349.6228,346.8409,286.7661,57.4768,1.000000,8,1
8,3,-315.4540,333.9017,504.2286,116.8894,1.000000,8,1
8,4,724.4882,371.8029,90.0772,27.7553,1.000000,8,1
9,1,874.4093,342.6892,394.8387,76.1380,1.000000,8,1
9,2,349.2715,347.0808,286.7507,57.4727,1.000000,8,1
9,3,-314.6271,334.6463,504.3045,116.9081,1.000000,8,1
9,4,725.3677,371.9638,90.1107,27.7704,1.000000,8,1
10,1,873.7948,342.2069,394.6709,76.1268,1.000000,8,1
10,2,348.9085,347.3071,286.7341,57.4684,1.000000,8,1
10,3,-313.7267,335.4081,504.3832,116.9275,1.000000,8,1
10,4,726.2699,372.1392,90.1448,27.7865,1.000000,8,1
11,1,873.1708,341.7549,394.5009,76.1156,1.000000,8,1
11,2,348.5391,347.5186,286.7172,57.4640,1.000000,8,1
11,3,-312.7787,336.1739,504.4653,116.9477,1.000000,8,1
11,4,727.1871,372.3190,90.1788,27.8028,1.000000,8,1
12,1,872.5405,341.3364,394.3307,76.1045,1.000000,8,1
12,2,348.1650,347.7147,286.7003,57.4595,1.000000,8,1
12,3,-311.7926,336.9376,504.5511,116.9688,1.000000,8,1
12,4,728.1152,372.4991,90.2130,27.8190,1.000000,8,1
13,1,871.9063,340.9559,394.1589,76.0933,1.000000,8,1
13,2,347.7872,347.8929,286.6836,57.4550,1.000000,8,1
13,3,-310.7745,337.6921,504.6408,116.9909,1.000000,8,1
13,4,729.0518,372.6763,90.2468,27.8350,1.000000,8,1
14,1,871.2689,340.6032,393.9875,76.0822,1.000000,8,1
14,2,347.4078,348.0545,286.6666,57.4505,1.000000,8,1
14,3,-309.7354,338.4264,504.7350,117.0142,1.000000,8,1
14,4,729.9631,372.8500,90.3103,27.8506,1.000000,8,1
15,1,870.6292,340.2780,393.8158,76.0712,1.000000,8,1
15,2,347.0269,348.2007,286.6497,57.4460,1.000000,8,1
15,3,-308.6773,339.1266,504.8335,117.0385,1.000000,8,1
15,4,730.8686,373.0193,90.3825,27.8658,1.000000,8,1
16,1,869.9877,339.9821,393.6442,76.0603,1.000000,8,1
16,2,346.6448,348.3308,286.6334,57.4417,1.000000,8,1
16,3,-307.6006,339.7774,504.9361,117.0639,1.000000,8,1
16,4,731.7762,373.1830,90.4546,27.8805,1.000000,8,1
17,1,869.3445,339.7067,393.4729,76.0494,1.000000,8,1
17,2,346.2623,348.4471,286.6171,57.4374,1.000000,8,1
17,3,-306.5122,340.3777,505.0428,117.0903,1.000000,8,1
17,4,732.6849,373.3409,90.5263,27.8948,1.000000,8,1
18,1,868.7003,339.4523,393.3019,76.0386,1.000000,8,1
18,2,345.8796,348.5508,286.6007,57.4330,1.000000,8,1
18,3,-305.4139,340.9263,505.1535,117.1177,1.000000,8,1
18,4,733.5939,373.4933,90.5980,27.9087,1.000000,8,1
19,1,868.0554,339.2201,393.1316,76.0279,1.000000,8,1
19,2,345.4965,348.6417,286.5847,57.4287,1.000000,8,1
19,3,-304.3060,341.4156,505.2669,117.1459,1.000000,8,1
19,4,734.5031,373.6396,90.6695,27.9222,1.000000,8,1
20,1,867.4097,339.0031,392.9607,76.0172,1.000000,8,1
20,2,345.1137,348.7219,286.5683,57.4243,1.000000,8,1
20,3,-303.1943,341.8477,505.3831,117.1748,1.000000,8,1
20,4,735.4119,373.7799,90.7410,27.9352,1.000000,8,1
21,1,866.7632,338.8018,392.7899,76.0066,1.000000,8,1
21,2,344.7308,348.7923,286.5521,57.4200,1.000000,8,1
21,3,-302.0793,342.2202,505.5015,117.2043,1.000000,8,1
21,4,736.3203,373.9146,90.8124,27.9479,1.000000,8,1
22,1,866.1162,338.6178,392.6194,75.9960,1.000000,8,1
22,2,344.3481,348.8532,286.5354,57.4155,1.000000,8,1
22,3,-300.9630,342.5267,505.6225,117.2343,1.000000,8,1
22,4,737.2284,374.0436,90.8838,27.9602,1.000000,8,1
23,1,865.4680,338.4445,392.4493,75.9855,1.000000,8,1
23,2,343.9660,348.9055,286.5184,57.4110,1.000000,8,1
23,3,-299.8459,342.7791,505.7453,117.2649,1.000000,8,1
23,4,738.1360,374.1662,90.9554,27.9722,1.000000,8,1
24,1,864.8190,338.2827,392.2790,75.9750,1.000000,8,1
24,2,343.5839,348.9505,286.5014,57.4065,1.000000,8,1
24,3,-298.7286,342.9812,505.8697,117.2960,1.000000,8,1
24,4,739.0438,374.2828,91.0273,27.9839,1.000000,8,1
25,1,864.1693,338.1342,392.1085,75.9644,1.000000,8,1
25,2,343.2023,348.9883,286.4840,57.4019,1.000000,8,1
25,3,-297.6103,343.1323,505.9951,117.3272,1.000000,8,1
25,4,739.9517,374.3936,91.0994,27.9952,1.000000,8,1
26,1,863.5184,337.9936,391.9376,75.9538,1.000000,8,1
26,2,342.8214,349.0194,286.4659,57.3972,1.000000,8,1
26,3,-296.4900,343.2439,506.1209,117.3586,1.000000,8,1
26,4,740.8594,374.4991,91.1721,28.0064,1.000000,8,1
27,1,862.8663,337.8617,391.7666,75.9433,1.000000,8,1
27,2,342.4407,349.0448,286.4477,57.3925,1.000000,8,1
27,3,-295.3690,343.3212,506.2472,117.3901,1.000000,8,1
27,4,741.7673,374.6001,91.2451,28.0175,1.000000,8,1
28,1,862.2137,337.7403,391.5945,75.9325,1.000000,8,1
28,2,342.0604,349.0649,286.4294,57.3876,1.000000,8,1
28,3,-294.2471,343.3663,506.3742,117.4218,1.000000,8,1
28,4,742.6755,374.6969,91.3185,28.0283,1.000000,8,1
29,1,861.5596,337.6255,391.4221,75.9218,1.000000,8,1
29,2,341.6811,349.0798,286.4103,57.3827,1.000000,8,1
29,3,-293.1250,343.3879,506.5018,117.4536,1.000000,8,1
29,4,743.5840,374.7898,91.3925,28.0391,1.000000,8,1
30,1,860.9045,337.5177,391.2491,75.9109,1.000000,8,1
30,2,341.3024,349.0905,286.3907,57.3777,1.000000,8,1
30,3,-292.0021,343.3895,506.6298,117.4856,1.000000,8,1
30,4,744.4931,374.8792,91.4669,28.0497,1.000000,8,1
31,1,860.2484,337.4179,391.0748,75.8998,1.000000,8,1
31,2,340.9241,349.0974,286.3712,57.3727,1.000000,8,1
31,3,-290.8770,343.3727,506.7573,117.5174,1.000000,8,1
31,4,745.4197,374.9493,91.5432,28.0593,1.000000,8,1
32,1,859.5908,337.3233,390.8995,75.8886,1.000000,8,1
32,2,340.5464,349.1000,286.3514,57.3675,1.000000,8,1
32,3,-289.7508,343.3434,506.8848,117.5492,1.000000,8,1
32,4,746.3765,374.9872,91.6224,28.0672,1.000000,8,1
33,1,858.9320,337.2344,390.7233,75.8772,1.000000,8,1
33,2,340.1694,349.0992,286.3313,57.3624,1.000000,8,1
33,3,-288.6234,343.3031,507.0121,117.5810,1.000000,8,1
33,4,747.3276,375.0274,91.7016,28.0754,1.000000,8,1
34,1,858.2727,337.1523,390.5461,75.8657,1.000000,8,1
34,2,339.7930,349.0950,286.3107,57.3571,1.000000,8,1
34,3,-287.4943,343.2538,507.1390,117.6127,1.000000,8,1
34,4,748.2651,375.0797,91.7800,28.0843,1.000000,8,1
35,1,857.6119,337.0747,390.3677,75.8539,1.000000,8,1
35,2,339.4168,349.0875,286.2901,57.3518,1.000000,8,1
35,3,-286.3639,343.1986,507.2657,117.6443,1.000000,8,1
35,4,749.2108,375.1248,91.8595,28.0929,1.000000,8,1
36,1,856.9501,337.0023,390.1880,75.8420,1.000000,8,1
36,2,339.0414,349.0774,286.2690,57.3465,1.000000,8,1
36,3,-285.2328,343.1383,507.3924,117.6758,1.000000,8,1
36,4,750.1592,375.1672,91.9395,28.1014,1.000000,8,0.9375
37,1,856.2876,336.9360,390.0071,75.8297,1.000000,8,1
37,2,338.6663,349.0649,286.2477,57.3411,1.000000,8,1
37,3,-284.1025,343.0729,507.5198,117.7076,1.000000,8,1
37,4,751.1045,375.2126,92.0193,28.1101,1.000000,8,0.9375
38,1,855.6239,336.8739,389.8248,75.8173,1.000000,8,1
38,2,338.2917,349.0494,286.2264,57.3356,1.000000,8,1
38,3,-282.9713,343.0038,507.6469,117.7394,1.000000,8,1
38,4,752.0544,375.2549,92.0997,28.1187,1.000000,8,1
39,1,854.9596,336.8169,389.6414,75.8047,1.000000,8,1
39,2,337.9178,349.0315,286.2045,57.3301,1.000000,8,1
39,3,-281.8393,342.9314,507.7740,117.7711,1.000000,8,1
39,4,753.0037,375.2987,92.1801,28.1274,1.000000,8,1
40,1,854.2947,336.7655,389.4570,75.7918,1.000000,8,1
40,2,337.5448,349.0116,286.1824,57.3245,1.000000,8,1
40,3,-280.7068,342.8555,507.9014,117.8029,1.000000,8,1
40,4,753.9518,375.3445,92.2603,28.1362,1.000000,8,0.9375
41,1,853.6293,336.7182,389.2714,75.7789,1.000000,8,1
41,2,337.1725,348.9887,286.1596,57.3188,1.000000,8,1
41,3,-279.5731,342.7769,508.0283,117.8345,1.000000,8,1
41,4,754.9063,375.3857,92.3409,28.1447,1.000000,8,1
42,1,852.9639,336.6758,389.0852,75.7657,1.000000,8,1
42,2,336.8009,348.9637,286.1368,57.3131,1.000000,8,1
42,3,-278.4387,342.6954,508.1555,117.8663,1.000000,8,1
42,4,755.8591,375.4290,92.4214,28.1533,1.000000,8,0.875
43,1,852.2987,336.6393,388.8981,75.7523,1.000000,8,1
43,2,336.4304,348.9372,286.1136,57.3072,1.000000,8,1
43,3,-277.3039,342.6116,508.2828,117.8981,1.000000,8,1
43,4,756.8102,375.4749,92.5014,28.1620,1.000000,8,1
44,1,851.6333,336.6078,388.7103,75.7389,1.000000,8,1
44,2,336.0609,348.9082,286.0899,57.3013,1.000000,8,1
44,3,-276.1674,342.5253,508.4097,117.9297,1.000000,8,1
44,4,757.7687,375.5144,92.5820,28.1703,1.000000,8,0.8125
45,1,850.9681,336.5814,388.5217,75.7252,1.000000,8,1
45,2,335.6924,348.8774,286.0659,57.2953,1.000000,8,1
45,3,-275.0297,342.4365,508.5365,117.9613,1.000000,8,1
45,4,758.7253,375.5561,92.6619,28.1786,1.000000,8,1
46,1,850.3034,336.5604,388.3326,75.7114,1.000000,8,1
46,2,335.3250,348.8447,286.0416,57.2893,1.000000,8,1
46,3,-273.8919,342.3449,508.6638,117.9931,1.000000,8,1
46,4,759.6790,375.6012,92.7415,28.1869,1.000000,8,0.9375
47,1,849.6382,336.5444,388.1426,75.6975,1.000000,8,1
47,2,334.9588,348.8091,286.0169,57.2831,1.000000,8,1
47,3,-272.7514,342.2500,508.7901,118.0246,1.000000,8,1
47,4,760.6414,375.6390,92.8216,28.1949,1.000000,8,0.875
48,1,848.9725,336.5329,387.9517,75.6834,1.000000,8,1
48,2,334.5935,348.7712,285.9921,57.2770,1.000000,8,1
48,3,-271.6096,342.1519,508.9166,118.0562,1.000000,8,1
48,4,761.6016,375.6793,92.9013,28.2029,1.000000,8,0.9375
49,1,848.3069,336.5260,387.7600,75.6691,1.000000,8,1
49,2,334.2295,348.7321,285.9670,57.2708,1.000000,8,1
49,3,-270.4672,342.0509,509.0429,118.0877,1.000000,8,1
49,4,762.5579,375.7236,92.9805,28.2111,1.000000,8,0.8125
50,1,847.6411,336.5244,387.5678,75.6547,1.000000,8,1
50,2,333.8662,348.6899,285.9419,57.2646,1.000000,8,1
50,3,-269.3231,341.9464,509.1689,118.1191,1.000000,8,1
50,4,763.5242,375.7594,93.0606,28.2188,1.000000,8,0.875
51,1,846.9754,336.5276,387.3745,75.6401,1.000000,8,1
51,2,333.5037,348.6458,285.9169,57.2584,1.000000,8,1
51,3,-268.1792,341.8388,509.2953,118.1506,1.000000,8,1
51,4,764.4874,375.7984,93.1404,28.2266,1.000000,8,0.8125
52,1,846.3102,336.5360,387.1802,75.6253,1.000000,8,1
52,2,333.1421,348.6006,285.8917,57.2522,1.000000,8,1
52,3,-267.0345,341.7280,509.4218,118.1821,1.000000,8,1
52,4,765.4467,375.8413,93.2200,28.2348,1.000000,8,0.8125
53,1,845.6450,336.5494,386.9850,75.6102,1.000000,8,1
53,2,332.7811,348.5523,285.8668,57.2460,1.000000,8,1
53,3,-265.8894,341.6127,509.5478,118.2136,1.000000,8,1
53,4,766.4175,375.8742,93.3007,28.2423,1.000000,8,0.625
54,1,844.9803,336.5674,386.7886,75.5950,1.000000,8,1
54,2,332.4205,348.5022,285.8420,57.2399,1.000000,8,1
54,3,-264.7445,341.4929,509.6743,118.2451,1.000000,8,1
54,4,767.3848,375.9106,93.3813,28.2502,1.000000,8,0.8125
55,1,844.3164,336.5902,386.5918,75.5795,1.000000,8,1
55,2,332.0605,348.4503,285.8174,57.2338,1.000000,8,1
55,3,-263.6024,341.3691,509.8029,118.2773,1.000000,8,1
55,4,768.3475,375.9519,93.4617,28.2584,1.000000,8,0.75
56,1,843.6534,336.6185,386.3939,75.5639,1.000000,8,1
56,2,331.7005,348.3958,285.7934,57.2278,1.000000,8,1
56,3,-262.4607,341.2397,509.9317,118.3094,1.000000,8,1
56,4,769.3231,375.9815,93.5436,28.2660,1.000000,8,0.625
57,1,842.9913,336.6513,386.1954,75.5481,1.000000,8,1
57,2,331.3405,348.3396,285.7698,57.2220,1.000000,8,1
57,3,-261.3210,341.1057,510.0620,118.3420,1.000000,8,1
57,4,770.2939,376.0157,93.6252,28.2739,1.000000,8,0.4375
58,1,842.3303,336.6879,385.9956,75.5320,1.000000,8,1
58,2,330.9805,348.2821,285.7465,57.2162,1.000000,8,1
58,3,-260.1863,340.9687,510.1953,118.3753,1.000000,8,1
58,4,771.2592,376.0559,93.7067,28.2823,1.000000,8,0.8125
59,1,841.6705,336.7297,385.7952,75.5158,1.000000,8,1
59,2,330.6200,348.2219,285.7241,57.2105,1.000000,8,1
59,3,-259.0568,340.8265,510.3311,118.4094,1.000000,8,1
59,4,772.2395,376.0824,93.7898,28.2900,1.000000,8,0.5625
60,1,841.0120,336.7753,385.5946,75.4993,1.000000,8,1
60,2,330.2592,348.1602,285.7021,57.2050,1.000000,8,1
60,3,-257.9325,340.6814,510.4698,118.4441,1.000000,8,1
60,4,773.2150,376.1135,93.8727,28.2980,1.000000,8,0.625
61,1,840.3547,336.8242,385.3933,75.4828,1.000000,8,1
61,2,329.8979,348.0984,285.6807,57.1996,1.000000,8,1
61,3,-256.8146,340.5353,510.6118,118.4798,1.000000,8,1
61,4,774.1831,376.1514,93.9554,28.3065,1.000000,8,0.875
62,1,839.6992,336.8781,385.1912,75.4660,1.000000,8,1
62,2,329.5355,348.0353,285.6603,57.1945,1.000000,8,1
62,3,-255.7030,340.3860,510.7570,118.5163,1.000000,8,1
62,4,775.1663,376.1761,94.0396,28.3143,1.000000,8,0.5
63,1,839.0452,336.9353,384.9891,75.4492,1.000000,8,1
63,2,329.1722,347.9716,285.6406,57.1894,1.000000,8,1
63,3,-254.5991,340.2356,510.9062,118.5538,1.000000,8,1
63,4,776.1450,376.2049,94.1237,28.3224,1.000000,8,0.25
64,1,838.3926,336.9951,384.7874,75.4323,1.000000,8,1
64,2,328.8076,347.9073,285.6215,57.1845,1.000000,8,1
64,3,-253.5035,340.0862,511.0596,118.5925,1.000000,8,1
64,4,777.1168,376.2404,94.2073,28.3310,1.000000,8,0.625
65,1,837.7417,337.0588,384.5854,75.4154,1.000000,8,1
65,2,328.4414,347.8420,285.6032,57.1797,1.000000,8,1
65,3,-252.4151,339.9364,511.2168,118.6321,1.000000,8,1
65,4,778.1036,376.2628,94.2921,28.3387,1.000000,8,0.5
66,1,837.0923,337.1252,384.3837,75.3984,1.000000,8,1
66,2,328.0740,347.7764,285.5854,57.1751,1.000000,8,1
66,3,-251.3343,339.7881,511.3778,118.6728,1.000000,8,1
66,4,779.0836,376.2916,94.3765,28.3469,1.000000,8,0.5
67,1,836.4444,337.1935,384.1826,75.3815,1.000000,8,1
67,2,327.7054,347.7111,285.5680,57.1705,1.000000,8,1
67,3,-250.2634,339.6438,511.5441,118.7148,1.000000,8,1
67,4,780.0564,376.3280,94.4602,28.3555,1.000000,8,0.375
68,1,835.7983,337.2652,383.9821,75.3646,1.000000,8,1
68,2,327.3355,347.6459,285.5513,57.1661,1.000000,8,1
68,3,-249.2005,339.5011,511.7147,118.7581,1.000000,8,1
68,4,781.0453,376.3502,94.5454,28.3632,1.000000,8,0.4375
69,1,835.1538,337.3390,383.7821,75.3478,1.000000,8,1
69,2,326.9647,347.5813,285.5352,57.1619,1.000000,8,1
69,3,-248.1443,339.3617,511.8892,118.8022,1.000000,8,1
69,4,782.0277,376.3788,94.6299,28.3713,1.000000,8,0.4375
70,1,834.5105,337.4141,383.5835,75.3312,1.000000,8,1
70,2,326.5929,347.5177,285.5197,57.1577,1.000000,8,1
70,3,-247.0944,339.2294,512.0674,118.8475,1.000000,8,1
70,4,783.0020,376.4159,94.7136,28.3799,1.000000,8,0.25
71,1,833.8688,337.4919,383.3857,75.3147,1.000000,8,1
71,2,326.2202,347.4544,285.5042,57.1536,1.000000,8,1
71,3,-246.0520,339.1038,512.2495,118.8938,1.000000,8,1
71,4,783.9912,376.4396,94.7985,28.3877,1.000000,8,0.375
72,1,833.2283,337.5712,383.1896,75.2984,1.000000,8,1
72,2,325.8461,347.3920,285.4895,57.1496,1.000000,8,1
72,3,-245.0164,338.9859,512.4358,118.9411,1.000000,8,1
72,4,784.9746,376.4687,94.8829,28.3958,1.000000,8,0.3125
73,1,832.5890,337.6509,382.9945,75.2824,1.000000,8,1
73,2,325.4710,347.3314,285.4752,57.1457,1.000000,8,1
73,3,-243.9892,338.8770,512.6268,118.9897,1.000000,8,1
73,4,785.9498,376.5058,94.9667,28.4044,1.000000,8,0.5
74,1,831.9504,337.7325,382.8011,75.2666,1.000000,8,1
74,2,325.0950,347.2714,285.4609,57.1419,1.000000,8,1
74,3,-242.9682,338.7746,512.8216,119.0393,1.000000,8,1
74,4,786.9387,376.5303,95.0515,28.4122,1.000000,8,0.375
75,1,831.3126,337.8148,382.6094,75.2511,1.000000,8,1
75,2,324.7180,347.2125,285.4471,57.1380,1.000000,8,1
75,3,-241.9535,338.6791,513.0204,119.0899,1.000000,8,1
75,4,787.9205,376.5610,95.1357,28.4203,1.000000,8,0.25
76,1,830.6752,337.8965,382.4196,75.2359,1.000000,8,1
76,2,324.3400,347.1553,285.4340,57.1344,1.000000,8,1
76,3,-240.9459,338.5908,513.2236,119.1417,1.000000,8,1
76,4,788.8943,376.5996,95.2194,28.4289,1.000000,8,0.3125
77,1,830.0392,337.9797,382.2323,75.2212,1.000000,8,1
77,2,323.9610,347.0991,285.4210,57.1307,1.000000,8,1
77,3,-239.9448,338.5092,513.4308,119.1946,1.000000,8,1
77,4,789.8810,376.6256,95.3042,28.4368,1.000000,8,0.1875
78,1,829.4042,338.0631,382.0468,75.2069,1.000000,8,1
78,2,323.5809,347.0439,285.4086,57.1273,1.000000,8,1
78,3,-238.9500,338.4342,513.6420,119.2485,1.000000,8,1
78,4,790.8624,376.6552,95.3887,28.4449,1.000000,8,0.1875
79,1,828.7698,338.1458,381.8632,75.1928,1.000000,8,1
79,2,323.2001,346.9906,285.3967,57.1238,1.000000,8,1
79,3,-237.9621,338.3663,513.8577,119.3036,1.000000,8,1
79,4,791.8357,376.6909,95.4728,28.4535,1.000000,8,0.5
80,1,828.1373,338.2301,381.6821,75.1792,1.000000,8,1
80,2,322.8188,346.9384,285.3848,57.1205,1.000000,8,1
80,3,-236.9831,338.3054,514.0784,119.3601,1.000000,8,1
80,4,792.8179,376.7169,95.5579,28.4615,1.000000,8,0.25
81,1,827.5060,338.3141,381.5035,75.1660,1.000000,8,1
81,2,322.4366,346.8876,285.3735,57.1172,1.000000,8,1
81,3,-236.0113,338.2505,514.3035,119.4177,1.000000,8,1
81,4,793.7943,376.7462,95.6428,28.4698,1.000000,8,0.25
82,1,826.8757,338.3965,381.3270,75.1532,1.000000,8,1
82,2,322.0537,346.8390,285.3625,57.1140,1.000000,8,1
82,3,-235.0453,338.2007,514.5326,119.4764,1.000000,8,1
82,4,794.7648,376.7801,95.7275,28.4785,1.000000,8,0.125
83,1,826.2469,338.4790,381.1534,75.1409,1.000000,8,1
83,2,321.6701,346.7922,285.3523,57.1110,1.000000,8,1
83,3,-234.0865,338.1553,514.7660,119.5362,1.000000,8,1
83,4,795.7431,376.8051,95.8132,28.4867,1.000000,8,0.1875
84,1,825.6190,338.5602,380.9818,75.1289,1.000000,8,1
84,2,321.2861,346.7474,285.3422,57.1080,1.000000,8,1
84,3,-233.1339,338.1153,515.0033,119.5970,1.000000,8,1
84,4,796.7157,376.8338,95.8989,28.4953,1.000000,8,0
85,1,824.9917,338.6390,380.8123,75.1173,1.000000,8,1
85,2,320.9015,346.7053,285.3329,57.1051,1.000000,8,1
85,3,-232.1874,338.0817,515.2443,119.6588,1.000000,8,1
85,4,797.6820,376.8673,95.9844,28.5041,1.000000,8,0.25
86,1,824.3659,338.7169,380.6458,75.1063,1.000000,8,1
86,2,320.5168,346.6659,285.3237,57.1023,1.000000,8,1
86,3,-231.2480,338.0518,515.4896,119.7217,1.000000,8,1
86,4,798.6533,376.8956,96.0706,28.5128,1.000000,8,0.125
87,1,823.7412,338.7929,380.4813,75.0957,1.000000,8,1
87,2,320.1317,346.6292,285.3149,57.0996,1.000000,8,1
87,3,-230.3142,338.0268,515.7383,119.7856,1.000000,8,1
87,4,799.6216,376.9261,96.1569,28.5218,1.000000,8,0.1875
88,1,823.1171,338.8663,380.3195,75.0855,1.000000,8,1
88,2,319.7465,346.5955,285.3066,57.0970,1.000000,8,1
88,3,-229.3857,338.0089,515.9907,119.8504,1.000000,8,1
88,4,800.5862,376.9601,96.2430,28.5309,1.000000,8,0
89,1,822.4945,338.9377,380.1604,75.0757,1.000000,8,1
89,2,319.3610,346.5653,285.2988,57.0945,1.000000,8,1
89,3,-228.4621,337.9980,516.2457,119.9160,1.000000,8,1
89,4,801.5509,376.9942,96.3295,28.5402,1.000000,8,0.0625
90,1,821.8730,339.0061,380.0035,75.0665,1.000000,8,1
90,2,318.9756,346.5387,285.2911,57.0920,1.000000,8,1
90,3,-227.5424,337.9953,516.5032,119.9822,1.000000,8,1
90,4,802.5143,377.0298,96.4161,28.5496,1.000000,8,0.0625
91,1,821.2520,339.0701,379.8492,75.0577,1.000000,8,1
91,2,318.5906,346.5160,285.2832,57.0895,1.000000,8,1
91,3,-226.6267,338.0019,516.7635,120.0492,1.000000,8,1
91,4,803.4763,377.0665,96.5029,28.5591,1.000000,8,0.125
92,1,820.6326,339.1314,379.6977,75.0493,1.000000,8,1
92,2,318.2054,346.4977,285.2755,57.0870,1.000000,8,1
92,3,-225.7114,338.0184,517.0242,120.1162,1.000000,8,1
92,4,804.4354,377.1078,96.5895,28.5689,1.000000,8,0.0625
93,1,820.0142,339.1892,379.5488,75.0415,1.000000,8,1
93,2,317.8195,346.4843,285.2681,57.0845,1.000000,8,1
93,3,-224.7961,338.0446,517.2854,120.1834,1.000000,8,1
93,4,805.3960,377.1493,96.6764,28.5789,1.000000,8,0
94,1,819.3966,339.2427,379.4017,75.0340,1.000000,8,1
94,2,317.4333,346.4764,285.2604,57.0820,1.000000,8,1
94,3,-223.8795,338.0809,517.5468,120.2505,1.000000,8,1
94,4,806.3574,377.1918,96.7634,28.5889,1.000000,8,0
95,1,818.7804,339.2921,379.2579,75.0270,1.000000,8,1
95,2,317.0462,346.4736,285.2524,57.0795,1.000000,8,1
95,3,-222.9604,338.1293,517.8068,120.3175,1.000000,8,1
95,4,807.3109,377.2444,96.8499,28.5995,1.000000,8,0.0625
96,1,818.1652,339.3372,379.1158,75.0204,1.000000,8,1
96,2,316.6584,346.4758,285.2438,57.0768,1.000000,8,1
96,3,-222.0380,338.1884,518.0660,120.3842,1.000000,8,1
96,4,808.2689,377.2951,96.9367,28.6100,1.000000,8,0
97,1,817.5507,339.3781,378.9762,75.0142,1.000000,8,1
97,2,316.2706,346.4833,285.2349,57.0740,1.000000,8,1
97,3,-221.1111,338.2574,518.3236,120.4505,1.000000,8,1
97,4,809.2311,377.3433,97.0239,28.6203,1.000000,8,0
98,1,816.9374,339.4153,378.8385,75.0084,1.000000,8,1
98,2,315.8831,346.4977,285.2252,57.0711,1.000000,8,1
98,3,-220.1785,338.3378,518.5793,120.5162,1.000000,8,1
98,4,810.1842,377.4032,97.1102,28.6314,1.000000,8,0
99,1,816.3250,339.4486,378.7029,75.0029,1.000000,8,1
99,2,315.4966,346.5184,285.2146,57.0680,1.000000,8,1
99,3,-219.2395,338.4283,518.8326,120.5814,1.000000,8,1
99,4,811.1414,377.4615,97.1970,28.6423,1.000000,8,0
100,1,815.7131,339.4771,378.5690,74.9978,1.000000,8,1
100,2,315.1105,346.5452,285.2034,57.0648,1.000000,8,1
100,3,-218.2934,338.5285,519.0838,120.6460,1.000000,8,1
100,4,812.1050,377.5144,97.2841,28.6530,1.000000,8,0
101,1,815.1022,339.5021,378.4365,74.9929,1.000000,8,1
101,2,314.7254,346.5795,285.1917,57.0614,1.000000,8,1
101,3,-217.3373,338.6385,519.3312,120.7096,1.000000,8,1
101,4,813.0596,377.5775,97.3704,28.6642,1.000000,8,0
102,1,814.4918,339.5235,378.3046,74.9881,1.000000,8,1
102,2,314.3413,346.6196,285.1791,57.0579,1.000000,8,1
102,3,-216.3722,338.7573,519.5756,120.7723,1.000000,8,1
102,4,814.0154,377.6407,97.4569,28.6754,1.000000,8,0
103,1,813.8812,339.5409,378.1737,74.9835,1.000000,8,1
103,2,313.9581,346.6651,285.1658,57.0542,1.000000,8,1
103,3,-215.3976,338.8829,519.8164,120.8341,1.000000,8,1
103,4,814.9803,377.6957,97.5440,28.6860,1.000000,8,0
104,1,813.2714,339.5552,378.0430,74.9789,1.000000,8,1
104,2,313.5761,346.7177,285.1519,57.0504,1.000000,8,1
104,3,-214.4138,339.0166,520.0534,120.8951,1.000000,8,1
104,4,815.9372,377.7590,97.6304,28.6972,1.000000,8,0
105,1,812.6616,339.5669,377.9126,74.9744,1.000000,8,1
105,2,313.1953,346.7760,285.1373,57.0464,1.000000,8,1
105,3,-213.4214,339.1556,520.2869,120.9550,1.000000,8,1
105,4,816.8931,377.8236,97.7167,28.7084,1.000000,8,0
106,1,812.0517,339.5758,377.7820,74.9699,1.000000,8,1
106,2,312.8157,346.8395,285.1221,57.0423,1.000000,8,1
106,3,-212.4197,339.2969,520.5168,121.0140,1.000000,8,1
106,4,817.8579,377.8797,97.8036,28.7191,1.000000,8,0
107,1,811.4414,339.5818,377.6501,74.9650,1.000000,8,1
107,2,312.4369,346.9096,285.1066,57.0382,1.000000,8,1
107,3,-211.4085,339.4434,520.7428,121.0719,1.000000,8,1
107,4,818.8160,377.9424,97.8898,28.7301,1.000000,8,0
108,1,810.8308,339.5854,377.5168,74.9599,1.000000,8,1
108,2,312.0591,346.9849,285.0906,57.0339,1.000000,8,1
108,3,-210.3881,339.5921,520.9645,121.1288,1.000000,8,1
108,4,819.7742,378.0046,97.9760,28.7411,1.000000,8,0
109,1,810.2196,339.5862,377.3816,74.9545,1.000000,8,1
109,2,311.6820,347.0642,285.0745,57.0295,1.000000,8,1
109,3,-209.3585,339.7412,521.1827,121.1845,1.000000,8,1
109,4,820.7400,378.0587,98.0626,28.7515,1.000000,8,0
110,1,809.6078,339.5848,377.2441,74.9486,1.000000,8,1
110,2,311.3059,347.1492,285.0579,57.0252,1.000000,8,1
110,3,-208.3199,339.8927,521.3968,121.2394,1.000000,8,1
110,4,821.6991,378.1191,98.1486,28.7624,1.000000,8,0
111,1,808.9954,339.5818,377.1044,74.9423,1.000000,8,1
111,2,310.9307,347.2387,285.0406,57.0207,1.000000,8,1
111,3,-207.2731,340.0448,521.6075,121.2932,1.000000,8,1
111,4,822.6578,378.1796,98.2345,28.7731,1.000000,8,0
112,1,808.3822,339.5772,376.9622,74.9355,1.000000,8,1
112,2,310.5559,347.3319,285.0233,57.0161,1.000000,8,1
112,3,-206.2180,340.1965,521.8145,121.3462,1.000000,8,1
112,4,823.6244,378.2320,98.3210,28.7833,1.000000,8,0
113,1,807.7683,339.5705,376.8173,74.9282,1.000000,8,1
113,2,310.1821,347.4301,285.0057,57.0115,1.000000,8,1
113,3,-205.1524,340.3512,522.0165,121.3978,1.000000,8,1
113,4,824.5869,378.2893,98.4072,28.7938,1.000000,8,0
114,1,807.1539,339.5621,376.6698,74.9205,1.000000,8,1
114,2,309.8090,347.5321,284.9878,57.0069,1.000000,8,1
114,3,-204.0778,340.5069,522.2144,121.4483,1.000000,8,1
114,4,825.5505,378.3462,98.4934,28.8044,1.000000,8,0
115,1,806.5387,339.5523,376.5203,74.9122,1.000000,8,1
115,2,309.4365,347.6374,284.9694,57.0021,1.000000,8,1
115,3,-202.9955,340.6623,522.4086,121.4978,1.000000,8,1
115,4,826.5215,378.3954,98.5803,28.8144,1.000000,8,0
116,1,805.9227,339.5401,376.3676,74.9034,1.000000,8,1
116,2,309.0649,347.7479,284.9506,56.9973,1.000000,8,1
116,3,-201.9034,340.8204,522.5978,121.5461,1.000000,8,1
116,4,827.4916,378.4482,98.6672,28.8246,1.000000,8,0
117,1,805.3062,339.5264,376.2125,74.8942,1.000000,8,1
117,2,308.6941,347.8619,284.9313,56.9923,1.000000,8,1
117,3,-200.8028,340.9799,522.7827,121.5932,1.000000,8,1
117,4,828.4625,378.5017,98.7540,28.8350,1.000000,8,0
118,1,804.6890,339.5117,376.0554,74.8846,1.000000,8,1
118,2,308.3243,347.9780,284.9113,56.9872,1.000000,8,1
118,3,-199.6938,341.1401,522.9634,121.6391,1.000000,8,1
118,4,829.4348,378.5542,98.8412,28.8452,1.000000,8,0
119,1,804.0711,339.4941,375.8953,74.8744,1.000000,8,1
119,2,307.9557,348.0983,284.8904,56.9819,1.000000,8,1
119,3,-198.5754,341.3037,523.1390,121.6838,1.000000,8,1
119,4,830.4093,378.6068,98.9285,28.8555,1.000000,8,0
120,1,803.4527,339.4746,375.7338,74.8639,1.000000,8,1
120,2,307.5879,348.2217,284.8690,56.9764,1.000000,8,1
120,3,-197.4493,341.4696,523.3104,121.7273,1.000000,8,1
120,4,831.3856,378.6577,99.0160,28.8657,1.000000,8,0
121,1,802.8344,339.4539,375.5712,74.8532,1.000000,8,1
121,2,307.2211,348.3471,284.8467,56.9709,1.000000,8,1
121,3,-196.3146,341.6360,523.4769,121.7695,1.000000,8,1
121,4,832.3638,378.7057,99.1038,28.8758,1.000000,8,0
122,1,802.2153,339.4307,375.4066,74.8421,1.000000,8,1
122,2,306.8554,348.4765,284.8237,56.9652,1.000000,8,1
122,3,-195.1720,341.8064,523.6392,121.8105,1.000000,8,1
122,4,833.3440,378.7529,99.1921,28.8859,1.000000,8,0
123,1,801.5962,339.4060,375.2407,74.8308,1.000000,8,1
123,2,306.4910,348.6084,284.7997,56.9591,1.000000,8,1
123,3,-194.0223,341.9786,523.7975,121.8506,1.000000,8,1
123,4,834.3259,378.7978,99.2806,28.8958,1.000000,8,0
124,1,800.9771,339.3805,375.0742,74.8193,1.000000,8,1
124,2,306.1279,348.7414,284.7747,56.9530,1.000000,8,1
124,3,-192.8638,342.1501,523.9510,121.8895,1.000000,8,1
124,4,835.3091,378.8389,99.3693,28.9056,1.000000,8,0
125,1,800.3580,339.3530,374.9067,74.8077,1.000000,8,1
125,2,305.7666,348.8777,284.7485,56.9465,1.000000,8,1
125,3,-191.6970,342.3234,524.1003,121.9271,1.000000,8,1
125,4,836.2939,378.8784,99.4581,28.9152,1.000000,8,0
126,1,799.7389,339.3246,374.7385,74.7958,1.000000,8,1
126,2,305.4070,349.0155,284.7209,56.9399,1.000000,8,1
126,3,-190.5232,342.4969,524.2457,121.9637,1.000000,8,1
126,4,837.2797,378.9149,99.5472,28.9247,1.000000,8,0
127,1,799.1199,339.2961,374.5698,74.7839,1.000000,8,1
127,2,305.0488,349.1534,284.6929,56.9331,1.000000,8,1
127,3,-189.3436,342.6687,524.3881,121.9996,1.000000,8,1
127,4,838.2665,378.9472,99.6365,28.9340,1.000000,8,0
128,1,798.5010,339.2653,374.4008,74.7719,1.000000,8,1
128,2,304.6931,349.2939,284.6639,56.9260,1.000000,8,1
128,3,-188.1575,342.8409,524.5271,122.0345,1.000000,8,1
128,4,839.2539,378.9768,99.7258,28.9430,1.000000,8,0
129,1,797.8822,339.2339,374.2316,74.7599,1.000000,8,1
129,2,304.3394,349.4355,284.6341,56.9188,1.000000,8,1
129,3,-186.9679,343.0115,524.6644,122.0690,1.000000,8,1
129,4,840.2420,379.0029,99.8151,28.9518,1.000000,8,0
130,1,797.2638,339.2028,374.0625,74.7478,1.000000,8,1
130,2,303.9879,349.5773,284.6033,56.9114,1.000000,8,1
130,3,-185.7771,343.1795,524.8010,122.1033,1.000000,8,1
130,4,841.2316,379.0241,99.9046,28.9603,1.000000,8,0
131,1,796.6454,339.1702,373.8934,74.7358,1.000000,8,1
131,2,303.6383,349.7205,284.5719,56.9039,1.000000,8,1
131,3,-184.5831,343.3465,524.9357,122.1371,1.000000,8,1
131,4,842.2213,379.0422,99.9940,28.9685,1.000000,8,0
132,1,796.0270,339.1373,373.7241,74.7236,1.000000,8,1
132,2,303.2899,349.8636,284.5399,56.8962,1.000000,8,1
132,3,-183.3878,343.5107,525.0696,122.1708,1.000000,8,1
132,4,843.2132,379.0551,100.0833,28.9763,1.000000,8,0
133,1,795.4080,339.1051,373.5546,74.7115,1.000000,8,1
133,2,302.9425,350.0054,284.5075,56.8886,1.000000,8,0.9375
133,3,-182.1938,343.6707,525.2037,122.2044,1.000000,8,1
133,4,844.2099,379.0596,100.1731,28.9836,1.000000,8,0
134,1,794.7873,339.0711,373.3848,74.6993,1.000000,8,1
134,2,302.5964,350.1476,284.4744,56.8807,1.000000,8,1
134,3,-181.0022,343.8273,525.3380,122.2381,1.000000,8,1
134,4,845.2020,379.0647,100.2621,28.9909,1.000000,8,0
135,1,794.1655,339.0369,373.2146,74.6871,1.000000,8,1
135,2,302.2512,350.2891,284.4407,56.8727,1.000000,8,1
135,3,-179.8136,343.9783,525.4734,122.2721,1.000000,8,1
135,4,846.1932,379.0675,100.3510,28.9979,1.000000,8,0
136,1,793.5430,339.0042,373.0442,74.6749,1.000000,8,1
136,2,301.9063,350.4287,284.4071,56.8647,1.000000,8,1
136,3,-178.6289,344.1223,525.6108,122.3067,1.000000,8,1
136,4,847.1887,379.0636,100.4401,29.0044,1.000000,8,0
137,1,792.9196,338.9714,372.8727,74.6626,1.000000,8,1
137,2,301.5623,350.5678,284.3731,56.8566,1.000000,8,0.9375
137,3,-177.4488,344.2614,525.7508,122.3419,1.000000,8,1
137,4,848.1805,379.0593,100.5285,29.0108,1.000000,8,0
138,1,792.2959,338.9400,372.7010,74.6501,1.000000,8,1
138,2,301.2189,350.7061,284.3387,56.8485,1.000000,8,0.875
138,3,-176.2740,344.3957,525.8936,122.3779,1.000000,8,1
138,4,849.1729,379.0517,100.6166,29.0169,1.000000,8,0
139,1,791.6724,338.9107,372.5291,74.6376,1.000000,8,1
139,2,300.8762,350.8427,284.3040,56.8402,1.000000,8,1
139,3,-175.1051,344.5244,526.0396,122.4147,1.000000,8,1
139,4,850.1679,379.0391,100.7048,29.0226,1.000000,8,0
140,1,791.0485,338.8812,372.3567,74.6249,1.000000,8,1
140,2,300.5343,350.9786,284.2689,56.8319,1.000000,8,1
140,3,-173.9420,344.6495,526.1885,122.4523,1.000000,8,1
140,4,851.1590,379.0274,100.7924,29.0283,1.000000,8,0
141,1,790.4245,338.8528,372.1835,74.6122,1.000000,8,1
141,2,300.1930,351.1134,284.2337,56.8236,1.000000,8,0.9375
141,3,-172.7848,344.7718,526.3406,122.4908,1.000000,8,1
141,4,852.1488,379.0150,100.8795,29.0338,1.000000,8,0
142,1,789.8005,338.8261,372.0105,74.5995,1.000000,8,1
142,2,299.8522,351.2462,284.1982,56.8152,1.000000,8,1
142,3,-171.6344,344.8920,526.4965,122.5301,1.000000,8,1
142,4,853.1420,378.9978,100.9669,29.0389,1.000000,8,0
143,1,789.1761,338.7998,371.8366,74.5866,1.000000,8,1
143,2,299.5121,351.3784,284.1623,56.8068,1.000000,8,0.8125
143,3,-170.4906,345.0131,526.6555,122.5704,1.000000,8,1
143,4,854.1324,378.9813,101.0536,29.0440,1.000000,8,0
144,1,788.5513,338.7744,371.6622,74.5736,1.000000,8,1
144,2,299.1724,351.5094,284.1265,56.7984,1.000000,8,1
144,3,-169.3530,345.1348,526.8180,122.6117,1.000000,8,1
144,4,855.1221,378.9641,101.1403,29.0491,1.000000,8,0
145,1,787.9263,338.7503,371.4874,74.5606,1.000000,8,1
145,2,298.8331,351.6386,284.0906,56.7899,1.000000,8,1
145,3,-168.2211,345.2558,526.9836,122.6537,1.000000,8,1
145,4,856.1140,378.9438,101.2271,29.0539,1.000000,8,0
146,1,787.3004,338.7260,371.3123,74.5475,1.000000,8,1
146,2,298.4943,351.7677,284.0545,56.7813,1.000000,8,0.8125
146,3,-167.0935,345.3798,527.1516,122.6964,1.000000,8,1
146,4,857.1044,378.9230,101.3136,29.0586,1.000000,8,0
147,1,786.6736,338.7018,371.1366,74.5342,1.000000,8,1
147,2,298.1562,351.8954,284.0180,56.7727,1.000000,8,0.8125
147,3,-165.9698,345.5054,527.3221,122.7397,1.000000,8,1
147,4,858.0948,378.9011,101.4000,29.0631,1.000000,8,0
148,1,786.0462,338.6780,370.9601,74.5208,1.000000,8,1
148,2,297.8186,352.0210,283.9812,56.7641,1.000000,8,0.875
148,3,-164.8496,345.6304,527.4952,122.7838,1.000000,8,1
148,4,859.0870,378.8765,101.4868,29.0677,1.000000,8,0
149,1,785.4172,338.6531,370.7833,74.5075,1.000000,8,1
149,2,297.4817,352.1467,283.9442,56.7554,1.000000,8,1
149,3,-163.7298,345.7578,527.6700,122.8283,1.000000,8,1
149,4,860.0785,378.8509,101.5734,29.0721,1.000000,8,0
150,1,784.7867,338.6280,370.6056,74.4940,1.000000,8,1
150,2,297.1450,352.2714,283.9070,56.7467,1.000000,8,0.875
150,3,-162.6104,345.8869,527.8463,122.8731,1.000000,8,1
150,4,861.0701,378.8242,101.6602,29.0764,1.000000,8,0
151,1,784.1553,338.6029,370.4267,74.4803,1.000000,8,1
151,2,296.8087,352.3940,283.8696,56.7379,1.000000,8,0.75
151,3,-161.4904,346.0159,528.0234,122.9182,1.000000,8,1
151,4,862.0623,378.7961,101.7471,29.0807,1.000000,8,0
152,1,783.5216,338.5761,370.2473,74.4665,1.000000,8,1
152,2,296.4733,352.5160,283.8316,56.7290,1.000000,8,0.9375
152,3,-160.3689,346.1475,528.2012,122.9636,1.000000,8,1
152,4,863.0543,378.7658,101.8343,29.0848,1.000000,8,0
153,1,782.8863,338.5486,370.0676,74.4527,1.000000,8,1
153,2,296.1383,352.6366,283.7934,56.7200,1.000000,8,0.9375
153,3,-159.2471,346.2793,528.3804,123.0091,1.000000,8,1
153,4,864.0467,378.7338,101.9214,29.0889,1.000000,8,0
154,1,782.2496,338.5212,369.8867,74.4388,1.000000,8,1
154,2,295.8038,352.7544,283.7547,56.7110,1.000000,8,1
154,3,-158.1247,346.4084,528.5605,123.0551,1.000000,8,1
154,4,865.0397,378.7003,102.0090,29.0930,1.000000,8,0
155,1,781.6100,338.4924,369.7048,74.4248,1.000000,8,1
155,2,295.4703,352.8714,283.7154,56.7018,1.000000,8,0.875
155,3,-156.9998,346.5373,528.7409,123.1010,1.000000,8,1
155,4,866.0323,378.6644,102.0966,29.0969,1.000000,8,0
156,1,780.9683,338.4626,369.5222,74.4106,1.000000,8,1
156,2,295.1372,352.9868,283.6756,56.6925,1.000000,8,0.9375
156,3,-155.8736,346.6636,528.9222,123.1472,1.000000,8,1
156,4,867.0250,378.6269,102.1843,29.1007,1.000000,8,0
157,1,780.3254,338.4319,369.3379,74.3962,1.000000,8,1
157,2,294.8042,353.0994,283.6358,56.6833,1.000000,8,0.9375
157,3,-154.7480,346.7843,529.1052,123.1938,1.000000,8,1
157,4,868.0175,378.5881,102.2723,29.1045,1.000000,8,0
158,1,779.6810,338.3994,369.1537,74.3818,1.000000,8,1
158,2,294.4719,353.2097,283.5954,56.6739,1.000000,8,0.8125
158,3,-153.6213,346.9009,529.2892,123.2408,1.000000,8,1
158,4,869.0095,378.5468,102.3604,29.1082,1.000000,8,0
159,1,779.0359,338.3658,368.9700,74.3674,1.000000,8,1
159,2,294.1399,353.3172,283.5548,56.6644,1.000000,8,0.8125
159,3,-152.4953,347.0120,529.4755,123.2883,1.000000,8,1
159,4,870.0013,378.5040,102.4486,29.1118,1.000000,8,0
160,1,778.3914,338.3317,368.7866,74.3532,1.000000,8,1
160,2,293.8085,353.4213,283.5135,56.6548,1.000000,8,1
160,3,-151.3716,347.1151,529.6642,123.3365,1.000000,8,1
160,4,870.9930,378.4602,102.5371,29.1154,1.000000,8,0
161,1,777.7454,338.2953,368.6045,74.3392,1.000000,8,1
161,2,293.4778,353.5223,283.4719,56.6451,1.000000,8,0.9375
161,3,-150.2489,347.2118,529.8550,123.3852,1.000000,8,1
161,4,871.9846,378.4139,102.6257,29.1188,1.000000,8,0
162,1,777.0992,338.2575,368.4222,74.3254,1.000000,8,1
162,2,293.1481,353.6199,283.4295,56.6353,1.000000,8,0.75
162,3,-149.1272,347.3015,530.0479,123.4344,1.000000,8,1
162,4,872.9767,378.3661,102.7145,29.1223,1.000000,8,0
163,1,776.4532,338.2185,368.2417,74.3117,1.000000,8,1
163,2,292.8188,353.7128,283.3874,56.6255,1.000000,8,0.8125
163,3,-148.0063,347.3835,530.2423,123.4841,1.000000,8,1
163,4,873.9700,378.3174,102.8037,29.1257,1.000000,8,0
164,1,775.8060,338.1767,368.0620,74.2983,1.000000,8,1
164,2,292.4910,353.8003,283.3446,56.6156,1.000000,8,0.875
164,3,-146.8866,347.4585,530.4385,123.5344,1.000000,8,1
164,4,874.9637,378.2675,102.8932,29.1291,1.000000,8,0
165,1,775.1581,338.1333,367.8827,74.2849,1.000000,8,1
165,2,292.1642,353.8831,283.3021,56.6057,1.000000,8,0.9375
165,3,-145.7693,347.5265,530.6376,123.5852,1.000000,8,1
165,4,875.9581,378.2180,102.9829,29.1326,1.000000,8,0
166,1,774.5104,338.0890,367.7034,74.2716,1.000000,8,1
166,2,291.8387,353.9612,283.2590,56.5958,1.000000,8,0.875
166,3,-144.6552,347.5874,530.8393,123.6368,1.000000,8,1
166,4,876.9532,378.1693,103.0731,29.1362,1.000000,8,0
167,1,773.8613,338.0421,367.5265,74.2587,1.000000,8,1
167,2,291.5142,354.0331,283.2166,56.5859,1.000000,8,0.875
167,3,-143.5419,347.6436,531.0426,123.6889,1.000000,8,1
167,4,877.9485,378.1207,103.1633,29.1399,1.000000,8,0
168,1,773.2119,337.9940,367.3494,74.2459,1.000000,8,1
168,2,291.1905,354.0992,283.1741,56.5761,1.000000,8,0.875
168,3,-142.4294,347.6954,531.2472,123.7413,1.000000,8,1
168,4,878.9442,378.0732,103.2542,29.1437,1.000000,8,0
169,1,772.5624,337.9456,367.1726,74.2330,1.000000,8,1
169,2,290.8670,354.1588,283.1319,56.5663,1.000000,8,0.9375
169,3,-141.3180,347.7433,531.4528,123.7940,1.000000,8,1
169,4,879.9406,378.0277,103.3453,29.1478,1.000000,8,0
170,1,771.9115,337.8964,366.9962,74.2204,1.000000,8,1
170,2,290.5435,354.2107,283.0900,56.5566,1.000000,8,0.875
170,3,-140.2081,347.7891,531.6602,123.8471,1.000000,8,1
170,4,880.9369,377.9832,103.4366,29.1520,1.000000,8,0
171,1,771.2600,337.8471,366.8204,74.2078,1.000000,8,1
171,2,290.2199,354.2554,283.0486,56.5469,1.000000,8,0.9375
171,3,-139.0990,347.8337,531.8685,123.9005,1.000000,8,1
171,4,881.9333,377.9405,103.5282,29.1563,1.000000,8,0
172,1,770.6091,337.7985,366.6447,74.1953,1.000000,8,1
172,2,289.8953,354.2927,283.0080,56.5375,1.000000,8,0.875
172,3,-137.9893,347.8770,532.0768,123.9539,1.000000,8,1
172,4,882.9302,377.9000,103.6201,29.1609,1.000000,8,0
173,1,769.9567,337.7505,366.4689,74.1827,1.000000,8,1
173,2,289.5691,354.3221,282.9684,56.5283,1.000000,8,0.6875
173,3,-136.8791,347.9201,532.2853,124.0074,1.000000,8,1
173,4,883.9269,377.8604,103.7123,29.1656,1.000000,8,0
174,1,769.3042,337.7036,366.2922,74.1700,1.000000,8,1
174,2,289.2417,354.3441,282.9293,56.5193,1.000000,8,0.75
174,3,-135.7682,347.9634,532.4938,124.0608,1.000000,8,1
174,4,884.9236,377.8227,103.8049,29.1705,1.000000,8,0
175,1,768.6522,337.6584,366.1145,74.1571,1.000000,8,1
175,2,288.9133,354.3585,282.8913,56.5104,1.000000,8,0.75
175,3,-134.6544,348.0070,532.7007,124.1138,1.000000,8,1
175,4,885.9204,377.7875,103.8978,29.1757,1.000000,8,0
176,1,767.9991,337.6146,365.9363,74.1440,1.000000,8,1
176,2,288.5825,354.3642,282.8544,56.5017,1.000000,8,0.875
176,3,-133.5378,348.0508,532.9068,124.1667,1.000000,8,1
176,4,886.9164,377.7526,103.9911,29.1810,1.000000,8,0
177,1,767.3459,337.5724,365.7571,74.1308,1.000000,8,1
177,2,288.2499,354.3625,282.8182,56.4932,1.000000,8,0.75
177,3,-132.4176,348.0944,533.1112,124.2190,1.000000,8,1
177,4,887.9120,377.7190,104.0850,29.1866,1.000000,8,0
178,1,766.6935,337.5325,365.5773,74.1174,1.000000,8,1
178,2,287.9155,354.3534,282.7831,56.4849,1.000000,8,0.8125
178,3,-131.2929,348.1381,533.3135,124.2708,1.000000,8,1
178,4,888.9128,377.6828,104.1795,29.1920,1.000000,8,0
179,1,766.0410,337.4951,365.3960,74.1038,1.000000,8,1
179,2,287.5777,354.3357,282.7495,56.4770,1.000000,8,0.9375
179,3,-130.1642,348.1820,533.5139,124.3221,1.000000,8,1
179,4,889.9264,377.6329,104.2756,29.1968,1.000000,8,0
180,1,765.3895,337.4600,365.2137,74.0898,1.000000,8,1
180,2,287.2377,354.3102,282.7167,56.4692,1.000000,8,0.75
180,3,-129.0302,348.2252,533.7120,124.3728,1.000000,8,1
180,4,890.9412,377.5817,104.3719,29.2015,1.000000,8,0
181,1,764.7397,337.4270,365.0316,74.0758,1.000000,8,1
181,2,286.8954,354.2767,282.6852,56.4617,1.000000,8,0.8125
181,3,-127.8897,348.2672,533.9061,124.4224,1.000000,8,1
181,4,891.9522,377.5352,104.4686,29.2066,1.000000,8,0
182,1,764.0908,337.3968,364.8490,74.0617,1.000000,8,1
182,2,286.5493,354.2347,282.6553,56.4545,1.000000,8,0.75
182,3,-126.7440,348.3086,534.0974,124.4714,1.000000,8,1
182,4,892.9695,377.4812,104.5662,29.2113,1.000000,8,0
183,1,763.4429,337.3682,364.6664,74.0476,1.000000,8,1
183,2,286.2003,354.1855,282.6269,56.4477,1.000000,8,0.8125
183,3,-125.5920,348.3488,534.2850,124.5193,1.000000,8,1
183,4,893.9878,377.4268,104.6642,29.2162,1.000000,8,0
184,1,762.7965,337.3411,364.4839,74.0334,1.000000,8,1
184,2,285.8488,354.1293,282.5993,56.4410,1.000000,8,0.875
184,3,-124.4326,348.3849,534.4680,124.5660,1.000000,8,1
184,4,895.0060,377.3745,104.7625,29.2212,1.000000,8,0
185,1,762.1517,337.3157,364.3022,74.0193,1.000000,8,1
185,2,285.4937,354.0644,282.5735,56.4347,1.000000,8,0.9375
185,3,-123.2693,348.4167,534.6490,124.6121,1.000000,8,1
185,4,896.0339,377.3111,104.8621,29.2257,1.000000,8,0
186,1,761.5089,337.2917,364.1212,74.0053,1.000000,8,1
186,2,285.1359,353.9921,282.5489,56.4286,1.000000,8,0.75
186,3,-122.0997,348.4438,534.8260,124.6572,1.000000,8,1
186,4,897.0551,377.2544,104.9613,29.2307,1.000000,8,0
187,1,760.8679,337.2691,363.9414,73.9914,1.000000,8,1
187,2,284.7759,353.9126,282.5252,56.4227,1.000000,8,0.9375
187,3,-120.9227,348.4652,534.9982,124.7011,1.000000,8,1
187,4,898.0724,377.2045,105.0604,29.2360,1.000000,8,0
188,1,760.2294,337.2480,363.7631,73.9777,1.000000,8,1
188,2,284.4126,353.8243,282.5031,56.4172,1.000000,8,0.875
188,3,-119.7421,348.4809,535.1685,124.7444,1.000000,8,1
188,4,899.1052,377.1391,105.1609,29.2405,1.000000,8,0
189,1,759.5931,337.2282,363.5861,73.9643,1.000000,8,1
189,2,284.0467,353.7286,282.4823,56.4119,1.000000,8,0.8125
189,3,-118.5558,348.4916,535.3348,124.7868,1.000000,8,1
189,4,900.1285,377.0835,105.2609,29.2456,1.000000,8,0
190,1,758.9596,337.2090,363.4109,73.9510,1.000000,8,1
190,2,283.6786,353.6260,282.4623,56.4069,1.000000,8,0.6875
190,3,-117.3616,348.4978,535.4964,124.8277,1.000000,8,1
190,4,901.1442,377.0388,105.3600,29.2513,1.000000,8,0
191,1,758.3292,337.1911,363.2383,73.9382,1.000000,8,1
191,2,283.3073,353.5147,282.4444,56.4022,1.000000,8,0.75
191,3,-116.1631,348.4967,535.6552,124.8680,1.000000,8,1
191,4,902.1815,376.9752,105.4612,29.2560,1.000000,8,0
192,1,757.7014,337.1745,363.0676,73.9257,1.000000,8,1
192,2,282.9340,353.3964,282.4273,56.3978,1.000000,8,0.75
192,3,-114.9595,348.4890,535.8108,124.9074,1.000000,8,1
192,4,903.2095,376.9232,105.5615,29.2614,1.000000,8,0
193,1,757.0759,337.1589,362.8989,73.9135,1.000000,8,1
193,2,282.5589,353.2714,282.4114,56.3936,1.000000,8,0.5625
193,3,-113.7485,348.4752,535.9617,124.9456,1.000000,8,1
193,4,904.2261,376.8872,105.6607,29.2676,1.000000,8,0
194,1,756.4539,337.1452,362.7322,73.9016,1.000000,8,1
194,2,282.1813,353.1380,282.3969,56.3896,1.000000,8,0.625
194,3,-112.5317,348.4542,536.1093,124.9829,1.000000,8,1
194,4,905.2656,376.8336,105.7619,29.2729,1.000000,8,0
195,1,755.8345,337.1331,362.5676,73.8900,1.000000,8,1
195,2,281.8018,352.9977,282.3836,56.3860,1.000000,8,0.8125
195,3,-111.3080,348.4265,536.2527,125.0192,1.000000,8,1
195,4,906.2969,376.7921,105.8622,29.2788,1.000000,8,0
196,1,755.2175,337.1228,362.4053,73.8788,1.000000,8,1
196,2,281.4203,352.8513,282.3718,56.3826,1.000000,8,0.8125
196,3,-110.0744,348.3921,536.3902,125.0537,1.000000,8,1
196,4,907.3170,376.7680,105.9613,29.2858,1.000000,8,0
197,1,754.6036,337.1151,362.2449,73.8678,1.000000,8,1
197,2,281.0364,352.6973,282.3612,56.3796,1.000000,8,0.625
197,3,-108.8353,348.3513,536.5245,125.0876,1.000000,8,1
197,4,908.3604,376.7279,106.0621,29.2917,1.000000,8,0
198,1,753.9920,337.1100,362.0860,73.8571,1.000000,8,1
198,2,280.6507,352.5371,282.3519,56.3767,1.000000,8,0.75
198,3,-107.5896,348.3036,536.6553,125.1204,1.000000,8,1
198,4,909.3944,376.7021,106.1617,29.2984,1.000000,8,0
199,1,753.3821,337.1074,361.9287,73.8466,1.000000,8,1
199,2,280.2635,352.3718,282.3436,56.3741,1.000000,8,0.4375
199,3,-106.3335,348.2478,536.7797,125.1515,1.000000,8,1
199,4,910.4176,376.6944,106.2601,29.3061,1.000000,8,0
200,1,752.7747,337.1083,361.7726,73.8363,1.000000,8,1
200,2,279.8741,352.1999,282.3367,56.3718,1.000000,8,1
200,3,-105.0700,348.1844,536.9001,125.1816,1.000000,8,1
200,4,911.4650,376.6713,106.3600,29.3128,1.000000,8,0
201,1,752.1689,337.1120,361.6174,73.8261,1.000000,8,1
201,2,279.4830,352.0233,282.3311,56.3698,1.000000,8,0.75
201,3,-103.7989,348.1133,537.0165,125.2106,1.000000,8,1
201,4,912.5017,376.6638,106.4585,29.3203,1.000000,8,0
202,1,751.5642,337.1186,361.4626,73.8160,1.000000,8,1
202,2,279.0898,351.8433,282.3272,56.3681,1.000000,8,0.8125
202,3,-102.5196,348.0345,537.1279,125.2383,1.000000,8,1
202,4,913.5269,376.6732,106.5553,29.3287,1.000000,8,0
203,1,750.9611,337.1297,361.3091,73.8059,1.000000,8,1
203,2,278.6953,351.6580,282.3246,56.3667,1.000000,8,0.9375
203,3,-101.2325,347.9468,537.2355,125.2650,1.000000,8,1
203,4,914.5768,376.6653,106.6537,29.3360,1.000000,8,0
204,1,750.3589,337.1444,361.1553,73.7959,1.000000,8,1
204,2,278.2995,351.4694,282.3232,56.3655,1.000000,8,0.875
204,3,-99.9379,347.8503,537.3390,125.2905,1.000000,8,1
204,4,915.6160,376.6717,106.7506,29.3439,1.000000,8,0
205,1,749.7570,337.1625,361.0018,73.7859,1.000000,8,1
205,2,277.9026,351.2789,282.3230,56.3647,1.000000,8,0.75
205,3,-98.6356,347.7438,537.4382,125.3150,1.000000,8,1
205,4,916.6436,376.6945,106.8459,29.3528,1.000000,8,0
206,1,749.1559,337.1857,360.8478,73.7757,1.000000,8,1
206,2,277.5042,351.0841,282.3248,56.3642,1.000000,8,0.75
206,3,-97.3238,347.6259,537.5326,125.3381,1.000000,8,1
206,4,917.6953,376.7010,106.9432,29.3606,1.000000,8,0
207,1,748.5551,337.2127,360.6936,73.7656,1.000000,8,1
207,2,277.1049,350.8870,282.3276,56.3640,1.000000,8,0.75
207,3,-96.0046,347.4973,537.6230,125.3602,1.000000,8,1
207,4,918.7365,376.7215,107.0389,29.3691,1.000000,8,0
208,1,747.9534,337.2430,360.5391,73.7553,1.000000,8,1
208,2,276.7046,350.6892,282.3318,56.3640,1.000000,8,0.6875
208,3,-94.6801,347.3586,537.7108,125.3816,1.000000,8,1
208,4,919.7663,376.7568,107.1337,29.3785,1.000000,8,0
209,1,747.3522,337.2780,360.3839,73.7449,1.000000,8,1
209,2,276.3033,350.4884,282.3374,56.3644,1.000000,8,0.875
209,3,-93.3495,347.2073,537.7957,125.4021,1.000000,8,1
209,4,920.8213,376.7743,107.2303,29.3868,1.000000,8,0
210,1,746.7504,337.3161,360.2282,73.7344,1.000000,8,1
210,2,275.9011,350.2866,282.3442,56.3650,1.000000,8,0.875
210,3,-92.0131,347.0456,537.8772,125.4219,1.000000,8,1
210,4,921.8654,376.8051,107.3256,29.3958,1.000000,8,0
211,1,746.1478,337.3561,360.0722,73.7239,1.000000,8,1
211,2,275.4979,350.0858,282.3524,56.3659,1.000000,8,0.6875
211,3,-90.6712,346.8748,537.9556,125.4408,1.000000,8,1
211,4,922.8970,376.8507,107.4197,29.4056,1.000000,8,0
212,1,745.5453,337.3999,359.9152,73.7131,1.000000,8,1
212,2,275.0932,349.8833,282.3623,56.3672,1.000000,8,0.5625
212,3,-89.3269,346.6913,538.0322,125.4592,1.000000,8,1
212,4,923.9521,376.8794,107.5158,29.4145,1.000000,8,0
213,1,744.9423,337.4450,359.7582,73.7023,1.000000,8,1
213,2,274.6874,349.6814,282.3735,56.3687,1.000000,8,0.5625
213,3,-87.9804,346.4981,538.1069,125.4771,1.000000,8,1
213,4,924.9983,376.9178,107.6111,29.4239,1.000000,8,0
214,1,744.3385,337.4896,359.6012,73.6917,1.000000,8,1
214,2,274.2806,349.4821,282.3856,56.3705,1.000000,8,0.5625
214,3,-86.6328,346.2972,538.1804,125.4947,1.000000,8,1
214,4,926.0324,376.9693,107.7051,29.4341,1.000000,8,0
215,1,743.7363,337.5363,359.4444,73.6809,1.000000,8,1
215,2,273.8734,349.2825,282.3985,56.3724,1.000000,8,0.75
215,3,-85.2852,346.0822,538.2543,125.5124,1.000000,8,1
215,4,927.0867,377.0053,107.8010,29.4434,1.000000,8,0
216,1,743.1346,337.5834,359.2882,73.6703,1.000000,8,1
216,2,273.4654,349.0845,282.4122,56.3745,1.000000,8,0.625
216,3,-83.9383,345.8572,538.3286,125.5302,1.000000,8,1
216,4,928.1326,377.0496,107.8962,29.4532,1.000000,8,0
217,1,742.5331,337.6293,359.1331,73.6598,1.000000,8,1
217,2,273.0555,348.8897,282.4274,56.3768,1.000000,8,0.75
217,3,-82.5946,345.6246,538.4045,125.5484,1.000000,8,1
217,4,929.1674,377.1044,107.9903,29.4637,1.000000,8,0
218,1,741.9343,337.6759,358.9788,73.6495,1.000000,8,1
218,2,272.6450,348.6965,282.4428,56.3794,1.000000,8,0.8125
218,3,-81.2521,345.3802,538.4816,125.5670,1.000000,8,1
218,4,930.2195,377.1441,108.0862,29.4732,1.000000,8,0
219,1,741.3365,337.7213,358.8258,73.6393,1.000000,8,1
219,2,272.2329,348.5065,282.4595,56.3821,1.000000,8,0.625
219,3,-79.9122,345.1279,538.5601,125.5859,1.000000,8,1
219,4,931.2648,377.1886,108.1816,29.4830,1.000000,8,0
220,1,740.7385,337.7637,358.6738,73.6294,1.000000,8,1
220,2,271.8206,348.3215,282.4763,56.3848,1.000000,8,0.5625
220,3,-78.5756,344.8714,538.6404,125.6052,1.000000,8,1
220,4,932.3013,377.2392,108.2761,29.4933,1.000000,8,0
221,1,740.1407,337.8031,358.5228,73.6196,1.000000,8,1
221,2,271.4077,348.1393,282.4933,56.3876,1.000000,8,0.625
221,3,-77.2424,344.6064,538.7228,125.6252,1.000000,8,1
221,4,933.3529,377.2753,108.3724,29.5026,1.000000,8,0
222,1,739.5421,337.8387,358.3722,73.6100,1.000000,8,1
222,2,270.9941,347.9616,282.5104,56.3904,1.000000,8,0.625
222,3,-75.9142,344.3372,538.8079,125.6459,1.000000,8,1
222,4,934.3976,377.3157,108.4678,29.5122,1.000000,8,0
223,1,738.9419,337.8694,358.2223,73.6006,1.000000,8,1
223,2,270.5800,347.7903,282.5278,56.3933,1.000000,8,0.4375
223,3,-74.5918,344.0677,538.8964,125.6675,1.000000,8,1
223,4,935.4334,377.3626,108.5623,29.5221,1.000000,8,0
224,1,738.3410,337.8958,358.0720,73.5911,1.000000,8,1
224,2,270.1658,347.6227,282.5447,56.3960,1.000000,8,0.4375
224,3,-73.2763,343.7924,538.9890,125.6902,1.000000,8,1
224,4,936.4814,377.3984,108.6578,29.5313,1.000000,8,0
225,1,737.7387,337.9178,357.9218,73.5816,1.000000,8,1
225,2,269.7514,347.4606,282.5614,56.3988,1.000000,8,0.625
225,3,-71.9679,343.5157,539.0859,125.7140,1.000000,8,1
225,4,937.5235,377.4376,108.7523,29.5406,1.000000,8,0
226,1,737.1349,337.9348,357.7717,73.5723,1.000000,8,1
226,2,269.3372,347.3063,282.5778,56.4014,1.000000,8,0.3125
226,3,-70.6668,343.2422,539.1869,125.7389,1.000000,8,1
226,4,938.5576,377.4814,108.8459,29.5501,1.000000,8,0
227,1,736.5297,337.9467,357.6208,73.5627,1.000000,8,1
227,2,268.9223,347.1572,282.5942,56.4040,1.000000,8,0.75
227,3,-69.3731,342.9654,539.2925,125.7651,1.000000,8,1
227,4,939.6002,377.5159,108.9400,29.5589,1.000000,8,0
228,1,735.9233,337.9542,357.4689,73.5531,1.000000,8,1
228,2,268.5076,347.0140,282.6099,56.4066,1.000000,8,0.625
228,3,-68.0870,342.6895,539.4032,125.7926,1.000000,8,1
228,4,940.6365,377.5537,109.0330,29.5677,1.000000,8,0
229,1,735.3150,337.9576,357.3163,73.5434,1.000000,8,1
229,2,268.0935,346.8783,282.6250,56.4090,1.000000,8,0.5
229,3,-66.8103,342.4196,539.5201,125.8217,1.000000,8,1
229,4,941.6664,377.5948,109.1251,29.5766,1.000000,8,0
230,1,734.7053,337.9568,357.1626,73.5334,1.000000,8,1
230,2,267.6807,346.7489,282.6392,56.4111,1.000000,8,0.625
230,3,-65.5411,342.1510,539.6423,125.8522,1.000000,8,1
230,4,942.7035,377.6268,109.2170,29.5848,1.000000,8,0
231,1,734.0945,337.9518,357.0081,73.5233,1.000000,8,1
231,2,267.2686,346.6266,282.6528,56.4131,1.000000,8,0.6875
231,3,-64.2789,341.8867,539.7693,125.8841,1.000000,8,1
231,4,943.7340,377.6616,109.3080,29.5930,1.000000,8,0
232,1,733.4823,337.9426,356.8521,73.5130,1.000000,8,1
232,2,266.8575,346.5127,282.6656,56.4150,1.000000,8,0.8125
232,3,-63.0244,341.6298,539.9015,125.9173,1.000000,8,1
232,4,944.7578,377.6991,109.3978,29.6012,1.000000,8,0
233,1,732.8689,337.9294,356.6946,73.5024,1.000000,8,1
233,2,266.4478,346.4053,282.6770,56.4166,1.000000,8,0.75
233,3,-61.7770,341.3751,540.0388,125.9519,1.000000,8,1
233,4,945.7872,377.7284,109.4877,29.6087,1.000000,8,0
234,1,732.2545,337.9127,356.5356,73.4916,1.000000,8,1
234,2,266.0391,346.3051,282.6872,56.4180,1.000000,8,0.625
234,3,-60.5360,341.1252,540.1805,125.9877,1.000000,8,1
234,4,946.8134,377.7575,109.5768,29.6160,1.000000,8,0
235,1,731.6390,337.8926,356.3760,73.4806,1.000000,8,1
235,2,265.6320,346.2129,282.6963,56.4190,1.000000,8,0.5625
235,3,-59.3035,340.8830,540.3283,126.0251,1.000000,8,1
235,4,947.8339,377.7882,109.6650,29.6234,1.000000,8,0
236,1,731.0232,337.8689,356.2152,73.4694,1.000000,8,1
236,2,265.2268,346.1279,282.7039,56.4198,1.000000,8,0.8125
236,3,-58.0805,340.6432,540.4830,126.0642,1.000000,8,1
236,4,948.8567,377.8144,109.7531,29.6303,1.000000,8,0.0625
237,1,730.4070,337.8420,356.0534,73.4580,1.000000,8,1
237,2,264.8230,346.0500,282.7105,56.4204,1.000000,8,0.75
237,3,-56.8657,340.4073,540.6436,126.1051,1.000000,8,1
237,4,949.8772,377.8404,109.8407,29.6372,1.000000,8,0
238,1,729.7903,337.8120,355.8907,73.4464,1.000000,8,1
238,2,264.4213,345.9794,282.7155,56.4206,1.000000,8,0.625
238,3,-55.6596,340.1777,540.8106,126.1476,1.000000,8,1
238,4,950.8949,377.8661,109.9281,29.6440,1.000000,8,0
239,1,729.1655,337.7781,355.7351,73.4347,1.000000,8,1
239,2,264.0225,345.9156,282.7185,56.4204,1.000000,8,0.5625
239,3,-54.4624,339.9489,540.9840,126.1918,1.000000,8,1
239,4,951.9138,377.8880,110.0154,29.6504,1.000000,8,0
240,1,728.4957,337.7412,355.6243,73.4229,1.000000,8,1
240,2,263.6256,345.8583,282.7206,56.4200,1.000000,8,0.4375
240,3,-53.2743,339.7221,541.1642,126.2378,1.000000,8,1
240,4,952.9306,377.9083,110.1026,29.6568,1.000000,8,0.0625
241,1,727.8260,337.7017,355.5137,73.4111,1.000000,8,1
241,2,263.2314,345.8079,282.7209,56.4193,1.000000,8,0.4375
241,3,-52.0961,339.4996,541.3518,126.2858,1.000000,8,1
241,4,953.9460,377.9255,110.1898,29.6630,1.000000,8,0.0625
242,1,727.1569,337.6578,355.4032,73.3994,1.000000,8,1
242,2,262.8402,345.7644,282.7194,56.4181,1.000000,8,0.375
242,3,-50.9288,339.2764,541.5469,126.3358,1.000000,8,1
242,4,954.9620,377.9381,110.2772,29.6689,1.000000,8,0
243,1,726.4882,337.6113,355.2932,73.3877,1.000000,8,1
243,2,262.4515,345.7271,282.7164,56.4167,1.000000,8,0.6875
243,3,-49.7727,339.0542,541.7500,126.3879,1.000000,8,1
243,4,955.9769,377.9475,110.3648,29.6747,1.000000,8,0
244,1,725.8201,337.5626,355.1836,73.3760,1.000000,8,1
244,2,262.0651,345.6962,282.7122,56.4149,1.000000,8,0.375
244,3,-48.6273,338.8352,541.9613,126.4422,1.000000,8,1
244,4,956.9904,377.9534,110.4528,29.6803,1.000000,8,0
245,1,725.1530,337.5093,355.0748,73.3646,1.000000,8,1
245,2,261.6815,345.6714,282.7068,56.4129,1.000000,8,0.3125
245,3,-47.4935,338.6148,542.1813,126.4988,1.000000,8,1
245,4,958.0029,377.9547,110.5410,29.6858,1.000000,8,0.125
246,1,724.4866,337.4534,354.9672,73.3534,1.000000,8,1
246,2,261.3008,345.6526,282.6995,56.4106,1.000000,8,0.5
246,3,-46.3712,338.3949,542.4100,126.5578,1.000000,8,1
246,4,959.0158,377.9507,110.6299,29.6910,1.000000,8,0.3125
247,1,723.8210,337.3958,354.8607,73.3424,1.000000,8,1
247,2,260.9223,345.6394,282.6911,56.4080,1.000000,8,0.4375
247,3,-45.2615,338.1776,542.6487,126.6194,1.000000,8,1
247,4,960.0281,377.9425,110.7191,29.6961,1.000000,8,0.1875
248,1,723.1568,337.3344,354.7556,73.3316,1.000000,8,1
248,2,260.5467,345.6316,282.6812,56.4051,1.000000,8,0.375
248,3,-44.1659,337.9615,542.8978,126.6839,1.000000,8,1
248,4,961.0381,377.9303,110.8089,29.7010,1.000000,8,0.25
249,1,722.4933,337.2706,354.6520,73.3212,1.000000,8,1
249,2,260.1730,345.6281,282.6705,56.4020,1.000000,8,0.4375
249,3,-43.0830,337.7487,543.1567,126.7508,1.000000,8,1
249,4,962.0490,377.9124,110.8993,29.7057,1.000000,8,0.1875
250,1,721.8309,337.2050,354.5499,73.3110,1.000000,8,1
250,2,259.8011,345.6283,282.6587,56.3987,1.000000,8,0.3125
250,3,-42.0124,337.5411,543.4252,126.8204,1.000000,8,1
250,4,963.0599,377.8895,110.9904,29.7103,1.000000,8,0.25
251,1,721.1697,337.1356,354.4499,73.3012,1.000000,8,1
251,2,259.4316,345.6338,282.6459,56.3951,1.000000,8,0.625
251,3,-40.9556,337.3372,543.7040,126.8927,1.000000,8,1
251,4,964.0677,377.8638,111.0820,29.7148,1.000000,8,0.375
252,1,720.5096,337.0637,354.3514,73.2918,1.000000,8,1
252,2,259.0638,345.6433,282.6321,56.3914,1.000000,8,0.5625
252,3,-39.9110,337.1382,543.9928,126.9677,1.000000,8,1
252,4,965.0774,377.8320,111.1744,29.7192,1.000000,8,0.0625
253,1,719.8502,336.9908,354.2542,73.2826,1.000000,8,1
253,2,258.6976,345.6564,282.6175,56.3875,1.000000,8,0.5625
253,3,-38.8795,336.9445,544.2924,127.0456,1.000000,8,1
253,4,966.0889,377.7943,111.2677,29.7232,1.000000,8,0.375
254,1,719.1920,336.9154,354.1590,73.2737,1.000000,8,1
254,2,258.3330,345.6736,282.6020,56.3833,1.000000,8,0.5625
254,3,-37.8595,336.7556,544.6018,127.1261,1.000000,8,1
254,4,967.0975,377.7552,111.3614,29.7274,1.000000,8,0.0625
255,1,718.5347,336.8387,354.0654,73.2652,1.000000,8,1
255,2,257.9695,345.6939,282.5858,56.3791,1.000000,8,0.4375
255,3,-36.8483,336.5728,544.9191,127.2087,1.000000,8,1
255,4,968.1070,377.7124,111.4559,29.7315,1.000000,8,0.25
256,1,717.8784,336.7621,353.9733,73.2570,1.000000,8,1
256,2,257.6060,345.7173,282.5699,56.3749,1.000000,8,0.4375
256,3,-35.8458,336.3969,545.2444,127.2935,1.000000,8,1
256,4,969.1181,377.6657,111.5513,29.7355,1.000000,8,0.25
257,1,717.2230,336.6832,353.8826,73.2491,1.000000,8,1
257,2,257.2439,345.7442,282.5533,56.3705,1.000000,8,0.1875
257,3,-34.8513,336.2270,545.5778,127.3804,1.000000,8,1
257,4,970.1273,377.6186,111.6472,29.7397,1.000000,8,0.25
258,1,716.5679,336.6039,353.7933,73.2414,1.000000,8,1
258,2,256.8821,345.7742,282.5364,56.3662,1.000000,8,0.375
258,3,-33.8628,336.0626,545.9182,127.4692,1.000000,8,1
258,4,971.1389,377.5679,111.7438,29.7437,1.000000,8,0.25
259,1,715.9132,336.5259,353.7048,73.2339,1.000000,8,1
259,2,256.5200,345.8074,282.5197,56.3618,1.000000,8,0.5
259,3,-32.8803,335.9054,546.2662,127.5601,1.000000,8,1
259,4,972.1527,377.5145,111.8413,29.7477,1.000000,8,0.375
260,1,715.2587,336.4467,353.6173,73.2267,1.000000,8,1
260,2,256.1577,345.8442,282.5031,56.3574,1.000000,8,0.4375
260,3,-31.9013,335.7569,546.6197,127.6525,1.000000,8,1
260,4,973.1654,377.4613,111.9393,29.7520,1.000000,8,0.25
261,1,714.6038,336.3685,353.5313,73.2196,1.000000,8,1
261,2,255.7954,345.8839,282.4861,56.3530,1.000000,8,0.6875
261,3,-30.9249,335.6144,546.9780,127.7460,1.000000,8,1
261,4,974.1804,377.4060,112.0380,29.7562,1.000000,8,0.375
262,1,713.9487,336.2934,353.4453,73.2127,1.000000,8,1
262,2,255.4334,345.9260,282.4688,56.3486,1.000000,8,0.25
262,3,-29.9512,335.4790,547.3412,127.8409,1.000000,8,1
262,4,975.1971,377.3500,112.1371,29.7605,1.000000,8,0.375
263,1,713.2930,336.2185,353.3604,73.2059,1.000000,8,1
263,2,255.0704,345.9710,282.4523,56.3442,1.000000,8,0.3125
263,3,-28.9767,335.3520,547.7067,127.9365,1.000000,8,1
263,4,976.2149,377.2941,112.2370,29.7649,1.000000,8,0.375
264,1,712.6368,336.1455,353.2753,73.1991,1.000000,8,1
264,2,254.7071,346.0183,282.4358,56.3400,1.000000,8,0.375
264,3,-28.0020,335.2298,548.0750,128.0327,1.000000,8,1
264,4,977.2350,377.2370,112.3376,29.7693,1.000000,8,0.5625
265,1,711.9801,336.0760,353.1903,73.1924,1.000000,8,1
265,2,254.3432,346.0682,282.4197,56.3357,1.000000,8,0.4375
265,3,-27.0271,335.1133,548.4463,128.1299,1.000000,8,1
265,4,978.2573,377.1793,112.4387,29.7738,1.000000,8,0.375
266,1,711.3220,336.0084,353.1060,73.1857,1.000000,8,1
266,2,253.9789,346.1216,282.4038,56.3315,1.000000,8,0.375
266,3,-26.0527,335.0051,548.8204,128.2277,1.000000,8,1
266,4,979.2828,377.1211,112.5407,29.7784,1.000000,8,0.5625
267,1,710.6628,335.9437,353.0212,73.1791,1.000000,8,1
267,2,253.6139,346.1779,282.3884,56.3275,1.000000,8,0.3125
267,3,-25.0763,334.9032,549.1956,128.3259,1.000000,8,1
267,4,980.3100,377.0632,112.6430,29.7831,1.000000,8,0.3125
268,1,710.0024,335.8828,352.9370,73.1726,1.000000,8,1
268,2,253.2480,346.2370,282.3736,56.3235,1.000000,8,0.375
268,3,-24.0951,334.8070,549.5705,128.4240,1.000000,8,1
268,4,981.3392,377.0058,112.7460,29.7879,1.000000,8,0.4375
269,1,709.3398,335.8240,352.8523,73.1660,1.000000,8,1
269,2,252.8815,346.2995,282.3591,56.3196,1.000000,8,0.25
269,3,-23.1089,334.7160,549.9441,128.5218,1.000000,8,1
269,4,982.3709,376.9494,112.8495,29.7930,1.000000,8,0.5
270,1,708.6755,335.7682,352.7675,73.1593,1.000000,8,1
270,2,252.5148,346.3652,282.3448,56.3157,1.000000,8,0.1875
270,3,-22.1175,334.6297,550.3163,128.6192,1.000000,8,1
270,4,983.4047,376.8928,112.9537,29.7981,1.000000,8,0.6875
271,1,708.0098,335.7159,352.6816,73.1525,1.000000,8,1
271,2,252.1474,346.4340,282.3308,56.3120,1.000000,8,0.1875
271,3,-21.1216,334.5501,550.6880,128.7165,1.000000,8,1
271,4,984.4409,376.8349,113.0582,29.8032,1.000000,8,0.6875
272,1,707.3412,335.6648,352.5964,73.1459,1.000000,8,1
272,2,251.7794,346.5068,282.3174,56.3083,1.000000,8,0.1875
272,3,-20.1199,334.4767,551.0572,128.8131,1.000000,8,1
272,4,985.4817,376.7745,113.1639,29.8082,1.000000,8,0.5625
273,1,706.6710,335.6160,352.5109,73.1392,1.000000,8,1
273,2,251.4111,346.5830,282.3044,56.3047,1.000000,8,0.25
273,3,-19.1138,334.4095,551.4251,128.9094,1.000000,8,1
273,4,986.5228,376.7155,113.2698,29.8135,1.000000,8,0.75
274,1,705.9996,335.5702,352.4246,73.1325,1.000000,8,1
274,2,251.0422,346.6625,282.2918,56.3012,1.000000,8,0.4375
274,3,-18.1033,334.3509,551.7925,129.0056,1.000000,8,1
274,4,987.5645,376.6589,113.3762,29.8190,1.000000,8,0.3125
275,1,705.3253,335.5256,352.3392,73.1259,1.000000,8,1
275,2,250.6732,346.7470,282.2793,56.2978,1.000000,8,0.375
275,3,-17.0863,334.2993,552.1566,129.1010,1.000000,8,1
275,4,988.6124,376.5996,113.4836,29.8244,1.000000,8,0.8125
276,1,704.6496,335.4825,352.2531,73.1192,1.000000,8,1
276,2,250.3041,346.8358,282.2668,56.2944,1.000000,8,0.375
276,3,-16.0640,334.2564,552.5190,129.1958,1.000000,8,1
276,4,989.6615,376.5421,113.5916,29.8301,1.000000,8,0.375
277,1,703.9730,335.4410,352.1671,73.1126,1.000000,8,1
277,2,249.9342,346.9281,282.2551,56.2911,1.000000,8,0.3125
277,3,-15.0359,334.2250,552.8789,129.2899,1.000000,8,1
277,4,990.7109,376.4879,113.6996,29.8361,1.000000,8,0.75
278,1,703.2943,335.3991,352.0823,73.1062,1.000000,8,1
278,2,249.5642,347.0263,282.2434,56.2877,1.000000,8,0.5625
278,3,-14.0016,334.2043,553.2350,129.3831,1.000000,8,1
278,4,991.7651,376.4339,113.8086,29.8421,1.000000,8,0.75
279,1,702.6144,335.3575,351.9984,73.1000,1.000000,8,1
279,2,249.1947,347.1288,282.2314,56.2844,1.000000,8,0.1875
279,3,-12.9630,334.1940,553.5889,129.4758,1.000000,8,1
279,4,992.8195,376.3832,113.9178,29.8485,1.000000,8,0.625
280,1,701.9343,335.3167,351.9145,73.0938,1.000000,8,1
280,2,248.8251,347.2352,282.2197,56.2810,1.000000,8,0.25
280,3,-11.9206,334.1940,553.9407,129.5678,1.000000,8,1
280,4,993.8750,376.3349,114.0271,29.8550,1.000000,8,0.9375
281,1,701.2534,335.2751,351.8327,73.0881,1.000000,8,1
281,2,248.4555,347.3479,282.2080,56.2778,1.000000,8,0.125
281,3,-10.8717,334.2055,554.2883,129.6588,1.000000,8,1
281,4,994.9341,376.2892,114.1370,29.8617,1.000000,8,0.4375
282,1,700.5730,335.2334,351.7527,73.0828,1.000000,8,1
282,2,248.0863,347.4656,282.1958,56.2744,1.000000,8,0.3125
282,3,-9.8187,334.2291,554.6332,129.7491,1.000000,8,1
282,4,995.9932,376.2485,114.2468,29.8688,1.000000,8,0.6875
283,1,699.8937,335.1916,351.6747,73.0778,1.000000,8,1
283,2,247.7173,347.5876,282.1834,56.2710,1.000000,8,0.3125
283,3,-8.7637,334.2644,554.9774,129.8391,1.000000,8,1
283,4,997.0535,376.2117,114.3566,29.8760,1.000000,8,0.75
284,1,699.2156,335.1487,351.5988,73.0732,1.000000,8,1
284,2,247.3486,347.7161,282.1710,56.2675,1.000000,8,0.125
284,3,-7.7049,334.3105,555.3192,129.9286,1.000000,8,1
284,4,998.1176,376.1764,114.4666,29.8834,1.000000,8,0.8125
285,1,698.5383,335.1056,351.5241,73.0689,1.000000,8,1
285,2,246.9803,347.8496,282.1581,56.2640,1.000000,8,0.125
285,3,-6.6445,334.3680,555.6602,130.0178,1.000000,8,1
285,4,999.1807,376.1468,114.5765,29.8911,1.000000,8,0.75
286,1,697.8610,335.0624,351.4518,73.0651,1.000000,8,1
286,2,246.6125,347.9872,282.1447,56.2603,1.000000,8,0
286,3,-5.5822,334.4374,556.0002,130.1068,1.000000,8,1
286,4,1000.2440,376.1226,114.6862,29.8992,1.000000,8,0.875
287,1,697.1823,335.0175,351.3814,73.0618,1.000000,8,1
287,2,246.2458,348.1314,282.1305,56.2564,1.000000,8,0.3125
287,3,-4.5169,334.5196,556.3380,130.1951,1.000000,8,1
287,4,1001.3100,376.1017,114.7961,29.9074,1.000000,8,0.875
288,1,696.5024,334.9725,351.3126,73.0586,1.000000,8,1
288,2,245.8797,348.2806,282.1157,56.2525,1.000000,8,0.3125
288,3,-3.4506,334.6146,556.6752,130.2834,1.000000,8,1
288,4,1002.3770,376.0851,114.9058,29.9159,1.000000,8,0.75
289,1,695.8223,334.9281,351.2443,73.0556,1.000000,8,1
289,2,245.5146,348.4333,282.0997,56.2484,1.000000,8,0.125
289,3,-2.3846,334.7225,557.0133,130.3719,1.000000,8,1
289,4,1003.4430,376.0746,115.0155,29.9247,1.000000,8,0.75
290,1,695.1409,334.8835,351.1772,73.0530,1.000000,8,1
290,2,245.1505,348.5920,282.0833,56.2440,1.000000,8,0
290,3,-1.3181,334.8441,557.3509,130.4603,1.000000,8,1
290,4,1004.5100,376.0700,115.1245,29.9338,1.000000,8,0.8125
291,1,694.4592,334.8401,351.1104,73.0505,1.000000,8,1
291,2,244.7873,348.7549,282.0659,56.2395,1.000000,8,0.3125
291,3,-0.2512,334.9802,557.6887,130.5487,1.000000,8,1
291,4,1005.5790,376.0670,115.2336,29.9430,1.000000,8,0.875
292,1,693.7777,334.7996,351.0443,73.0479,1.000000,8,1
292,2,244.4258,348.9206,282.0470,56.2347,1.000000,8,0.1875
292,3,0.8167,335.1295,558.0261,130.6371,1.000000,8,1
292,4,1006.6490,376.0664,115.3430,29.9523,1.000000,8,0.8125
293,1,693.0954,334.7624,350.9783,73.0455,1.000000,8,1
293,2,244.0658,349.0916,282.0269,56.2296,1.000000,8,0.25
293,3,1.8829,335.2928,558.3644,130.7258,1.000000,8,1
293,4,1007.7160,376.0725,115.4515,29.9619,1.000000,8,0.875
294,1,692.4133,334.7288,350.9127,73.0432,1.000000,8,1
294,2,243.7076,349.2657,282.0054,56.2242,1.000000,8,0.125
294,3,2.9483,335.4698,558.7035,130.8146,1.000000,8,1
294,4,1008.7850,376.0799,115.5602,29.9717,1.000000,8,0.9375
295,1,691.7318,334.6993,350.8470,73.0408,1.000000,8,1
295,2,243.3515,349.4417,281.9822,56.2184,1.000000,8,0.1875
295,3,4.0147,335.6603,559.0417,130.9032,1.000000,8,1
295,4,1009.8570,376.0863,115.6693,29.9813,1.000000,8,1
296,1,691.0502,334.6756,350.7806,73.0383,1.000000,8,1
296,2,242.9976,349.6219,281.9574,56.2124,1.000000,8,0.3125
296,3,5.0818,335.8662,559.3792,130.9916,1.000000,8,1
296,4,1010.9250,376.0986,115.7780,29.9914,1.000000,8,0.9375
297,1,690.3690,334.6577,350.7134,73.0356,1.000000,8,1
297,2,242.6458,349.8045,281.9313,56.2061,1.000000,8,0.25
297,3,6.1496,336.0856,559.7161,131.0799,1.000000,8,1
297,4,1011.9950,376.1114,115.8873,30.0016,1.000000,8,0.9375
298,1,689.6884,334.6462,350.6450,73.0326,1.000000,8,1
298,2,242.2959,349.9881,281.9039,56.1995,1.000000,8,0.125
298,3,7.2181,336.3177,560.0529,131.1682,1.000000,8,1
298,4,1013.0690,376.1226,115.9971,30.0117,1.000000,8,1
299,1,689.0077,334.6419,350.5759,73.0295,1.000000,8,1
299,2,241.9479,350.1750,281.8750,56.1925,1.000000,8,0.25
299,3,8.2882,336.5636,560.3887,131.2562,1.000000,8,1
299,4,1014.1380,376.1395,116.1071,30.0223,1.000000,8,1
300,1,688.3276,334.6443,350.5054,73.0261,1.000000,8,1
300,2,241.6019,350.3633,281.8445,56.1852,1.000000,8,0.125
300,3,9.3599,336.8210,560.7234,131.3439,1.000000,8,1
300,4,1015.2100,376.1546,116.2174,30.0330,1.000000,8,1
301,1,687.6483,334.6534,350.4340,73.0224,1.000000,8,1
301,2,241.2575,350.5512,281.8130,56.1777,1.000000,8,0.1875
301,3,10.4339,337.0888,561.0572,131.4314,1.000000,8,1
301,4,1016.2880,376.1659,116.3293,30.0435,1.000000,8,1
302,1,686.9691,334.6703,350.3618,73.0187,1.000000,8,1
302,2,240.9145,350.7410,281.7800,56.1699,1.000000,8,0.375
302,3,11.5108,337.3705,561.3884,131.5183,1.000000,8,1
302,4,1017.3590,376.1838,116.4410,30.0546,1.000000,8,1
303,1,686.2903,334.6945,350.2891,73.0147,1.000000,8,1
303,2,240.5730,350.9311,281.7457,56.1618,1.000000,8,0.25
303,3,12.5897,337.6624,561.7186,131.6048,1.000000,8,1
303,4,1018.4300,376.2030,116.5536,30.0659,1.000000,8,1
304,1,685.6125,334.7269,350.2144,73.0104,1.000000,8,1
304,2,240.2327,351.1203,281.7102,56.1535,1.000000,8,0.375
304,3,13.6705,337.9604,562.0482,131.6912,1.000000,8,1
304,4,1019.5100,376.2175,116.6672,30.0772,1.000000,8,1
305,1,684.9354,334.7685,350.1386,73.0058,1.000000,8,1
305,2,239.8941,351.3108,281.6736,56.1449,1.000000,8,0.1875
305,3,14.7543,338.2697,562.3752,131.7769,1.000000,8,1
305,4,1020.5830,376.2378,116.7813,30.0890,1.000000,8,1
306,1,684.2590,334.8183,350.0618,73.0010,1.000000,8,1
306,2,239.5570,351.5005,281.6353,56.1360,1.000000,8,0.375
306,3,15.8412,338.5870,562.7003,131.8622,1.000000,8,1
306,4,1021.6590,376.2578,116.8961,30.1009,1.000000,8,1
307,1,683.5833,334.8755,349.9836,72.9960,1.000000,8,1
307,2,239.2212,351.6877,281.5962,56.1269,1.000000,8,0.125
307,3,16.9326,338.9089,563.0223,131.9465,1.000000,8,1
307,4,1022.7390,376.2759,117.0122,30.1129,1.000000,8,1
308,1,682.9084,334.9428,349.9039,72.9906,1.000000,8,1
308,2,238.8865,351.8761,281.5561,56.1176,1.000000,8,0.0625
308,3,18.0274,339.2401,563.3409,132.0301,1.000000,8,1
308,4,1023.8140,376.3012,117.1284,30.1255,1.000000,8,1
309,1,682.2344,335.0182,349.8239,72.9851,1.000000,8,1
309,2,238.5533,352.0635,281.5149,56.1080,1.000000,8,0.375
309,3,19.1253,339.5775,563.6569,132.1129,1.000000,8,1
309,4,1024.8900,376.3291,117.2451,30.1384,1.000000,8,1
310,1,681.5616,335.0999,349.7433,72.9794,1.000000,8,1
310,2,238.2216,352.2480,281.4727,56.0982,1.000000,8,0.125
310,3,20.2279,339.9169,563.9697,132.1948,1.000000,8,1
310,4,1025.9720,376.3559,117.3630,30.1514,1.000000,8,1
311,1,680.8915,335.1919,349.6604,72.9732,1.000000,8,1
311,2,237.8909,352.4320,281.4294,56.0883,1.000000,8,0.0625
311,3,21.3337,340.2627,564.2802,132.2762,1.000000,8,1
311,4,1027.0490,376.3912,117.4807,30.1650,1.000000,8,1
312,1,680.2234,335.2921,349.5762,72.9667,1.000000,8,1
312,2,237.5614,352.6141,281.3854,56.0781,1.000000,8,0.25
312,3,22.4439,340.6129,564.5880,132.3569,1.000000,8,1
312,4,1028.1250,376.4327,117.5984,30.1791,1.000000,8,1
313,1,679.5571,335.4001,349.4906,72.9600,1.000000,8,1
313,2,237.2334,352.7930,281.3404,56.0678,1.000000,8,0.4375
313,3,23.5605,340.9647,564.8918,132.4364,1.000000,8,1
313,4,1029.2060,376.4766,117.7166,30.1933,1.000000,8,1
314,1,678.8928,335.5188,349.4037,72.9528,1.000000,8,1
314,2,236.9073,352.9705,281.2945,56.0572,1.000000,8,0.25
314,3,24.6851,341.3231,565.1902,132.5146,1.000000,8,1
314,4,1030.2840,376.5289,117.8340,30.2080,1.000000,8,1
315,1,678.2295,335.6454,349.3152,72.9454,1.000000,8,1
315,2,236.5828,353.1456,281.2475,56.0465,1.000000,8,0.0625
315,3,25.8172,341.6849,565.4836,132.5914,1.000000,8,1
315,4,1031.3620,376.5879,117.9512,30.2230,1.000000,8,1
316,1,677.5668,335.7785,349.2247,72.9374,1.000000,8,1
316,2,236.2595,353.3167,281.2000,56.0356,1.000000,8,0.25
316,3,26.9584,342.0468,565.7714,132.6666,1.000000,8,1
316,4,1032.4400,376.6531,118.0680,30.2384,1.000000,8,1
317,1,676.9054,335.9219,349.1321,72.9291,1.000000,8,1
317,2,235.9374,353.4857,281.1519,56.0245,1.000000,8,0.3125
317,3,28.1112,342.4166,566.0510,132.7397,1.000000,8,1
317,4,1033.5180,376.7257,118.1838,30.2540,1.000000,8,1
318,1,676.2444,336.0730,349.0375,72.9203,1.000000,8,1
318,2,235.6168,353.6507,281.1031,56.0134,1.000000,8,0.25
318,3,29.2752,342.7898,566.3230,132.8107,1.000000,8,1
318,4,1034.5950,376.8045,118.2993,30.2700,1.000000,8,1
319,1,675.5834,336.2308,348.9415,72.9112,1.000000,8,1
319,2,235.2976,353.8099,281.0539,56.0022,1.000000,8,0.125
319,3,30.4533,343.1609,566.5856,132.8792,1.000000,8,1
319,4,1035.6740,376.8891,118.4143,30.2862,1.000000,8,1
320,1,674.9235,336.3982,348.8425,72.9015,1.000000,8,1
320,2,234.9794,353.9659,281.0041,55.9908,1.000000,8,0.3125
320,3,31.6460,343.5368,566.8376,132.9450,1.000000,8,1
320,4,1036.7510,376.9811,118.5278,30.3026,1.000000,8,1
321,1,674.2634,336.5723,348.7416,72.8914,1.000000,8,1
321,2,234.6620,354.1172,280.9542,55.9795,1.000000,8,0.4375
321,3,32.8536,343.9125,567.0791,133.0078,1.000000,8,1
321,4,1037.8280,377.0789,118.6405,30.3191,1.000000,8,1
322,1,673.6028,336.7518,348.6390,72.8809,1.000000,8,1
322,2,234.3456,354.2622,280.9042,55.9681,1.000000,8,0.375
322,3,34.0783,344.2828,567.3087,133.0675,1.000000,8,1
322,4,1038.9030,377.1819,118.7522,30.3358,1.000000,8,1
323,1,672.9424,336.9399,348.5345,72.8700,1.000000,8,1
323,2,234.0300,354.4033,280.8540,55.9566,1.000000,8,0.4375
323,3,35.3200,344.6542,567.5257,133.1236,1.000000,8,1
323,4,1039.9780,377.2915,118.8635,30.3528,1.000000,8,1
324,1,672.2822,337.1335,348.4276,72.8586,1.000000,8,1
324,2,233.7149,354.5392,280.8038,55.9452,1.000000,8,0.25
324,3,36.5785,345.0214,567.7306,133.1767,1.000000,8,1
324,4,1041.0510,377.4064,118.9738,30.3700,1.000000,8,1
325,1,671.6219,337.3308,348.3176,72.8466,1.000000,8,1
325,2,233.4004,354.6678,280.7535,55.9338,1.000000,8,0.375
325,3,37.8556,345.3788,567.9229,133.2263,1.000000,8,1
325,4,1042.1220,377.5254,119.0835,30.3872,1.000000,8,1
326,1,670.9623,337.5370,348.2059,72.8341,1.000000,8,1
326,2,233.0861,354.7918,280.7035,55.9223,1.000000,8,0.25
326,3,39.1511,345.7310,568.1023,133.2725,1.000000,8,1
326,4,1043.1920,377.6483,119.1925,30.4047,1.000000,8,1
327,1,670.3032,337.7484,348.0920,72.8214,1.000000,8,1
327,2,232.7717,354.9101,280.6538,55.9110,1.000000,8,0.375
327,3,40.4635,346.0738,568.2702,133.3154,1.000000,8,1
327,4,1044.2630,377.7740,119.3018,30.4224,1.000000,8,1
328,1,669.6442,337.9632,347.9769,72.8081,1.000000,8,1
328,2,232.4560,355.0211,280.6050,55.8999,1.000000,8,0.1875
328,3,41.7928,346.4020,568.4262,133.3553,1.000000,8,1
328,4,1045.3370,377.8995,119.4116,30.4401,1.000000,8,1
329,1,668.9869,338.1868,347.8599,72.7946,1.000000,8,1
329,2,232.1405,355.1259,280.5563,55.8887,1.000000,8,0.4375
329,3,43.1381,346.7215,568.5712,133.3922,1.000000,8,1
329,4,1046.4120,378.0287,119.5217,30.4581,1.000000,8,1
330,1,668.3304,338.4153,347.7419,72.7808,1.000000,8,1
330,2,231.8245,355.2243,280.5081,55.8778,1.000000,8,0.3125
330,3,44.4975,347.0294,568.7062,133.4263,1.000000,8,1
330,4,1047.4900,378.1583,119.6321,30.4762,1.000000,8,1
331,1,667.6748,338.6461,347.6217,72.7665,1.000000,8,1
331,2,231.5073,355.3155,280.4608,55.8669,1.000000,8,0.375
331,3,45.8702,347.3217,568.8318,133.4579,1.000000,8,1
331,4,1048.5800,378.2794,119.7439,30.4939,1.000000,8,1
332,1,667.0214,338.8846,347.4991,72.7517,1.000000,8,1
332,2,231.1886,355.4001,280.4141,55.8563,1.000000,8,0.4375
332,3,47.2591,347.6027,568.9452,133.4863,1.000000,8,1
332,4,1049.6610,378.4121,119.8553,30.5123,1.000000,8,1
333,1,666.3693,339.1272,347.3751,72.7365,1.000000,8,1
333,2,230.8682,355.4787,280.3690,55.8459,1.000000,8,0.4375
333,3,48.6600,347.8690,569.0499,133.5123,1.000000,8,1
333,4,1050.7420,378.5497,119.9668,30.5312,1.000000,8,1
334,1,665.7185,339.3712,347.2490,72.7210,1.000000,8,1
334,2,230.5463,355.5507,280.3246,55.8357,1.000000,8,0.25
334,3,50.0696,348.1169,569.1482,133.5366,1.000000,8,1
334,4,1051.8370,378.6792,120.0796,30.5495,1.000000,8,1
335,1,665.0701,339.6216,347.1217,72.7051,1.000000,8,1
335,2,230.2226,355.6159,280.2811,55.8257,1.000000,8,0.4375
335,3,51.4929,348.3531,569.2360,133.5580,1.000000,8,1
335,4,1052.9220,378.8212,120.1915,30.5687,1.000000,8,1
336,1,664.4233,339.8751,346.9933,72.6889,1.000000,8,1
336,2,229.8968,355.6747,280.2390,55.8160,1.000000,8,0.1875
336,3,52.9254,348.5758,569.3168,133.5775,1.000000,8,1
336,4,1054.0080,378.9671,120.3035,30.5881,1.000000,8,1
337,1,663.7780,340.1293,346.8622,72.6721,1.000000,8,1
337,2,229.5687,355.7264,280.1979,55.8065,1.000000,8,0.375
337,3,54.3624,348.7807,569.3940,133.5962,1.000000,8,1
337,4,1055.1050,379.1071,120.4163,30.6072,1.000000,8,1
338,1,663.1353,340.3887,346.7292,72.6550,1.000000,8,1
338,2,229.2367,355.7715,280.1589,55.7974,1.000000,8,0.5
338,3,55.8082,348.9734,569.4645,133.6130,1.000000,8,1
338,4,1056.1910,379.2624,120.5275,30.6270,1.000000,8,1
339,1,662.4942,340.6501,346.5947,72.6374,1.000000,8,1
339,2,228.9019,355.8103,280.1212,55.7886,1.000000,8,0.25
339,3,57.2607,349.1525,569.5300,133.6283,1.000000,8,1
339,4,1057.2790,379.4214,120.6382,30.6470,1.000000,8,1
340,1,661.8544,340.9109,346.4587,72.6194,1.000000,8,1
340,2,228.5651,355.8427,280.0843,55.7800,1.000000,8,0.375
340,3,58.7191,349.3151,569.5907,133.6425,1.000000,8,1
340,4,1058.3790,379.5749,120.7495,30.6665,1.000000,8,1
341,1,661.2175,341.1755,346.3197,72.6009,1.000000,8,1
341,2,228.2247,355.8680,280.0493,55.7718,1.000000,8,0.1875
341,3,60.1837,349.4675,569.6467,133.6553,1.000000,8,1
341,4,1059.4660,379.7453,120.8583,30.6868,1.000000,8,1
342,1,660.5820,341.4409,346.1787,72.5819,1.000000,8,1
342,2,227.8818,355.8871,280.0157,55.7639,1.000000,8,0.375
342,3,61.6514,349.6104,569.6998,133.6674,1.000000,8,1
342,4,1060.5530,379.9201,120.9658,30.7071,1.000000,8,1
343,1,659.9472,341.7040,346.0352,72.5624,1.000000,8,1
343,2,227.5361,355.9005,279.9840,55.7563,1.000000,8,0.3125
343,3,63.1197,349.7420,569.7520,133.6793,1.000000,8,1
343,4,1061.6500,380.0906,121.0730,30.7268,1.000000,8,1
344,1,659.3136,341.9688,345.8908,72.5426,1.000000,8,1
344,2,227.1875,355.9076,279.9539,55.7492,1.000000,8,0.375
344,3,64.5905,349.8641,569.8017,133.6905,1.000000,8,1
344,4,1062.7350,380.2803,121.1780,30.7474,1.000000,8,1
345,1,658.6795,342.2312,345.7448,72.5224,1.000000,8,1
345,2,226.8367,355.9085,279.9254,55.7423,1.000000,8,0.3125
345,3,66.0617,349.9781,569.8498,133.7012,1.000000,8,1
345,4,1063.8200,380.4760,121.2819,30.7683,1.000000,8,1
346,1,658.0439,342.4873,345.5970,72.5019,1.000000,8,1
346,2,226.4839,355.9034,279.8983,55.7358,1.000000,8,0.4375
346,3,67.5333,350.0831,569.8965,133.7116,1.000000,8,1
346,4,1064.9150,380.6674,121.3849,30.7884,1.000000,8,1
347,1,657.4083,342.7421,345.4468,72.4810,1.000000,8,1
347,2,226.1279,355.8927,279.8734,55.7297,1.000000,8,0.5
347,3,69.0052,350.1804,569.9418,133.7216,1.000000,8,1
347,4,1065.9940,380.8777,121.4850,30.8094,1.000000,8,1
348,1,656.7715,342.9924,345.2954,72.4598,1.000000,8,1
348,2,225.7693,355.8769,279.8504,55.7240,1.000000,8,0.375
348,3,70.4750,350.2707,569.9875,133.7317,1.000000,8,1
348,4,1067.0780,381.0886,121.5845,30.8302,1.000000,8,1
349,1,656.1335,343.2359,345.1429,72.4384,1.000000,8,1
349,2,225.4087,355.8555,279.8292,55.7187,1.000000,8,0.375
349,3,71.9413,350.3542,570.0345,133.7422,1.000000,8,1
349,4,1068.1700,381.2938,121.6833,30.8502,1.000000,8,1
350,1,655.4959,343.4780,344.9890,72.4166,1.000000,8,1
350,2,225.0456,355.8285,279.8095,55.7138,1.000000,8,0.4375
350,3,73.4071,350.4305,570.0804,133.7524,1.000000,8,1
350,4,1069.2440,381.5176,121.7789,30.8711,1.000000,8,1
351,1,654.8586,343.7163,344.8339,72.3946,1.000000,8,1
351,2,224.6803,355.7967,279.7919,55.7092,1.000000,8,0.375
351,3,74.8696,350.5019,570.1275,133.7628,1.000000,8,1
351,4,1070.3230,381.7392,121.8732,30.8914,1.000000,8,1
352,1,654.2216,343.9481,344.6775,72.3723,1.000000,8,1
352,2,224.3132,355.7603,279.7755,55.7049,1.000000,8,0.5625
352,3,76.3261,350.5689,570.1781,133.7743,1.000000,8,1
352,4,1071.4090,381.9538,121.9669,30.9109,1.000000,8,1
353,1,653.5861,344.1783,344.5212,72.3500,1.000000,8,1
353,2,223.9444,355.7191,279.7608,55.7010,1.000000,8,0.4375
353,3,77.7787,350.6299,570.2312,133.7864,1.000000,8,1
353,4,1072.4770,382.1863,122.0580,30.9313,1.000000,8,1
354,1,652.9515,344.4054,344.3649,72.3278,1.000000,8,1
354,2,223.5742,355.6742,279.7475,55.6974,1.000000,8,0.5625
354,3,79.2270,350.6880,570.2872,133.7993,1.000000,8,1
354,4,1073.5520,382.4135,122.1486,30.9511,1.000000,8,1
355,1,652.3167,344.6266,344.2094,72.3055,1.000000,8,1
355,2,223.2025,355.6261,279.7355,55.6940,1.000000,8,0.375
355,3,80.6706,350.7439,570.3464,133.8130,1.000000,8,1
355,4,1074.6350,382.6317,122.2388,30.9701,1.000000,8,1
356,1,651.6832,344.8447,344.0532,72.2832,1.000000,8,1
356,2,222.8291,355.5741,279.7255,55.6911,1.000000,8,0.5
356,3,82.1089,350.7982,570.4086,133.8276,1.000000,8,1
356,4,1075.6980,382.8666,122.3259,30.9898,1.000000,8,1
357,1,651.0504,345.0584,343.8975,72.2610,1.000000,8,1
357,2,222.4548,355.5194,279.7162,55.6883,1.000000,8,0.5
357,3,83.5421,350.8539,570.4733,133.8429,1.000000,8,1
357,4,1076.7690,383.0952,122.4133,31.0089,1.000000,8,1
358,1,650.4174,345.2662,343.7424,72.2389,1.000000,8,1
358,2,222.0794,355.4623,279.7083,55.6859,1.000000,8,0.375
358,3,84.9706,350.9114,570.5403,133.8587,1.000000,8,1
358,4,1077.8480,383.3134,122.5009,31.0272,1.000000,8,1
359,1,649.7855,345.4713,343.5884,72.2170,1.000000,8,1
359,2,221.7031,355.4026,279.7014,55.6836,1.000000,8,0.625
359,3,86.3949,350.9705,570.6094,133.8751,1.000000,8,1
359,4,1078.9090,383.5470,122.5856,31.0463,1.000000,8,1
360,1,649.1537,345.6720,343.4349,72.1952,1.000000,8,1
360,2,221.3263,355.3412,279.6956,55.6816,1.000000,8,0.375
360,3,87.8154,351.0327,570.6802,133.8921,1.000000,8,1
360,4,1079.9750,383.7743,122.6707,31.0648,1.000000,8,1
361,1,648.5217,345.8658,343.2820,72.1734,1.000000,8,1
361,2,220.9490,355.2793,279.6903,55.6796,1.000000,8,0.3125
361,3,89.2316,351.0976,570.7535,133.9096,1.000000,8,1
361,4,1081.0490,383.9906,122.7556,31.0825,1.000000,8,1
362,1,647.8903,346.0562,343.1306,72.1521,1.000000,8,1
362,2,220.5711,355.2155,279.6858,55.6779,1.000000,8,0.5
362,3,90.6454,351.1649,570.8281,133.9275,1.000000,8,1
362,4,1082.1080,384.2205,122.8394,31.1010,1.000000,8,1
363,1,647.2588,346.2419,342.9804,72.1310,1.000000,8,1
363,2,220.1929,355.1511,279.6818,55.6762,1.000000,8,0.4375
363,3,92.0580,351.2358,570.9028,133.9455,1.000000,8,1
363,4,1083.1740,384.4418,122.9237,31.1189,1.000000,8,1
364,1,646.6265,346.4216,342.8319,72.1102,1.000000,8,1
364,2,219.8150,355.0875,279.6778,55.6747,1.000000,8,0.4375
364,3,93.4691,351.3116,570.9785,133.9637,1.000000,8,1
364,4,1084.2480,384.6522,123.0087,31.1361,1.000000,8,1
365,1,645.9941,346.5981,342.6845,72.0896,1.000000,8,1
365,2,219.4374,355.0237,279.6741,55.6730,1.000000,8,0.3125
365,3,94.8784,351.3910,571.0558,133.9823,1.000000,8,1
365,4,1085.3030,384.8775,123.0918,31.1543,1.000000,8,1
366,1,645.3616,346.7703,342.5387,72.0694,1.000000,8,1
366,2,219.0602,354.9603,279.6701,55.6714,1.000000,8,0.0625
366,3,96.2871,351.4740,571.1339,134.0012,1.000000,8,1
366,4,1086.3660,385.0944,123.1760,31.1720,1.000000,8,1
367,1,644.7283,346.9363,342.3950,72.0496,1.000000,8,1
367,2,218.6835,354.8986,279.6660,55.6697,1.000000,8,0.625
367,3,97.6965,351.5603,571.2117,134.0200,1.000000,8,1
367,4,1087.4390,385.2983,123.2606,31.1887,1.000000,8,1
368,1,644.0942,347.0991,342.2541,72.0304,1.000000,8,1
368,2,218.3075,354.8380,279.6613,55.6680,1.000000,8,0.25
368,3,99.1048,351.6506,571.2913,134.0393,1.000000,8,1
368,4,1088.4930,385.5156,123.3435,31.2062,1.000000,8,1
369,1,643.4596,347.2575,342.1151,72.0117,1.000000,8,1
369,2,217.9319,354.7793,279.6565,55.6661,1.000000,8,0.3125
369,3,100.5136,351.7444,571.3702,134.0584,1.000000,8,1
369,4,1089.5520,385.7264,123.4269,31.2233,1.000000,8,1
370,1,642.8241,347.4104,341.9778,71.9932,1.000000,8,0.75
370,2,217.5573,354.7227,279.6507,55.6641,1.000000,8,0.375
370,3,101.9238,351.8406,571.4473,134.0770,1.000000,8,1
370,4,1090.6200,385.9240,123.5110,31.2395,1.000000,8,1
371,1,642.1876,347.5614,341.8428,71.9753,1.000000,8,1
371,2,217.1847,354.6679,279.6436,55.6618,1.000000,8,0.3125
371,3,103.3326,351.9366,571.5256,134.0959,1.000000,8,1
371,4,1091.6710,386.1339,123.5929,31.2564,1.000000,8,1
372,1,641.5506,347.7098,341.7098,71.9579,1.000000,8,0.9375
372,2,216.8129,354.6154,279.6357,55.6593,1.000000,8,0.4375
372,3,104.7404,352.0312,571.6051,134.1152,1.000000,8,1
372,4,1092.7250,386.3375,123.6749,31.2727,1.000000,8,1
373,1,640.9131,347.8537,341.5784,71.9407,1.000000,8,1
373,2,216.4414,354.5666,279.6272,55.6567,1.000000,8,0.3125
373,3,106.1462,352.1228,571.6862,134.1348,1.000000,8,1
373,4,1093.7880,386.5279,123.7577,31.2882,1.000000,8,1
374,1,640.2747,347.9953,341.4490,71.9240,1.000000,8,0.9375
374,2,216.0722,354.5201,279.6166,55.6538,1.000000,8,0.5
374,3,107.5478,352.2124,571.7714,134.1556,1.000000,8,1
374,4,1094.8340,386.7293,123.8383,31.3041,1.000000,8,1
375,1,639.6357,348.1337,341.3214,71.9077,1.000000,8,0.9375
375,2,215.7044,354.4765,279.6051,55.6505,1.000000,8,0.375
375,3,108.9467,352.2998,571.8594,134.1771,1.000000,8,1
375,4,1095.8840,386.9220,123.9193,31.3195,1.000000,8,1
376,1,638.9965,348.2676,341.1954,71.8917,1.000000,8,0.9375
376,2,215.3383,354.4363,279.5920,55.6469,1.000000,8,0.375
376,3,110.3450,352.3843,571.9480,134.1988,1.000000,8,1
376,4,1096.9440,387.1003,124.0006,31.3338,1.000000,8,1
377,1,638.3572,348.3996,341.0704,71.8759,1.000000,8,0.9375
377,2,214.9742,354.3991,279.5771,55.6429,1.000000,8,0.4375
377,3,111.7381,352.4660,572.0419,134.2220,1.000000,8,1
377,4,1097.9840,387.2910,124.0795,31.3487,1.000000,8,1
378,1,637.7178,348.5291,340.9473,71.8605,1.000000,8,1
378,2,214.6118,354.3648,279.5609,55.6387,1.000000,8,0.125
378,3,113.1289,352.5449,572.1385,134.2459,1.000000,8,1
378,4,1099.0250,387.4772,124.1583,31.3633,1.000000,8,1
379,1,637.0780,348.6561,340.8257,71.8455,1.000000,8,0.875
379,2,214.2515,354.3337,279.5429,55.6341,1.000000,8,0.3125
379,3,114.5192,352.6204,572.2358,134.2699,1.000000,8,1
379,4,1100.0780,387.6450,124.2379,31.3765,1.000000,8,1
380,1,636.4387,348.7806,340.7057,71.8307,1.000000,8,1
380,2,213.8942,354.3060,279.5227,55.6290,1.000000,8,0.5
380,3,115.9060,352.6936,572.3374,134.2951,1.000000,8,1
380,4,1101.1140,387.8211,124.3159,31.3902,1.000000,8,1
381,1,635.7999,348.9026,340.5869,71.8162,1.000000,8,1
381,2,213.5395,354.2813,279.5007,55.6236,1.000000,8,0.4375
381,3,117.2911,352.7650,572.4413,134.3209,1.000000,8,1
381,4,1102.1500,387.9924,124.3936,31.4035,1.000000,8,1
382,1,635.1622,349.0222,340.4691,71.8019,1.000000,8,0.875
382,2,213.1866,354.2593,279.4777,55.6179,1.000000,8,0.1875
382,3,118.6758,352.8347,572.5458,134.3469,1.000000,8,1
382,4,1103.1980,388.1475,124.4720,31.4157,1.000000,8,1
383,1,634.5260,349.1418,340.3533,71.7880,1.000000,8,1
383,2,212.8372,354.2408,279.4526,55.6118,1.000000,8,0.375
383,3,120.0590,352.9031,572.6524,134.3734,1.000000,8,1
383,4,1104.2290,388.3101,124.5490,31.4283,1.000000,8,1
384,1,633.8906,349.2594,340.2391,71.7743,1.000000,8,1
384,2,212.4904,354.2253,279.4261,55.6054,1.000000,8,0.4375
384,3,121.4419,352.9695,572.7598,134.4002,1.000000,8,1
384,4,1105.2600,388.4651,124.6260,31.4404,1.000000,8,1
385,1,633.2552,349.3724,340.1260,71.7610,1.000000,8,0.875
385,2,212.1457,354.2128,279.3983,55.5988,1.000000,8,0.1875
385,3,122.8251,353.0338,572.8674,134.4270,1.000000,8,1
385,4,1106.3050,388.5993,124.7042,31.4511,1.000000,8,1
386,1,632.6202,349.4841,340.0140,71.7478,1.000000,8,0.875
386,2,211.8040,354.2035,279.3691,55.5918,1.000000,8,0.375
386,3,124.2073,353.0969,572.9778,134.4546,1.000000,8,1
386,4,1107.3340,388.7393,124.7813,31.4622,1.000000,8,1
387,1,631.9850,349.5937,339.9031,71.7349,1.000000,8,0.9375
387,2,211.4648,354.1968,279.3383,55.5845,1.000000,8,0.25
387,3,125.5899,353.1583,573.0894,134.4825,1.000000,8,1
387,4,1108.3640,388.8726,124.8586,31.4728,1.000000,8,1
388,1,631.3494,349.6992,339.7933,71.7222,1.000000,8,1
388,2,211.1278,354.1927,279.3061,55.5769,1.000000,8,0.1875
388,3,126.9740,353.2169,573.2012,134.5104,1.000000,8,1
388,4,1109.4060,388.9879,124.9376,31.4825,1.000000,8,1
389,1,630.7130,349.8028,339.6842,71.7096,1.000000,8,0.875
389,2,210.7935,354.1919,279.2724,55.5690,1.000000,8,0.75
389,3,128.3571,353.2734,573.3169,134.5394,1.000000,8,1
389,4,1110.4370,389.1053,125.0160,31.4923,1.000000,8,1
390,1,630.0764,349.9045,339.5759,71.6973,1.000000,8,1
390,2,210.4611,354.1936,279.2377,55.5608,1.000000,8,0.375
390,3,129.7406,353.3271,573.4349,134.5690,1.000000,8,1
390,4,1111.4710,389.2129,125.0952,31.5015,1.000000,8,1
391,1,629.4395,350.0031,339.4687,71.6852,1.000000,8,1
391,2,210.1310,354.1975,279.2015,55.5524,1.000000,8,0.4375
391,3,131.1241,353.3759,573.5552,134.5992,1.000000,8,1
391,4,1112.5140,389.3045,125.1758,31.5099,1.000000,8,1
392,1,628.8036,350.1010,339.3618,71.6731,1.000000,8,0.875
392,2,209.8044,354.2046,279.1636,55.5436,1.000000,8,0.3125
392,3,132.5072,353.4197,573.6796,134.6305,1.000000,8,1
392,4,1113.5440,389.3985,125.2559,31.5185,1.000000,8,1
393,1,628.1682,350.1985,339.2556,71.6611,1.000000,8,0.875
393,2,209.4804,354.2142,279.1242,55.5345,1.000000,8,0.4375
393,3,133.8906,353.4581,573.8065,134.6625,1.000000,8,1
393,4,1114.5780,389.4840,125.3370,31.5267,1.000000,8,1
394,1,627.5328,350.2943,339.1499,71.6493,1.000000,8,0.9375
394,2,209.1584,354.2260,279.0839,55.5252,1.000000,8,0.375
394,3,135.2734,353.4902,573.9356,134.6951,1.000000,8,1
394,4,1115.6240,389.5526,125.4198,31.5339,1.000000,8,1
395,1,626.8983,350.3894,339.0438,71.6374,1.000000,8,0.75
395,2,208.8396,354.2408,279.0422,55.5156,1.000000,8,0.25
395,3,136.6523,353.5177,574.0687,134.7288,1.000000,8,1
395,4,1116.6600,389.6213,125.5027,31.5413,1.000000,8,1
396,1,626.2639,350.4830,338.9379,71.6254,1.000000,8,0.9375
396,2,208.5235,354.2578,278.9989,55.5057,1.000000,8,0.5
396,3,138.0280,353.5382,574.2053,134.7633,1.000000,8,1
396,4,1117.6970,389.6814,125.5864,31.5484,1.000000,8,1
397,1,625.6294,350.5741,338.8318,71.6134,1.000000,8,0.875
397,2,208.2094,354.2762,278.9551,55.4956,1.000000,8,0.5625
397,3,139.4015,353.5475,574.3450,134.7988,1.000000,8,1
397,4,1118.7450,389.7255,125.6719,31.5545,1.000000,8,1
398,1,624.9960,350.6656,338.7250,71.6014,1.000000,8,0.875
398,2,207.8989,354.2979,278.9096,55.4852,1.000000,8,0.5625
398,3,140.7709,353.5471,574.4915,134.8361,1.000000,8,1
398,4,1119.7860,389.7694,125.7574,31.5608,1.000000,8,1
399,1,624.3627,350.7562,338.6176,71.5891,1.000000,8,0.8125
399,2,207.5909,354.3220,278.8631,55.4746,1.000000,8,0.5
399,3,142.1381,353.5374,574.6423,134.8745,1.000000,8,1
399,4,1120.8310,389.8045,125.8440,31.5667,1.000000,8,1
400,1,623.7297,350.8447,338.5094,71.5767,1.000000,8,0.6875
400,2,207.2854,354.3483,278.8155,55.4638,1.000000,8,0.375
400,3,143.5050,353.5186,574.7959,134.9137,1.000000,8,1
400,4,1121.8820,389.8284,125.9316,31.5719,1.000000,8,1
401,1,623.0978,350.9321,338.3998,71.5639,1.000000,8,0.875
401,2,206.9827,354.3767,278.7671,55.4528,1.000000,8,0.5
401,3,144.8694,353.4944,574.9552,134.9544,1.000000,8,1
401,4,1122.9240,389.8527,126.0192,31.5772,1.000000,8,1
402,1,622.4668,351.0180,338.2891,71.5508,1.000000,8,0.75
402,2,206.6820,354.4071,278.7181,55.4417,1.000000,8,0.5
402,3,146.2328,353.4641,575.1179,134.9960,1.000000,8,1
402,4,1123.9730,389.8664,126.1077,31.5820,1.000000,8,1
403,1,621.8364,351.1015,338.1764,71.5375,1.000000,8,0.75
403,2,206.3837,354.4395,278.6682,55.4304,1.000000,8,0.5
403,3,147.5966,353.4278,575.2828,135.0383,1.000000,8,1
403,4,1125.0260,389.8700,126.1973,31.5862,1.000000,8,1
404,1,621.2067,351.1839,338.0618,71.5236,1.000000,8,0.875
404,2,206.0880,354.4734,278.6175,55.4189,1.000000,8,0.3125
404,3,148.9587,353.3921,575.4523,135.0817,1.000000,8,1
404,4,1126.0750,389.8714,126.2866,31.5903,1.000000,8,1
405,1,620.5776,351.2638,337.9448,71.5093,1.000000,8,0.8125
405,2,205.7942,354.5089,278.5665,55.4074,1.000000,8,0.5625
405,3,150.3205,353.3554,575.6243,135.1259,1.000000,8,1
405,4,1127.1290,389.8635,126.3770,31.5939,1.000000,8,1
406,1,619.9489,351.3405,337.8259,71.4945,1.000000,8,0.9375
406,2,205.5020,354.5457,278.5151,55.3957,1.000000,8,0.5625
406,3,151.6832,353.3165,575.7974,135.1703,1.000000,8,1
406,4,1128.1850,389.8504,126.4675,31.5972,1.000000,8,1
407,1,619.3209,351.4142,337.7045,71.4791,1.000000,8,0.8125
407,2,205.2121,354.5842,278.4629,55.3840,1.000000,8,0.3125
407,3,153.0468,353.2808,575.9727,135.2153,1.000000,8,1
407,4,1129.2380,389.8335,126.5579,31.6002,1.000000,8,1
408,1,618.6934,351.4848,337.5804,71.4631,1.000000,8,0.75
408,2,204.9235,354.6241,278.4109,55.3722,1.000000,8,0.5
408,3,154.4122,353.2467,576.3333,135.2605,1.000000,8,1
408,4,1130.2930,389.8110,126.6487,31.6028,1.000000,8,1
409,1,618.0658,351.5516,337.4537,71.4467,1.000000,8,0.8125
409,2,204.6355,354.6648,278.3589,55.3605,1.000000,8,0.5
409,3,155.7799,353.2125,576.7296,135.3056,1.000000,8,1
409,4,1131.3480,389.7852,126.7389,31.6051,1.000000,8,1
410,1,617.4381,351.6127,337.3242,71.4296,1.000000,8,0.875
410,2,204.3493,354.7061,278.3066,55.3487,1.000000,8,0.375
410,3,157.1518,353.1822,577.1255,135.3506,1.000000,8,1
410,4,1132.4070,389.7503,126.8293,31.6068,1.000000,8,1
411,1,616.8106,351.6693,337.1918,71.4120,1.000000,8,0.875
411,2,204.0640,354.7482,278.2545,55.3369,1.000000,8,0.5625
411,3,158.5282,353.1534,577.5209,135.3952,1.000000,8,1
411,4,1133.4620,389.7143,126.9191,31.6082,1.000000,8,1
412,1,616.1833,351.7215,337.0573,71.3938,1.000000,8,0.9375
412,2,203.7795,354.7909,278.2026,55.3253,1.000000,8,0.4375
412,3,159.9107,353.1245,577.9153,135.4393,1.000000,8,1
412,4,1134.5120,389.6790,127.0082,31.6096,1.000000,8,1
413,1,615.5558,351.7660,336.9198,71.3750,1.000000,8,0.9375
413,2,203.4954,354.8339,278.1509,55.3136,1.000000,8,0.125
413,3,161.2998,353.0988,578.3082,135.4828,1.000000,8,1
413,4,1135.5720,389.6324,127.0974,31.6101,1.000000,8,1
414,1,614.9283,351.8046,336.7803,71.3557,1.000000,8,0.875
414,2,203.2116,354.8772,278.0995,55.3020,1.000000,8,0.375
414,3,162.6954,353.0731,578.6991,135.5257,1.000000,8,1
414,4,1136.6270,389.5851,127.1855,31.6103,1.000000,8,1
415,1,614.3021,351.8376,336.6387,71.3361,1.000000,8,0.9375
415,2,202.9281,354.9211,278.0486,55.2905,1.000000,8,0.5
415,3,164.0977,353.0440,579.0873,135.5675,1.000000,8,1
415,4,1137.6750,389.5400,127.2727,31.6105,1.000000,8,1
416,1,613.6773,351.8632,336.4957,71.3161,1.000000,8,0.8125
416,2,202.6445,354.9648,277.9985,55.2792,1.000000,8,0.375
416,3,165.5074,353.0161,579.4717,135.6082,1.000000,8,1
416,4,1138.7320,389.4839,127.3599,31.6099,1.000000,8,1
417,1,613.0538,351.8826,336.3512,71.2958,1.000000,8,0.75
417,2,202.3614,355.0080,277.9483,55.2679,1.000000,8,0.5
417,3,166.9237,352.9860,579.8527,135.6479,1.000000,8,1
417,4,1139.7850,389.4280,127.4460,31.6090,1.000000,8,1
418,1,612.4316,351.8951,336.2051,71.2750,1.000000,8,0.9375
418,2,202.0782,355.0505,277.8987,55.2567,1.000000,8,0.5
418,3,168.3466,352.9509,580.2300,135.6864,1.000000,8,1
418,4,1140.8320,389.3753,127.5311,31.6083,1.000000,8,1
419,1,611.8098,351.8985,336.0573,71.2539,1.000000,8,0.875
419,2,201.7948,355.0927,277.8497,55.2456,1.000000,8,0.5625
419,3,169.7765,352.9137,580.6031,135.7237,1.000000,8,1
419,4,1141.8910,389.3089,127.6171,31.6065,1.000000,8,1
420,1,611.1888,351.8946,335.9080,71.2325,1.000000,8,0.8125
420,2,201.5115,355.1346,277.8012,55.2347,1.000000,8,0.5
420,3,171.2115,352.8726,580.9726,135.7599,1.000000,8,1
420,4,1142.9440,389.2456,127.7018,31.6047,1.000000,8,1
421,1,610.5685,351.8847,335.7577,71.2108,1.000000,8,0.625
421,2,201.2276,355.1764,277.7533,55.2238,1.000000,8,0.4375
421,3,172.6517,352.8275,581.3389,135.7952,1.000000,8,1
421,4,1143.9900,389.1869,127.7856,31.6032,1.000000,8,1
422,1,609.9475,351.8651,335.6050,71.1887,1.000000,8,0.75
422,2,200.9438,355.2169,277.7057,55.2130,1.000000,8,0.3125
422,3,174.0982,352.7791,581.6994,135.8289,1.000000,8,1
422,4,1145.0540,389.1120,127.8707,31.6006,1.000000,8,1
423,1,609.3264,351.8379,335.4512,71.1663,1.000000,8,0.5
423,2,200.6596,355.2566,277.6584,55.2024,1.000000,8,0.4375
423,3,175.5490,352.7263,582.0563,135.8616,1.000000,8,1
423,4,1146.1100,389.0443,127.9551,31.5984,1.000000,8,1
424,1,608.7050,351.8037,335.2960,71.1435,1.000000,8,0.8125
424,2,200.3743,355.2950,277.6118,55.1918,1.000000,8,0.25
424,3,177.0027,352.6682,582.4110,135.8936,1.000000,8,1
424,4,1147.1600,388.9831,128.0391,31.5967,1.000000,8,1
425,1,608.0825,351.7597,335.1384,71.1203,1.000000,8,0.8125
425,2,200.0880,355.3323,277.5652,55.1812,1.000000,8,0.625
425,3,178.4606,352.6057,582.7623,135.9247,1.000000,8,1
425,4,1148.2300,388.9040,128.1250,31.5938,1.000000,8,1
426,1,607.4600,351.7089,334.9796,71.0969,1.000000,8,0.75
426,2,199.8014,355.3686,277.5187,55.1707,1.000000,8,0.625
426,3,179.9217,352.5394,583.1113,135.9550,1.000000,8,1
426,4,1149.2930,388.8303,128.2106,31.5913,1.000000,8,1
427,1,606.8378,351.6515,334.8198,71.0732,1.000000,8,0.8125
427,2,199.5145,355.4031,277.4723,55.1602,1.000000,8,0.375
427,3,181.3857,352.4684,583.4587,135.9849,1.000000,8,1
427,4,1150.3500,388.7631,128.2958,31.5894,1.000000,8,1
428,1,606.2150,351.5851,334.6580,71.0490,1.000000,8,0.625
428,2,199.2274,355.4359,277.4258,55.1497,1.000000,8,0.4375
428,3,182.8532,352.3935,583.8048,136.0144,1.000000,8,1
428,4,1151.4300,388.6760,128.3835,31.5863,1.000000,8,1
429,1,605.5923,351.5123,334.4945,71.0246,1.000000,8,0.75
429,2,198.9409,355.4675,277.3790,55.1390,1.000000,8,0.25
429,3,184.3230,352.3175,584.1500,136.0435,1.000000,8,1
429,4,1152.5020,388.5958,128.4711,31.5837,1.000000,8,1
430,1,604.9703,351.4337,334.3305,71.0000,1.000000,8,0.75
430,2,198.6543,355.4975,277.3321,55.1284,1.000000,8,0.625
430,3,185.7937,352.2415,584.4948,136.0726,1.000000,8,1
430,4,1153.5690,388.5211,128.5592,31.5817,1.000000,8,1
431,1,604.3484,351.3468,334.1651,70.9751,1.000000,8,0.75
431,2,198.3678,355.5258,277.2850,55.1177,1.000000,8,0.3125
431,3,187.2656,352.1657,584.8389,136.1012,1.000000,8,1
431,4,1154.6610,388.4238,128.6499,31.5783,1.000000,8,1
432,1,603.7271,351.2537,333.9987,70.9499,1.000000,8,0.75
432,2,198.0818,355.5520,277.2372,55.1070,1.000000,8,0.1875
432,3,188.7376,352.0908,585.1830,136.1299,1.000000,8,1
432,4,1155.7420,388.3354,128.7401,31.5756,1.000000,8,1
433,1,603.1068,351.1558,333.8317,70.9246,1.000000,8,0.625
433,2,197.7967,355.5756,277.1892,55.0961,1.000000,8,0.25
433,3,190.2098,352.0179,585.5270,136.1587,1.000000,8,1
433,4,1156.8140,388.2541,128.8301,31.5735,1.000000,8,1
434,1,602.4871,351.0502,333.6644,70.8992,1.000000,8,0.75
434,2,197.5115,355.5973,277.1411,55.0852,1.000000,8,0.5625
434,3,191.6822,351.9459,585.8710,136.1873,1.000000,8,1
434,4,1157.9160,388.1465,128.9237,31.5700,1.000000,8,1
435,1,601.8683,350.9388,333.4967,70.8738,1.000000,8,0.5625
435,2,197.2272,355.6164,277.0923,55.0742,1.000000,8,0.5
435,3,193.1545,351.8746,586.2150,136.2160,1.000000,8,1
435,4,1159.0080,388.0469,129.0166,31.5670,1.000000,8,1
436,1,601.2505,350.8227,333.3289,70.8483,1.000000,8,0.75
436,2,196.9434,355.6324,277.0433,55.0631,1.000000,8,0.3125
436,3,194.6265,351.8044,586.5594,136.2446,1.000000,8,1
436,4,1160.0910,387.9570,129.1101,31.5649,1.000000,8,1
437,1,600.6332,350.7003,333.1608,70.8227,1.000000,8,0.625
437,2,196.6600,355.6454,276.9939,55.0520,1.000000,8,0.3125
437,3,196.0978,351.7359,586.9048,136.2736,1.000000,8,1
437,4,1161.2030,387.8405,129.2065,31.5613,1.000000,8,1
438,1,600.0172,350.5735,332.9933,70.7972,1.000000,8,0.875
438,2,196.3772,355.6550,276.9440,55.0407,1.000000,8,0.1875
438,3,197.5688,351.6694,587.2508,136.3027,1.000000,8,1
438,4,1162.3020,387.7338,129.3026,31.5583,1.000000,8,1
439,1,599.4034,350.4427,332.8271,70.7719,1.000000,8,0.5
439,2,196.0946,355.6608,276.8943,55.0295,1.000000,8,0.5625
439,3,199.0390,351.6060,587.5985,136.3322,1.000000,8,1
439,4,1163.3920,387.6370,129.3983,31.5563,1.000000,8,1
440,1,598.7905,350.3052,332.6616,70.7468,1.000000,8,0.75
440,2,195.8123,355.6629,276.8442,55.0182,1.000000,8,0.1875
440,3,200.5080,351.5450,587.9481,136.3621,1.000000,8,1
440,4,1164.5140,387.5117,129.4977,31.5525,1.000000,8,1
441,1,598.1788,350.1640,332.4968,70.7217,1.000000,8,0.5
441,2,195.5302,355.6610,276.7943,55.0070,1.000000,8,0.4375
441,3,201.9765,351.4868,588.2990,136.3924,1.000000,8,1
441,4,1165.6220,387.3983,129.5963,31.5496,1.000000,8,1
442,1,597.5683,350.0203,332.3334,70.6970,1.000000,8,0.6875
442,2,195.2482,355.6549,276.7443,54.9957,1.000000,8,0.5
442,3,203.4444,351.4307,588.6516,136.4230,1.000000,8,1
442,4,1166.7210,387.2966,129.6948,31.5476,1.000000,8,1
443,1,596.9579,349.8691,332.1711,70.6725,1.000000,8,0.8125
443,2,194.9669,355.6441,276.6942,54.9844,1.000000,8,0.375
443,3,204.9118,351.3769,589.0067,136.4542,1.000000,8,1
443,4,1167.8470,387.1713,129.7966,31.5443,1.000000,8,1
444,1,596.3477,349.7132,332.0098,70.6482,1.000000,8,0.5625
444,2,194.6857,355.6291,276.6439,54.9731,1.000000,8,0.5625
444,3,206.3786,351.3270,589.3644,136.4860,1.000000,8,1
444,4,1168.9610,387.0574,129.8972,31.5417,1.000000,8,1
445,1,595.7382,349.5549,331.8505,70.6243,1.000000,8,0.8125
445,2,194.4044,355.6092,276.5944,54.9619,1.000000,8,0.6875
445,3,207.8452,351.2820,589.7239,136.5182,1.000000,8,1
445,4,1170.0650,386.9541,129.9972,31.5399,1.000000,8,1
446,1,595.1287,349.3913,331.6935,70.6008,1.000000,8,0.625
446,2,194.1234,355.5837,276.5449,54.9507,1.000000,8,0.5
446,3,209.3115,351.2393,590.0846,136.5507,1.000000,8,1
446,4,1171.1990,386.8250,130.1002,31.5365,1.000000,8,1
447,1,594.5200,349.2242,331.5383,70.5777,1.000000,8,0.75
447,2,193.8422,355.5535,276.4956,54.9397,1.000000,8,0.375
447,3,210.7773,351.2003,590.4463,136.5834,1.000000,8,1
447,4,1172.3180,386.7084,130.2024,31.5340,1.000000,8,1
448,1,593.9130,349.0569,331.3837,70.5548,1.000000,8,0.625
448,2,193.5596,355.5187,276.4474,54.9287,1.000000,8,0.5
448,3,212.2426,351.1643,590.8085,136.6161,1.000000,8,1
448,4,1173.4260,386.6034,130.3037,31.5322,1.000000,8,1
449,1,593.3066,348.8837,331.2322,70.5325,1.000000,8,0.5625
449,2,193.2768,355.4778,276.3995,54.9179,1.000000,8,0.75
449,3,213.7080,351.1303,591.1705,136.6489,1.000000,8,1
449,4,1174.5620,386.4722,130.4077,31.5289,1.000000,8,1
450,1,592.7009,348.7077,331.0829,70.5106,1.000000,8,0.6875
450,2,192.9937,355.4322,276.3519,54.9072,1.000000,8,0.3125
450,3,215.1736,351.0984,591.5323,136.6816,1.000000,8,1
450,4,1175.6850,386.3509,130.5107,31.5261,1.000000,8,1
451,1,592.0969,348.5314,330.9348,70.4889,1.000000,8,0.8125
451,2,192.7089,355.3824,276.3055,54.8967,1.000000,8,0.4375
451,3,216.6397,351.0685,591.8938,136.7141,1.000000,8,1
451,4,1176.7960,386.2400,130.6132,31.5241,1.000000,8,1
452,1,591.4932,348.3493,330.7897,70.4679,1.000000,8,0.6875
452,2,192.4234,355.3263,276.2596,54.8863,1.000000,8,0.4375
452,3,218.1065,351.0390,592.2545,136.7464,1.000000,8,1
452,4,1177.9350,386.1027,130.7181,31.5205,1.000000,8,1
453,1,590.8903,348.1642,330.6472,70.4474,1.000000,8,0.5625
453,2,192.1370,355.2651,276.2142,54.8760,1.000000,8,0.5625
453,3,219.5736,351.0098,592.6154,136.7787,1.000000,8,1
453,4,1179.0590,385.9756,130.8218,31.5175,1.000000,8,1
454,1,590.2889,347.9785,330.5065,70.4273,1.000000,8,0.625
454,2,191.8487,355.1999,276.1700,54.8659,1.000000,8,0.5625
454,3,221.0399,350.9800,592.9775,136.8113,1.000000,8,1
454,4,1180.1710,385.8582,130.9250,31.5151,1.000000,8,1
455,1,589.6882,347.7873,330.3683,70.4076,1.000000,8,0.8125
455,2,191.5586,355.1283,276.1263,54.8560,1.000000,8,0.4375
455,3,222.5087,350.9489,593.3371,136.8432,1.000000,8,1
455,4,1181.3120,385.7115,131.0310,31.5110,1.000000,8,1
456,1,589.0885,347.5934,330.2319,70.3883,1.000000,8,0.5625
456,2,191.2667,355.0527,276.0833,54.8462,1.000000,8,0.5625
456,3,223.9790,350.9174,593.6954,136.8747,1.000000,8,1
456,4,1182.4360,385.5742,131.1356,31.5075,1.000000,8,1
457,1,588.4898,347.3986,330.0974,70.3694,1.000000,8,0.4375
457,2,190.9723,354.9739,276.0412,54.8366,1.000000,8,0.875
457,3,225.4503,350.8850,594.0527,136.9060,1.000000,8,1
457,4,1183.5470,385.4465,131.2394,31.5046,1.000000,8,1
458,1,587.8912,347.1983,329.9653,70.3511,1.000000,8,0.5625
458,2,190.6750,354.8897,276.0004,54.8273,1.000000,8,0.625
458,3,226.9238,350.8508,594.4075,136.9366,1.000000,8,1
458,4,1184.6850,385.2892,131.3462,31.4999,1.000000,8,1
459,1,587.2934,346.9956,329.8348,70.3330,1.000000,8,0.5
459,2,190.3760,354.8019,275.9607,54.8182,1.000000,8,0.5625
459,3,228.3997,350.8148,594.7599,136.9665,1.000000,8,1
459,4,1185.8080,385.1396,131.4514,31.4956,1.000000,8,1
460,1,586.6965,346.7928,329.7052,70.3152,1.000000,8,0.6875
460,2,190.0758,354.7115,275.9214,54.8092,1.000000,8,0.4375
460,3,229.8779,350.7765,595.1099,136.9957,1.000000,8,1
460,4,1186.9170,385.0000,131.5560,31.4921,1.000000,8,1
461,1,586.0993,346.5842,329.5779,70.2977,1.000000,8,0.625
461,2,189.7735,354.6165,275.8830,54.8003,1.000000,8,0.5625
461,3,231.3566,350.7360,595.4583,137.0246,1.000000,8,1
461,4,1188.0530,384.8302,131.6636,31.4867,1.000000,8,1
462,1,585.5021,346.3734,329.4520,70.2806,1.000000,8,0.5625
462,2,189.4699,354.5185,275.8450,54.7917,1.000000,8,0.625
462,3,232.8370,350.6932,595.8036,137.0527,1.000000,8,1
462,4,1189.1730,384.6668,131.7700,31.4818,1.000000,8,1
463,1,584.9048,346.1630,329.3279,70.2640,1.000000,8,0.625
463,2,189.1647,354.4188,275.8081,54.7831,1.000000,8,0.5
463,3,234.3204,350.6481,596.1447,137.0796,1.000000,8,1
463,4,1190.2790,384.5135,131.8756,31.4775,1.000000,8,1
464,1,584.3065,345.9475,329.2065,70.2478,1.000000,8,0.5625
464,2,188.8580,354.3150,275.7712,54.7747,1.000000,8,0.5625
464,3,235.8055,350.5984,596.4828,137.1058,1.000000,8,1
464,4,1191.4100,384.3322,131.9836,31.4715,1.000000,8,1
465,1,583.7073,345.7302,329.0866,70.2320,1.000000,8,0.625
465,2,188.5490,354.2086,275.7361,54.7664,1.000000,8,0.4375
465,3,237.2928,350.5446,596.8185,137.1313,1.000000,8,1
465,4,1192.5250,384.1600,132.0906,31.4660,1.000000,8,1
466,1,583.1082,345.5139,328.9664,70.2161,1.000000,8,0.625
466,2,188.2375,354.1003,275.7018,54.7585,1.000000,8,0.625
466,3,238.7843,350.4875,597.1497,137.1557,1.000000,8,1
466,4,1193.6270,383.9998,132.1964,31.4614,1.000000,8,1
467,1,582.5075,345.2924,328.8476,70.2006,1.000000,8,0.5625
467,2,187.9234,353.9887,275.6689,54.7508,1.000000,8,0.6875
467,3,240.2789,350.4258,597.4780,137.1793,1.000000,8,1
467,4,1194.7530,383.8152,132.3047,31.4552,1.000000,8,1
468,1,581.9053,345.0695,328.7305,70.1854,1.000000,8,0.5
468,2,187.6074,353.8749,275.6368,54.7433,1.000000,8,0.9375
468,3,241.7766,350.3598,597.8036,137.2021,1.000000,8,1
468,4,1195.8660,383.6407,132.4117,31.4497,1.000000,8,1
469,1,581.3018,344.8482,328.6149,70.1707,1.000000,8,0.625
469,2,187.2894,353.7596,275.6058,54.7361,1.000000,8,0.4375
469,3,243.2775,350.2892,598.1270,137.2243,1.000000,8,1
469,4,1196.9660,383.4792,132.5178,31.4450,1.000000,8,1
470,1,580.6953,344.6215,328.5009,70.1562,1.000000,8,0.6875
470,2,186.9695,353.6409,275.5757,54.7290,1.000000,8,0.4375
470,3,244.7815,350.2138,598.4485,137.2459,1.000000,8,1
470,4,1198.0880,383.2979,132.6260,31.4390,1.000000,8,1
471,1,580.0872,344.3931,328.3879,70.1419,1.000000,8,0.75
471,2,186.6469,353.5204,275.5472,54.7222,1.000000,8,0.6875
471,3,246.2882,350.1329,598.7687,137.2671,1.000000,8,1
471,4,1199.1970,383.1284,132.7328,31.4338,1.000000,8,1
472,1,579.4789,344.1663,328.2748,70.1278,1.000000,8,0.625
472,2,186.3200,353.3988,275.5211,54.7159,1.000000,8,0.75
472,3,247.7985,350.0455,599.0869,137.2877,1.000000,8,1
472,4,1200.2950,382.9726,132.8379,31.4293,1.000000,8,1
473,1,578.8687,343.9347,328.1646,70.1142,1.000000,8,0.5
473,2,185.9910,353.2744,275.4959,54.7099,1.000000,8,0.6875
473,3,249.3124,349.9518,599.4025,137.3075,1.000000,8,1
473,4,1201.4140,382.7987,132.9452,31.4236,1.000000,8,1
474,1,578.2574,343.7020,328.0566,70.1010,1.000000,8,0.625
474,2,185.6598,353.1483,275.4722,54.7042,1.000000,8,0.6875
474,3,250.8297,349.8500,599.7166,137.3269,1.000000,8,1
474,4,1202.5200,382.6379,133.0505,31.4187,1.000000,8,1
475,1,577.6458,343.4704,327.9500,70.0882,1.000000,8,0.625
475,2,185.3251,353.0218,275.4503,54.6989,1.000000,8,0.8125
475,3,252.3492,349.7389,600.0308,137.3463,1.000000,8,1
475,4,1203.6170,382.4907,133.1552,31.4147,1.000000,8,1
476,1,577.0320,343.2342,327.8453,70.0759,1.000000,8,0.75
476,2,184.9866,352.8928,275.4310,54.6940,1.000000,8,0.6875
476,3,253.8715,349.6184,600.3437,137.3652,1.000000,8,1
476,4,1204.7360,382.3266,133.2618,31.4096,1.000000,8,1
477,1,576.4170,342.9966,327.7426,70.0640,1.000000,8,0.5625
477,2,184.6463,352.7631,275.4125,54.6894,1.000000,8,0.6875
477,3,255.3957,349.4874,600.6561,137.3840,1.000000,8,1
477,4,1205.8410,382.1749,133.3666,31.4051,1.000000,8,1
478,1,575.8018,342.7598,327.6406,70.0523,1.000000,8,0.5
478,2,184.3031,352.6335,275.3957,54.6851,1.000000,8,0.5625
478,3,256.9192,349.3446,600.9714,137.4033,1.000000,8,1
478,4,1206.9370,382.0356,133.4705,31.4014,1.000000,8,1
479,1,575.1842,342.5179,327.5410,70.0410,1.000000,8,0.5625
479,2,183.9548,352.5020,275.3820,54.6815,1.000000,8,0.5625
479,3,258.4431,349.1885,601.2870,137.4227,1.000000,8,1
479,4,1208.0590,381.8742,133.5762,31.3962,1.000000,8,1
480,1,574.5654,342.2740,327.4432,70.0302,1.000000,8,0.5
480,2,183.6027,352.3702,275.3704,54.6782,1.000000,8,0.5
480,3,259.9677,349.0179,601.6042,137.4425,1.000000,8,1
480,4,1209.1680,381.7232,133.6813,31.3917,1.000000,8,1
481,1,573.9457,342.0307,327.3474,70.0198,1.000000,8,0.375
481,2,183.2463,352.2393,275.3609,54.6755,1.000000,8,0.6875
481,3,261.4905,348.8312,601.9277,137.4637,1.000000,8,1
481,4,1210.2670,381.5839,133.7849,31.3879,1.000000,8,1
482,1,573.3239,341.7823,327.2542,70.0100,1.000000,8,0.5
482,2,182.8862,352.1075,275.3529,54.6730,1.000000,8,0.5625
482,3,263.0142,348.6253,602.2537,137.4855,1.000000,8,1
482,4,1211.3930,381.4206,133.8920,31.3828,1.000000,8,1
483,1,572.7009,341.5321,327.1624,70.0005,1.000000,8,0.8125
483,2,182.5233,351.9760,275.3464,54.6709,1.000000,8,0.8125
483,3,264.5362,348.4020,602.5853,137.5087,1.000000,8,1
483,4,1212.5090,381.2672,133.9983,31.3783,1.000000,8,1
484,1,572.0773,341.2827,327.0728,69.9916,1.000000,8,0.625
484,2,182.1578,351.8463,275.3410,54.6690,1.000000,8,0.625
484,3,266.0547,348.1624,602.9250,137.5337,1.000000,8,1
484,4,1213.6150,381.1233,134.1045,31.3747,1.000000,8,1
485,1,571.4516,341.0288,326.9859,69.9831,1.000000,8,0.5625
485,2,181.7885,351.7168,275.3375,54.6675,1.000000,8,0.5625
485,3,267.5724,347.9024,603.2687,137.5596,1.000000,8,1
485,4,1214.7530,380.9499,134.2144,31.3692,1.000000,8,1
486,1,570.8251,340.7734,326.9002,69.9751,1.000000,8,0.5
486,2,181.4163,351.5883,275.3354,54.6663,1.000000,8,0.625
486,3,269.0879,347.6246,603.6177,137.5869,1.000000,8,1
486,4,1215.8780,380.7861,134.3239,31.3645,1.000000,8,1
487,1,570.1981,340.5193,326.8169,69.9674,1.000000,8,0.4375
487,2,181.0416,351.4619,275.3346,54.6654,1.000000,8,0.75
487,3,270.5996,347.3316,603.9749,137.6161,1.000000,8,1
487,4,1216.9920,380.6320,134.4336,31.3608,1.000000,8,1
488,1,569.5695,340.2611,326.7361,69.9604,1.000000,8,0.4375
488,2,180.6656,351.3365,275.3341,54.6645,1.000000,8,0.875
488,3,272.1085,347.0193,604.3368,137.6465,1.000000,8,1
488,4,1218.1390,380.4475,134.5474,31.3552,1.000000,8,1
489,1,568.9402,340.0018,326.6573,69.9538,1.000000,8,0.5
489,2,180.2886,351.2129,275.3339,54.6637,1.000000,8,0.6875
489,3,273.6138,346.6917,604.7048,137.6783,1.000000,8,1
489,4,1219.2720,380.2706,134.6600,31.3503,1.000000,8,1
490,1,568.3110,339.7444,326.5803,69.9476,1.000000,8,0.375
490,2,179.9104,351.0920,275.3344,54.6630,1.000000,8,0.75
490,3,275.1137,346.3513,605.0822,137.7124,1.000000,8,1
490,4,1220.3960,380.1016,134.7732,31.3460,1.000000,8,1
491,1,567.6808,339.4838,326.5055,69.9419,1.000000,8,0.5
491,2,179.5302,350.9718,275.3359,54.6626,1.000000,8,0.8125
491,3,276.6098,345.9914,605.4648,137.7479,1.000000,8,1
491,4,1221.5520,379.9003,134.8906,31.3400,1.000000,8,1
492,1,567.0504,339.2231,326.4320,69.9365,1.000000,8,0.5
492,2,179.1492,350.8531,275.3378,54.6622,1.000000,8,0.8125
492,3,278.1018,345.6176,605.8540,137.7850,1.000000,8,1
492,4,1222.6950,379.7058,135.0079,31.3346,1.000000,8,1
493,1,566.4202,338.9648,326.3599,69.9313,1.000000,8,0.5
493,2,178.7692,350.7363,275.3390,54.6617,1.000000,8,0.6875
493,3,279.5885,345.2348,606.2515,137.8240,1.000000,8,1
493,4,1223.8290,379.5183,135.1257,31.3299,1.000000,8,1
494,1,565.7892,338.7040,326.2903,69.9266,1.000000,8,0.6875
494,2,178.3884,350.6198,275.3406,54.6613,1.000000,8,0.625
494,3,281.0686,344.8346,606.6578,137.8653,1.000000,8,1
494,4,1224.9950,379.2974,135.2476,31.3233,1.000000,8,1
495,1,565.1582,338.4438,326.2218,69.9223,1.000000,8,0.375
495,2,178.0069,350.5039,275.3427,54.6610,1.000000,8,0.6875
495,3,282.5433,344.4232,607.0724,137.9086,1.000000,8,1
495,4,1226.1460,379.0840,135.3688,31.3173,1.000000,8,1
496,1,564.5272,338.1869,326.1547,69.9182,1.000000,8,0.6875
496,2,177.6240,350.3891,275.3455,54.6607,1.000000,8,0.8125
496,3,284.0146,344.0057,607.4936,137.9536,1.000000,8,1
496,4,1227.2880,378.8787,135.4906,31.3120,1.000000,8,1
497,1,563.8952,337.9279,326.0880,69.9142,1.000000,8,0.3125
497,2,177.2403,350.2738,275.3485,54.6606,1.000000,8,0.75
497,3,285.4811,343.5734,607.9241,138.0007,1.000000,8,1
497,4,1228.4630,378.6425,135.6168,31.3052,1.000000,8,1
498,1,563.2628,337.6701,326.0222,69.9105,1.000000,8,0.5625
498,2,176.8566,350.1588,275.3516,54.6605,1.000000,8,0.8125
498,3,286.9431,343.1331,608.3639,138.0501,1.000000,8,1
498,4,1229.6250,378.4158,135.7429,31.2990,1.000000,8,1
499,1,562.6298,337.4166,325.9580,69.9071,1.000000,8,0.25
499,2,176.4716,350.0450,275.3556,54.6605,1.000000,8,0.75
499,3,288.4001,342.6919,608.8138,138.1020,1.000000,8,1
499,4,1230.7770,378.1987,135.8690,31.2938,1.000000,8,1
500,1,561.9955,337.1616,325.8950,69.9039,1.000000,8,0.4375
500,2,176.0844,349.9301,275.3601,54.6607,1.000000,8,0.75
500,3,289.8515,342.2412,609.2729,138.1560,1.000000,8,1
500,4,1231.9600,377.9547,135.9988,31.2869,1.000000,8,1
501,1,561.3608,336.9084,325.8323,69.9009,1.000000,8,0.375
501,2,175.6956,349.8150,275.3658,54.6611,1.000000,8,0.6875
501,3,291.2965,341.7871,609.7422,138.2126,1.000000,8,1
501,4,1233.1310,377.7208,136.1283,31.2809,1.000000,8,1
502,1,560.7264,336.6604,325.7693,69.8977,1.000000,8,0.3125
502,2,175.3062,349.7007,275.3717,54.6616,1.000000,8,0.625
502,3,292.7324,341.3347,610.2252,138.2725,1.000000,8,1
502,4,1234.2930,377.4976,136.2579,31.2758,1.000000,8,1
503,1,560.0919,336.4120,325.7058,69.8944,1.000000,8,0.1875
503,2,174.9154,349.5852,275.3781,54.6622,1.000000,8,0.6875
503,3,294.1611,340.8728,610.7184,138.3350,1.000000,8,1
503,4,1235.4820,377.2528,136.3907,31.2694,1.000000,8,1
504,1,559.4572,336.1655,325.6425,69.8912,1.000000,8,0.375
504,2,174.5230,349.4692,275.3853,54.6629,1.000000,8,0.875
504,3,295.5823,340.4079,611.2229,138.4001,1.000000,8,1
504,4,1236.6620,377.0175,136.5236,31.2638,1.000000,8,1
505,1,558.8221,335.9237,325.5805,69.8883,1.000000,8,0.375
505,2,174.1284,349.3540,275.3933,54.6638,1.000000,8,0.5625
505,3,296.9944,339.9461,611.7413,138.4687,1.000000,8,1
505,4,1237.8340,376.7928,136.6561,31.2590,1.000000,8,1
506,1,558.1870,335.6819,325.5186,69.8854,1.000000,8,0.5625
506,2,173.7315,349.2383,275.4019,54.6648,1.000000,8,0.8125
506,3,298.3983,339.4763,612.2707,138.5402,1.000000,8,1
506,4,1239.0330,376.5481,136.7916,31.2531,1.000000,8,1
507,1,557.5519,335.4420,325.4567,69.8825,1.000000,8,0.5
507,2,173.3324,349.1227,275.4112,54.6660,1.000000,8,0.8125
507,3,299.7938,339.0047,612.8117,138.6144,1.000000,8,1
507,4,1240.2210,376.3138,136.9271,31.2478,1.000000,8,1
508,1,556.9173,335.2069,325.3956,69.8797,1.000000,8,0.375
508,2,172.9313,349.0075,275.4207,54.6672,1.000000,8,0.8125
508,3,301.1818,338.5379,613.3640,138.6914,1.000000,8,1
508,4,1241.4020,376.0905,137.0624,31.2436,1.000000,8,1
509,1,556.2828,334.9720,325.3337,69.8769,1.000000,8,0.3125
509,2,172.5280,348.8921,275.4309,54.6686,1.000000,8,0.8125
509,3,302.5587,338.0635,613.9315,138.7721,1.000000,8,1
509,4,1242.6110,375.8480,137.2012,31.2382,1.000000,8,1
510,1,555.6481,334.7392,325.2723,69.8740,1.000000,8,0.6875
510,2,172.1230,348.7768,275.4412,54.6700,1.000000,8,0.875
510,3,303.9273,337.5894,614.5104,138.8556,1.000000,8,1
510,4,1243.8130,375.6145,137.3401,31.2336,1.000000,8,1
511,1,555.0136,334.5104,325.2116,69.8713,1.000000,8,0.5
511,2,171.7165,348.6619,275.4521,54.6715,1.000000,8,0.5625
511,3,305.2890,337.1239,615.0985,138.9415,1.000000,8,1
511,4,1245.0100,375.3913,137.4797,31.2300,1.000000,8,1
512,1,554.3795,334.2810,325.1505,69.8686,1.000000,8,0.5625
512,2,171.3094,348.5472,275.4631,54.6729,1.000000,8,0.8125
512,3,306.6442,336.6521,615.6962,139.0297,1.000000,8,1
512,4,1246.2330,375.1518,137.6229,31.2255,1.000000,8,1
513,1,553.7452,334.0532,325.0905,69.8661,1.000000,8,0.5
513,2,170.9016,348.4332,275.4739,54.6745,1.000000,8,0.75
513,3,307.9934,336.1829,616.3038,139.1202,1.000000,8,1
513,4,1247.4500,374.9209,137.7662,31.2217,1.000000,8,1
514,1,553.1108,333.8302,325.0311,69.8637,1.000000,8,0.4375
514,2,170.4926,348.3202,275.4853,54.6760,1.000000,8,0.6875
514,3,309.3347,335.7245,616.9256,139.2141,1.000000,8,1
514,4,1248.6600,374.6985,137.9093,31.2187,1.000000,8,1
515,1,552.4766,333.6062,324.9714,69.8612,1.000000,8,0.5
515,2,170.0830,348.2069,275.4963,54.6776,1.000000,8,0.8125
515,3,310.6696,335.2632,617.5580,139.3106,1.000000,8,1
515,4,1249.8940,374.4598,138.0558,31.2147,1.000000,8,1
516,1,551.8424,333.3832,324.9120,69.8589,1.000000,8,0.5
516,2,169.6731,348.0943,275.5075,54.6791,1.000000,8,0.8125
516,3,311.9983,334.8077,618.1991,139.4093,1.000000,8,1
516,4,1251.1210,374.2313,138.2023,31.2117,1.000000,8,1
517,1,551.2079,333.1643,324.8538,69.8567,1.000000,8,0.375
517,2,169.2632,347.9833,275.5183,54.6806,1.000000,8,0.9375
517,3,313.3218,334.3663,618.8470,139.5095,1.000000,8,1
517,4,1252.3430,374.0116,138.3491,31.2093,1.000000,8,1
518,1,550.5728,332.9447,324.7968,69.8549,1.000000,8,0.4375
518,2,168.8535,347.8726,275.5287,54.6820,1.000000,8,0.625
518,3,314.6406,333.9267,619.5004,139.6111,1.000000,8,1
518,4,1253.5880,373.7748,138.4990,31.2060,1.000000,8,1
519,1,549.9370,332.7261,324.7411,69.8533,1.000000,8,0.5625
519,2,168.4435,347.7626,275.5391,54.6833,1.000000,8,0.875
519,3,315.9560,333.4951,620.1582,139.7138,1.000000,8,1
519,4,1254.8240,373.5491,138.6481,31.2035,1.000000,8,1
520,1,549.3010,332.5112,324.6857,69.8518,1.000000,8,0.4375
520,2,168.0331,347.6536,275.5493,54.6847,1.000000,8,0.8125
520,3,317.2694,333.0773,620.8188,139.8171,1.000000,8,1
520,4,1256.0550,373.3339,138.7977,31.2018,1.000000,8,1
521,1,548.6644,332.2958,324.6312,69.8506,1.000000,8,0.1875
521,2,167.6239,347.5450,275.5586,54.6859,1.000000,8,0.875
521,3,318.5807,332.6576,621.4833,139.9212,1.000000,8,1
521,4,1257.3070,373.1052,138.9497,31.1994,1.000000,8,1
522,1,548.0273,332.0821,324.5780,69.8495,1.000000,8,0.5625
522,2,167.2151,347.4375,275.5676,54.6870,1.000000,8,0.8125
522,3,319.8909,332.2433,622.1501,140.0259,1.000000,8,1
522,4,1258.5480,372.8887,139.1006,31.1978,1.000000,8,1
523,1,547.3903,331.8726,324.5257,69.8487,1.000000,8,0.125
523,2,166.8069,347.3317,275.5762,54.6879,1.000000,8,0.875
523,3,321.2013,331.8430,622.8173,140.1305,1.000000,8,1
523,4,1259.7840,372.6836,139.2518,31.1970,1.000000,8,1
524,1,546.7529,331.6628,324.4745,69.8481,1.000000,8,0.5
524,2,166.3997,347.2266,275.5840,54.6887,1.000000,8,0.8125
524,3,322.5128,331.4406,623.4839,140.2350,1.000000,8,1
524,4,1261.0420,372.4641,139.4053,31.1954,1.000000,8,1
525,1,546.1146,331.4545,324.4244,69.8478,1.000000,8,0.3125
525,2,165.9937,347.1225,275.5911,54.6895,1.000000,8,0.75
525,3,323.8254,331.0420,624.1504,140.3393,1.000000,8,1
525,4,1262.2900,372.2598,139.5579,31.1948,1.000000,8,1
526,1,545.4752,331.2504,324.3765,69.8479,1.000000,8,0.4375
526,2,165.5893,347.0203,275.5973,54.6900,1.000000,8,0.8125
526,3,325.1392,330.6523,624.8162,140.4433,1.000000,8,1
526,4,1263.5300,372.0692,139.7100,31.1951,1.000000,8,1
527,1,544.8358,331.0485,324.3297,69.8483,1.000000,8,0.375
527,2,165.1865,346.9190,275.6027,54.6903,1.000000,8,0.875
527,3,326.4551,330.2605,625.4806,140.5468,1.000000,8,1
527,4,1264.7880,371.8695,139.8629,31.1947,1.000000,8,1
528,1,544.1960,330.8500,324.2841,69.8490,1.000000,8,0.1875
528,2,164.7854,346.8190,275.6071,54.6904,1.000000,8,0.9375
528,3,327.7728,329.8730,626.1430,140.6498,1.000000,8,1
528,4,1266.0350,371.6845,140.0143,31.1951,1.000000,8,1
529,1,543.5558,330.6559,324.2397,69.8500,1.000000,8,0.5625
529,2,164.3861,346.7210,275.6106,54.6903,1.000000,8,0.75
529,3,329.0913,329.4927,626.8035,140.7523,1.000000,8,1
529,4,1267.2740,371.5131,140.1650,31.1965,1.000000,8,1
530,1,542.9148,330.4630,324.1969,69.8512,1.000000,8,0.6875
530,2,163.9892,346.6240,275.6129,54.6901,1.000000,8,0.6875
530,3,330.4111,329.1066,627.4616,140.8541,1.000000,8,1
530,4,1268.5290,371.3332,140.3168,31.1971,1.000000,8,1
531,1,542.2734,330.2738,324.1553,69.8528,1.000000,8,0.3125
531,2,163.5941,346.5287,275.6143,54.6895,1.000000,8,0.875
531,3,331.7325,328.7215,628.1158,140.9549,1.000000,8,1
531,4,1269.7730,371.1671,140.4668,31.1986,1.000000,8,1
532,1,541.6320,330.0912,324.1147,69.8546,1.000000,8,0.375
532,2,163.2009,346.4358,275.6148,54.6888,1.000000,8,0.6875
532,3,333.0553,328.3434,628.7671,141.0550,1.000000,8,1
532,4,1271.0100,371.0156,140.6157,31.2010,1.000000,8,1
533,1,540.9897,329.9102,324.0751,69.8566,1.000000,8,0.25
533,2,162.8105,346.3434,275.6141,54.6879,1.000000,8,0.8125
533,3,334.3794,327.9593,629.4176,141.1547,1.000000,8,1
533,4,1272.2620,370.8555,140.7661,31.2027,1.000000,8,1
534,1,540.3467,329.7330,324.0363,69.8588,1.000000,8,0.375
534,2,162.4224,346.2522,275.6122,54.6867,1.000000,8,0.8125
534,3,335.7046,327.5764,630.0669,141.2541,1.000000,8,1
534,4,1273.5060,370.7068,140.9150,31.2051,1.000000,8,1
535,1,539.7032,329.5632,323.9978,69.8610,1.000000,8,0.4375
535,2,162.0358,346.1633,275.6096,54.6854,1.000000,8,0.875
535,3,337.0313,327.2019,630.7135,141.3528,1.000000,8,1
535,4,1274.7420,370.5723,141.0627,31.2084,1.000000,8,1
536,1,539.0587,329.3981,323.9592,69.8632,1.000000,8,0.5625
536,2,161.6515,346.0753,275.6063,54.6838,1.000000,8,0.875
536,3,338.3602,326.8282,631.3583,141.4509,1.000000,8,1
536,4,1275.9910,370.4341,141.2118,31.2114,1.000000,8,1
537,1,538.4138,329.2387,323.9205,69.8656,1.000000,8,0.625
537,2,161.2691,345.9882,275.6018,54.6822,1.000000,8,0.75
537,3,339.6910,326.4609,632.0007,141.5484,1.000000,8,1
537,4,1277.2350,370.3064,141.3601,31.2151,1.000000,8,1
538,1,537.7682,329.0867,323.8823,69.8679,1.000000,8,0.4375
538,2,160.8883,345.9028,275.5970,54.6803,1.000000,8,0.9375
538,3,341.0236,326.1040,632.6411,141.6452,1.000000,8,1
538,4,1278.4740,370.1906,141.5082,31.2196,1.000000,8,1
539,1,537.1221,328.9397,323.8434,69.8701,1.000000,8,0.375
539,2,160.5103,345.8188,275.5913,54.6783,1.000000,8,0.9375
539,3,342.3591,325.7486,633.2805,141.7418,1.000000,8,1
539,4,1279.7260,370.0709,141.6572,31.2239,1.000000,8,1
540,1,536.4755,328.7991,323.8042,69.8723,1.000000,8,0.3125
540,2,160.1339,345.7360,275.5849,54.6762,1.000000,8,0.875
540,3,343.6975,325.4006,633.9177,141.8376,1.000000,8,1
540,4,1280.9720,369.9628,141.8057,31.2289,1.000000,8,1
541,1,535.8285,328.6677,323.7643,69.8743,1.000000,8,0.4375
541,2,159.7590,345.6544,275.5777,54.6739,1.000000,8,0.875
541,3,345.0374,325.0663,634.5532,141.9330,1.000000,8,1
541,4,1282.2110,369.8678,141.9539,31.2349,1.000000,8,1
542,1,535.1808,328.5432,323.7241,69.8762,1.000000,8,0.4375
542,2,159.3864,345.5735,275.5700,54.6714,1.000000,8,0.9375
542,3,346.3801,324.7394,635.1868,142.0277,1.000000,8,1
542,4,1283.4650,369.7694,142.1033,31.2408,1.000000,8,1
543,1,534.5327,328.4256,323.6828,69.8780,1.000000,8,0.25
543,2,159.0155,345.4937,275.5616,54.6689,1.000000,8,1
543,3,347.7258,324.4231,635.8179,142.1217,1.000000,8,1
543,4,1284.7150,369.6808,142.2526,31.2473,1.000000,8,1
544,1,533.8843,328.3166,323.6401,69.8795,1.000000,8,0.3125
544,2,158.6458,345.4160,275.5529,54.6663,1.000000,8,0.8125
544,3,349.0739,324.1201,636.4467,142.2151,1.000000,8,1
544,4,1285.9600,369.6047,142.4019,31.2547,1.000000,8,1
545,1,533.2358,328.2150,323.5961,69.8806,1.000000,8,0.375
545,2,158.2780,345.3387,275.5434,54.6635,1.000000,8,0.8125
545,3,350.4256,323.8246,637.0743,142.3080,1.000000,8,1
545,4,1287.2140,369.5286,142.5524,31.2622,1.000000,8,1
546,1,532.5872,328.1204,323.5510,69.8816,1.000000,8,0.5
546,2,157.9117,345.2624,275.5335,54.6607,1.000000,8,0.9375
546,3,351.7802,323.5387,637.7010,142.4006,1.000000,8,1
546,4,1288.4680,369.4601,142.7031,31.2704,1.000000,8,1
547,1,531.9383,328.0344,323.5045,69.8822,1.000000,8,0.375
547,2,157.5460,345.1881,275.5236,54.6578,1.000000,8,0.875
547,3,353.1374,323.2636,638.3275,142.4929,1.000000,8,1
547,4,1289.7190,369.4007,142.8541,31.2792,1.000000,8,1
548,1,531.2893,327.9561,323.4565,69.8825,1.000000,8,0.5625
548,2,157.1822,345.1138,275.5128,54.6548,1.000000,8,0.9375
548,3,354.4983,322.9964,638.9546,142.5853,1.000000,8,1
548,4,1290.9790,369.3429,143.0063,31.2884,1.000000,8,1
549,1,530.6410,327.8851,323.4066,69.8823,1.000000,8,0.375
549,2,156.8198,345.0403,275.5013,54.6516,1.000000,8,0.8125
549,3,355.8625,322.7394,639.5812,142.6772,1.000000,8,1
549,4,1292.2410,369.2913,143.1599,31.2981,1.000000,8,1
550,1,529.9933,327.8214,323.3547,69.8818,1.000000,8,0.25
550,2,156.4581,344.9693,275.4900,54.6484,1.000000,8,0.9375
550,3,357.2292,322.4962,640.2076,142.7691,1.000000,8,1
550,4,1293.5030,369.2487,143.3135,31.3086,1.000000,8,1
551,1,529.3457,327.7653,323.3013,69.8809,1.000000,8,0.5
551,2,156.0988,344.8994,275.4774,54.6451,1.000000,8,0.8125
551,3,358.5989,322.2621,640.8362,142.8612,1.000000,8,1
551,4,1294.7660,369.2142,143.4680,31.3198,1.000000,8,1
552,1,528.6994,327.7154,323.2457,69.8796,1.000000,8,0.5625
552,2,155.7406,344.8308,275.4645,54.6415,1.000000,8,0.9375
552,3,359.9711,322.0378,641.4656,142.9533,1.000000,8,1
552,4,1296.0360,369.1824,143.6241,31.3314,1.000000,8,1
553,1,528.0541,327.6722,323.1887,69.8778,1.000000,8,0.375
553,2,155.3833,344.7638,275.4514,54.6380,1.000000,8,0.875
553,3,361.3451,321.8268,642.0961,143.0456,1.000000,8,1
553,4,1297.3140,369.1519,143.7813,31.3432,1.000000,8,1
554,1,527.4098,327.6364,323.1293,69.8756,1.000000,8,0.3125
554,2,155.0278,344.6976,275.4376,54.6343,1.000000,8,0.9375
554,3,362.7214,321.6268,642.7285,143.1382,1.000000,8,1
554,4,1298.5890,369.1324,143.9391,31.3559,1.000000,8,1
555,1,526.7662,327.6065,323.0682,69.8730,1.000000,8,0.5
555,2,154.6734,344.6328,275.4233,54.6306,1.000000,8,1
555,3,364.0991,321.4377,643.3624,143.2309,1.000000,8,1
555,4,1299.8660,369.1200,144.0977,31.3693,1.000000,8,1
556,1,526.1238,327.5815,323.0052,69.8700,1.000000,8,0.375
556,2,154.3201,344.5701,275.4086,54.6267,1.000000,8,0.9375
556,3,365.4775,321.2630,643.9965,143.3237,1.000000,8,1
556,4,1301.1500,369.1087,144.2576,31.3829,1.000000,8,1
557,1,525.4836,327.5617,322.9404,69.8665,1.000000,8,0.5
557,2,153.9684,344.5088,275.3931,54.6227,1.000000,8,0.9375
557,3,366.8557,321.1014,644.6328,143.4169,1.000000,8,1
557,4,1302.4350,369.1042,144.4177,31.3971,1.000000,8,1
558,1,524.8448,327.5466,322.8740,69.8626,1.000000,8,0.4375
558,2,153.6177,344.4489,275.3770,54.6186,1.000000,8,1
558,3,368.2352,320.9506,645.2694,143.5100,1.000000,8,1
558,4,1303.7230,369.1042,144.5789,31.4117,1.000000,8,1
559,1,524.2078,327.5355,322.8049,69.8582,1.000000,8,0.375
559,2,153.2678,344.3905,275.3607,54.6144,1.000000,8,1
559,3,369.6165,320.8120,645.9059,143.6030,1.000000,8,1
559,4,1305.0140,369.1081,144.7412,31.4268,1.000000,8,1
560,1,523.5726,327.5280,322.7338,69.8533,1.000000,8,0.375
560,2,152.9185,344.3337,275.3439,54.6101,1.000000,8,1
560,3,371.0003,320.6871,646.5436,143.6961,1.000000,8,1
560,4,1306.3070,369.1191,144.9034,31.4424,1.000000,8,1
561,1,522.9390,327.5236,322.6613,69.8480,1.000000,8,0.25
561,2,152.5697,344.2783,275.3270,54.6057,1.000000,8,0.9375
561,3,372.3858,320.5764,647.1824,143.7894,1.000000,8,1
561,4,1307.6020,369.1353,145.0663,31.4583,1.000000,8,1
562,1,522.3073,327.5228,322.5871,69.8423,1.000000,8,0.4375
562,2,152.2216,344.2241,275.3096,54.6014,1.000000,8,0.9375
562,3,373.7719,320.4844,647.8224,143.8828,1.000000,8,1
562,4,1308.8980,369.1551,145.2291,31.4746,1.000000,8,1
563,1,521.6783,327.5256,322.5107,69.8362,1.000000,8,0.375
563,2,151.8736,344.1703,275.2922,54.5970,1.000000,8,0.9375
563,3,375.1605,320.4105,648.4623,143.9760,1.000000,8,1
563,4,1310.1940,369.1821,145.3918,31.4913,1.000000,8,1
564,1,521.0517,327.5312,322.4326,69.8297,1.000000,8,0.25
564,2,151.5256,344.1169,275.2748,54.5925,1.000000,8,0.9375
564,3,376.5516,320.3530,649.1010,144.0689,1.000000,8,1
564,4,1311.4890,369.2147,145.5542,31.5083,1.000000,8,1
565,1,520.4268,327.5389,322.3533,69.8228,1.000000,8,0.5625
565,2,151.1772,344.0647,275.2577,54.5881,1.000000,8,1
565,3,377.9443,320.3143,649.7393,144.1614,1.000000,8,1
565,4,1312.7860,369.2523,145.7162,31.5256,1.000000,8,1
566,1,519.8040,327.5473,322.2718,69.8153,1.000000,8,0.3125
566,2,150.8286,344.0128,275.2407,54.5838,1.000000,8,1
566,3,379.3401,320.2972,650.3756,144.2534,1.000000,8,1
566,4,1314.0810,369.2969,145.8776,31.5433,1.000000,8,1
567,1,519.1831,327.5565,322.1887,69.8076,1.000000,8,0.3125
567,2,150.4793,343.9614,275.2241,54.5795,1.000000,8,1
567,3,380.7386,320.2988,651.0100,144.3448,1.000000,8,1
567,4,1315.3740,369.3482,146.0381,31.5613,1.000000,8,1
568,1,518.5638,327.5676,322.1041,69.7995,1.000000,8,0.375
568,2,150.1296,343.9116,275.2078,54.5754,1.000000,8,1
568,3,382.1397,320.3195,651.6414,144.4354,1.000000,8,1
568,4,1316.6650,369.4065,146.1975,31.5796,1.000000,8,1
569,1,517.9465,327.5811,322.0182,69.7910,1.000000,8,0.3125
569,2,149.7789,343.8619,275.1921,54.5714,1.000000,8,1
569,3,383.5448,320.3630,652.2692,144.5249,1.000000,8,1
569,4,1317.9530,369.4733,146.3552,31.5981,1.000000,8,1
570,1,517.3309,327.5959,321.9312,69.7823,1.000000,8,0.25
570,2,149.4271,343.8125,275.1774,54.5674,1.000000,8,1
570,3,384.9531,320.4250,652.8941,144.6138,1.000000,8,1
570,4,1319.2370,369.5460,146.5117,31.6170,1.000000,8,1
571,1,516.7173,327.6107,321.8423,69.7732,1.000000,8,0.4375
571,2,149.0739,343.7636,275.1632,54.5637,1.000000,8,1
571,3,386.3649,320.5036,653.5164,144.7018,1.000000,8,1
571,4,1320.5210,369.6233,146.6675,31.6359,1.000000,8,1
572,1,516.1051,327.6274,321.7527,69.7638,1.000000,8,0.4375
572,2,148.7189,343.7153,275.1501,54.5602,1.000000,8,1
572,3,387.7825,320.6039,654.1328,144.7883,1.000000,8,1
572,4,1321.8000,369.7093,146.8218,31.6552,1.000000,8,1
573,1,515.4943,327.6451,321.6615,69.7541,1.000000,8,0.25
573,2,148.3625,343.6675,275.1378,54.5569,1.000000,8,1
573,3,389.2045,320.7213,654.7455,144.8737,1.000000,8,1
573,4,1323.0760,369.8024,146.9746,31.6749,1.000000,8,1
574,1,514.8848,327.6634,321.5694,69.7442,1.000000,8,0.3125
574,2,148.0044,343.6205,275.1266,54.5537,1.000000,8,1
574,3,390.6303,320.8524,655.3564,144.9585,1.000000,8,1
574,4,1324.3480,369.9019,147.1262,31.6946,1.000000,8,1
575,1,514.2768,327.6850,321.4772,69.7342,1.000000,8,0.1875
575,2,147.6441,343.5733,275.1168,54.5509,1.000000,8,1
575,3,392.0602,321.0038,655.9652,145.0426,1.000000,8,1
575,4,1325.6170,370.0083,147.2764,31.7147,1.000000,8,1
576,1,513.6699,327.7081,321.3845,69.7241,1.000000,8,0.4375
576,2,147.2820,343.5266,275.1082,54.5483,1.000000,8,1
576,3,393.4934,321.1699,656.5732,145.1265,1.000000,8,1
576,4,1326.8820,370.1208,147.4253,31.7351,1.000000,8,1
577,1,513.0635,327.7312,321.2919,69.7140,1.000000,8,0.1875
577,2,146.9176,343.4811,275.1007,54.5460,1.000000,8,1
577,3,394.9288,321.3466,657.1820,145.2103,1.000000,8,1
577,4,1328.1470,370.2389,147.5736,31.7557,1.000000,8,1
578,1,512.4585,327.7562,321.1982,69.7037,1.000000,8,0.5
578,2,146.5517,343.4363,275.0942,54.5439,1.000000,8,1
578,3,396.3661,321.5394,657.7924,145.2944,1.000000,8,1
578,4,1329.4070,370.3624,147.7213,31.7765,1.000000,8,1
579,1,511.8540,327.7823,321.1049,69.6934,1.000000,8,0.375
579,2,146.1836,343.3929,275.0888,54.5420,1.000000,8,1
579,3,397.8045,321.7447,658.4059,145.3790,1.000000,8,1
579,4,1330.6660,370.4904,147.8678,31.7976,1.000000,8,1
580,1,511.2500,327.8110,321.0112,69.6830,1.000000,8,0.375
580,2,145.8137,343.3518,275.0845,54.5403,1.000000,8,1
580,3,399.2435,321.9615,659.0243,145.4646,1.000000,8,1
580,4,1331.9240,370.6224,148.0135,31.8188,1.000000,8,1
581,1,510.6464,327.8428,320.9180,69.6727,1.000000,8,0.4375
581,2,145.4419,343.3120,275.0812,54.5389,1.000000,8,1
581,3,400.6824,322.1959,659.6479,145.5514,1.000000,8,1
581,4,1333.1780,370.7590,148.1588,31.8402,1.000000,8,1
582,1,510.0427,327.8769,320.8251,69.6625,1.000000,8,0.25
582,2,145.0685,343.2742,275.0787,54.5376,1.000000,8,1
582,3,402.1204,322.4430,660.2776,145.6395,1.000000,8,1
582,4,1334.4310,370.8993,148.3036,31.8618,1.000000,8,1
583,1,509.4390,327.9140,320.7322,69.6522,1.000000,8,0.25
583,2,144.6934,343.2385,275.0773,54.5365,1.000000,8,1
583,3,403.5579,322.6973,660.9133,145.7288,1.000000,8,1
583,4,1335.6830,371.0430,148.4480,31.8836,1.000000,8,1
584,1,508.8353,327.9552,320.6407,69.6423,1.000000,8,0.5625
584,2,144.3169,343.2056,275.0763,54.5356,1.000000,8,1
584,3,404.9935,322.9674,661.5557,145.8197,1.000000,8,1
584,4,1336.9340,371.1906,148.5920,31.9056,1.000000,8,1
585,1,508.2317,328.0000,320.5500,69.6326,1.000000,8,0.3125
585,2,143.9388,343.1757,275.0761,54.5347,1.000000,8,1
585,3,406.4275,323.2473,662.2051,145.9120,1.000000,8,1
585,4,1338.1850,371.3419,148.7358,31.9278,1.000000,8,1
586,1,507.6275,328.0480,320.4605,69.6231,1.000000,8,0.3125
586,2,143.5597,343.1494,275.0764,54.5340,1.000000,8,1
586,3,407.8600,323.5303,662.8621,146.0060,1.000000,8,1
586,4,1339.4350,371.4961,148.8793,31.9502,1.000000,8,1
587,1,507.0228,328.1008,320.3725,69.6140,1.000000,8,0.0625
587,2,143.1794,343.1268,275.0771,54.5334,1.000000,8,1
587,3,409.2905,323.8282,663.5293,146.1023,1.000000,8,1
587,4,1340.6830,371.6540,149.0220,31.9727,1.000000,8,1
588,1,506.4176,328.1572,320.2859,69.6051,1.000000,8,0.5
588,2,142.7982,343.1083,275.0784,54.5329,1.000000,8,1
588,3,410.7199,324.1342,664.2059,146.2007,1.000000,8,1
588,4,1341.9290,371.8156,149.1641,31.9954,1.000000,8,1
589,1,505.8119,328.2168,320.2006,69.5966,1.000000,8,0.375
589,2,142.4158,343.0943,275.0800,54.5324,1.000000,8,1
589,3,412.1489,324.4451,664.8907,146.3007,1.000000,8,1
589,4,1343.1730,371.9796,149.3054,32.0181,1.000000,8,1
590,1,505.2056,328.2830,320.1179,69.5885,1.000000,8,0.125
590,2,142.0332,343.0843,275.0814,54.5319,1.000000,8,1
590,3,413.5764,324.7704,665.5839,146.4026,1.000000,8,1
590,4,1344.4140,372.1473,149.4465,32.0411,1.000000,8,1
591,1,504.5988,328.3549,320.0368,69.5810,1.000000,8,0.1875
591,2,141.6501,343.0786,275.0829,54.5315,1.000000,8,1
591,3,415.0043,325.1045,666.2838,146.5059,1.000000,8,1
591,4,1345.6540,372.3188,149.5864,32.0642,1.000000,8,1
592,1,503.9910,328.4316,319.9581,69.5739,1.000000,8,0.4375
592,2,141.2661,343.0783,275.0845,54.5311,1.000000,8,1
592,3,416.4330,325.4445,666.9903,146.6105,1.000000,8,1
592,4,1346.8900,372.4935,149.7256,32.0873,1.000000,8,1
593,1,503.3834,328.5156,319.8816,69.5672,1.000000,8,0.375
593,2,140.8820,343.0828,275.0857,54.5306,1.000000,8,1
593,3,417.8616,325.8031,667.7018,146.7162,1.000000,8,1
593,4,1348.1240,372.6720,149.8638,32.1105,1.000000,8,1
594,1,502.7753,328.6064,319.8072,69.5611,1.000000,8,0.5
594,2,140.4979,343.0926,275.0869,54.5300,1.000000,8,1
594,3,419.2917,326.1720,668.4173,146.8226,1.000000,8,1
594,4,1349.3550,372.8535,150.0006,32.1339,1.000000,8,1
595,1,502.1660,328.7044,319.7352,69.5555,1.000000,8,0.3125
595,2,140.1131,343.1078,275.0884,54.5295,1.000000,8,1
595,3,420.7239,326.5426,669.1370,146.9298,1.000000,8,1
595,4,1350.5910,373.0306,150.1378,32.1567,1.000000,8,1
596,1,501.5564,328.8121,319.6652,69.5503,1.000000,8,0.375
596,2,139.7292,343.1276,275.0895,54.5290,1.000000,8,1
596,3,422.1574,326.9287,669.8593,147.0374,1.000000,8,1
596,4,1351.8240,373.2135,150.2742,32.1799,1.000000,8,1
597,1,500.9458,328.9279,319.5972,69.5456,1.000000,8,0.4375
597,2,139.3457,343.1521,275.0900,54.5284,1.000000,8,1
597,3,423.5937,327.3222,670.5834,147.1454,1.000000,8,1
597,4,1353.0620,373.3940,150.4106,32.2028,1.000000,8,1
598,1,500.3339,329.0510,319.5311,69.5414,1.000000,8,0.125
598,2,138.9616,343.1825,275.0909,54.5278,1.000000,8,1
598,3,425.0335,327.7173,671.3098,147.2535,1.000000,8,1
598,4,1354.3120,373.5648,150.5475,32.2250,1.000000,8,1
599,1,499.7208,329.1861,319.4674,69.5375,1.000000,8,0.25
599,2,138.5780,343.2180,275.0915,54.5271,1.000000,8,1
599,3,426.4772,328.1235,672.0375,147.3617,1.000000,8,1
599,4,1355.5460,373.7521,150.6825,32.2482,1.000000,8,1
600,1,499.1064,329.3307,319.4043,69.5339,1.000000,8,0.375
600,2,138.1950,343.2582,275.0916,54.5263,1.000000,8,1
600,3,427.9250,328.5335,672.7665,147.4700,1.000000,8,1
600,4,1356.7760,373.9460,150.8167,32.2718,1.000000,8,1
601,1,498.4901,329.4843,319.3414,69.5304,1.000000,8,0.3125
601,2,137.8122,343.3028,275.0913,54.5255,1.000000,8,1
601,3,429.3776,328.9405,673.4966,147.5783,1.000000,8,1
601,4,1358.0210,374.1297,150.9524,32.2947,1.000000,8,1
602,1,497.8717,329.6514,319.2778,69.5268,1.000000,8,0.3125
602,2,137.4300,343.3527,275.0905,54.5245,1.000000,8,1
602,3,430.8331,329.3563,674.2316,147.6876,1.000000,8,1
602,4,1359.2550,374.3282,151.0868,32.3186,1.000000,8,1
603,1,497.2509,329.8282,319.2138,69.5230,1.000000,8,0.3125
603,2,137.0480,343.4073,275.0897,54.5236,1.000000,8,1
603,3,432.2919,329.7737,674.9695,147.7971,1.000000,8,1
603,4,1360.4900,374.5291,151.2211,32.3426,1.000000,8,1
604,1,496.6278,330.0135,319.1496,69.5194,1.000000,8,0.375
604,2,136.6658,343.4656,275.0886,54.5226,1.000000,8,1
604,3,433.7557,330.1849,675.7079,147.9067,1.000000,8,1
604,4,1361.7400,374.7196,151.3564,32.3659,1.000000,8,1
605,1,496.0048,330.2136,319.0840,69.5154,1.000000,8,0.4375
605,2,136.2839,343.5294,275.0873,54.5216,1.000000,8,1
605,3,435.2211,330.6004,676.4490,148.0166,1.000000,8,1
605,4,1362.9760,374.9265,151.4912,32.3904,1.000000,8,1
606,1,495.3814,330.4258,319.0181,69.5113,1.000000,8,0.4375
606,2,135.9018,343.5977,275.0858,54.5205,1.000000,8,1
606,3,436.6896,331.0123,677.1910,148.1266,1.000000,8,1
606,4,1364.2150,375.1366,151.6252,32.4150,1.000000,8,1
607,1,494.7577,330.6478,318.9521,69.5072,1.000000,8,0.5625
607,2,135.5208,343.6704,275.0835,54.5192,1.000000,8,1
607,3,438.1622,331.4140,677.9337,148.2365,1.000000,8,1
607,4,1365.4670,375.3375,151.7611,32.4391,1.000000,8,1
608,1,494.1335,330.8831,318.8850,69.5029,1.000000,8,0.375
608,2,135.1405,343.7487,275.0809,54.5179,1.000000,8,1
608,3,439.6359,331.8154,678.6801,148.3470,1.000000,8,1
608,4,1366.7070,375.5544,151.8956,32.4643,1.000000,8,1
609,1,493.5092,331.1294,318.8174,69.4985,1.000000,8,0.625
609,2,134.7609,343.8316,275.0779,54.5164,1.000000,8,1
609,3,441.1117,332.2110,679.4287,148.4579,1.000000,8,1
609,4,1367.9490,375.7733,152.0303,32.4897,1.000000,8,1
610,1,492.8859,331.3852,318.7493,69.4939,1.000000,8,0.625
610,2,134.3819,343.9180,275.0742,54.5149,1.000000,8,1
610,3,442.5911,332.5948,680.1774,148.5687,1.000000,8,1
610,4,1369.2080,375.9806,152.1671,32.5142,1.000000,8,1
611,1,492.2626,331.6518,318.6804,69.4892,1.000000,8,0.1875
611,2,134.0039,344.0103,275.0699,54.5132,1.000000,8,1
611,3,444.0719,332.9754,680.9287,148.6798,1.000000,8,1
611,4,1370.4530,376.2033,152.3019,32.5399,1.000000,8,1
612,1,491.6398,331.9273,318.6116,69.4844,1.000000,8,0.3125
612,2,133.6263,344.1068,275.0653,54.5114,1.000000,8,1
612,3,445.5554,333.3490,681.6812,148.7910,1.000000,8,1
612,4,1371.6990,376.4279,152.4365,32.5656,1.000000,8,1
613,1,491.0176,332.2110,318.5431,69.4798,1.000000,8,0.6875
613,2,133.2484,344.2066,275.0604,54.5097,1.000000,8,1
613,3,447.0427,333.7107,682.4330,148.9019,1.000000,8,1
613,4,1372.9590,376.6405,152.5723,32.5904,1.000000,8,1
614,1,490.3955,332.5046,318.4749,69.4752,1.000000,8,0.3125
614,2,132.8717,344.3123,275.0550,54.5078,1.000000,8,1
614,3,448.5324,334.0667,683.1874,149.0132,1.000000,8,1
614,4,1374.2050,376.8669,152.7064,32.6160,1.000000,8,1
615,1,489.7739,332.8055,318.4069,69.4706,1.000000,8,0.375
615,2,132.4958,344.4220,275.0490,54.5057,1.000000,8,1
615,3,450.0263,334.4139,683.9428,149.1245,1.000000,8,1
615,4,1375.4510,377.0934,152.8406,32.6417,1.000000,8,1
616,1,489.1531,333.1123,318.3395,69.4662,1.000000,8,0.5
616,2,132.1210,344.5346,275.0423,54.5035,1.000000,8,1
616,3,451.5257,334.7486,684.6979,149.2354,1.000000,8,1
616,4,1376.7130,377.3061,152.9758,32.6664,1.000000,8,1
617,1,488.5321,333.4278,318.2735,69.4620,1.000000,8,0.75
617,2,131.7479,344.6528,275.0345,54.5011,1.000000,8,1
617,3,453.0289,335.0801,685.4548,149.3465,1.000000,8,1
617,4,1377.9600,377.5317,153.1091,32.6919,1.000000,8,1
618,1,487.9114,333.7493,318.2086,69.4581,1.000000,8,0.5625
618,2,131.3755,344.7747,275.0262,54.4986,1.000000,8,1
618,3,454.5370,335.4072,686.2091,149.4567,1.000000,8,1
618,4,1379.2070,377.7574,153.2430,32.7174,1.000000,8,1
619,1,487.2919,334.0748,318.1443,69.4544,1.000000,8,0.5625
619,2,131.0022,344.8993,275.0184,54.4961,1.000000,8,1
619,3,456.0506,335.7267,686.9578,149.5655,1.000000,8,1
619,4,1380.4710,377.9677,153.3787,32.7419,1.000000,8,1
620,1,486.6727,334.4066,318.0808,69.4507,1.000000,8,0.375
620,2,130.6303,345.0291,275.0097,54.4936,1.000000,8,1
620,3,457.5662,336.0452,687.7067,149.6742,1.000000,8,1
620,4,1381.7190,378.1900,153.5123,32.7671,1.000000,8,1
621,1,486.0541,334.7429,318.0182,69.4472,1.000000,8,0.5625
621,2,130.2594,345.1625,275.0006,54.4908,1.000000,8,1
621,3,459.0854,336.3593,688.4531,149.7822,1.000000,8,1
621,4,1382.9660,378.4112,153.6451,32.7922,1.000000,8,1
622,1,485.4358,335.0813,317.9566,69.4440,1.000000,8,0.4375
622,2,129.8904,345.2982,274.9905,54.4880,1.000000,8,1
622,3,460.6097,336.6646,689.1943,149.8887,1.000000,8,1
622,4,1384.2270,378.6172,153.7798,32.8162,1.000000,8,1
623,1,484.8181,335.4241,317.8954,69.4409,1.000000,8,0.3125
623,2,129.5223,345.4386,274.9801,54.4850,1.000000,8,1
623,3,462.1367,336.9683,689.9342,149.9948,1.000000,8,1
623,4,1385.4730,378.8350,153.9124,32.8409,1.000000,8,1
624,1,484.2013,335.7687,317.8343,69.4377,1.000000,8,0.5
624,2,129.1556,345.5818,274.9689,54.4819,1.000000,8,1
624,3,463.6680,337.2669,690.6702,150.0997,1.000000,8,1
624,4,1386.7200,379.0505,154.0452,32.8655,1.000000,8,1
625,1,483.5843,336.1121,317.7735,69.4346,1.000000,8,0.5
625,2,128.7903,345.7267,274.9572,54.4786,1.000000,8,1
625,3,465.2045,337.5561,691.4009,150.2033,1.000000,8,1
625,4,1387.9800,379.2500,154.1797,32.8890,1.000000,8,1
626,1,482.9669,336.4584,317.7130,69.4316,1.000000,8,0.3125
626,2,128.4256,345.8758,274.9451,54.4753,1.000000,8,1
626,3,466.7441,337.8423,692.1307,150.3065,1.000000,8,1
626,4,1389.2250,379.4613,154.3126,32.9133,1.000000,8,1
627,1,482.3503,336.8048,317.6514,69.4283,1.000000,8,0.5
627,2,128.0620,346.0271,274.9326,54.4719,1.000000,8,1
627,3,468.2876,338.1232,692.8585,150.4090,1.000000,8,1
627,4,1390.4730,379.6702,154.4464,32.9375,1.000000,8,1
628,1,481.7339,337.1485,317.5887,69.4249,1.000000,8,0.4375
628,2,127.7003,346.1792,274.9191,54.4683,1.000000,8,1
628,3,469.8360,338.3957,693.5831,150.5106,1.000000,8,1
628,4,1391.7350,379.8644,154.5814,32.9608,1.000000,8,1
629,1,481.1172,337.4938,317.5257,69.4213,1.000000,8,0.5
629,2,127.3394,346.3351,274.9058,54.4647,1.000000,8,1
629,3,471.3879,338.6657,694.3068,150.6118,1.000000,8,1
629,4,1392.9820,380.0706,154.7156,32.9849,1.000000,8,1
630,1,480.5007,337.8380,317.4614,69.4173,1.000000,8,0.4375
630,2,126.9796,346.4927,274.8920,54.4611,1.000000,8,1
630,3,472.9440,338.9311,695.0287,150.7124,1.000000,8,1
630,4,1394.2290,380.2754,154.8495,33.0089,1.000000,8,1
631,1,479.8846,338.1786,317.3952,69.4131,1.000000,8,0.6875
631,2,126.6211,346.6503,274.8779,54.4573,1.000000,8,1
631,3,474.5050,339.1891,695.7471,150.8120,1.000000,8,1
631,4,1395.4910,380.4654,154.9854,33.0320,1.000000,8,1
632,1,479.2685,338.5200,317.3277,69.4086,1.000000,8,0.5
632,2,126.2647,346.8107,274.8630,54.4534,1.000000,8,1
632,3,476.0704,339.4459,696.4623,150.9106,1.000000,8,1
632,4,1396.7390,380.6671,155.1194,33.0558,1.000000,8,1
633,1,478.6527,338.8596,317.2585,69.4036,1.000000,8,0.5
633,2,125.9094,346.9720,274.8477,54.4495,1.000000,8,1
633,3,477.6394,339.7004,697.1741,151.0084,1.000000,8,1
633,4,1397.9870,380.8681,155.2539,33.0795,1.000000,8,1
634,1,478.0371,339.1952,317.1878,69.3983,1.000000,8,0.5625
634,2,125.5547,347.1332,274.8325,54.4455,1.000000,8,1
634,3,479.2117,339.9515,697.8811,151.1048,1.000000,8,1
634,4,1399.2510,381.0547,155.3901,33.1024,1.000000,8,1
635,1,477.4221,339.5313,317.1146,69.3925,1.000000,8,0.3125
635,2,125.2011,347.2964,274.8170,54.4415,1.000000,8,1
635,3,480.7882,340.2016,698.5809,151.1995,1.000000,8,1
635,4,1400.5010,381.2529,155.5253,33.1260,1.000000,8,1
636,1,476.8077,339.8648,317.0391,69.3862,1.000000,8,0.5625
636,2,124.8485,347.4603,274.8012,54.4374,1.000000,8,1
636,3,482.3679,340.4492,699.2773,151.2933,1.000000,8,1
636,4,1401.7530,381.4499,155.6605,33.1497,1.000000,8,1
637,1,476.1945,340.1926,316.9614,69.3793,1.000000,8,0.6875
637,2,124.4971,347.6231,274.7851,54.4332,1.000000,8,1
637,3,483.9507,340.6925,699.9708,151.3863,1.000000,8,1
637,4,1403.0170,381.6328,155.7968,33.1722,1.000000,8,1
638,1,475.5829,340.5200,316.8815,69.3719,1.000000,8,0.4375
638,2,124.1464,347.7872,274.7686,54.4290,1.000000,8,1
638,3,485.5381,340.9358,700.6581,151.4776,1.000000,8,1
638,4,1404.2680,381.8261,155.9315,33.1954,1.000000,8,1
639,1,474.9733,340.8440,316.7996,69.3640,1.000000,8,0.5625
639,2,123.7967,347.9510,274.7519,54.4248,1.000000,8,1
639,3,487.1296,341.1775,701.3401,151.5677,1.000000,8,1
639,4,1405.5180,382.0177,156.0663,33.2185,1.000000,8,1
640,1,474.3665,341.1613,316.7150,69.3556,1.000000,8,0.375
640,2,123.4469,348.1133,274.7351,54.4205,1.000000,8,1
640,3,488.7239,341.4164,702.0192,151.6569,1.000000,8,1
640,4,1406.7830,382.1957,156.2020,33.2406,1.000000,8,1
641,1,473.7625,341.4760,316.6283,69.3466,1.000000,8,0.8125
641,2,123.0978,348.2765,274.7181,54.4161,1.000000,8,1
641,3,490.3223,341.6575,702.6934,151.7448,1.000000,8,1
641,4,1408.0330,382.3827,156.3365,33.2633,1.000000,8,1
642,1,473.1611,341.7863,316.5399,69.3372,1.000000,8,0.6875
642,2,122.7494,348.4392,274.7012,54.4118,1.000000,8,1
642,3,491.9244,341.8987,703.3627,151.8315,1.000000,8,1
642,4,1409.2840,382.5662,156.4707,33.2857,1.000000,8,1
643,1,472.5630,342.0893,316.4487,69.3272,1.000000,8,0.6875
643,2,122.4017,348.6000,274.6840,54.4075,1.000000,8,1
643,3,493.5297,342.1386,704.0272,151.9170,1.000000,8,1
643,4,1410.5460,382.7353,156.6060,33.3070,1.000000,8,1
644,1,471.9677,342.3874,316.3555,69.3166,1.000000,8,0.4375
644,2,122.0543,348.7613,274.6667,54.4031,1.000000,8,1
644,3,495.1380,342.3806,704.6890,152.0018,1.000000,8,1
644,4,1411.7930,382.9135,156.7391,33.3289,1.000000,8,1
645,1,471.3748,342.6784,316.2603,69.3055,1.000000,8,0.5
645,2,121.7070,348.9217,274.6496,54.3987,1.000000,8,1
645,3,496.7494,342.6237,705.3463,152.0853,1.000000,8,1
645,4,1413.0380,383.0874,156.8724,33.3503,1.000000,8,1
646,1,470.7841,342.9592,316.1636,69.2941,1.000000,8,0.4375
646,2,121.3602,349.0799,274.6324,54.3944,1.000000,8,1
646,3,498.3638,342.8674,705.9979,152.1675,1.000000,8,1
646,4,1414.2950,383.2447,157.0059,33.3704,1.000000,8,1
647,1,470.1968,343.2338,316.0647,69.2821,1.000000,8,0.5
647,2,121.0142,349.2383,274.6154,54.3901,1.000000,8,1
647,3,499.9796,343.1168,706.6484,152.2493,1.000000,8,1
647,4,1415.5340,383.4092,157.1370,33.3909,1.000000,8,1
648,1,469.6115,343.4998,315.9650,69.2699,1.000000,8,0.375
648,2,120.6689,349.3956,274.5981,54.3857,1.000000,8,1
648,3,501.5959,343.3701,707.2974,152.3308,1.000000,8,1
648,4,1416.7760,383.5644,157.2683,33.4106,1.000000,8,1
649,1,469.0278,343.7542,315.8643,69.2576,1.000000,8,0.5625
649,2,120.3244,349.5508,274.5810,54.3814,1.000000,8,1
649,3,503.2123,343.6252,707.9436,152.4115,1.000000,8,1
649,4,1418.0270,383.7060,157.4004,33.4294,1.000000,8,1
650,1,468.4473,344.0012,315.7616,69.2447,1.000000,8,0.375
650,2,119.9808,349.7058,274.5639,54.3770,1.000000,8,1
650,3,504.8286,343.8840,708.5873,152.4916,1.000000,8,1
650,4,1419.2600,383.8570,157.5300,33.4486,1.000000,8,1
651,1,467.8688,344.2386,315.6576,69.2315,1.000000,8,0.5
651,2,119.6376,349.8596,274.5470,54.3726,1.000000,8,1
651,3,506.4459,344.1431,709.2274,152.5710,1.000000,8,1
651,4,1420.4940,384.0022,157.6597,33.4674,1.000000,8,1
652,1,467.2909,344.4644,315.5533,69.2181,1.000000,8,0.625
652,2,119.2947,350.0107,274.5303,54.3684,1.000000,8,1
652,3,508.0647,344.4003,709.8628,152.6492,1.000000,8,1
652,4,1421.7390,384.1342,157.7898,33.4851,1.000000,8,1
653,1,466.7148,344.6815,315.4482,69.2045,1.000000,8,0.4375
653,2,118.9534,350.1615,274.5135,54.3642,1.000000,8,1
653,3,509.6859,344.6588,710.4955,152.7266,1.000000,8,1
653,4,1422.9660,384.2772,157.9181,33.5034,1.000000,8,1
654,1,466.1407,344.8891,315.3419,69.1907,1.000000,8,0.5625
654,2,118.6127,350.3111,274.4968,54.3600,1.000000,8,1
654,3,511.3092,344.9179,711.1250,152.8032,1.000000,8,1
654,4,1424.1940,384.4155,158.0457,33.5213,1.000000,8,1
655,1,465.5677,345.0857,315.2353,69.1768,1.000000,8,0.625
655,2,118.2718,350.4582,274.4808,54.3559,1.000000,8,1
655,3,512.9351,345.1763,711.7501,152.8787,1.000000,8,1
655,4,1425.4280,384.5427,158.1726,33.5382,1.000000,8,1
656,1,464.9963,345.2742,315.1281,69.1628,1.000000,8,0.375
656,2,117.9327,350.6045,274.4647,54.3518,1.000000,8,1
656,3,514.5645,345.4379,712.3708,152.9531,1.000000,8,1
656,4,1426.6450,384.6818,158.2976,33.5558,1.000000,8,1
657,1,464.4255,345.4539,315.0209,69.1487,1.000000,8,0.6875
657,2,117.5952,350.7494,274.4484,54.3476,1.000000,8,1
657,3,516.1971,345.6996,712.9857,153.0260,1.000000,8,1
657,4,1427.8630,384.8177,158.4220,33.5729,1.000000,8,1
658,1,463.8545,345.6227,314.9143,69.1347,1.000000,8,0.6875
658,2,117.2580,350.8920,274.4324,54.3435,1.000000,8,1
658,3,517.8326,345.9578,713.5942,153.0975,1.000000,8,1
658,4,1429.0850,384.9437,158.5454,33.5891,1.000000,8,1
659,1,463.2838,345.7836,314.8078,69.1208,1.000000,8,0.5
659,2,116.9215,351.0338,274.4169,54.3395,1.000000,8,1
659,3,519.4724,346.2194,714.1954,153.1671,1.000000,8,1
659,4,1430.2910,385.0804,158.6663,33.6056,1.000000,8,1
660,1,462.7128,345.9366,314.7024,69.1071,1.000000,8,0.625
660,2,116.5862,351.1741,274.4013,54.3355,1.000000,8,1
660,3,521.1165,346.4799,714.7870,153.2345,1.000000,8,1
660,4,1431.4960,385.2135,158.7856,33.6218,1.000000,8,1
661,1,462.1414,346.0801,314.5977,69.0935,1.000000,8,0.375
661,2,116.2528,351.3123,274.3853,54.3314,1.000000,8,1
661,3,522.7637,346.7344,715.3710,153.3001,1.000000,8,1
661,4,1432.7050,385.3370,158.9042,33.6369,1.000000,8,1
662,1,461.5695,346.2152,314.4937,69.0801,1.000000,8,0.5625
662,2,115.9204,351.4492,274.3696,54.3274,1.000000,8,1
662,3,524.4147,346.9897,715.9483,153.3641,1.000000,8,1
662,4,1433.8970,385.4713,159.0194,33.6525,1.000000,8,1
663,1,460.9973,346.3423,314.3902,69.0669,1.000000,8,0.625
663,2,115.5885,351.5848,274.3542,54.3235,1.000000,8,1
663,3,526.0685,347.2425,716.5183,153.4263,1.000000,8,1
663,4,1435.0900,385.5994,159.1342,33.6673,1.000000,8,1
664,1,460.4241,346.4612,314.2877,69.0539,1.000000,8,0.625
664,2,115.2571,351.7186,274.3387,54.3195,1.000000,8,1
664,3,527.7241,347.4889,717.0796,153.4866,1.000000,8,1
664,4,1436.2880,385.7195,159.2477,33.6813,1.000000,8,1
665,1,459.8495,346.5721,314.1867,69.0411,1.000000,8,0.5625
665,2,114.9274,351.8513,274.3231,54.3155,1.000000,8,1
665,3,529.3813,347.7347,717.6322,153.5449,1.000000,8,1
665,4,1437.4680,385.8475,159.3588,33.6957,1.000000,8,1
666,1,459.2735,346.6756,314.0872,69.0288,1.000000,8,0.5
666,2,114.5993,351.9827,274.3070,54.3114,1.000000,8,1
666,3,531.0413,347.9739,718.1773,153.6015,1.000000,8,1
666,4,1438.6530,385.9676,159.4688,33.7092,1.000000,8,1
667,1,458.6960,346.7715,313.9890,69.0168,1.000000,8,0.4375
667,2,114.2720,352.1124,274.2908,54.3073,1.000000,8,1
667,3,532.7048,348.1986,718.7156,153.6564,1.000000,8,1
667,4,1439.8430,386.0784,159.5789,33.7219,1.000000,8,1
668,1,458.1161,346.8594,313.8932,69.0053,1.000000,8,0.625
668,2,113.9454,352.2411,274.2746,54.3032,1.000000,8,1
668,3,534.3719,348.4166,719.2496,153.7103,1.000000,8,1
668,4,1441.0220,386.1931,159.6877,33.7347,1.000000,8,1
669,1,457.5344,346.9403,313.7988,68.9942,1.000000,8,0.625
669,2,113.6197,352.3690,274.2580,54.2990,1.000000,8,1
669,3,536.0419,348.6255,719.7804,153.7633,1.000000,8,1
669,4,1442.2060,386.3007,159.7968,33.7470,1.000000,8,1
670,1,456.9516,347.0138,313.7055,68.9833,1.000000,8,0.625
670,2,113.2958,352.4957,274.2405,54.2947,1.000000,8,1
670,3,537.7142,348.8217,720.3080,153.8155,1.000000,8,1
670,4,1443.3950,386.3979,159.9059,33.7584,1.000000,8,1
671,1,456.3671,347.0802,313.6136,68.9728,1.000000,8,0.5
671,2,112.9737,352.6223,274.2227,54.2902,1.000000,8,1
671,3,539.3893,349.0117,720.8328,153.8669,1.000000,8,1
671,4,1444.5800,386.4948,160.0154,33.7700,1.000000,8,1
672,1,455.7816,347.1396,313.5229,68.9625,1.000000,8,0.375
672,2,112.6534,352.7485,274.2039,54.2856,1.000000,8,1
672,3,541.0666,349.1923,721.3554,153.9178,1.000000,8,1
672,4,1445.7700,386.5849,160.1260,33.7812,1.000000,8,1
673,1,455.1953,347.1914,313.4331,68.9524,1.000000,8,0.75
673,2,112.3347,352.8737,274.1844,54.2808,1.000000,8,1
673,3,542.7454,349.3607,721.8769,153.9684,1.000000,8,1
673,4,1446.9650,386.6651,160.2371,33.7917,1.000000,8,1
674,1,454.6069,347.2359,313.3453,68.9428,1.000000,8,0.5625
674,2,112.0177,352.9998,274.1640,54.2758,1.000000,8,1
674,3,544.4260,349.5233,722.3961,154.0184,1.000000,8,1
674,4,1448.1590,386.7410,160.3490,33.8020,1.000000,8,1
675,1,454.0176,347.2744,313.2584,68.9334,1.000000,8,0.5
675,2,111.7016,353.1259,274.1429,54.2706,1.000000,8,1
675,3,546.1081,349.6776,722.9131,154.0677,1.000000,8,1
675,4,1449.3570,386.8099,160.4615,33.8119,1.000000,8,1
676,1,453.4277,347.3080,313.1720,68.9242,1.000000,8,0.6875
676,2,111.3870,353.2512,274.1209,54.2653,1.000000,8,1
676,3,547.7917,349.8203,723.4277,154.1165,1.000000,8,1
676,4,1450.5600,386.8708,160.5758,33.8214,1.000000,8,1
677,1,452.8356,347.3349,313.0866,68.9152,1.000000,8,0.8125
677,2,111.0746,353.3778,274.0976,54.2597,1.000000,8,1
677,3,549.4769,349.9573,723.9406,154.1649,1.000000,8,1
677,4,1451.7650,386.9243,160.6904,33.8305,1.000000,8,1
678,1,452.2426,347.3570,313.0015,68.9063,1.000000,8,0.6875
678,2,110.7643,353.5049,274.0729,54.2539,1.000000,8,1
678,3,551.1636,350.0862,724.4517,154.2127,1.000000,8,1
678,4,1452.9720,386.9719,160.8068,33.8394,1.000000,8,1
679,1,451.6497,347.3745,312.9161,68.8973,1.000000,8,0.75
679,2,110.4552,353.6317,274.0476,54.2478,1.000000,8,1
679,3,552.8518,350.2034,724.9606,154.2600,1.000000,8,1
679,4,1454.1840,387.0128,160.9244,33.8480,1.000000,8,1
680,1,451.0551,347.3872,312.8309,68.8882,1.000000,8,0.8125
680,2,110.1479,353.7596,274.0209,54.2415,1.000000,8,1
680,3,554.5422,350.3137,725.4664,154.3065,1.000000,8,1
680,4,1455.4010,387.0432,161.0428,33.8559,1.000000,8,1
681,1,450.4601,347.3962,312.7452,68.8793,1.000000,8,0.75
681,2,109.8421,353.8879,273.9930,54.2350,1.000000,8,1
681,3,556.2351,350.4144,725.9701,154.3525,1.000000,8,1
681,4,1456.6180,387.0693,161.1621,33.8636,1.000000,8,1
682,1,449.8643,347.4015,312.6594,68.8703,1.000000,8,0.625
682,2,109.5381,354.0161,273.9639,54.2282,1.000000,8,1
682,3,557.9315,350.5026,726.4734,154.3982,1.000000,8,1
682,4,1457.8360,387.0909,161.2817,33.8711,1.000000,8,1
683,1,449.2673,347.4031,312.5729,68.8610,1.000000,8,0.6875
683,2,109.2356,354.1454,273.9336,54.2212,1.000000,8,1
683,3,559.6326,350.5852,726.9724,154.4427,1.000000,8,1
683,4,1459.0610,387.1014,161.4030,33.8779,1.000000,8,1
684,1,448.6700,347.4026,312.4854,68.8517,1.000000,8,0.5625
684,2,108.9342,354.2753,273.9026,54.2139,1.000000,8,1
684,3,561.3376,350.6596,727.4684,154.4865,1.000000,8,1
684,4,1460.2850,387.1106,161.5243,33.8847,1.000000,8,1
685,1,448.0727,347.4008,312.3973,68.8421,1.000000,8,0.625
685,2,108.6348,354.4045,273.8704,54.2065,1.000000,8,1
685,3,563.0466,350.7222,727.9623,154.5297,1.000000,8,1
685,4,1461.5060,387.1194,161.6456,33.8915,1.000000,8,1
686,1,447.4738,347.3966,312.3083,68.8324,1.000000,8,0.5625
686,2,108.3371,354.5349,273.8369,54.1987,1.000000,8,1
686,3,564.7591,350.7777,728.4536,154.5720,1.000000,8,1
686,4,1462.7350,387.1168,161.7684,33.8975,1.000000,8,1
687,1,446.8745,347.3906,312.2180,68.8223,1.000000,8,0.8125
687,2,108.0411,354.6653,273.8026,54.1909,1.000000,8,1
687,3,566.4749,350.8235,728.9424,154.6138,1.000000,8,1
687,4,1463.9590,387.1140,161.8906,33.9036,1.000000,8,1
688,1,446.2761,347.3828,312.1259,68.8120,1.000000,8,0.6875
688,2,107.7480,354.7942,273.7667,54.1827,1.000000,8,1
688,3,568.1940,350.8571,729.4286,154.6549,1.000000,8,1
688,4,1465.1770,387.1119,162.0121,33.9095,1.000000,8,1
689,1,445.6765,347.3733,312.0328,68.8014,1.000000,8,0.75
689,2,107.4561,354.9242,273.7302,54.1742,1.000000,8,1
689,3,569.9162,350.8813,729.9114,154.6951,1.000000,8,1
689,4,1466.4050,387.0956,162.1342,33.9145,1.000000,8,1
690,1,445.0775,347.3625,311.9382,68.7904,1.000000,8,0.625
690,2,107.1659,355.0544,273.6926,54.1657,1.000000,8,1
690,3,571.6409,350.8945,730.3939,154.7350,1.000000,8,1
690,4,1467.6280,387.0785,162.2562,33.9194,1.000000,8,1
691,1,444.4797,347.3514,311.8421,68.7791,1.000000,8,0.9375
691,2,106.8769,355.1835,273.6549,54.1571,1.000000,8,1
691,3,573.3677,350.8943,730.8781,154.7752,1.000000,8,1
691,4,1468.8460,387.0629,162.3782,33.9244,1.000000,8,1
692,1,443.8821,347.3400,311.7450,68.7676,1.000000,8,0.8125
692,2,106.5893,355.3134,273.6163,54.1483,1.000000,8,1
692,3,575.0966,350.8838,731.3599,154.8149,1.000000,8,1
692,4,1470.0760,387.0330,162.5018,33.9285,1.000000,8,1
693,1,443.2856,347.3277,311.6466,68.7557,1.000000,8,0.5
693,2,106.3034,355.4430,273.5771,54.1394,1.000000,8,1
693,3,576.8270,350.8627,731.8422,154.8545,1.000000,8,1
693,4,1471.3030,387.0031,162.6250,33.9327,1.000000,8,1
694,1,442.6904,347.3145,311.5470,68.7436,1.000000,8,0.6875
694,2,106.0181,355.5714,273.5377,54.1304,1.000000,8,1
694,3,578.5590,350.8293,732.3262,154.8944,1.000000,8,1
694,4,1472.5280,386.9750,162.7493,33.9371,1.000000,8,1
695,1,442.0950,347.3005,311.4457,68.7311,1.000000,8,0.8125
695,2,105.7349,355.7007,273.4973,54.1213,1.000000,8,1
695,3,580.2921,350.7838,732.8116,154.9346,1.000000,8,1
695,4,1473.7690,386.9321,162.8765,33.9408,1.000000,8,1
696,1,441.5001,347.2858,311.3434,68.7183,1.000000,8,0.6875
696,2,105.4526,355.8297,273.4570,54.1121,1.000000,8,1
696,3,582.0261,350.7276,733.2993,154.9751,1.000000,8,1
696,4,1475.0070,386.8914,163.0038,33.9448,1.000000,8,1
697,1,440.9058,347.2706,311.2413,68.7055,1.000000,8,0.6875
697,2,105.1710,355.9578,273.4162,54.1029,1.000000,8,1
697,3,583.7617,350.6608,733.7908,155.0164,1.000000,8,1
697,4,1476.2420,386.8545,163.1323,33.9493,1.000000,8,1
698,1,440.3121,347.2550,311.1370,68.6924,1.000000,8,0.8125
698,2,104.8903,356.0867,273.3752,54.0935,1.000000,8,1
698,3,585.4995,350.5799,734.2871,155.0586,1.000000,8,1
698,4,1477.4950,386.8016,163.2634,33.9528,1.000000,8,1
699,1,439.7191,347.2396,311.0320,68.6790,1.000000,8,0.875
699,2,104.6105,356.2160,273.3335,54.0841,1.000000,8,1
699,3,587.2388,350.4890,734.7885,155.1017,1.000000,8,1
699,4,1478.7450,386.7523,163.3950,33.9568,1.000000,8,1
700,1,439.1276,347.2243,310.9260,68.6654,1.000000,8,0.75
700,2,104.3313,356.3454,273.2912,54.0746,1.000000,8,1
700,3,588.9787,350.3925,735.2939,155.1457,1.000000,8,1
700,4,1479.9930,386.7087,163.5276,33.9614,1.000000,8,1
701,1,438.5358,347.2091,310.8192,68.6515,1.000000,8,0.8125
701,2,104.0522,356.4751,273.2484,54.0649,1.000000,8,1
701,3,590.7177,350.2894,735.8033,155.1905,1.000000,8,1
701,4,1481.2600,386.6509,163.6636,33.9653,1.000000,8,1
702,1,437.9448,347.1948,310.7115,68.6376,1.000000,8,0.8125
702,2,103.7734,356.6046,273.2050,54.0552,1.000000,8,1
702,3,592.4566,350.1802,736.3166,155.2360,1.000000,8,1
702,4,1482.5230,386.5969,163.8000,33.9697,1.000000,8,1
703,1,437.3563,347.1816,310.6020,68.6231,1.000000,8,0.875
703,2,103.4957,356.7333,273.1606,54.0451,1.000000,8,1
703,3,594.1959,350.0662,736.8324,155.2821,1.000000,8,1
703,4,1483.7840,386.5483,163.9374,33.9747,1.000000,8,1
704,1,436.7683,347.1695,310.4913,68.6084,1.000000,8,0.875
704,2,103.2200,356.8638,273.1151,54.0349,1.000000,8,1
704,3,595.9348,349.9475,737.3511,155.3287,1.000000,8,1
704,4,1485.0630,386.4857,164.0780,33.9789,1.000000,8,1
705,1,436.1819,347.1591,310.3802,68.5935,1.000000,8,0.75
705,2,102.9460,356.9945,273.0691,54.0246,1.000000,8,1
705,3,597.6737,349.8266,737.8718,155.3758,1.000000,8,1
705,4,1486.3370,386.4286,164.2185,33.9838,1.000000,8,1
706,1,435.5984,347.1508,310.2680,68.5783,1.000000,8,0.5625
706,2,102.6743,357.1242,273.0220,54.0140,1.000000,8,1
706,3,599.4138,349.7047,738.3912,155.4224,1.000000,8,1
706,4,1487.6040,386.3785,164.3590,33.9891,1.000000,8,1
707,1,435.0162,347.1442,310.1544,68.5628,1.000000,8,0.8125
707,2,102.4065,357.2550,272.9734,54.0031,1.000000,8,1
707,3,601.1539,349.5785,738.9093,155.4687,1.000000,8,1
707,4,1488.8880,386.3158,164.5020,33.9937,1.000000,8,1
708,1,434.4357,347.1395,310.0399,68.5471,1.000000,8,0.8125
708,2,102.1413,357.3852,272.9238,53.9921,1.000000,8,1
708,3,602.8950,349.4501,739.4263,155.5148,1.000000,8,1
708,4,1490.1680,386.2586,164.6445,33.9988,1.000000,8,1
709,1,433.8582,347.1373,309.9240,68.5310,1.000000,8,0.9375
709,2,101.8785,357.5141,272.8730,53.9808,1.000000,8,1
709,3,604.6374,349.3221,739.9427,155.5607,1.000000,8,1
709,4,1491.4420,386.2095,164.7869,34.0046,1.000000,8,1
710,1,433.2835,347.1387,309.8063,68.5145,1.000000,8,0.8125
710,2,101.6183,357.6430,272.8215,53.9693,1.000000,8,1
710,3,606.3811,349.1924,740.4539,155.6054,1.000000,8,1
710,4,1492.7290,386.1510,164.9308,34.0096,1.000000,8,1
711,1,432.7120,347.1427,309.6872,68.4976,1.000000,8,0.875
711,2,101.3607,357.7705,272.7690,53.9576,1.000000,8,1
711,3,608.1265,349.0617,740.9594,155.6487,1.000000,8,1
711,4,1494.0080,386.0983,165.0729,34.0149,1.000000,8,1
712,1,432.1441,347.1496,309.5668,68.4803,1.000000,8,0.4375
712,2,101.1056,357.8961,272.7152,53.9457,1.000000,8,1
712,3,609.8740,348.9315,741.4579,155.6905,1.000000,8,1
712,4,1495.2790,386.0539,165.2140,34.0206,1.000000,8,1
713,1,431.5795,347.1614,309.4449,68.4627,1.000000,8,1
713,2,100.8535,358.0209,272.6604,53.9336,1.000000,8,1
713,3,611.6232,348.7990,741.9498,155.7308,1.000000,8,1
713,4,1496.5580,386.0040,165.3551,34.0259,1.000000,8,1
714,1,431.0182,347.1769,309.3217,68.4447,1.000000,8,0.875
714,2,100.6040,358.1436,272.6047,53.9212,1.000000,8,1
714,3,613.3745,348.6649,742.4338,155.7693,1.000000,8,1
714,4,1497.8300,385.9605,165.4946,34.0314,1.000000,8,1
715,1,430.4600,347.1951,309.1975,68.4264,1.000000,8,1
715,2,100.3568,358.2626,272.5482,53.9086,1.000000,8,1
715,3,615.1279,348.5313,742.9105,155.8063,1.000000,8,1
715,4,1499.0930,385.9241,165.6323,34.0372,1.000000,8,1
716,1,429.9044,347.2185,309.0712,68.4077,1.000000,8,0.9375
716,2,100.1106,358.3797,272.4912,53.8960,1.000000,8,1
716,3,616.8831,348.3955,743.3784,155.8412,1.000000,8,1
716,4,1500.3620,385.8812,165.7697,34.0423,1.000000,8,1
717,1,429.3512,347.2459,308.9443,68.3886,1.000000,8,0.75
717,2,99.8658,358.4942,272.4336,53.8833,1.000000,8,1
717,3,618.6393,348.2590,743.8383,155.8745,1.000000,8,1
717,4,1501.6180,385.8463,165.9036,34.0476,1.000000,8,1
718,1,428.8015,347.2772,308.8153,68.3692,1.000000,8,0.8125
718,2,99.6231,358.6041,272.3752,53.8704,1.000000,8,1
718,3,620.3958,348.1231,744.2883,155.9056,1.000000,8,1
718,4,1502.8610,385.8191,166.0353,34.0531,1.000000,8,1
719,1,428.2546,347.3147,308.6857,68.3495,1.000000,8,0.6875
719,2,99.3819,358.7112,272.3163,53.8574,1.000000,8,1
719,3,622.1522,347.9837,744.7297,155.9349,1.000000,8,1
719,4,1504.1120,385.7836,166.1658,34.0576,1.000000,8,1
720,1,427.7102,347.3566,308.5548,68.3295,1.000000,8,0.875
720,2,99.1419,358.8147,272.2567,53.8443,1.000000,8,1
720,3,623.9084,347.8432,745.1626,155.9624,1.000000,8,1
720,4,1505.3510,385.7529,166.2931,34.0621,1.000000,8,1
721,1,427.1689,347.4018,308.4224,68.3091,1.000000,8,0.9375
721,2,98.9014,358.9134,272.1974,53.8312,1.000000,8,1
721,3,625.6649,347.7031,745.5856,155.9877,1.000000,8,1
721,4,1506.5750,385.7289,166.4177,34.0667,1.000000,8,1
722,1,426.6304,347.4533,308.2891,68.2885,1.000000,8,0.8125
722,2,98.6607,359.0080,272.1380,53.8181,1.000000,8,1
722,3,627.4205,347.5595,746.0013,156.0117,1.000000,8,1
722,4,1507.8070,385.6973,166.5410,34.0703,1.000000,8,1
723,1,426.0945,347.5092,308.1555,68.2677,1.000000,8,0.875
723,2,98.4195,359.0986,272.0788,53.8051,1.000000,8,1
723,3,629.1755,347.4151,746.4099,156.0340,1.000000,8,1
723,4,1509.0260,385.6732,166.6619,34.0742,1.000000,8,1
724,1,425.5613,347.5680,308.0212,68.2467,1.000000,8,0.8125
724,2,98.1781,359.1843,272.0200,53.7920,1.000000,8,1
724,3,630.9301,347.2724,746.8106,156.0548,1.000000,8,1
724,4,1510.2340,385.6562,166.7802,34.0783,1.000000,8,1
725,1,425.0314,347.6328,307.8861,68.2255,1.000000,8,0.8125
725,2,97.9355,359.2654,271.9613,53.7791,1.000000,8,1
725,3,632.6835,347.1281,747.2079,156.0748,1.000000,8,1
725,4,1511.4520,385.6288,166.8977,34.0812,1.000000,8,1
726,1,424.5044,347.7013,307.7501,68.2041,1.000000,8,1
726,2,97.6918,359.3413,271.9029,53.7662,1.000000,8,1
726,3,634.4360,346.9851,747.6004,156.0939,1.000000,8,1
726,4,1512.6580,385.6087,167.0129,34.0845,1.000000,8,1
727,1,423.9799,347.7720,307.6137,68.1824,1.000000,8,0.9375
727,2,97.4461,359.4116,271.8455,53.7535,1.000000,8,1
727,3,636.1880,346.8448,747.9878,156.1119,1.000000,8,1
727,4,1513.8520,385.5969,167.1260,34.0880,1.000000,8,1
728,1,423.4586,347.8478,307.4770,68.1608,1.000000,8,0.6875
728,2,97.1993,359.4768,271.7882,53.7409,1.000000,8,1
728,3,637.9391,346.7040,748.3734,156.1295,1.000000,8,1
728,4,1515.0560,385.5759,167.2385,34.0907,1.000000,8,1
729,1,422.9398,347.9263,307.3399,68.1389,1.000000,8,0.8125
729,2,96.9505,359.5362,271.7319,53.7284,1.000000,8,1
729,3,639.6894,346.5664,748.7571,156.1469,1.000000,8,1
729,4,1516.2500,385.5612,167.3489,34.0935,1.000000,8,1
730,1,422.4226,348.0049,307.2024,68.1169,1.000000,8,0.625
730,2,96.6994,359.5894,271.6768,53.7162,1.000000,8,1
730,3,641.4385,346.4350,749.1395,156.1639,1.000000,8,1
730,4,1517.4340,385.5544,167.4575,34.0968,1.000000,8,1
731,1,421.9092,348.0870,307.0875,68.0948,1.000000,8,1
731,2,96.4464,359.6368,271.6227,53.7042,1.000000,8,1
731,3,643.1860,346.3064,749.5215,156.1809,1.000000,8,1
731,4,1518.6300,385.5366,167.5665,34.0991,1.000000,8,1
732,1,421.3980,348.1710,307.0004,68.0725,1.000000,8,1
732,2,96.1916,359.6782,271.5694,53.6924,1.000000,8,1
732,3,644.9316,346.1830,749.9033,156.1979,1.000000,8,1
732,4,1519.8170,385.5244,167.6743,34.1016,1.000000,8,1
733,1,420.8881,348.2545,306.9135,68.0503,1.000000,8,0.875
733,2,95.9337,359.7130,271.5179,53.6810,1.000000,8,1
733,3,646.6757,346.0667,750.2838,156.2147,1.000000,8,1
733,4,1520.9960,385.5195,167.7803,34.1045,1.000000,8,1
734,1,420.3816,348.3391,306.8254,68.0277,1.000000,8,0.875
734,2,95.6723,359.7406,271.4679,53.6698,1.000000,8,1
734,3,648.4174,345.9524,750.6680,156.2322,1.000000,8,1
734,4,1522.1890,385.5028,167.8877,34.1066,1.000000,8,1
735,1,419.8771,348.4232,306.7365,68.0050,1.000000,8,1
735,2,95.4076,359.7616,271.4190,53.6589,1.000000,8,1
735,3,650.1578,345.8420,751.0543,156.2504,1.000000,8,1
735,4,1523.3740,385.4922,167.9941,34.1089,1.000000,8,1
736,1,419.3737,348.5052,306.6473,67.9822,1.000000,8,0.9375
736,2,95.1399,359.7747,271.3717,53.6483,1.000000,8,1
736,3,651.8973,345.7394,751.4427,156.2689,1.000000,8,1
736,4,1524.5530,385.4885,168.0994,34.1118,1.000000,8,1
737,1,418.8733,348.5877,306.5571,67.9592,1.000000,8,0.8125
737,2,94.8688,359.7791,271.3260,53.6380,1.000000,8,1
737,3,653.6355,345.6400,751.8363,156.2885,1.000000,8,1
737,4,1525.7470,385.4720,168.2061,34.1137,1.000000,8,1
738,1,418.3747,348.6694,306.4661,67.9360,1.000000,8,0.9375
738,2,94.5948,359.7763,271.2816,53.6281,1.000000,8,1
738,3,655.3728,345.5456,752.2344,156.3091,1.000000,8,1
738,4,1526.9360,385.4610,168.3125,34.1161,1.000000,8,1
739,1,417.8769,348.7475,306.3749,67.9128,1.000000,8,0.9375
739,2,94.3186,359.7661,271.2383,53.6183,1.000000,8,1
739,3,657.1094,345.4591,752.6370,156.3307,1.000000,8,1
739,4,1528.1200,385.4566,168.4189,34.1190,1.000000,8,1
740,1,417.3805,348.8232,306.2828,67.8893,1.000000,8,0.875
740,2,94.0388,359.7462,271.1965,53.6089,1.000000,8,1
740,3,658.8452,345.3786,753.0451,156.3534,1.000000,8,1
740,4,1529.3210,385.4390,168.5269,34.1210,1.000000,8,1
741,1,416.8844,348.8958,306.1906,67.8658,1.000000,8,0.9375
741,2,93.7560,359.7181,271.1561,53.5997,1.000000,8,1
741,3,660.5805,345.3054,753.4582,156.3771,1.000000,8,1
741,4,1530.5140,385.4274,168.6340,34.1234,1.000000,8,1
742,1,416.3885,348.9635,306.0977,67.8422,1.000000,8,0.9375
742,2,93.4704,359.6824,271.1172,53.5909,1.000000,8,1
742,3,662.3154,345.2406,753.8753,156.4017,1.000000,8,1
742,4,1531.7010,385.4218,168.7412,34.1263,1.000000,8,1
743,1,415.8932,349.0274,306.0046,67.8185,1.000000,8,1
743,2,93.1825,359.6377,271.0795,53.5823,1.000000,8,1
743,3,664.0497,345.1836,754.2972,156.4272,1.000000,8,1
743,4,1532.9030,385.4027,168.8491,34.1281,1.000000,8,1
744,1,415.3982,349.0873,305.9111,67.7947,1.000000,8,0.9375
744,2,92.8925,359.5851,271.0428,53.5740,1.000000,8,1
744,3,665.7837,345.1350,754.7223,156.4534,1.000000,8,1
744,4,1534.0970,385.3878,168.9569,34.1303,1.000000,8,1
745,1,414.9028,349.1428,305.8177,67.7709,1.000000,8,0.9375
745,2,92.5997,359.5247,271.0078,53.5660,1.000000,8,1
745,3,667.5170,345.0957,755.1524,156.4807,1.000000,8,1
745,4,1535.2860,385.3784,169.0641,34.1330,1.000000,8,1
746,1,414.4070,349.1932,305.7239,67.7471,1.000000,8,0.875
746,2,92.3053,359.4557,270.9737,53.5581,1.000000,8,1
746,3,669.2499,345.0659,755.5851,156.5085,1.000000,8,1
746,4,1536.4870,385.3563,169.1727,34.1346,1.000000,8,1
747,1,413.9102,349.2390,305.6305,67.7233,1.000000,8,1
747,2,92.0087,359.3793,270.9409,53.5505,1.000000,8,1
747,3,670.9820,345.0456,756.0201,156.5368,1.000000,8,1
747,4,1537.6810,385.3376,169.2810,34.1366,1.000000,8,1
748,1,413.4122,349.2798,305.5374,67.6996,1.000000,8,1
748,2,91.7104,359.2962,270.9092,53.5432,1.000000,8,1
748,3,672.7126,345.0358,756.4590,156.5659,1.000000,8,1
748,4,1538.8690,385.3235,169.3881,34.1389,1.000000,8,1
749,1,412.9134,349.3142,305.4448,67.6761,1.000000,8,1
749,2,91.4116,359.2052,270.8781,53.5361,1.000000,8,1
749,3,674.4413,345.0361,756.8988,156.5952,1.000000,8,1
749,4,1540.0660,385.2977,169.4966,34.1404,1.000000,8,1
750,1,412.4134,349.3428,305.3525,67.6526,1.000000,8,0.9375
750,2,91.1115,359.1082,270.8479,53.5291,1.000000,8,1
750,3,676.1685,345.0447,757.3400,156.6249,1.000000,8,1
750,4,1541.2590,385.2739,169.6044,34.1419,1.000000,8,1
751,1,411.9115,349.3666,305.2613,67.6293,1.000000,8,0.9375
751,2,90.8095,359.0062,270.8190,53.5223,1.000000,8,1
751,3,677.8946,345.0615,757.7842,156.6552,1.000000,8,1
751,4,1542.4450,385.2535,169.7122,34.1438,1.000000,8,1
752,1,411.4070,349.3837,305.1711,67.6064,1.000000,8,1
752,2,90.5077,358.8976,270.7903,53.5156,1.000000,8,1
752,3,679.6202,345.0849,758.2283,156.6854,1.000000,8,1
752,4,1543.6400,385.2229,169.8208,34.1449,1.000000,8,1
753,1,410.9006,349.3943,305.0820,67.5836,1.000000,8,1
753,2,90.2055,358.7841,270.7621,53.5090,1.000000,8,1
753,3,681.3458,345.1145,758.6744,156.7161,1.000000,8,1
753,4,1544.8300,385.1937,169.9291,34.1462,1.000000,8,1
754,1,410.3919,349.3989,304.9940,67.5611,1.000000,8,1
754,2,89.9027,358.6677,270.7348,53.5026,1.000000,8,1
754,3,683.0710,345.1503,759.1250,156.7477,1.000000,8,1
754,4,1546.0170,385.1674,170.0377,34.1478,1.000000,8,1
755,1,409.8803,349.3959,304.9073,67.5390,1.000000,8,1
755,2,89.5994,358.5459,270.7076,53.4963,1.000000,8,1
755,3,684.7964,345.1913,759.5773,156.7795,1.000000,8,1
755,4,1547.2130,385.1323,170.1476,34.1488,1.000000,8,1
756,1,409.3661,349.3862,304.8219,67.5171,1.000000,8,1
756,2,89.2954,358.4207,270.6814,53.4901,1.000000,8,1
756,3,686.5217,345.2370,760.0325,156.8121,1.000000,8,1
756,4,1548.4070,385.0983,170.2577,34.1501,1.000000,8,1
757,1,408.8489,349.3699,304.7383,67.4957,1.000000,8,1
757,2,88.9911,358.2939,270.6554,53.4840,1.000000,8,1
757,3,688.2468,345.2866,760.4921,156.8454,1.000000,8,1
757,4,1549.5980,385.0667,170.3688,34.1516,1.000000,8,1
758,1,408.3279,349.3456,304.6563,67.4746,1.000000,8,1
758,2,88.6865,358.1636,270.6300,53.4780,1.000000,8,1
758,3,689.9714,345.3393,760.9545,156.8793,1.000000,8,1
758,4,1550.7960,385.0294,170.4808,34.1528,1.000000,8,1
759,1,407.8033,349.3131,304.5759,67.4540,1.000000,8,0.9375
759,2,88.3820,358.0313,270.6047,53.4721,1.000000,8,1
759,3,691.6955,345.3950,761.4212,156.9142,1.000000,8,1
759,4,1551.9940,384.9924,170.5936,34.1543,1.000000,8,1
760,1,407.2749,349.2725,304.4978,67.4338,1.000000,8,1
760,2,88.0771,357.8977,270.5799,53.4661,1.000000,8,1
760,3,693.4188,345.4527,761.8943,156.9503,1.000000,8,1
760,4,1553.1910,384.9565,170.7072,34.1559,1.000000,8,1
761,1,406.7429,349.2226,304.4214,67.4141,1.000000,8,1
761,2,87.7726,357.7617,270.5551,53.4603,1.000000,8,1
761,3,695.1411,345.5117,762.3705,156.9870,1.000000,8,1
761,4,1554.3920,384.9173,170.8220,34.1575,1.000000,8,1
762,1,406.2076,349.1652,304.3472,67.3949,1.000000,8,1
762,2,87.4675,357.6245,270.5305,53.4545,1.000000,8,1
762,3,696.8627,345.5724,762.8511,157.0247,1.000000,8,1
762,4,1555.5960,384.8766,170.9379,34.1592,1.000000,8,1
763,1,405.6694,349.1019,304.2748,67.3760,1.000000,8,1
763,2,87.1617,357.4869,270.5065,53.4487,1.000000,8,1
763,3,698.5828,345.6350,763.3380,157.0637,1.000000,8,1
763,4,1556.8040,384.8355,171.0548,34.1610,1.000000,8,1
764,1,405.1275,349.0298,304.2048,67.3579,1.000000,8,1
764,2,86.8559,357.3477,270.4823,53.4430,1.000000,8,1
764,3,700.3008,345.7000,763.8278,157.1033,1.000000,8,1
764,4,1558.0130,384.7949,171.1738,34.1631,1.000000,8,1
765,1,404.5827,348.9507,304.1368,67.3401,1.000000,8,1
765,2,86.5503,357.2083,270.4579,53.4373,1.000000,8,1
765,3,702.0173,345.7660,764.3228,157.1440,1.000000,8,1
765,4,1559.2290,384.7507,171.2939,34.1652,1.000000,8,1
766,1,404.0350,348.8656,304.0706,67.3228,1.000000,8,1
766,2,86.2436,357.0699,270.4340,53.4315,1.000000,8,1
766,3,703.7333,345.8318,764.8248,157.1863,1.000000,8,1
766,4,1560.4490,384.7045,171.4153,34.1672,1.000000,8,1
767,1,403.4832,348.7719,304.0067,67.3060,1.000000,8,1
767,2,85.9359,356.9290,270.4103,53.4259,1.000000,8,1
767,3,705.4486,345.8997,765.3303,157.2291,1.000000,8,1
767,4,1561.6670,384.6629,171.5376,34.1698,1.000000,8,1
768,1,402.9288,348.6715,303.9447,67.2897,1.000000,8,1
768,2,85.6272,356.7876,270.3872,53.4204,1.000000,8,1
768,3,707.1638,345.9696,765.8394,157.2727,1.000000,8,1
768,4,1562.8920,384.6187,171.6617,34.1725,1.000000,8,1
769,1,402.3724,348.5652,303.8845,67.2738,1.000000,8,1
769,2,85.3177,356.6472,270.3643,53.4149,1.000000,8,1
769,3,708.8788,346.0420,766.3528,157.3171,1.000000,8,1
769,4,1564.1240,384.5717,171.7869,34.1750,1.000000,8,1
770,1,401.8121,348.4503,303.8270,67.2586,1.000000,8,1
770,2,85.0072,356.5046,270.3420,53.4096,1.000000,8,1
770,3,710.5939,346.1196,766.8658,157.3614,1.000000,8,1
770,4,1565.3510,384.5309,171.9121,34.1781,1.000000,8,1
771,1,401.2493,348.3297,303.7711,67.2437,1.000000,8,1
771,2,84.6959,356.3617,270.3208,53.4044,1.000000,8,1
771,3,712.3091,346.2003,767.3801,157.4060,1.000000,8,1
771,4,1566.5870,384.4869,172.0387,34.1811,1.000000,8,1
772,1,400.6847,348.2051,303.7165,67.2292,1.000000,8,1
772,2,84.3845,356.2196,270.2993,53.3993,1.000000,8,1
772,3,714.0248,346.2828,767.8944,157.4505,1.000000,8,1
772,4,1567.8280,384.4407,172.1670,34.1841,1.000000,8,1
773,1,400.1166,348.0722,303.6645,67.2151,1.000000,8,1
773,2,84.0712,356.0758,270.2792,53.3945,1.000000,8,1
773,3,715.7410,346.3705,768.4080,157.4947,1.000000,8,1
773,4,1569.0650,384.4013,172.2952,34.1877,1.000000,8,1
774,1,399.5466,347.9335,303.6141,67.2016,1.000000,8,1
774,2,83.7562,355.9319,270.2601,53.3897,1.000000,8,1
774,3,717.4584,346.4607,768.9193,157.5385,1.000000,8,1
774,4,1570.3070,384.3617,172.4241,34.1914,1.000000,8,1
775,1,398.9752,347.7912,303.5651,67.1884,1.000000,8,1
775,2,83.4401,355.7886,270.2415,53.3851,1.000000,8,1
775,3,719.1770,346.5504,769.4288,157.5817,1.000000,8,1
775,4,1571.5550,384.3185,172.5540,34.1948,1.000000,8,1
776,1,398.4009,347.6421,303.5180,67.1755,1.000000,8,1
776,2,83.1229,355.6429,270.2234,53.3807,1.000000,8,1
776,3,720.8966,346.6411,769.9357,157.6244,1.000000,8,1
776,4,1572.7990,384.2815,172.6831,34.1987,1.000000,8,1
777,1,397.8255,347.4883,303.4713,67.1629,1.000000,8,1
777,2,82.8046,355.4969,270.2062,53.3764,1.000000,8,1
777,3,722.6177,346.7307,770.4391,157.6664,1.000000,8,1
777,4,1574.0460,384.2436,172.8130,34.2026,1.000000,8,1
778,1,397.2487,347.3318,303.4261,67.1505,1.000000,8,1
778,2,82.4862,355.3522,270.1887,53.3721,1.000000,8,1
778,3,724.3401,346.8158,770.9402,157.7077,1.000000,8,1
778,4,1575.2990,384.2013,172.9435,34.2061,1.000000,8,1
779,1,396.6694,347.1692,303.3819,67.1385,1.000000,8,1
779,2,82.1656,355.2057,270.1724,53.3680,1.000000,8,1
779,3,726.0645,346.8967,771.4382,157.7483,1.000000,8,1
779,4,1576.5470,384.1632,173.0729,34.2098,1.000000,8,1
780,1,396.0896,347.0031,303.3379,67.1265,1.000000,8,1
780,2,81.8442,355.0593,270.1563,53.3639,1.000000,8,1
780,3,727.7921,346.9701,771.9351,157.7886,1.000000,8,1
780,4,1577.7980,384.1232,173.2028,34.2135,1.000000,8,1
781,1,395.5089,346.8352,303.2951,67.1146,1.000000,8,1
781,2,81.5226,354.9138,270.1400,53.3599,1.000000,8,1
781,3,729.4911,347.0322,772.4635,157.8284,1.000000,8,1
781,4,1579.0550,384.0812,173.3334,34.2171,1.000000,8,1
782,1,394.9261,346.6623,303.2535,67.1032,1.000000,8,1
782,2,81.1996,354.7666,270.1242,53.3558,1.000000,8,1
782,3,731.0101,347.0856,773.1719,157.8676,1.000000,8,1
782,4,1580.3040,384.0428,173.4631,34.2207,1.000000,8,1
783,1,394.3431,346.4871,303.2124,67.0918,1.000000,8,1
783,2,80.8757,354.6194,270.1084,53.3519,1.000000,8,1
783,3,732.5314,347.1297,773.8795,157.9063,1.000000,8,1
783,4,1581.5570,384.0020,173.5923,34.2241,1.000000,8,1
784,1,393.7605,346.3120,303.1715,67.0804,1.000000,8,1
784,2,80.5509,354.4740,270.0928,53.3479,1.000000,8,1
784,3,734.0545,347.1624,774.5869,157.9449,1.000000,8,1
784,4,1582.8130,383.9587,173.7223,34.2274,1.000000,8,1
785,1,393.1776,346.1323,303.1312,67.0693,1.000000,8,1
785,2,80.2250,354.3281,270.0773,53.3439,1.000000,8,1
785,3,735.5792,347.1834,775.2948,157.9833,1.000000,8,1
785,4,1584.0660,383.9176,173.8517,34.2308,1.000000,8,1
786,1,392.5951,345.9509,303.0912,67.0582,1.000000,8,1
786,2,79.8983,354.1827,270.0616,53.3400,1.000000,8,1
786,3,737.1055,347.1933,776.0049,158.0220,1.000000,8,1
786,4,1585.3220,383.8750,173.9816,34.2340,1.000000,8,1
787,1,392.0120,345.7706,303.0528,67.0475,1.000000,8,1
787,2,79.5715,354.0395,270.0458,53.3360,1.000000,8,1
787,3,738.6331,347.1910,776.7159,158.0608,1.000000,8,1
787,4,1586.5810,383.8309,174.1122,34.2373,1.000000,8,1
788,1,391.4279,345.5865,303.0154,67.0370,1.000000,8,1
788,2,79.2441,353.8965,270.0298,53.3319,1.000000,8,1
788,3,740.1611,347.1759,777.4266,158.0995,1.000000,8,1
788,4,1587.8410,383.7859,174.2424,34.2405,1.000000,8,1
789,1,390.8441,345.4018,302.9781,67.0266,1.000000,8,1
789,2,78.9170,353.7549,270.0131,53.3278,1.000000,8,1
789,3,741.6895,347.1498,778.1403,158.1386,1.000000,8,1
789,4,1589.1010,383.7420,174.3729,34.2437,1.000000,8,1
790,1,390.2612,345.2192,302.9413,67.0163,1.000000,8,1
790,2,78.5901,353.6164,269.9961,53.3235,1.000000,8,1
790,3,743.2184,347.1134,778.8575,158.1784,1.000000,8,1
790,4,1590.3660,383.6991,174.5048,34.2471,1.000000,8,1
791,1,389.6770,345.0340,302.9063,67.0064,1.000000,8,1
791,2,78.2625,353.4788,269.9786,53.3192,1.000000,8,1
791,3,744.7474,347.0646,779.5762,158.2184,1.000000,8,1
791,4,1591.6370,383.6526,174.6379,34.2506,1.000000,8,1
792,1,389.0927,344.8485,302.8719,66.9966,1.000000,8,1
792,2,77.9346,353.3433,269.9613,53.3148,1.000000,8,1
792,3,746.2769,347.0059,780.2976,158.2590,1.000000,8,1
792,4,1592.9110,383.6081,174.7720,34.2542,1.000000,8,1
793,1,388.5089,344.6648,302.8381,66.9870,1.000000,8,1
793,2,77.6072,353.2111,269.9432,53.3104,1.000000,8,1
793,3,747.8073,346.9373,781.0248,158.3006,1.000000,8,1
793,4,1594.1890,383.5659,174.9073,34.2582,1.000000,8,1
794,1,387.9239,344.4788,302.8056,66.9777,1.000000,8,1
794,2,77.2800,353.0804,269.9250,53.3059,1.000000,8,1
794,3,749.3391,346.8573,781.7623,158.3441,1.000000,8,1
794,4,1595.4780,383.5183,175.0447,34.2620,1.000000,8,1
795,1,387.3382,344.2932,302.7742,66.9687,1.000000,8,1
795,2,76.9538,352.9524,269.9061,53.3012,1.000000,8,1
795,3,750.8718,346.7699,782.5089,158.3893,1.000000,8,1
795,4,1596.7650,383.4750,175.1821,34.2662,1.000000,8,1
796,1,386.7523,344.1102,302.7441,66.9600,1.000000,8,1
796,2,76.6285,352.8280,269.8871,53.2965,1.000000,8,1
796,3,752.4051,346.6777,783.2636,158.4361,1.000000,8,1
796,4,1598.0550,383.4370,175.3209,34.2710,1.000000,8,1
797,1,386.1655,343.9264,302.7151,66.9515,1.000000,8,1
797,2,76.3041,352.7058,269.8673,53.2917,1.000000,8,1
797,3,753.9380,346.5783,784.0248,158.4841,1.000000,8,1
797,4,1599.3630,383.3929,175.4628,34.2756,1.000000,8,1
798,1,385.5782,343.7437,302.6868,66.9432,1.000000,8,1
798,2,75.9810,352.5864,269.8468,53.2867,1.000000,8,1
798,3,755.4711,346.4742,784.7949,158.5338,1.000000,8,1
798,4,1600.6720,383.3549,175.6061,34.2810,1.000000,8,1
799,1,384.9909,343.5641,302.6594,66.9352,1.000000,8,1
799,2,75.6584,352.4704,269.8256,53.2816,1.000000,8,1
799,3,757.0039,346.3671,785.5752,158.5855,1.000000,8,1
799,4,1601.9850,383.3241,175.7509,34.2872,1.000000,8,1
800,1,384.4026,343.3843,302.6331,66.9273,1.000000,8,1
800,2,75.3362,352.3570,269.8041,53.2764,1.000000,8,1
800,3,758.5363,346.2564,786.3630,158.6388,1.000000,8,1
800,4,1603.3160,383.2862,175.8988,34.2931,1.000000,8,1
801,1,383.8140,343.2061,302.6075,66.9197,1.000000,8,1
801,2,75.0146,352.2466,269.7818,53.2710,1.000000,8,1
801,3,760.0684,346.1443,787.1575,158.6933,1.000000,8,1
801,4,1604.6440,383.2553,176.0468,34.2996,1.000000,8,1
802,1,383.2257,343.0317,302.5827,66.9122,1.000000,8,1
802,2,74.6938,352.1396,269.7591,53.2655,1.000000,8,1
802,3,761.6010,346.0324,787.9569,158.7488,1.000000,8,1
802,4,1605.9710,383.2327,176.1956,34.3069,1.000000,8,1
803,1,382.6368,342.8581,302.5587,66.9050,1.000000,8,1
803,2,74.3731,352.0353,269.7360,53.2600,1.000000,8,1
803,3,763.1335,345.9193,788.7636,158.8056,1.000000,8,1
803,4,1607.3190,383.2022,176.3473,34.3138,1.000000,8,1
804,1,382.0477,342.6865,302.5355,66.8979,1.000000,8,1
804,2,74.0527,351.9340,269.7126,53.2544,1.000000,8,1
804,3,764.6664,345.8071,789.5753,158.8633,1.000000,8,1
804,4,1608.6660,383.1785,176.5001,34.3215,1.000000,8,1
805,1,381.4587,342.5190,302.5131,66.8911,1.000000,8,1
805,2,73.7333,351.8365,269.6884,53.2486,1.000000,8,1
805,3,766.2003,345.6976,790.3909,158.9217,1.000000,8,1
805,4,1610.0110,383.1630,176.6531,34.3299,1.000000,8,1
806,1,380.8703,342.3532,302.4909,66.8843,1.000000,8,1
806,2,73.4144,351.7421,269.6636,53.2428,1.000000,8,1
806,3,767.7369,345.5868,791.2114,158.9807,1.000000,8,1
806,4,1611.3760,383.1386,176.8098,34.3380,1.000000,8,1
807,1,380.2829,342.1903,302.4692,66.8775,1.000000,8,1
807,2,73.0954,351.6510,269.6389,53.2369,1.000000,8,1
807,3,769.2767,345.4766,792.0370,159.0406,1.000000,8,1
807,4,1612.7380,383.1215,176.9664,34.3466,1.000000,8,1
808,1,379.6966,342.0319,302.4478,66.8709,1.000000,8,1
808,2,72.7769,351.5641,269.6137,53.2309,1.000000,8,1
808,3,770.8202,345.3709,792.8663,159.1007,1.000000,8,1
808,4,1614.0950,383.1137,177.1222,34.3560,1.000000,8,1
809,1,379.1122,341.8766,302.4261,66.8642,1.000000,8,1
809,2,72.4587,351.4799,269.5880,53.2249,1.000000,8,1
809,3,772.3669,345.2702,793.6957,159.1608,1.000000,8,1
809,4,1615.4720,383.0950,177.2820,34.3649,1.000000,8,1
810,1,378.5291,341.7250,302.4044,66.8575,1.000000,8,1
810,2,72.1402,351.3990,269.5624,53.2188,1.000000,8,1
810,3,773.9154,345.1760,794.5255,159.2204,1.000000,8,1
810,4,1616.8460,383.0823,177.4417,34.3743,1.000000,8,1
811,1,377.9468,341.5777,302.3831,66.8509,1.000000,8,1
811,2,71.8214,351.3221,269.5366,53.2128,1.000000,8,1
811,3,775.4654,345.0896,795.3549,159.2801,1.000000,8,1
811,4,1618.2140,383.0783,177.6011,34.3844,1.000000,8,1
812,1,377.3659,341.4331,302.3612,66.8441,1.000000,8,1
812,2,71.5023,351.2482,269.5110,53.2067,1.000000,8,1
812,3,777.0172,345.0073,796.1862,159.3398,1.000000,8,1
812,4,1619.6020,383.0651,177.7635,34.3940,1.000000,8,1
813,1,376.7856,341.2919,302.3393,66.8374,1.000000,8,1
813,2,71.1831,351.1772,269.4851,53.2005,1.000000,8,1
813,3,778.5707,344.9277,797.0187,159.3995,1.000000,8,1
813,4,1620.9870,383.0566,177.9269,34.4042,1.000000,8,1
814,1,376.2065,341.1556,302.3170,66.8306,1.000000,8,1
814,2,70.8639,351.1096,269.4593,53.1945,1.000000,8,1
814,3,780.1261,344.8498,797.8536,159.4596,1.000000,8,1
814,4,1622.3680,383.0533,178.0903,34.4149,1.000000,8,1
815,1,375.6293,341.0230,302.2939,66.8236,1.000000,8,1
815,2,70.5436,351.0453,269.4337,53.1884,1.000000,8,1
815,3,781.6843,344.7720,798.6942,159.5204,1.000000,8,1
815,4,1623.7660,383.0395,178.2562,34.4250,1.000000,8,1
816,1,375.0528,340.8940,302.2711,66.8167,1.000000,8,1
816,2,70.2227,350.9836,269.4083,53.1823,1.000000,8,1
816,3,783.2448,344.6932,799.5375,159.5817,1.000000,8,1
816,4,1625.1620,383.0289,178.4225,34.4354,1.000000,8,1
817,1,374.4766,340.7694,302.2485,66.8097,1.000000,8,1
817,2,69.9022,350.9244,269.3825,53.1762,1.000000,8,1
817,3,784.8077,344.6131,800.3876,159.6440,1.000000,8,1
817,4,1626.5570,383.0219,178.5900,34.4464,1.000000,8,1
818,1,373.9026,340.6492,302.2250,66.8026,1.000000,8,1
818,2,69.5803,350.8679,269.3574,53.1703,1.000000,8,1
818,3,786.3738,344.5292,801.2473,159.7079,1.000000,8,1
818,4,1627.9710,383.0038,178.7615,34.4569,1.000000,8,1
819,1,373.3302,340.5332,302.2013,66.7955,1.000000,8,1
819,2,69.2572,350.8136,269.3326,53.1644,1.000000,8,1
819,3,787.9429,344.4414,802.1139,159.7729,1.000000,8,1
819,4,1629.3850,382.9886,178.9336,34.4678,1.000000,8,1
820,1,372.7585,340.4226,302.1774,66.7883,1.000000,8,1
820,2,68.9331,350.7616,269.3080,53.1586,1.000000,8,1
820,3,789.5147,344.3506,802.9908,159.8397,1.000000,8,1
820,4,1630.7970,382.9767,179.1075,34.4792,1.000000,8,1
821,1,372.1890,340.3165,302.1533,66.7811,1.000000,8,1
821,2,68.6079,350.7116,269.2843,53.1529,1.000000,8,1
821,3,791.0894,344.2544,803.8798,159.9087,1.000000,8,1
821,4,1632.2300,382.9537,179.2856,34.4903,1.000000,8,1
822,1,371.6206,340.2148,302.1292,66.7738,1.000000,8,1
822,2,68.2819,350.6632,269.2607,53.1473,1.000000,8,1
822,3,792.6655,344.1550,804.7770,159.9790,1.000000,8,1
822,4,1633.6660,382.9325,179.4645,34.5017,1.000000,8,1
823,1,371.0526,340.1178,302.1055,66.7667,1.000000,8,1
823,2,67.9559,350.6163,269.2372,53.1416,1.000000,8,1
823,3,794.2421,344.0534,805.6813,160.0506,1.000000,8,1
823,4,1635.0970,382.9143,179.6443,34.5135,1.000000,8,1
824,1,370.4875,340.0255,302.0809,66.7594,1.000000,8,1
824,2,67.6284,350.5706,269.2146,53.1362,1.000000,8,1
824,3,795.8202,343.9432,806.5970,160.1243,1.000000,8,1
824,4,1636.5470,382.8869,179.8278,34.5250,1.000000,8,1
825,1,369.9239,339.9376,302.0561,66.7520,1.000000,8,1
825,2,67.3001,350.5263,269.1923,53.1308,1.000000,8,1
825,3,797.3990,343.8262,807.5210,160.1995,1.000000,8,1
825,4,1637.9980,382.8601,180.0129,34.5367,1.000000,8,1
826,1,369.3607,339.8547,302.0316,66.7446,1.000000,8,1
826,2,66.9709,350.4836,269.1705,53.1256,1.000000,8,1
826,3,798.9786,343.7046,808.4567,160.2768,1.000000,8,1
826,4,1639.4480,382.8350,180.1982,34.5488,1.000000,8,1
827,1,368.7994,339.7765,302.0070,66.7373,1.000000,8,1
827,2,66.6411,350.4417,269.1491,53.1204,1.000000,8,1
827,3,800.5600,343.5743,809.4052,160.3565,1.000000,8,1
827,4,1640.9110,382.8033,180.3870,34.5606,1.000000,8,1
828,1,368.2391,339.7028,301.9824,66.7300,1.000000,8,1
828,2,66.3107,350.4005,269.1285,53.1154,1.000000,8,1
828,3,802.1426,343.4391,810.3629,160.4378,1.000000,8,1
828,4,1642.3760,382.7704,180.5765,34.5725,1.000000,8,1
829,1,367.6794,339.6338,301.9580,66.7228,1.000000,8,1
829,2,65.9794,350.3601,269.1084,53.1105,1.000000,8,1
829,3,803.7253,343.3034,811.3281,160.5204,1.000000,8,1
829,4,1643.8400,382.7383,180.7660,34.5846,1.000000,8,1
830,1,367.1206,339.5688,301.9342,66.7156,1.000000,8,1
830,2,65.6469,350.3205,269.0892,53.1057,1.000000,8,1
830,3,805.3096,343.1648,812.3046,160.6051,1.000000,8,1
830,4,1645.3130,382.7041,180.9586,34.5968,1.000000,8,1
831,1,366.5619,339.5079,301.9107,66.7086,1.000000,8,1
831,2,65.3133,350.2813,269.0704,53.1011,1.000000,8,1
831,3,806.8945,343.0262,813.2916,160.6917,1.000000,8,1
831,4,1646.7900,382.6688,181.1520,34.6090,1.000000,8,1
832,1,366.0035,339.4518,301.8870,66.7015,1.000000,8,1
832,2,64.9783,350.2426,269.0525,53.0967,1.000000,8,1
832,3,808.4796,342.8903,814.2883,160.7801,1.000000,8,1
832,4,1648.2660,382.6323,181.3453,34.6212,1.000000,8,1
833,1,365.4462,339.3998,301.8632,66.6943,1.000000,8,1
833,2,64.6419,350.2046,269.0348,53.0923,1.000000,8,1
833,3,810.0664,342.7558,815.2971,160.8705,1.000000,8,1
833,4,1649.7490,382.5959,181.5409,34.6336,1.000000,8,1
834,1,364.8892,339.3520,301.8394,66.6872,1.000000,8,1
834,2,64.3044,350.1673,269.0179,53.0880,1.000000,8,1
834,3,811.6541,342.6249,816.3147,160.9626,1.000000,8,1
834,4,1651.2350,382.5596,181.7371,34.6461,1.000000,8,1
835,1,364.3318,339.3089,301.8156,66.6801,1.000000,8,1
835,2,63.9661,350.1307,269.0011,53.0838,1.000000,8,1
835,3,813.2419,342.4982,817.3368,161.0555,1.000000,8,1
835,4,1652.7230,382.5225,181.9335,34.6585,1.000000,8,1
836,1,363.7750,339.2697,301.7916,66.6729,1.000000,8,1
836,2,63.6261,350.0947,268.9850,53.0797,1.000000,8,1
836,3,814.8313,342.3753,818.3668,161.1496,1.000000,8,1
836,4,1654.2120,382.4874,182.1305,34.6712,1.000000,8,1
837,1,363.2180,339.2346,301.7676,66.6658,1.000000,8,1
837,2,63.2849,350.0594,268.9692,53.0757,1.000000,8,1
837,3,816.4214,342.2577,819.4038,161.2450,1.000000,8,1
837,4,1655.7040,382.4517,182.3279,34.6838,1.000000,8,1
838,1,362.6600,339.2038,301.7435,66.6586,1.000000,8,1
838,2,62.9422,350.0248,268.9539,53.0718,1.000000,8,1
838,3,818.0114,342.1460,820.4471,161.3415,1.000000,8,1
838,4,1657.1970,382.4144,182.5258,34.6963,1.000000,8,1
839,1,362.1021,339.1767,301.7193,66.6514,1.000000,8,1
839,2,62.5984,349.9911,268.9390,53.0679,1.000000,8,1
839,3,819.6021,342.0372,821.4959,161.4389,1.000000,8,1
839,4,1658.6900,382.3789,182.7230,34.7089,1.000000,8,1
840,1,361.5435,339.1534,301.6946,66.6441,1.000000,8,1
840,2,62.2541,349.9584,268.9240,53.0641,1.000000,8,1
840,3,821.1935,341.9302,822.5502,161.5371,1.000000,8,1
840,4,1660.1820,382.3437,182.9203,34.7214,1.000000,8,1
841,1,360.9842,339.1339,301.6696,66.6366,1.000000,8,1
841,2,61.9085,349.9264,268.9094,53.0603,1.000000,8,1
841,3,822.7860,341.8245,823.6105,161.6364,1.000000,8,1
841,4,1661.6730,382.3067,183.1172,34.7337,1.000000,8,1
842,1,360.4241,339.1179,301.6444,66.6292,1.000000,8,1
842,2,61.5620,349.8953,268.8954,53.0566,1.000000,8,1
842,3,824.3805,341.7183,824.6790,161.7369,1.000000,8,1
842,4,1663.1620,382.2696,183.3130,34.7459,1.000000,8,1
843,1,359.8633,339.1053,301.6190,66.6216,1.000000,8,1
843,2,61.2149,349.8653,268.8813,53.0530,1.000000,8,1
843,3,825.9767,341.6111,825.7528,161.8383,1.000000,8,1
843,4,1664.6490,382.2311,183.5085,34.7578,1.000000,8,1
844,1,359.3015,339.0958,301.5930,66.6140,1.000000,8,1
844,2,60.8661,349.8364,268.8675,53.0494,1.000000,8,1
844,3,827.5743,341.5034,826.8301,161.9402,1.000000,8,1
844,4,1666.1340,382.1916,183.7030,34.7695,1.000000,8,1
845,1,358.7386,339.0884,301.5671,66.6064,1.000000,8,1
845,2,60.5171,349.8083,268.8542,53.0459,1.000000,8,1
845,3,829.1747,341.3926,827.9141,162.0429,1.000000,8,1
845,4,1667.6150,382.1513,183.8958,34.7810,1.000000,8,1
846,1,358.1750,339.0829,301.5411,66.5987,1.000000,8,1
846,2,60.1674,349.7807,268.8410,53.0424,1.000000,8,1
846,3,830.7775,341.2783,829.0046,162.1467,1.000000,8,1
846,4,1669.0930,382.1098,184.0886,34.7922,1.000000,8,1
847,1,357.6104,339.0799,301.5146,66.5909,1.000000,8,1
847,2,59.8174,349.7538,268.8282,53.0389,1.000000,8,1
847,3,832.3825,341.1605,830.1022,162.2516,1.000000,8,1
847,4,1670.5700,382.0680,184.2805,34.8033,1.000000,8,1
848,1,357.0452,339.0786,301.4880,66.5831,1.000000,8,1
848,2,59.4672,349.7277,268.8152,53.0356,1.000000,8,1
848,3,833.9902,341.0385,831.2039,162.3570,1.000000,8,1
848,4,1672.0430,382.0246,184.4714,34.8141,1.000000,8,1
849,1,356.4795,339.0787,301.4614,66.5754,1.000000,8,1
849,2,59.1170,349.7018,268.8026,53.0322,1.000000,8,1
849,3,835.5999,340.9124,832.3088,162.4627,1.000000,8,1
849,4,1673.5130,381.9810,184.6609,34.8247,1.000000,8,1
850,1,355.9134,339.0804,301.4351,66.5676,1.000000,8,1
850,2,58.7669,349.6763,268.7900,53.0288,1.000000,8,1
850,3,837.2113,340.7832,833.4160,162.5685,1.000000,8,1
850,4,1674.9810,381.9372,184.8499,34.8352,1.000000,8,1
851,1,355.3475,339.0832,301.4091,66.5599,1.000000,8,1
851,2,58.4169,349.6512,268.7777,53.0255,1.000000,8,1
851,3,838.8246,340.6497,834.5262,162.6747,1.000000,8,1
851,4,1676.4490,381.8895,185.0381,34.8452,1.000000,8,1
852,1,354.7820,339.0872,301.3836,66.5524,1.000000,8,1
852,2,58.0673,349.6264,268.7656,53.0223,1.000000,8,1
852,3,840.4398,340.5120,835.6403,162.7814,1.000000,8,1
852,4,1677.9080,381.8459,185.2246,34.8553,1.000000,8,1
853,1,354.2162,339.0918,301.3586,66.5449,1.000000,8,1
853,2,57.7176,349.6020,268.7538,53.0191,1.000000,8,1
853,3,842.0563,340.3696,836.7611,162.8891,1.000000,8,1
853,4,1679.3590,381.8061,185.4086,34.8653,1.000000,8,1
854,1,353.6495,339.0946,301.3345,66.5377,1.000000,8,1
854,2,57.3686,349.5775,268.7421,53.0159,1.000000,8,1
854,3,843.6742,340.2224,837.8804,162.9964,1.000000,8,1
854,4,1680.8090,381.7621,185.5917,34.8749,1.000000,8,1
855,1,353.0821,339.0964,301.3109,66.5307,1.000000,8,1
855,2,57.0199,349.5530,268.7309,53.0129,1.000000,8,1
855,3,845.2939,340.0707,839.0006,163.1035,1.000000,8,1
855,4,1682.2480,381.7229,185.7726,34.8844,1.000000,8,1
856,1,352.5141,339.0979,301.2880,66.5237,1.000000,8,1
856,2,56.6719,349.5284,268.7198,53.0098,1.000000,8,1
856,3,846.9159,339.9149,840.1217,163.2105,1.000000,8,1
856,4,1683.6770,381.6886,185.9506,34.8940,1.000000,8,1
857,1,351.9446,339.0965,301.2659,66.5170,1.000000,8,1
857,2,56.3252,349.5025,268.7085,53.0068,1.000000,8,1
857,3,848.5405,339.7554,841.2439,163.3174,1.000000,8,1
857,4,1685.1070,381.6505,186.1279,34.9032,1.000000,8,1
858,1,351.3740,339.0931,301.2448,66.5105,1.000000,8,1
858,2,55.9788,349.4757,268.6979,53.0038,1.000000,8,1
858,3,850.1674,339.5929,842.3662,163.4240,1.000000,8,1
858,4,1686.5290,381.6173,186.3032,34.9125,1.000000,8,1
859,1,350.8026,339.0879,301.2241,66.5040,1.000000,8,1
859,2,55.6326,349.4489,268.6874,53.0009,1.000000,8,1
859,3,851.7965,339.4278,843.4869,163.5300,1.000000,8,1
859,4,1687.9430,381.5901,186.4771,34.9220,1.000000,8,1
860,1,350.2296,339.0797,301.2043,66.4979,1.000000,8,1
860,2,55.2874,349.4207,268.6772,52.9981,1.000000,8,1
860,3,853.4276,339.2602,844.6047,163.6351,1.000000,8,1
860,4,1689.3620,381.5594,186.6511,34.9312,1.000000,8,1
861,1,349.6551,339.0696,301.1855,66.4919,1.000000,8,1
861,2,54.9425,349.3915,268.6672,52.9953,1.000000,8,1
861,3,855.0607,339.0904,845.7206,163.7396,1.000000,8,1
861,4,1690.7740,381.5344,186.8235,34.9407,1.000000,8,1
862,1,349.0795,339.0580,301.1675,66.4862,1.000000,8,1
862,2,54.5979,349.3617,268.6576,52.9926,1.000000,8,1
862,3,856.6960,338.9192,846.8364,163.8438,1.000000,8,1
862,4,1692.1790,381.5164,186.9944,34.9505,1.000000,8,1
863,1,348.5026,339.0439,301.1505,66.4806,1.000000,8,1
863,2,54.2548,349.3304,268.6476,52.9898,1.000000,8,1
863,3,858.3331,338.7456,847.9477,163.9469,1.000000,8,1
863,4,1693.5910,381.4953,187.1652,34.9600,1.000000,8,1
864,1,347.9250,339.0284,301.1337,66.4752,1.000000,8,1
864,2,53.9116,349.2980,268.6384,52.9872,1.000000,8,1
864,3,859.9719,338.5693,849.0571,164.0493,1.000000,8,1
864,4,1694.9970,381.4796,187.3357,34.9699,1.000000,8,1
865,1,347.3466,339.0127,301.1174,66.4697,1.000000,8,1
865,2,53.5686,349.2647,268.6292,52.9845,1.000000,8,1
865,3,861.6125,338.3903,850.1666,164.1515,1.000000,8,1
865,4,1696.3970,381.4709,187.5045,34.9801,1.000000,8,1
866,1,346.7670,338.9953,301.1016,66.4645,1.000000,8,1
866,2,53.2258,349.2289,268.6201,52.9819,1.000000,8,1
866,3,863.2546,338.2079,851.2720,164.2527,1.000000,8,1
866,4,1697.8020,381.4601,187.6736,34.9901,1.000000,8,1
867,1,346.1866,338.9775,301.0861,66.4593,1.000000,8,1
867,2,52.8831,349.1917,268.6111,52.9794,1.000000,8,1
867,3,864.8983,338.0224,852.3761,164.3534,1.000000,8,1
867,4,1699.2040,381.4546,187.8418,35.0004,1.000000,8,1
868,1,345.6057,338.9604,301.0709,66.4542,1.000000,8,1
868,2,52.5403,349.1541,268.6026,52.9769,1.000000,8,1
868,3,866.5432,337.8337,853.4806,164.4538,1.000000,8,1
868,4,1700.5990,381.4551,188.0092,35.0111,1.000000,8,1
869,1,345.0233,338.9425,301.0559,66.4492,1.000000,8,1
869,2,52.1967,349.1144,268.5945,52.9746,1.000000,8,1
869,3,868.1882,337.6402,854.5813,164.5535,1.000000,8,1
869,4,1701.9970,381.4528,188.1761,35.0213,1.000000,8,1
870,1,344.4403,338.9253,301.0412,66.4442,1.000000,8,1
870,2,51.8530,349.0738,268.5863,52.9721,1.000000,8,1
870,3,869.8345,337.4419,855.6824,164.6530,1.000000,8,1
870,4,1703.3910,381.4520,188.3419,35.0317,1.000000,8,1
871,1,343.8574,338.9102,301.0261,66.4391,1.000000,8,1
871,2,51.5095,349.0325,268.5782,52.9697,1.000000,8,1
871,3,871.4835,337.2385,856.7869,164.7528,1.000000,8,1
871,4,1704.7810,381.4546,188.5071,35.0421,1.000000,8,1
872,1,343.2734,338.8959,301.0110,66.4340,1.000000,8,1
872,2,51.1651,348.9896,268.5704,52.9674,1.000000,8,1
872,3,873.1347,337.0272,857.8919,164.8524,1.000000,8,1
872,4,1706.1730,381.4551,188.6716,35.0523,1.000000,8,1
873,1,342.6895,338.8835,300.9951,66.4287,1.000000,8,1
873,2,50.8200,348.9459,268.5626,52.9651,1.000000,8,1
873,3,874.7885,336.8102,859.0003,164.9524,1.000000,8,1
873,4,1707.5600,381.4586,188.8359,35.0627,1.000000,8,1
874,1,342.1061,338.8729,300.9786,66.4232,1.000000,8,1
874,2,50.4741,348.9017,268.5554,52.9629,1.000000,8,1
874,3,876.4454,336.5896,860.1183,165.0539,1.000000,8,1
874,4,1708.9440,381.4654,188.9989,35.0732,1.000000,8,1
875,1,341.5215,338.8634,300.9617,66.4178,1.000000,8,1
875,2,50.1273,348.8557,268.5480,52.9606,1.000000,8,1
875,3,878.1044,336.3627,861.2402,165.1559,1.000000,8,1
875,4,1710.3310,381.4705,189.1620,35.0835,1.000000,8,1
876,1,340.9369,338.8558,300.9442,66.4121,1.000000,8,1
876,2,49.7800,348.8089,268.5408,52.9584,1.000000,8,1
876,3,879.7656,336.1319,862.3672,165.2585,1.000000,8,1
876,4,1711.7140,381.4790,189.3240,35.0939,1.000000,8,1
877,1,340.3529,338.8504,300.9261,66.4063,1.000000,8,1
877,2,49.4314,348.7621,268.5337,52.9563,1.000000,8,1
877,3,881.4288,335.8993,863.5023,165.3624,1.000000,8,1
877,4,1713.0920,381.4910,189.4851,35.1044,1.000000,8,1
878,1,339.7689,338.8459,300.9067,66.4002,1.000000,8,1
878,2,49.0821,348.7132,268.5269,52.9542,1.000000,8,1
878,3,883.0939,335.6625,864.6465,165.4677,1.000000,8,1
878,4,1714.4710,381.5027,189.6456,35.1149,1.000000,8,1
879,1,339.1857,338.8424,300.8864,66.3938,1.000000,8,1
879,2,48.7325,348.6634,268.5202,52.9520,1.000000,8,1
879,3,884.7613,335.4237,865.8002,165.5746,1.000000,8,1
879,4,1715.8460,381.5186,189.8049,35.1255,1.000000,8,1
880,1,338.6035,338.8405,300.8651,66.3873,1.000000,8,1
880,2,48.3819,348.6136,268.5139,52.9500,1.000000,8,1
880,3,886.4305,335.1855,866.9633,165.6830,1.000000,8,1
880,4,1717.2160,381.5384,189.9634,35.1362,1.000000,8,1
881,1,338.0227,338.8397,300.8432,66.3805,1.000000,8,1
881,2,48.0299,348.5629,268.5080,52.9481,1.000000,8,1
881,3,888.1018,334.9452,868.1382,165.7934,1.000000,8,1
881,4,1718.5890,381.5576,190.1208,35.1468,1.000000,8,1
882,1,337.4431,338.8395,300.8207,66.3737,1.000000,8,1
882,2,47.6769,348.5119,268.5029,52.9463,1.000000,8,1
882,3,889.7750,334.7059,869.3246,165.9057,1.000000,8,1
882,4,1719.9580,381.5808,190.2772,35.1575,1.000000,8,1
883,1,336.8649,338.8400,300.7972,66.3666,1.000000,8,1
883,2,47.3233,348.4608,268.4978,52.9445,1.000000,8,1
883,3,891.4505,334.4712,870.5224,166.0198,1.000000,8,1
883,4,1721.3220,381.6085,190.4333,35.1685,1.000000,8,1
884,1,336.2874,338.8398,300.7730,66.3594,1.000000,8,1
884,2,46.9679,348.4084,268.4934,52.9429,1.000000,8,1
884,3,893.1288,334.2347,871.7356,166.1365,1.000000,8,1
884,4,1722.6870,381.6369,190.5884,35.1793,1.000000,8,1
885,1,335.7107,338.8392,300.7484,66.3520,1.000000,8,1
885,2,46.6111,348.3555,268.4893,52.9414,1.000000,8,1
885,3,894.8105,334.0001,872.9628,166.2556,1.000000,8,1
885,4,1724.0510,381.6682,190.7426,35.1903,1.000000,8,1
886,1,335.1346,338.8382,300.7231,66.3445,1.000000,8,1
886,2,46.2526,348.3028,268.4856,52.9399,1.000000,8,1
886,3,896.4956,333.7720,874.2039,166.3768,1.000000,8,1
886,4,1725.4140,381.7017,190.8966,35.2014,1.000000,8,1
887,1,334.5587,338.8350,300.6977,66.3369,1.000000,8,1
887,2,45.8925,348.2494,268.4826,52.9385,1.000000,8,1
887,3,898.1833,333.5465,875.4570,166.5000,1.000000,8,1
887,4,1726.7820,381.7343,191.0510,35.2125,1.000000,8,1
888,1,333.9831,338.8302,300.6715,66.3293,1.000000,8,1
888,2,45.5311,348.1957,268.4797,52.9372,1.000000,8,1
888,3,899.8740,333.3273,876.7237,166.6254,1.000000,8,1
888,4,1728.1520,381.7700,191.2057,35.2237,1.000000,8,1
889,1,333.4073,338.8242,300.6458,66.3216,1.000000,8,1
889,2,45.1685,348.1427,268.4773,52.9360,1.000000,8,1
889,3,901.5677,333.1180,878.0049,166.7532,1.000000,8,1
889,4,1729.5220,381.8076,191.3604,35.2352,1.000000,8,1
890,1,332.8314,338.8163,300.6198,66.3140,1.000000,8,1
890,2,44.8045,348.0901,268.4754,52.9348,1.000000,8,1
890,3,903.2635,332.9135,879.2983,166.8830,1.000000,8,1
890,4,1730.9030,381.8409,191.5165,35.2463,1.000000,8,1
891,1,332.2552,338.8068,300.5938,66.3063,1.000000,8,1
891,2,44.4395,348.0384,268.4737,52.9337,1.000000,8,1
891,3,904.9616,332.7160,880.6024,167.0144,1.000000,8,1
891,4,1732.2840,381.8763,191.6730,35.2578,1.000000,8,1
892,1,331.6794,338.7954,300.5674,66.2986,1.000000,8,1
892,2,44.0739,347.9881,268.4718,52.9327,1.000000,8,1
892,3,906.6621,332.5286,881.9170,167.1475,1.000000,8,1
892,4,1733.6680,381.9137,191.8301,35.2694,1.000000,8,1
893,1,331.1020,338.7817,300.5417,66.2909,1.000000,8,1
893,2,43.7077,347.9391,268.4705,52.9317,1.000000,8,1
893,3,908.3650,332.3466,883.2441,167.2827,1.000000,8,1
893,4,1735.0630,381.9452,191.9890,35.2808,1.000000,8,1
894,1,330.5234,338.7664,300.5164,66.2834,1.000000,8,1
894,2,43.3410,347.8918,268.4694,52.9307,1.000000,8,1
894,3,910.0703,332.1725,884.5821,167.4196,1.000000,8,1
894,4,1736.4600,381.9784,192.1483,35.2923,1.000000,8,1
895,1,329.9442,338.7499,300.4914,66.2760,1.000000,8,1
895,2,42.9741,347.8467,268.4680,52.9297,1.000000,8,1
895,3,911.7784,332.0093,885.9301,167.5578,1.000000,8,1
895,4,1737.8570,382.0137,192.3087,35.3041,1.000000,8,0.9375
896,1,329.3625,338.7314,300.4677,66.2688,1.000000,8,1
896,2,42.6074,347.8042,268.4664,52.9287,1.000000,8,1
896,3,913.4893,331.8524,887.2891,167.6979,1.000000,8,1
896,4,1739.2690,382.0403,192.4711,35.3155,1.000000,8,1
897,1,328.7797,338.7115,300.4445,66.2618,1.000000,8,1
897,2,42.2403,347.7642,268.4651,52.9276,1.000000,8,1
897,3,915.2026,331.7039,888.6554,167.8390,1.000000,8,1
897,4,1740.6820,382.0678,192.6348,35.3269,1.000000,8,1
898,1,328.1955,338.6909,300.4221,66.2550,1.000000,8,1
898,2,41.8732,347.7275,268.4637,52.9266,1.000000,8,1
898,3,916.9186,331.5667,890.0270,167.9806,1.000000,8,1
898,4,1742.0960,382.0971,192.7992,35.3388,1.000000,8,1
899,1,327.6088,338.6688,300.4009,66.2484,1.000000,8,1
899,2,41.5071,347.6942,268.4617,52.9255,1.000000,8,1
899,3,918.6382,331.4334,891.4069,168.1235,1.000000,8,1
899,4,1743.5240,382.1158,192.9658,35.3500,1.000000,8,1
900,1,327.0202,338.6458,300.3805,66.2421,1.000000,8,1
900,2,41.1417,347.6644,268.4597,52.9243,1.000000,8,1
900,3,920.3614,331.3053,892.7911,168.2666,1.000000,8,1
900,4,1744.9520,382.1354,193.1326,35.3613,1.000000,8,1
901,1,326.4302,338.6227,300.3612,66.2360,1.000000,8,1
901,2,40.7768,347.6385,268.4572,52.9230,1.000000,8,1
901,3,922.0878,331.1856,894.1733,168.4090,1.000000,8,1
901,4,1746.3800,382.1571,193.3008,35.3730,1.000000,8,0.875
902,1,325.8378,338.5992,300.3430,66.2302,1.000000,8,1
902,2,40.4139,347.6162,268.4539,52.9217,1.000000,8,1
902,3,923.8175,331.0731,895.5590,168.5516,1.000000,8,1
902,4,1747.8230,382.1666,193.4711,35.3838,1.000000,8,0.875
903,1,325.2432,338.5755,300.3263,66.2246,1.000000,8,1
903,2,40.0522,347.5974,268.4503,52.9201,1.000000,8,1
903,3,925.5494,330.9677,896.9435,168.6936,1.000000,8,1
903,4,1749.2630,382.1785,193.6417,35.3950,1.000000,8,1
904,1,324.6467,338.5518,300.3105,66.2195,1.000000,8,1
904,2,39.6912,347.5827,268.4460,52.9186,1.000000,8,1
904,3,927.2836,330.8700,898.3268,168.8351,1.000000,8,1
904,4,1750.7030,382.1938,193.8129,35.4065,1.000000,8,1
905,1,321.1878,338.4562,300.2309,66.1916,1.000000,8,1
905,2,37.6151,347.5448,268.4160,52.9081,1.000000,8,1
905,3,937.3612,330.4571,906.3671,169.6534,1.000000,8,1
905,4,1759.0650,382.3076,194.8184,35.4772,1.000000,8,0.875
