1,1,928.4357,422.6776,358.3207,84.6648,1.000000,8,1
1,2,96.4945,424.8015,560.7961,97.8992,1.000000,8,1
2,1,928.4357,422.6776,358.3207,84.6648,1.000000,8,1
2,2,96.4945,424.8015,560.7961,97.8992,1.000000,8,1
3,1,928.4357,422.6776,358.3207,84.6648,1.000000,8,1
3,2,96.4945,424.8015,560.7961,97.8992,1.000000,8,1
4,1,928.3206,422.5969,358.3459,84.6687,1.000000,8,1
4,2,96.7669,424.6990,560.6797,97.8835,1.000000,8,1
5,1,928.1143,422.4610,358.3859,84.6743,1.000000,8,1
5,2,97.2923,424.4867,560.4611,97.8541,1.000000,8,1
6,1,927.8448,422.2928,358.4346,84.6810,1.000000,8,1
6,2,98.0140,424.2009,560.1650,97.8147,1.000000,8,1
7,1,927.5342,422.1077,358.4924,84.6893,1.000000,8,1
7,2,98.9046,423.8689,559.8018,97.7672,1.000000,8,1
8,1,927.2019,421.9136,358.5568,84.6990,1.000000,8,1
8,2,99.9065,423.5103,559.3962,97.7147,1.000000,8,1
9,1,926.8546,421.7188,358.6251,84.7095,1.000000,8,1
9,2,100.9953,423.1447,558.9598,97.6592,1.000000,8,1
10,1,926.4963,421.5292,358.6959,84.7208,1.000000,8,1
10,2,102.1584,422.7896,558.4984,97.6018,1.000000,8,1
11,1,926.1327,421.3467,358.7684,84.7327,1.000000,8,1
11,2,103.3729,422.4525,558.0204,97.5435,1.000000,8,1
12,1,925.7655,421.1726,358.8427,84.7451,1.000000,8,1
12,2,104.6283,422.1385,557.5292,97.4847,1.000000,8,1
13,1,925.3960,421.0083,358.9174,84.7579,1.000000,8,1
13,2,105.9182,421.8541,557.0280,97.4260,1.000000,8,1
14,1,925.0250,420.8523,358.9929,84.7709,1.000000,8,1
14,2,107.2325,421.5959,556.5200,97.3675,1.000000,8,1
15,1,924.6534,420.7045,359.0682,84.7841,1.000000,8,1
15,2,108.5663,421.3636,556.0067,97.3093,1.000000,8,1
16,1,924.2813,420.5653,359.1438,84.7976,1.000000,8,1
16,2,109.9171,421.1590,555.4885,97.2514,1.000000,8,1
17,1,923.9090,420.4327,359.2194,84.8113,1.000000,8,1
17,2,111.2794,420.9756,554.9677,97.1940,1.000000,8,1
18,1,923.5363,420.3068,359.2948,84.8251,1.000000,8,1
18,2,112.6513,420.8112,554.4445,97.1370,1.000000,8,1
19,1,923.1632,420.1881,359.3710,84.8391,1.000000,8,1
19,2,114.0316,420.6657,553.9189,97.0802,1.000000,8,1
20,1,922.7900,420.0747,359.4465,84.8532,1.000000,8,1
20,2,115.4183,420.5333,553.3918,97.0236,1.000000,8,1
21,1,922.4163,419.9664,359.5222,84.8673,1.000000,8,1
21,2,116.8101,420.4119,552.8633,96.9672,1.000000,8,1
22,1,922.0417,419.8638,359.5980,84.8816,1.000000,8,1
22,2,118.2052,420.3010,552.3344,96.9111,1.000000,8,1
23,1,921.6667,419.7655,359.6737,84.8959,1.000000,8,1
23,2,119.6030,420.1966,551.8050,96.8552,1.000000,8,1
24,1,921.2911,419.6714,359.7495,84.9104,1.000000,8,1
24,2,121.0031,420.0970,551.2753,96.7993,1.000000,8,1
25,1,920.9146,419.5819,359.8257,84.9250,1.000000,8,1
25,2,122.4044,420.0009,550.7463,96.7436,1.000000,8,1
26,1,920.5371,419.4957,359.9017,84.9397,1.000000,8,1
26,2,123.8080,419.9059,550.2166,96.6880,1.000000,8,1
27,1,920.1588,419.4131,359.9780,84.9545,1.000000,8,1
27,2,125.2121,419.8119,549.6873,96.6325,1.000000,8,1
28,1,919.7794,419.3346,360.0544,84.9694,1.000000,8,1
28,2,126.6159,419.7191,549.1594,96.5771,1.000000,8,1
29,1,919.3989,419.2591,360.1310,84.9844,1.000000,8,1
29,2,128.0202,419.6249,548.6313,96.5217,1.000000,8,1
30,1,919.0174,419.1866,360.2075,84.9995,1.000000,8,1
30,2,129.4240,419.5300,548.1041,96.4665,1.000000,8,1
31,1,918.6351,419.1178,360.2844,85.0147,1.000000,8,1
31,2,130.8256,419.4355,547.5795,96.4116,1.000000,8,1
32,1,918.2519,419.0517,360.3615,85.0300,1.000000,8,1
32,2,132.2260,419.3401,547.0556,96.3568,1.000000,8,1
33,1,917.8680,418.9883,360.4390,85.0455,1.000000,8,1
33,2,133.6241,419.2447,546.5339,96.3024,1.000000,8,1
34,1,917.4841,418.9283,360.5167,85.0611,1.000000,8,1
34,2,135.0197,419.1499,546.0143,96.2483,1.000000,8,1
35,1,917.0991,418.8708,360.5947,85.0768,1.000000,8,1
35,2,136.4126,419.0549,545.4963,96.1943,1.000000,8,1
36,1,916.7145,418.8158,360.6725,85.0926,1.000000,8,1
36,2,137.8023,418.9608,544.9807,96.1408,1.000000,8,1
37,1,916.3305,418.7637,360.7505,85.1085,1.000000,8,1
37,2,139.1881,418.8689,544.4685,96.0878,1.000000,8,1
38,1,915.9470,418.7141,360.8290,85.1245,1.000000,8,1
38,2,140.5716,418.7782,543.9581,96.0351,1.000000,8,1
39,1,915.5646,418.6672,360.9075,85.1406,1.000000,8,1
39,2,141.9519,418.6902,543.4506,95.9830,1.000000,8,1
40,1,915.1832,418.6232,360.9866,85.1570,1.000000,8,1
40,2,143.3285,418.6063,542.9469,95.9315,1.000000,8,1
41,1,914.8027,418.5811,361.0663,85.1736,1.000000,8,1
41,2,144.7019,418.5259,542.4459,95.8806,1.000000,8,1
42,1,914.4231,418.5410,361.1461,85.1903,1.000000,8,1
42,2,146.0710,418.4503,541.9493,95.8305,1.000000,8,1
43,1,914.0445,418.5034,361.2266,85.2073,1.000000,8,1
43,2,147.4350,418.3811,541.4575,95.7814,1.000000,8,1
44,1,913.6664,418.4676,361.3079,85.2244,1.000000,8,1
44,2,148.7946,418.3184,540.9690,95.7329,1.000000,8,1
45,1,913.2893,418.4335,361.3894,85.2418,1.000000,8,1
45,2,150.1496,418.2615,540.4845,95.6852,1.000000,8,1
46,1,912.9137,418.4015,361.4713,85.2593,1.000000,8,1
46,2,151.4999,418.2108,540.0042,95.6384,1.000000,8,1
47,1,912.5388,418.3717,361.5537,85.2770,1.000000,8,1
47,2,152.8458,418.1664,539.5276,95.5923,1.000000,8,1
48,1,912.1649,418.3439,361.6364,85.2948,1.000000,8,1
48,2,154.1873,418.1281,539.0548,95.5470,1.000000,8,1
49,1,911.7919,418.3182,361.7190,85.3126,1.000000,8,1
49,2,155.5243,418.0969,538.5865,95.5025,1.000000,8,1
50,1,911.4204,418.2948,361.8018,85.3306,1.000000,8,1
50,2,156.8572,418.0720,538.1211,95.4587,1.000000,8,1
51,1,911.0499,418.2736,361.8843,85.3486,1.000000,8,1
51,2,158.1859,418.0533,537.6592,95.4156,1.000000,8,1
52,1,910.6802,418.2543,361.9667,85.3666,1.000000,8,1
52,2,159.5099,418.0406,537.2021,95.3734,1.000000,8,1
53,1,910.3118,418.2370,362.0488,85.3846,1.000000,8,1
53,2,160.8302,418.0337,536.7474,95.3317,1.000000,8,1
54,1,909.9446,418.2214,362.1306,85.4025,1.000000,8,1
54,2,162.1469,418.0323,536.2957,95.2907,1.000000,8,1
55,1,909.5787,418.2077,362.2123,85.4205,1.000000,8,1
55,2,163.4597,418.0363,535.8475,95.2503,1.000000,8,1
56,1,909.2138,418.1956,362.2939,85.4385,1.000000,8,1
56,2,164.7687,418.0458,535.4019,95.2103,1.000000,8,1
57,1,908.8498,418.1851,362.3751,85.4563,1.000000,8,1
57,2,166.0741,418.0599,534.9587,95.1709,1.000000,8,1
58,1,908.4869,418.1760,362.4553,85.4741,1.000000,8,1
58,2,167.3764,418.0783,534.5179,95.1320,1.000000,8,1
59,1,908.1249,418.1682,362.5358,85.4919,1.000000,8,1
59,2,168.6750,418.1018,534.0790,95.0934,1.000000,8,1
60,1,907.7640,418.1615,362.6158,85.5096,1.000000,8,1
60,2,169.9705,418.1298,533.6422,95.0551,1.000000,8,1
61,1,907.4037,418.1555,362.6959,85.5273,1.000000,8,1
61,2,171.2627,418.1618,533.2078,95.0174,1.000000,8,1
62,1,907.0446,418.1503,362.7757,85.5450,1.000000,8,1
62,2,172.5515,418.1985,532.7751,94.9799,1.000000,8,1
63,1,906.6860,418.1455,362.8552,85.5626,1.000000,8,1
63,2,173.8372,418.2394,532.3444,94.9428,1.000000,8,1
64,1,906.3278,418.1410,362.9347,85.5802,1.000000,8,1
64,2,175.1207,418.2839,531.9151,94.9061,1.000000,8,1
65,1,905.9705,418.1367,363.0140,85.5978,1.000000,8,1
65,2,176.4008,418.3333,531.4873,94.8695,1.000000,8,1
66,1,905.6136,418.1325,363.0935,85.6155,1.000000,8,1
66,2,177.6787,418.3872,531.0604,94.8331,1.000000,8,1
67,1,905.2567,418.1285,363.1731,85.6332,1.000000,8,1
67,2,178.9552,418.4447,530.6342,94.7970,1.000000,8,1
68,1,904.9006,418.1242,363.2531,85.6509,1.000000,8,1
68,2,180.2294,418.5061,530.2085,94.7607,1.000000,8,1
69,1,904.5450,418.1196,363.3332,85.6688,1.000000,8,1
69,2,181.5020,418.5708,529.7833,94.7247,1.000000,8,1
70,1,904.1890,418.1146,363.4136,85.6867,1.000000,8,1
70,2,182.7737,418.6390,529.3585,94.6888,1.000000,8,1
71,1,903.8333,418.1088,363.4944,85.7047,1.000000,8,1
71,2,184.0445,418.7111,528.9331,94.6526,1.000000,8,1
72,1,903.4775,418.1023,363.5756,85.7227,1.000000,8,1
72,2,185.3148,418.7863,528.5071,94.6165,1.000000,8,1
73,1,903.1216,418.0951,363.6567,85.7408,1.000000,8,1
73,2,186.5851,418.8645,528.0804,94.5802,1.000000,8,1
74,1,902.7656,418.0867,363.7385,85.7591,1.000000,8,1
74,2,187.8551,418.9471,527.6521,94.5436,1.000000,8,1
75,1,902.4098,418.0771,363.8206,85.7773,1.000000,8,1
75,2,189.1249,419.0330,527.2226,94.5067,1.000000,8,1
76,1,902.0538,418.0663,363.9026,85.7956,1.000000,8,1
76,2,190.3955,419.1216,526.7914,94.4696,1.000000,8,1
77,1,901.6985,418.0544,363.9852,85.8140,1.000000,8,1
77,2,191.6661,419.2137,526.3586,94.4321,1.000000,8,1
78,1,901.3436,418.0415,364.0680,85.8324,1.000000,8,1
78,2,192.9370,419.3080,525.9241,94.3943,1.000000,8,1
79,1,900.9893,418.0273,364.1508,85.8508,1.000000,8,1
79,2,194.2090,419.4042,525.4873,94.3561,1.000000,8,1
80,1,900.6360,418.0116,364.2339,85.8692,1.000000,8,1
80,2,195.4813,419.5027,525.0483,94.3173,1.000000,8,1
81,1,900.2831,417.9945,364.3168,85.8876,1.000000,8,1
81,2,196.7546,419.6022,524.6067,94.2781,1.000000,8,1
82,1,899.9304,417.9758,364.4000,85.9060,1.000000,8,1
82,2,198.0295,419.7017,524.1622,94.2382,1.000000,8,1
83,1,899.5784,417.9554,364.4834,85.9245,1.000000,8,1
83,2,199.3055,419.8025,523.7151,94.1977,1.000000,8,1
84,1,899.2267,417.9335,364.5671,85.9431,1.000000,8,1
84,2,200.5818,419.9039,523.2660,94.1568,1.000000,8,1
85,1,898.8752,417.9096,364.6512,85.9616,1.000000,8,1
85,2,201.8597,420.0055,522.8143,94.1154,1.000000,8,1
86,1,898.5245,417.8842,364.7354,85.9802,1.000000,8,1
86,2,203.1377,420.1080,522.3605,94.0735,1.000000,8,1
87,1,898.1743,417.8575,364.8198,85.9989,1.000000,8,1
87,2,204.4165,420.2116,521.9047,94.0311,1.000000,8,1
88,1,897.8246,417.8294,364.9044,86.0176,1.000000,8,1
88,2,205.6956,420.3159,521.4471,93.9884,1.000000,8,1
89,1,897.4755,417.7998,364.9898,86.0364,1.000000,8,1
89,2,206.9742,420.4213,520.9886,93.9453,1.000000,8,1
90,1,897.1274,417.7697,365.0754,86.0553,1.000000,8,1
90,2,208.2526,420.5276,520.5292,93.9022,1.000000,8,1
91,1,896.7798,417.7394,365.1613,86.0743,1.000000,8,1
91,2,209.5308,420.6345,520.0689,93.8587,1.000000,8,1
92,1,896.4328,417.7083,365.2471,86.0933,1.000000,8,1
92,2,210.8088,420.7428,519.6079,93.8151,1.000000,8,1
93,1,896.0864,417.6774,365.3334,86.1124,1.000000,8,1
93,2,212.0866,420.8521,519.1464,93.7712,1.000000,8,1
94,1,895.7405,417.6475,365.4199,86.1316,1.000000,8,1
94,2,213.3644,420.9627,518.6842,93.7273,1.000000,8,1
95,1,895.3950,417.6177,365.5070,86.1510,1.000000,8,1
95,2,214.6414,421.0761,518.2223,93.6834,1.000000,8,1
96,1,895.0499,417.5890,365.5938,86.1703,1.000000,8,1
96,2,215.9186,421.1920,517.7596,93.6394,1.000000,8,1
97,1,894.7046,417.5621,365.6809,86.1898,1.000000,8,1
97,2,217.1955,421.3096,517.2966,93.5952,1.000000,8,1
98,1,894.3593,417.5367,365.7683,86.2093,1.000000,8,1
98,2,218.4717,421.4308,516.8337,93.5512,1.000000,8,1
99,1,894.0138,417.5135,365.8556,86.2289,1.000000,8,1
99,2,219.7480,421.5553,516.3701,93.5070,1.000000,8,1
100,1,893.6681,417.4931,365.9429,86.2485,1.000000,8,1
100,2,221.0247,421.6822,515.9055,93.4626,1.000000,8,1
101,1,893.3218,417.4754,366.0303,86.2683,1.000000,8,1
101,2,222.3015,421.8132,515.4404,93.4182,1.000000,8,1
102,1,892.9749,417.4608,366.1180,86.2881,1.000000,8,1
102,2,223.5783,421.9471,514.9746,93.3736,1.000000,8,1
103,1,892.6276,417.4498,366.2060,86.3082,1.000000,8,1
103,2,224.8557,422.0828,514.5076,93.3288,1.000000,8,1
104,1,892.2797,417.4418,366.2940,86.3283,1.000000,8,1
104,2,226.1329,422.2219,514.0404,93.2839,1.000000,8,1
105,1,891.9311,417.4368,366.3825,86.3485,1.000000,8,1
105,2,227.4103,422.3635,513.5721,93.2389,1.000000,8,1
106,1,891.5821,417.4350,366.4715,86.3689,1.000000,8,1
106,2,228.6881,422.5064,513.1024,93.1936,1.000000,8,1
107,1,891.2329,417.4364,366.5612,86.3897,1.000000,8,1
107,2,229.9657,422.6515,512.6326,93.1482,1.000000,8,1
108,1,890.8837,417.4407,366.6512,86.4106,1.000000,8,1
108,2,231.2433,422.7972,512.1624,93.1027,1.000000,8,1
109,1,890.5342,417.4479,366.7418,86.4318,1.000000,8,1
109,2,232.5209,422.9422,511.6913,93.0569,1.000000,8,1
110,1,890.1854,417.4577,366.8334,86.4533,1.000000,8,1
110,2,233.7982,423.0874,511.2205,93.0111,1.000000,8,1
111,1,889.8373,417.4700,366.9261,86.4751,1.000000,8,1
111,2,235.0750,423.2315,510.7498,92.9653,1.000000,8,1
112,1,889.4906,417.4850,367.0195,86.4972,1.000000,8,1
112,2,236.3510,423.3735,510.2794,92.9195,1.000000,8,1
113,1,889.1456,417.5021,367.1140,86.5197,1.000000,8,1
113,2,237.6259,423.5144,509.8097,92.8736,1.000000,8,1
114,1,888.8022,417.5211,367.2095,86.5425,1.000000,8,1
114,2,238.8992,423.6536,509.3410,92.8279,1.000000,8,1
115,1,888.4607,417.5417,367.3058,86.5657,1.000000,8,1
115,2,240.1707,423.7903,508.8737,92.7823,1.000000,8,1
116,1,888.1207,417.5635,367.4034,86.5892,1.000000,8,1
116,2,241.4397,423.9249,508.4090,92.7370,1.000000,8,1
117,1,887.7821,417.5861,367.5020,86.6131,1.000000,8,1
117,2,242.7063,424.0571,507.9463,92.6921,1.000000,8,1
118,1,887.4450,417.6096,367.6016,86.6373,1.000000,8,1
118,2,243.9706,424.1867,507.4848,92.6471,1.000000,8,1
119,1,887.1095,417.6341,367.7030,86.6620,1.000000,8,1
119,2,245.2315,424.3144,507.0262,92.6026,1.000000,8,1
120,1,886.7755,417.6595,367.8051,86.6870,1.000000,8,1
120,2,246.4889,424.4407,506.5702,92.5585,1.000000,8,1
121,1,886.4423,417.6852,367.9080,86.7122,1.000000,8,1
121,2,247.7430,424.5654,506.1165,92.5146,1.000000,8,1
122,1,886.1103,417.7121,368.0123,86.7379,1.000000,8,1
122,2,248.9937,424.6880,505.6661,92.4713,1.000000,8,1
123,1,885.7792,417.7400,368.1171,86.7637,1.000000,8,1
123,2,250.2411,424.8095,505.2182,92.4283,1.000000,8,1
124,1,885.4486,417.7689,368.2225,86.7898,1.000000,8,1
124,2,251.4856,424.9308,504.7717,92.3855,1.000000,8,1
125,1,885.1179,417.7993,368.3284,86.8160,1.000000,8,1
125,2,252.7269,425.0531,504.3271,92.3430,1.000000,8,1
126,1,884.7869,417.8311,368.4346,86.8424,1.000000,8,1
126,2,253.9652,425.1769,503.8839,92.3005,1.000000,8,1
127,1,884.4553,417.8638,368.5410,86.8687,1.000000,8,1
127,2,255.2018,425.3019,503.4408,92.2581,1.000000,8,1
128,1,884.1229,417.8986,368.6468,86.8951,1.000000,8,1
128,2,256.4362,425.4292,502.9981,92.2157,1.000000,8,1
129,1,883.7892,417.9352,368.7526,86.9213,1.000000,8,1
129,2,257.6690,425.5591,502.5550,92.1731,1.000000,8,1
130,1,883.4540,417.9732,368.8583,86.9475,1.000000,8,1
130,2,258.9008,425.6921,502.1106,92.1303,1.000000,8,1
131,1,883.1170,418.0132,368.9628,86.9735,1.000000,8,1
131,2,260.1318,425.8283,501.6648,92.0871,1.000000,8,1
132,1,882.7782,418.0546,369.0665,86.9993,1.000000,8,1
132,2,261.3627,425.9666,501.2167,92.0433,1.000000,8,1
133,1,882.4376,418.0971,369.1700,87.0250,1.000000,8,1
133,2,262.5937,426.1058,500.7661,91.9990,1.000000,8,1
134,1,882.0942,418.1410,369.2723,87.0503,1.000000,8,1
134,2,263.8253,426.2462,500.3127,91.9541,1.000000,8,1
135,1,881.7487,418.1854,369.3739,87.0753,1.000000,8,1
135,2,265.0571,426.3860,499.8568,91.9086,1.000000,8,1
136,1,881.4008,418.2305,369.4744,87.1002,1.000000,8,1
136,2,266.2893,426.5239,499.3977,91.8622,1.000000,8,1
137,1,881.0495,418.2759,369.5737,87.1246,1.000000,8,1
137,2,267.5224,426.6598,498.9351,91.8150,1.000000,8,1
138,1,880.6955,418.3211,369.6723,87.1487,1.000000,8,1
138,2,268.7563,426.7917,498.4695,91.7670,1.000000,8,1
139,1,880.3398,418.3652,369.7701,87.1726,1.000000,8,1
139,2,269.9915,426.9175,498.0002,91.7181,1.000000,8,1
140,1,879.9816,418.4082,369.8671,87.1962,1.000000,8,1
140,2,271.2277,427.0381,497.5280,91.6683,1.000000,8,1
141,1,879.6215,418.4496,369.9633,87.2196,1.000000,8,1
141,2,272.4645,427.1522,497.0529,91.6178,1.000000,8,1
142,1,879.2599,418.4890,370.0586,87.2426,1.000000,8,1
142,2,273.7018,427.2580,496.5753,91.5664,1.000000,8,1
143,1,878.8964,418.5260,370.1531,87.2653,1.000000,8,1
143,2,274.9394,427.3566,496.0955,91.5144,1.000000,8,1
144,1,878.5311,418.5608,370.2469,87.2877,1.000000,8,1
144,2,276.1774,427.4477,495.6135,91.4616,1.000000,8,1
145,1,878.1641,418.5928,370.3403,87.3099,1.000000,8,1
145,2,277.4151,427.5305,495.1297,91.4081,1.000000,8,1
146,1,877.7953,418.6216,370.4328,87.3318,1.000000,8,1
146,2,278.6529,427.6050,494.6444,91.3542,1.000000,8,1
147,1,877.4247,418.6473,370.5248,87.3534,1.000000,8,1
147,2,279.8902,427.6721,494.1578,91.2996,1.000000,8,1
148,1,877.0525,418.6695,370.6161,87.3748,1.000000,8,1
148,2,281.1275,427.7320,493.6688,91.2443,1.000000,8,1
149,1,876.6783,418.6880,370.7068,87.3959,1.000000,8,1
149,2,282.3656,427.7842,493.1782,91.1886,1.000000,8,1
150,1,876.3024,418.7030,370.7974,87.4168,1.000000,8,1
150,2,283.6040,427.8293,492.6863,91.1321,1.000000,8,1
151,1,875.9248,418.7144,370.8875,87.4376,1.000000,8,1
151,2,284.8436,427.8675,492.1917,91.0751,1.000000,8,1
152,1,875.5450,418.7218,370.9773,87.4580,1.000000,8,1
152,2,286.0848,427.9004,491.6953,91.0174,1.000000,8,1
153,1,875.1638,418.7256,371.0667,87.4783,1.000000,8,1
153,2,287.3264,427.9287,491.1967,90.9592,1.000000,8,1
154,1,874.7808,418.7262,371.1554,87.4983,1.000000,8,1
154,2,288.5679,427.9517,490.6968,90.9005,1.000000,8,1
155,1,874.3957,418.7228,371.2441,87.5182,1.000000,8,1
155,2,289.8103,427.9707,490.1953,90.8413,1.000000,8,1
156,1,874.0093,418.7160,371.3326,87.5380,1.000000,8,1
156,2,291.0529,427.9850,489.6930,90.7817,1.000000,8,1
157,1,873.6210,418.7062,371.4208,87.5574,1.000000,8,1
157,2,292.2956,427.9934,489.1903,90.7220,1.000000,8,1
158,1,873.2311,418.6924,371.5083,87.5767,1.000000,8,1
158,2,293.5382,427.9975,488.6877,90.6621,1.000000,8,1
159,1,872.8392,418.6755,371.5961,87.5959,1.000000,8,1
159,2,294.7811,427.9962,488.1846,90.6019,1.000000,8,1
160,1,872.4458,418.6557,371.6831,87.6148,1.000000,8,1
160,2,296.0236,427.9886,487.6819,90.5416,1.000000,8,1
161,1,872.0507,418.6326,371.7701,87.6337,1.000000,8,1
161,2,297.2665,427.9754,487.1796,90.4813,1.000000,8,1
162,1,871.6542,418.6067,371.8568,87.6523,1.000000,8,1
162,2,298.5089,427.9568,486.6785,90.4210,1.000000,8,1
163,1,871.2566,418.5780,371.9429,87.6707,1.000000,8,1
163,2,299.7505,427.9323,486.1785,90.3608,1.000000,8,1
164,1,870.8580,418.5465,372.0292,87.6891,1.000000,8,1
164,2,300.9916,427.9015,485.6802,90.3008,1.000000,8,1
165,1,870.4587,418.5126,372.1151,87.7073,1.000000,8,1
165,2,302.2313,427.8646,485.1845,90.2410,1.000000,8,1
166,1,870.0591,418.4763,372.2005,87.7253,1.000000,8,1
166,2,303.4694,427.8212,484.6910,90.1816,1.000000,8,1
167,1,869.6595,418.4376,372.2859,87.7432,1.000000,8,1
167,2,304.7059,427.7712,484.2003,90.1225,1.000000,8,1
168,1,869.2598,418.3970,372.3710,87.7611,1.000000,8,1
168,2,305.9406,427.7151,483.7121,90.0638,1.000000,8,1
169,1,868.8596,418.3546,372.4554,87.7787,1.000000,8,1
169,2,307.1732,427.6534,483.2271,90.0055,1.000000,8,1
170,1,868.4596,418.3105,372.5399,87.7962,1.000000,8,1
170,2,308.4040,427.5862,482.7460,89.9480,1.000000,8,1
171,1,868.0596,418.2649,372.6240,87.8136,1.000000,8,1
171,2,309.6321,427.5145,482.2693,89.8911,1.000000,8,1
172,1,867.6600,418.2180,372.7076,87.8309,1.000000,8,1
172,2,310.8572,427.4391,481.7977,89.8351,1.000000,8,1
173,1,867.2607,418.1698,372.7911,87.8481,1.000000,8,1
173,2,312.0800,427.3579,481.3300,89.7799,1.000000,8,1
174,1,866.8615,418.1211,372.8746,87.8653,1.000000,8,1
174,2,313.3002,427.2724,480.8666,89.7253,1.000000,8,1
175,1,866.4631,418.0723,372.9572,87.8822,1.000000,8,1
175,2,314.5175,427.1844,480.4081,89.6716,1.000000,8,1
176,1,866.0651,418.0233,373.0400,87.8992,1.000000,8,1
176,2,315.7321,427.0912,479.9549,89.6189,1.000000,8,1
177,1,865.6676,417.9745,373.1226,87.9161,1.000000,8,1
177,2,316.9438,426.9945,479.5069,89.5671,1.000000,8,1
178,1,865.2710,417.9266,373.2046,87.9330,1.000000,8,1
178,2,318.1525,426.8958,479.0642,89.5164,1.000000,8,1
179,1,864.8746,417.8795,373.2866,87.9498,1.000000,8,1
179,2,319.3583,426.7932,478.6263,89.4666,1.000000,8,1
180,1,864.4786,417.8339,373.3683,87.9666,1.000000,8,1
180,2,320.5615,426.6873,478.1934,89.4177,1.000000,8,1
181,1,864.0836,417.7904,373.4499,87.9834,1.000000,8,1
181,2,321.7612,426.5787,477.7663,89.3698,1.000000,8,1
182,1,863.6886,417.7484,373.5314,88.0002,1.000000,8,1
182,2,322.9585,426.4671,477.3442,89.3230,1.000000,8,1
183,1,863.2941,417.7084,373.6127,88.0170,1.000000,8,1
183,2,324.1527,426.3533,476.9282,89.2772,1.000000,8,1
184,1,862.8998,417.6714,373.6937,88.0338,1.000000,8,1
184,2,325.3436,426.2378,476.5180,89.2327,1.000000,8,1
185,1,862.5055,417.6372,373.7747,88.0506,1.000000,8,1
185,2,326.5310,426.1193,476.1136,89.1892,1.000000,8,1
186,1,862.1111,417.6055,373.8554,88.0675,1.000000,8,1
186,2,327.7149,425.9987,475.7153,89.1469,1.000000,8,1
187,1,861.7162,417.5765,373.9357,88.0842,1.000000,8,1
187,2,328.8953,425.8765,475.3237,89.1060,1.000000,8,1
188,1,861.3207,417.5509,374.0156,88.1010,1.000000,8,1
188,2,330.0727,425.7519,474.9371,89.0659,1.000000,8,1
189,1,860.9244,417.5281,374.0955,88.1177,1.000000,8,1
189,2,331.2470,425.6260,474.5561,89.0270,1.000000,8,1
190,1,860.5275,417.5078,374.1752,88.1344,1.000000,8,1
190,2,332.4178,425.4998,474.1817,88.9894,1.000000,8,1
191,1,860.1299,417.4908,374.2545,88.1512,1.000000,8,1
191,2,333.5860,425.3723,473.8116,88.9527,1.000000,8,1
192,1,859.7314,417.4760,374.3336,88.1679,1.000000,8,1
192,2,334.7514,425.2446,473.4463,88.9169,1.000000,8,1
193,1,859.3315,417.4629,374.4126,88.1846,1.000000,8,1
193,2,335.9141,425.1174,473.0862,88.8822,1.000000,8,1
194,1,858.9294,417.4526,374.4915,88.2012,1.000000,8,1
194,2,337.0742,424.9898,472.7306,88.8484,1.000000,8,1
195,1,858.5257,417.4437,374.5700,88.2179,1.000000,8,1
195,2,338.2318,424.8625,472.3793,88.8154,1.000000,8,1
196,1,858.1210,417.4355,374.6487,88.2345,1.000000,8,1
196,2,339.3870,424.7365,472.0324,88.7835,1.000000,8,1
197,1,857.7157,417.4289,374.7272,88.2511,1.000000,8,1
197,2,340.5403,424.6108,471.6883,88.7520,1.000000,8,1
198,1,857.3099,417.4228,374.8059,88.2677,1.000000,8,1
198,2,341.6915,424.4859,471.3478,88.7213,1.000000,8,1
199,1,856.9043,417.4163,374.8844,88.2844,1.000000,8,1
199,2,342.8405,424.3633,471.0112,88.6914,1.000000,8,1
200,1,856.4995,417.4103,374.9628,88.3010,1.000000,8,1
200,2,343.9870,424.2413,470.6761,88.6618,1.000000,8,1
201,1,856.0956,417.4040,375.0413,88.3176,1.000000,8,1
201,2,345.1312,424.1200,470.3433,88.6325,1.000000,8,1
202,1,855.6927,417.3960,375.1201,88.3342,1.000000,8,1
202,2,346.2734,423.9994,470.0133,88.6039,1.000000,8,1
203,1,855.2913,417.3872,375.1980,88.3507,1.000000,8,1
203,2,347.4142,423.8778,469.6841,88.5753,1.000000,8,1
204,1,854.8911,417.3766,375.2762,88.3673,1.000000,8,1
204,2,348.5541,423.7564,469.3556,88.5469,1.000000,8,1
205,1,854.4923,417.3636,375.3547,88.3838,1.000000,8,1
205,2,349.6921,423.6363,469.0293,88.5188,1.000000,8,1
206,1,854.0952,417.3486,375.4336,88.4003,1.000000,8,1
206,2,350.8291,423.5150,468.7036,88.4908,1.000000,8,1
207,1,853.7000,417.3313,375.5125,88.4169,1.000000,8,1
207,2,351.9648,423.3942,468.3789,88.4630,1.000000,8,1
208,1,853.3060,417.3112,375.5912,88.4336,1.000000,8,1
208,2,353.0996,423.2751,468.0547,88.4353,1.000000,8,1
209,1,852.9133,417.2879,375.6700,88.4500,1.000000,8,1
209,2,354.2332,423.1559,467.7310,88.4076,1.000000,8,1
210,1,852.5223,417.2615,375.7493,88.4666,1.000000,8,1
210,2,355.3657,423.0378,467.4077,88.3800,1.000000,8,1
211,1,852.1329,417.2317,375.8292,88.4833,1.000000,8,1
211,2,356.4970,422.9227,467.0861,88.3528,1.000000,8,1
212,1,851.7450,417.1987,375.9088,88.4998,1.000000,8,1
212,2,357.6268,422.8094,466.7647,88.3256,1.000000,8,1
213,1,851.3585,417.1625,375.9888,88.5164,1.000000,8,1
213,2,358.7560,422.6991,466.4433,88.2984,1.000000,8,1
214,1,850.9731,417.1230,376.0693,88.5331,1.000000,8,1
214,2,359.8842,422.5928,466.1229,88.2714,1.000000,8,1
215,1,850.5891,417.0799,376.1503,88.5499,1.000000,8,1
215,2,361.0116,422.4893,465.8024,88.2445,1.000000,8,1
216,1,850.2065,417.0337,376.2313,88.5667,1.000000,8,1
216,2,362.1386,422.3893,465.4818,88.2175,1.000000,8,1
217,1,849.8253,416.9846,376.3137,88.5837,1.000000,8,1
217,2,363.2652,422.2936,465.1612,88.1906,1.000000,8,1
218,1,849.4456,416.9324,376.3965,88.6008,1.000000,8,1
218,2,364.3915,422.2019,464.8397,88.1636,1.000000,8,1
219,1,849.0671,416.8779,376.4800,88.6182,1.000000,8,1
219,2,365.5170,422.1145,464.5181,88.1365,1.000000,8,1
220,1,848.6898,416.8213,376.5648,88.6358,1.000000,8,1
220,2,366.6419,422.0327,464.1964,88.1096,1.000000,8,1
221,1,848.3137,416.7621,376.6499,88.6535,1.000000,8,1
221,2,367.7661,421.9545,463.8737,88.0824,1.000000,8,1
222,1,847.9385,416.7010,376.7360,88.6713,1.000000,8,1
222,2,368.8893,421.8802,463.5506,88.0552,1.000000,8,1
223,1,847.5642,416.6379,376.8231,88.6895,1.000000,8,1
223,2,370.0116,421.8107,463.2271,88.0279,1.000000,8,1
224,1,847.1912,416.5731,376.9105,88.7078,1.000000,8,1
224,2,371.1331,421.7443,462.9024,88.0004,1.000000,8,1
225,1,846.8191,416.5070,376.9994,88.7264,1.000000,8,1
225,2,372.2534,421.6814,462.5773,87.9727,1.000000,8,1
226,1,846.4484,416.4403,377.0895,88.7454,1.000000,8,1
226,2,373.3727,421.6222,462.2522,87.9450,1.000000,8,1
227,1,846.0791,416.3724,377.1807,88.7647,1.000000,8,1
227,2,374.4905,421.5656,461.9262,87.9172,1.000000,8,1
228,1,845.7108,416.3038,377.2728,88.7843,1.000000,8,1
228,2,375.6073,421.5126,461.6000,87.8893,1.000000,8,1
229,1,845.3436,416.2344,377.3660,88.8041,1.000000,8,1
229,2,376.7221,421.4639,461.2740,87.8614,1.000000,8,1
230,1,844.9780,416.1638,377.4608,88.8244,1.000000,8,1
230,2,377.8351,421.4182,460.9475,87.8333,1.000000,8,1
231,1,844.6140,416.0923,377.5565,88.8450,1.000000,8,1
231,2,378.9465,421.3762,460.6210,87.8053,1.000000,8,1
232,1,844.2511,416.0207,377.6538,88.8660,1.000000,8,1
232,2,380.0568,421.3394,460.2946,87.7773,1.000000,8,1
233,1,843.8901,415.9480,377.7520,88.8874,1.000000,8,1
233,2,381.1664,421.3067,459.9683,87.7494,1.000000,8,1
234,1,843.5305,415.8745,377.8519,88.9091,1.000000,8,1
234,2,382.2751,421.2798,459.6418,87.7215,1.000000,8,1
235,1,843.1729,415.8010,377.9529,88.9313,1.000000,8,1
235,2,383.3821,421.2610,459.3151,87.6937,1.000000,8,1
236,1,842.8165,415.7268,378.0557,88.9538,1.000000,8,1
236,2,384.4877,421.2498,458.9886,87.6660,1.000000,8,1
237,1,842.4621,415.6522,378.1595,88.9767,1.000000,8,1
237,2,385.5914,421.2463,458.6626,87.6385,1.000000,8,1
238,1,842.1095,415.5774,378.2648,89.0000,1.000000,8,1
238,2,386.6937,421.2518,458.3368,87.6111,1.000000,8,1
239,1,841.7589,415.5021,378.3712,89.0237,1.000000,8,1
239,2,387.7942,421.2651,458.0116,87.5839,1.000000,8,1
240,1,841.4098,415.4268,378.4786,89.0477,1.000000,8,1
240,2,388.8936,421.2861,457.6861,87.5568,1.000000,8,1
241,1,841.0615,415.3517,378.5870,89.0721,1.000000,8,1
241,2,389.9919,421.3152,457.3601,87.5297,1.000000,8,1
242,1,840.7144,415.2759,378.6962,89.0966,1.000000,8,1
242,2,391.0889,421.3523,457.0348,87.5027,1.000000,8,1
243,1,840.3680,415.1997,378.8062,89.1213,1.000000,8,1
243,2,392.1851,421.3964,456.7089,87.4758,1.000000,8,1
244,1,840.0219,415.1239,378.9167,89.1462,1.000000,8,1
244,2,393.2802,421.4473,456.3827,87.4489,1.000000,8,1
245,1,839.6758,415.0481,379.0275,89.1712,1.000000,8,1
245,2,394.3744,421.5053,456.0566,87.4221,1.000000,8,1
246,1,839.3295,414.9728,379.1390,89.1964,1.000000,8,1
246,2,395.4679,421.5693,455.7296,87.3951,1.000000,8,1
247,1,838.9825,414.8987,379.2505,89.2216,1.000000,8,1
247,2,396.5599,421.6391,455.4023,87.3682,1.000000,8,1
248,1,838.6345,414.8242,379.3622,89.2468,1.000000,8,1
248,2,397.6505,421.7145,455.0751,87.3412,1.000000,8,1
249,1,838.2852,414.7501,379.4736,89.2720,1.000000,8,1
249,2,398.7401,421.7942,454.7472,87.3142,1.000000,8,1
250,1,837.9346,414.6770,379.5844,89.2970,1.000000,8,1
250,2,399.8292,421.8775,454.4185,87.2870,1.000000,8,1
251,1,837.5830,414.6040,379.6954,89.3220,1.000000,8,1
251,2,400.9176,421.9659,454.0898,87.2599,1.000000,8,1
252,1,837.2310,414.5316,379.8058,89.3469,1.000000,8,1
252,2,402.0054,422.0588,453.7610,87.2327,1.000000,8,1
253,1,836.8774,414.4605,379.9159,89.3716,1.000000,8,1
253,2,403.0929,422.1559,453.4313,87.2055,1.000000,8,1
254,1,836.5228,414.3892,380.0252,89.3962,1.000000,8,1
254,2,404.1802,422.2585,453.1008,87.1781,1.000000,8,1
255,1,836.1667,414.3181,380.1343,89.4206,1.000000,8,1
255,2,405.2674,422.3658,452.7689,87.1505,1.000000,8,1
256,1,835.8090,414.2480,380.2432,89.4450,1.000000,8,1
256,2,406.3546,422.4767,452.4352,87.1224,1.000000,8,1
257,1,835.4504,414.1768,380.3514,89.4692,1.000000,8,1
257,2,407.4420,422.5938,452.0999,87.0941,1.000000,8,1
258,1,835.0910,414.1054,380.4599,89.4934,1.000000,8,1
258,2,408.5298,422.7155,451.7630,87.0656,1.000000,8,1
259,1,834.7305,414.0349,380.5681,89.5176,1.000000,8,1
259,2,409.6182,422.8408,451.4243,87.0367,1.000000,8,1
260,1,834.3690,413.9633,380.6761,89.5416,1.000000,8,1
260,2,410.7072,422.9714,451.0834,87.0074,1.000000,8,1
261,1,834.0069,413.8914,380.7844,89.5657,1.000000,8,1
261,2,411.7968,423.1060,450.7405,86.9777,1.000000,8,1
262,1,833.6440,413.8196,380.8926,89.5898,1.000000,8,1
262,2,412.8865,423.2438,450.3959,86.9476,1.000000,8,1
263,1,833.2799,413.7468,381.0009,89.6139,1.000000,8,1
263,2,413.9754,423.3864,450.0502,86.9173,1.000000,8,1
264,1,832.9145,413.6735,381.1092,89.6380,1.000000,8,1
264,2,415.0643,423.5313,449.7022,86.8865,1.000000,8,1
265,1,832.5483,413.6007,381.2177,89.6621,1.000000,8,1
265,2,416.1541,423.6759,449.3513,86.8551,1.000000,8,1
266,1,832.1813,413.5268,381.3263,89.6862,1.000000,8,1
266,2,417.2445,423.8220,448.9991,86.8233,1.000000,8,1
267,1,831.8133,413.4527,381.4352,89.7104,1.000000,8,1
267,2,418.3353,423.9674,448.6455,86.7911,1.000000,8,0.96875
268,1,831.4444,413.3795,381.5450,89.7348,1.000000,8,1
268,2,419.4267,424.1111,448.2893,86.7584,1.000000,8,1
269,1,831.0743,413.3057,381.6555,89.7593,1.000000,8,1
269,2,420.5180,424.2561,447.9318,86.7252,1.000000,8,1
270,1,830.7034,413.2326,381.7659,89.7840,1.000000,8,1
270,2,421.6093,424.4004,447.5729,86.6917,1.000000,8,0.96875
271,1,830.3315,413.1616,381.8768,89.8087,1.000000,8,1
271,2,422.7008,424.5420,447.2130,86.6580,1.000000,8,1
272,1,829.9584,413.0907,381.9885,89.8337,1.000000,8,1
272,2,423.7919,424.6843,446.8525,86.6239,1.000000,8,1
273,1,829.5838,413.0210,382.1005,89.8587,1.000000,8,1
273,2,424.8824,424.8260,446.4911,86.5897,1.000000,8,1
274,1,829.2079,412.9541,382.2123,89.8838,1.000000,8,1
274,2,425.9724,424.9661,446.1286,86.5551,1.000000,8,1
275,1,828.8308,412.8887,382.3253,89.9092,1.000000,8,1
275,2,427.0615,425.1068,445.7652,86.5202,1.000000,8,1
276,1,828.4526,412.8256,382.4384,89.9347,1.000000,8,1
276,2,428.1496,425.2473,445.4013,86.4851,1.000000,8,1
277,1,828.0726,412.7653,382.5516,89.9601,1.000000,8,1
277,2,429.2371,425.3867,445.0369,86.4498,1.000000,8,1
278,1,827.6920,412.7080,382.6656,89.9859,1.000000,8,1
278,2,430.3249,425.5272,444.6707,86.4141,1.000000,8,1
279,1,827.3107,412.6540,382.7794,90.0118,1.000000,8,1
279,2,431.4129,425.6675,444.3033,86.3781,1.000000,8,0.96875
280,1,826.9288,412.6036,382.8937,90.0378,1.000000,8,1
280,2,432.5015,425.8067,443.9345,86.3417,1.000000,8,1
281,1,826.5474,412.5571,383.0084,90.0641,1.000000,8,1
281,2,433.5895,425.9492,443.5648,86.3051,1.000000,8,0.9375
282,1,826.1655,412.5144,383.1237,90.0905,1.000000,8,1
282,2,434.6768,426.0933,443.1941,86.2682,1.000000,8,0.96875
283,1,825.7830,412.4759,383.2385,90.1170,1.000000,8,1
283,2,435.7632,426.2374,442.8223,86.2310,1.000000,8,0.9375
284,1,825.4003,412.4416,383.3541,90.1438,1.000000,8,1
284,2,436.8485,426.3843,442.4489,86.1934,1.000000,8,0.96875
285,1,825.0168,412.4118,383.4708,90.1709,1.000000,8,1
285,2,437.9329,426.5318,442.0741,86.1554,1.000000,8,1
286,1,824.6331,412.3871,383.5872,90.1981,1.000000,8,1
286,2,439.0167,426.6772,441.6977,86.1169,1.000000,8,1
287,1,824.2487,412.3674,383.7043,90.2257,1.000000,8,1
287,2,440.0990,426.8237,441.3199,86.0780,1.000000,8,0.96875
288,1,823.8636,412.3529,383.8220,90.2534,1.000000,8,1
288,2,441.1805,426.9689,440.9408,86.0387,1.000000,8,1
289,1,823.4784,412.3442,383.9397,90.2813,1.000000,8,1
289,2,442.2611,427.1107,440.5606,85.9990,1.000000,8,0.96875
290,1,823.0922,412.3417,384.0582,90.3096,1.000000,8,1
290,2,443.3403,427.2516,440.1793,85.9588,1.000000,8,0.96875
291,1,822.7052,412.3447,384.1769,90.3380,1.000000,8,1
291,2,444.4183,427.3896,439.7969,85.9184,1.000000,8,0.9375
292,1,822.3178,412.3538,384.2952,90.3665,1.000000,8,1
292,2,445.4953,427.5233,439.4136,85.8774,1.000000,8,1
293,1,821.9297,412.3700,384.4146,90.3954,1.000000,8,1
293,2,446.5701,427.6554,439.0294,85.8361,1.000000,8,1
294,1,821.5408,412.3929,384.5342,90.4245,1.000000,8,1
294,2,447.6434,427.7847,438.6447,85.7945,1.000000,8,0.9375
295,1,821.1514,412.4230,384.6538,90.4538,1.000000,8,1
295,2,448.7162,427.9093,438.2600,85.7528,1.000000,8,0.96875
296,1,820.7610,412.4606,384.7736,90.4833,1.000000,8,1
296,2,449.7873,428.0308,437.8747,85.7107,1.000000,8,0.96875
297,1,820.3702,412.5051,384.8934,90.5129,1.000000,8,1
297,2,450.8574,428.1487,437.4897,85.6686,1.000000,8,0.9375
298,1,819.9796,412.5563,385.0138,90.5429,1.000000,8,1
298,2,451.9264,428.2628,437.1050,85.6264,1.000000,8,0.9375
299,1,819.5883,412.6154,385.1347,90.5732,1.000000,8,1
299,2,452.9928,428.3745,436.7207,85.5840,1.000000,8,0.96875
300,1,819.1967,412.6812,385.2551,90.6036,1.000000,8,1
300,2,454.0575,428.4832,436.3369,85.5416,1.000000,8,1
301,1,818.8043,412.7531,385.3759,90.6341,1.000000,8,1
301,2,455.1207,428.5883,435.9532,85.4990,1.000000,8,0.96875
302,1,818.4122,412.8329,385.4974,90.6651,1.000000,8,1
302,2,456.1056,428.6915,435.6459,85.4564,1.000000,8,0.90625
303,1,818.0198,412.9188,385.6194,90.6962,1.000000,8,1
303,2,457.0618,428.7926,435.3658,85.4138,1.000000,8,0.90625
304,1,817.6268,413.0104,385.7410,90.7275,1.000000,8,1
304,2,458.0166,428.8910,435.0857,85.3710,1.000000,8,0.90625
305,1,817.2333,413.1093,385.8633,90.7589,1.000000,8,1
305,2,458.9694,428.9872,434.8052,85.3280,1.000000,8,0.90625
306,1,816.8397,413.2137,385.9852,90.7906,1.000000,8,1
306,2,459.9207,429.0813,434.5250,85.2849,1.000000,8,0.96875
307,1,816.4453,413.3234,386.1070,90.8223,1.000000,8,1
307,2,460.8708,429.1723,434.2449,85.2419,1.000000,8,1
308,1,816.0507,413.4400,386.2283,90.8541,1.000000,8,1
308,2,461.8193,429.2609,433.9647,85.1987,1.000000,8,1
309,1,815.6563,413.5619,386.3500,90.8859,1.000000,8,1
309,2,462.7664,429.3473,433.6848,85.1554,1.000000,8,0.90625
310,1,815.2624,413.6876,386.4711,90.9179,1.000000,8,1
310,2,463.7122,429.4316,433.4047,85.1120,1.000000,8,0.90625
311,1,814.8681,413.8196,386.5921,90.9498,1.000000,8,1
311,2,464.6564,429.5123,433.1246,85.0685,1.000000,8,0.875
312,1,814.4738,413.9559,386.7118,90.9816,1.000000,8,1
312,2,465.5995,429.5903,432.8445,85.0249,1.000000,8,0.90625
313,1,814.0790,414.0956,386.8306,91.0131,1.000000,8,1
313,2,466.5411,429.6659,432.5646,84.9812,1.000000,8,0.9375
314,1,813.6841,414.2414,386.9486,91.0445,1.000000,8,1
314,2,467.4805,429.7380,432.2853,84.9376,1.000000,8,0.96875
315,1,813.2889,414.3908,387.0656,91.0757,1.000000,8,1
315,2,468.4180,429.8073,432.0063,84.8939,1.000000,8,1
316,1,812.8930,414.5424,387.1812,91.1066,1.000000,8,1
316,2,469.3536,429.8734,431.7278,84.8502,1.000000,8,0.90625
317,1,812.4966,414.6993,387.2953,91.1372,1.000000,8,1
317,2,470.2877,429.9352,431.4501,84.8066,1.000000,8,0.9375
318,1,812.0995,414.8595,387.4080,91.1674,1.000000,8,1
318,2,471.2204,429.9935,431.1736,84.7631,1.000000,8,0.9375
319,1,811.7005,415.0212,387.5187,91.1972,1.000000,8,1
319,2,472.1520,430.0482,430.8984,84.7198,1.000000,8,0.78125
320,1,811.2997,415.1867,387.6274,91.2263,1.000000,8,1
320,2,473.0821,430.0988,430.6249,84.6769,1.000000,8,0.90625
321,1,810.8975,415.3541,387.7343,91.2550,1.000000,8,1
321,2,474.0106,430.1467,430.3529,84.6341,1.000000,8,0.90625
322,1,810.4943,415.5219,387.8401,91.2834,1.000000,8,1
322,2,474.9378,430.1920,430.0822,84.5915,1.000000,8,0.78125
323,1,810.0891,415.6924,387.9439,91.3112,1.000000,8,1
323,2,475.8640,430.2329,429.8135,84.5494,1.000000,8,0.90625
324,1,809.6817,415.8639,388.0458,91.3385,1.000000,8,1
324,2,476.7886,430.2713,429.5466,84.5075,1.000000,8,0.875
325,1,809.2718,416.0350,388.1457,91.3652,1.000000,8,1
325,2,477.7116,430.3077,429.2812,84.4659,1.000000,8,0.9375
326,1,808.8596,416.2078,388.2430,91.3911,1.000000,8,1
326,2,478.6331,430.3405,429.0182,84.4248,1.000000,8,0.9375
327,1,808.4451,416.3801,388.3391,91.4166,1.000000,8,1
327,2,479.5529,430.3719,428.7577,84.3842,1.000000,8,0.90625
328,1,808.0286,416.5498,388.4335,91.4417,1.000000,8,1
328,2,480.4705,430.4028,428.4994,84.3441,1.000000,8,0.84375
329,1,807.6100,416.7195,388.5265,91.4662,1.000000,8,1
329,2,481.3863,430.4306,428.2436,84.3044,1.000000,8,0.90625
330,1,807.1895,416.8879,388.6178,91.4902,1.000000,8,1
330,2,482.3005,430.4571,427.9896,84.2652,1.000000,8,0.90625
331,1,806.7672,417.0527,388.7080,91.5139,1.000000,8,1
331,2,483.2127,430.4835,427.7375,84.2263,1.000000,8,0.84375
332,1,806.3430,417.2160,388.7971,91.5371,1.000000,8,1
332,2,484.1236,430.5090,427.4877,84.1879,1.000000,8,0.8125
333,1,805.9172,417.3766,388.8851,91.5599,1.000000,8,1
333,2,485.0330,430.5347,427.2394,84.1498,1.000000,8,0.90625
334,1,805.4902,417.5328,388.9727,91.5825,1.000000,8,1
334,2,485.9408,430.5615,426.9926,84.1121,1.000000,8,0.9375
335,1,805.0620,417.6869,389.0591,91.6047,1.000000,8,1
335,2,486.8474,430.5890,426.7480,84.0748,1.000000,8,0.96875
336,1,804.6323,417.8375,389.1448,91.6267,1.000000,8,1
336,2,487.7525,430.6184,426.5052,84.0380,1.000000,8,0.90625
337,1,804.2015,417.9825,389.2306,91.6483,1.000000,8,1
337,2,488.6562,430.6504,426.2635,84.0015,1.000000,8,0.875
338,1,803.7705,418.1248,389.3154,91.6698,1.000000,8,1
338,2,489.5587,430.6840,426.0241,83.9656,1.000000,8,0.8125
339,1,803.3391,418.2630,389.4004,91.6911,1.000000,8,1
339,2,490.4600,430.7202,425.7863,83.9300,1.000000,8,0.8125
340,1,802.9074,418.3962,389.4854,91.7124,1.000000,8,1
340,2,491.3596,430.7602,425.5497,83.8947,1.000000,8,0.875
341,1,802.4757,418.5263,389.5699,91.7334,1.000000,8,1
341,2,492.2581,430.8030,425.3151,83.8600,1.000000,8,0.9375
342,1,802.0439,418.6523,389.6542,91.7543,1.000000,8,1
342,2,493.1558,430.8487,425.0818,83.8256,1.000000,8,0.78125
343,1,801.6124,418.7735,389.7382,91.7751,1.000000,8,1
343,2,494.0524,430.8983,424.8495,83.7915,1.000000,8,0.84375
344,1,801.1813,418.8918,389.8227,91.7958,1.000000,8,1
344,2,494.9490,430.9505,424.6189,83.7578,1.000000,8,0.96875
345,1,800.7504,419.0066,389.9068,91.8163,1.000000,8,1
345,2,495.8453,431.0054,424.3892,83.7244,1.000000,8,0.8125
346,1,800.3193,419.1176,389.9902,91.8366,1.000000,8,1
346,2,496.7408,431.0638,424.1602,83.6913,1.000000,8,0.84375
347,1,799.8886,419.2267,390.0734,91.8569,1.000000,8,1
347,2,497.6364,431.1251,423.9329,83.6585,1.000000,8,0.84375
348,1,799.4576,419.3329,390.1567,91.8771,1.000000,8,1
348,2,498.5314,431.1889,423.7068,83.6262,1.000000,8,0.8125
349,1,799.0264,419.4354,390.2397,91.8971,1.000000,8,1
349,2,499.4256,431.2557,423.4821,83.5941,1.000000,8,0.84375
350,1,798.5945,419.5365,390.3229,91.9171,1.000000,8,1
350,2,500.3197,431.3252,423.2591,83.5625,1.000000,8,0.71875
351,1,798.1619,419.6359,390.4061,91.9370,1.000000,8,1
351,2,501.2131,431.3972,423.0375,83.5313,1.000000,8,0.75
352,1,797.7283,419.7332,390.4893,91.9569,1.000000,8,1
352,2,502.1054,431.4720,422.8168,83.5003,1.000000,8,0.9375
353,1,797.2934,419.8297,390.5723,91.9767,1.000000,8,1
353,2,502.9973,431.5493,422.5972,83.4697,1.000000,8,0.8125
354,1,796.8578,419.9256,390.6556,91.9966,1.000000,8,1
354,2,503.8881,431.6293,422.3787,83.4394,1.000000,8,0.875
355,1,796.4221,420.0203,390.7387,92.0163,1.000000,8,1
355,2,504.7778,431.7120,422.1613,83.4092,1.000000,8,0.8125
356,1,795.9866,420.1161,390.8217,92.0361,1.000000,8,1
356,2,505.6672,431.7975,421.9457,83.3796,1.000000,8,0.90625
357,1,795.5516,420.2123,390.9047,92.0559,1.000000,8,1
357,2,506.5557,431.8857,421.7315,83.3503,1.000000,8,0.875
358,1,795.1167,420.3080,390.9882,92.0757,1.000000,8,1
358,2,507.4433,431.9764,421.5179,83.3213,1.000000,8,0.84375
359,1,794.6833,420.4058,391.0714,92.0957,1.000000,8,1
359,2,508.3304,432.0711,421.3055,83.2925,1.000000,8,0.8125
360,1,794.2510,420.5046,391.1548,92.1157,1.000000,8,1
360,2,509.2169,432.1689,421.0937,83.2640,1.000000,8,0.84375
361,1,793.8195,420.6032,391.2386,92.1357,1.000000,8,1
361,2,510.1026,432.2687,420.8824,83.2355,1.000000,8,0.78125
362,1,793.3893,420.7039,391.3221,92.1558,1.000000,8,1
362,2,510.9879,432.3727,420.6719,83.2075,1.000000,8,0.78125
363,1,792.9605,420.8055,391.4057,92.1760,1.000000,8,1
363,2,511.8725,432.4797,420.4619,83.1794,1.000000,8,0.8125
364,1,792.5333,420.9071,391.4899,92.1964,1.000000,8,1
364,2,512.7563,432.5885,420.2513,83.1513,1.000000,8,0.8125
365,1,792.1078,421.0103,391.5742,92.2169,1.000000,8,1
365,2,513.6401,432.7018,420.0413,83.1234,1.000000,8,0.75
366,1,791.6840,421.1145,391.6590,92.2375,1.000000,8,1
366,2,514.5233,432.8182,419.8310,83.0955,1.000000,8,0.9375
367,1,791.2615,421.2190,391.7448,92.2585,1.000000,8,1
367,2,515.4059,432.9362,419.6197,83.0674,1.000000,8,0.9375
368,1,790.8411,421.3242,391.8305,92.2794,1.000000,8,1
368,2,516.2881,433.0577,419.4078,83.0391,1.000000,8,0.75
369,1,790.4224,421.4296,391.9161,92.3005,1.000000,8,1
369,2,517.1701,433.1813,419.1951,83.0107,1.000000,8,0.78125
370,1,790.0045,421.5343,392.0024,92.3216,1.000000,8,1
370,2,518.0516,433.3057,418.9814,82.9820,1.000000,8,0.8125
371,1,789.5889,421.6389,392.0894,92.3429,1.000000,8,1
371,2,518.9328,433.4333,418.7661,82.9530,1.000000,8,0.875
372,1,789.1746,421.7430,392.1765,92.3644,1.000000,8,1
372,2,519.8137,433.5623,418.5493,82.9237,1.000000,8,0.65625
373,1,788.7610,421.8459,392.2642,92.3860,1.000000,8,1
373,2,520.6942,433.6912,418.3307,82.8939,1.000000,8,0.71875
374,1,788.3492,421.9487,392.3522,92.4077,1.000000,8,1
374,2,521.5747,433.8236,418.1099,82.8636,1.000000,8,0.65625
375,1,787.9381,422.0505,392.4408,92.4295,1.000000,8,1
375,2,522.4547,433.9567,417.8870,82.8328,1.000000,8,0.78125
376,1,787.5273,422.1503,392.5298,92.4515,1.000000,8,1
376,2,523.3343,434.0881,417.6612,82.8012,1.000000,8,0.75
377,1,787.1173,422.2487,392.6198,92.4737,1.000000,8,1
377,2,524.2135,434.2225,417.4326,82.7690,1.000000,8,0.90625
378,1,786.7081,422.3460,392.7104,92.4960,1.000000,8,1
378,2,525.0929,434.3568,417.2013,82.7362,1.000000,8,0.71875
379,1,786.2994,422.4426,392.8015,92.5185,1.000000,8,1
379,2,525.9726,434.4879,416.9668,82.7025,1.000000,8,0.71875
380,1,785.8902,422.5376,392.8928,92.5410,1.000000,8,1
380,2,526.8524,434.6203,416.7292,82.6681,1.000000,8,0.75
381,1,785.4807,422.6310,392.9844,92.5636,1.000000,8,1
381,2,527.7322,434.7522,416.4883,82.6328,1.000000,8,0.78125
382,1,785.0710,422.7227,393.0765,92.5862,1.000000,8,1
382,2,528.6119,434.8812,416.2440,82.5967,1.000000,8,0.75
383,1,784.6616,422.8136,393.1697,92.6092,1.000000,8,1
383,2,529.4924,435.0101,415.9958,82.5597,1.000000,8,0.71875
384,1,784.2517,422.9034,393.2634,92.6322,1.000000,8,1
384,2,530.3733,435.1366,415.7441,82.5216,1.000000,8,0.6875
385,1,783.8403,422.9915,393.3572,92.6552,1.000000,8,1
385,2,531.2543,435.2578,415.4888,82.4826,1.000000,8,0.71875
386,1,783.4288,423.0793,393.4517,92.6785,1.000000,8,1
386,2,532.1357,435.3764,415.2298,82.4427,1.000000,8,0.71875
387,1,783.0168,423.1666,393.5464,92.7018,1.000000,8,1
387,2,533.0173,435.4908,414.9677,82.4020,1.000000,8,0.65625
388,1,782.6035,423.2531,393.6415,92.7250,1.000000,8,1
388,2,533.8991,435.5986,414.7021,82.3602,1.000000,8,0.625
389,1,782.1899,423.3389,393.7365,92.7484,1.000000,8,1
389,2,534.7812,435.7020,414.4329,82.3175,1.000000,8,0.78125
390,1,781.7750,423.4242,393.8318,92.7717,1.000000,8,1
390,2,535.6633,435.7993,414.1608,82.2739,1.000000,8,0.65625
391,1,781.3586,423.5085,393.9268,92.7949,1.000000,8,1
391,2,536.5452,435.8886,413.8855,82.2294,1.000000,8,0.59375
392,1,780.9413,423.5921,394.0220,92.8181,1.000000,8,1
392,2,537.4267,435.9734,413.6066,82.1839,1.000000,8,0.6875
393,1,780.5231,423.6755,394.1169,92.8413,1.000000,8,1
393,2,538.3077,436.0522,413.3250,82.1375,1.000000,8,0.8125
394,1,780.1034,423.7582,394.2115,92.8643,1.000000,8,1
394,2,539.1881,436.1233,413.0409,82.0904,1.000000,8,0.6875
395,1,779.6821,423.8392,394.3054,92.8870,1.000000,8,1
395,2,540.0674,436.1901,412.7538,82.0425,1.000000,8,0.6875
396,1,779.2602,423.9184,394.3985,92.9094,1.000000,8,1
396,2,540.9456,436.2518,412.4640,81.9937,1.000000,8,0.6875
397,1,778.8372,423.9962,394.4908,92.9317,1.000000,8,1
397,2,541.8224,436.3067,412.1722,81.9443,1.000000,8,0.78125
398,1,778.4125,424.0731,394.5818,92.9535,1.000000,8,1
398,2,542.6983,436.3568,411.8774,81.8940,1.000000,8,0.71875
399,1,777.9864,424.1476,394.6717,92.9749,1.000000,8,1
399,2,543.5734,436.4016,411.5804,81.8431,1.000000,8,0.59375
400,1,777.5588,424.2182,394.7604,92.9957,1.000000,8,1
400,2,544.4474,436.4410,411.2815,81.7915,1.000000,8,0.71875
401,1,777.1298,424.2884,394.8475,93.0162,1.000000,8,1
401,2,545.3202,436.4774,410.9808,81.7394,1.000000,8,0.65625
402,1,776.6993,424.3560,394.9330,93.0361,1.000000,8,1
402,2,546.1913,436.5111,410.6785,81.6868,1.000000,8,0.71875
403,1,776.2676,424.4189,395.0171,93.0555,1.000000,8,1
403,2,547.0608,436.5414,410.3748,81.6338,1.000000,8,0.71875
404,1,775.8347,424.4790,395.0994,93.0743,1.000000,8,1
404,2,547.9288,436.5692,410.0693,81.5802,1.000000,8,0.8125
405,1,775.4007,424.5354,395.1799,93.0924,1.000000,8,1
405,2,548.7955,436.5946,409.7628,81.5264,1.000000,8,0.8125
406,1,774.9655,424.5874,395.2585,93.1099,1.000000,8,1
406,2,549.6608,436.6173,409.4567,81.4724,1.000000,8,0.78125
407,1,774.5291,424.6353,395.3347,93.1266,1.000000,8,1
407,2,550.5249,436.6378,409.1487,81.4180,1.000000,8,0.75
408,1,774.0912,424.6790,395.4089,93.1426,1.000000,8,1
408,2,551.3881,436.6555,408.8401,81.3633,1.000000,8,0.71875
409,1,773.6522,424.7186,395.4818,93.1581,1.000000,8,1
409,2,552.2507,436.6701,408.5317,81.3086,1.000000,8,0.78125
410,1,773.2123,424.7523,395.5524,93.1728,1.000000,8,1
410,2,553.1125,436.6819,408.2227,81.2537,1.000000,8,0.53125
411,1,772.7714,424.7807,395.6212,93.1869,1.000000,8,1
411,2,553.9734,436.6909,407.9139,81.1987,1.000000,8,0.75
412,1,772.3293,424.8049,395.6884,93.2003,1.000000,8,1
412,2,554.8337,436.6962,407.6060,81.1438,1.000000,8,0.6875
413,1,771.8857,424.8234,395.7535,93.2130,1.000000,8,1
413,2,555.6930,436.6988,407.2977,81.0888,1.000000,8,0.625
414,1,771.4410,424.8372,395.8173,93.2253,1.000000,8,1
414,2,556.5512,436.6978,406.9901,81.0337,1.000000,8,0.6875
415,1,770.9952,424.8456,395.8793,93.2369,1.000000,8,1
415,2,557.4086,436.6925,406.6837,80.9790,1.000000,8,0.5625
416,1,770.5482,424.8474,395.9399,93.2478,1.000000,8,1
416,2,558.2645,436.6831,406.3779,80.9242,1.000000,8,0.65625
417,1,770.1004,424.8437,395.9992,93.2583,1.000000,8,1
417,2,559.1198,436.6693,406.0732,80.8696,1.000000,8,0.625
418,1,769.6517,424.8356,396.0574,93.2683,1.000000,8,1
418,2,559.9744,436.6504,405.7697,80.8151,1.000000,8,0.75
419,1,769.2010,424.8214,396.1141,93.2778,1.000000,8,1
419,2,560.8281,436.6260,405.4662,80.7605,1.000000,8,0.65625
420,1,768.7491,424.8017,396.1697,93.2867,1.000000,8,1
420,2,561.6809,436.5962,405.1638,80.7060,1.000000,8,0.6875
421,1,768.2965,424.7771,396.2240,93.2952,1.000000,8,1
421,2,562.5333,436.5613,404.8630,80.6518,1.000000,8,0.71875
422,1,767.8421,424.7476,396.2768,93.3031,1.000000,8,1
422,2,563.3847,436.5215,404.5626,80.5975,1.000000,8,0.8125
423,1,767.3862,424.7140,396.3287,93.3106,1.000000,8,1
423,2,564.2356,436.4767,404.2632,80.5434,1.000000,8,0.53125
424,1,766.9294,424.6761,396.3789,93.3176,1.000000,8,1
424,2,565.0867,436.4273,403.9660,80.4897,1.000000,8,0.59375
425,1,766.4702,424.6328,396.4280,93.3239,1.000000,8,1
425,2,565.9373,436.3730,403.6702,80.4362,1.000000,8,0.5625
426,1,766.0101,424.5850,396.4758,93.3299,1.000000,8,1
426,2,566.7875,436.3143,403.3760,80.3831,1.000000,8,0.75
427,1,765.5499,424.5334,396.5234,93.3357,1.000000,8,1
427,2,567.6374,436.2519,403.0835,80.3302,1.000000,8,0.59375
428,1,765.0886,424.4772,396.5701,93.3411,1.000000,8,1
428,2,568.4869,436.1844,402.7922,80.2775,1.000000,8,0.59375
429,1,764.6267,424.4170,396.6165,93.3463,1.000000,8,1
429,2,569.3361,436.1127,402.5024,80.2250,1.000000,8,0.59375
430,1,764.1653,424.3534,396.6623,93.3514,1.000000,8,1
430,2,570.1855,436.0376,402.2147,80.1731,1.000000,8,0.65625
431,1,763.7039,424.2863,396.7093,93.3566,1.000000,8,1
431,2,571.0346,435.9571,401.9289,80.1214,1.000000,8,0.65625
432,1,763.2427,424.2159,396.7572,93.3620,1.000000,8,1
432,2,571.8832,435.8720,401.6453,80.0702,1.000000,8,0.59375
433,1,762.7823,424.1425,396.8057,93.3676,1.000000,8,1
433,2,572.7318,435.7826,401.3642,80.0195,1.000000,8,0.53125
434,1,762.3209,424.0663,396.8550,93.3733,1.000000,8,1
434,2,573.5801,435.6862,401.0843,79.9689,1.000000,8,0.5625
435,1,761.8591,423.9880,396.9048,93.3790,1.000000,8,1
435,2,574.4283,435.5844,400.8060,79.9186,1.000000,8,0.6875
436,1,761.3977,423.9083,396.9556,93.3851,1.000000,8,1
436,2,575.2764,435.4781,400.5300,79.8687,1.000000,8,0.5625
437,1,760.9364,423.8261,397.0072,93.3913,1.000000,8,1
437,2,576.1240,435.3640,400.2557,79.8191,1.000000,8,0.6875
438,1,760.4752,423.7429,397.0596,93.3977,1.000000,8,1
438,2,576.9713,435.2436,399.9827,79.7696,1.000000,8,0.6875
439,1,760.0142,423.6593,397.1125,93.4043,1.000000,8,1
439,2,577.8184,435.1183,399.7115,79.7205,1.000000,8,0.6875
440,1,759.5529,423.5721,397.1663,93.4109,1.000000,8,1
440,2,578.6651,434.9852,399.4422,79.6717,1.000000,8,0.5625
441,1,759.0915,423.4836,397.2204,93.4177,1.000000,8,1
441,2,579.5116,434.8462,399.1749,79.6232,1.000000,8,0.6875
442,1,758.6304,423.3956,397.2749,93.4246,1.000000,8,1
442,2,580.3580,434.7030,398.9099,79.5752,1.000000,8,0.65625
443,1,758.1695,423.3049,397.3298,93.4315,1.000000,8,1
443,2,581.2037,434.5536,398.6463,79.5274,1.000000,8,0.59375
444,1,757.7085,423.2125,397.3849,93.4385,1.000000,8,1
444,2,582.0487,434.3997,398.3842,79.4798,1.000000,8,0.6875
445,1,757.2477,423.1196,397.4404,93.4456,1.000000,8,1
445,2,582.8936,434.2433,398.1240,79.4326,1.000000,8,0.5625
446,1,756.7874,423.0248,397.4965,93.4528,1.000000,8,1
446,2,583.7379,434.0816,397.8658,79.3858,1.000000,8,0.71875
447,1,756.3273,422.9286,397.5531,93.4600,1.000000,8,1
447,2,584.5820,433.9168,397.6096,79.3394,1.000000,8,0.59375
448,1,755.8672,422.8318,397.6088,93.4671,1.000000,8,1
448,2,585.4264,433.7502,397.3555,79.2935,1.000000,8,0.5625
449,1,755.4072,422.7321,397.6644,93.4740,1.000000,8,1
449,2,586.2719,433.5783,397.1033,79.2479,1.000000,8,0.625
450,1,754.9473,422.6304,397.7202,93.4810,1.000000,8,1
450,2,587.1184,433.4037,396.8532,79.2028,1.000000,8,0.59375
451,1,754.4883,422.5274,397.7762,93.4880,1.000000,8,1
451,2,587.9656,433.2298,396.6053,79.1584,1.000000,8,0.65625
452,1,754.0292,422.4207,397.8326,93.4950,1.000000,8,1
452,2,588.8131,433.0539,396.3595,79.1142,1.000000,8,0.625
453,1,753.5705,422.3117,397.8887,93.5018,1.000000,8,1
453,2,589.6609,432.8774,396.1155,79.0707,1.000000,8,0.46875
454,1,753.1119,422.2014,397.9446,93.5086,1.000000,8,1
454,2,590.5093,432.7018,395.8741,79.0277,1.000000,8,0.6875
455,1,752.6537,422.0865,398.0005,93.5153,1.000000,8,1
455,2,591.3581,432.5238,395.6348,78.9851,1.000000,8,0.59375
456,1,752.1959,421.9685,398.0568,93.5220,1.000000,8,1
456,2,592.2073,432.3451,395.3977,78.9432,1.000000,8,0.65625
457,1,751.7388,421.8486,398.1131,93.5287,1.000000,8,1
457,2,593.0573,432.1671,395.1628,78.9017,1.000000,8,0.59375
458,1,751.2827,421.7240,398.1694,93.5353,1.000000,8,1
458,2,593.9078,431.9865,394.9301,78.8607,1.000000,8,0.59375
459,1,750.8267,421.5962,398.2258,93.5418,1.000000,8,1
459,2,594.7589,431.8047,394.6992,78.8203,1.000000,8,0.40625
460,1,750.3715,421.4656,398.2819,93.5483,1.000000,8,1
460,2,595.6103,431.6234,394.4698,78.7801,1.000000,8,0.65625
461,1,749.9161,421.3299,398.3385,93.5547,1.000000,8,1
461,2,596.4623,431.4394,394.2429,78.7405,1.000000,8,0.6875
462,1,749.4609,421.1906,398.3950,93.5610,1.000000,8,1
462,2,597.3145,431.2546,394.0174,78.7012,1.000000,8,0.6875
463,1,749.0060,421.0484,398.4520,93.5674,1.000000,8,1
463,2,598.1667,431.0706,393.7931,78.6622,1.000000,8,0.6875
464,1,748.5514,420.9009,398.5099,93.5739,1.000000,8,1
464,2,599.0193,430.8839,393.5704,78.6236,1.000000,8,0.4375
465,1,748.0968,420.7497,398.5682,93.5804,1.000000,8,1
465,2,599.8722,430.6964,393.3495,78.5854,1.000000,8,0.59375
466,1,747.6420,420.5955,398.6263,93.5869,1.000000,8,1
466,2,600.7255,430.5101,393.1307,78.5477,1.000000,8,0.59375
467,1,747.1870,420.4357,398.6853,93.5934,1.000000,8,1
467,2,601.5786,430.3218,392.9128,78.5102,1.000000,8,0.53125
468,1,746.7322,420.2717,398.7451,93.6001,1.000000,8,1
468,2,602.4319,430.1333,392.6960,78.4730,1.000000,8,0.71875
469,1,746.2774,420.1047,398.8054,93.6068,1.000000,8,1
469,2,603.2853,429.9469,392.4810,78.4361,1.000000,8,0.375
470,1,745.8224,419.9323,398.8666,93.6137,1.000000,8,1
470,2,604.1389,429.7592,392.2675,78.3997,1.000000,8,0.53125
471,1,745.3673,419.7555,398.9286,93.6207,1.000000,8,1
471,2,604.9922,429.5727,392.0554,78.3636,1.000000,8,0.5
472,1,744.9122,419.5749,398.9910,93.6276,1.000000,8,1
472,2,605.8453,429.3894,391.8446,78.3279,1.000000,8,0.65625
473,1,744.4571,419.3886,399.0544,93.6348,1.000000,8,1
473,2,606.6981,429.2060,391.6348,78.2924,1.000000,8,0.53125
474,1,744.0020,419.1978,399.1189,93.6422,1.000000,8,1
474,2,607.5503,429.0242,391.4258,78.2571,1.000000,8,0.5
475,1,743.5470,419.0031,399.1838,93.6495,1.000000,8,1
475,2,608.4020,428.8465,391.2178,78.2221,1.000000,8,0.625
476,1,743.0922,418.8023,399.2501,93.6571,1.000000,8,1
476,2,609.2531,428.6689,391.0110,78.1874,1.000000,8,0.5625
477,1,742.6383,418.5968,399.3170,93.6648,1.000000,8,1
477,2,610.1034,428.4936,390.8048,78.1529,1.000000,8,0.78125
478,1,742.1852,418.3878,399.3856,93.6729,1.000000,8,1
478,2,610.9525,428.3231,390.5991,78.1185,1.000000,8,0.40625
479,1,741.7331,418.1725,399.4549,93.6812,1.000000,8,1
479,2,611.8006,428.1531,390.3940,78.0843,1.000000,8,0.65625
480,1,741.2817,417.9525,399.5251,93.6895,1.000000,8,1
480,2,612.6479,427.9856,390.1899,78.0503,1.000000,8,0.46875
481,1,740.8314,417.7284,399.5959,93.6979,1.000000,8,1
481,2,613.4942,427.8232,389.9863,78.0165,1.000000,8,0.5625
482,1,740.3826,417.4982,399.6682,93.7066,1.000000,8,1
482,2,614.3391,427.6614,389.7830,77.9828,1.000000,8,0.5625
483,1,739.9356,417.2633,399.7422,93.7157,1.000000,8,1
483,2,615.1826,427.5027,389.5800,77.9492,1.000000,8,0.46875
484,1,739.4911,417.0254,399.8174,93.7251,1.000000,8,1
484,2,616.0245,427.3494,389.3774,77.9157,1.000000,8,0.625
485,1,739.0485,416.7818,399.8932,93.7346,1.000000,8,1
485,2,616.8647,427.1967,389.1755,77.8824,1.000000,8,0.46875
486,1,738.6083,416.5341,399.9698,93.7443,1.000000,8,1
486,2,617.7032,427.0472,388.9745,77.8493,1.000000,8,0.625
487,1,738.1705,416.2841,400.0479,93.7543,1.000000,8,1
487,2,618.5402,426.9029,388.7740,77.8165,1.000000,8,0.5
488,1,737.7347,416.0292,400.1268,93.7645,1.000000,8,1
488,2,619.3752,426.7596,388.5741,77.7837,1.000000,8,0.34375
489,1,737.3010,415.7709,400.2073,93.7751,1.000000,8,1
489,2,620.2087,426.6199,388.3749,77.7511,1.000000,8,0.4375
490,1,736.8698,415.5107,400.2897,93.7862,1.000000,8,1
490,2,621.0405,426.4859,388.1769,77.7188,1.000000,8,0.6875
491,1,736.4401,415.2463,400.3729,93.7975,1.000000,8,1
491,2,621.8707,426.3531,387.9792,77.6867,1.000000,8,0.53125
492,1,736.0121,414.9795,400.4578,93.8091,1.000000,8,1
492,2,622.6992,426.2242,387.7820,77.6546,1.000000,8,0.46875
493,1,735.5864,414.7118,400.5442,93.8213,1.000000,8,1
493,2,623.5262,426.1016,387.5852,77.6228,1.000000,8,0.65625
494,1,735.1627,414.4413,400.6327,93.8340,1.000000,8,1
494,2,624.3519,425.9804,387.3889,77.5911,1.000000,8,0.4375
495,1,734.7405,414.1698,400.7222,93.8471,1.000000,8,1
495,2,625.1763,425.8627,387.1928,77.5595,1.000000,8,0.4375
496,1,734.3204,413.8991,400.8135,93.8606,1.000000,8,1
496,2,625.9990,425.7516,386.9973,77.5280,1.000000,8,0.5
497,1,733.9019,413.6271,400.9060,93.8744,1.000000,8,1
497,2,626.8201,425.6425,386.8012,77.4965,1.000000,8,0.5
498,1,733.4848,413.3552,400.9996,93.8887,1.000000,8,1
498,2,627.6400,425.5369,386.6050,77.4650,1.000000,8,0.5
499,1,733.0695,413.0855,401.0961,93.9037,1.000000,8,1
499,2,628.4588,425.4363,386.4091,77.4335,1.000000,8,0.53125
500,1,732.6569,412.8151,401.1949,93.9195,1.000000,8,1
500,2,629.2759,425.3378,386.2131,77.4022,1.000000,8,0.46875
501,1,732.2458,412.5458,401.2960,93.9360,1.000000,8,1
501,2,630.0913,425.2418,386.0171,77.3707,1.000000,8,0.375
502,1,731.8359,412.2797,401.3988,93.9531,1.000000,8,1
502,2,630.9052,425.1490,385.8206,77.3392,1.000000,8,0.46875
503,1,731.4282,412.0140,401.5043,93.9709,1.000000,8,1
503,2,631.7172,425.0569,385.6234,77.3075,1.000000,8,0.5
504,1,731.0220,411.7506,401.6124,93.9896,1.000000,8,1
504,2,632.5281,424.9664,385.4261,77.2757,1.000000,8,0.46875
505,1,730.6170,411.4913,401.7224,94.0089,1.000000,8,1
505,2,633.3379,424.8783,385.2292,77.2441,1.000000,8,0.375
506,1,730.2129,411.2335,401.8341,94.0288,1.000000,8,1
506,2,634.1464,424.7892,385.0321,77.2123,1.000000,8,0.5625
507,1,729.8098,410.9788,401.9485,94.0495,1.000000,8,1
507,2,634.9536,424.7010,384.8351,77.1806,1.000000,8,0.5
508,1,729.4078,410.7289,402.0654,94.0710,1.000000,8,1
508,2,635.7596,424.6154,384.6383,77.1490,1.000000,8,0.53125
509,1,729.0067,410.4810,402.1846,94.0933,1.000000,8,1
509,2,636.5652,424.5286,384.4425,77.1175,1.000000,8,0.4375
510,1,728.6063,410.2369,402.3058,94.1163,1.000000,8,1
510,2,637.3702,424.4420,384.2476,77.0862,1.000000,8,0.59375
511,1,728.2063,409.9981,402.4296,94.1401,1.000000,8,1
511,2,638.1743,424.3572,384.0540,77.0553,1.000000,8,0.46875
512,1,727.8066,409.7621,402.5558,94.1646,1.000000,8,1
512,2,638.9777,424.2721,383.8617,77.0247,1.000000,8,0.5
513,1,727.4080,409.5301,402.6837,94.1898,1.000000,8,1
513,2,639.7806,424.1876,383.6710,76.9944,1.000000,8,0.40625
514,1,727.0106,409.3033,402.8143,94.2158,1.000000,8,1
514,2,640.5834,424.1052,383.4821,76.9646,1.000000,8,0.5
515,1,726.6141,409.0794,402.9471,94.2427,1.000000,8,1
515,2,641.3856,424.0222,383.2948,76.9352,1.000000,8,0.40625
516,1,726.2178,408.8596,403.0829,94.2702,1.000000,8,1
516,2,642.1878,423.9399,383.1093,76.9062,1.000000,8,0.5
517,1,725.8224,408.6457,403.2201,94.2986,1.000000,8,1
517,2,642.9902,423.8600,382.9266,76.8779,1.000000,8,0.40625
518,1,725.4276,408.4351,403.3602,94.3277,1.000000,8,1
518,2,643.7933,423.7815,382.7459,76.8502,1.000000,8,0.5
519,1,725.0335,408.2286,403.5021,94.3575,1.000000,8,1
519,2,644.5965,423.7056,382.5671,76.8229,1.000000,8,0.5
520,1,724.6401,408.0279,403.6459,94.3880,1.000000,8,1
520,2,645.3984,423.6335,382.3915,76.7962,1.000000,8,0.5625
521,1,724.2487,407.8310,403.7924,94.4194,1.000000,8,1
521,2,646.1880,423.5635,382.2310,76.7701,1.000000,8,0.375
522,1,723.8589,407.6384,403.9407,94.4514,1.000000,8,1
522,2,646.9781,423.4968,382.0722,76.7446,1.000000,8,0.34375
523,1,723.4704,407.4512,404.0910,94.4841,1.000000,8,1
523,2,647.7685,423.4344,381.9157,76.7196,1.000000,8,0.46875
524,1,723.0832,407.2687,404.2429,94.5175,1.000000,8,1
524,2,648.5595,423.3745,381.7612,76.6951,1.000000,8,0.40625
525,1,722.6965,407.0911,404.3966,94.5514,1.000000,8,1
525,2,649.3506,423.3175,381.6087,76.6713,1.000000,8,0.34375
526,1,722.3102,406.9191,404.5526,94.5861,1.000000,8,1
526,2,650.1425,423.2646,381.4585,76.6480,1.000000,8,0.46875
527,1,721.9236,406.7518,404.7103,94.6215,1.000000,8,1
527,2,650.9344,423.2159,381.3104,76.6253,1.000000,8,0.4375
528,1,721.5366,406.5898,404.8696,94.6574,1.000000,8,1
528,2,651.7270,423.1706,381.1646,76.6033,1.000000,8,0.40625
529,1,721.1492,406.4341,405.0301,94.6938,1.000000,8,1
529,2,652.5205,423.1279,381.0206,76.5818,1.000000,8,0.46875
530,1,720.7598,406.2832,405.1910,94.7304,1.000000,8,1
530,2,653.3152,423.0876,380.8789,76.5609,1.000000,8,0.34375
531,1,720.3687,406.1377,405.3521,94.7671,1.000000,8,1
531,2,654.1111,423.0503,380.7391,76.5406,1.000000,8,0.40625
532,1,719.9759,405.9982,405.5135,94.8041,1.000000,8,1
532,2,654.9080,423.0161,380.6019,76.5209,1.000000,8,0.65625
533,1,719.5804,405.8638,405.6746,94.8410,1.000000,8,1
533,2,655.7059,422.9841,380.4670,76.5019,1.000000,8,0.40625
534,1,719.1823,405.7349,405.8350,94.8779,1.000000,8,1
534,2,656.5046,422.9545,380.3345,76.4834,1.000000,8,0.34375
535,1,718.7813,405.6123,405.9943,94.9145,1.000000,8,1
535,2,657.3044,422.9281,380.2043,76.4656,1.000000,8,0.40625
536,1,718.3776,405.4939,406.1517,94.9508,1.000000,8,1
536,2,658.1052,422.9039,380.0765,76.4485,1.000000,8,0.375
537,1,717.9708,405.3795,406.3082,94.9867,1.000000,8,1
537,2,658.9071,422.8817,379.9514,76.4321,1.000000,8,0.34375
538,1,717.5614,405.2698,406.4626,95.0221,1.000000,8,1
538,2,659.7101,422.8616,379.8287,76.4163,1.000000,8,0.4375
539,1,717.1495,405.1631,406.6158,95.0573,1.000000,8,1
539,2,660.5140,422.8436,379.7086,76.4012,1.000000,8,0.28125
540,1,716.7356,405.0581,406.7679,95.0921,1.000000,8,1
540,2,661.3189,422.8279,379.5906,76.3867,1.000000,8,0.28125
541,1,716.3196,404.9562,406.9192,95.1267,1.000000,8,1
541,2,662.1246,422.8146,379.4750,76.3727,1.000000,8,0.4375
542,1,715.9014,404.8568,407.0688,95.1610,1.000000,8,1
542,2,662.9312,422.8029,379.3616,76.3594,1.000000,8,0.28125
543,1,715.4817,404.7593,407.2183,95.1950,1.000000,8,1
543,2,663.7384,422.7939,379.2500,76.3466,1.000000,8,0.1875
544,1,715.0613,404.6635,407.3664,95.2289,1.000000,8,1
544,2,664.5464,422.7886,379.1404,76.3343,1.000000,8,0.28125
545,1,714.6400,404.5686,407.5133,95.2623,1.000000,8,1
545,2,665.3558,422.7856,379.0325,76.3226,1.000000,8,0.15625
546,1,714.2182,404.4746,407.6591,95.2956,1.000000,8,1
546,2,666.1658,422.7858,378.9263,76.3112,1.000000,8,0.3125
547,1,713.7964,404.3814,407.8041,95.3286,1.000000,8,1
547,2,666.9760,422.7902,378.8214,76.3003,1.000000,8,0.3125
548,1,713.3747,404.2879,407.9482,95.3612,1.000000,8,1
548,2,667.7863,422.7990,378.7177,76.2898,1.000000,8,0.28125
549,1,712.9529,404.1949,408.0908,95.3935,1.000000,8,1
549,2,668.5966,422.8119,378.6152,76.2796,1.000000,8,0.4375
550,1,712.5305,404.1025,408.2322,95.4255,1.000000,8,1
550,2,669.4069,422.8288,378.5135,76.2697,1.000000,8,0.4375
551,1,712.1077,404.0096,408.3719,95.4569,1.000000,8,1
551,2,670.2172,422.8506,378.4127,76.2602,1.000000,8,0.34375
552,1,711.6851,403.9165,408.5112,95.4882,1.000000,8,1
552,2,671.0272,422.8766,378.3126,76.2508,1.000000,8,0.3125
553,1,711.2631,403.8240,408.6492,95.5192,1.000000,8,1
553,2,671.8371,422.9063,378.2127,76.2416,1.000000,8,0.28125
554,1,710.8408,403.7319,408.7859,95.5498,1.000000,8,1
554,2,672.6467,422.9400,378.1130,76.2325,1.000000,8,0.375
555,1,710.4187,403.6407,408.9214,95.5801,1.000000,8,1
555,2,673.4563,422.9775,378.0132,76.2234,1.000000,8,0.21875
556,1,709.9970,403.5514,409.0556,95.6101,1.000000,8,1
556,2,674.2658,423.0182,377.9130,76.2143,1.000000,8,0.3125
557,1,709.5748,403.4633,409.1887,95.6398,1.000000,8,1
557,2,675.0756,423.0621,377.8127,76.2053,1.000000,8,0.40625
558,1,709.1523,403.3767,409.3204,95.6691,1.000000,8,1
558,2,675.8849,423.1087,377.7122,76.1961,1.000000,8,0.25
559,1,708.7291,403.2919,409.4515,95.6983,1.000000,8,1
559,2,676.6936,423.1593,377.6111,76.1870,1.000000,8,0.28125
560,1,708.3054,403.2101,409.5817,95.7272,1.000000,8,1
560,2,677.5015,423.2122,377.5090,76.1776,1.000000,8,0.3125
561,1,707.8813,403.1315,409.7104,95.7559,1.000000,8,1
561,2,678.3087,423.2668,377.4062,76.1681,1.000000,8,0.375
562,1,707.4560,403.0565,409.8389,95.7845,1.000000,8,1
562,2,679.1152,423.3235,377.3027,76.1585,1.000000,8,0.40625
563,1,707.0279,402.9844,409.9666,95.8129,1.000000,8,1
563,2,679.9218,423.3825,377.1989,76.1488,1.000000,8,0.28125
564,1,706.5978,402.9154,410.0933,95.8411,1.000000,8,1
564,2,680.7274,423.4437,377.0947,76.1390,1.000000,8,0.34375
565,1,706.1655,402.8502,410.2198,95.8694,1.000000,8,1
565,2,681.5317,423.5070,376.9892,76.1289,1.000000,8,0.21875
566,1,705.7301,402.7880,410.3457,95.8974,1.000000,8,1
566,2,682.3349,423.5729,376.8826,76.1186,1.000000,8,0.34375
567,1,705.2926,402.7291,410.4709,95.9253,1.000000,8,1
567,2,683.1365,423.6418,376.7751,76.1081,1.000000,8,0.21875
568,1,704.8535,402.6750,410.5963,95.9533,1.000000,8,1
568,2,683.9362,423.7136,376.6658,76.0971,1.000000,8,0.09375
569,1,704.4139,402.6249,410.7208,95.9812,1.000000,8,1
569,2,684.7346,423.7881,376.5549,76.0858,1.000000,8,0.15625
570,1,703.9741,402.5787,410.8451,96.0091,1.000000,8,1
570,2,685.5314,423.8659,376.4425,76.0742,1.000000,8,0.15625
571,1,703.5342,402.5369,410.9690,96.0370,1.000000,8,1
571,2,686.3260,423.9480,376.3279,76.0621,1.000000,8,0.15625
572,1,703.0944,402.4993,411.0929,96.0651,1.000000,8,1
572,2,687.1189,424.0346,376.2117,76.0496,1.000000,8,0.21875
573,1,702.6547,402.4655,411.2172,96.0933,1.000000,8,1
573,2,687.9099,424.1254,376.0933,76.0367,1.000000,8,0.125
574,1,702.2152,402.4354,411.3412,96.1215,1.000000,8,1
574,2,688.6986,424.2198,375.9723,76.0231,1.000000,8,0.21875
575,1,701.7762,402.4083,411.4658,96.1500,1.000000,8,1
575,2,689.4854,424.3194,375.8486,76.0090,1.000000,8,0.15625
576,1,701.3375,402.3842,411.5909,96.1787,1.000000,8,1
576,2,690.2694,424.4235,375.7220,75.9942,1.000000,8,0.0625
577,1,700.8991,402.3635,411.7167,96.2076,1.000000,8,1
577,2,691.0499,424.5313,375.5919,75.9784,1.000000,8,0.28125
578,1,700.4617,402.3452,411.8430,96.2369,1.000000,8,1
578,2,691.8271,424.6444,375.4578,75.9619,1.000000,8,0.15625
579,1,700.0250,402.3303,411.9703,96.2665,1.000000,8,1
579,2,692.6008,424.7613,375.3199,75.9443,1.000000,8,0.21875
580,1,699.5895,402.3189,412.0993,96.2966,1.000000,8,1
580,2,693.3710,424.8803,375.1778,75.9257,1.000000,8,0.1875
581,1,699.1542,402.3102,412.2289,96.3270,1.000000,8,1
581,2,694.1372,425.0035,375.0315,75.9061,1.000000,8,0.09375
582,1,698.7195,402.3043,412.3594,96.3578,1.000000,8,1
582,2,694.8994,425.1289,374.8813,75.8855,1.000000,8,0.15625
583,1,698.2850,402.3011,412.4913,96.3889,1.000000,8,1
583,2,695.6581,425.2545,374.7266,75.8638,1.000000,8,0.09375
584,1,697.8513,402.3019,412.6237,96.4204,1.000000,8,1
584,2,696.4133,425.3815,374.5676,75.8410,1.000000,8,0.09375
585,1,697.4182,402.3069,412.7573,96.4524,1.000000,8,1
585,2,697.1650,425.5089,374.4050,75.8172,1.000000,8,0.21875
586,1,696.9854,402.3169,412.8925,96.4849,1.000000,8,1
586,2,697.9127,425.6363,374.2386,75.7924,1.000000,8,0.21875
587,1,696.5521,402.3323,413.0284,96.5177,1.000000,8,1
587,2,698.6575,425.7640,374.0681,75.7666,1.000000,8,0.0625
588,1,696.1188,402.3524,413.1649,96.5509,1.000000,8,1
588,2,699.3997,425.8912,373.8942,75.7399,1.000000,8,0.21875
589,1,695.6855,402.3770,413.3027,96.5845,1.000000,8,1
589,2,700.1394,426.0182,373.7173,75.7124,1.000000,8,0.125
590,1,695.2526,402.4088,413.4413,96.6185,1.000000,8,1
590,2,700.8762,426.1482,373.5380,75.6843,1.000000,8,0.15625
591,1,694.8192,402.4470,413.5803,96.6528,1.000000,8,1
591,2,701.6104,426.2794,373.3564,75.6556,1.000000,8,0.09375
592,1,694.3847,402.4911,413.7200,96.6874,1.000000,8,1
592,2,702.3422,426.4106,373.1719,75.6262,1.000000,8,0.125
593,1,693.9502,402.5434,413.8601,96.7224,1.000000,8,1
593,2,703.0718,426.5442,372.9861,75.5964,1.000000,8,0.25
594,1,693.5150,402.6028,414.0009,96.7576,1.000000,8,1
594,2,703.7996,426.6790,372.7985,75.5663,1.000000,8,0.125
595,1,693.0789,402.6684,414.1414,96.7930,1.000000,8,1
595,2,704.5261,426.8134,372.6091,75.5356,1.000000,8,0.125
596,1,692.6425,402.7440,414.2823,96.8287,1.000000,8,1
596,2,705.2515,426.9500,372.4183,75.5046,1.000000,8,0.15625
597,1,692.2054,402.8277,414.4231,96.8645,1.000000,8,1
597,2,705.9758,427.0874,372.2266,75.4733,1.000000,8,0.125
598,1,691.7676,402.9176,414.5632,96.9003,1.000000,8,1
598,2,706.6993,427.2242,372.0336,75.4417,1.000000,8,0.15625
599,1,691.3295,403.0171,414.7037,96.9365,1.000000,8,1
599,2,707.4224,427.3619,371.8392,75.4098,1.000000,8,0.09375
600,1,690.8908,403.1246,414.8436,96.9728,1.000000,8,1
600,2,708.1448,427.4995,371.6437,75.3776,1.000000,8,0.09375
601,1,690.4511,403.2394,414.9832,97.0090,1.000000,8,1
601,2,708.8671,427.6352,371.4473,75.3451,1.000000,8,0.15625
602,1,690.0110,403.3641,415.1227,97.0455,1.000000,8,1
602,2,709.5878,427.7719,371.2500,75.3124,1.000000,8,0.21875
603,1,689.5697,403.4961,415.2616,97.0819,1.000000,8,1
603,2,710.3071,427.9082,371.0520,75.2795,1.000000,8,0.1875
604,1,689.1273,403.6342,415.3992,97.1182,1.000000,8,1
604,2,711.0258,428.0417,370.8535,75.2464,1.000000,8,0.125
605,1,688.6847,403.7816,415.5367,97.1547,1.000000,8,1
605,2,711.7429,428.1742,370.6541,75.2130,1.000000,8,0.21875
606,1,688.2411,403.9364,415.6743,97.1912,1.000000,8,1
606,2,712.4592,428.3045,370.4540,75.1794,1.000000,8,0.15625
607,1,687.7963,404.0972,415.8110,97.2278,1.000000,8,1
607,2,713.1751,428.4311,370.2540,75.1457,1.000000,8,0.125
608,1,687.3507,404.2666,415.9481,97.2646,1.000000,8,1
608,2,713.8903,428.5563,370.0529,75.1117,1.000000,8,0.09375
609,1,686.9043,404.4419,416.0845,97.3014,1.000000,8,1
609,2,714.6050,428.6797,369.8518,75.0777,1.000000,8,0.15625
610,1,686.4565,404.6211,416.2202,97.3380,1.000000,8,1
610,2,715.3192,428.8007,369.6509,75.0436,1.000000,8,0.125
611,1,686.0085,404.8089,416.3558,97.3749,1.000000,8,1
611,2,716.0323,428.9211,369.4493,75.0094,1.000000,8,0.125
612,1,685.5596,405.0023,416.4914,97.4118,1.000000,8,1
612,2,716.7451,429.0406,369.2485,74.9753,1.000000,8,0.15625
613,1,685.1097,405.1993,416.6268,97.4489,1.000000,8,1
613,2,717.4581,429.1588,369.0490,74.9415,1.000000,8,0.15625
614,1,684.6595,405.4040,416.7628,97.4861,1.000000,8,1
614,2,718.1707,429.2772,368.8498,74.9078,1.000000,8,0.21875
615,1,684.2091,405.6133,416.8981,97.5234,1.000000,8,1
615,2,718.8834,429.3955,368.6516,74.8742,1.000000,8,0.125
616,1,683.7578,405.8253,417.0337,97.5608,1.000000,8,1
616,2,719.5963,429.5131,368.4547,74.8410,1.000000,8,0.125
617,1,683.3063,406.0433,417.1696,97.5983,1.000000,8,1
617,2,720.3097,429.6317,368.2589,74.8081,1.000000,8,0.1875
618,1,682.8544,406.2648,417.3055,97.6361,1.000000,8,1
618,2,721.0236,429.7505,368.0646,74.7756,1.000000,8,0.15625
619,1,682.4018,406.4885,417.4413,97.6739,1.000000,8,1
619,2,721.7382,429.8688,367.8718,74.7434,1.000000,8,0.15625
620,1,681.9492,406.7171,417.5772,97.7118,1.000000,8,1
620,2,722.4539,429.9886,367.6815,74.7118,1.000000,8,0.125
621,1,681.4962,406.9483,417.7137,97.7499,1.000000,8,1
621,2,723.1711,430.1086,367.4930,74.6808,1.000000,8,0.25
622,1,681.0428,407.1803,417.8503,97.7881,1.000000,8,1
622,2,723.8895,430.2274,367.3066,74.6502,1.000000,8,0.0625
623,1,680.5895,407.4162,417.9867,97.8262,1.000000,8,1
623,2,724.6100,430.3470,367.1224,74.6202,1.000000,8,0.15625
624,1,680.1360,407.6536,418.1226,97.8644,1.000000,8,1
624,2,725.3321,430.4662,366.9407,74.5909,1.000000,8,0.21875
625,1,679.6823,407.8907,418.2591,97.9027,1.000000,8,1
625,2,726.0562,430.5835,366.7614,74.5621,1.000000,8,0.15625
626,1,679.2291,408.1306,418.3958,97.9410,1.000000,8,1
626,2,726.7825,430.7016,366.5845,74.5339,1.000000,8,0.09375
627,1,678.7760,408.3712,418.5321,97.9794,1.000000,8,1
627,2,727.5109,430.8192,366.4105,74.5065,1.000000,8,0.09375
628,1,678.3231,408.6106,418.6679,98.0176,1.000000,8,1
628,2,728.2416,430.9348,366.2395,74.4798,1.000000,8,0.28125
629,1,677.8711,408.8518,418.8038,98.0559,1.000000,8,1
629,2,728.9750,431.0510,366.0715,74.4539,1.000000,8,0.1875
630,1,677.4195,409.0928,418.9405,98.0942,1.000000,8,1
630,2,729.7106,431.1667,365.9064,74.4287,1.000000,8,0.1875
631,1,676.9684,409.3317,419.0767,98.1326,1.000000,8,1
631,2,730.4477,431.2811,365.7431,74.4040,1.000000,8,0.3125
632,1,676.5181,409.5717,419.2122,98.1707,1.000000,8,1
632,2,731.1871,431.3972,365.5828,74.3800,1.000000,8,0.25
633,1,676.0684,409.8109,419.3474,98.2088,1.000000,8,1
633,2,731.9282,431.5135,365.4248,74.3566,1.000000,8,0.1875
634,1,675.6193,410.0474,419.4824,98.2468,1.000000,8,1
634,2,732.6714,431.6288,365.2687,74.3338,1.000000,8,0.21875
635,1,675.1710,410.2844,419.6169,98.2845,1.000000,8,1
635,2,733.4172,431.7467,365.1150,74.3116,1.000000,8,0.21875
636,1,674.7234,410.5201,419.7502,98.3220,1.000000,8,1
636,2,734.1652,431.8659,364.9631,74.2899,1.000000,8,0.15625
637,1,674.2766,410.7523,419.8831,98.3594,1.000000,8,1
637,2,734.9152,431.9848,364.8130,74.2686,1.000000,8,0.375
638,1,673.8311,410.9840,420.0159,98.3966,1.000000,8,1
638,2,735.6676,432.1074,364.6652,74.2480,1.000000,8,0.21875
639,1,673.3860,411.2142,420.1478,98.4336,1.000000,8,1
639,2,736.4218,432.2317,364.5188,74.2278,1.000000,8,0.3125
640,1,672.9416,411.4413,420.2796,98.4704,1.000000,8,1
640,2,737.1775,432.3561,364.3738,74.2080,1.000000,8,0.3125
641,1,672.4985,411.6671,420.4116,98.5073,1.000000,8,1
641,2,737.9351,432.4850,364.2302,74.1886,1.000000,8,0.34375
642,1,672.0562,411.8907,420.5432,98.5440,1.000000,8,1
642,2,738.6945,432.6156,364.0879,74.1696,1.000000,8,0.1875
643,1,671.6141,412.1109,420.6743,98.5806,1.000000,8,1
643,2,739.4550,432.7456,363.9468,74.1509,1.000000,8,0.1875
644,1,671.1732,412.3293,420.8054,98.6171,1.000000,8,1
644,2,740.2166,432.8796,363.8063,74.1325,1.000000,8,0.21875
645,1,670.7330,412.5454,420.9370,98.6538,1.000000,8,1
645,2,740.9791,433.0151,363.6669,74.1143,1.000000,8,0.28125
646,1,670.2930,412.7582,421.0688,98.6904,1.000000,8,1
646,2,741.7424,433.1500,363.5278,74.0962,1.000000,8,0.4375
647,1,669.8536,412.9689,421.2009,98.7271,1.000000,8,1
647,2,742.5062,433.2880,363.3892,74.0783,1.000000,8,0.25
648,1,669.4144,413.1767,421.3329,98.7637,1.000000,8,1
648,2,743.2703,433.4267,363.2508,74.0604,1.000000,8,0.3125
649,1,668.9744,413.3806,421.4641,98.7999,1.000000,8,1
649,2,744.0348,433.5647,363.1123,74.0426,1.000000,8,0.21875
650,1,668.5340,413.5825,421.5966,98.8364,1.000000,8,1
650,2,744.7991,433.7054,362.9734,74.0246,1.000000,8,0.28125
651,1,668.0930,413.7815,421.7297,98.8730,1.000000,8,1
651,2,745.5632,433.8464,362.8342,74.0066,1.000000,8,0.25
652,1,667.6514,413.9757,421.8635,98.9097,1.000000,8,1
652,2,746.3276,433.9865,362.6947,73.9885,1.000000,8,0.25
653,1,667.2092,414.1672,421.9976,98.9465,1.000000,8,1
653,2,747.0911,434.1299,362.5544,73.9703,1.000000,8,0.25
654,1,666.7668,414.3555,422.1323,98.9834,1.000000,8,1
654,2,747.8533,434.2744,362.4136,73.9519,1.000000,8,0.28125
655,1,666.3248,414.5393,422.2676,99.0202,1.000000,8,1
655,2,748.6144,434.4183,362.2717,73.9332,1.000000,8,0.3125
656,1,665.8828,414.7202,422.4033,99.0572,1.000000,8,1
656,2,749.3737,434.5652,362.1284,73.9142,1.000000,8,0.3125
657,1,665.4406,414.8976,422.5398,99.0942,1.000000,8,1
657,2,750.1312,434.7133,361.9841,73.8949,1.000000,8,0.21875
658,1,664.9980,415.0708,422.6770,99.1314,1.000000,8,1
658,2,750.8871,434.8600,361.8383,73.8752,1.000000,8,0.25
659,1,664.5554,415.2398,422.8141,99.1684,1.000000,8,1
659,2,751.6405,435.0092,361.6909,73.8551,1.000000,8,0.4375
660,1,664.1119,415.4049,422.9515,99.2055,1.000000,8,1
660,2,752.3914,435.1589,361.5421,73.8346,1.000000,8,0.34375
661,1,663.6681,415.5655,423.0897,99.2426,1.000000,8,1
661,2,753.1405,435.3074,361.3910,73.8135,1.000000,8,0.25
662,1,663.2232,415.7208,423.2281,99.2796,1.000000,8,1
662,2,753.8870,435.4572,361.2381,73.7920,1.000000,8,0.25
663,1,662.7776,415.8715,423.3666,99.3166,1.000000,8,1
663,2,754.6313,435.6068,361.0833,73.7698,1.000000,8,0.3125
664,1,662.3307,416.0177,423.5049,99.3534,1.000000,8,1
664,2,755.3730,435.7551,360.9266,73.7472,1.000000,8,0.28125
665,1,661.8827,416.1602,423.6436,99.3901,1.000000,8,1
665,2,756.1124,435.9042,360.7675,73.7239,1.000000,8,0.28125
666,1,661.4336,416.2980,423.7826,99.4269,1.000000,8,1
666,2,756.8491,436.0525,360.6060,73.7001,1.000000,8,0.1875
667,1,660.9833,416.4292,423.9214,99.4634,1.000000,8,1
667,2,757.5831,436.1984,360.4418,73.6754,1.000000,8,0.25
668,1,660.5313,416.5557,424.0602,99.4997,1.000000,8,1
668,2,758.3141,436.3448,360.2754,73.6502,1.000000,8,0.34375
669,1,660.0780,416.6774,424.1987,99.5358,1.000000,8,1
669,2,759.0419,436.4903,360.1071,73.6243,1.000000,8,0.1875
670,1,659.6238,416.7937,424.3363,99.5716,1.000000,8,1
670,2,759.7664,436.6328,359.9355,73.5976,1.000000,8,0.25
671,1,659.1675,416.9052,424.4746,99.6073,1.000000,8,1
671,2,760.4869,436.7741,359.7615,73.5703,1.000000,8,0.28125
672,1,658.7101,417.0120,424.6117,99.6427,1.000000,8,1
672,2,761.2039,436.9134,359.5853,73.5422,1.000000,8,0.25
673,1,658.2506,417.1135,424.7480,99.6775,1.000000,8,1
673,2,761.9172,437.0490,359.4065,73.5134,1.000000,8,0.4375
674,1,657.7898,417.2099,424.8840,99.7122,1.000000,8,1
674,2,762.6273,437.1814,359.2253,73.4839,1.000000,8,0.25
675,1,657.3279,417.3017,425.0199,99.7467,1.000000,8,1
675,2,763.3342,437.3099,359.0422,73.4537,1.000000,8,0.375
676,1,656.8647,417.3892,425.1545,99.7807,1.000000,8,1
676,2,764.0382,437.4335,358.8568,73.4229,1.000000,8,0.4375
677,1,656.3993,417.4725,425.2889,99.8145,1.000000,8,1
677,2,764.7393,437.5544,358.6692,73.3914,1.000000,8,0.28125
678,1,655.9317,417.5519,425.4225,99.8479,1.000000,8,1
678,2,765.4376,437.6716,358.4799,73.3594,1.000000,8,0.375
679,1,655.4619,417.6268,425.5542,99.8806,1.000000,8,1
679,2,766.1333,437.7838,358.2885,73.3267,1.000000,8,0.375
680,1,654.9890,417.6974,425.6855,99.9131,1.000000,8,1
680,2,766.8265,437.8920,358.0955,73.2936,1.000000,8,0.1875
681,1,654.5141,417.7641,425.8155,99.9452,1.000000,8,1
681,2,767.5175,437.9960,357.9012,73.2599,1.000000,8,0.34375
682,1,654.0366,417.8268,425.9442,99.9766,1.000000,8,1
682,2,768.2065,438.0953,357.7061,73.2259,1.000000,8,0.4375
683,1,653.5564,417.8872,426.0718,100.0076,1.000000,8,1
683,2,768.8934,438.1905,357.5095,73.1915,1.000000,8,0.4375
684,1,653.0741,417.9449,426.1979,100.0381,1.000000,8,1
684,2,769.5786,438.2813,357.3121,73.1568,1.000000,8,0.28125
685,1,652.5901,417.9987,426.3230,100.0681,1.000000,8,1
685,2,770.2627,438.3670,357.1146,73.1218,1.000000,8,0.375
686,1,652.1038,418.0499,426.4459,100.0975,1.000000,8,1
686,2,770.9442,438.4482,356.9167,73.0867,1.000000,8,0.3125
687,1,651.6157,418.0983,426.5670,100.1263,1.000000,8,1
687,2,771.6234,438.5255,356.7189,73.0515,1.000000,8,0.40625
688,1,651.1263,418.1439,426.6868,100.1545,1.000000,8,1
688,2,772.3004,438.5986,356.5210,73.0161,1.000000,8,0.4375
689,1,650.6356,418.1868,426.8052,100.1823,1.000000,8,1
689,2,772.9755,438.6657,356.3228,72.9805,1.000000,8,0.5
690,1,650.1442,418.2273,426.9218,100.2095,1.000000,8,1
690,2,773.6496,438.7269,356.1245,72.9448,1.000000,8,0.34375
691,1,649.6514,418.2657,427.0367,100.2361,1.000000,8,1
691,2,774.3232,438.7818,355.9265,72.9090,1.000000,8,0.5625
692,1,649.1572,418.3018,427.1499,100.2621,1.000000,8,1
692,2,774.9957,438.8308,355.7284,72.8731,1.000000,8,0.40625
693,1,648.6627,418.3361,427.2615,100.2876,1.000000,8,1
693,2,775.6674,438.8752,355.5306,72.8371,1.000000,8,0.34375
694,1,648.1682,418.3690,427.3716,100.3127,1.000000,8,1
694,2,776.3386,438.9147,355.3328,72.8010,1.000000,8,0.34375
695,1,647.6733,418.4001,427.4797,100.3372,1.000000,8,1
695,2,777.0093,438.9487,355.1357,72.7650,1.000000,8,0.4375
696,1,647.1786,418.4297,427.5861,100.3611,1.000000,8,1
696,2,777.6797,438.9781,354.9395,72.7290,1.000000,8,0.3125
697,1,646.6837,418.4573,427.6914,100.3846,1.000000,8,1
697,2,778.3495,439.0025,354.7432,72.6931,1.000000,8,0.40625
698,1,646.1884,418.4836,427.7949,100.4076,1.000000,8,1
698,2,779.0189,439.0228,354.5481,72.6572,1.000000,8,0.25
699,1,645.6931,418.5088,427.8967,100.4301,1.000000,8,1
699,2,779.6884,439.0399,354.3539,72.6216,1.000000,8,0.375
700,1,645.1945,418.5335,427.9996,100.4520,1.000000,8,1
700,2,780.3579,439.0530,354.1606,72.5861,1.000000,8,0.46875
701,1,644.6874,418.5584,428.1091,100.4734,1.000000,8,1
701,2,781.0269,439.0615,353.9684,72.5507,1.000000,8,0.3125
702,1,644.1806,418.5825,428.2173,100.4945,1.000000,8,1
702,2,781.6957,439.0662,353.7775,72.5155,1.000000,8,0.5
703,1,643.6743,418.6054,428.3230,100.5148,1.000000,8,1
703,2,782.3644,439.0663,353.5872,72.4805,1.000000,8,0.34375
704,1,643.1675,418.6300,428.4272,100.5347,1.000000,8,1
704,2,783.0330,439.0614,353.3979,72.4456,1.000000,8,0.28125
705,1,642.6611,418.6562,428.5295,100.5541,1.000000,8,1
705,2,783.7021,439.0524,353.2097,72.4109,1.000000,8,0.53125
706,1,642.1556,418.6837,428.6295,100.5730,1.000000,8,1
706,2,784.3723,439.0392,353.0226,72.3764,1.000000,8,0.40625
707,1,641.6503,418.7126,428.7278,100.5914,1.000000,8,1
707,2,785.0434,439.0207,352.8365,72.3421,1.000000,8,0.4375
708,1,641.1450,418.7424,428.8246,100.6093,1.000000,8,1
708,2,785.7153,438.9980,352.6515,72.3079,1.000000,8,0.4375
709,1,640.6399,418.7734,428.9197,100.6268,1.000000,8,1
709,2,786.3881,438.9713,352.4677,72.2740,1.000000,8,0.34375
710,1,640.1342,418.8073,429.0132,100.6438,1.000000,8,1
710,2,787.0613,438.9391,352.2845,72.2402,1.000000,8,0.6875
711,1,639.6288,418.8428,429.1048,100.6604,1.000000,8,1
711,2,787.7350,438.9028,352.1025,72.2065,1.000000,8,0.5625
712,1,639.1243,418.8791,429.1953,100.6766,1.000000,8,1
712,2,788.4093,438.8628,351.9216,72.1731,1.000000,8,0.59375
713,1,638.6185,418.9183,429.2843,100.6925,1.000000,8,1
713,2,789.0834,438.8179,351.7418,72.1399,1.000000,8,0.5
714,1,638.1127,418.9592,429.3715,100.7080,1.000000,8,1
714,2,789.7578,438.7690,351.5628,72.1067,1.000000,8,0.40625
715,1,637.6069,419.0011,429.4579,100.7232,1.000000,8,1
715,2,790.4329,438.7169,351.3851,72.0739,1.000000,8,0.375
716,1,637.1007,419.0456,429.5436,100.7383,1.000000,8,1
716,2,791.1078,438.6605,351.2086,72.0412,1.000000,8,0.3125
717,1,636.5943,419.0912,429.6280,100.7530,1.000000,8,1
717,2,791.7830,438.6006,351.0327,72.0087,1.000000,8,0.5625
718,1,636.0876,419.1364,429.7114,100.7674,1.000000,8,1
718,2,792.4586,438.5379,350.8583,71.9765,1.000000,8,0.5
719,1,635.5804,419.1842,429.7934,100.7814,1.000000,8,1
719,2,793.1349,438.4702,350.6841,71.9441,1.000000,8,0.21875
720,1,635.0727,419.2326,429.8743,100.7953,1.000000,8,1
720,2,793.8126,438.3993,350.5101,71.9119,1.000000,8,0.3125
721,1,634.5641,419.2798,429.9549,100.8088,1.000000,8,1
721,2,794.4919,438.3263,350.3369,71.8799,1.000000,8,0.5
722,1,634.0562,419.3276,430.0339,100.8220,1.000000,8,1
722,2,795.1720,438.2512,350.1638,71.8478,1.000000,8,0.5
723,1,633.5481,419.3754,430.1122,100.8350,1.000000,8,1
723,2,795.8524,438.1756,349.9914,71.8158,1.000000,8,0.4375
724,1,633.0405,419.4215,430.1897,100.8477,1.000000,8,1
724,2,796.5331,438.1005,349.8198,71.7842,1.000000,8,0.375
725,1,632.5328,419.4677,430.2664,100.8601,1.000000,8,1
725,2,797.2133,438.0239,349.6483,71.7524,1.000000,8,0.4375
726,1,632.0256,419.5132,430.3417,100.8722,1.000000,8,1
726,2,797.8931,437.9467,349.4772,71.7208,1.000000,8,0.34375
727,1,631.5193,419.5567,430.4161,100.8840,1.000000,8,1
727,2,798.5730,437.8691,349.3068,71.6893,1.000000,8,0.59375
728,1,631.0135,419.5984,430.4891,100.8953,1.000000,8,1
728,2,799.2522,437.7890,349.1365,71.6577,1.000000,8,0.65625
729,1,630.5083,419.6375,430.5612,100.9062,1.000000,8,1
729,2,799.9310,437.7073,348.9662,71.6262,1.000000,8,0.40625
730,1,630.0037,419.6733,430.6318,100.9168,1.000000,8,1
730,2,800.6096,437.6248,348.7964,71.5947,1.000000,8,0.3125
731,1,629.4995,419.7078,430.7009,100.9269,1.000000,8,1
731,2,801.2877,437.5387,348.6263,71.5631,1.000000,8,0.5
732,1,628.9958,419.7401,430.7695,100.9367,1.000000,8,1
732,2,801.9653,437.4507,348.4565,71.5315,1.000000,8,0.4375
733,1,628.4928,419.7699,430.8369,100.9462,1.000000,8,1
733,2,802.6426,437.3623,348.2871,71.5000,1.000000,8,0.5
734,1,627.9896,419.7977,430.9031,100.9552,1.000000,8,1
734,2,803.3192,437.2703,348.1174,71.4684,1.000000,8,0.53125
735,1,627.4858,419.8229,430.9685,100.9640,1.000000,8,1
735,2,803.9954,437.1765,347.9481,71.4368,1.000000,8,0.59375
736,1,626.9811,419.8445,431.0335,100.9724,1.000000,8,1
736,2,804.6708,437.0829,347.7792,71.4053,1.000000,8,0.59375
737,1,626.4739,419.8642,431.0974,100.9806,1.000000,8,1
737,2,805.3448,436.9859,347.6101,71.3736,1.000000,8,0.40625
738,1,625.9653,419.8821,431.1606,100.9884,1.000000,8,1
738,2,806.0173,436.8880,347.4415,71.3421,1.000000,8,0.46875
739,1,625.4551,419.8975,431.2239,100.9961,1.000000,8,1
739,2,806.6885,436.7910,347.2736,71.3107,1.000000,8,0.59375
740,1,624.9439,419.9104,431.2864,101.0035,1.000000,8,1
740,2,807.3578,436.6922,347.1057,71.2792,1.000000,8,0.5
741,1,624.4315,419.9212,431.3483,101.0107,1.000000,8,1
741,2,808.0256,436.5936,346.9385,71.2479,1.000000,8,0.5625
742,1,623.9183,419.9301,431.4093,101.0175,1.000000,8,1
742,2,808.6919,436.4972,346.7717,71.2166,1.000000,8,0.53125
743,1,623.4046,419.9373,431.4703,101.0243,1.000000,8,1
743,2,809.3568,436.4003,346.6053,71.1855,1.000000,8,0.46875
744,1,622.8899,419.9424,431.5309,101.0309,1.000000,8,1
744,2,810.0201,436.3054,346.4391,71.1544,1.000000,8,0.46875
745,1,622.3738,419.9452,431.5916,101.0374,1.000000,8,1
745,2,810.6819,436.2143,346.2732,71.1234,1.000000,8,0.65625
746,1,621.8580,419.9456,431.6516,101.0437,1.000000,8,1
746,2,811.3428,436.1246,346.1077,71.0925,1.000000,8,0.53125
747,1,621.3421,419.9436,431.7119,101.0500,1.000000,8,1
747,2,812.0026,436.0377,345.9420,71.0616,1.000000,8,0.65625
748,1,620.8257,419.9390,431.7721,101.0563,1.000000,8,1
748,2,812.6609,435.9552,345.7766,71.0309,1.000000,8,0.40625
749,1,620.3093,419.9314,431.8324,101.0624,1.000000,8,1
749,2,813.3186,435.8752,345.6111,71.0001,1.000000,8,0.4375
750,1,619.7926,419.9211,431.8933,101.0686,1.000000,8,1
750,2,813.9752,435.7989,345.4453,70.9693,1.000000,8,0.59375
751,1,619.2761,419.9078,431.9543,101.0747,1.000000,8,1
751,2,814.6300,435.7276,345.2794,70.9385,1.000000,8,0.46875
752,1,618.7596,419.8907,432.0156,101.0810,1.000000,8,1
752,2,815.2832,435.6591,345.1129,70.9076,1.000000,8,0.40625
753,1,618.2429,419.8701,432.0771,101.0872,1.000000,8,1
753,2,815.9345,435.5938,344.9457,70.8766,1.000000,8,0.4375
754,1,617.7255,419.8459,432.1389,101.0933,1.000000,8,1
754,2,816.5836,435.5323,344.7779,70.8454,1.000000,8,0.5625
755,1,617.2086,419.8173,432.2007,101.0993,1.000000,8,1
755,2,817.2312,435.4722,344.6094,70.8141,1.000000,8,0.65625
756,1,616.6916,419.7846,432.2632,101.1054,1.000000,8,1
756,2,817.8770,435.4141,344.4397,70.7825,1.000000,8,0.53125
757,1,616.1744,419.7473,432.3264,101.1116,1.000000,8,1
757,2,818.5204,435.3587,344.2687,70.7506,1.000000,8,0.5625
758,1,615.6570,419.7035,432.3901,101.1178,1.000000,8,1
758,2,819.1619,435.3051,344.0964,70.7183,1.000000,8,0.71875
759,1,615.1397,419.6548,432.4542,101.1239,1.000000,8,1
759,2,819.8011,435.2536,343.9230,70.6858,1.000000,8,0.59375
760,1,614.6220,419.6020,432.5184,101.1300,1.000000,8,1
760,2,820.4379,435.2050,343.7479,70.6528,1.000000,8,0.6875
761,1,614.1038,419.5425,432.5823,101.1359,1.000000,8,1
761,2,821.0724,435.1577,343.5710,70.6195,1.000000,8,0.65625
762,1,613.5852,419.4773,432.6470,101.1417,1.000000,8,1
762,2,821.7045,435.1122,343.3926,70.5857,1.000000,8,0.4375
763,1,613.0667,419.4070,432.7123,101.1476,1.000000,8,1
763,2,822.3337,435.0685,343.2126,70.5515,1.000000,8,0.53125
764,1,612.5475,419.3301,432.7784,101.1537,1.000000,8,1
764,2,822.9603,435.0263,343.0314,70.5170,1.000000,8,0.625
765,1,612.0278,419.2475,432.8457,101.1598,1.000000,8,1
765,2,823.5840,434.9858,342.8490,70.4822,1.000000,8,0.53125
766,1,611.5081,419.1598,432.9135,101.1659,1.000000,8,1
766,2,824.2047,434.9466,342.6652,70.4470,1.000000,8,0.59375
767,1,610.9874,419.0653,432.9834,101.1724,1.000000,8,1
767,2,824.8229,434.9077,342.4799,70.4114,1.000000,8,0.59375
768,1,610.4665,418.9658,433.0541,101.1792,1.000000,8,1
768,2,825.4388,434.8690,342.2936,70.3756,1.000000,8,0.625
769,1,609.9451,418.8618,433.1266,101.1863,1.000000,8,1
769,2,826.0526,434.8311,342.1061,70.3394,1.000000,8,0.53125
770,1,609.4230,418.7514,433.2010,101.1936,1.000000,8,1
770,2,826.6644,434.7934,341.9174,70.3029,1.000000,8,0.5625
771,1,608.9005,418.6361,433.2766,101.2013,1.000000,8,1
771,2,827.2742,434.7560,341.7275,70.2661,1.000000,8,0.59375
772,1,608.3773,418.5171,433.3542,101.2094,1.000000,8,1
772,2,827.8815,434.7191,341.5363,70.2289,1.000000,8,0.59375
773,1,607.8530,418.3914,433.4341,101.2179,1.000000,8,1
773,2,828.4870,434.6823,341.3441,70.1914,1.000000,8,0.6875
774,1,607.3279,418.2609,433.5161,101.2269,1.000000,8,1
774,2,829.0906,434.6455,341.1509,70.1537,1.000000,8,0.75
775,1,606.8027,418.1274,433.5990,101.2361,1.000000,8,1
775,2,829.6925,434.6086,340.9569,70.1157,1.000000,8,0.71875
776,1,606.2764,417.9889,433.6846,101.2460,1.000000,8,1
776,2,830.2927,434.5714,340.7625,70.0776,1.000000,8,0.34375
777,1,605.7494,417.8464,433.7714,101.2561,1.000000,8,1
777,2,830.8915,434.5341,340.5671,70.0393,1.000000,8,0.5625
778,1,605.2218,417.7012,433.8594,101.2664,1.000000,8,1
778,2,831.4889,434.4967,340.3719,70.0009,1.000000,8,0.59375
779,1,604.6946,417.5511,433.9494,101.2772,1.000000,8,1
779,2,832.0847,434.4589,340.1763,69.9625,1.000000,8,0.625
780,1,604.1676,417.3973,434.0406,101.2883,1.000000,8,1
780,2,832.6790,434.4207,339.9807,69.9239,1.000000,8,0.625
781,1,603.6409,417.2410,434.1333,101.2996,1.000000,8,1
781,2,833.2718,434.3821,339.7850,69.8853,1.000000,8,0.65625
782,1,603.1146,417.0804,434.2274,101.3113,1.000000,8,1
782,2,833.8639,434.3422,339.5890,69.8467,1.000000,8,0.59375
783,1,602.5892,416.9168,434.3229,101.3234,1.000000,8,1
783,2,834.4553,434.3014,339.3932,69.8080,1.000000,8,0.71875
784,1,602.0651,416.7513,434.4203,101.3360,1.000000,8,1
784,2,835.0459,434.2601,339.1974,69.7693,1.000000,8,0.625
785,1,601.5422,416.5812,434.5192,101.3488,1.000000,8,1
785,2,835.6365,434.2179,339.0020,69.7307,1.000000,8,0.5625
786,1,601.0208,416.4081,434.6194,101.3620,1.000000,8,1
786,2,836.2268,434.1755,338.8069,69.6922,1.000000,8,0.4375
787,1,600.5011,416.2338,434.7216,101.3758,1.000000,8,1
787,2,836.8170,434.1333,338.6125,69.6538,1.000000,8,0.6875
788,1,599.9836,416.0559,434.8254,101.3901,1.000000,8,1
788,2,837.4067,434.0898,338.4183,69.6155,1.000000,8,0.5
789,1,599.4681,415.8756,434.9315,101.4049,1.000000,8,1
789,2,837.9966,434.0457,338.2249,69.5773,1.000000,8,0.5
790,1,598.9544,415.6942,435.0390,101.4201,1.000000,8,1
790,2,838.5869,434.0020,338.0323,69.5394,1.000000,8,0.78125
791,1,598.4429,415.5099,435.1483,101.4359,1.000000,8,1
791,2,839.1769,433.9572,337.8406,69.5016,1.000000,8,0.65625
792,1,597.9334,415.3239,435.2595,101.4521,1.000000,8,1
792,2,839.7672,433.9123,337.6497,69.4640,1.000000,8,0.6875
793,1,597.4265,415.1368,435.3722,101.4690,1.000000,8,1
793,2,840.3578,433.8676,337.4597,69.4267,1.000000,8,0.75
794,1,596.9219,414.9472,435.4874,101.4864,1.000000,8,1
794,2,840.9488,433.8220,337.2712,69.3897,1.000000,8,0.5625
795,1,596.4196,414.7567,435.6050,101.5046,1.000000,8,1
795,2,841.5398,433.7764,337.0840,69.3530,1.000000,8,0.59375
796,1,595.9191,414.5668,435.7251,101.5235,1.000000,8,1
796,2,842.1313,433.7315,336.8984,69.3167,1.000000,8,0.78125
797,1,595.4206,414.3759,435.8467,101.5429,1.000000,8,1
797,2,842.7236,433.6853,336.7142,69.2808,1.000000,8,0.625
798,1,594.9239,414.1848,435.9710,101.5630,1.000000,8,1
798,2,843.3171,433.6390,336.5316,69.2452,1.000000,8,0.6875
799,1,594.4291,413.9946,436.0971,101.5837,1.000000,8,1
799,2,843.9120,433.5940,336.3510,69.2102,1.000000,8,0.71875
800,1,593.9357,413.8044,436.2245,101.6049,1.000000,8,1
800,2,844.5088,433.5485,336.1724,69.1757,1.000000,8,0.8125
801,1,593.4432,413.6154,436.3540,101.6267,1.000000,8,1
801,2,845.1073,433.5037,335.9957,69.1418,1.000000,8,0.625
802,1,592.9519,413.4290,436.4861,101.6494,1.000000,8,1
802,2,845.7076,433.4610,335.8214,69.1085,1.000000,8,0.59375
803,1,592.4613,413.2439,436.6189,101.6723,1.000000,8,1
803,2,846.3099,433.4195,335.6495,69.0757,1.000000,8,0.5625
804,1,591.9711,413.0609,436.7537,101.6958,1.000000,8,1
804,2,846.9141,433.3803,335.4803,69.0437,1.000000,8,0.5625
805,1,591.4815,412.8811,436.8908,101.7201,1.000000,8,1
805,2,847.5204,433.3440,335.3134,69.0124,1.000000,8,0.71875
806,1,590.9913,412.7041,437.0290,101.7447,1.000000,8,1
806,2,848.1283,433.3094,335.1490,68.9817,1.000000,8,0.5625
807,1,590.5006,412.5306,437.1682,101.7697,1.000000,8,1
807,2,848.7379,433.2773,334.9868,68.9517,1.000000,8,0.65625
808,1,590.0095,412.3606,437.3087,101.7952,1.000000,8,1
808,2,849.3494,433.2489,334.8271,68.9223,1.000000,8,0.5625
809,1,589.5178,412.1937,437.4493,101.8207,1.000000,8,1
809,2,849.9634,433.2229,334.6694,68.8935,1.000000,8,0.78125
810,1,589.0257,412.0303,437.5906,101.8465,1.000000,8,1
810,2,850.5793,433.1998,334.5135,68.8652,1.000000,8,0.6875
811,1,588.5341,411.8705,437.7340,101.8730,1.000000,8,1
811,2,851.1974,433.1805,334.3591,68.8374,1.000000,8,0.625
812,1,588.0421,411.7142,437.8771,101.8996,1.000000,8,1
812,2,851.8177,433.1652,334.2065,68.8101,1.000000,8,0.65625
813,1,587.5502,411.5616,438.0200,101.9263,1.000000,8,1
813,2,852.4399,433.1537,334.0555,68.7833,1.000000,8,0.6875
814,1,587.0579,411.4132,438.1644,101.9533,1.000000,8,1
814,2,853.0635,433.1458,333.9056,68.7569,1.000000,8,0.625
815,1,586.5659,411.2679,438.3093,101.9806,1.000000,8,1
815,2,853.6885,433.1412,333.7572,68.7309,1.000000,8,0.625
816,1,586.0737,411.1254,438.4549,102.0081,1.000000,8,1
816,2,854.3146,433.1392,333.6099,68.7052,1.000000,8,0.5
817,1,585.5809,410.9869,438.6005,102.0357,1.000000,8,1
817,2,854.9421,433.1391,333.4639,68.6799,1.000000,8,0.59375
818,1,585.0884,410.8510,438.7458,102.0635,1.000000,8,1
818,2,855.5704,433.1404,333.3189,68.6549,1.000000,8,0.625
819,1,584.5957,410.7176,438.8925,102.0915,1.000000,8,1
819,2,856.1996,433.1429,333.1748,68.6301,1.000000,8,0.71875
820,1,584.1035,410.5874,439.0395,102.1199,1.000000,8,1
820,2,856.8302,433.1462,333.0321,68.6057,1.000000,8,0.5
821,1,583.6111,410.4598,439.1868,102.1483,1.000000,8,1
821,2,857.4625,433.1497,332.8909,68.5817,1.000000,8,0.75
822,1,583.1188,410.3349,439.3339,102.1768,1.000000,8,1
822,2,858.0953,433.1531,332.7507,68.5579,1.000000,8,0.65625
823,1,582.6270,410.2130,439.4822,102.2056,1.000000,8,1
823,2,858.7285,433.1563,332.6111,68.5343,1.000000,8,0.625
824,1,582.1353,410.0937,439.6301,102.2344,1.000000,8,1
824,2,859.3634,433.1587,332.4728,68.5110,1.000000,8,0.71875
825,1,581.6439,409.9768,439.7779,102.2633,1.000000,8,1
825,2,859.9993,433.1605,332.3353,68.4879,1.000000,8,0.78125
826,1,581.1528,409.8624,439.9268,102.2925,1.000000,8,1
826,2,860.6355,433.1616,332.1987,68.4650,1.000000,8,0.625
827,1,580.6623,409.7500,440.0753,102.3218,1.000000,8,1
827,2,861.2732,433.1622,332.0630,68.4424,1.000000,8,0.6875
828,1,580.1718,409.6404,440.2244,102.3512,1.000000,8,1
828,2,861.9117,433.1625,331.9286,68.4200,1.000000,8,0.6875
829,1,579.6813,409.5342,440.3738,102.3807,1.000000,8,1
829,2,862.5516,433.1623,331.7953,68.3980,1.000000,8,0.59375
830,1,579.1910,409.4295,440.5231,102.4104,1.000000,8,1
830,2,863.1923,433.1614,331.6632,68.3762,1.000000,8,0.6875
831,1,578.7010,409.3270,440.6726,102.4402,1.000000,8,1
831,2,863.8339,433.1600,331.5319,68.3547,1.000000,8,0.8125
832,1,578.2105,409.2279,440.8226,102.4700,1.000000,8,1
832,2,864.4764,433.1582,331.4017,68.3333,1.000000,8,0.78125
833,1,577.7200,409.1313,440.9717,102.4999,1.000000,8,1
833,2,865.1202,433.1556,331.2721,68.3123,1.000000,8,0.78125
834,1,577.2289,409.0376,441.1210,102.5297,1.000000,8,1
834,2,865.7648,433.1523,331.1436,68.2914,1.000000,8,0.625
835,1,576.7369,408.9471,441.2702,102.5596,1.000000,8,1
835,2,866.4111,433.1481,331.0159,68.2707,1.000000,8,0.8125
836,1,576.2443,408.8589,441.4196,102.5896,1.000000,8,1
836,2,867.0585,433.1431,330.8890,68.2502,1.000000,8,0.84375
837,1,575.7511,408.7736,441.5685,102.6196,1.000000,8,1
837,2,867.7072,433.1373,330.7627,68.2299,1.000000,8,0.84375
838,1,575.2560,408.6914,441.7177,102.6495,1.000000,8,1
838,2,868.3575,433.1305,330.6371,68.2097,1.000000,8,0.71875
839,1,574.7598,408.6122,441.8665,102.6795,1.000000,8,1
839,2,869.0095,433.1223,330.5121,68.1898,1.000000,8,0.84375
840,1,574.2620,408.5363,442.0151,102.7095,1.000000,8,1
840,2,869.6628,433.1132,330.3877,68.1699,1.000000,8,0.8125
841,1,573.7623,408.4634,442.1635,102.7394,1.000000,8,1
841,2,870.3177,433.1032,330.2639,68.1502,1.000000,8,0.65625
842,1,573.2606,408.3935,442.3115,102.7693,1.000000,8,1
842,2,870.9734,433.0915,330.1405,68.1306,1.000000,8,0.5625
843,1,572.7567,408.3268,442.4591,102.7992,1.000000,8,1
843,2,871.6299,433.0782,330.0175,68.1110,1.000000,8,0.78125
844,1,572.2507,408.2635,442.6066,102.8289,1.000000,8,1
844,2,872.2877,433.0633,329.8952,68.0916,1.000000,8,0.6875
845,1,571.7426,408.2026,442.7543,102.8587,1.000000,8,1
845,2,872.9459,433.0465,329.7732,68.0723,1.000000,8,0.71875
846,1,571.2325,408.1444,442.9011,102.8884,1.000000,8,1
846,2,873.6053,433.0277,329.6518,68.0531,1.000000,8,0.71875
847,1,570.7201,408.0901,443.0479,102.9181,1.000000,8,1
847,2,874.2664,433.0074,329.5317,68.0342,1.000000,8,0.71875
848,1,570.2059,408.0383,443.1947,102.9478,1.000000,8,1
848,2,874.9282,432.9859,329.4121,68.0154,1.000000,8,0.8125
849,1,569.6900,407.9891,443.3409,102.9774,1.000000,8,1
849,2,875.5911,432.9636,329.2932,67.9968,1.000000,8,0.71875
850,1,569.1722,407.9428,443.4871,103.0069,1.000000,8,1
850,2,876.2548,432.9409,329.1752,67.9784,1.000000,8,0.71875
851,1,568.6528,407.8984,443.6332,103.0365,1.000000,8,1
851,2,876.9195,432.9179,329.0578,67.9601,1.000000,8,0.78125
852,1,568.1324,407.8565,443.7789,103.0661,1.000000,8,1
852,2,877.5852,432.8954,328.9412,67.9421,1.000000,8,0.65625
853,1,567.6107,407.8177,443.9246,103.0956,1.000000,8,1
853,2,878.2521,432.8749,328.8258,67.9245,1.000000,8,0.78125
854,1,567.0893,407.7805,444.0701,103.1251,1.000000,8,1
854,2,878.9202,432.8554,328.7115,67.9071,1.000000,8,0.84375
855,1,566.5677,407.7453,444.2155,103.1547,1.000000,8,1
855,2,879.5898,432.8372,328.5980,67.8899,1.000000,8,0.8125
856,1,566.0463,407.7123,444.3607,103.1842,1.000000,8,1
856,2,880.2611,432.8214,328.4857,67.8732,1.000000,8,0.625
857,1,565.5251,407.6805,444.5060,103.2139,1.000000,8,1
857,2,880.9337,432.8084,328.3746,67.8568,1.000000,8,0.875
858,1,565.0042,407.6499,444.6516,103.2436,1.000000,8,1
858,2,881.6074,432.7986,328.2645,67.8406,1.000000,8,0.90625
859,1,564.4830,407.6206,444.7972,103.2733,1.000000,8,1
859,2,882.2821,432.7929,328.1556,67.8249,1.000000,8,0.84375
860,1,563.9622,407.5924,444.9429,103.3031,1.000000,8,1
860,2,882.9581,432.7906,328.0480,67.8096,1.000000,8,0.75
861,1,563.4415,407.5652,445.0889,103.3331,1.000000,8,1
861,2,883.6356,432.7915,327.9414,67.7946,1.000000,8,0.75
862,1,562.9210,407.5393,445.2354,103.3632,1.000000,8,1
862,2,884.3146,432.7956,327.8362,67.7800,1.000000,8,0.78125
863,1,562.4012,407.5143,445.3818,103.3934,1.000000,8,1
863,2,884.9951,432.8031,327.7318,67.7656,1.000000,8,0.78125
864,1,561.8818,407.4901,445.5283,103.4235,1.000000,8,1
864,2,885.6769,432.8135,327.6285,67.7517,1.000000,8,0.71875
865,1,561.3629,407.4671,445.6750,103.4539,1.000000,8,1
865,2,886.3599,432.8263,327.5262,67.7380,1.000000,8,0.78125
866,1,560.8448,407.4450,445.8220,103.4843,1.000000,8,1
866,2,887.0447,432.8422,327.4248,67.7246,1.000000,8,0.875
867,1,560.3276,407.4239,445.9691,103.5148,1.000000,8,1
867,2,887.7311,432.8604,327.3246,67.7115,1.000000,8,0.71875
868,1,559.8107,407.4044,446.1157,103.5452,1.000000,8,1
868,2,888.4193,432.8805,327.2254,67.6989,1.000000,8,0.875
869,1,559.2946,407.3855,446.2624,103.5756,1.000000,8,1
869,2,889.1088,432.9032,327.1273,67.6864,1.000000,8,0.84375
870,1,558.7788,407.3675,446.4092,103.6060,1.000000,8,1
870,2,889.7993,432.9279,327.0304,67.6744,1.000000,8,0.875
871,1,558.2634,407.3508,446.5556,103.6365,1.000000,8,1
871,2,890.4904,432.9543,326.9345,67.6626,1.000000,8,0.90625
872,1,557.7484,407.3349,446.7017,103.6669,1.000000,8,1
872,2,891.1815,432.9831,326.8397,67.6512,1.000000,8,0.71875
873,1,557.2333,407.3198,446.8475,103.6972,1.000000,8,1
873,2,891.8730,433.0129,326.7461,67.6399,1.000000,8,0.8125
874,1,556.7186,407.3057,446.9929,103.7274,1.000000,8,1
874,2,892.5656,433.0431,326.6531,67.6290,1.000000,8,0.71875
875,1,556.2036,407.2923,447.1384,103.7577,1.000000,8,1
875,2,893.2592,433.0748,326.5610,67.6183,1.000000,8,0.90625
876,1,555.6882,407.2798,447.2843,103.7880,1.000000,8,1
876,2,893.9533,433.1077,326.4695,67.6077,1.000000,8,0.90625
877,1,555.1727,407.2678,447.4296,103.8183,1.000000,8,1
877,2,894.6478,433.1417,326.3784,67.5973,1.000000,8,0.90625
878,1,554.6563,407.2554,447.5750,103.8485,1.000000,8,1
878,2,895.3425,433.1777,326.2878,67.5869,1.000000,8,0.875
879,1,554.1395,407.2429,447.7206,103.8788,1.000000,8,1
879,2,896.0373,433.2152,326.1973,67.5767,1.000000,8,0.90625
880,1,553.6217,407.2302,447.8668,103.9091,1.000000,8,1
880,2,896.7321,433.2541,326.1071,67.5666,1.000000,8,0.875
881,1,553.1030,407.2169,448.0132,103.9396,1.000000,8,1
881,2,897.4261,433.2964,326.0170,67.5565,1.000000,8,0.875
882,1,552.5832,407.2028,448.1602,103.9701,1.000000,8,1
882,2,898.1194,433.3412,325.9266,67.5465,1.000000,8,0.9375
883,1,552.0629,407.1876,448.3077,104.0009,1.000000,8,1
883,2,898.8116,433.3874,325.8361,67.5363,1.000000,8,0.9375
884,1,551.5410,407.1712,448.4568,104.0319,1.000000,8,1
884,2,899.5026,433.4366,325.7450,67.5260,1.000000,8,0.90625
885,1,551.0184,407.1538,448.6067,104.0631,1.000000,8,1
885,2,900.1922,433.4881,325.6535,67.5157,1.000000,8,0.9375
886,1,550.4949,407.1352,448.7573,104.0945,1.000000,8,1
886,2,900.8801,433.5410,325.5614,67.5052,1.000000,8,0.875
887,1,549.9716,407.1144,448.9092,104.1261,1.000000,8,1
887,2,901.5662,433.5966,325.4685,67.4945,1.000000,8,0.875
888,1,549.4489,407.0918,449.0620,104.1582,1.000000,8,1
888,2,902.2506,433.6534,325.3749,67.4836,1.000000,8,0.9375
889,1,548.9266,407.0675,449.2159,104.1903,1.000000,8,1
889,2,902.9332,433.7100,325.2799,67.4724,1.000000,8,0.875
890,1,548.4056,407.0416,449.3717,104.2230,1.000000,8,1
890,2,903.6140,433.7687,325.1841,67.4610,1.000000,8,0.9375
891,1,547.8854,407.0141,449.5286,104.2560,1.000000,8,1
891,2,904.2933,433.8282,325.0873,67.4493,1.000000,8,0.875
892,1,547.3649,406.9844,449.6868,104.2894,1.000000,8,1
892,2,904.9719,433.8875,324.9897,67.4375,1.000000,8,0.84375
893,1,546.8435,406.9521,449.8481,104.3235,1.000000,8,1
893,2,905.6486,433.9477,324.8910,67.4253,1.000000,8,0.84375
894,1,546.3216,406.9177,450.0111,104.3581,1.000000,8,1
894,2,906.3236,434.0076,324.7914,67.4128,1.000000,8,0.9375
895,1,545.7986,406.8816,450.1761,104.3931,1.000000,8,1
895,2,906.9974,434.0663,324.6906,67.4000,1.000000,8,0.84375
896,1,545.2739,406.8432,450.3432,104.4286,1.000000,8,1
896,2,907.6696,434.1257,324.5886,67.3870,1.000000,8,0.96875
897,1,544.7479,406.8030,450.5121,104.4646,1.000000,8,1
897,2,908.3406,434.1841,324.4860,67.3736,1.000000,8,0.9375
898,1,544.2214,406.7618,450.6827,104.5011,1.000000,8,1
898,2,909.0109,434.2407,324.3824,67.3601,1.000000,8,0.96875
899,1,543.6932,406.7202,450.8549,104.5379,1.000000,8,1
899,2,909.6786,434.2974,324.2774,67.3461,1.000000,8,0.96875
900,1,543.1638,406.6782,451.0281,104.5750,1.000000,8,1
900,2,910.3445,434.3528,324.1709,67.3318,1.000000,8,0.9375
901,1,542.6337,406.6363,451.2018,104.6123,1.000000,8,1
901,2,911.0082,434.4059,324.0628,67.3170,1.000000,8,0.90625
902,1,542.1019,406.5953,451.3766,104.6498,1.000000,8,1
902,2,911.6690,434.4589,323.9529,67.3016,1.000000,8,0.90625
903,1,541.5690,406.5552,451.5519,104.6875,1.000000,8,1
903,2,912.3276,434.5105,323.8414,67.2858,1.000000,8,0.96875
904,1,541.0354,406.5163,451.7274,104.7252,1.000000,8,1
904,2,912.9846,434.5599,323.7281,67.2695,1.000000,8,0.9375
905,1,540.5007,406.4796,451.9026,104.7629,1.000000,8,1
905,2,913.6387,434.6089,323.6122,67.2525,1.000000,8,0.90625
906,1,539.9651,406.4445,452.0782,104.8007,1.000000,8,1
906,2,914.2897,434.6569,323.4943,67.2349,1.000000,8,0.9375
907,1,539.4293,406.4112,452.2531,104.8384,1.000000,8,1
907,2,914.9382,434.7029,323.3741,67.2168,1.000000,8,0.875
908,1,538.8928,406.3807,452.4277,104.8761,1.000000,8,1
908,2,915.5817,434.7487,323.2513,67.1978,1.000000,8,0.9375
909,1,538.3560,406.3522,452.6020,104.9138,1.000000,8,1
909,2,916.2212,434.7934,323.1256,67.1781,1.000000,8,0.96875
910,1,537.8185,406.3257,452.7762,104.9513,1.000000,8,1
910,2,916.8568,434.8355,322.9977,67.1577,1.000000,8,0.9375
911,1,537.2810,406.3021,452.9492,104.9886,1.000000,8,1
911,2,917.4868,434.8763,322.8662,67.1364,1.000000,8,1
912,1,536.7435,406.2806,453.1215,105.0258,1.000000,8,1
912,2,918.1123,434.9153,322.7325,67.1143,1.000000,8,0.96875
913,1,536.2057,406.2611,453.2933,105.0629,1.000000,8,1
913,2,918.7344,434.9519,322.5967,67.0917,1.000000,8,0.96875
914,1,535.6682,406.2445,453.4645,105.0998,1.000000,8,1
914,2,919.3500,434.9863,322.4575,67.0681,1.000000,8,0.9375
915,1,535.1307,406.2298,453.6345,105.1366,1.000000,8,1
915,2,919.9612,435.0179,322.3160,67.0438,1.000000,8,0.9375
916,1,534.5933,406.2166,453.8042,105.1733,1.000000,8,1
916,2,920.5688,435.0462,322.1724,67.0189,1.000000,8,0.90625
917,1,534.0562,406.2057,453.9723,105.2095,1.000000,8,1
917,2,921.1709,435.0719,322.0261,66.9931,1.000000,8,0.96875
918,1,533.5187,406.1963,454.1403,105.2457,1.000000,8,1
918,2,921.7685,435.0949,321.8776,66.9668,1.000000,8,0.90625
919,1,532.9816,406.1881,454.3073,105.2818,1.000000,8,1
919,2,922.3621,435.1151,321.7275,66.9399,1.000000,8,0.96875
920,1,532.4445,406.1816,454.4732,105.3175,1.000000,8,1
920,2,922.9507,435.1317,321.5749,66.9122,1.000000,8,0.9375
921,1,531.9071,406.1764,454.6386,105.3532,1.000000,8,1
921,2,923.5355,435.1456,321.4206,66.8840,1.000000,8,0.96875
922,1,531.3693,406.1721,454.8032,105.3885,1.000000,8,1
922,2,924.1172,435.1572,321.2650,66.8555,1.000000,8,0.96875
923,1,530.8306,406.1685,454.9669,105.4236,1.000000,8,1
923,2,924.6948,435.1650,321.1074,66.8263,1.000000,8,0.96875
924,1,530.2917,406.1657,455.1295,105.4585,1.000000,8,1
924,2,925.2693,435.1704,320.9489,66.7967,1.000000,8,0.9375
925,1,529.7523,406.1638,455.2922,105.4934,1.000000,8,1
925,2,925.8410,435.1749,320.7896,66.7669,1.000000,8,0.9375
926,1,529.2124,406.1621,455.4537,105.5279,1.000000,8,1
926,2,926.4087,435.1768,320.6289,66.7367,1.000000,8,0.875
927,1,528.6723,406.1606,455.6146,105.5623,1.000000,8,1
927,2,926.9727,435.1775,320.4676,66.7062,1.000000,8,0.96875
928,1,528.1321,406.1594,455.7750,105.5964,1.000000,8,1
928,2,927.5334,435.1776,320.3057,66.6755,1.000000,8,1
929,1,527.5919,406.1589,455.9347,105.6305,1.000000,8,1
929,2,928.0905,435.1753,320.1425,66.6444,1.000000,8,1
930,1,527.0515,406.1587,456.0944,105.6645,1.000000,8,1
930,2,928.6443,435.1721,319.9787,66.6131,1.000000,8,1
931,1,526.5112,406.1587,456.2538,105.6985,1.000000,8,1
931,2,929.1948,435.1694,319.8145,66.5816,1.000000,8,0.96875
932,1,525.9710,406.1588,456.4131,105.7324,1.000000,8,1
932,2,929.7423,435.1653,319.6497,66.5499,1.000000,8,0.96875
933,1,525.4308,406.1588,456.5718,105.7662,1.000000,8,1
933,2,930.2869,435.1610,319.4846,66.5181,1.000000,8,1
934,1,524.8909,406.1584,456.7305,105.7999,1.000000,8,1
934,2,930.8291,435.1577,319.3187,66.4861,1.000000,8,1
935,1,524.3511,406.1580,456.8893,105.8336,1.000000,8,1
935,2,931.3687,435.1533,319.1525,66.4539,1.000000,8,1
936,1,523.8118,406.1576,457.0483,105.8674,1.000000,8,1
936,2,931.9060,435.1491,318.9860,66.4216,1.000000,8,1
937,1,523.2734,406.1572,457.2071,105.9013,1.000000,8,1
937,2,932.4413,435.1457,318.8194,66.3893,1.000000,8,1
938,1,522.7352,406.1568,457.3668,105.9353,1.000000,8,1
938,2,932.9750,435.1415,318.6525,66.3568,1.000000,8,1
939,1,522.1978,406.1565,457.5267,105.9694,1.000000,8,1
939,2,933.5070,435.1378,318.4851,66.3243,1.000000,8,0.96875
940,1,521.6616,406.1564,457.6864,106.0035,1.000000,8,1
940,2,934.0368,435.1349,318.3181,66.2918,1.000000,8,1
941,1,521.1265,406.1563,457.8469,106.0379,1.000000,8,1
941,2,934.5653,435.1306,318.1510,66.2592,1.000000,8,1
942,1,520.5922,406.1565,458.0082,106.0724,1.000000,8,1
942,2,935.0922,435.1255,317.9844,66.2267,1.000000,8,0.96875
943,1,520.0592,406.1576,458.1693,106.1071,1.000000,8,1
943,2,935.6178,435.1201,317.8181,66.1942,1.000000,8,1
944,1,519.5273,406.1594,458.3315,106.1421,1.000000,8,1
944,2,936.1425,435.1120,317.6518,66.1617,1.000000,8,0.9375
945,1,518.9968,406.1621,458.4935,106.1771,1.000000,8,1
945,2,936.6661,435.1023,317.4860,66.1293,1.000000,8,1
946,1,518.4673,406.1656,458.6556,106.2121,1.000000,8,1
946,2,937.1891,435.0913,317.3207,66.0969,1.000000,8,1
947,1,517.9394,406.1709,458.8182,106.2473,1.000000,8,1
947,2,937.7119,435.0765,317.1558,66.0646,1.000000,8,1
948,1,517.4127,406.1775,458.9806,106.2826,1.000000,8,1
948,2,938.2343,435.0590,316.9914,66.0323,1.000000,8,1
949,1,516.8870,406.1854,459.1437,106.3181,1.000000,8,1
949,2,938.7562,435.0395,316.8275,66.0002,1.000000,8,1
950,1,516.3627,406.1956,459.3068,106.3537,1.000000,8,1
950,2,939.2781,435.0158,316.6644,65.9681,1.000000,8,1
951,1,515.8394,406.2079,459.4694,106.3893,1.000000,8,1
951,2,939.7999,434.9893,316.5019,65.9361,1.000000,8,1
952,1,515.3168,406.2228,459.6325,106.4250,1.000000,8,1
952,2,940.3214,434.9609,316.3398,65.9043,1.000000,8,1
953,1,514.7955,406.2404,459.7949,106.4607,1.000000,8,1
953,2,940.8433,434.9285,316.1790,65.8726,1.000000,8,1
954,1,514.2748,406.2602,459.9567,106.4964,1.000000,8,1
954,2,941.3651,434.8932,316.0189,65.8411,1.000000,8,1
955,1,513.7542,406.2821,460.1188,106.5320,1.000000,8,1
955,2,941.8862,434.8557,315.8597,65.8098,1.000000,8,1
956,1,513.2343,406.3066,460.2798,106.5676,1.000000,8,1
956,2,942.4082,434.8135,315.7012,65.7785,1.000000,8,1
957,1,512.7142,406.3337,460.4409,106.6031,1.000000,8,1
957,2,942.9308,434.7682,315.5435,65.7475,1.000000,8,1
958,1,512.1935,406.3636,460.6014,106.6385,1.000000,8,1
958,2,943.4541,434.7212,315.3868,65.7166,1.000000,8,1
959,1,511.6718,406.3958,460.7612,106.6738,1.000000,8,1
959,2,943.9792,434.6703,315.2312,65.6860,1.000000,8,1
960,1,511.1488,406.4299,460.9210,106.7091,1.000000,8,1
960,2,944.5055,434.6166,315.0767,65.6555,1.000000,8,1
961,1,510.6245,406.4648,461.0803,106.7444,1.000000,8,1
961,2,945.0325,434.5608,314.9229,65.6253,1.000000,8,1
962,1,510.0986,406.5009,461.2393,106.7794,1.000000,8,1
962,2,945.5616,434.5017,314.7701,65.5953,1.000000,8,1
963,1,509.5717,406.5379,461.3976,106.8143,1.000000,8,1
963,2,946.0927,434.4406,314.6185,65.5656,1.000000,8,1
964,1,509.0441,406.5756,461.5554,106.8491,1.000000,8,1
964,2,946.6250,434.3776,314.4680,65.5361,1.000000,8,1
965,1,508.5165,406.6143,461.7130,106.8838,1.000000,8,1
965,2,947.1595,434.3111,314.3188,65.5070,1.000000,8,1
966,1,507.9886,406.6536,461.8704,106.9184,1.000000,8,1
966,2,947.6954,434.2423,314.1708,65.4780,1.000000,8,1
967,1,507.4604,406.6931,462.0276,106.9530,1.000000,8,1
967,2,948.2327,434.1718,314.0239,65.4494,1.000000,8,1
968,1,506.9320,406.7324,462.1845,106.9875,1.000000,8,1
968,2,948.7723,434.0980,313.8785,65.4211,1.000000,8,1
969,1,506.4030,406.7713,462.3413,107.0220,1.000000,8,1
969,2,949.3141,434.0215,313.7345,65.3931,1.000000,8,1
970,1,505.8731,406.8090,462.4986,107.0564,1.000000,8,1
970,2,949.8580,433.9432,313.5916,65.3654,1.000000,8,1
971,1,505.3428,406.8460,462.6553,107.0908,1.000000,8,1
971,2,950.4053,433.8623,313.4500,65.3381,1.000000,8,1
972,1,504.8116,406.8818,462.8119,107.1251,1.000000,8,1
972,2,950.9555,433.7794,313.3096,65.3111,1.000000,8,1
973,1,504.2789,406.9162,462.9686,107.1593,1.000000,8,1
973,2,951.5087,433.6953,313.1709,65.2844,1.000000,8,1
974,1,503.7447,406.9491,463.1257,107.1934,1.000000,8,1
974,2,952.0654,433.6092,313.0337,65.2582,1.000000,8,1
975,1,503.2092,406.9805,463.2822,107.2274,1.000000,8,1
975,2,952.6254,433.5218,312.8981,65.2324,1.000000,8,1
976,1,502.6720,407.0106,463.4376,107.2611,1.000000,8,1
976,2,953.1888,433.4331,312.7641,65.2070,1.000000,8,1
977,1,502.1329,407.0386,463.5933,107.2946,1.000000,8,1
977,2,953.7560,433.3425,312.6318,65.1820,1.000000,8,1
978,1,501.5924,407.0646,463.7481,107.3279,1.000000,8,1
978,2,954.3267,433.2505,312.5012,65.1575,1.000000,8,1
979,1,501.0498,407.0884,463.9029,107.3610,1.000000,8,1
979,2,954.9010,433.1572,312.3722,65.1335,1.000000,8,1
980,1,500.5052,407.1100,464.0573,107.3939,1.000000,8,1
980,2,955.4789,433.0622,312.2452,65.1099,1.000000,8,1
981,1,499.9589,407.1295,464.2111,107.4265,1.000000,8,1
981,2,956.0602,432.9656,312.1202,65.0868,1.000000,8,1
982,1,499.4109,407.1467,464.3633,107.4587,1.000000,8,1
982,2,956.6455,432.8680,311.9971,65.0643,1.000000,8,1
983,1,498.8604,407.1614,464.5160,107.4907,1.000000,8,1
983,2,957.2356,432.7683,311.8759,65.0423,1.000000,8,1
984,1,498.3084,407.1743,464.6677,107.5225,1.000000,8,1
984,2,957.8299,432.6671,311.7565,65.0207,1.000000,8,1
985,1,497.7546,407.1850,464.8184,107.5538,1.000000,8,1
985,2,958.4280,432.5654,311.6392,64.9997,1.000000,8,1
986,1,497.1988,407.1930,464.9692,107.5850,1.000000,8,1
986,2,959.0309,432.4631,311.5236,64.9792,1.000000,8,1
987,1,496.6416,407.1984,465.1192,107.6158,1.000000,8,1
987,2,959.6376,432.3608,311.4097,64.9592,1.000000,8,1
988,1,496.0833,407.2013,465.2679,107.6463,1.000000,8,1
988,2,960.2479,432.2598,311.2978,64.9397,1.000000,8,1
989,1,495.5233,407.2013,465.4161,107.6765,1.000000,8,1
989,2,960.8624,432.1601,311.1879,64.9208,1.000000,8,1
990,1,494.9622,407.1987,465.5638,107.7064,1.000000,8,1
990,2,961.4807,432.0621,311.0800,64.9025,1.000000,8,1
991,1,494.4006,407.1935,465.7102,107.7359,1.000000,8,1
991,2,962.1025,431.9673,310.9738,64.8847,1.000000,8,1
992,1,493.8389,407.1858,465.8560,107.7651,1.000000,8,1
992,2,962.7280,431.8764,310.8696,64.8675,1.000000,8,1
993,1,493.2775,407.1757,466.0008,107.7940,1.000000,8,1
993,2,963.3569,431.7896,310.7672,64.8509,1.000000,8,1
994,1,492.7161,407.1635,466.1447,107.8224,1.000000,8,1
994,2,963.9893,431.7074,310.6666,64.8348,1.000000,8,1
995,1,492.1545,407.1492,466.2870,107.8505,1.000000,8,1
995,2,964.6246,431.6310,310.5679,64.8193,1.000000,8,1
996,1,491.5925,407.1331,466.4282,107.8782,1.000000,8,1
996,2,965.2631,431.5601,310.4707,64.8044,1.000000,8,1
997,1,491.0297,407.1152,466.5685,107.9054,1.000000,8,1
997,2,965.9048,431.4960,310.3749,64.7899,1.000000,8,1
998,1,490.4660,407.0956,466.7069,107.9322,1.000000,8,1
998,2,966.5496,431.4398,310.2805,64.7760,1.000000,8,1
999,1,489.9014,407.0746,466.8445,107.9585,1.000000,8,1
999,2,967.1965,431.3912,310.1876,64.7626,1.000000,8,1
1000,1,489.3362,407.0521,466.9799,107.9843,1.000000,8,1
1000,2,967.8458,431.3508,310.0960,64.7497,1.000000,8,1
1001,1,488.7697,407.0291,467.1141,108.0095,1.000000,8,1
1001,2,968.4966,431.3191,310.0057,64.7372,1.000000,8,1
1002,1,488.2025,407.0056,467.2462,108.0341,1.000000,8,1
1002,2,969.1492,431.2957,309.9167,64.7252,1.000000,8,1
1003,1,487.6350,406.9819,467.3758,108.0581,1.000000,8,1
1003,2,969.8038,431.2809,309.8288,64.7138,1.000000,8,1
1004,1,487.0663,406.9590,467.5033,108.0814,1.000000,8,1
1004,2,970.4595,431.2748,309.7422,64.7027,1.000000,8,1
1005,1,486.4969,406.9367,467.6284,108.1041,1.000000,8,1
1005,2,971.1166,431.2767,309.6567,64.6921,1.000000,8,1
1006,1,485.9267,406.9156,467.7514,108.1261,1.000000,8,1
1006,2,971.7750,431.2867,309.5724,64.6818,1.000000,8,1
1007,1,485.3556,406.8963,467.8723,108.1475,1.000000,8,1
1007,2,972.4347,431.3056,309.4891,64.6721,1.000000,8,1
1008,1,484.7841,406.8788,467.9904,108.1682,1.000000,8,1
1008,2,973.0954,431.3328,309.4064,64.6626,1.000000,8,1
1009,1,484.2117,406.8638,468.1066,108.1883,1.000000,8,1
1009,2,973.7562,431.3685,309.3246,64.6534,1.000000,8,1
1010,1,483.6380,406.8512,468.2200,108.2077,1.000000,8,1
1010,2,974.4166,431.4133,309.2432,64.6446,1.000000,8,1
1011,1,483.0637,406.8409,468.3306,108.2264,1.000000,8,1
1011,2,975.0766,431.4663,309.1623,64.6360,1.000000,8,1
1012,1,482.4887,406.8328,468.4391,108.2444,1.000000,8,1
1012,2,975.7361,431.5265,309.0814,64.6274,1.000000,8,1
1013,1,481.9126,406.8276,468.5445,108.2617,1.000000,8,1
1013,2,976.3943,431.5950,309.0007,64.6191,1.000000,8,1
1014,1,481.3354,406.8249,468.6480,108.2784,1.000000,8,1
1014,2,977.0516,431.6709,308.9200,64.6108,1.000000,8,1
1015,1,480.7576,406.8250,468.7491,108.2945,1.000000,8,1
1015,2,977.7082,431.7545,308.8395,64.6027,1.000000,8,1
1016,1,480.1788,406.8275,468.8476,108.3099,1.000000,8,1
1016,2,978.3627,431.8467,308.7590,64.5947,1.000000,8,1
1017,1,479.5994,406.8320,468.9440,108.3246,1.000000,8,1
1017,2,979.0158,431.9465,308.6785,64.5868,1.000000,8,1
1018,1,479.0192,406.8380,469.0386,108.3389,1.000000,8,1
1018,2,979.6675,432.0531,308.5981,64.5790,1.000000,8,1
1019,1,478.4378,406.8462,469.1312,108.3527,1.000000,8,1
1019,2,980.3158,432.1675,308.5170,64.5711,1.000000,8,1
1020,1,477.8562,406.8559,469.2218,108.3659,1.000000,8,1
1020,2,980.9614,432.2883,308.4354,64.5631,1.000000,8,1
1021,1,477.2737,406.8663,469.3111,108.3787,1.000000,8,1
1021,2,981.6052,432.4150,308.3531,64.5551,1.000000,8,1
1022,1,476.6913,406.8772,469.3979,108.3909,1.000000,8,1
1022,2,982.2450,432.5490,308.2700,64.5469,1.000000,8,1
1023,1,476.1088,406.8879,469.4838,108.4027,1.000000,8,1
1023,2,982.8817,432.6888,308.1862,64.5385,1.000000,8,1
1024,1,475.5272,406.8981,469.5683,108.4142,1.000000,8,1
1024,2,983.5159,432.8329,308.1013,64.5300,1.000000,8,1
1025,1,474.9474,406.9082,469.6516,108.4253,1.000000,8,1
1025,2,984.1461,432.9830,308.0153,64.5212,1.000000,8,1
1026,1,474.3695,406.9178,469.7342,108.4363,1.000000,8,1
1026,2,984.7728,433.1377,307.9283,64.5121,1.000000,8,1
1027,1,473.7938,406.9261,469.8159,108.4470,1.000000,8,1
1027,2,985.3962,433.2955,307.8401,64.5028,1.000000,8,1
1028,1,473.2203,406.9330,469.8969,108.4576,1.000000,8,1
1028,2,986.0150,433.4578,307.7506,64.4931,1.000000,8,1
1029,1,472.6483,406.9374,469.9783,108.4682,1.000000,8,1
1029,2,986.6294,433.6230,307.6592,64.4830,1.000000,8,1
1030,1,472.0774,406.9387,470.0602,108.4789,1.000000,8,1
1030,2,987.2397,433.7898,307.5664,64.4724,1.000000,8,1
1031,1,471.5080,406.9362,470.1429,108.4897,1.000000,8,1
1031,2,987.8459,433.9608,307.4720,64.4615,1.000000,8,1
1032,1,470.9395,406.9304,470.2270,108.5009,1.000000,8,1
1032,2,988.4474,434.1341,307.3763,64.4502,1.000000,8,1
1033,1,470.3723,406.9209,470.3118,108.5122,1.000000,8,1
1033,2,989.0442,434.3081,307.2778,64.4381,1.000000,8,1
1034,1,469.8062,406.9068,470.3976,108.5237,1.000000,8,1
1034,2,989.6357,434.4848,307.1780,64.4257,1.000000,8,1
1035,1,469.2408,406.8884,470.4854,108.5356,1.000000,8,1
1035,2,990.2223,434.6627,307.0760,64.4127,1.000000,8,1
1036,1,468.6765,406.8657,470.5745,108.5479,1.000000,8,1
1036,2,990.8040,434.8405,306.9717,64.3990,1.000000,8,1
1037,1,468.1133,406.8382,470.6641,108.5602,1.000000,8,1
1037,2,991.3805,435.0203,306.8651,64.3848,1.000000,8,1
1038,1,467.5506,406.8066,470.7552,108.5728,1.000000,8,1
1038,2,991.9520,435.2005,306.7568,64.3700,1.000000,8,1
1039,1,466.9889,406.7709,470.8475,108.5857,1.000000,8,1
1039,2,992.5192,435.3791,306.6464,64.3546,1.000000,8,1
1040,1,466.4277,406.7305,470.9417,108.5989,1.000000,8,1
1040,2,993.0815,435.5586,306.5339,64.3387,1.000000,8,1
1041,1,465.8673,406.6862,471.0369,108.6124,1.000000,8,1
1041,2,993.6395,435.7374,306.4197,64.3222,1.000000,8,1
1042,1,465.3073,406.6380,471.1339,108.6264,1.000000,8,1
1042,2,994.1937,435.9138,306.3037,64.3052,1.000000,8,1
1043,1,464.7480,406.5851,471.2331,108.6408,1.000000,8,1
1043,2,994.7443,436.0900,306.1861,64.2877,1.000000,8,1
1044,1,464.1892,406.5288,471.3345,108.6558,1.000000,8,1
1044,2,995.2920,436.2647,306.0673,64.2698,1.000000,8,1
1045,1,463.6313,406.4694,471.4387,108.6716,1.000000,8,1
1045,2,995.8365,436.4363,305.9465,64.2515,1.000000,8,1
1046,1,463.0733,406.4058,471.5468,108.6882,1.000000,8,1
1046,2,996.3785,436.6072,305.8246,64.2327,1.000000,8,1
1047,1,462.5161,406.3392,471.6578,108.7058,1.000000,8,1
1047,2,996.9181,436.7760,305.7018,64.2136,1.000000,8,1
1048,1,461.9584,406.2704,471.7736,108.7246,1.000000,8,1
1048,2,997.4551,436.9409,305.5773,64.1941,1.000000,8,1
1049,1,461.4014,406.1980,471.8936,108.7445,1.000000,8,1
1049,2,997.9898,437.1042,305.4520,64.1742,1.000000,8,1
1050,1,460.8444,406.1235,472.0180,108.7656,1.000000,8,1
1050,2,998.5222,437.2648,305.3254,64.1540,1.000000,8,1
1051,1,460.2869,406.0483,472.1465,108.7879,1.000000,8,1
1051,2,999.0522,437.4208,305.1980,64.1333,1.000000,8,1
1052,1,459.7297,405.9719,472.2802,108.8116,1.000000,8,1
1052,2,999.5806,437.5746,305.0693,64.1124,1.000000,8,1
1053,1,459.1723,405.8947,472.4180,108.8367,1.000000,8,1
1053,2,1000.1070,437.7250,304.9399,64.0912,1.000000,8,1
1054,1,458.6143,405.8175,472.5606,108.8629,1.000000,8,1
1054,2,1000.6320,437.8706,304.8096,64.0697,1.000000,8,1
1055,1,458.0566,405.7405,472.7070,108.8903,1.000000,8,1
1055,2,1001.1550,438.0134,304.6786,64.0479,1.000000,8,1
1056,1,457.4986,405.6640,472.8575,108.9188,1.000000,8,1
1056,2,1001.6770,438.1527,304.5468,64.0258,1.000000,8,1
1057,1,456.9397,405.5887,473.0122,108.9486,1.000000,8,1
1057,2,1002.1970,438.2873,304.4141,64.0034,1.000000,8,1
1058,1,456.3811,405.5148,473.1696,108.9793,1.000000,8,1
1058,2,1002.7160,438.4186,304.2804,63.9807,1.000000,8,1
1059,1,455.8215,405.4423,473.3308,109.0110,1.000000,8,1
1059,2,1003.2330,438.5459,304.1460,63.9577,1.000000,8,1
1060,1,455.2398,405.3719,473.5168,109.0438,1.000000,8,1
1060,2,1003.7500,438.6682,304.0106,63.9344,1.000000,8,1
1061,1,454.5926,405.3041,473.7703,109.0773,1.000000,8,1
1061,2,1004.2650,438.7879,303.8748,63.9109,1.000000,8,1
1062,1,453.9444,405.2384,474.0259,109.1114,1.000000,8,1
1062,2,1004.7790,438.9039,303.7380,63.8871,1.000000,8,1
1063,1,453.2958,405.1753,474.2834,109.1462,1.000000,8,1
1063,2,1005.2910,439.0146,303.6006,63.8630,1.000000,8,1
1064,1,452.6477,405.1144,474.5428,109.1816,1.000000,8,1
1064,2,1005.8020,439.1221,303.4623,63.8386,1.000000,8,1
1065,1,451.9998,405.0557,474.8035,109.2174,1.000000,8,1
1065,2,1006.3120,439.2252,303.3232,63.8140,1.000000,8,1
1066,1,451.3522,405.0003,475.0663,109.2538,1.000000,8,1
1066,2,1006.8210,439.3224,303.1840,63.7892,1.000000,8,1
1067,1,450.7053,404.9475,475.3305,109.2908,1.000000,8,1
1067,2,1007.3290,439.4157,303.0443,63.7641,1.000000,8,1
1068,1,450.0589,404.8965,475.5966,109.3284,1.000000,8,1
1068,2,1007.8370,439.5041,302.9041,63.7389,1.000000,8,1
1069,1,449.4125,404.8481,475.8641,109.3665,1.000000,8,1
1069,2,1008.3440,439.5857,302.7632,63.7134,1.000000,8,1
1070,1,448.7667,404.8025,476.1331,109.4051,1.000000,8,1
1070,2,1008.8500,439.6622,302.6222,63.6878,1.000000,8,1
1071,1,448.1204,404.7588,476.4037,109.4441,1.000000,8,1
1071,2,1009.3560,439.7339,302.4811,63.6620,1.000000,8,1
1072,1,447.4739,404.7164,476.6762,109.4837,1.000000,8,1
1072,2,1009.8620,439.7999,302.3398,63.6361,1.000000,8,1
1073,1,446.8268,404.6757,476.9516,109.5241,1.000000,8,1
1073,2,1010.3690,439.8608,302.1984,63.6101,1.000000,8,1
1074,1,446.1791,404.6361,477.2287,109.5651,1.000000,8,1
1074,2,1010.8750,439.9173,302.0569,63.5841,1.000000,8,1
1075,1,445.5300,404.5988,477.5083,109.6066,1.000000,8,1
1075,2,1011.3820,439.9687,301.9155,63.5580,1.000000,8,1
1076,1,444.8800,404.5632,477.7902,109.6489,1.000000,8,1
1076,2,1011.8880,440.0152,301.7747,63.5318,1.000000,8,1
1077,1,444.2286,404.5288,478.0750,109.6918,1.000000,8,1
1077,2,1012.3960,440.0574,301.6334,63.5056,1.000000,8,1
1078,1,443.5755,404.4955,478.3627,109.7356,1.000000,8,1
1078,2,1012.9020,440.0959,301.4927,63.4794,1.000000,8,1
1079,1,442.9210,404.4650,478.6530,109.7801,1.000000,8,1
1079,2,1013.4100,440.1300,301.3521,63.4532,1.000000,8,1
1080,1,442.2649,404.4365,478.9458,109.8253,1.000000,8,1
1080,2,1013.9170,440.1607,301.2117,63.4269,1.000000,8,1
1081,1,441.6068,404.4102,479.2419,109.8713,1.000000,8,1
1081,2,1014.4240,440.1882,301.0714,63.4006,1.000000,8,1
1082,1,440.9473,404.3866,479.5407,109.9180,1.000000,8,1
1082,2,1014.9320,440.2130,300.9310,63.3744,1.000000,8,1
1083,1,440.2860,404.3651,479.8421,109.9655,1.000000,8,1
1083,2,1015.4400,440.2358,300.7908,63.3480,1.000000,8,1
1084,1,439.6232,404.3453,480.1464,110.0137,1.000000,8,1
1084,2,1015.9470,440.2560,300.6509,63.3217,1.000000,8,1
1085,1,438.9586,404.3291,480.4534,110.0627,1.000000,8,1
1085,2,1016.4540,440.2740,300.5110,63.2953,1.000000,8,1
1086,1,438.2927,404.3155,480.7628,110.1123,1.000000,8,1
1086,2,1016.9610,440.2897,300.3710,63.2689,1.000000,8,1
1087,1,437.6257,404.3048,481.0742,110.1626,1.000000,8,1
1087,2,1017.4670,440.3026,300.2307,63.2424,1.000000,8,1
1088,1,436.9572,404.2982,481.3887,110.2136,1.000000,8,1
1088,2,1017.9740,440.3139,300.0905,63.2159,1.000000,8,1
1089,1,436.2885,404.2951,481.7046,110.2652,1.000000,8,1
1089,2,1018.4800,440.3238,299.9503,63.1893,1.000000,8,1
1090,1,435.6187,404.2960,482.0227,110.3174,1.000000,8,1
1090,2,1018.9840,440.3317,299.8101,63.1627,1.000000,8,1
1091,1,434.9484,404.3023,482.3423,110.3703,1.000000,8,1
1091,2,1019.4880,440.3387,299.6699,63.1361,1.000000,8,1
1092,1,434.2772,404.3129,482.6643,110.4237,1.000000,8,1
1092,2,1019.9910,440.3441,299.5298,63.1095,1.000000,8,1
1093,1,433.6060,404.3281,482.9875,110.4778,1.000000,8,1
1093,2,1020.4910,440.3473,299.3898,63.0827,1.000000,8,1
1094,1,432.9346,404.3500,483.3120,110.5323,1.000000,8,1
1094,2,1020.9920,440.3483,299.2499,63.0560,1.000000,8,1
1095,1,432.2629,404.3776,483.6378,110.5871,1.000000,8,1
1095,2,1021.4920,440.3477,299.1100,63.0293,1.000000,8,1
1096,1,431.5910,404.4106,483.9641,110.6425,1.000000,8,1
1096,2,1021.9910,440.3457,298.9701,63.0024,1.000000,8,1
1097,1,430.9185,404.4516,484.2916,110.6983,1.000000,8,1
1097,2,1022.4910,440.3417,298.8305,62.9757,1.000000,8,1
1098,1,430.2454,404.4995,484.6198,110.7543,1.000000,8,1
1098,2,1022.9900,440.3363,298.6912,62.9489,1.000000,8,1
1099,1,429.5706,404.5539,484.9488,110.8109,1.000000,8,1
1099,2,1023.4880,440.3293,298.5518,62.9222,1.000000,8,1
1100,1,428.8932,404.6170,485.2780,110.8674,1.000000,8,1
1100,2,1023.9870,440.3217,298.4127,62.8954,1.000000,8,1
1101,1,428.2132,404.6872,485.6074,110.9240,1.000000,8,1
1101,2,1024.4850,440.3137,298.2738,62.8687,1.000000,8,1
1102,1,427.5308,404.7644,485.9367,110.9807,1.000000,8,1
1102,2,1024.9820,440.3047,298.1349,62.8420,1.000000,8,1
1103,1,426.8466,404.8509,486.2650,111.0371,1.000000,8,1
1103,2,1025.4800,440.2951,297.9966,62.8155,1.000000,8,1
1104,1,426.1612,404.9454,486.5920,111.0934,1.000000,8,1
1104,2,1025.9770,440.2849,297.8580,62.7889,1.000000,8,1
1105,1,419.2625,405.8457,489.8105,111.6363,1.000000,8,1
1105,2,1030.9320,440.2374,296.4922,62.5277,1.000000,8,1
