1,1,1182.5900,585.7046,83.5471,33.5528,1.000000,0,1
1,2,1332.9460,588.7541,173.9375,19.5675,1.000000,0,1
1,3,-365.9144,548.8528,405.8092,59.8870,1.000000,0,1
1,4,1066.1740,590.9587,145.7958,52.4555,1.000000,0,1
1,5,550.3239,531.4886,305.9821,82.8918,1.000000,0,1
1,6,214.9967,583.7506,166.6201,21.3978,1.000000,0,1
2,1,1182.5900,585.7046,83.5471,33.5528,1.000000,0,1
2,2,1332.9460,588.7541,173.9375,19.5675,1.000000,0,1
2,3,-365.9144,548.8528,405.8092,59.8870,1.000000,0,1
2,4,1066.1740,590.9587,145.7958,52.4555,1.000000,0,1
2,5,550.3239,531.4886,305.9821,82.8918,1.000000,0,1
2,6,214.9967,583.7506,166.6201,21.3978,1.000000,0,1
3,1,1182.5900,585.7046,83.5471,33.5528,1.000000,0,1
3,2,1332.9460,588.7541,173.9375,19.5675,1.000000,0,1
3,3,-365.9144,548.8528,405.8092,59.8870,1.000000,0,1
3,4,1066.1740,590.9587,145.7958,52.4555,1.000000,0,1
3,5,550.3239,531.4886,305.9821,82.8918,1.000000,0,1
3,6,214.9967,583.7506,166.6201,21.3978,1.000000,0,1
4,1,1182.3600,585.7370,83.5324,33.5539,1.000000,0,1
4,2,1332.6470,588.4180,173.8802,19.5398,1.000000,0,1
4,3,-365.8690,548.9653,405.8347,59.8949,1.000000,0,1
4,4,1065.6280,590.7355,145.7086,52.4214,1.000000,0,1
4,5,550.3866,531.5881,306.0035,82.9008,1.000000,0,1
4,6,215.1023,583.6967,166.6149,21.3923,1.000000,0,1
5,1,1181.9520,585.8094,83.5059,33.5565,1.000000,0,1
5,2,1332.1410,587.9011,173.7864,19.4969,1.000000,0,1
5,3,-365.7834,549.1411,405.8784,59.9079,1.000000,0,1
5,4,1064.6390,590.2957,145.5460,52.3544,1.000000,0,1
5,5,550.4994,531.7507,306.0428,82.9164,1.000000,0,1
5,6,215.2812,583.6566,166.6124,21.3886,1.000000,0,1
6,1,1181.4220,585.9103,83.4711,33.5603,1.000000,0,1
6,2,1331.4950,587.2953,173.6699,19.4464,1.000000,0,1
6,3,-365.6641,549.3459,405.9321,59.9237,1.000000,0,1
6,4,1063.3910,589.7749,145.3425,52.2738,1.000000,0,1
6,5,550.6478,531.9456,306.0930,82.9358,1.000000,0,1
6,6,215.5185,583.6328,166.6129,21.3872,1.000000,0,1
7,1,1180.8010,586.0251,83.4301,33.5643,1.000000,0,1
7,2,1330.7510,586.6617,173.5417,19.3934,1.000000,0,1
7,3,-365.5266,549.5687,405.9958,59.9416,1.000000,0,1
7,4,1062.0000,589.2742,145.1228,52.1947,1.000000,0,1
7,5,550.8239,532.1523,306.1489,82.9567,1.000000,0,1
7,6,215.8135,583.6215,166.6139,21.3873,1.000000,0,1
8,1,1180.1200,586.1396,83.3837,33.5675,1.000000,0,1
8,2,1329.9520,586.0433,173.4091,19.3415,1.000000,0,1
8,3,-365.4085,549.8074,406.0773,59.9631,1.000000,0,1
8,4,1060.5540,588.8399,144.9027,52.1243,1.000000,0,1
8,5,551.0156,532.3533,306.2068,82.9775,1.000000,0,1
8,6,216.1578,583.6166,166.6122,21.3878,1.000000,0,1
9,1,1179.3970,586.2521,83.3339,33.5701,1.000000,0,1
9,2,1329.1190,585.4651,173.2764,19.2926,1.000000,0,1
9,3,-365.2979,550.0524,406.1693,59.9863,1.000000,0,1
9,4,1059.0840,588.4857,144.6866,52.0643,1.000000,0,1
9,5,551.2188,532.5460,306.2659,82.9981,1.000000,0,1
9,6,216.5410,583.6153,166.6085,21.3885,1.000000,0,1
10,1,1178.6440,586.3610,83.2809,33.5721,1.000000,0,1
10,2,1328.2670,584.9514,173.1473,19.2489,1.000000,0,1
10,3,-365.1873,550.2971,406.2670,60.0105,1.000000,0,1
10,4,1057.6100,588.2209,144.4775,52.0163,1.000000,0,1
10,5,551.4307,532.7276,306.3254,83.0182,1.000000,0,1
10,6,216.9586,583.6156,166.6031,21.3893,1.000000,0,1
11,1,1177.8740,586.4655,83.2264,33.5734,1.000000,0,1
11,2,1327.4100,584.5016,173.0236,19.2102,1.000000,0,1
11,3,-365.0735,550.5411,406.3665,60.0350,1.000000,0,1
11,4,1056.1400,588.0266,144.2750,51.9774,1.000000,0,1
11,5,551.6485,532.8967,306.3840,83.0374,1.000000,0,1
11,6,217.3999,583.6151,166.5970,21.3901,1.000000,0,1
12,1,1177.0920,586.5655,83.1705,33.5744,1.000000,0,1
12,2,1326.5560,584.1174,172.9050,19.1768,1.000000,0,1
12,3,-364.9538,550.7813,406.4659,60.0594,1.000000,0,1
12,4,1054.6770,587.8904,144.0784,51.9463,1.000000,0,1
12,5,551.8702,533.0530,306.4411,83.0556,1.000000,0,1
12,6,217.8611,583.6129,166.5900,21.3905,1.000000,0,1
13,1,1176.3000,586.6606,83.1143,33.5750,1.000000,0,1
13,2,1325.7070,583.8047,172.7937,19.1492,1.000000,0,1
13,3,-364.8248,551.0125,406.5632,60.0832,1.000000,0,1
13,4,1053.2220,587.8032,143.8875,51.9219,1.000000,0,1
13,5,552.0944,533.1953,306.4967,83.0728,1.000000,0,1
13,6,218.3398,583.6077,166.5821,21.3907,1.000000,0,1
14,1,1175.5010,586.7474,83.0568,33.5748,1.000000,0,1
14,2,1324.8670,583.5500,172.6882,19.1262,1.000000,0,1
14,3,-364.6894,551.2361,406.6582,60.1064,1.000000,0,1
14,4,1051.7760,587.7478,143.7003,51.9019,1.000000,0,1
14,5,552.3202,533.3245,306.5511,83.0890,1.000000,0,1
14,6,218.8319,583.5986,166.5736,21.3903,1.000000,0,1
15,1,1174.6910,586.8184,82.9976,33.5733,1.000000,0,1
15,2,1324.0340,583.3473,172.5880,19.1074,1.000000,0,1
15,3,-364.5482,551.4504,406.7514,60.1290,1.000000,0,1
15,4,1050.3340,587.7151,143.5164,51.8851,1.000000,0,1
15,5,552.5471,533.4419,306.6042,83.1043,1.000000,0,1
15,6,219.3346,583.5854,166.5644,21.3895,1.000000,0,1
16,1,1173.8660,586.8647,82.9365,33.5699,1.000000,0,1
16,2,1323.2110,583.1949,172.4934,19.0926,1.000000,0,1
16,3,-364.3996,551.6534,406.8412,60.1509,1.000000,0,1
16,4,1048.8960,587.6981,143.3345,51.8704,1.000000,0,1
16,5,552.7745,533.5472,306.6561,83.1187,1.000000,0,1
16,6,219.8470,583.5675,166.5547,21.3883,1.000000,0,1
17,1,1173.0260,586.8861,82.8731,33.5646,1.000000,0,1
17,2,1322.3940,583.0800,172.4025,19.0808,1.000000,0,1
17,3,-364.2442,551.8494,406.9284,60.1721,1.000000,0,1
17,4,1047.4570,587.6885,143.1532,51.8568,1.000000,0,1
17,5,553.0026,533.6416,306.7070,83.1325,1.000000,0,1
17,6,220.3667,583.5443,166.5443,21.3864,1.000000,0,1
18,1,1172.1760,586.8871,82.8082,33.5577,1.000000,0,1
18,2,1321.5840,582.9967,172.3151,19.0716,1.000000,0,1
18,3,-364.0820,552.0374,407.0126,60.1925,1.000000,0,1
18,4,1046.0180,587.6832,142.9727,51.8438,1.000000,0,1
18,5,553.2307,533.7263,306.7571,83.1455,1.000000,0,1
18,6,220.8922,583.5159,166.5336,21.3841,1.000000,0,1
19,1,1171.3180,586.8716,82.7417,33.5495,1.000000,0,1
19,2,1320.7800,582.9420,172.2305,19.0646,1.000000,0,1
19,3,-363.9128,552.2155,407.0935,60.2122,1.000000,0,1
19,4,1044.5790,587.6799,142.7920,51.8310,1.000000,0,1
19,5,553.4583,533.8015,306.8063,83.1580,1.000000,0,1
19,6,221.4229,583.4823,166.5223,21.3812,1.000000,0,1
20,1,1170.4550,586.8423,82.6747,33.5403,1.000000,0,1
20,2,1319.9790,582.9075,172.1487,19.0593,1.000000,0,1
20,3,-363.7369,552.3887,407.1719,60.2313,1.000000,0,1
20,4,1043.1380,587.6769,142.6117,51.8183,1.000000,0,1
20,5,553.6860,533.8686,306.8550,83.1699,1.000000,0,1
20,6,221.9577,583.4427,166.5106,21.3776,1.000000,0,1
21,1,1169.5910,586.8046,82.6073,33.5306,1.000000,0,1
21,2,1319.1820,582.8892,172.0687,19.0554,1.000000,0,1
21,3,-363.5542,552.5565,407.2471,60.2497,1.000000,0,1
21,4,1041.6960,587.6737,142.4310,51.8056,1.000000,0,1
21,5,553.9133,533.9288,306.9033,83.1814,1.000000,0,1
21,6,222.4954,583.3979,166.4986,21.3736,1.000000,0,1
22,1,1168.7260,586.7622,82.5397,33.5204,1.000000,0,1
22,2,1318.3880,582.8849,171.9900,19.0525,1.000000,0,1
22,3,-363.3641,552.7176,407.3193,60.2675,1.000000,0,1
22,4,1040.2530,587.6699,142.2500,51.7927,1.000000,0,1
22,5,554.1396,533.9824,306.9510,83.1925,1.000000,0,1
22,6,223.0352,583.3480,166.4862,21.3690,1.000000,0,1
23,1,1167.8610,586.7142,82.4718,33.5099,1.000000,0,1
23,2,1317.5940,582.8903,171.9120,19.0504,1.000000,0,1
23,3,-363.1653,552.8759,407.3875,60.2846,1.000000,0,1
23,4,1038.8090,587.6660,142.0688,51.7796,1.000000,0,1
23,5,554.3651,534.0305,306.9984,83.2033,1.000000,0,1
23,6,223.5762,583.2921,166.4737,21.3638,1.000000,0,1
24,1,1166.9970,586.6639,82.4037,33.4992,1.000000,0,1
24,2,1316.8010,582.9029,171.8348,19.0489,1.000000,0,1
24,3,-362.9590,553.0303,407.4523,60.3010,1.000000,0,1
24,4,1037.3650,587.6614,141.8875,51.7665,1.000000,0,1
24,5,554.5898,534.0737,307.0453,83.2138,1.000000,0,1
24,6,224.1182,583.2310,166.4610,21.3580,1.000000,0,1
25,1,1166.1350,586.6136,82.3361,33.4885,1.000000,0,1
25,2,1316.0070,582.9213,171.7582,19.0478,1.000000,0,1
25,3,-362.7439,553.1797,407.5133,60.3167,1.000000,0,1
25,4,1035.9200,587.6563,141.7056,51.7531,1.000000,0,1
25,5,554.8134,534.1127,307.0917,83.2240,1.000000,0,1
25,6,224.6607,583.1652,166.4486,21.3518,1.000000,0,1
26,1,1165.2750,586.5599,82.2681,33.4775,1.000000,0,1
26,2,1315.2130,582.9443,171.6809,19.0470,1.000000,0,1
26,3,-362.5198,553.3277,407.5706,60.3317,1.000000,0,1
26,4,1034.4750,587.6523,141.5234,51.7397,1.000000,0,1
26,5,555.0365,534.1483,307.1379,83.2339,1.000000,0,1
26,6,225.2034,583.0934,166.4360,21.3451,1.000000,0,1
27,1,1164.4150,586.5053,82.2003,33.4665,1.000000,0,1
27,2,1314.4180,582.9702,171.6041,19.0465,1.000000,0,1
27,3,-362.2871,553.4731,407.6239,60.3460,1.000000,0,1
27,4,1033.0300,587.6488,141.3413,51.7263,1.000000,0,1
27,5,555.2593,534.1808,307.1836,83.2436,1.000000,0,1
27,6,225.7457,583.0175,166.4238,21.3380,1.000000,0,1
28,1,1163.5590,586.4513,82.1329,33.4555,1.000000,0,1
28,2,1313.6210,582.9980,171.5266,19.0460,1.000000,0,1
28,3,-362.0452,553.6146,407.6730,60.3597,1.000000,0,1
28,4,1031.5840,587.6456,141.1587,51.7128,1.000000,0,1
28,5,555.4819,534.2107,307.2292,83.2532,1.000000,0,1
28,6,226.2867,582.9388,166.4120,21.3306,1.000000,0,1
29,1,1162.7030,586.3939,82.0657,33.4444,1.000000,0,1
29,2,1312.8220,583.0276,171.4487,19.0456,1.000000,0,1
29,3,-361.7931,553.7548,407.7176,60.3725,1.000000,0,1
29,4,1030.1380,587.6436,140.9760,51.6993,1.000000,0,1
29,5,555.7051,534.2385,307.2741,83.2625,1.000000,0,1
29,6,226.8261,582.8560,166.4006,21.3230,1.000000,0,1
30,1,1161.8500,586.3358,81.9982,33.4332,1.000000,0,1
30,2,1312.0220,583.0582,171.3702,19.0452,1.000000,0,1
30,3,-361.5316,553.8926,407.7582,60.3847,1.000000,0,1
30,4,1028.6910,587.6423,140.7927,51.6857,1.000000,0,1
30,5,555.9284,534.2647,307.3187,83.2716,1.000000,0,1
30,6,227.3637,582.7640,166.3898,21.3215,1.000000,0,1
31,1,1160.9990,586.2787,81.9309,33.4222,1.000000,0,1
31,2,1311.2190,583.0891,171.2914,19.0448,1.000000,0,1
31,3,-361.2618,554.0271,407.7953,60.3961,1.000000,0,1
31,4,1027.2440,587.6414,140.6093,51.6721,1.000000,0,1
31,5,556.1517,534.2899,307.3627,83.2806,1.000000,0,1
31,6,227.8990,582.6697,166.3797,21.3211,1.000000,0,1
32,1,1160.1490,586.2185,81.8641,33.4109,1.000000,0,1
32,2,1310.4160,583.1208,171.2114,19.0444,1.000000,0,1
32,3,-360.9821,554.1608,407.8277,60.4069,1.000000,0,1
32,4,1025.7960,587.6423,140.4254,51.6585,1.000000,0,1
32,5,556.3753,534.3149,307.4064,83.2894,1.000000,0,1
32,6,228.4320,582.5726,166.3703,21.3206,1.000000,0,1
33,1,1159.3010,586.1575,81.7974,33.3996,1.000000,0,1
33,2,1309.6100,583.1529,171.1311,19.0440,1.000000,0,1
33,3,-360.6940,554.2924,407.8564,60.4170,1.000000,0,1
33,4,1024.3500,587.6440,140.2417,51.6450,1.000000,0,1
33,5,556.5992,534.3398,307.4496,83.2981,1.000000,0,1
33,6,228.9625,582.4740,166.3618,21.3202,1.000000,0,1
34,1,1158.4570,586.0976,81.7308,33.3884,1.000000,0,1
34,2,1308.8020,583.1846,171.0503,19.0435,1.000000,0,1
34,3,-360.3976,554.4202,407.8818,60.4264,1.000000,0,1
34,4,1022.9030,587.6465,140.0582,51.6316,1.000000,0,1
34,5,556.8230,534.3639,307.4925,83.3066,1.000000,0,1
34,6,229.4903,582.3755,166.3540,21.3200,1.000000,0,1
35,1,1157.6130,586.0350,81.6646,33.3771,1.000000,0,1
35,2,1307.9920,583.2162,170.9681,19.0428,1.000000,0,1
35,3,-360.0913,554.5464,407.9025,60.4351,1.000000,0,1
35,4,1021.4580,587.6509,139.8746,51.6182,1.000000,0,1
35,5,557.0469,534.3885,307.5350,83.3151,1.000000,0,1
35,6,230.0155,582.2749,166.3470,21.3198,1.000000,0,1
36,1,1156.7720,585.9724,81.5986,33.3659,1.000000,0,1
36,2,1307.1800,583.2476,170.8857,19.0421,1.000000,0,1
36,3,-359.7772,554.6698,407.9199,60.4432,1.000000,0,1
36,4,1020.0140,587.6559,139.6911,51.6049,1.000000,0,1
36,5,557.2706,534.4133,307.5774,83.3236,1.000000,0,1
36,6,230.5384,582.1735,166.3409,21.3197,1.000000,0,1
37,1,1155.9340,585.9124,81.5332,33.3550,1.000000,0,1
37,2,1306.3670,583.2781,170.8024,19.0413,1.000000,0,1
37,3,-359.4551,554.7891,407.9340,60.4506,1.000000,0,1
37,4,1018.5710,587.6610,139.5079,51.5916,1.000000,0,1
37,5,557.4940,534.4387,307.6196,83.3320,1.000000,0,1
37,6,231.0593,582.0727,166.3356,21.3198,1.000000,0,1
38,1,1155.0970,585.8505,81.4678,33.3440,1.000000,0,1
38,2,1305.5510,583.3079,170.7179,19.0403,1.000000,0,1
38,3,-359.1257,554.9060,407.9449,60.4575,1.000000,0,1
38,4,1017.1290,587.6677,139.3250,51.5786,1.000000,0,1
38,5,557.7170,534.4644,307.6615,83.3404,1.000000,0,1
38,6,231.5783,581.9711,166.3313,21.3199,1.000000,0,1
39,1,1154.2620,585.7893,81.4030,33.3331,1.000000,0,1
39,2,1304.7330,583.3366,170.6326,19.0392,1.000000,0,1
39,3,-358.7899,555.0200,407.9529,60.4638,1.000000,0,1
39,4,1015.6900,587.6752,139.1425,51.5656,1.000000,0,1
39,5,557.9398,534.4905,307.7032,83.3487,1.000000,0,1
39,6,232.0949,581.8703,166.3280,21.3202,1.000000,0,1
40,1,1153.4310,585.7311,81.3385,33.3225,1.000000,0,1
40,2,1303.9130,583.3642,170.5468,19.0379,1.000000,0,1
40,3,-358.4473,555.1302,407.9581,60.4695,1.000000,0,1
40,4,1014.2520,587.6829,138.9604,51.5528,1.000000,0,1
40,5,558.1622,534.5169,307.7448,83.3571,1.000000,0,1
40,6,232.6089,581.7717,166.3255,21.3206,1.000000,0,1
41,1,1152.6000,585.6724,81.2743,33.3119,1.000000,0,1
41,2,1303.0920,583.3904,170.4597,19.0364,1.000000,0,1
41,3,-358.0988,555.2375,407.9608,60.4748,1.000000,0,1
41,4,1012.8170,587.6920,138.7789,51.5402,1.000000,0,1
41,5,558.3837,534.5448,307.7861,83.3654,1.000000,0,1
41,6,233.1200,581.6728,166.3239,21.3211,1.000000,0,1
42,1,1151.7730,585.6155,81.2103,33.3015,1.000000,0,1
42,2,1302.2690,583.4152,170.3727,19.0348,1.000000,0,1
42,3,-357.7448,555.3416,407.9611,60.4797,1.000000,0,1
42,4,1011.3830,587.7020,138.5980,51.5277,1.000000,0,1
42,5,558.6044,534.5732,307.8274,83.3737,1.000000,0,1
42,6,233.6287,581.5746,166.3231,21.3217,1.000000,0,1
43,1,1150.9490,585.5621,81.1469,33.2914,1.000000,0,1
43,2,1301.4450,583.4387,170.2847,19.0330,1.000000,0,1
43,3,-357.3856,555.4411,407.9597,60.4841,1.000000,0,1
43,4,1009.9520,587.7129,138.4175,51.5154,1.000000,0,1
43,5,558.8243,534.6014,307.8685,83.3820,1.000000,0,1
43,6,234.1347,581.4785,166.3233,21.3225,1.000000,0,1
44,1,1150.1260,585.5087,81.0840,33.2815,1.000000,0,1
44,2,1300.6210,583.4600,170.1965,19.0311,1.000000,0,1
44,3,-357.0219,555.5375,407.9562,60.4880,1.000000,0,1
44,4,1008.5240,587.7255,138.2374,51.5034,1.000000,0,1
44,5,559.0436,534.6309,307.9094,83.3904,1.000000,0,1
44,6,234.6381,581.3820,166.3242,21.3234,1.000000,0,1
45,1,1149.3060,585.4575,81.0212,33.2717,1.000000,0,1
45,2,1299.7950,583.4796,170.1074,19.0289,1.000000,0,1
45,3,-356.6537,555.6302,407.9510,60.4916,1.000000,0,1
45,4,1007.0970,587.7394,138.0580,51.4916,1.000000,0,1
45,5,559.2620,534.6610,307.9503,83.3988,1.000000,0,1
45,6,235.1386,581.2859,166.3260,21.3244,1.000000,0,1
46,1,1148.4900,585.4102,80.9590,33.2622,1.000000,0,1
46,2,1298.9690,583.4977,170.0182,19.0266,1.000000,0,1
46,3,-356.2811,555.7183,407.9442,60.4949,1.000000,0,1
46,4,1005.6740,587.7546,137.8796,51.4801,1.000000,0,1
46,5,559.4794,534.6916,307.9911,83.4072,1.000000,0,1
46,6,235.6363,581.1913,166.3287,21.3254,1.000000,0,1
47,1,1147.6740,585.3631,80.8971,33.2528,1.000000,0,1
47,2,1298.1410,583.5129,169.9283,19.0241,1.000000,0,1
47,3,-355.9045,555.8029,407.9357,60.4977,1.000000,0,1
47,4,1004.2530,587.7725,137.7020,51.4690,1.000000,0,1
47,5,559.6961,534.7233,308.0315,83.4155,1.000000,0,1
47,6,236.1313,581.0962,166.3322,21.3266,1.000000,0,1
48,1,1146.8600,585.3184,80.8356,33.2437,1.000000,0,1
48,2,1297.3140,583.5261,169.8380,19.0213,1.000000,0,1
48,3,-355.5245,555.8837,407.9260,60.5002,1.000000,0,1
48,4,1002.8350,587.7923,137.5247,51.4583,1.000000,0,1
48,5,559.9120,534.7555,308.0717,83.4238,1.000000,0,1
48,6,236.6237,581.0016,166.3366,21.3280,1.000000,0,1
49,1,1146.0500,585.2781,80.7742,33.2349,1.000000,0,1
49,2,1296.4860,583.5374,169.7473,19.0184,1.000000,0,1
49,3,-355.1418,555.9601,407.9156,60.5025,1.000000,0,1
49,4,1001.4190,587.8138,137.3481,51.4477,1.000000,0,1
49,5,560.1277,534.7875,308.1115,83.4321,1.000000,0,1
49,6,237.1138,580.9089,166.3417,21.3294,1.000000,0,1
50,1,1145.2400,585.2394,80.7134,33.2262,1.000000,0,1
50,2,1295.6580,583.5457,169.6566,19.0153,1.000000,0,1
50,3,-354.7560,556.0332,407.9039,60.5045,1.000000,0,1
50,4,1000.0060,587.8390,137.1722,51.4378,1.000000,0,1
50,5,560.3426,534.8213,308.1509,83.4402,1.000000,0,1
50,6,237.6013,580.8157,166.3477,21.3309,1.000000,0,1
51,1,1144.4330,585.2040,80.6527,33.2179,1.000000,0,1
51,2,1294.8300,583.5515,169.5653,19.0119,1.000000,0,1
51,3,-354.3672,556.1025,407.8908,60.5062,1.000000,0,1
51,4,998.5957,587.8669,136.9971,51.4282,1.000000,0,1
51,5,560.5571,534.8558,308.1899,83.4484,1.000000,0,1
51,6,238.0866,580.7234,166.3545,21.3326,1.000000,0,1
52,1,1143.6290,585.1736,80.5928,33.2100,1.000000,0,1
52,2,1294.0020,583.5551,169.4736,19.0084,1.000000,0,1
52,3,-353.9749,556.1676,407.8768,60.5075,1.000000,0,1
52,4,997.1874,587.8969,136.8225,51.4190,1.000000,0,1
52,5,560.7717,534.8907,308.2283,83.4563,1.000000,0,1
52,6,238.5698,580.6334,166.3621,21.3343,1.000000,0,1
53,1,1142.8250,585.1461,80.5327,33.2022,1.000000,0,1
53,2,1293.1740,583.5553,169.3818,19.0045,1.000000,0,1
53,3,-353.5804,556.2301,407.8612,60.5086,1.000000,0,1
53,4,995.7816,587.9303,136.6484,51.4101,1.000000,0,1
53,5,560.9860,534.9272,308.2661,83.4643,1.000000,0,1
53,6,239.0498,580.5441,166.3708,21.3362,1.000000,0,1
54,1,1142.0240,585.1223,80.4729,33.1947,1.000000,0,1
54,2,1292.3470,583.5529,169.2899,19.0005,1.000000,0,1
54,3,-353.1841,556.2897,407.8452,60.5095,1.000000,0,1
54,4,994.3773,587.9663,136.4746,51.4015,1.000000,0,1
54,5,561.2003,534.9648,308.3032,83.4719,1.000000,0,1
54,6,239.5267,580.4569,166.3803,21.3383,1.000000,0,1
55,1,1141.2240,585.1035,80.4136,33.1876,1.000000,0,1
55,2,1291.5200,583.5483,169.1978,18.9963,1.000000,0,1
55,3,-352.7850,556.3452,407.8279,60.5101,1.000000,0,1
55,4,992.9742,588.0045,136.3012,51.3933,1.000000,0,1
55,5,561.4148,535.0030,308.3400,83.4797,1.000000,0,1
55,6,240.0015,580.3730,166.3905,21.3404,1.000000,0,1
56,1,1140.4250,585.0887,80.3546,33.1808,1.000000,0,1
56,2,1290.6940,583.5400,169.1056,18.9918,1.000000,0,1
56,3,-352.3832,556.3967,407.8093,60.5103,1.000000,0,1
56,4,991.5728,588.0460,136.1282,51.3853,1.000000,0,1
56,5,561.6292,535.0429,308.3763,83.4873,1.000000,0,1
56,6,240.4738,580.2917,166.4015,21.3428,1.000000,0,1
57,1,1139.6270,585.0785,80.2957,33.1742,1.000000,0,1
57,2,1289.8680,583.5291,169.0132,18.9871,1.000000,0,1
57,3,-351.9791,556.4445,407.7904,60.5104,1.000000,0,1
57,4,990.1721,588.0900,135.9551,51.3777,1.000000,0,1
57,5,561.8439,535.0839,308.4119,83.4948,1.000000,0,1
57,6,240.9440,580.2136,166.4131,21.3451,1.000000,0,1
58,1,1138.8310,585.0731,80.2371,33.1681,1.000000,0,1
58,2,1289.0430,583.5164,168.9208,18.9823,1.000000,0,1
58,3,-351.5721,556.4882,407.7705,60.5102,1.000000,0,1
58,4,988.7709,588.1365,135.7822,51.3702,1.000000,0,1
58,5,562.0593,535.1255,308.4470,83.5021,1.000000,0,1
58,6,241.4130,580.1397,166.4251,21.3477,1.000000,0,1
59,1,1138.0340,585.0725,80.1786,33.1622,1.000000,0,1
59,2,1288.2190,583.5004,168.8284,18.9773,1.000000,0,1
59,3,-351.1621,556.5280,407.7496,60.5097,1.000000,0,1
59,4,987.3681,588.1861,135.6085,51.3629,1.000000,0,1
59,5,562.2749,535.1691,308.4816,83.5094,1.000000,0,1
59,6,241.8815,580.0692,166.4373,21.3502,1.000000,0,1
60,1,1137.2380,585.0764,80.1202,33.1567,1.000000,0,1
60,2,1287.3950,583.4821,168.7354,18.9720,1.000000,0,1
60,3,-350.7496,556.5645,407.7283,60.5091,1.000000,0,1
60,4,985.9639,588.2380,135.4344,51.3557,1.000000,0,1
60,5,562.4909,535.2136,308.5159,83.5167,1.000000,0,1
60,6,242.3499,580.0031,166.4495,21.3528,1.000000,0,1
61,1,1136.4430,585.0851,80.0624,33.1515,1.000000,0,1
61,2,1286.5720,583.4619,168.6427,18.9666,1.000000,0,1
61,3,-350.3353,556.5977,407.7064,60.5083,1.000000,0,1
61,4,984.5590,588.2917,135.2601,51.3484,1.000000,0,1
61,5,562.7076,535.2588,308.5497,83.5238,1.000000,0,1
61,6,242.8183,579.9427,166.4618,21.3555,1.000000,0,1
62,1,1135.6470,585.0992,80.0048,33.1467,1.000000,0,1
62,2,1285.7500,583.4380,168.5498,18.9609,1.000000,0,1
62,3,-349.9190,556.6276,407.6842,60.5073,1.000000,0,1
62,4,983.1543,588.3500,135.0852,51.3415,1.000000,0,1
62,5,562.9245,535.3057,308.5833,83.5310,1.000000,0,1
62,6,243.2878,579.8868,166.4740,21.3582,1.000000,0,1
63,1,1134.8520,585.1178,79.9469,33.1422,1.000000,0,1
63,2,1284.9270,583.4115,168.4568,18.9550,1.000000,0,1
63,3,-349.5014,556.6548,407.6619,60.5062,1.000000,0,1
63,4,981.7490,588.4109,134.9097,51.3346,1.000000,0,1
63,5,563.1420,535.3536,308.6164,83.5380,1.000000,0,1
63,6,243.7584,579.8362,166.4859,21.3610,1.000000,0,1
64,1,1134.0550,585.1406,79.8895,33.1381,1.000000,0,1
64,2,1284.1060,583.3834,168.3634,18.9490,1.000000,0,1
64,3,-349.0822,556.6791,407.6391,60.5050,1.000000,0,1
64,4,980.3418,588.4730,134.7333,51.3276,1.000000,0,1
64,5,563.3604,535.4017,308.6494,83.5450,1.000000,0,1
64,6,244.2305,579.7916,166.4976,21.3638,1.000000,0,1
65,1,1133.2580,585.1686,79.8319,33.1341,1.000000,0,1
65,2,1283.2840,583.3517,168.2698,18.9426,1.000000,0,1
65,3,-348.6623,556.7004,407.6167,60.5037,1.000000,0,1
65,4,978.9342,588.5377,134.5563,51.3205,1.000000,0,1
65,5,563.5787,535.4513,308.6821,83.5520,1.000000,0,1
65,6,244.7057,579.7518,166.5087,21.3665,1.000000,0,1
66,1,1132.4610,585.2003,79.7745,33.1306,1.000000,0,1
66,2,1282.4620,583.3173,168.1755,18.9361,1.000000,0,1
66,3,-348.2413,556.7193,407.5939,60.5023,1.000000,0,1
66,4,977.5253,588.6036,134.3788,51.3133,1.000000,0,1
66,5,563.7975,535.5013,308.7148,83.5591,1.000000,0,1
66,6,245.1835,579.7174,166.5190,21.3693,1.000000,0,1
67,1,1131.6640,585.2348,79.7174,33.1271,1.000000,0,1
67,2,1281.6400,583.2813,168.0818,18.9294,1.000000,0,1
67,3,-347.8199,556.7358,407.5711,60.5008,1.000000,0,1
67,4,976.1140,588.6690,134.2000,51.3057,1.000000,0,1
67,5,564.0168,535.5511,308.7475,83.5660,1.000000,0,1
67,6,245.6641,579.6886,166.5288,21.3720,1.000000,0,1
68,1,1130.8680,585.2737,79.6604,33.1241,1.000000,0,1
68,2,1280.8170,583.2417,167.9871,18.9225,1.000000,0,1
68,3,-347.3975,556.7496,407.5483,60.4993,1.000000,0,1
68,4,974.7014,588.7358,134.0199,51.2977,1.000000,0,1
68,5,564.2362,535.6017,308.7802,83.5730,1.000000,0,1
68,6,246.1481,579.6647,166.5375,21.3746,1.000000,0,1
69,1,1130.0720,585.3154,79.6039,33.1213,1.000000,0,1
69,2,1279.9950,583.1999,167.8928,18.9154,1.000000,0,1
69,3,-346.9748,556.7610,407.5257,60.4977,1.000000,0,1
69,4,973.2870,588.8027,133.8388,51.2894,1.000000,0,1
69,5,564.4559,535.6526,308.8129,83.5801,1.000000,0,1
69,6,246.6348,579.6451,166.5453,21.3772,1.000000,0,1
70,1,1129.2770,585.3589,79.5476,33.1187,1.000000,0,1
70,2,1279.1750,583.1567,167.7987,18.9081,1.000000,0,1
70,3,-346.5527,556.7701,407.5034,60.4961,1.000000,0,1
70,4,971.8707,588.8686,133.6567,51.2807,1.000000,0,1
70,5,564.6761,535.7029,308.8455,83.5870,1.000000,0,1
70,6,247.1241,579.6299,166.5526,21.3798,1.000000,0,1
71,1,1128.4830,585.4062,79.4919,33.1165,1.000000,0,1
71,2,1278.3560,583.1099,167.7047,18.9007,1.000000,0,1
71,3,-346.1311,556.7764,407.4817,60.4945,1.000000,0,1
71,4,970.4521,588.9354,133.4735,51.2717,1.000000,0,1
71,5,564.8959,535.7538,308.8785,83.5941,1.000000,0,1
71,6,247.6164,579.6183,166.5591,21.3823,1.000000,0,1
72,1,1127.6910,585.4556,79.4365,33.1146,1.000000,0,1
72,2,1277.5380,583.0609,167.6104,18.8931,1.000000,0,1
72,3,-345.7101,556.7802,407.4602,60.4929,1.000000,0,1
72,4,969.0311,589.0010,133.2892,51.2621,1.000000,0,1
72,5,565.1158,535.8047,308.9114,83.6012,1.000000,0,1
72,6,248.1115,579.6098,166.5649,21.3847,1.000000,0,1
73,1,1126.8990,585.5056,79.3814,33.1127,1.000000,0,1
73,2,1276.7210,583.0106,167.5168,18.8854,1.000000,0,1
73,3,-345.2898,556.7817,407.4393,60.4912,1.000000,0,1
73,4,967.6074,589.0640,133.1035,51.2519,1.000000,0,1
73,5,565.3360,535.8547,308.9443,83.6083,1.000000,0,1
73,6,248.6087,579.6040,166.5702,21.3872,1.000000,0,1
74,1,1126.1100,585.5593,79.3269,33.1112,1.000000,0,1
74,2,1275.9060,582.9568,167.4232,18.8776,1.000000,0,1
74,3,-344.8697,556.7802,407.4185,60.4895,1.000000,0,1
74,4,966.1820,589.1265,132.9170,51.2413,1.000000,0,1
74,5,565.5557,535.9053,308.9769,83.6152,1.000000,0,1
74,6,249.1089,579.6006,166.5747,21.3895,1.000000,0,1
75,1,1125.3220,585.6146,79.2727,33.1100,1.000000,0,1
75,2,1275.0920,582.9010,167.3301,18.8695,1.000000,0,1
75,3,-344.4507,556.7763,407.3981,60.4878,1.000000,0,1
75,4,964.7557,589.1873,132.7294,51.2301,1.000000,0,1
75,5,565.7756,535.9555,309.0094,83.6222,1.000000,0,1
75,6,249.6114,579.5991,166.5786,21.3919,1.000000,0,1
76,1,1124.5360,585.6703,79.2189,33.1089,1.000000,0,1
76,2,1274.2810,582.8442,167.2371,18.8616,1.000000,0,1
76,3,-344.0331,556.7703,407.3786,60.4862,1.000000,0,1
76,4,963.3284,589.2443,132.5411,51.2183,1.000000,0,1
76,5,565.9959,536.0048,309.0416,83.6290,1.000000,0,1
76,6,250.1158,579.5994,166.5821,21.3941,1.000000,0,1
77,1,1123.7520,585.7294,79.1657,33.1082,1.000000,0,1
77,2,1273.4700,582.7809,167.1448,18.8568,1.000000,0,1
77,3,-343.6155,556.7609,407.3594,60.4844,1.000000,0,1
77,4,961.9005,589.2998,132.3519,51.2059,1.000000,0,1
77,5,566.2159,536.0540,309.0735,83.6357,1.000000,0,1
77,6,250.6225,579.6015,166.5850,21.3964,1.000000,0,1
78,1,1122.9700,585.7897,79.1132,33.1077,1.000000,0,1
78,2,1272.6610,582.7159,167.0524,18.8521,1.000000,0,1
78,3,-343.1981,556.7488,407.3404,60.4827,1.000000,0,1
78,4,960.4722,589.3527,132.1624,51.1931,1.000000,0,1
78,5,566.4365,536.1025,309.1050,83.6423,1.000000,0,1
78,6,251.1303,579.6053,166.5878,21.3986,1.000000,0,1
79,1,1122.1890,585.8497,79.0608,33.1072,1.000000,0,1
79,2,1271.8530,582.6514,166.9608,18.8474,1.000000,0,1
79,3,-342.7810,556.7340,407.3218,60.4810,1.000000,0,1
79,4,959.0438,589.4022,131.9723,51.1798,1.000000,0,1
79,5,566.6577,536.1497,309.1365,83.6488,1.000000,0,1
79,6,251.6385,579.6111,166.5902,21.4007,1.000000,0,1
80,1,1121.4110,585.9130,79.0089,33.1072,1.000000,0,1
80,2,1271.0460,582.5849,166.8690,18.8427,1.000000,0,1
80,3,-342.3640,556.7158,407.3041,60.4792,1.000000,0,1
80,4,957.6150,589.4479,131.7814,51.1657,1.000000,0,1
80,5,566.8792,536.1973,309.1671,83.6551,1.000000,0,1
80,6,252.1473,579.6182,166.5921,21.4029,1.000000,0,1
81,1,1120.6350,585.9775,78.9574,33.1073,1.000000,0,1
81,2,1270.2400,582.5181,166.7775,18.8381,1.000000,0,1
81,3,-341.9481,556.6951,407.2873,60.4775,1.000000,0,1
81,4,956.1860,589.4905,131.5901,51.1511,1.000000,0,1
81,5,567.1010,536.2443,309.1976,83.6614,1.000000,0,1
81,6,252.6565,579.6260,166.5939,21.4051,1.000000,0,1
82,1,1119.8600,586.0414,78.9064,33.1075,1.000000,0,1
82,2,1269.4340,582.4525,166.6864,18.8334,1.000000,0,1
82,3,-341.5339,556.6724,407.2712,60.4760,1.000000,0,1
82,4,954.7576,589.5307,131.3985,51.1361,1.000000,0,1
82,5,567.3239,536.2900,309.2275,83.6673,1.000000,0,1
82,6,253.1661,579.6344,166.5954,21.4072,1.000000,0,1
83,1,1119.0870,586.1081,78.8556,33.1080,1.000000,0,1
83,2,1268.6290,582.3867,166.5953,18.8288,1.000000,0,1
83,3,-341.1201,556.6475,407.2562,60.4744,1.000000,0,1
83,4,953.3293,589.5668,131.2064,51.1204,1.000000,0,1
83,5,567.5472,536.3359,309.2570,83.6732,1.000000,0,1
83,6,253.6768,579.6433,166.5966,21.4093,1.000000,0,1
84,1,1118.3140,586.1754,78.8053,33.1086,1.000000,0,1
84,2,1267.8250,582.3215,166.5043,18.8242,1.000000,0,1
84,3,-340.7077,556.6208,407.2415,60.4729,1.000000,0,1
84,4,951.9012,589.5991,131.0139,51.1041,1.000000,0,1
84,5,567.7710,536.3813,309.2863,83.6790,1.000000,0,1
84,6,254.1879,579.6533,166.5976,21.4113,1.000000,0,1
85,1,1117.5410,586.2415,78.7551,33.1092,1.000000,0,1
85,2,1267.0210,582.2579,166.4131,18.8196,1.000000,0,1
85,3,-340.2975,556.5925,407.2279,60.4716,1.000000,0,1
85,4,950.4735,589.6273,130.8212,51.0874,1.000000,0,1
85,5,567.9955,536.4263,309.3150,83.6846,1.000000,0,1
85,6,254.6992,579.6644,166.5987,21.4134,1.000000,0,1
86,1,1116.7700,586.3096,78.7051,33.1100,1.000000,0,1
86,2,1266.2180,582.1943,166.3218,18.8149,1.000000,0,1
86,3,-339.8882,556.5616,407.2150,60.4702,1.000000,0,1
86,4,949.0463,589.6509,130.6281,51.0699,1.000000,0,1
86,5,568.2201,536.4716,309.3433,83.6901,1.000000,0,1
86,6,255.2114,579.6770,166.5996,21.4155,1.000000,0,1
87,1,1116.0000,586.3771,78.6553,33.1107,1.000000,0,1
87,2,1265.4140,582.1313,166.2308,18.8103,1.000000,0,1
87,3,-339.4800,556.5287,407.2026,60.4689,1.000000,0,1
87,4,947.6199,589.6707,130.4346,51.0518,1.000000,0,1
87,5,568.4449,536.5171,309.3709,83.6954,1.000000,0,1
87,6,255.7237,579.6913,166.6005,21.4176,1.000000,0,1
88,1,1115.2290,586.4418,78.6055,33.1114,1.000000,0,1
88,2,1264.6100,582.0696,166.1395,18.8056,1.000000,0,1
88,3,-339.0742,556.4943,407.1909,60.4676,1.000000,0,1
88,4,946.1944,589.6865,130.2410,51.0332,1.000000,0,1
88,5,568.6702,536.5626,309.3980,83.7006,1.000000,0,1
88,6,256.2360,579.7078,166.6016,21.4198,1.000000,0,1
89,1,1114.4590,586.5071,78.5558,33.1120,1.000000,0,1
89,2,1263.8050,582.0074,166.0477,18.8010,1.000000,0,1
89,3,-338.6705,556.4566,407.1807,60.4664,1.000000,0,1
89,4,944.7698,589.6970,130.0469,51.0137,1.000000,0,1
89,5,568.8950,536.6090,309.4244,83.7056,1.000000,0,1
89,6,256.7488,579.7271,166.6025,21.4219,1.000000,0,1
90,1,1113.6900,586.5707,78.5064,33.1127,1.000000,0,1
90,2,1263.0000,581.9456,165.9565,18.7963,1.000000,0,1
90,3,-338.2695,556.4165,407.1714,60.4654,1.000000,0,1
90,4,943.3466,589.7033,129.8527,50.9938,1.000000,0,1
90,5,569.1195,536.6559,309.4503,83.7105,1.000000,0,1
90,6,257.2616,579.7490,166.6038,21.4242,1.000000,0,1
91,1,1112.9200,586.6307,78.4564,33.1131,1.000000,0,1
91,2,1262.1940,581.8848,165.8649,18.7917,1.000000,0,1
91,3,-337.8720,556.3746,407.1633,60.4644,1.000000,0,1
91,4,941.9247,589.7061,129.6583,50.9733,1.000000,0,1
91,5,569.3442,536.7026,309.4753,83.7152,1.000000,0,1
91,6,257.7742,579.7732,166.6053,21.4265,1.000000,0,1
92,1,1112.1510,586.6899,78.4069,33.1134,1.000000,0,1
92,2,1261.3880,581.8234,165.7734,18.7870,1.000000,0,1
92,3,-337.4763,556.3289,407.1561,60.4635,1.000000,0,1
92,4,940.5037,589.7028,129.4639,50.9520,1.000000,0,1
92,5,569.5680,536.7503,309.4995,83.7197,1.000000,0,1
92,6,258.2870,579.8009,166.6066,21.4288,1.000000,0,1
93,1,1111.3830,586.7466,78.3571,33.1135,1.000000,0,1
93,2,1260.5810,581.7619,165.6818,18.7823,1.000000,0,1
93,3,-337.0826,556.2803,407.1495,60.4626,1.000000,0,1
93,4,939.0839,589.6952,129.2691,50.9302,1.000000,0,1
93,5,569.7914,536.7982,309.5228,83.7240,1.000000,0,1
93,6,258.7996,579.8310,166.6085,21.4312,1.000000,0,1
94,1,1110.6150,586.7996,78.3075,33.1136,1.000000,0,1
94,2,1259.7750,581.7010,165.5905,18.7777,1.000000,0,1
94,3,-336.6931,556.2290,407.1447,60.4618,1.000000,0,1
94,4,937.6659,589.6843,129.0745,50.9080,1.000000,0,1
94,5,570.0148,536.8459,309.5453,83.7281,1.000000,0,1
94,6,259.3118,579.8629,166.6104,21.4337,1.000000,0,1
95,1,1109.8480,586.8511,78.2581,33.1136,1.000000,0,1
95,2,1258.9700,581.6395,165.4995,18.7731,1.000000,0,1
95,3,-336.3067,556.1733,407.1410,60.4612,1.000000,0,1
95,4,936.2485,589.6665,128.8798,50.8850,1.000000,0,1
95,5,570.2371,536.8942,309.5668,83.7319,1.000000,0,1
95,6,259.8240,579.8978,166.6126,21.4362,1.000000,0,1
96,1,1109.0820,586.8998,78.2089,33.1133,1.000000,0,1
96,2,1258.1650,581.5778,165.4092,18.7686,1.000000,0,1
96,3,-335.9226,556.1143,407.1383,60.4605,1.000000,0,1
96,4,934.8327,589.6450,128.6852,50.8616,1.000000,0,1
96,5,570.4590,536.9422,309.5872,83.7354,1.000000,0,1
96,6,260.3362,579.9343,166.6151,21.4387,1.000000,0,1
97,1,1108.3150,586.9442,78.1591,33.1127,1.000000,0,1
97,2,1257.3610,581.5162,165.3190,18.7640,1.000000,0,1
97,3,-335.5412,556.0522,407.1364,60.4599,1.000000,0,1
97,4,933.4185,589.6212,128.4911,50.8380,1.000000,0,1
97,5,570.6808,536.9891,309.6066,83.7387,1.000000,0,1
97,6,260.8486,579.9713,166.6179,21.4414,1.000000,0,1
98,1,1107.5490,586.9869,78.1091,33.1120,1.000000,0,1
98,2,1256.5570,581.4537,165.2291,18.7595,1.000000,0,1
98,3,-335.1636,555.9854,407.1361,60.4594,1.000000,0,1
98,4,932.0050,589.5901,128.2972,50.8137,1.000000,0,1
98,5,570.9017,537.0354,309.6249,83.7416,1.000000,0,1
98,6,261.3617,580.0101,166.6205,21.4440,1.000000,0,1
99,1,1106.7830,587.0269,78.0596,33.1112,1.000000,0,1
99,2,1255.7540,581.3909,165.1401,18.7551,1.000000,0,1
99,3,-334.7891,555.9146,407.1367,60.4589,1.000000,0,1
99,4,930.5934,589.5546,128.1038,50.7889,1.000000,0,1
99,5,571.1222,537.0806,309.6421,83.7441,1.000000,0,1
99,6,261.8753,580.0491,166.6234,21.4466,1.000000,0,1
100,1,1106.0150,587.0632,78.0094,33.1100,1.000000,0,1
100,2,1254.9520,581.3280,165.0513,18.7507,1.000000,0,1
100,3,-334.4186,555.8402,407.1390,60.4585,1.000000,0,1
100,4,929.1855,589.5170,127.9109,50.7641,1.000000,0,1
100,5,571.3427,537.1238,309.6583,83.7463,1.000000,0,1
100,6,262.3891,580.0872,166.6264,21.4493,1.000000,0,1
101,1,1105.2480,587.0974,77.9594,33.1087,1.000000,0,1
101,2,1254.1500,581.2646,164.9626,18.7463,1.000000,0,1
101,3,-334.0507,555.7606,407.1423,60.4582,1.000000,0,1
101,4,927.7805,589.4719,127.7191,50.7387,1.000000,0,1
101,5,571.5629,537.1648,309.6725,83.7480,1.000000,0,1
101,6,262.9034,580.1262,166.6297,21.4520,1.000000,0,1
102,1,1104.4800,587.1287,77.9089,33.1072,1.000000,0,1
102,2,1253.3490,581.2010,164.8748,18.7420,1.000000,0,1
102,3,-333.6851,555.6767,407.1465,60.4578,1.000000,0,1
102,4,926.3779,589.4227,127.5278,50.7131,1.000000,0,1
102,5,571.7830,537.2035,309.6858,83.7492,1.000000,0,1
102,6,263.4180,580.1649,166.6330,21.4547,1.000000,0,1
103,1,1103.7100,587.1558,77.8582,33.1053,1.000000,0,1
103,2,1252.5480,581.1376,164.7874,18.7376,1.000000,0,1
103,3,-333.3236,555.5894,407.1522,60.4576,1.000000,0,1
103,4,924.9777,589.3723,127.3374,50.6875,1.000000,0,1
103,5,572.0038,537.2391,309.6979,83.7500,1.000000,0,1
103,6,263.9333,580.2018,166.6364,21.4574,1.000000,0,1
104,1,1102.9390,587.1805,77.8073,33.1031,1.000000,0,1
104,2,1251.7470,581.0741,164.7002,18.7334,1.000000,0,1
104,3,-332.9659,555.4962,407.1596,60.4575,1.000000,0,1
104,4,923.5781,589.3142,127.1475,50.6613,1.000000,0,1
104,5,572.2246,537.2712,309.7087,83.7502,1.000000,0,1
104,6,264.4489,580.2383,166.6398,21.4601,1.000000,0,1
105,1,1102.1680,587.2019,77.7560,33.1007,1.000000,0,1
105,2,1250.9480,581.0106,164.6130,18.7291,1.000000,0,1
105,3,-332.6109,555.3990,407.1680,60.4574,1.000000,0,1
105,4,922.1798,589.2534,126.9581,50.6350,1.000000,0,1
105,5,572.4459,537.2998,309.7186,83.7500,1.000000,0,1
105,6,264.9649,580.2733,166.6432,21.4629,1.000000,0,1
106,1,1101.3940,587.2193,77.7045,33.0980,1.000000,0,1
106,2,1250.1490,580.9477,164.5267,18.7250,1.000000,0,1
106,3,-332.2587,555.2993,407.1772,60.4573,1.000000,0,1
106,4,920.7832,589.1938,126.7698,50.6090,1.000000,0,1
106,5,572.6683,537.3245,309.7270,83.7493,1.000000,0,1
106,6,265.4807,580.3057,166.6470,21.4656,1.000000,0,1
107,1,1100.6190,587.2333,77.6526,33.0950,1.000000,0,1
107,2,1249.3520,580.8846,164.4407,18.7208,1.000000,0,1
107,3,-331.9113,555.1940,407.1884,60.4573,1.000000,0,1
107,4,919.3867,589.1287,126.5818,50.5826,1.000000,0,1
107,5,572.8913,537.3445,309.7342,83.7480,1.000000,0,1
107,6,265.9960,580.3375,166.6509,21.4683,1.000000,0,1
108,1,1099.8420,587.2435,77.6007,33.0917,1.000000,0,1
108,2,1248.5560,580.8217,164.3553,18.7168,1.000000,0,1
108,3,-331.5677,555.0851,407.2010,60.4575,1.000000,0,1
108,4,917.9906,589.0625,126.3944,50.5564,1.000000,0,1
108,5,573.1151,537.3604,309.7407,83.7464,1.000000,0,1
108,6,266.5106,580.3674,166.6550,21.4710,1.000000,0,1
109,1,1099.0630,587.2493,77.5480,33.0880,1.000000,0,1
109,2,1247.7610,580.7594,164.2704,18.7127,1.000000,0,1
109,3,-331.2278,554.9739,407.2146,60.4578,1.000000,0,1
109,4,916.5950,588.9980,126.2076,50.5304,1.000000,0,1
109,5,573.3397,537.3714,309.7464,83.7443,1.000000,0,1
109,6,267.0250,580.3940,166.6591,21.4737,1.000000,0,1
110,1,1098.2820,587.2504,77.4951,33.0840,1.000000,0,1
110,2,1246.9660,580.6970,164.1857,18.7087,1.000000,0,1
110,3,-330.8919,554.8572,407.2302,60.4581,1.000000,0,1
110,4,915.1978,588.9300,126.0209,50.5042,1.000000,0,1
110,5,573.5653,537.3769,309.7516,83.7418,1.000000,0,1
110,6,267.5389,580.4189,166.6636,21.4765,1.000000,0,1
111,1,1097.4990,587.2474,77.4417,33.0795,1.000000,0,1
111,2,1246.1710,580.6348,164.1013,18.7047,1.000000,0,1
111,3,-330.5589,554.7373,407.2466,60.4586,1.000000,0,1
111,4,913.7987,588.8610,125.8344,50.4779,1.000000,0,1
111,5,573.7919,537.3776,309.7567,83.7390,1.000000,0,1
111,6,268.0527,580.4409,166.6682,21.4792,1.000000,0,1
112,1,1096.7150,587.2401,77.3881,33.0748,1.000000,0,1
112,2,1245.3780,580.5731,164.0176,18.7008,1.000000,0,1
112,3,-330.2307,554.6154,407.2649,60.4592,1.000000,0,1
112,4,912.3977,588.7930,125.6472,50.4516,1.000000,0,1
112,5,574.0194,537.3736,309.7621,83.7361,1.000000,0,1
112,6,268.5663,580.4592,166.6733,21.4819,1.000000,0,1
113,1,1095.9300,587.2273,77.3341,33.0696,1.000000,0,1
113,2,1244.5860,580.5119,163.9342,18.6969,1.000000,0,1
113,3,-329.9071,554.4893,407.2849,60.4601,1.000000,0,1
113,4,910.9935,588.7206,125.4598,50.4248,1.000000,0,1
113,5,574.2481,537.3641,309.7676,83.7330,1.000000,0,1
113,6,269.0798,580.4757,166.6784,21.4847,1.000000,0,1
114,1,1095.1440,587.2100,77.2802,33.0641,1.000000,0,1
114,2,1243.7950,580.4512,163.8518,18.6931,1.000000,0,1
114,3,-329.5870,554.3604,407.3065,60.4610,1.000000,0,1
114,4,909.5875,588.6464,125.2722,50.3979,1.000000,0,1
114,5,574.4776,537.3499,309.7739,83.7298,1.000000,0,1
114,6,269.5928,580.4902,166.6840,21.4874,1.000000,0,1
115,1,1094.3580,587.1882,77.2255,33.0583,1.000000,0,1
115,2,1243.0060,580.3912,163.7698,18.6894,1.000000,0,1
115,3,-329.2702,554.2297,407.3292,60.4620,1.000000,0,1
115,4,908.1805,588.5718,125.0848,50.3709,1.000000,0,1
115,5,574.7081,537.3312,309.7808,83.7266,1.000000,0,1
115,6,270.1055,580.5017,166.6898,21.4902,1.000000,0,1
116,1,1093.5690,587.1598,77.1705,33.0519,1.000000,0,1
116,2,1242.2190,580.3318,163.6887,18.6858,1.000000,0,1
116,3,-328.9570,554.0955,407.3533,60.4633,1.000000,0,1
116,4,906.7707,588.4924,124.8975,50.3436,1.000000,0,1
116,5,574.9399,537.3077,309.7880,83.7234,1.000000,0,1
116,6,270.6174,580.5123,166.6961,21.4930,1.000000,0,1
117,1,1092.7790,587.1265,77.1154,33.0451,1.000000,0,1
117,2,1241.4320,580.2732,163.6083,18.6821,1.000000,0,1
117,3,-328.6472,553.9595,407.3788,60.4645,1.000000,0,1
117,4,905.3596,588.4113,124.7103,50.3162,1.000000,0,1
117,5,575.1724,537.2803,309.7964,83.7201,1.000000,0,1
117,6,271.1289,580.5213,166.7026,21.4958,1.000000,0,1
118,1,1091.9890,587.0899,77.0601,33.0381,1.000000,0,1
118,2,1240.6480,580.2157,163.5286,18.6786,1.000000,0,1
118,3,-328.3413,553.8229,407.4055,60.4660,1.000000,0,1
118,4,903.9482,588.3309,124.5232,50.2888,1.000000,0,1
118,5,575.4053,537.2491,309.8059,83.7171,1.000000,0,1
118,6,271.6399,580.5278,166.7094,21.4987,1.000000,0,1
119,1,1091.1970,587.0468,77.0040,33.0305,1.000000,0,1
119,2,1239.8670,580.1591,163.4501,18.6753,1.000000,0,1
119,3,-328.0388,553.6838,407.4336,60.4676,1.000000,0,1
119,4,902.5342,588.2463,124.3367,50.2613,1.000000,0,1
119,5,575.6393,537.2135,309.8163,83.7140,1.000000,0,1
119,6,272.1508,580.5331,166.7162,21.5015,1.000000,0,1
120,1,1090.4040,586.9995,76.9479,33.0225,1.000000,0,1
120,2,1239.0890,580.1036,163.3722,18.6719,1.000000,0,1
120,3,-327.7390,553.5437,407.4625,60.4693,1.000000,0,1
120,4,901.1199,588.1610,124.1503,50.2339,1.000000,0,1
120,5,575.8739,537.1746,309.8278,83.7111,1.000000,0,1
120,6,272.6611,580.5370,166.7236,21.5044,1.000000,0,1
121,1,1089.6110,586.9500,76.8916,33.0145,1.000000,0,1
121,2,1238.3130,580.0498,163.2955,18.6687,1.000000,0,1
121,3,-327.4428,553.4035,407.4927,60.4713,1.000000,0,1
121,4,899.7069,588.0773,123.9647,50.2067,1.000000,0,1
121,5,576.1088,537.1332,309.8402,83.7084,1.000000,0,1
121,6,273.1711,580.5391,166.7310,21.5072,1.000000,0,1
122,1,1088.8160,586.8947,76.8346,33.0059,1.000000,0,1
122,2,1237.5400,579.9971,163.2195,18.6656,1.000000,0,1
122,3,-327.1513,553.2623,407.5247,60.4734,1.000000,0,1
122,4,898.2933,587.9909,123.7801,50.1798,1.000000,0,1
122,5,576.3443,537.0880,309.8537,83.7057,1.000000,0,1
122,6,273.6810,580.5402,166.7386,21.5101,1.000000,0,1
123,1,1088.0190,586.8365,76.7776,32.9971,1.000000,0,1
123,2,1236.7680,579.9459,163.1440,18.6626,1.000000,0,1
123,3,-326.8636,553.1213,407.5579,60.4758,1.000000,0,1
123,4,896.8814,587.9045,123.5965,50.1531,1.000000,0,1
123,5,576.5800,537.0400,309.8681,83.7032,1.000000,0,1
123,6,274.1909,580.5402,166.7462,21.5130,1.000000,0,1
124,1,1087.2230,586.7775,76.7200,32.9880,1.000000,0,1
124,2,1235.9980,579.8970,163.0695,18.6596,1.000000,0,1
124,3,-326.5797,552.9819,407.5923,60.4784,1.000000,0,1
124,4,895.4725,587.8206,123.4141,50.1269,1.000000,0,1
124,5,576.8157,536.9899,309.8836,83.7009,1.000000,0,1
124,6,274.7008,580.5388,166.7538,21.5159,1.000000,0,1
125,1,1086.4230,586.7130,76.6622,32.9785,1.000000,0,1
125,2,1235.2300,579.8504,162.9954,18.6567,1.000000,0,1
125,3,-326.2994,552.8433,407.6281,60.4812,1.000000,0,1
125,4,894.0646,587.7355,123.2327,50.1011,1.000000,0,1
125,5,577.0516,536.9366,309.9001,83.6987,1.000000,0,1
125,6,275.2110,580.5361,166.7616,21.5187,1.000000,0,1
126,1,1085.6230,586.6460,76.6038,32.9688,1.000000,0,1
126,2,1234.4630,579.8064,162.9224,18.6540,1.000000,0,1
126,3,-326.0229,552.7062,407.6650,60.4842,1.000000,0,1
126,4,892.6581,587.6519,123.0524,50.0757,1.000000,0,1
126,5,577.2876,536.8809,309.9174,83.6966,1.000000,0,1
126,6,275.7215,580.5323,166.7692,21.5216,1.000000,0,1
127,1,1084.8230,586.5787,76.5453,32.9589,1.000000,0,1
127,2,1233.6980,579.7651,162.8496,18.6513,1.000000,0,1
127,3,-325.7514,552.5717,407.7036,60.4876,1.000000,0,1
127,4,891.2533,587.5721,122.8728,50.0509,1.000000,0,1
127,5,577.5231,536.8239,309.9354,83.6947,1.000000,0,1
127,6,276.2322,580.5273,166.7771,21.5244,1.000000,0,1
128,1,1084.0210,586.5060,76.4862,32.9486,1.000000,0,1
128,2,1232.9340,579.7264,162.7771,18.6486,1.000000,0,1
128,3,-325.4837,552.4395,407.7435,60.4912,1.000000,0,1
128,4,889.8486,587.4937,122.6942,50.0266,1.000000,0,1
128,5,577.7587,536.7640,309.9543,83.6929,1.000000,0,1
128,6,276.7427,580.5216,166.7849,21.5273,1.000000,0,1
129,1,1083.2170,586.4312,76.4270,32.9380,1.000000,0,1
129,2,1232.1700,579.6900,162.7052,18.6460,1.000000,0,1
129,3,-325.2203,552.3102,407.7846,60.4952,1.000000,0,1
129,4,888.4451,587.4181,122.5167,50.0028,1.000000,0,1
129,5,577.9938,536.7023,309.9740,83.6912,1.000000,0,1
129,6,277.2533,580.5151,166.7929,21.5302,1.000000,0,1
130,1,1082.4140,586.3564,76.3676,32.9274,1.000000,0,1
130,2,1231.4060,579.6556,162.6334,18.6434,1.000000,0,1
130,3,-324.9615,552.1849,407.8275,60.4995,1.000000,0,1
130,4,887.0440,587.3470,122.3400,49.9799,1.000000,0,1
130,5,578.2283,536.6393,309.9945,83.6897,1.000000,0,1
130,6,277.7635,580.5076,166.8010,21.5330,1.000000,0,1
131,1,1081.6080,586.2758,76.3077,32.9163,1.000000,0,1
131,2,1230.6440,579.6234,162.5616,18.6409,1.000000,0,1
131,3,-324.7049,552.0630,407.8707,60.5040,1.000000,0,1
131,4,885.6434,587.2791,122.1644,49.9575,1.000000,0,1
131,5,578.4625,536.5735,310.0159,83.6882,1.000000,0,1
131,6,278.2732,580.4989,166.8091,21.5359,1.000000,0,1
132,1,1080.8010,586.1928,76.2474,32.9050,1.000000,0,1
132,2,1229.8800,579.5929,162.4901,18.6384,1.000000,0,1
132,3,-324.4518,551.9448,407.9153,60.5088,1.000000,0,1
132,4,884.2444,587.2151,121.9894,49.9358,1.000000,0,1
132,5,578.6962,536.5060,310.0378,83.6869,1.000000,0,1
132,6,278.7825,580.4893,166.8173,21.5387,1.000000,0,1
133,1,1079.9940,586.1104,76.1869,32.8935,1.000000,0,1
133,2,1229.1160,579.5642,162.4181,18.6359,1.000000,0,1
133,3,-324.2022,551.8312,407.9614,60.5139,1.000000,0,1
133,4,882.8480,587.1560,121.8154,49.9147,1.000000,0,1
133,5,578.9292,536.4377,310.0602,83.6858,1.000000,0,1
133,6,279.2905,580.4785,166.8258,21.5416,1.000000,0,1
134,1,1079.1830,586.0223,76.1260,32.8817,1.000000,0,1
134,2,1228.3500,579.5370,162.3461,18.6334,1.000000,0,1
134,3,-323.9549,551.7220,408.0083,60.5194,1.000000,0,1
134,4,881.4536,587.1006,121.6426,49.8944,1.000000,0,1
134,5,579.1617,536.3671,310.0836,83.6848,1.000000,0,1
134,6,279.7976,580.4659,166.8345,21.5445,1.000000,0,1
135,1,1078.3720,585.9324,76.0647,32.8695,1.000000,0,1
135,2,1227.5830,579.5107,162.2734,18.6308,1.000000,0,1
135,3,-323.7102,551.6176,408.0560,60.5252,1.000000,0,1
135,4,880.0625,587.0492,121.4705,49.8746,1.000000,0,1
135,5,579.3936,536.2951,310.1078,83.6839,1.000000,0,1
135,6,280.3038,580.4519,166.8431,21.5474,1.000000,0,1
136,1,1077.5620,585.8434,76.0032,32.8574,1.000000,0,1
136,2,1226.8140,579.4849,162.2006,18.6282,1.000000,0,1
136,3,-323.4685,551.5189,408.1050,60.5312,1.000000,0,1
136,4,878.6754,587.0015,121.2996,49.8555,1.000000,0,1
136,5,579.6245,536.2227,310.1327,83.6832,1.000000,0,1
136,6,280.8087,580.4369,166.8522,21.5503,1.000000,0,1
137,1,1076.7500,585.7489,75.9414,32.8448,1.000000,0,1
137,2,1226.0430,579.4597,162.1274,18.6257,1.000000,0,1
137,3,-323.2289,551.4257,408.1548,60.5376,1.000000,0,1
137,4,877.2922,586.9575,121.1298,49.8370,1.000000,0,1
137,5,579.8552,536.1479,310.1584,83.6827,1.000000,0,1
137,6,281.3119,580.4202,166.8615,21.5532,1.000000,0,1
138,1,1075.9380,585.6526,75.8789,32.8319,1.000000,0,1
138,2,1225.2700,579.4344,162.0540,18.6231,1.000000,0,1
138,3,-322.9918,551.3377,408.2055,60.5443,1.000000,0,1
138,4,875.9130,586.9172,120.9613,49.8193,1.000000,0,1
138,5,580.0852,536.0722,310.1852,83.6824,1.000000,0,1
138,6,281.8136,580.4028,166.8710,21.5561,1.000000,0,1
139,1,1075.1270,585.5575,75.8169,32.8191,1.000000,0,1
139,2,1224.4960,579.4083,161.9800,18.6204,1.000000,0,1
139,3,-322.7573,551.2552,408.2569,60.5512,1.000000,0,1
139,4,874.5380,586.8809,120.7946,49.8024,1.000000,0,1
139,5,580.3145,535.9965,310.2128,83.6823,1.000000,0,1
139,6,282.3135,580.3853,166.8811,21.5591,1.000000,0,1
140,1,1074.3140,585.4564,75.7540,32.8057,1.000000,0,1
140,2,1223.7210,579.3816,161.9056,18.6177,1.000000,0,1
140,3,-322.5253,551.1786,408.3094,60.5586,1.000000,0,1
140,4,873.1668,586.8491,120.6295,49.7865,1.000000,0,1
140,5,580.5436,535.9188,310.2416,83.6825,1.000000,0,1
140,6,282.8117,580.3662,166.8913,21.5621,1.000000,0,1
141,1,1073.5000,585.3535,75.6909,32.7922,1.000000,0,1
141,2,1222.9450,579.3536,161.8314,18.6150,1.000000,0,1
141,3,-322.2968,551.1078,408.3631,60.5662,1.000000,0,1
141,4,871.7994,586.8214,120.4660,49.7715,1.000000,0,1
141,5,580.7722,535.8406,310.2714,83.6830,1.000000,0,1
141,6,283.3084,580.3468,166.9018,21.5651,1.000000,0,1
142,1,1072.6870,585.2519,75.6279,32.7787,1.000000,0,1
142,2,1222.1670,579.3235,161.7570,18.6123,1.000000,0,1
142,3,-322.0718,551.0431,408.4178,60.5743,1.000000,0,1
142,4,870.4361,586.7979,120.3038,49.7572,1.000000,0,1
142,5,581.0003,535.7631,310.3022,83.6836,1.000000,0,1
142,6,283.8034,580.3281,166.9128,21.5682,1.000000,0,1
143,1,1071.8710,585.1449,75.5642,32.7646,1.000000,0,1
143,2,1221.3900,579.2917,161.6829,18.6096,1.000000,0,1
143,3,-321.8503,550.9849,408.4735,60.5827,1.000000,0,1
143,4,869.0775,586.7815,120.1438,49.7443,1.000000,0,1
143,5,581.2296,535.6841,310.3340,83.6846,1.000000,0,1
143,6,284.2981,580.3086,166.9240,21.5713,1.000000,0,1
144,1,1071.0550,585.0369,75.5005,32.7505,1.000000,0,1
144,2,1220.6120,579.2577,161.6086,18.6069,1.000000,0,1
144,3,-321.6324,550.9319,408.5306,60.5914,1.000000,0,1
144,4,867.7231,586.7714,119.9855,49.7325,1.000000,0,1
144,5,581.4595,535.6050,310.3671,83.6859,1.000000,0,1
144,6,284.7921,580.2902,166.9353,21.5744,1.000000,0,1
145,1,1070.2410,584.9317,75.4367,32.7365,1.000000,0,1
145,2,1219.8340,579.2208,161.5349,18.6041,1.000000,0,1
145,3,-321.4178,550.8842,408.5890,60.6005,1.000000,0,1
145,4,866.3726,586.7676,119.8284,49.7217,1.000000,0,1
145,5,581.6895,535.5270,310.4013,83.6875,1.000000,0,1
145,6,285.2849,580.2748,166.9469,21.5777,1.000000,0,1
146,1,1069.4250,584.8225,75.3727,32.7222,1.000000,0,1
146,2,1219.0570,579.1812,161.4612,18.6014,1.000000,0,1
146,3,-321.2061,550.8429,408.6480,60.6100,1.000000,0,1
146,4,865.0266,586.7739,119.6730,49.7123,1.000000,0,1
146,5,581.9205,535.4484,310.4368,83.6894,1.000000,0,1
146,6,285.7764,580.2621,166.9586,21.5809,1.000000,0,1
147,1,1068.6090,584.7133,75.3088,32.7079,1.000000,0,1
147,2,1218.2820,579.1390,161.3884,18.5987,1.000000,0,1
147,3,-320.9986,550.8071,408.7087,60.6198,1.000000,0,1
147,4,863.6834,586.7880,119.5188,49.7041,1.000000,0,1
147,5,582.1520,535.3706,310.4734,83.6917,1.000000,0,1
147,6,286.2672,580.2527,166.9703,21.5842,1.000000,0,1
148,1,1067.7960,584.6074,75.2451,32.6938,1.000000,0,1
148,2,1217.5080,579.0943,161.3158,18.5960,1.000000,0,1
148,3,-320.7962,550.7766,408.7713,60.6302,1.000000,0,1
148,4,862.3409,586.8096,119.3653,49.6968,1.000000,0,1
148,5,582.3829,535.2947,310.5114,83.6943,1.000000,0,1
148,6,286.7583,580.2471,166.9819,21.5875,1.000000,0,1
149,1,1066.9820,584.4988,75.1812,32.6796,1.000000,0,1
149,2,1216.7380,579.0463,161.2439,18.5933,1.000000,0,1
149,3,-320.5969,550.7520,408.8346,60.6408,1.000000,0,1
149,4,860.9985,586.8440,119.2122,49.6910,1.000000,0,1
149,5,582.6141,535.2208,310.5505,83.6974,1.000000,0,1
149,6,287.2492,580.2450,166.9933,21.5908,1.000000,0,1
150,1,1066.1690,584.3911,75.1177,32.6655,1.000000,0,1
150,2,1215.9700,578.9955,161.1727,18.5907,1.000000,0,1
150,3,-320.4014,550.7325,408.8993,60.6518,1.000000,0,1
150,4,859.6555,586.8868,119.0588,49.6858,1.000000,0,1
150,5,582.8448,535.1489,310.5908,83.7009,1.000000,0,1
150,6,287.7407,580.2465,167.0044,21.5941,1.000000,0,1
151,1,1065.3610,584.2869,75.0543,32.6516,1.000000,0,1
151,2,1215.2040,578.9426,161.1022,18.5881,1.000000,0,1
151,3,-320.2099,550.7182,408.9659,60.6631,1.000000,0,1
151,4,858.3112,586.9354,118.9047,49.6809,1.000000,0,1
151,5,583.0748,535.0796,310.6318,83.7047,1.000000,0,1
151,6,288.2333,580.2517,167.0152,21.5974,1.000000,0,1
152,1,1064.5520,584.1803,74.9913,32.6376,1.000000,0,1
152,2,1214.4400,578.8864,161.0326,18.5856,1.000000,0,1
152,3,-320.0220,550.7094,409.0330,60.6749,1.000000,0,1
152,4,856.9675,586.9965,118.7502,49.6770,1.000000,0,1
152,5,583.3049,535.0122,310.6743,83.7090,1.000000,0,1
152,6,288.7271,580.2594,167.0256,21.6007,1.000000,0,1
153,1,1063.7450,584.0748,74.9287,32.6238,1.000000,0,1
153,2,1213.6770,578.8283,160.9635,18.5831,1.000000,0,1
153,3,-319.8378,550.7056,409.1019,60.6870,1.000000,0,1
153,4,855.6230,587.0642,118.5948,49.6735,1.000000,0,1
153,5,583.5347,534.9471,310.7177,83.7137,1.000000,0,1
153,6,289.2225,580.2695,167.0354,21.6040,1.000000,0,1
154,1,1062.9410,583.9734,74.8665,32.6104,1.000000,0,1
154,2,1212.9170,578.7698,160.8950,18.5806,1.000000,0,1
154,3,-319.6565,550.7072,409.1719,60.6994,1.000000,0,1
154,4,854.2767,587.1354,118.4382,49.6698,1.000000,0,1
154,5,583.7639,534.8851,310.7620,83.7187,1.000000,0,1
154,6,289.7198,580.2824,167.0448,21.6072,1.000000,0,1
155,1,1062.1360,583.8705,74.8046,32.5970,1.000000,0,1
155,2,1212.1590,578.7095,160.8273,18.5782,1.000000,0,1
155,3,-319.4771,550.7139,409.2424,60.7121,1.000000,0,1
155,4,852.9309,587.2170,118.2809,49.6668,1.000000,0,1
155,5,583.9935,534.8252,310.8071,83.7240,1.000000,0,1
155,6,290.2188,580.2969,167.0538,21.6104,1.000000,0,1
156,1,1061.3320,583.7690,74.7429,32.5838,1.000000,0,1
156,2,1211.4030,578.6489,160.7600,18.5758,1.000000,0,1
156,3,-319.3004,550.7254,409.3141,60.7252,1.000000,0,1
156,4,851.5836,587.3020,118.1227,49.6637,1.000000,0,1
156,5,584.2227,534.7678,310.8533,83.7298,1.000000,0,1
156,6,290.7199,580.3126,167.0621,21.6136,1.000000,0,1
157,1,1060.5320,583.6712,74.6816,32.5709,1.000000,0,1
157,2,1210.6490,578.5894,160.6931,18.5735,1.000000,0,1
157,3,-319.1271,550.7423,409.3872,60.7386,1.000000,0,1
157,4,850.2337,587.3856,117.9627,49.6599,1.000000,0,1
157,5,584.4513,534.7137,310.9004,83.7359,1.000000,0,1
157,6,291.2230,580.3292,167.0701,21.6167,1.000000,0,1
158,1,1059.7310,583.5729,74.6210,32.5582,1.000000,0,1
158,2,1209.8960,578.5302,160.6268,18.5712,1.000000,0,1
158,3,-318.9568,550.7644,409.4612,60.7524,1.000000,0,1
158,4,848.8836,587.4752,117.8017,49.6562,1.000000,0,1
158,5,584.6801,534.6623,310.9482,83.7423,1.000000,0,1
158,6,291.7274,580.3459,167.0775,21.6197,1.000000,0,1
159,1,1058.9320,583.4771,74.5604,32.5456,1.000000,0,1
159,2,1209.1460,578.4728,160.5609,18.5690,1.000000,0,1
159,3,-318.7883,550.7911,409.5363,60.7664,1.000000,0,1
159,4,847.5322,587.5648,117.6395,49.6520,1.000000,0,1
159,5,584.9089,534.6133,310.9963,83.7490,1.000000,0,1
159,6,292.2331,580.3626,167.0846,21.6227,1.000000,0,1
160,1,1058.1360,583.3860,74.5005,32.5335,1.000000,0,1
160,2,1208.3960,578.4185,160.4956,18.5668,1.000000,0,1
160,3,-318.6217,550.8224,409.6124,60.7808,1.000000,0,1
160,4,846.1787,587.6503,117.4762,49.6469,1.000000,0,1
160,5,585.1373,534.5670,311.0453,83.7560,1.000000,0,1
160,6,292.7399,580.3784,167.0914,21.6256,1.000000,0,1
161,1,1057.3410,583.2947,74.4409,32.5216,1.000000,0,1
161,2,1207.6460,578.3658,160.4299,18.5646,1.000000,0,1
161,3,-318.4559,550.8598,409.6886,60.7953,1.000000,0,1
161,4,844.8264,587.7394,117.3120,49.6418,1.000000,0,1
161,5,585.3661,534.5236,311.0942,83.7631,1.000000,0,1
161,6,293.2477,580.3926,167.0978,21.6285,1.000000,0,1
162,1,1056.5470,583.2056,74.3821,32.5100,1.000000,0,1
162,2,1206.8970,578.3160,160.3647,18.5625,1.000000,0,1
162,3,-318.2909,550.9019,409.7656,60.8101,1.000000,0,1
162,4,843.4741,587.8272,117.1472,49.6363,1.000000,0,1
162,5,585.5948,534.4830,311.1433,83.7703,1.000000,0,1
162,6,293.7562,580.4052,167.1041,21.6314,1.000000,0,1
163,1,1055.7580,583.1208,74.3237,32.4988,1.000000,0,1
163,2,1206.1470,578.2701,160.2991,18.5604,1.000000,0,1
163,3,-318.1259,550.9478,409.8428,60.8251,1.000000,0,1
163,4,842.1212,587.9100,116.9817,49.6299,1.000000,0,1
163,5,585.8230,534.4456,311.1927,83.7778,1.000000,0,1
163,6,294.2653,580.4160,167.1104,21.6342,1.000000,0,1
164,1,1054.9690,583.0361,74.2658,32.4877,1.000000,0,1
164,2,1205.3960,578.2261,160.2328,18.5583,1.000000,0,1
164,3,-317.9613,550.9999,409.9204,60.8404,1.000000,0,1
164,4,840.7697,587.9949,116.8157,49.6236,1.000000,0,1
164,5,586.0516,534.4114,311.2422,83.7854,1.000000,0,1
164,6,294.7746,580.4245,167.1165,21.6370,1.000000,0,1
165,1,1054.1840,582.9539,74.2086,32.4770,1.000000,0,1
165,2,1204.6440,578.1845,160.1663,18.5561,1.000000,0,1
165,3,-317.7968,551.0570,409.9984,60.8559,1.000000,0,1
165,4,839.4185,588.0775,116.6494,49.6166,1.000000,0,1
165,5,586.2802,534.3801,311.2916,83.7932,1.000000,0,1
165,6,295.2841,580.4315,167.1227,21.6398,1.000000,0,1
166,1,1053.4030,582.8766,74.1522,32.4667,1.000000,0,1
166,2,1203.8920,578.1462,160.0990,18.5539,1.000000,0,1
166,3,-317.6318,551.1179,410.0767,60.8715,1.000000,0,1
166,4,838.0664,588.1542,116.4825,49.6090,1.000000,0,1
166,5,586.5087,534.3514,311.3404,83.8009,1.000000,0,1
166,6,295.7933,580.4373,167.1292,21.6426,1.000000,0,1
167,1,1052.6240,582.7980,74.0962,32.4585,1.000000,0,1
167,2,1203.1380,578.1094,160.0314,18.5517,1.000000,0,1
167,3,-317.4658,551.1855,410.1547,60.8874,1.000000,0,1
167,4,836.7159,588.2317,116.3152,49.6011,1.000000,0,1
167,5,586.7374,534.3254,311.3889,83.8086,1.000000,0,1
167,6,296.3024,580.4412,167.1357,21.6454,1.000000,0,1
168,1,1051.8460,582.7210,74.0409,32.4516,1.000000,0,1
168,2,1202.3830,578.0742,159.9634,18.5495,1.000000,0,1
168,3,-317.3000,551.2585,410.2331,60.9034,1.000000,0,1
168,4,835.3663,588.3065,116.1476,49.5928,1.000000,0,1
168,5,586.9661,534.3023,311.4372,83.8164,1.000000,0,1
168,6,296.8112,580.4438,167.1426,21.6482,1.000000,0,1
169,1,1051.0720,582.6491,73.9861,32.4450,1.000000,0,1
169,2,1201.6270,578.0408,159.8951,18.5472,1.000000,0,1
169,3,-317.1321,551.3354,410.3111,60.9196,1.000000,0,1
169,4,834.0167,588.3752,115.9798,49.5837,1.000000,0,1
169,5,587.1943,534.2817,311.4854,83.8243,1.000000,0,1
169,6,297.3198,580.4458,167.1495,21.6510,1.000000,0,1
170,1,1050.2990,582.5790,73.9316,32.4385,1.000000,0,1
170,2,1200.8690,578.0075,159.8259,18.5448,1.000000,0,1
170,3,-316.9608,551.4182,410.3879,60.9357,1.000000,0,1
170,4,832.6686,588.4422,115.8116,49.5742,1.000000,0,1
170,5,587.4228,534.2638,311.5328,83.8320,1.000000,0,1
170,6,297.8278,580.4470,167.1570,21.6539,1.000000,0,1
171,1,1049.5290,582.5131,73.8779,32.4323,1.000000,0,1
171,2,1200.1100,577.9745,159.7557,18.5424,1.000000,0,1
171,3,-316.7871,551.5059,410.4645,60.9519,1.000000,0,1
171,4,831.3215,588.5051,115.6435,49.5643,1.000000,0,1
171,5,587.6512,534.2482,311.5798,83.8398,1.000000,0,1
171,6,298.3354,580.4478,167.1646,21.6568,1.000000,0,1
172,1,1048.7620,582.4534,73.8251,32.4266,1.000000,0,1
172,2,1199.3490,577.9423,159.6851,18.5399,1.000000,0,1
172,3,-316.6107,551.5972,410.5403,60.9682,1.000000,0,1
172,4,829.9747,588.5618,115.4749,49.5535,1.000000,0,1
172,5,587.8795,534.2344,311.6264,83.8476,1.000000,0,1
172,6,298.8425,580.4490,167.1725,21.6597,1.000000,0,1
173,1,1047.9970,582.3976,73.7723,32.4210,1.000000,0,1
173,2,1198.5860,577.9098,159.6134,18.5374,1.000000,0,1
173,3,-316.4319,551.6942,410.6153,60.9845,1.000000,0,1
173,4,828.6298,588.6163,115.3063,49.5424,1.000000,0,1
173,5,588.1078,534.2231,311.6725,83.8553,1.000000,0,1
173,6,299.3485,580.4502,167.1810,21.6628,1.000000,0,1
174,1,1047.2330,582.3467,73.7205,32.4156,1.000000,0,1
174,2,1197.8230,577.8773,159.5410,18.5347,1.000000,0,1
174,3,-316.2497,551.7957,410.6894,61.0008,1.000000,0,1
174,4,827.2859,588.6668,115.1377,49.5308,1.000000,0,1
174,5,588.3358,534.2139,311.7184,83.8631,1.000000,0,1
174,6,299.8535,580.4520,167.1898,21.6659,1.000000,0,1
175,1,1046.4730,582.3023,73.6690,32.4105,1.000000,0,1
175,2,1197.0580,577.8453,159.4681,18.5320,1.000000,0,1
175,3,-316.0619,551.9004,410.7617,61.0169,1.000000,0,1
175,4,825.9426,588.7112,114.9692,49.5186,1.000000,0,1
175,5,588.5636,534.2067,311.7636,83.8707,1.000000,0,1
175,6,300.3579,580.4547,167.1990,21.6690,1.000000,0,1
176,1,1045.7140,582.2639,73.6180,32.4057,1.000000,0,1
176,2,1196.2920,577.8126,159.3944,18.5292,1.000000,0,1
176,3,-315.8713,552.0098,410.8331,61.0331,1.000000,0,1
176,4,824.6011,588.7522,114.8001,49.5057,1.000000,0,1
176,5,588.7913,534.2013,311.8087,83.8785,1.000000,0,1
176,6,300.8615,580.4576,167.2086,21.6722,1.000000,0,1
177,1,1044.9570,582.2316,73.5673,32.4010,1.000000,0,1
177,2,1195.5240,577.7797,159.3198,18.5263,1.000000,0,1
177,3,-315.6769,552.1229,410.9034,61.0493,1.000000,0,1
177,4,823.2606,588.7884,114.6311,49.4922,1.000000,0,1
177,5,589.0187,534.1976,311.8535,83.8862,1.000000,0,1
177,6,301.3647,580.4611,167.2184,21.6754,1.000000,0,1
178,1,1044.1990,582.2061,73.5167,32.3966,1.000000,0,1
178,2,1194.7560,577.7469,159.2445,18.5233,1.000000,0,1
178,3,-315.4780,552.2394,410.9726,61.0653,1.000000,0,1
178,4,821.9209,588.8182,114.4619,49.4781,1.000000,0,1
178,5,589.2459,534.1952,311.8976,83.8938,1.000000,0,1
178,6,301.8673,580.4651,167.2286,21.6787,1.000000,0,1
179,1,1043.4400,582.1873,73.4662,32.3924,1.000000,0,1
179,2,1193.9870,577.7137,159.1685,18.5202,1.000000,0,1
179,3,-315.2736,552.3601,411.0401,61.0812,1.000000,0,1
179,4,820.5833,588.8434,114.2928,49.4633,1.000000,0,1
179,5,589.4728,534.1943,311.9417,83.9014,1.000000,0,1
179,6,302.3698,580.4698,167.2390,21.6820,1.000000,0,1
180,1,1042.6800,582.1746,73.4157,32.3882,1.000000,0,1
180,2,1193.2180,577.6802,159.0919,18.5171,1.000000,0,1
180,3,-315.0633,552.4835,411.1057,61.0969,1.000000,0,1
180,4,819.2467,588.8636,114.1238,49.4480,1.000000,0,1
180,5,589.6994,534.1948,311.9855,83.9091,1.000000,0,1
180,6,302.8719,580.4753,167.2499,21.6854,1.000000,0,1
181,1,1041.9190,582.1688,73.3651,32.3841,1.000000,0,1
181,2,1192.4480,577.6469,159.0151,18.5140,1.000000,0,1
181,3,-314.8468,552.6084,411.1691,61.1124,1.000000,0,1
181,4,817.9108,588.8777,113.9553,49.4323,1.000000,0,1
181,5,589.9255,534.1965,312.0293,83.9168,1.000000,0,1
181,6,303.3738,580.4813,167.2610,21.6888,1.000000,0,1
182,1,1041.1580,582.1714,73.3147,32.3803,1.000000,0,1
182,2,1191.6780,577.6133,158.9375,18.5107,1.000000,0,1
182,3,-314.6254,552.7377,411.2311,61.1278,1.000000,0,1
182,4,816.5764,588.8860,113.7869,49.4161,1.000000,0,1
182,5,590.1513,534.1993,312.0726,83.9244,1.000000,0,1
182,6,303.8757,580.4875,167.2722,21.6923,1.000000,0,1
183,1,1040.3960,582.1802,73.2640,32.3765,1.000000,0,1
183,2,1190.9080,577.5804,158.8601,18.5075,1.000000,0,1
183,3,-314.3979,552.8694,411.2911,61.1429,1.000000,0,1
183,4,815.2430,588.8887,113.6190,49.3994,1.000000,0,1
183,5,590.3765,534.2030,312.1159,83.9321,1.000000,0,1
183,6,304.3771,580.4944,167.2838,21.6958,1.000000,0,1
184,1,1039.6330,582.1935,73.2133,32.3727,1.000000,0,1
184,2,1190.1390,577.5494,158.7828,18.5043,1.000000,0,1
184,3,-314.1643,553.0017,411.3489,61.1577,1.000000,0,1
184,4,813.9102,588.8857,113.4516,49.3822,1.000000,0,1
184,5,590.6014,534.2073,312.1592,83.9398,1.000000,0,1
184,6,304.8782,580.5019,167.2957,21.6993,1.000000,0,1
185,1,1038.8710,582.2142,73.1627,32.3690,1.000000,0,1
185,2,1189.3700,577.5189,158.7054,18.5011,1.000000,0,1
185,3,-313.9245,553.1371,411.4046,61.1723,1.000000,0,1
185,4,812.5784,588.8761,113.2844,49.3644,1.000000,0,1
185,5,590.8257,534.2128,312.2023,83.9475,1.000000,0,1
185,6,305.3788,580.5104,167.3078,21.7029,1.000000,0,1
186,1,1038.1090,582.2397,73.1119,32.3655,1.000000,0,1
186,2,1188.6030,577.4896,158.6283,18.4979,1.000000,0,1
186,3,-313.6786,553.2738,411.4583,61.1867,1.000000,0,1
186,4,811.2474,588.8610,113.1177,49.3463,1.000000,0,1
186,5,591.0498,534.2189,312.2449,83.9551,1.000000,0,1
186,6,305.8788,580.5201,167.3203,21.7066,1.000000,0,1
187,1,1037.3460,582.2681,73.0614,32.3620,1.000000,0,1
187,2,1187.8380,577.4622,158.5518,18.4948,1.000000,0,1
187,3,-313.4247,553.4104,411.5093,61.2005,1.000000,0,1
187,4,809.9172,588.8401,112.9518,49.3279,1.000000,0,1
187,5,591.2731,534.2253,312.2875,83.9628,1.000000,0,1
187,6,306.3774,580.5314,167.3331,21.7103,1.000000,0,1
188,1,1036.5830,582.3026,73.0109,32.3586,1.000000,0,1
188,2,1187.0750,577.4362,158.4760,18.4918,1.000000,0,1
188,3,-313.1651,553.5493,411.5580,61.2142,1.000000,0,1
188,4,808.5875,588.8115,112.7863,49.3089,1.000000,0,1
188,5,591.4959,534.2330,312.3299,83.9704,1.000000,0,1
188,6,306.8751,580.5437,167.3461,21.7140,1.000000,0,1
189,1,1035.8210,582.3403,72.9605,32.3553,1.000000,0,1
189,2,1186.3150,577.4122,158.4004,18.4888,1.000000,0,1
189,3,-312.8999,553.6888,411.6048,61.2276,1.000000,0,1
189,4,807.2583,588.7767,112.6212,49.2893,1.000000,0,1
189,5,591.7182,534.2415,312.3724,83.9781,1.000000,0,1
189,6,307.3721,580.5568,167.3595,21.7178,1.000000,0,1
190,1,1035.0590,582.3787,72.9099,32.3520,1.000000,0,1
190,2,1185.5560,577.3907,158.3260,18.4859,1.000000,0,1
190,3,-312.6270,553.8272,411.6487,61.2405,1.000000,0,1
190,4,805.9297,588.7363,112.4567,49.2695,1.000000,0,1
190,5,591.9399,534.2504,312.4149,83.9859,1.000000,0,1
190,6,307.8680,580.5708,167.3732,21.7217,1.000000,0,1
191,1,1034.2990,582.4225,72.8596,32.3489,1.000000,0,1
191,2,1184.8010,577.3706,158.2524,18.4832,1.000000,0,1
191,3,-312.3469,553.9664,411.6900,61.2530,1.000000,0,1
191,4,804.6017,588.6879,112.2925,49.2490,1.000000,0,1
191,5,592.1610,534.2604,312.4570,83.9936,1.000000,0,1
191,6,308.3635,580.5861,167.3871,21.7256,1.000000,0,1
192,1,1033.5390,582.4692,72.8098,32.3459,1.000000,0,1
192,2,1184.0470,577.3522,158.1798,18.4805,1.000000,0,1
192,3,-312.0595,554.1051,411.7285,61.2651,1.000000,0,1
192,4,803.2748,588.6332,112.1293,49.2281,1.000000,0,1
192,5,592.3815,534.2711,312.4992,84.0013,1.000000,0,1
192,6,308.8582,580.6025,167.4016,21.7296,1.000000,0,1
193,1,1032.7800,582.5166,72.7599,32.3429,1.000000,0,1
193,2,1183.2960,577.3358,158.1079,18.4779,1.000000,0,1
193,3,-311.7651,554.2416,411.7646,61.2766,1.000000,0,1
193,4,801.9497,588.5731,111.9670,49.2071,1.000000,0,1
193,5,592.6017,534.2825,312.5412,84.0091,1.000000,0,1
193,6,309.3517,580.6204,167.4165,21.7336,1.000000,0,1
194,1,1032.0230,582.5688,72.7106,32.3402,1.000000,0,1
194,2,1182.5460,577.3213,158.0371,18.4754,1.000000,0,1
194,3,-311.4652,554.3784,411.7986,61.2880,1.000000,0,1
194,4,800.6257,588.5040,111.8054,49.1854,1.000000,0,1
194,5,592.8210,534.2950,312.5829,84.0168,1.000000,0,1
194,6,309.8442,580.6399,167.4319,21.7378,1.000000,0,1
195,1,1031.2670,582.6231,72.6615,32.3376,1.000000,0,1
195,2,1181.7990,577.3089,157.9669,18.4731,1.000000,0,1
195,3,-311.1591,554.5140,411.8301,61.2988,1.000000,0,1
195,4,799.3033,588.4281,111.6445,49.1633,1.000000,0,1
195,5,593.0400,534.3086,312.6245,84.0246,1.000000,0,1
195,6,310.3354,580.6611,167.4481,21.7420,1.000000,0,1
196,1,1030.5110,582.6776,72.6124,32.3350,1.000000,0,1
196,2,1181.0530,577.2996,157.8979,18.4708,1.000000,0,1
196,3,-310.8481,554.6466,411.8600,61.3093,1.000000,0,1
196,4,797.9827,588.3477,111.4846,49.1412,1.000000,0,1
196,5,593.2589,534.3230,312.6659,84.0323,1.000000,0,1
196,6,310.8252,580.6841,167.4647,21.7464,1.000000,0,1
197,1,1029.7600,582.7371,72.5643,32.3328,1.000000,0,1
197,2,1180.3110,577.2932,157.8298,18.4687,1.000000,0,1
197,3,-310.5317,554.7783,411.8877,61.3196,1.000000,0,1
197,4,796.6621,588.2573,111.3253,49.1182,1.000000,0,1
197,5,593.4773,534.3385,312.7073,84.0401,1.000000,0,1
197,6,311.3137,580.7091,167.4821,21.7508,1.000000,0,1
198,1,1029.0100,582.7983,72.5166,32.3308,1.000000,0,1
198,2,1179.5700,577.2897,157.7626,18.4667,1.000000,0,1
198,3,-310.2101,554.9079,411.9137,61.3294,1.000000,0,1
198,4,795.3425,588.1609,111.1666,49.0949,1.000000,0,1
198,5,593.6956,534.3549,312.7485,84.0479,1.000000,0,1
198,6,311.8009,580.7362,167.4999,21.7554,1.000000,0,1
199,1,1028.2610,582.8588,72.4690,32.3293,1.000000,0,1
199,2,1178.8320,577.2891,157.6962,18.4648,1.000000,0,1
199,3,-309.8836,555.0339,411.9376,61.3388,1.000000,0,1
199,4,794.0246,588.0618,111.0089,49.0716,1.000000,0,1
199,5,593.9143,534.3719,312.7895,84.0556,1.000000,0,1
199,6,312.2862,580.7650,167.5185,21.7601,1.000000,0,1
200,1,1027.5160,582.9208,72.4220,32.3299,1.000000,0,1
200,2,1178.0950,577.2913,157.6304,18.4630,1.000000,0,1
200,3,-309.5529,555.1581,411.9601,61.3479,1.000000,0,1
200,4,792.7068,587.9537,110.8515,49.0477,1.000000,0,1
200,5,594.1328,534.3900,312.8304,84.0635,1.000000,0,1
200,6,312.7694,580.7969,167.5377,21.7648,1.000000,0,1
201,1,1026.7710,582.9836,72.3756,32.3306,1.000000,0,1
201,2,1177.3610,577.2960,157.5652,18.4612,1.000000,0,1
201,3,-309.2179,555.2793,411.9811,61.3567,1.000000,0,1
201,4,791.3903,587.8411,110.6950,49.0236,1.000000,0,1
201,5,594.3515,534.4086,312.8711,84.0712,1.000000,0,1
201,6,313.2503,580.8313,167.5576,21.7697,1.000000,0,1
202,1,1026.0270,583.0452,72.3291,32.3313,1.000000,0,1
202,2,1176.6280,577.3038,157.5015,18.4596,1.000000,0,1
202,3,-308.8776,555.3962,411.9999,61.3651,1.000000,0,1
202,4,790.0754,587.7272,110.5395,48.9996,1.000000,0,1
202,5,594.5707,534.4276,312.9116,84.0788,1.000000,0,1
202,6,313.7288,580.8676,167.5782,21.7747,1.000000,0,1
203,1,1025.2840,583.1074,72.2828,32.3322,1.000000,0,1
203,2,1175.8990,577.3146,157.4382,18.4582,1.000000,0,1
203,3,-308.5346,555.5101,412.0179,61.3732,1.000000,0,1
203,4,788.7609,587.6062,110.3843,48.9752,1.000000,0,1
203,5,594.7897,534.4480,312.9525,84.0867,1.000000,0,1
203,6,314.2056,580.9054,167.5995,21.7798,1.000000,0,1
204,1,1024.5420,583.1690,72.2369,32.3331,1.000000,0,1
204,2,1175.1710,577.3281,157.3762,18.4568,1.000000,0,1
204,3,-308.1888,555.6201,412.0350,61.3809,1.000000,0,1
204,4,787.4475,587.4824,110.2298,48.9507,1.000000,0,1
204,5,595.0088,534.4695,312.9932,84.0946,1.000000,0,1
204,6,314.6811,580.9444,167.6213,21.7850,1.000000,0,1
205,1,1023.8000,583.2291,72.1913,32.3341,1.000000,0,1
205,2,1174.4460,577.3451,157.3152,18.4556,1.000000,0,1
205,3,-307.8400,555.7249,412.0508,61.3884,1.000000,0,1
205,4,786.1360,587.3594,110.0763,48.9266,1.000000,0,1
205,5,595.2278,534.4914,313.0340,84.1025,1.000000,0,1
205,6,315.1552,580.9846,167.6438,21.7903,1.000000,0,1
206,1,1023.0590,583.2894,72.1458,32.3351,1.000000,0,1
206,2,1173.7210,577.3655,157.2550,18.4545,1.000000,0,1
206,3,-307.4890,555.8260,412.0660,61.3957,1.000000,0,1
206,4,784.8241,587.2301,109.9229,48.9019,1.000000,0,1
206,5,595.4465,534.5146,313.0745,84.1103,1.000000,0,1
206,6,315.6283,581.0267,167.6668,21.7957,1.000000,0,1
207,1,1022.3190,583.3493,72.1005,32.3361,1.000000,0,1
207,2,1172.9980,577.3890,157.1953,18.4535,1.000000,0,1
207,3,-307.1356,555.9228,412.0803,61.4027,1.000000,0,1
207,4,783.5129,587.0995,109.7699,48.8773,1.000000,0,1
207,5,595.6649,534.5386,313.1149,84.1183,1.000000,0,1
207,6,316.1005,581.0710,167.6903,21.8011,1.000000,0,1
208,1,1021.5790,583.4077,72.0555,32.3372,1.000000,0,1
208,2,1172.2760,577.4159,157.1372,18.4527,1.000000,0,1
208,3,-306.7800,556.0142,412.0936,61.4094,1.000000,0,1
208,4,782.2031,586.9716,109.6179,48.8532,1.000000,0,1
208,5,595.8832,534.5627,313.1555,84.1262,1.000000,0,1
208,6,316.5717,581.1172,167.7141,21.8067,1.000000,0,1
209,1,1020.8390,583.4664,72.0104,32.3383,1.000000,0,1
209,2,1171.5560,577.4484,157.0802,18.4520,1.000000,0,1
209,3,-306.4227,556.1012,412.1063,61.4158,1.000000,0,1
209,4,780.8922,586.8386,109.4657,48.8287,1.000000,0,1
209,5,596.1006,534.5878,313.1960,84.1342,1.000000,0,1
209,6,317.0423,581.1663,167.7383,21.8123,1.000000,0,1
210,1,1020.0990,583.5248,71.9655,32.3395,1.000000,0,1
210,2,1170.8390,577.4857,157.0239,18.4515,1.000000,0,1
210,3,-306.0641,556.1835,412.1184,61.4220,1.000000,0,1
210,4,779.5813,586.7051,109.3137,48.8042,1.000000,0,1
210,5,596.3176,534.6133,313.2367,84.1423,1.000000,0,1
210,6,317.5125,581.2180,167.7628,21.8180,1.000000,0,1
211,1,1019.3590,583.5820,71.9209,32.3406,1.000000,0,1
211,2,1170.1250,577.5278,156.9690,18.4511,1.000000,0,1
211,3,-305.7052,556.2599,412.1300,61.4280,1.000000,0,1
211,4,778.2710,586.5750,109.1624,48.7801,1.000000,0,1
211,5,596.5342,534.6388,313.2775,84.1503,1.000000,0,1
211,6,317.9824,581.2715,167.7873,21.8237,1.000000,0,1
212,1,1018.6190,583.6397,71.8761,32.3418,1.000000,0,1
212,2,1169.4130,577.5759,156.9146,18.4509,1.000000,0,1
212,3,-305.3456,556.3308,412.1412,61.4336,1.000000,0,1
212,4,776.9598,586.4407,109.0102,48.7555,1.000000,0,1
212,5,596.7498,534.6646,313.3182,84.1584,1.000000,0,1
212,6,318.4521,581.3285,167.8120,21.8296,1.000000,0,1
213,1,1017.8800,583.6971,71.8315,32.3429,1.000000,0,1
213,2,1168.7020,577.6292,156.8615,18.4508,1.000000,0,1
213,3,-304.9856,556.3960,412.1522,61.4391,1.000000,0,1
213,4,775.6487,586.3066,108.8584,48.7309,1.000000,0,1
213,5,596.9648,534.6903,313.3592,84.1667,1.000000,0,1
213,6,318.9220,581.3877,167.8365,21.8353,1.000000,0,1
214,1,1017.1410,583.7537,71.7870,32.3441,1.000000,0,1
214,2,1167.9930,577.6865,156.8087,18.4508,1.000000,0,1
214,3,-304.6241,556.4551,412.1624,61.4442,1.000000,0,1
214,4,774.3387,586.1774,108.7070,48.7069,1.000000,0,1
214,5,597.1796,534.7158,313.4001,84.1749,1.000000,0,1
214,6,319.3921,581.4481,167.8609,21.8411,1.000000,0,1
215,1,1016.4030,583.8108,71.7424,32.3452,1.000000,0,1
215,2,1167.2850,577.7501,156.7563,18.4509,1.000000,0,1
215,3,-304.2615,556.5079,412.1719,61.4491,1.000000,0,1
215,4,773.0280,586.0446,108.5551,48.6823,1.000000,0,1
215,5,597.3933,534.7413,313.4412,84.1830,1.000000,0,1
215,6,319.8627,581.5110,167.8851,21.8469,1.000000,0,1
216,1,1015.6640,583.8678,71.6979,32.3464,1.000000,0,1
216,2,1166.5770,577.8185,156.7045,18.4510,1.000000,0,1
216,3,-303.8983,556.5547,412.1810,61.4537,1.000000,0,1
216,4,771.7173,585.9126,108.4031,48.6577,1.000000,0,1
216,5,597.6065,534.7664,313.4824,84.1913,1.000000,0.0625,0.9375
216,6,320.3341,581.5753,167.9091,21.8527,1.000000,0,1
217,1,1014.9260,583.9238,71.6533,32.3475,1.000000,0,1
217,2,1165.8690,577.8910,156.6527,18.4513,1.000000,0,1
217,3,-303.5344,556.5955,412.1895,61.4580,1.000000,0,1
217,4,770.4077,585.7851,108.2515,48.6338,1.000000,0,1
217,5,597.8195,534.7910,313.5236,84.1995,1.000000,0,1
217,6,320.8068,581.6399,167.9327,21.8584,1.000000,0,1
218,1,1014.1870,583.9802,71.6085,32.3485,1.000000,0,1
218,2,1165.1610,577.9694,156.6010,18.4516,1.000000,0,1
218,3,-303.1684,556.6299,412.1971,61.4620,1.000000,0,1
218,4,769.0974,585.6541,108.0994,48.6092,1.000000,0,1
218,5,598.0317,534.8156,313.5646,84.2077,1.000000,0,1
218,6,321.2808,581.7065,167.9561,21.8641,1.000000,0,1
219,1,1013.4480,584.0364,71.5635,32.3494,1.000000,0,1
219,2,1164.4530,578.0526,156.5492,18.4520,1.000000,0,1
219,3,-302.8018,556.6582,412.2046,61.4657,1.000000,0,1
219,4,767.7875,585.5242,107.9473,48.5846,1.000000,0,1
219,5,598.2436,534.8395,313.6057,84.2159,1.000000,0,1
219,6,321.7560,581.7737,167.9791,21.8698,1.000000,0,1
220,1,1012.7090,584.0916,71.5186,32.3503,1.000000,0,1
220,2,1163.7430,578.1398,156.4977,18.4524,1.000000,0,1
220,3,-302.4346,556.6808,412.2115,61.4692,1.000000,0,1
220,4,766.4786,585.3989,107.7954,48.5607,1.000000,0,1
220,5,598.4557,534.8623,313.6465,84.2240,1.000000,0.0625,0.9375
220,6,322.2327,581.8403,168.0014,21.8753,1.000000,0,1
221,1,1011.9700,584.1467,71.4733,32.3510,1.000000,0,1
221,2,1163.0310,578.2322,156.4454,18.4528,1.000000,0,1
221,3,-302.0661,556.6972,412.2180,61.4724,1.000000,0,1
221,4,765.1682,585.2709,107.6432,48.5363,1.000000,0,1
221,5,598.6671,534.8849,313.6874,84.2321,1.000000,0,1
221,6,322.7104,581.9075,168.0235,21.8809,1.000000,0,1
222,1,1011.2300,584.2012,71.4280,32.3517,1.000000,0,1
222,2,1162.3170,578.3287,156.3928,18.4532,1.000000,0,1
222,3,-301.6965,556.7085,412.2237,61.4753,1.000000,0,1
222,4,763.8574,585.1442,107.4912,48.5122,1.000000,0,1
222,5,598.8782,534.9069,313.7285,84.2401,1.000000,0.0625,0.9375
222,6,323.1897,581.9742,168.0450,21.8864,1.000000,0,1
223,1,1010.4900,584.2548,71.3824,32.3522,1.000000,0,1
223,2,1161.6020,578.4277,156.3402,18.4536,1.000000,0,1
223,3,-301.3260,556.7150,412.2287,61.4780,1.000000,0,1
223,4,762.5475,585.0228,107.3396,48.4886,1.000000,0,1
223,5,599.0897,534.9277,313.7695,84.2482,1.000000,0,1
223,6,323.6704,582.0392,168.0660,21.8918,1.000000,0,1
224,1,1009.7500,584.3075,71.3367,32.3527,1.000000,0,1
224,2,1160.8860,578.5310,156.2872,18.4541,1.000000,0,1
224,3,-300.9533,556.7158,412.2331,61.4804,1.000000,0,1
224,4,761.2369,584.8997,107.1877,48.4648,1.000000,0,1
224,5,599.3008,534.9484,313.8106,84.2562,1.000000,0,1
224,6,324.1524,582.1037,168.0864,21.8971,1.000000,0,1
225,1,1009.0090,584.3594,71.2907,32.3529,1.000000,0,1
225,2,1160.1690,578.6371,156.2339,18.4545,1.000000,0,1
225,3,-300.5799,556.7120,412.2370,61.4825,1.000000,0,1
225,4,759.9270,584.7791,107.0362,48.4413,1.000000,0,1
225,5,599.5121,534.9686,313.8515,84.2642,1.000000,0,1
225,6,324.6355,582.1667,168.1063,21.9024,1.000000,0,1
226,1,1008.2680,584.4099,71.2448,32.3531,1.000000,0,1
226,2,1159.4520,578.7452,156.1808,18.4551,1.000000,0,1
226,3,-300.2067,556.7046,412.2407,61.4846,1.000000,0,1
226,4,758.6191,584.6654,106.8854,48.4187,1.000000,0,1
226,5,599.7238,534.9882,313.8925,84.2722,1.000000,0,1
226,6,325.1199,582.2271,168.1256,21.9075,1.000000,0,1
227,1,1007.5270,584.4590,71.1985,32.3532,1.000000,0,1
227,2,1158.7350,578.8568,156.1273,18.4556,1.000000,0,1
227,3,-299.8309,556.6925,412.2432,61.4863,1.000000,0,1
227,4,757.3113,584.5515,106.7346,48.3960,1.000000,0,1
227,5,599.9355,535.0070,313.9332,84.2801,1.000000,0,1
227,6,325.6053,582.2858,168.1445,21.9126,1.000000,0,1
228,1,1006.7850,584.5066,71.1521,32.3530,1.000000,0,1
228,2,1158.0160,578.9701,156.0740,18.4561,1.000000,0,1
228,3,-299.4545,556.6768,412.2455,61.4878,1.000000,0,1
228,4,756.0045,584.4418,106.5845,48.3741,1.000000,0,1
228,5,600.1476,535.0251,313.9739,84.2879,1.000000,0.0625,0.9375
228,6,326.0919,582.3422,168.1628,21.9176,1.000000,0,1
229,1,1006.0440,584.5522,71.1055,32.3527,1.000000,0,1
229,2,1157.2960,579.0839,156.0204,18.4566,1.000000,0,1
229,3,-299.0788,556.6576,412.2478,61.4892,1.000000,0,1
229,4,754.6995,584.3398,106.4352,48.3531,1.000000,0,1
229,5,600.3601,535.0427,314.0146,84.2957,1.000000,0,1
229,6,326.5800,582.3953,168.1807,21.9224,1.000000,0,1
230,1,1005.3020,584.5957,71.0589,32.3522,1.000000,0,1
230,2,1156.5750,579.2005,155.9662,18.4570,1.000000,0,1
230,3,-298.7017,556.6346,412.2494,61.4904,1.000000,0,1
230,4,753.3945,584.2383,106.2863,48.3324,1.000000,0,1
230,5,600.5726,535.0599,314.0550,84.3034,1.000000,0,1
230,6,327.0698,582.4462,168.1981,21.9272,1.000000,0,1
231,1,1004.5610,584.6372,71.0123,32.3516,1.000000,0,1
231,2,1155.8540,579.3184,155.9117,18.4575,1.000000,0,1
231,3,-298.3245,556.6092,412.2507,61.4914,1.000000,0,1
231,4,752.0906,584.1421,106.1382,48.3123,1.000000,0,1
231,5,600.7855,535.0762,314.0954,84.3110,1.000000,0,1
231,6,327.5610,582.4949,168.2151,21.9320,1.000000,0,1
232,1,1003.8210,584.6766,70.9655,32.3507,1.000000,0,1
232,2,1155.1310,579.4360,155.8575,18.4580,1.000000,0,1
232,3,-297.9492,556.5819,412.2524,61.4925,1.000000,0,1
232,4,750.7887,584.0546,105.9911,48.2935,1.000000,0,1
232,5,600.9989,535.0912,314.1355,84.3186,1.000000,0.0625,0.9375
232,6,328.0534,582.5411,168.2318,21.9366,1.000000,0,1
233,1,1003.0800,584.7130,70.9188,32.3497,1.000000,0,1
233,2,1154.4080,579.5562,155.8029,18.4585,1.000000,0,1
233,3,-297.5732,556.5519,412.2540,61.4935,1.000000,0,1
233,4,749.4866,583.9702,105.8447,48.2753,1.000000,0,1
233,5,601.2122,535.1056,314.1757,84.3260,1.000000,0.0625,0.9375
233,6,328.5466,582.5865,168.2482,21.9412,1.000000,0,1
234,1,1002.3400,584.7471,70.8718,32.3486,1.000000,0,1
234,2,1153.6830,579.6771,155.7478,18.4589,1.000000,0,1
234,3,-297.1985,556.5200,412.2556,61.4944,1.000000,0,1
234,4,748.1849,583.8928,105.6992,48.2582,1.000000,0,1
234,5,601.4257,535.1188,314.2157,84.3334,1.000000,0,1
234,6,329.0407,582.6304,168.2643,21.9458,1.000000,0,1
235,1,1001.6000,584.7788,70.8250,32.3473,1.000000,0,1
235,2,1152.9570,579.7976,155.6923,18.4593,1.000000,0,1
235,3,-296.8268,556.4863,412.2583,61.4954,1.000000,0,1
235,4,746.8842,583.8253,105.5545,48.2423,1.000000,0,1
235,5,601.6396,535.1307,314.2557,84.3408,1.000000,0.0625,0.9375
235,6,329.5359,582.6721,168.2800,21.9503,1.000000,0,1
236,1,1000.8610,584.8074,70.7780,32.3458,1.000000,0,1
236,2,1152.2310,579.9205,155.6367,18.4597,1.000000,0,1
236,3,-296.4559,556.4512,412.2610,61.4964,1.000000,0,1
236,4,745.5828,583.7634,105.4104,48.2272,1.000000,0,1
236,5,601.8534,535.1418,314.2958,84.3481,1.000000,0,1
236,6,330.0320,582.7136,168.2953,21.9547,1.000000,0,1
237,1,1000.1210,584.8336,70.7311,32.3441,1.000000,0,1
237,2,1151.5050,580.0443,155.5808,18.4601,1.000000,0,1
237,3,-296.0871,556.4150,412.2642,61.4974,1.000000,0,1
237,4,744.2821,583.7097,105.2667,48.2130,1.000000,0,1
237,5,602.0671,535.1516,314.3360,84.3554,1.000000,0,1
237,6,330.5292,582.7539,168.3104,21.9591,1.000000,0,1
238,1,999.3832,584.8582,70.6841,32.3424,1.000000,0,1
238,2,1150.7790,580.1671,155.5247,18.4604,1.000000,0,1
238,3,-295.7210,556.3781,412.2684,61.4985,1.000000,0,1
238,4,742.9825,583.6662,105.1238,48.2000,1.000000,0,1
238,5,602.2809,535.1597,314.3762,84.3626,1.000000,0,1
238,6,331.0281,582.7922,168.3247,21.9633,1.000000,0,1
239,1,998.6453,584.8796,70.6373,32.3405,1.000000,0,1
239,2,1150.0510,580.2915,155.4680,18.4607,1.000000,0,1
239,3,-295.3580,556.3403,412.2735,61.4998,1.000000,0,1
239,4,741.6833,583.6306,104.9815,48.1882,1.000000,0,1
239,5,602.4946,535.1657,314.4165,84.3697,1.000000,0,1
239,6,331.5283,582.8295,168.3387,21.9675,1.000000,0,1
240,1,997.9083,584.8993,70.5905,32.3385,1.000000,0,1
240,2,1149.3230,580.4158,155.4109,18.4610,1.000000,0,1
240,3,-294.9985,556.3022,412.2798,61.5012,1.000000,0,1
240,4,740.3845,583.6036,104.8396,48.1772,1.000000,0,1
240,5,602.7084,535.1698,314.4568,84.3768,1.000000,0,1
240,6,332.0298,582.8638,168.3523,21.9733,1.000000,0,1
241,1,997.1722,584.9178,70.5438,32.3364,1.000000,0,1
241,2,1148.5920,580.5383,155.3528,18.4611,1.000000,0,1
241,3,-294.6425,556.2645,412.2872,61.5028,1.000000,0,1
241,4,739.0863,583.5861,104.6978,48.1671,1.000000,0,1
241,5,602.9221,535.1721,314.4974,84.3838,1.000000,0,1
241,6,332.5328,582.8944,168.3654,21.9801,1.000000,0,1
242,1,996.4368,584.9341,70.4971,32.3342,1.000000,0,1
242,2,1147.8590,580.6613,155.2939,18.4612,1.000000,0,1
242,3,-294.2900,556.2263,412.2958,61.5046,1.000000,0,1
242,4,737.7881,583.5778,104.5563,48.1581,1.000000,0,1
242,5,603.1356,535.1721,314.5382,84.3909,1.000000,0,1
242,6,333.0373,582.9241,168.3782,21.9866,1.000000,0,1
243,1,995.7026,584.9491,70.4507,32.3321,1.000000,0,1
243,2,1147.1240,580.7833,155.2343,18.4611,1.000000,0,1
243,3,-293.9417,556.1885,412.3060,61.5066,1.000000,0,1
243,4,736.4898,583.5787,104.4150,48.1500,1.000000,0,1
243,5,603.3489,535.1697,314.5792,84.3979,1.000000,0.0625,0.9375
243,6,333.5433,582.9520,168.3906,21.9931,1.000000,0,1
244,1,994.9703,584.9632,70.4043,32.3298,1.000000,0,1
244,2,1146.3860,580.9027,155.1733,18.4610,1.000000,0,1
244,3,-293.5977,556.1512,412.3179,61.5089,1.000000,0,1
244,4,735.1913,583.5894,104.2734,48.1426,1.000000,0,1
244,5,603.5626,535.1646,314.6199,84.4046,1.000000,0,1
244,6,334.0510,582.9779,168.4025,21.9992,1.000000,0,1
245,1,994.2394,584.9757,70.3579,32.3274,1.000000,0,1
245,2,1145.6460,581.0220,155.1116,18.4607,1.000000,0,1
245,3,-293.2590,556.1143,412.3315,61.5115,1.000000,0,1
245,4,733.8502,583.6108,104.1744,48.1365,1.000000,0,1
245,5,603.7761,535.1564,314.6613,84.4114,1.000000,0,1
245,6,334.5604,583.0025,168.4139,22.0052,1.000000,0,1
246,1,993.5092,584.9877,70.3118,32.3251,1.000000,0,1
246,2,1144.9030,581.1396,155.0491,18.4604,1.000000,0,1
246,3,-292.9259,556.0781,412.3470,61.5144,1.000000,0,1
246,4,732.4899,583.6418,104.0937,48.1310,1.000000,0,1
246,5,603.9895,535.1459,314.7028,84.4182,1.000000,0.0625,0.9375
246,6,335.0710,583.0256,168.4250,22.0108,1.000000,0,1
247,1,992.7797,585.0001,70.2656,32.3228,1.000000,0,1
247,2,1144.1590,581.2538,154.9858,18.4599,1.000000,0,1
247,3,-292.5980,556.0432,412.3644,61.5177,1.000000,0,1
247,4,731.1290,583.6812,104.0126,48.1262,1.000000,0,1
247,5,604.2028,535.1334,314.7449,84.4251,1.000000,0.0625,0.9375
247,6,335.5827,583.0465,168.4357,22.0163,1.000000,0,1
248,1,992.0502,585.0122,70.2195,32.3205,1.000000,0,1
248,2,1143.4130,581.3670,154.9221,18.4594,1.000000,0,1
248,3,-292.2767,556.0090,412.3842,61.5213,1.000000,0,1
248,4,729.7668,583.7322,103.9312,48.1224,1.000000,0,1
248,5,604.4163,535.1178,314.7876,84.4319,1.000000,0,1
248,6,336.0951,583.0656,168.4462,22.0216,1.000000,0,1
249,1,991.3207,585.0248,70.1733,32.3182,1.000000,0,1
249,2,1142.6650,581.4777,154.8572,18.4587,1.000000,0,1
249,3,-291.9606,555.9761,412.4058,61.5252,1.000000,0,1
249,4,728.4039,583.7922,103.8495,48.1193,1.000000,0,1
249,5,604.6299,535.0999,314.8306,84.4386,1.000000,0,1
249,6,336.6083,583.0826,168.4563,22.0267,1.000000,0,1
250,1,990.5907,585.0378,70.1272,32.3159,1.000000,0,1
250,2,1141.9150,581.5837,154.7914,18.4580,1.000000,0,1
250,3,-291.6500,555.9448,412.4294,61.5295,1.000000,0,1
250,4,727.0404,583.8594,103.7673,48.1166,1.000000,0,1
250,5,604.8441,535.0798,314.8740,84.4455,1.000000,0,1
250,6,337.1218,583.0974,168.4662,22.0314,1.000000,0,1
251,1,989.8575,585.0485,70.0809,32.3134,1.000000,0,1
251,2,1141.1630,581.6880,154.7253,18.4571,1.000000,0,1
251,3,-291.3455,555.9150,412.4550,61.5342,1.000000,0,1
251,4,725.6768,583.9385,103.6852,48.1151,1.000000,0,1
251,5,605.0585,535.0575,314.9180,84.4524,1.000000,0.0625,0.9375
251,6,337.6356,583.1100,168.4760,22.0359,1.000000,0,1
252,1,989.1216,585.0568,70.0337,32.3107,1.000000,0,1
252,2,1140.4120,581.7887,154.6583,18.4562,1.000000,0,1
252,3,-291.0461,555.8864,412.4826,61.5393,1.000000,0,1
252,4,724.3127,584.0256,103.6030,48.1144,1.000000,0,1
252,5,605.2734,535.0337,314.9623,84.4593,1.000000,0,1
252,6,338.1496,583.1208,168.4856,22.0403,1.000000,0,1
253,1,988.3824,585.0630,69.9865,32.3077,1.000000,0,1
253,2,1139.6600,581.8839,154.5907,18.4552,1.000000,0,1
253,3,-290.7527,555.8593,412.5121,61.5446,1.000000,0,1
253,4,722.9480,584.1182,103.5205,48.1140,1.000000,0,1
253,5,605.4886,535.0084,315.0076,84.4663,1.000000,0.0625,0.9375
253,6,338.6638,583.1300,168.4951,22.0445,1.000000,0,1
254,1,987.6400,585.0673,69.9386,32.3044,1.000000,0,1
254,2,1138.9060,581.9755,154.5226,18.4539,1.000000,0,1
254,3,-290.4650,555.8336,412.5437,61.5503,1.000000,0,1
254,4,721.5833,584.2213,103.4380,48.1145,1.000000,0,1
254,5,605.7047,534.9815,315.0535,84.4735,1.000000,0,1
254,6,339.1782,583.1378,168.5045,22.0484,1.000000,0,1
255,1,986.8951,585.0703,69.8906,32.3011,1.000000,0,1
255,2,1138.1510,582.0623,154.4537,18.4526,1.000000,0,1
255,3,-290.1823,555.8094,412.5771,61.5565,1.000000,0,1
255,4,720.2180,584.3309,103.3553,48.1157,1.000000,0,1
255,5,605.9213,534.9540,315.1002,84.4808,1.000000,0,1
255,6,339.6924,583.1445,168.5138,22.0523,1.000000,0,1
256,1,986.1484,585.0733,69.8424,32.2976,1.000000,0,1
256,2,1137.3950,582.1426,154.3838,18.4511,1.000000,0,1
256,3,-289.9047,555.7874,412.6124,61.5629,1.000000,0,1
256,4,718.8523,584.4443,103.2723,48.1169,1.000000,0,1
256,5,606.1384,534.9260,315.1475,84.4882,1.000000,0.0625,0.9375
256,6,340.2065,583.1506,168.5232,22.0562,1.000000,0,1
257,1,985.3998,585.0761,69.7936,32.2940,1.000000,0,1
257,2,1136.6370,582.2182,154.3134,18.4496,1.000000,0,1
257,3,-289.6319,555.7670,412.6493,61.5695,1.000000,0,1
257,4,717.4867,584.5677,103.1895,48.1193,1.000000,0,1
257,5,606.3566,534.8974,315.1956,84.4958,1.000000,0.0625,0.9375
257,6,340.7207,583.1564,168.5326,22.0600,1.000000,0,1
258,1,984.6501,585.0792,69.7445,32.2904,1.000000,0,1
258,2,1135.8790,582.2887,154.2424,18.4479,1.000000,0,1
258,3,-289.3630,555.7484,412.6877,61.5765,1.000000,0,1
258,4,716.1207,584.6958,103.1061,48.1218,1.000000,0,1
258,5,606.5756,534.8688,315.2445,84.5036,1.000000,0,1
258,6,341.2349,583.1621,168.5422,22.0639,1.000000,0,1
259,1,983.8998,585.0833,69.6954,32.2867,1.000000,0,1
259,2,1135.1200,582.3532,154.1705,18.4461,1.000000,0,1
259,3,-289.0984,555.7315,412.7278,61.5838,1.000000,0,1
259,4,714.7540,584.8242,103.0221,48.1241,1.000000,0,1
259,5,606.7956,534.8408,315.2941,84.5117,1.000000,0,1
259,6,341.7497,583.1685,168.5517,22.0677,1.000000,0,1
260,1,983.1479,585.0880,69.6461,32.2830,1.000000,0,1
260,2,1134.3590,582.4131,154.0980,18.4442,1.000000,0,1
260,3,-288.8380,555.7168,412.7692,61.5915,1.000000,0,1
260,4,713.3884,584.9625,102.9382,48.1273,1.000000,0,1
260,5,607.0170,534.8135,315.3447,84.5200,1.000000,0,1
260,6,342.2645,583.1760,168.5612,22.0717,1.000000,0,1
261,1,982.3949,585.0933,69.5964,32.2792,1.000000,0,1
261,2,1133.5980,582.4684,154.0251,18.4421,1.000000,0,1
261,3,-288.5806,555.7041,412.8117,61.5994,1.000000,0,1
261,4,712.0231,585.1049,102.8542,48.1308,1.000000,0,1
261,5,607.2391,534.7873,315.3960,84.5285,1.000000,0,1
261,6,342.7793,583.1851,168.5708,22.0759,1.000000,0,1
262,1,981.6405,585.0995,69.5468,32.2755,1.000000,0,1
262,2,1132.8380,582.5186,153.9521,18.4400,1.000000,0,1
262,3,-288.3263,555.6932,412.8558,61.6075,1.000000,0,1
262,4,710.6576,585.2455,102.7695,48.1338,1.000000,0,1
262,5,607.4621,534.7628,315.4474,84.5370,1.000000,0,1
262,6,343.2943,583.1960,168.5802,22.0802,1.000000,0,1
263,1,980.8846,585.1068,69.4967,32.2717,1.000000,0,1
263,2,1132.0770,582.5643,153.8785,18.4377,1.000000,0,1
263,3,-288.0747,555.6841,412.9007,61.6159,1.000000,0,1
263,4,709.2935,585.3937,102.6849,48.1375,1.000000,0,1
263,5,607.6855,534.7397,315.5004,84.5461,1.000000,0,1
263,6,343.8094,583.2089,168.5898,22.0848,1.000000,0,1
264,1,980.1281,585.1154,69.4465,32.2679,1.000000,0,1
264,2,1131.3150,582.6061,153.8042,18.4354,1.000000,0,1
264,3,-287.8258,555.6769,412.9468,61.6244,1.000000,0,1
264,4,707.9300,585.5431,102.5997,48.1410,1.000000,0,1
264,5,607.9090,534.7188,315.5541,84.5555,1.000000,0,1
264,6,344.3246,583.2237,168.5991,22.0895,1.000000,0,1
265,1,979.3713,585.1259,69.3966,32.2643,1.000000,0,1
265,2,1130.5540,582.6440,153.7297,18.4330,1.000000,0,1
265,3,-287.5788,555.6721,412.9937,61.6331,1.000000,0,1
265,4,706.5667,585.6890,102.5134,48.1437,1.000000,0,1
265,5,608.1324,534.7003,315.6084,84.5651,1.000000,0,1
265,6,344.8405,583.2401,168.6085,22.0944,1.000000,0,1
266,1,978.6142,585.1388,69.3461,32.2607,1.000000,0,1
266,2,1129.7940,582.6783,153.6548,18.4305,1.000000,0,1
266,3,-287.3341,555.6696,413.0415,61.6422,1.000000,0,1
266,4,705.2052,585.8400,102.4272,48.1468,1.000000,0,1
266,5,608.3558,534.6844,315.6636,84.5751,1.000000,0,1
266,6,345.3568,583.2585,168.6177,22.0994,1.000000,0,1
267,1,977.8568,585.1537,69.2958,32.2572,1.000000,0,1
267,2,1129.0330,582.7095,153.5798,18.4280,1.000000,0,1
267,3,-287.0917,555.6693,413.0905,61.6515,1.000000,0,1
267,4,703.8449,585.9902,102.3406,48.1496,1.000000,0,1
267,5,608.5791,534.6708,315.7196,84.5854,1.000000,0,1
267,6,345.8736,583.2783,168.6268,22.1046,1.000000,0,1
268,1,977.0995,585.1704,69.2455,32.2538,1.000000,0,1
268,2,1128.2730,582.7376,153.5045,18.4253,1.000000,0,1
268,3,-286.8517,555.6709,413.1406,61.6610,1.000000,0,1
268,4,702.4853,586.1350,102.2530,48.1514,1.000000,0,1
268,5,608.8018,534.6595,315.7767,84.5961,1.000000,0,1
268,6,346.3915,583.2993,168.6356,22.1099,1.000000,0,1
269,1,976.3425,585.1899,69.1953,32.2505,1.000000,0,1
269,2,1127.5120,582.7629,153.4285,18.4227,1.000000,0,1
269,3,-286.6123,555.6747,413.1909,61.6706,1.000000,0,1
269,4,701.1280,586.2828,102.1652,48.1533,1.000000,0,1
269,5,609.0245,534.6509,315.8344,84.6071,1.000000,0,1
269,6,346.9102,583.3217,168.6442,22.1152,1.000000,0,1
270,1,975.5858,585.2111,69.1450,32.2474,1.000000,0,1
270,2,1126.7500,582.7858,153.3523,18.4199,1.000000,0,1
270,3,-286.3745,555.6807,413.2422,61.6803,1.000000,0,1
270,4,699.7723,586.4285,102.0767,48.1546,1.000000,0,1
270,5,609.2468,534.6450,315.8930,84.6184,1.000000,0,1
270,6,347.4296,583.3452,168.6525,22.1207,1.000000,0,1
271,1,974.8286,585.2332,69.0946,32.2442,1.000000,0,1
271,2,1125.9890,582.8063,153.2759,18.4171,1.000000,0,1
271,3,-286.1379,555.6882,413.2943,61.6903,1.000000,0,1
271,4,698.4177,586.5674,101.9876,48.1550,1.000000,0,1
271,5,609.4684,534.6422,315.9520,84.6300,1.000000,0,1
271,6,347.9496,583.3700,168.6607,22.1263,1.000000,0,1
272,1,974.0719,585.2584,69.0443,32.2412,1.000000,0,1
272,2,1125.2270,582.8245,153.1992,18.4142,1.000000,0,1
272,3,-285.9033,555.6971,413.3475,61.7006,1.000000,0,1
272,4,697.0660,586.7072,101.8981,48.1551,1.000000,0,1
272,5,609.6898,534.6423,316.0115,84.6419,1.000000,0,1
272,6,348.4700,583.3959,168.6686,22.1320,1.000000,0,1
273,1,973.3149,585.2856,68.9940,32.2383,1.000000,0,1
273,2,1124.4660,582.8405,153.1222,18.4113,1.000000,0,1
273,3,-285.6697,555.7075,413.4012,61.7110,1.000000,0,1
273,4,695.7165,586.8431,101.8080,48.1545,1.000000,0,1
273,5,609.9108,534.6453,316.0717,84.6541,1.000000,0,1
273,6,348.9908,583.4227,168.6765,22.1377,1.000000,0,1
274,1,972.5575,585.3143,68.9435,32.2354,1.000000,0,1
274,2,1123.7050,582.8539,153.0449,18.4088,1.000000,0,1
274,3,-285.4372,555.7197,413.4557,61.7215,1.000000,0,1
274,4,694.3687,586.9710,101.7171,48.1528,1.000000,0,1
274,5,610.1312,534.6511,316.1331,84.6667,1.000000,0,1
274,6,349.5124,583.4501,168.6839,22.1435,1.000000,0,1
275,1,971.8007,585.3470,68.8932,32.2328,1.000000,0,1
275,2,1122.9440,582.8648,152.9679,18.4065,1.000000,0,1
275,3,-285.2075,555.7334,413.5117,61.7323,1.000000,0,1
275,4,693.0260,587.0978,101.6258,48.1507,1.000000,0,1
275,5,610.3513,534.6605,316.1948,84.6796,1.000000,0,1
275,6,350.0340,583.4785,168.6910,22.1493,1.000000,0,1
276,1,971.0440,585.3816,68.8430,32.2303,1.000000,0,1
276,2,1122.1830,582.8741,152.8903,18.4039,1.000000,0,1
276,3,-284.9792,555.7484,413.5685,61.7433,1.000000,0,1
276,4,691.6864,587.2191,101.5343,48.1477,1.000000,0,1
276,5,610.5711,534.6732,316.2574,84.6928,1.000000,0,1
276,6,350.5560,583.5075,168.6981,22.1551,1.000000,0,1
277,1,970.2875,585.4172,68.7924,32.2279,1.000000,0,1
277,2,1121.4230,582.8818,152.8125,18.4013,1.000000,0,1
277,3,-284.7513,555.7648,413.6255,61.7544,1.000000,0,1
277,4,690.3485,587.3311,101.4421,48.1435,1.000000,0,1
277,5,610.7905,534.6892,316.3207,84.7064,1.000000,0,1
277,6,351.0781,583.5371,168.7049,22.1611,1.000000,0,1
278,1,969.5325,585.4575,68.7426,32.2258,1.000000,0,1
278,2,1120.6630,582.8873,152.7347,18.3984,1.000000,0,1
278,3,-284.5270,555.7827,413.6844,61.7658,1.000000,0,1
278,4,689.0136,587.4395,101.3498,48.1389,1.000000,0,1
278,5,611.0098,534.7100,316.3841,84.7203,1.000000,0,1
278,6,351.6001,583.5676,168.7117,22.1670,1.000000,0,1
279,1,968.7784,585.5000,68.6924,32.2238,1.000000,0,1
279,2,1119.9050,582.8909,152.6569,18.3955,1.000000,0,1
279,3,-284.3035,555.8014,413.7440,61.7774,1.000000,0,1
279,4,687.6806,587.5417,101.2573,48.1336,1.000000,0,1
279,5,611.2292,534.7350,316.4476,84.7344,1.000000,0,1
279,6,352.1221,583.5991,168.7184,22.1731,1.000000,0,1
280,1,968.0246,585.5427,68.6425,32.2218,1.000000,0,1
280,2,1119.1470,582.8929,152.5787,18.3923,1.000000,0,1
280,3,-284.0801,555.8210,413.8036,61.7889,1.000000,0,1
280,4,686.3490,587.6349,101.1644,48.1271,1.000000,0,1
280,5,611.4488,534.7634,316.5117,84.7488,1.000000,0,1
280,6,352.6442,583.6315,168.7253,22.1792,1.000000,0,1
281,1,967.2733,585.5900,68.5931,32.2202,1.000000,0,1
281,2,1118.3900,582.8926,152.5007,18.3891,1.000000,0,1
281,3,-283.8600,555.8424,413.8652,61.8010,1.000000,0,1
281,4,685.0201,587.7239,101.0717,48.1202,1.000000,0,1
281,5,611.6688,534.7971,316.5755,84.7633,1.000000,0,1
281,6,353.1658,583.6651,168.7321,22.1855,1.000000,0,1
282,1,966.5234,585.6394,68.5437,32.2188,1.000000,0,1
282,2,1117.6340,582.8907,152.4224,18.3857,1.000000,0,1
282,3,-283.6415,555.8651,413.9274,61.8131,1.000000,0,1
282,4,683.6932,587.8068,100.9788,48.1126,1.000000,0,1
282,5,611.8890,534.8353,316.6396,84.7780,1.000000,0,1
282,6,353.6876,583.6999,168.7390,22.1920,1.000000,0,1
283,1,965.7739,585.6887,68.4945,32.2174,1.000000,0,1
283,2,1116.8790,582.8875,152.3446,18.3822,1.000000,0,1
283,3,-283.4220,555.8887,413.9897,61.8252,1.000000,0,1
283,4,682.3678,587.8816,100.8856,48.1041,1.000000,0,1
283,5,612.1095,534.8776,316.7036,84.7930,1.000000,0,1
283,6,354.2098,583.7359,168.7456,22.1985,1.000000,0,1
284,1,965.0275,585.7423,68.4457,32.2163,1.000000,0,1
284,2,1116.1250,582.8826,152.2666,18.3786,1.000000,0,1
284,3,-283.2015,555.9138,414.0519,61.8374,1.000000,0,1
284,4,681.0449,587.9519,100.7928,48.0952,1.000000,0,1
284,5,612.3310,534.9258,316.7672,84.8081,1.000000,0,1
284,6,354.7318,583.7733,168.7525,22.2052,1.000000,0,1
285,1,964.2825,585.7974,68.3972,32.2154,1.000000,0,1
285,2,1115.3720,582.8771,152.1886,18.3749,1.000000,0,1
285,3,-282.9807,555.9402,414.1142,61.8497,1.000000,0,1
285,4,679.7236,588.0168,100.7001,48.0857,1.000000,0,1
285,5,612.5530,534.9788,316.8302,84.8232,1.000000,0,1
285,6,355.2538,583.8122,168.7592,22.2120,1.000000,0,1
286,1,963.5377,585.8523,68.3488,32.2145,1.000000,0,1
286,2,1114.6200,582.8717,152.1105,18.3713,1.000000,0,1
286,3,-282.7584,555.9680,414.1764,61.8620,1.000000,0,1
286,4,678.4040,588.0746,100.6072,48.0756,1.000000,0,1
286,5,612.7759,535.0363,316.8924,84.8382,1.000000,0,1
286,6,355.7765,583.8522,168.7657,22.2189,1.000000,0,1
287,1,962.7952,585.9120,68.3009,32.2141,1.000000,0,1
287,2,1113.8700,582.8664,152.0327,18.3677,1.000000,0,1
287,3,-282.5352,555.9984,414.2386,61.8743,1.000000,0,1
287,4,677.0867,588.1280,100.5146,48.0650,1.000000,0,1
287,5,612.9999,535.0997,316.9536,84.8533,1.000000,0,1
287,6,356.2992,583.8939,168.7722,22.2260,1.000000,0,1
288,1,962.0532,585.9736,68.2533,32.2139,1.000000,0,1
288,2,1113.1200,582.8618,151.9548,18.3640,1.000000,0,1
288,3,-282.3092,556.0307,414.2999,61.8867,1.000000,0,1
288,4,675.7712,588.1759,100.4222,48.0540,1.000000,0,1
288,5,613.2249,535.1679,317.0135,84.8682,1.000000,0,1
288,6,356.8225,583.9366,168.7785,22.2332,1.000000,0,1
289,1,961.3112,586.0356,68.2056,32.2137,1.000000,0,1
289,2,1112.3710,582.8591,151.8770,18.3605,1.000000,0,1
289,3,-282.0789,556.0645,414.3599,61.8988,1.000000,0,1
289,4,674.4571,588.2175,100.3299,48.0424,1.000000,0,1
289,5,613.4506,535.2401,317.0723,84.8830,1.000000,0,1
289,6,357.3470,583.9803,168.7844,22.2404,1.000000,0,1
290,1,960.5724,586.1041,68.1582,32.2139,1.000000,0,1
290,2,1111.6240,582.8578,151.7994,18.3572,1.000000,0,1
290,3,-281.8452,556.1008,414.4190,61.9109,1.000000,0,1
290,4,673.1451,588.2552,100.2380,48.0305,1.000000,0,1
290,5,613.6777,535.3174,317.1295,84.8975,1.000000,0,1
290,6,357.8723,584.0255,168.7900,22.2476,1.000000,0,1
291,1,959.8347,586.1757,68.1111,32.2143,1.000000,0,1
291,2,1110.8780,582.8585,151.7219,18.3539,1.000000,0,1
291,3,-281.6069,556.1392,414.4767,61.9229,1.000000,0,1
291,4,671.8336,588.2884,100.1462,48.0182,1.000000,0,1
291,5,613.9060,535.3986,317.1852,84.9118,1.000000,0,1
291,6,358.3991,584.0714,168.7952,22.2550,1.000000,0,1
292,1,959.0968,586.2476,68.0640,32.2148,1.000000,0,1
292,2,1110.1320,582.8622,151.6448,18.3509,1.000000,0,1
292,3,-281.3634,556.1794,414.5328,61.9346,1.000000,0,1
292,4,670.5224,588.3164,100.0543,48.0054,1.000000,0,1
292,5,614.1349,535.4830,317.2395,84.9259,1.000000,0,1
292,6,358.9281,584.1176,168.7997,22.2623,1.000000,0,1
293,1,958.3617,586.3258,68.0170,32.2156,1.000000,0,1
293,2,1109.3890,582.8688,151.5676,18.3481,1.000000,0,1
293,3,-281.1147,556.2222,414.5872,61.9462,1.000000,0,1
293,4,669.2114,588.3416,99.9625,47.9922,1.000000,0,1
293,5,614.3645,535.5717,317.2921,84.9396,1.000000,0,1
293,6,359.4585,584.1649,168.8036,22.2696,1.000000,0,1
294,1,957.6273,586.4070,67.9701,32.2165,1.000000,0,1
294,2,1108.6470,582.8787,151.4910,18.3455,1.000000,0,1
294,3,-280.8598,556.2667,414.6395,61.9575,1.000000,0,1
294,4,667.9000,588.3633,99.8707,47.9788,1.000000,0,1
294,5,614.5947,535.6635,317.3433,84.9531,1.000000,0,1
294,6,359.9908,584.2126,168.8069,22.2769,1.000000,0,1
295,1,956.8918,586.4883,67.9228,32.2174,1.000000,0,1
295,2,1107.9050,582.8923,151.4141,18.3432,1.000000,0,1
295,3,-280.5988,556.3124,414.6896,61.9685,1.000000,0,1
295,4,666.5880,588.3812,99.7786,47.9649,1.000000,0,1
295,5,614.8253,535.7572,317.3930,84.9663,1.000000,0,1
295,6,360.5255,584.2603,168.8093,22.2840,1.000000,0,1
296,1,956.1576,586.5752,67.8755,32.2185,1.000000,0,1
296,2,1107.1620,582.9097,151.3374,18.3411,1.000000,0,1
296,3,-280.3322,556.3610,414.7381,61.9795,1.000000,0,1
296,4,665.2758,588.3969,99.6867,47.9509,1.000000,0,1
296,5,615.0563,535.8544,317.4412,84.9793,1.000000,0,1
296,6,361.0620,584.3086,168.8111,22.2912,1.000000,0,1
297,1,955.4230,586.6647,67.8280,32.2196,1.000000,0,1
297,2,1106.4200,582.9310,151.2607,18.3393,1.000000,0,1
297,3,-280.0591,556.4110,414.7843,61.9900,1.000000,0,1
297,4,663.9634,588.4100,99.5943,47.9363,1.000000,0,1
297,5,615.2881,535.9532,317.4875,84.9918,1.000000,0,1
297,6,361.6006,584.3570,168.8122,22.2983,1.000000,0,1
298,1,954.6868,586.7543,67.7798,32.2204,1.000000,0,1
298,2,1105.6770,582.9565,151.1846,18.3378,1.000000,0,1
298,3,-279.7795,556.4618,414.8282,62.0002,1.000000,0,1
298,4,662.6501,588.4196,99.5017,47.9213,1.000000,0,1
298,5,615.5201,536.0524,317.5322,85.0038,1.000000,0,1
298,6,362.1415,584.4045,168.8124,22.3051,1.000000,0,1
299,1,953.9510,586.8489,67.7317,32.2216,1.000000,0,1
299,2,1104.9340,582.9875,151.1083,18.3367,1.000000,0,1
299,3,-279.4946,556.5150,414.8703,62.0102,1.000000,0,1
299,4,661.3363,588.4269,99.4092,47.9061,1.000000,0,1
299,5,615.7525,536.1533,317.5753,85.0155,1.000000,0,1
299,6,362.6845,584.4522,168.8120,22.3119,1.000000,0,1
300,1,953.2147,586.9462,67.6833,32.2227,1.000000,0,1
300,2,1104.1930,583.0237,151.0325,18.3360,1.000000,0,1
300,3,-279.2039,556.5697,414.9099,62.0199,1.000000,0,1
300,4,660.0219,588.4319,99.3165,47.8907,1.000000,0,1
300,5,615.9849,536.2548,317.6169,85.0269,1.000000,0,1
300,6,363.2294,584.4992,168.8108,22.3186,1.000000,0,1
301,1,952.4757,587.0434,67.6342,32.2235,1.000000,0,1
301,2,1103.4510,583.0646,150.9568,18.3356,1.000000,0,1
301,3,-278.9080,556.6250,414.9476,62.0293,1.000000,0,1
301,4,658.7067,588.4339,99.2237,47.8749,1.000000,0,1
301,5,616.2169,536.3560,317.6577,85.0380,1.000000,0,1
301,6,363.7769,584.5446,168.8087,22.3249,1.000000,0,1
302,1,951.7357,587.1455,67.5845,32.2244,1.000000,0,1
302,2,1102.7110,583.1118,150.8811,18.3357,1.000000,0,1
302,3,-278.6072,556.6812,414.9833,62.0384,1.000000,0,1
302,4,657.3917,588.4338,99.1308,47.8588,1.000000,0,1
302,5,616.4486,536.4583,317.6969,85.0487,1.000000,0,1
302,6,364.3254,584.5898,168.8060,22.3312,1.000000,0,1
303,1,950.9944,587.2500,67.5346,32.2253,1.000000,0,1
303,2,1101.9710,583.1645,150.8057,18.3361,1.000000,0,1
303,3,-278.3019,556.7377,415.0175,62.0473,1.000000,0,1
303,4,656.0772,588.4315,99.0382,47.8426,1.000000,0,1
303,5,616.6798,536.5607,317.7349,85.0591,1.000000,0.0625,0.9375
303,6,364.8754,584.6340,168.8028,22.3373,1.000000,0,1
304,1,950.2516,587.3549,67.4840,32.2259,1.000000,0,1
304,2,1101.2310,583.2221,150.7303,18.3369,1.000000,0,1
304,3,-277.9935,556.7942,415.0503,62.0560,1.000000,0,1
304,4,654.7633,588.4276,98.9456,47.8262,1.000000,0,1
304,5,616.9105,536.6624,317.7720,85.0693,1.000000,0.0625,0.9375
304,6,365.4272,584.6758,168.7989,22.3430,1.000000,0,1
305,1,949.5096,587.4645,67.4333,32.2268,1.000000,0,1
305,2,1100.4910,583.2863,150.6549,18.3380,1.000000,0,1
305,3,-277.6819,556.8510,415.0821,62.0645,1.000000,0,1
305,4,653.4490,588.4223,98.8532,47.8098,1.000000,0,1
305,5,617.1407,536.7640,317.8080,85.0792,1.000000,0,1
305,6,365.9800,584.7164,168.7945,22.3486,1.000000,0,1
306,1,948.7674,587.5765,67.3824,32.2277,1.000000,0,1
306,2,1099.7510,583.3553,150.5796,18.3395,1.000000,0,1
306,3,-277.3676,556.9076,415.1129,62.0729,1.000000,0,1
306,4,652.1339,588.4160,98.7609,47.7934,1.000000,0,1
306,5,617.3712,536.8649,317.8430,85.0887,1.000000,0,1
306,6,366.5338,584.7553,168.7897,22.3539,1.000000,0,1
307,1,948.0242,587.6887,67.3311,32.2283,1.000000,0,1
307,2,1099.0100,583.4287,150.5038,18.3413,1.000000,0,1
307,3,-277.0515,556.9635,415.1432,62.0811,1.000000,0,1
307,4,650.8182,588.4087,98.6690,47.7771,1.000000,0,1
307,5,617.6021,536.9648,317.8768,85.0980,1.000000,0.0625,0.9375
307,6,367.0889,584.7921,168.7844,22.3590,1.000000,0,1
308,1,947.2821,587.8053,67.2798,32.2293,1.000000,0,1
308,2,1098.2690,583.5080,150.4279,18.3434,1.000000,0,1
308,3,-276.7328,557.0198,415.1726,62.0893,1.000000,0,1
308,4,649.5016,588.4011,98.5772,47.7607,1.000000,0,1
308,5,617.8340,537.0643,317.9095,85.1069,1.000000,0,1
308,6,367.6446,584.8271,168.7788,22.3639,1.000000,0,1
309,1,946.5405,587.9243,67.2287,32.2303,1.000000,0,1
309,2,1097.5270,583.5915,150.3516,18.3458,1.000000,0,1
309,3,-276.4123,557.0760,415.2013,62.0974,1.000000,0,1
309,4,648.1843,588.3937,98.4859,47.7447,1.000000,0,1
309,5,618.0668,537.1629,317.9416,85.1155,1.000000,0.0625,0.9375
309,6,368.2010,584.8602,168.7729,22.3685,1.000000,0,1
310,1,945.7983,588.0435,67.1770,32.2312,1.000000,0,1
310,2,1096.7820,583.6777,150.2742,18.3483,1.000000,0,1
310,3,-276.0892,557.1321,415.2289,62.1052,1.000000,0,1
310,4,646.8669,588.3872,98.3948,47.7288,1.000000,0,1
310,5,618.3005,537.2605,317.9727,85.1238,1.000000,0,1
310,6,368.7586,584.8907,168.7664,22.3728,1.000000,0,1
311,1,945.0571,588.1671,67.1256,32.2323,1.000000,0,1
311,2,1096.0360,583.7690,150.1968,18.3510,1.000000,0,1
311,3,-275.7645,557.1883,415.2562,62.1130,1.000000,0,1
311,4,645.5491,588.3819,98.3040,47.7131,1.000000,0,1
311,5,618.5355,537.3583,318.0031,85.1320,1.000000,0,1
311,6,369.3166,584.9194,168.7597,22.3768,1.000000,0,1
312,1,944.3159,588.2930,67.0743,32.2336,1.000000,0,1
312,2,1095.2870,583.8637,150.1184,18.3540,1.000000,0,1
312,3,-275.4385,557.2445,415.2828,62.1207,1.000000,0,1
312,4,644.2311,588.3779,98.2134,47.6977,1.000000,0,1
312,5,618.7715,537.4560,318.0323,85.1398,1.000000,0.0625,0.9375
312,6,369.8749,584.9464,168.7529,22.3807,1.000000,0,1
313,1,943.5731,588.4183,67.0225,32.2347,1.000000,0,1
313,2,1094.5360,583.9607,150.0389,18.3569,1.000000,0,1
313,3,-275.1114,557.3013,415.3090,62.1284,1.000000,0,1
313,4,642.9131,588.3760,98.1234,47.6827,1.000000,0,1
313,5,619.0082,537.5537,318.0605,85.1473,1.000000,0,1
313,6,370.4339,584.9712,168.7455,22.3843,1.000000,0,1
314,1,942.8309,588.5482,66.9709,32.2361,1.000000,0,1
314,2,1093.7840,584.0623,149.9589,18.3601,1.000000,0,1
314,3,-274.7836,557.3593,415.3351,62.1361,1.000000,0,1
314,4,641.5952,588.3775,98.0338,47.6682,1.000000,0,1
314,5,619.2463,537.6522,318.0878,85.1545,1.000000,0,1
314,6,370.9929,584.9946,168.7383,22.3877,1.000000,0,1
315,1,942.0887,588.6802,66.9191,32.2376,1.000000,0,1
315,2,1093.0310,584.1667,149.8785,18.3634,1.000000,0,1
315,3,-274.4545,557.4180,415.3606,62.1437,1.000000,0,1
315,4,640.2774,588.3820,97.9445,47.6541,1.000000,0,1
315,5,619.4854,537.7511,318.1139,85.1615,1.000000,0,1
315,6,371.5519,585.0167,168.7309,22.3911,1.000000,0,1
316,1,941.3450,588.8112,66.8673,32.2390,1.000000,0,1
316,2,1092.2760,584.2726,149.7969,18.3667,1.000000,0,1
316,3,-274.1234,557.4778,415.3850,62.1512,1.000000,0,1
316,4,638.9353,588.3895,97.8801,47.6406,1.000000,0,1
316,5,619.7253,537.8503,318.1389,85.1681,1.000000,0,1
316,6,372.1115,585.0368,168.7232,22.3942,1.000000,0,1
317,1,940.6022,588.9473,66.8157,32.2407,1.000000,0,1
317,2,1091.5200,584.3819,149.7147,18.3702,1.000000,0,1
317,3,-273.7917,557.5392,415.4094,62.1587,1.000000,0,1
317,4,637.5862,588.4025,97.8227,47.6277,1.000000,0,1
317,5,619.9663,537.9514,318.1620,85.1744,1.000000,0,1
317,6,372.6712,585.0554,168.7156,22.3970,1.000000,0,1
318,1,939.8591,589.0848,66.7640,32.2424,1.000000,0,1
318,2,1090.7620,584.4932,149.6317,18.3737,1.000000,0,1
318,3,-273.4589,557.6021,415.4329,62.1662,1.000000,0,1
318,4,636.2363,588.4195,97.8021,47.6154,1.000000,0,1
318,5,620.2079,538.0533,318.1841,85.1803,1.000000,0,1
318,6,373.2312,585.0728,168.7079,22.3999,1.000000,0,1
319,1,939.1135,589.2195,66.7120,32.2440,1.000000,0,1
319,2,1090.0030,584.6049,149.5480,18.3772,1.000000,0,1
319,3,-273.1242,557.6658,415.4557,62.1736,1.000000,0,1
319,4,634.8857,588.4401,97.8101,47.6037,1.000000,0,1
319,5,620.4500,538.1549,318.2048,85.1858,1.000000,0,1
319,6,373.7913,585.0896,168.7001,22.4026,1.000000,0,1
320,1,938.3698,589.3591,66.6602,32.2458,1.000000,0,1
320,2,1089.2430,584.7200,149.4637,18.3809,1.000000,0,1
320,3,-272.7877,557.7321,415.4774,62.1808,1.000000,0,1
320,4,633.5353,588.4684,97.8184,47.5928,1.000000,0,1
320,5,620.6926,538.2593,318.2239,85.1911,1.000000,0,1
320,6,374.3514,585.1053,168.6923,22.4052,1.000000,0,1
321,1,937.6256,589.4993,66.6083,32.2475,1.000000,0,1
321,2,1088.4810,584.8364,149.3789,18.3844,1.000000,0,1
321,3,-272.4501,557.8000,415.4987,62.1880,1.000000,0,1
321,4,632.1849,588.5020,97.8267,47.5826,1.000000,0,1
321,5,620.9356,538.3648,318.2416,85.1960,1.000000,0,1
321,6,374.9117,585.1201,168.6843,22.4077,1.000000,0,1
322,1,936.8787,589.6354,66.5558,32.2489,1.000000,0,1
322,2,1087.7180,584.9521,149.2933,18.3880,1.000000,0,1
322,3,-272.1100,557.8685,415.5186,62.1951,1.000000,0,1
322,4,630.8345,588.5401,97.8356,47.5730,1.000000,0,1
322,5,621.1791,538.4701,318.2573,85.2004,1.000000,0,1
322,6,375.4716,585.1339,168.6763,22.4101,1.000000,0,1
323,1,936.1333,589.7757,66.5035,32.2506,1.000000,0,1
323,2,1086.9540,585.0703,149.2073,18.3916,1.000000,0,1
323,3,-271.7688,557.9393,415.5377,62.2020,1.000000,0,1
323,4,629.4850,588.5875,97.8447,47.5644,1.000000,0,1
323,5,621.4228,538.5778,318.2715,85.2044,1.000000,0,1
323,6,376.0313,585.1465,168.6683,22.4124,1.000000,0,1
324,1,935.3870,589.9155,66.4513,32.2522,1.000000,0,1
324,2,1086.1880,585.1895,149.1206,18.3952,1.000000,0,1
324,3,-271.4258,558.0117,415.5558,62.2089,1.000000,0,1
324,4,628.1359,588.6414,97.8541,47.5565,1.000000,0,1
324,5,621.6669,538.6866,318.2842,85.2081,1.000000,0,1
324,6,376.5912,585.1580,168.6602,22.4145,1.000000,0,1
325,1,934.6376,590.0505,66.3982,32.2532,1.000000,0,1
325,2,1085.4200,585.3084,149.0333,18.3987,1.000000,0,1
325,3,-271.0815,558.0845,415.5731,62.2157,1.000000,0,1
325,4,626.7866,588.6995,97.8638,47.5493,1.000000,0,1
325,5,621.9109,538.7952,318.2948,85.2113,1.000000,0,1
325,6,377.1506,585.1679,168.6521,22.4166,1.000000,0,1
326,1,933.8895,590.1887,66.3453,32.2545,1.000000,0,1
326,2,1084.6510,585.4302,148.9459,18.4024,1.000000,0,1
326,3,-270.7352,558.1591,415.5894,62.2224,1.000000,0,1
326,4,625.4387,588.7670,97.8741,47.5432,1.000000,0,1
326,5,622.1548,538.9057,318.3039,85.2141,1.000000,0,1
326,6,377.7100,585.1766,168.6440,22.4184,1.000000,0,1
327,1,933.1409,590.3258,66.2922,32.2557,1.000000,0,1
327,2,1083.8810,585.5532,148.8580,18.4062,1.000000,0,1
327,3,-270.3877,558.2346,415.6052,62.2290,1.000000,0,1
327,4,624.0914,588.8403,97.8848,47.5378,1.000000,0,1
327,5,622.3984,539.0167,318.3117,85.2166,1.000000,0.0625,0.9375
327,6,378.2691,585.1843,168.6358,22.4201,1.000000,0,1
328,1,932.3895,590.4578,66.2387,32.2564,1.000000,0,1
328,2,1083.1090,585.6759,148.7695,18.4098,1.000000,0,1
328,3,-270.0390,558.3103,415.6200,62.2355,1.000000,0,1
328,4,622.7446,588.9166,97.8957,47.5329,1.000000,0,1
328,5,622.6417,539.1271,318.3181,85.2187,1.000000,0,1
328,6,378.8278,585.1909,168.6274,22.4218,1.000000,0,1
329,1,931.6393,590.5924,66.1851,32.2571,1.000000,0,1
329,2,1082.3370,585.8014,148.6809,18.4136,1.000000,0,1
329,3,-269.6889,558.3875,415.6342,62.2418,1.000000,0,1
329,4,621.4000,589.0028,97.9071,47.5292,1.000000,0,1
329,5,622.8845,539.2395,318.3228,85.2204,1.000000,0,1
329,6,379.3864,585.1956,168.6190,22.4231,1.000000,0,1
330,1,930.8882,590.7253,66.1314,32.2578,1.000000,0,1
330,2,1081.5630,585.9274,148.5918,18.4174,1.000000,0,1
330,3,-269.3384,558.4652,415.6480,62.2483,1.000000,0,1
330,4,620.0563,589.0947,97.9191,47.5263,1.000000,0,1
330,5,623.1271,539.3520,318.3262,85.2219,1.000000,0,1
330,6,379.9446,585.1989,168.6104,22.4244,1.000000,0,1
331,1,930.1348,590.8514,66.0771,32.2578,1.000000,0,1
331,2,1080.7870,586.0519,148.5017,18.4209,1.000000,0,1
331,3,-268.9875,558.5427,415.6609,62.2544,1.000000,0,1
331,4,618.7123,589.1896,97.9316,47.5239,1.000000,0,1
331,5,623.3694,539.4627,318.3286,85.2229,1.000000,0,1
331,6,380.5026,585.2007,168.6016,22.4255,1.000000,0,1
332,1,929.3832,590.9796,66.0230,32.2579,1.000000,0,1
332,2,1080.0100,586.1775,148.4113,18.4246,1.000000,0,1
332,3,-268.6377,558.6206,415.6737,62.2607,1.000000,0,1
332,4,617.3702,589.2960,97.9447,47.5230,1.000000,0,1
332,5,623.6111,539.5746,318.3298,85.2237,1.000000,0.125,0.875
332,6,381.0598,585.2014,168.5927,22.4264,1.000000,0,1
333,1,928.6312,591.1054,65.9686,32.2579,1.000000,0,1
333,2,1079.2300,586.3025,148.3209,18.4282,1.000000,0,1
333,3,-268.2889,558.6982,415.6865,62.2668,1.000000,0,1
333,4,616.0290,589.4094,97.9584,47.5230,1.000000,0,1
333,5,623.8522,539.6865,318.3301,85.2243,1.000000,0,1
333,6,381.6166,585.2012,168.5836,22.4272,1.000000,0,1
334,1,927.8775,591.2254,65.9140,32.2573,1.000000,0,1
334,2,1078.4480,586.4249,148.2291,18.4314,1.000000,0,1
334,3,-267.9409,558.7749,415.6989,62.2730,1.000000,0,1
334,4,614.6882,589.5263,97.9728,47.5238,1.000000,0,1
334,5,624.0925,539.7975,318.3297,85.2246,1.000000,0,1
334,6,382.1729,585.1999,168.5743,22.4279,1.000000,0,1
335,1,927.1267,591.3455,65.8595,32.2569,1.000000,0.1875,0.8125
335,2,1077.6660,586.5474,148.1373,18.4347,1.000000,0,1
335,3,-267.5956,558.8511,415.7118,62.2791,1.000000,0,1
335,4,613.3520,589.6573,97.9878,47.5262,1.000000,0,1
335,5,624.3323,539.9083,318.3287,85.2249,1.000000,0,1
335,6,382.7289,585.1974,168.5650,22.4285,1.000000,0,1
336,1,926.3765,591.4632,65.8052,32.2563,1.000000,0,1
336,2,1076.8810,586.6682,148.0449,18.4378,1.000000,0,1
336,3,-267.2525,558.9266,415.7250,62.2853,1.000000,0,1
336,4,612.0182,589.7963,98.0033,47.5296,1.000000,0,1
336,5,624.5717,540.0182,318.3272,85.2249,1.000000,0,1
336,6,383.2845,585.1943,168.5554,22.4289,1.000000,0,1
337,1,925.6249,591.5754,65.7505,32.2553,1.000000,0,1
337,2,1076.0950,586.7844,147.9519,18.4404,1.000000,0,1
337,3,-266.9121,559.0004,415.7386,62.2914,1.000000,0,1
337,4,610.6853,589.9382,98.0195,47.5336,1.000000,0,1
337,5,624.8105,540.1268,318.3257,85.2249,1.000000,0,1
337,6,383.8401,585.1909,168.5457,22.4294,1.000000,0,1
338,1,924.8750,591.6869,65.6960,32.2542,1.000000,0.1875,0.8125
338,2,1075.3080,586.8989,147.8588,18.4431,1.000000,0,1
338,3,-266.5736,559.0722,415.7523,62.2976,1.000000,0,1
338,4,609.3567,590.0918,98.0362,47.5390,1.000000,0,1
338,5,625.0487,540.2355,318.3238,85.2248,1.000000,0,1
338,6,384.3956,585.1872,168.5361,22.4297,1.000000,0,1
339,1,924.1251,591.7954,65.6415,32.2529,1.000000,0.125,0.875
339,2,1074.5210,587.0103,147.7649,18.4453,1.000000,0,1
339,3,-266.2374,559.1425,415.7665,62.3037,1.000000,0,1
339,4,608.0298,590.2512,98.0535,47.5454,1.000000,0,1
339,5,625.2860,540.3431,318.3218,85.2247,1.000000,0,1
339,6,384.9510,585.1835,168.5264,22.4301,1.000000,0,1
340,1,923.3737,591.8982,65.5867,32.2514,1.000000,0,1
340,2,1073.7330,587.1166,147.6708,18.4472,1.000000,0,1
340,3,-265.9029,559.2107,415.7810,62.3098,1.000000,0,1
340,4,606.7034,590.4117,98.0710,47.5519,1.000000,0,1
340,5,625.5227,540.4490,318.3201,85.2245,1.000000,0,1
340,6,385.5064,585.1799,168.5167,22.4305,1.000000,0,1
341,1,922.6237,591.9992,65.5320,32.2496,1.000000,0.125,0.875
341,2,1072.9460,587.2195,147.5767,18.4489,1.000000,0,1
341,3,-265.5710,559.2766,415.7962,62.3159,1.000000,0,1
341,4,605.3790,590.5792,98.0891,47.5593,1.000000,0,1
341,5,625.7585,540.5544,318.3189,85.2245,1.000000,0,1
341,6,386.0618,585.1765,168.5071,22.4309,1.000000,0,1
342,1,921.8738,592.0964,65.4774,32.2477,1.000000,0.0625,0.9375
342,2,1072.1590,587.3179,147.4823,18.4502,1.000000,0,1
342,3,-265.2416,559.3400,415.8119,62.3221,1.000000,0,1
342,4,604.0553,590.7496,98.1073,47.5673,1.000000,0,1
342,5,625.9941,540.6585,318.3181,85.2246,1.000000,0,1
342,6,386.6169,585.1730,168.4977,22.4313,1.000000,0,1
343,1,921.1230,592.1878,65.4225,32.2454,1.000000,0.25,0.75
343,2,1071.3710,587.4103,147.3876,18.4511,1.000000,0,1
343,3,-264.9146,559.4003,415.8282,62.3283,1.000000,0,1
343,4,602.7317,590.9211,98.1260,47.5755,1.000000,0,1
343,5,626.2293,540.7606,318.3181,85.2247,1.000000,0,1
343,6,387.1719,585.1698,168.4884,22.4318,1.000000,0,1
344,1,920.3730,592.2765,65.3679,32.2430,1.000000,0.125,0.875
344,2,1070.5830,587.4982,147.2930,18.4516,1.000000,0,1
344,3,-264.5886,559.4577,415.8445,62.3343,1.000000,0,1
344,4,601.4082,591.0972,98.1450,47.5843,1.000000,0,1
344,5,626.4637,540.8619,318.3189,85.2250,1.000000,0,1
344,6,387.7268,585.1664,168.4793,22.4323,1.000000,0,1
345,1,919.6232,592.3609,65.3129,32.2403,1.000000,0.1875,0.8125
345,2,1069.7960,587.5811,147.1981,18.4518,1.000000,0,1
345,3,-264.2641,559.5126,415.8613,62.3403,1.000000,0,1
345,4,600.0847,591.2756,98.1642,47.5933,1.000000,0,1
345,5,626.6978,540.9616,318.3203,85.2255,1.000000,0,1
345,6,388.2812,585.1626,168.4705,22.4328,1.000000,0,1
346,1,918.8726,592.4394,65.2578,32.2371,1.000000,0.125,0.875
346,2,1069.0080,587.6578,147.1033,18.4515,1.000000,0,1
346,3,-263.9417,559.5641,415.8788,62.3463,1.000000,0,1
346,4,598.7606,591.4543,98.1836,47.6025,1.000000,0,1
346,5,626.9316,541.0584,318.3228,85.2262,1.000000,0,1
346,6,388.8350,585.1588,168.4620,22.4333,1.000000,0,1
347,1,918.1227,592.5143,65.2030,32.2338,1.000000,0.375,0.625
347,2,1068.2210,587.7300,147.0084,18.4511,1.000000,0,1
347,3,-263.6208,559.6122,415.8966,62.3523,1.000000,0,1
347,4,597.4342,591.6379,98.2029,47.6121,1.000000,0,1
347,5,627.1656,541.1536,318.3267,85.2271,1.000000,0,1
347,6,389.3879,585.1541,168.4537,22.4338,1.000000,0,1
348,1,917.3730,592.5848,65.1478,32.2301,1.000000,0.0625,0.9375
348,2,1067.4350,587.7980,146.9135,18.4502,1.000000,0,1
348,3,-263.3010,559.6570,415.9149,62.3582,1.000000,0,1
348,4,596.1060,591.8237,98.2221,47.6219,1.000000,0,1
348,5,627.3997,541.2470,318.3316,85.2282,1.000000,0,1
348,6,389.9403,585.1482,168.4457,22.4341,1.000000,0,1
349,1,916.6233,592.6492,65.0927,32.2261,1.000000,0.3125,0.6875
349,2,1066.6480,587.8602,146.8185,18.4490,1.000000,0,1
349,3,-262.9828,559.6986,415.9338,62.3641,1.000000,0,1
349,4,594.7771,592.0102,98.2416,47.6318,1.000000,0,1
349,5,627.6340,541.3372,318.3377,85.2295,1.000000,0,1
349,6,390.4926,585.1405,168.4379,22.4344,1.000000,0,1
350,1,915.8741,592.7084,65.0374,32.2218,1.000000,0.1875,0.8125
350,2,1065.8620,587.9173,146.7233,18.4474,1.000000,0,1
350,3,-262.6660,559.7372,415.9532,62.3700,1.000000,0,1
350,4,593.4489,592.2021,98.2608,47.6421,1.000000,0,1
350,5,627.8689,541.4249,318.3445,85.2308,1.000000,0,1
350,6,391.0451,585.1301,168.4303,22.4344,1.000000,0,1
351,1,915.1257,592.7626,64.9821,32.2171,1.000000,0.375,0.625
351,2,1065.0760,587.9698,146.6282,18.4456,1.000000,0,1
351,3,-262.3500,559.7730,415.9728,62.3760,1.000000,0,1
351,4,592.1218,592.3973,98.2800,47.6526,1.000000,0,1
351,5,628.1041,541.5102,318.3517,85.2322,1.000000,0,1
351,6,391.5973,585.1176,168.4229,22.4341,1.000000,0,1
352,1,914.3775,592.8113,64.9268,32.2122,1.000000,0.3125,0.6875
352,2,1064.2900,588.0176,146.5331,18.4433,1.000000,0,1
352,3,-262.0363,559.8060,415.9936,62.3819,1.000000,0,1
352,4,590.7961,592.5939,98.2988,47.6632,1.000000,0,1
352,5,628.3394,541.5933,318.3595,85.2337,1.000000,0,1
352,6,392.1492,585.1030,168.4156,22.4338,1.000000,0,1
353,1,913.6301,592.8549,64.8714,32.2068,1.000000,0.4375,0.5625
353,2,1063.5040,588.0602,146.4377,18.4407,1.000000,0,1
353,3,-261.7231,559.8358,416.0144,62.3878,1.000000,0,1
353,4,589.4719,592.7951,98.3173,47.6740,1.000000,0,1
353,5,628.5747,541.6744,318.3678,85.2351,1.000000,0,1
353,6,392.7009,585.0864,168.4087,22.4332,1.000000,0,1
354,1,912.8826,592.8932,64.8158,32.2011,1.000000,0.3125,0.6875
354,2,1062.7180,588.0980,146.3428,18.4378,1.000000,0,1
354,3,-261.4105,559.8625,416.0358,62.3936,1.000000,0,1
354,4,588.1495,592.9987,98.3353,47.6849,1.000000,0,1
354,5,628.8098,541.7536,318.3766,85.2366,1.000000,0,1
354,6,393.2524,585.0681,168.4018,22.4325,1.000000,0,1
355,1,912.1343,592.9255,64.7601,32.1949,1.000000,0.4375,0.5625
355,2,1061.9330,588.1317,146.2477,18.4347,1.000000,0,1
355,3,-261.0991,559.8857,416.0579,62.3995,1.000000,0,1
355,4,586.8292,593.2035,98.3527,47.6956,1.000000,0,1
355,5,629.0444,541.8306,318.3860,85.2382,1.000000,0,1
355,6,393.8038,585.0484,168.3951,22.4317,1.000000,0,1
356,1,911.3862,592.9529,64.7040,32.1885,1.000000,0.5,0.5
356,2,1061.1480,588.1605,146.1527,18.4311,1.000000,0,1
356,3,-260.7891,559.9059,416.0806,62.4053,1.000000,0,1
356,4,585.5102,593.4125,98.3699,47.7065,1.000000,0,1
356,5,629.2787,541.9053,318.3964,85.2400,1.000000,0,1
356,6,394.3552,585.0268,168.3883,22.4307,1.000000,0,1
357,1,910.6373,592.9747,64.6478,32.1815,1.000000,0.4375,0.5625
357,2,1060.3630,588.1846,146.0579,18.4273,1.000000,0,1
357,3,-260.4800,559.9229,416.1038,62.4112,1.000000,0,1
357,4,584.1928,593.6241,98.3868,47.7175,1.000000,0,1
357,5,629.5127,541.9771,318.4078,85.2419,1.000000,0,1
357,6,394.9067,585.0040,168.3816,22.4295,1.000000,0,1
358,1,909.8870,592.9896,64.5914,32.1742,1.000000,0.625,0.375
358,2,1059.5780,588.2036,145.9629,18.4232,1.000000,0,1
358,3,-260.1714,559.9361,416.1273,62.4169,1.000000,0,1
358,4,582.8777,593.8363,98.4031,47.7284,1.000000,0,1
358,5,629.7465,542.0448,318.4203,85.2439,1.000000,0,1
358,6,395.4579,584.9804,168.3750,22.4283,1.000000,0,1
359,1,909.1355,592.9979,64.5346,32.1663,1.000000,0.625,0.375
359,2,1058.7940,588.2180,145.8685,18.4188,1.000000,0,1
359,3,-259.8636,559.9458,416.1512,62.4226,1.000000,0,1
359,4,581.5641,594.0510,98.4187,47.7391,1.000000,0,1
359,5,629.9798,542.1088,318.4348,85.2463,1.000000,0,1
359,6,396.0098,584.9551,168.3683,22.4270,1.000000,0,1
360,1,908.3832,593.0009,64.4775,32.1580,1.000000,0.6875,0.3125
360,2,1058.0100,588.2279,145.7743,18.4141,1.000000,0,1
360,3,-259.5563,559.9515,416.1757,62.4283,1.000000,0,1
360,4,580.2527,594.2670,98.4337,47.7497,1.000000,0,1
360,5,630.2125,542.1697,318.4511,85.2491,1.000000,0,1
360,6,396.5623,584.9286,168.3616,22.4254,1.000000,0,1
361,1,907.6302,592.9993,64.4202,32.1494,1.000000,0.5625,0.4375
361,2,1057.2250,588.2324,145.6796,18.4090,1.000000,0,1
361,3,-259.2485,559.9529,416.2003,62.4338,1.000000,0,1
361,4,578.9443,594.4827,98.4478,47.7599,1.000000,0,1
361,5,630.4445,542.2278,318.4690,85.2522,1.000000,0,1
361,6,397.1154,584.9019,168.3551,22.4239,1.000000,0,1
362,1,906.8760,592.9907,64.3627,32.1402,1.000000,0.375,0.625
362,2,1056.4420,588.2311,145.5853,18.4036,1.000000,0,1
362,3,-258.9408,559.9502,416.2253,62.4394,1.000000,0,1
362,4,577.6377,594.7004,98.4614,47.7700,1.000000,0,1
362,5,630.6763,542.2826,318.4890,85.2557,1.000000,0,1
362,6,397.6695,584.8750,168.3487,22.4224,1.000000,0,1
363,1,906.1208,592.9771,64.3049,32.1308,1.000000,0.6875,0.3125
363,2,1055.6590,588.2245,145.4915,18.3978,1.000000,0,1
363,3,-258.6332,559.9435,416.2507,62.4448,1.000000,0,1
363,4,576.3340,594.9188,98.4741,47.7797,1.000000,0,1
363,5,630.9079,542.3339,318.5109,85.2595,1.000000,0,1
363,6,398.2244,584.8486,168.3422,22.4210,1.000000,0,1
364,1,905.3654,592.9596,64.2470,32.1210,1.000000,0.625,0.375
364,2,1054.8770,588.2134,145.3979,18.3918,1.000000,0,1
364,3,-258.3255,559.9327,416.2764,62.4501,1.000000,0,1
364,4,575.0344,595.1363,98.4860,47.7890,1.000000,0,1
364,5,631.1393,542.3810,318.5345,85.2636,1.000000,0,1
364,6,398.7793,584.8229,168.3358,22.4196,1.000000,0,1
365,1,904.6082,592.9358,64.1885,32.1107,1.000000,0.75,0.25
365,2,1054.0950,588.1979,145.3048,18.3856,1.000000,0,1
365,3,-258.0168,559.9174,416.3018,62.4553,1.000000,0,1
365,4,573.7376,595.3544,98.4970,47.7979,1.000000,0,1
365,5,631.3706,542.4258,318.5603,85.2682,1.000000,0,1
365,6,399.3350,584.7977,168.3295,22.4182,1.000000,0,1
366,1,903.8503,592.9078,64.1299,32.1000,1.000000,0.6875,0.3125
366,2,1053.3150,588.1781,145.2118,18.3791,1.000000,0,1
366,3,-257.7070,559.8977,416.3271,62.4603,1.000000,0,1
366,4,572.4435,595.5729,98.5075,47.8067,1.000000,0,1
366,5,631.6019,542.4681,318.5876,85.2731,1.000000,0,1
366,6,399.8911,584.7725,168.3232,22.4169,1.000000,0,1
367,1,903.0921,592.8773,64.0712,32.0893,1.000000,0.625,0.375
367,2,1052.5350,588.1538,145.1193,18.3723,1.000000,0,1
367,3,-257.3953,559.8734,416.3519,62.4651,1.000000,0,1
367,4,571.1525,595.7911,98.5172,47.8150,1.000000,0,1
367,5,631.8333,542.5074,318.6161,85.2782,1.000000,0,1
367,6,400.4474,584.7473,168.3169,22.4156,1.000000,0,1
368,1,902.3317,592.8411,64.0120,32.0780,1.000000,0.5625,0.4375
368,2,1051.7570,588.1246,145.0276,18.3652,1.000000,0,1
368,3,-257.0822,559.8441,416.3766,62.4697,1.000000,0,1
368,4,569.8633,596.0087,98.5262,47.8230,1.000000,0,1
368,5,632.0651,542.5440,318.6462,85.2837,1.000000,0,1
368,6,401.0043,584.7216,168.3106,22.4142,1.000000,0,1
369,1,901.5701,592.8016,63.9526,32.0665,1.000000,0.6875,0.3125
369,2,1050.9800,588.0920,144.9363,18.3580,1.000000,0,1
369,3,-256.7676,559.8101,416.4006,62.4741,1.000000,0,1
369,4,568.5763,596.2250,98.5344,47.8305,1.000000,0,1
369,5,632.2973,542.5784,318.6775,85.2893,1.000000,0,1
369,6,401.5616,584.6952,168.3042,22.4128,1.000000,0,1
370,1,900.8081,592.7596,63.8932,32.0547,1.000000,0.625,0.375
370,2,1050.2060,588.0563,144.8453,18.3506,1.000000,0,1
370,3,-256.4515,559.7715,416.4246,62.4783,1.000000,0,1
370,4,567.2920,596.4396,98.5418,47.8373,1.000000,0,1
370,5,632.5295,542.6105,318.7096,85.2950,1.000000,0,1
370,6,402.1188,584.6680,168.2981,22.4113,1.000000,0,1
371,1,900.0439,592.7126,63.8332,32.0425,1.000000,0.625,0.375
371,2,1049.4330,588.0160,144.7550,18.3430,1.000000,0,1
371,3,-256.1323,559.7283,416.4474,62.4822,1.000000,0,1
371,4,566.0081,596.6529,98.5485,47.8439,1.000000,0,1
371,5,632.7621,542.6409,318.7427,85.3009,1.000000,0,1
371,6,402.6765,584.6396,168.2917,22.4097,1.000000,0,1
372,1,899.2786,592.6622,63.7731,32.0301,1.000000,0.625,0.375
372,2,1048.6610,587.9716,144.6653,18.3351,1.000000,0,1
372,3,-255.8110,559.6808,416.4697,62.4858,1.000000,0,1
372,4,564.7256,596.8640,98.5544,47.8497,1.000000,0,1
372,5,632.9952,542.6692,318.7763,85.3068,1.000000,0,1
372,6,403.2342,584.6101,168.2853,22.4080,1.000000,0,1
373,1,898.5131,592.6096,63.7128,32.0174,1.000000,0.875,0.125
373,2,1047.8900,587.9229,144.5757,18.3270,1.000000,0,1
373,3,-255.4877,559.6288,416.4912,62.4893,1.000000,0,1
373,4,563.4453,597.0721,98.5597,47.8549,1.000000,0,1
373,5,633.2287,542.6956,318.8108,85.3129,1.000000,0,1
373,6,403.7915,584.5792,168.2794,22.4061,1.000000,0,1
374,1,897.7448,592.5510,63.6520,32.0043,1.000000,0.6875,0.3125
374,2,1047.1190,587.8699,144.4865,18.3186,1.000000,0,1
374,3,-255.1608,559.5720,416.5113,62.4923,1.000000,0,1
374,4,562.1654,597.2780,98.5641,47.8597,1.000000,0,1
374,5,633.4626,542.7208,318.8455,85.3190,1.000000,0,1
374,6,404.3494,584.5463,168.2733,22.4040,1.000000,0,1
375,1,896.9760,592.4896,63.5912,31.9910,1.000000,0.8125,0.1875
375,2,1046.3490,587.8141,144.3973,18.3101,1.000000,0,1
375,3,-254.8318,559.5112,416.5310,62.4951,1.000000,0,1
375,4,560.8869,597.4803,98.5678,47.8636,1.000000,0,1
375,5,633.6967,542.7452,318.8804,85.3251,1.000000,0,1
375,6,404.9075,584.5121,168.2674,22.4019,1.000000,0,1
376,1,896.2078,592.4277,63.5304,31.9776,1.000000,0.75,0.25
376,2,1045.5800,587.7560,144.3094,18.3015,1.000000,0,1
376,3,-254.5003,559.4462,416.5497,62.4977,1.000000,0,1
376,4,559.6105,597.6776,98.5706,47.8667,1.000000,0,1
376,5,633.9312,542.7687,318.9152,85.3311,1.000000,0,1
376,6,405.4652,584.4768,168.2618,22.3997,1.000000,0,1
377,1,895.4367,592.3595,63.4692,31.9637,1.000000,0.875,0.125
377,2,1044.8120,587.6937,144.2212,18.2927,1.000000,0,1
377,3,-254.1656,559.3767,416.5672,62.4999,1.000000,0,1
377,4,558.3339,597.8720,98.5731,47.8694,1.000000,0,1
377,5,634.1661,542.7913,318.9496,85.3369,1.000000,0,1
377,6,406.0231,584.4403,168.2563,22.3974,1.000000,0,1
378,1,894.6652,592.2883,63.4076,31.9496,1.000000,0.875,0.125
378,2,1044.0440,587.6285,144.1335,18.2837,1.000000,0,1
378,3,-253.8284,559.3034,416.5839,62.5018,1.000000,0,1
378,4,557.0591,598.0599,98.5745,47.8710,1.000000,0,1
378,5,634.4014,542.8127,318.9833,85.3426,1.000000,0,1
378,6,406.5806,584.4033,168.2512,22.3950,1.000000,0,1
379,1,893.8949,592.2167,63.3462,31.9354,1.000000,0.875,0.125
379,2,1043.2770,587.5608,144.0465,18.2746,1.000000,0,1
379,3,-253.4888,559.2265,416.5997,62.5036,1.000000,0,1
379,4,555.7869,598.2325,98.5747,47.8704,1.000000,0,1
379,5,634.6368,542.8335,319.0167,85.3481,1.000000,0,1
379,6,407.1372,584.3658,168.2466,22.3926,1.000000,0,1
380,1,893.1224,592.1387,63.2844,31.9208,1.000000,0.8125,0.1875
380,2,1042.5110,587.4896,143.9596,18.2653,1.000000,0,1
380,3,-253.1454,559.1458,416.6143,62.5050,1.000000,0,1
380,4,554.5186,598.3956,98.5740,47.8687,1.000000,0,1
380,5,634.8727,542.8545,319.0490,85.3533,1.000000,0,1
380,6,407.6936,584.3279,168.2421,22.3903,1.000000,0,1
381,1,892.3500,592.0577,63.2228,31.9061,1.000000,0.875,0.125
381,2,1041.7450,587.4156,143.8728,18.2558,1.000000,0,1
381,3,-252.7988,559.0622,416.6275,62.5060,1.000000,0,1
381,4,553.2519,598.5465,98.5725,47.8654,1.000000,0,1
381,5,635.1088,542.8750,319.0804,85.3582,1.000000,0,1
381,6,408.2492,584.2898,168.2381,22.3881,1.000000,0,1
382,1,891.5787,591.9750,63.1611,31.8912,1.000000,0.9375,0.0625
382,2,1040.9810,587.3398,143.7867,18.2463,1.000000,0,1
382,3,-252.4499,558.9760,416.6403,62.5070,1.000000,0,1
382,4,551.9849,598.6823,98.5700,47.8603,1.000000,0,1
382,5,635.3453,542.8945,319.1106,85.3628,1.000000,0,1
382,6,408.8035,584.2518,168.2349,22.3859,1.000000,0,1
383,1,890.8057,591.8848,63.0993,31.8760,1.000000,0.9375,0.0625
383,2,1040.2170,587.2599,143.7006,18.2365,1.000000,0,1
383,3,-252.0961,558.8853,416.6513,62.5075,1.000000,0,1
383,4,550.7177,598.8071,98.5670,47.8539,1.000000,0,1
383,5,635.5822,542.9133,319.1394,85.3670,1.000000,0,1
383,6,409.3575,584.2133,168.2318,22.3837,1.000000,0,1
384,1,890.0335,591.7921,63.0378,31.8606,1.000000,1,0
384,2,1039.4550,587.1774,143.6154,18.2265,1.000000,0,1
384,3,-251.7391,558.7919,416.6616,62.5078,1.000000,0,1
384,4,549.4500,598.9203,98.5630,47.8459,1.000000,0,1
384,5,635.8194,542.9313,319.1671,85.3708,1.000000,0,1
384,6,409.9107,584.1747,168.2293,22.3815,1.000000,0,1
385,1,889.2639,591.7002,62.9768,31.8455,1.000000,0.9375,0.0625
385,2,1038.6940,587.0933,143.5302,18.2165,1.000000,0,1
385,3,-251.3796,558.6967,416.6710,62.5079,1.000000,0,1
385,4,548.1820,599.0194,98.5582,47.8363,1.000000,0,1
385,5,636.0566,542.9484,319.1931,85.3741,1.000000,0,1
385,6,410.4630,584.1360,168.2274,22.3795,1.000000,0,1
386,1,888.4933,591.6025,62.9159,31.8301,1.000000,1,0
386,2,1037.9330,587.0047,143.4451,18.2063,1.000000,0,1
386,3,-251.0166,558.5981,416.6795,62.5078,1.000000,0,1
386,4,546.9142,599.1089,98.5531,47.8256,1.000000,0,1
386,5,636.2941,542.9645,319.2173,85.3770,1.000000,0,1
386,6,411.0150,584.0970,168.2258,22.3774,1.000000,0,1
387,1,887.7241,591.5037,62.8552,31.8148,1.000000,0.875,0.125
387,2,1037.1720,586.9133,143.3601,18.1958,1.000000,0,1
387,3,-250.6511,558.4980,416.6872,62.5075,1.000000,0,1
387,4,545.6466,599.1898,98.5476,47.8139,1.000000,0,1
387,5,636.5319,542.9797,319.2402,85.3794,1.000000,0,1
387,6,411.5665,584.0580,168.2247,22.3754,1.000000,0,1
388,1,886.9578,591.4067,62.7951,31.7998,1.000000,1,0
388,2,1036.4130,586.8202,143.2756,18.1853,1.000000,0,1
388,3,-250.2839,558.3973,416.6941,62.5071,1.000000,0,1
388,4,544.3798,599.2609,98.5412,47.8009,1.000000,0,1
388,5,636.7700,542.9937,319.2616,85.3813,1.000000,0,1
388,6,412.1173,584.0189,168.2242,22.3735,1.000000,0,1
389,1,886.1908,591.3046,62.7351,31.7846,1.000000,1,0
389,2,1035.6550,586.7233,143.1915,18.1746,1.000000,0,1
389,3,-249.9138,558.2943,416.7002,62.5064,1.000000,0,1
389,4,543.1138,599.3246,98.5345,47.7871,1.000000,0,1
389,5,637.0082,543.0063,319.2806,85.3825,1.000000,0,1
389,6,412.6682,583.9796,168.2239,22.3716,1.000000,0,1
390,1,885.4251,591.2016,62.6755,31.7694,1.000000,0.9375,0.0625
390,2,1034.8960,586.6238,143.1073,18.1638,1.000000,0,1
390,3,-249.5419,558.1901,416.7057,62.5057,1.000000,0,1
390,4,541.8488,599.3812,98.5273,47.7724,1.000000,0,1
390,5,637.2466,543.0174,319.2978,85.3832,1.000000,0,1
390,6,413.2188,583.9403,168.2239,22.3697,1.000000,0,1
391,1,884.6625,591.1011,62.6164,31.7545,1.000000,1,0
391,2,1034.1390,586.5226,143.0234,18.1528,1.000000,0,1
391,3,-249.1685,558.0855,416.7105,62.5048,1.000000,0,1
391,4,540.5852,599.4312,98.5393,47.7568,1.000000,0,1
391,5,637.4857,543.0262,319.3137,85.3835,1.000000,0,1
391,6,413.7686,583.9015,168.2243,22.3680,1.000000,0,1
392,1,883.8990,590.9951,62.5573,31.7394,1.000000,1,0
392,2,1033.3820,586.4185,142.9396,18.1416,1.000000,0,1
392,3,-248.7923,557.9796,416.7142,62.5038,1.000000,0,1
392,4,539.3215,599.4731,98.5590,47.7403,1.000000,0,1
392,5,637.7255,543.0322,319.3275,85.3829,1.000000,0,1
392,6,414.3182,583.8628,168.2249,22.3662,1.000000,0,1
393,1,883.1365,590.8881,62.4984,31.7244,1.000000,1,0
393,2,1032.6260,586.3124,142.8561,18.1303,1.000000,0,1
393,3,-248.4142,557.8732,416.7172,62.5025,1.000000,0,1
393,4,538.0578,599.5076,98.5783,47.7229,1.000000,0,1
393,5,637.9659,543.0359,319.3394,85.3819,1.000000,0,1
393,6,414.8671,583.8242,168.2259,22.3645,1.000000,0,1
394,1,882.3762,590.7841,62.4401,31.7095,1.000000,1,0
394,2,1031.8720,586.2053,142.7732,18.1190,1.000000,0,1
394,3,-248.0346,557.7675,416.7197,62.5012,1.000000,0,1
394,4,536.7943,599.5352,98.5969,47.7045,1.000000,0,1
394,5,638.2070,543.0372,319.3491,85.3800,1.000000,0,1
394,6,415.4153,583.7858,168.2271,22.3630,1.000000,0,1
395,1,881.6135,590.6749,62.3816,31.6946,1.000000,1,0
395,2,1031.1170,586.0950,142.6897,18.1075,1.000000,0,1
395,3,-247.6521,557.6609,416.7209,62.4997,1.000000,0,1
395,4,535.5297,599.5555,98.6149,47.6852,1.000000,0,1
395,5,638.4486,543.0350,319.3566,85.3775,1.000000,0,1
395,6,415.9636,583.7474,168.2282,22.3613,1.000000,0,1
396,1,880.8514,590.5651,62.3232,31.6796,1.000000,1,0
396,2,1030.3630,585.9825,142.6067,18.0959,1.000000,0,1
396,3,-247.2670,557.5547,416.7211,62.4980,1.000000,0,1
396,4,534.2650,599.5688,98.6320,47.6647,1.000000,0,1
396,5,638.6909,543.0294,319.3624,85.3743,1.000000,0,1
396,6,416.5117,583.7090,168.2295,22.3597,1.000000,0,1
397,1,880.0922,590.4576,62.2656,31.6650,1.000000,1,0
397,2,1029.6100,585.8692,142.5238,18.0842,1.000000,0,1
397,3,-246.8805,557.4496,416.7207,62.4963,1.000000,0,1
397,4,533.0005,599.5735,98.6482,47.6432,1.000000,0,1
397,5,638.9340,543.0205,319.3663,85.3705,1.000000,0,1
397,6,417.0593,583.6711,168.2310,22.3582,1.000000,0,1
398,1,879.3332,590.3458,62.2082,31.6502,1.000000,0.9375,0.0625
398,2,1028.8570,585.7521,142.4408,18.0722,1.000000,0,1
398,3,-246.4906,557.3439,416.7189,62.4943,1.000000,0,1
398,4,531.7354,599.5691,98.6637,47.6203,1.000000,0,1
398,5,639.1778,543.0084,319.3683,85.3660,1.000000,0,1
398,6,417.6070,583.6331,168.2323,22.3566,1.000000,0,1
399,1,878.5761,590.2330,62.1511,31.6355,1.000000,0.9375,0.0625
399,2,1028.1040,585.6326,142.3580,18.0601,1.000000,0,1
399,3,-246.0983,557.2389,416.7161,62.4922,1.000000,0,1
399,4,530.4714,599.5562,98.6783,47.5963,1.000000,0,1
399,5,639.4225,542.9932,319.3683,85.3608,1.000000,0,1
399,6,418.1547,583.5952,168.2338,22.3551,1.000000,0,1
400,1,877.8230,590.1227,62.0947,31.6212,1.000000,1,0
400,2,1027.3520,585.5126,142.2755,18.0481,1.000000,0,1
400,3,-245.7043,557.1361,416.7125,62.4901,1.000000,0,1
400,4,529.2089,599.5350,98.6920,47.5712,1.000000,0,1
400,5,639.6681,542.9746,319.3666,85.3549,1.000000,0,1
400,6,418.7023,583.5576,168.2352,22.3536,1.000000,0,1
401,1,877.0703,590.0068,62.0385,31.6067,1.000000,1,0
401,2,1026.6000,585.3885,142.1931,18.0357,1.000000,0,1
401,3,-245.3078,557.0335,416.7079,62.4878,1.000000,0,1
401,4,527.9465,599.5051,98.7050,47.5449,1.000000,0,1
401,5,639.9145,542.9510,319.3629,85.3484,1.000000,0,1
401,6,419.2503,583.5200,168.2366,22.3520,1.000000,0,1
402,1,876.3203,589.8895,61.9829,31.5923,1.000000,1,0
402,2,1025.8490,585.2617,142.1106,18.0232,1.000000,0,1
402,3,-244.9094,556.9321,416.7025,62.4854,1.000000,0,1
402,4,526.6856,599.4665,98.7173,47.5175,1.000000,0,1
402,5,640.1550,542.9230,319.3646,85.3414,1.000000,0,1
402,6,419.7985,583.4823,168.2380,22.3505,1.000000,0,1
403,1,875.5746,589.7744,61.9282,31.5784,1.000000,1,0
403,2,1025.0980,585.1337,142.0283,18.0106,1.000000,0,1
403,3,-244.5093,556.8331,416.6963,62.4830,1.000000,0,1
403,4,525.4272,599.4182,98.7286,47.4889,1.000000,0,1
403,5,640.3928,542.8915,319.3683,85.3338,1.000000,0,1
403,6,420.3467,583.4452,168.2395,22.3491,1.000000,0,1
404,1,874.8295,589.6536,61.8737,31.5643,1.000000,1,0
404,2,1024.3460,585.0015,141.9459,17.9978,1.000000,0,1
404,3,-244.1071,556.7347,416.6893,62.4804,1.000000,0,1
404,4,524.1708,599.3572,98.7387,47.4586,1.000000,0,1
404,5,640.6314,542.8547,319.3703,85.3255,1.000000,0,1
404,6,420.8947,583.4084,168.2410,22.3477,1.000000,0,1
405,1,874.0874,589.5319,61.8197,31.5503,1.000000,1,0
405,2,1023.5950,584.8668,141.8634,17.9848,1.000000,0,1
405,3,-243.7035,556.6380,416.6818,62.4778,1.000000,0,1
405,4,522.9169,599.2856,98.7480,47.4269,1.000000,0,1
405,5,640.8703,542.8139,319.3713,85.3167,1.000000,0,1
405,6,421.4424,583.3726,168.2425,22.3463,1.000000,0,1
406,1,873.3500,589.4128,61.7669,31.5368,1.000000,1,0
406,2,1022.8460,584.7314,141.7817,17.9717,1.000000,0,1
406,3,-243.2983,556.5442,416.6736,62.4753,1.000000,0,1
406,4,521.6666,599.2040,98.7567,47.3941,1.000000,0,1
406,5,641.1091,542.7699,319.3707,85.3073,1.000000,0,1
406,6,421.9896,583.3374,168.2442,22.3451,1.000000,0,1
407,1,872.6135,589.2887,61.7142,31.5231,1.000000,1,0
407,2,1022.0960,584.5914,141.6996,17.9583,1.000000,0,1
407,3,-242.8910,556.4514,416.6642,62.4726,1.000000,0,1
407,4,520.4200,599.1073,98.7647,47.3599,1.000000,0,1
407,5,641.3475,542.7207,319.3689,85.2976,1.000000,0,1
407,6,422.5365,583.3017,168.2459,22.3439,1.000000,0,1
408,1,871.8795,589.1641,61.6620,31.5096,1.000000,1,0
408,2,1021.3480,584.4491,141.6179,17.9449,1.000000,0,1
408,3,-242.4833,556.3608,416.6549,62.4699,1.000000,0,1
408,4,519.1772,599.0009,98.7725,47.3246,1.000000,0,1
408,5,641.5854,542.6672,319.3662,85.2872,1.000000,0,1
408,6,423.0831,583.2659,168.2476,22.3425,1.000000,0,1
409,1,871.1494,589.0424,61.6107,31.4967,1.000000,1,0
409,2,1020.6010,584.3065,141.5371,17.9316,1.000000,0,1
409,3,-242.0757,556.2733,416.6453,62.4673,1.000000,0,1
409,4,517.9382,598.8879,98.7802,47.2890,1.000000,0,1
409,5,641.8225,542.6095,319.3625,85.2765,1.000000,0,1
409,6,423.6297,583.2303,168.2494,22.3413,1.000000,0,1
410,1,870.4196,588.9169,61.5598,31.4836,1.000000,1,0
410,2,1019.8550,584.1596,141.4561,17.9179,1.000000,0,1
410,3,-241.6660,556.1869,416.6349,62.4646,1.000000,0,1
410,4,516.7000,598.7584,98.7877,47.2518,1.000000,0,1
410,5,642.0582,542.5470,319.3579,85.2653,1.000000,0,1
410,6,424.1763,583.1945,168.2510,22.3400,1.000000,0,1
411,1,869.6917,588.7919,61.5092,31.4708,1.000000,1,0
411,2,1019.1090,584.0109,141.3754,17.9041,1.000000,0,1
411,3,-241.2553,556.1025,416.6242,62.4618,1.000000,0,1
411,4,515.4639,598.6188,98.7950,47.2136,1.000000,0,1
411,5,642.2928,542.4800,319.3527,85.2539,1.000000,0,1
411,6,424.7227,583.1588,168.2528,22.3387,1.000000,0,1
412,1,868.9672,588.6711,61.4594,31.4585,1.000000,1,0
412,2,1018.3650,583.8621,141.2947,17.8903,1.000000,0,1
412,3,-240.8445,556.0211,416.6131,62.4592,1.000000,0,1
412,4,514.2305,598.4744,98.8028,47.1753,1.000000,0,1
412,5,642.5262,542.4082,319.3475,85.2423,1.000000,0,1
412,6,425.2690,583.1234,168.2547,22.3375,1.000000,0,1
413,1,868.2429,588.5482,61.4099,31.4461,1.000000,1,0
413,2,1017.6200,583.7094,141.2140,17.8762,1.000000,0,1
413,3,-240.4346,555.9419,416.6021,62.4566,1.000000,0,1
413,4,512.9982,598.3160,98.8103,47.1358,1.000000,0,1
413,5,642.7582,542.3309,319.3420,85.2304,1.000000,0,1
413,6,425.8154,583.0884,168.2566,22.3362,1.000000,0,1
414,1,867.5205,588.4266,61.3607,31.4340,1.000000,1,0
414,2,1016.8770,583.5552,141.1340,17.8622,1.000000,0,1
414,3,-240.0255,555.8652,416.5909,62.4541,1.000000,0,1
414,4,511.7686,598.1506,98.8181,47.0958,1.000000,0,1
414,5,642.9885,542.2490,319.3368,85.2184,1.000000,0,1
414,6,426.3617,583.0540,168.2586,22.3351,1.000000,0,1
415,1,866.8013,588.3099,61.3120,31.4222,1.000000,1,0
415,2,1016.1350,583.4013,141.0543,17.8481,1.000000,0,1
415,3,-239.6181,555.7919,416.5801,62.4517,1.000000,0,1
415,4,510.5417,597.9828,98.8265,47.0560,1.000000,0,1
415,5,643.2174,542.1619,319.3320,85.2064,1.000000,0,1
415,6,426.9082,583.0207,168.2605,22.3341,1.000000,0,1
416,1,866.0816,588.1910,61.2634,31.4105,1.000000,1,0
416,2,1015.3940,583.2443,140.9746,17.8340,1.000000,0,1
416,3,-239.2121,555.7210,416.5693,62.4494,1.000000,0,1
416,4,509.3165,597.8022,98.8345,47.0151,1.000000,0,1
416,5,643.4457,542.0673,319.3274,85.1940,1.000000,0,1
416,6,427.4552,582.9882,168.2623,22.3332,1.000000,0,1
417,1,865.3630,588.0739,61.2152,31.3990,1.000000,1,0
417,2,1014.6530,583.0865,140.8949,17.8197,1.000000,0,1
417,3,-238.8069,555.6525,416.5582,62.4472,1.000000,0,1
417,4,508.0941,597.6162,98.8426,46.9737,1.000000,0,1
417,5,643.6732,541.9670,319.3233,85.1817,1.000000,0,1
417,6,428.0027,582.9569,168.2640,22.3323,1.000000,0,1
418,1,864.6464,587.9615,61.1675,31.3879,1.000000,1,0
418,2,1013.9130,582.9301,140.8159,17.8056,1.000000,0,1
418,3,-238.4024,555.5866,416.5472,62.4450,1.000000,0,1
418,4,506.8752,597.4304,98.8510,46.9326,1.000000,0,1
418,5,643.8997,541.8624,319.3196,85.1693,1.000000,0,1
418,6,428.5505,582.9272,168.2656,22.3317,1.000000,0,1
419,1,863.9282,587.8461,61.1196,31.3767,1.000000,1,0
419,2,1013.1740,582.7676,140.7367,17.7955,1.000000,0,1
419,3,-237.9981,555.5217,416.5362,62.4429,1.000000,0,1
419,4,505.6579,597.2327,98.8589,46.8904,1.000000,0,1
419,5,644.1260,541.7499,319.3164,85.1566,1.000000,0,1
419,6,429.0990,582.8989,168.2670,22.3311,1.000000,0,1
420,1,863.2104,587.7316,61.0720,31.3655,1.000000,1,0
420,2,1012.4350,582.6005,140.6575,17.7900,1.000000,0,1
420,3,-237.5940,555.4583,416.5251,62.4408,1.000000,0,1
420,4,504.4419,597.0309,98.8669,46.8478,1.000000,0,1
420,5,644.3518,541.6312,319.3140,85.1439,1.000000,0,1
420,6,429.6479,582.8721,168.2681,22.3306,1.000000,0,1
421,1,862.4942,587.6216,61.0250,31.3549,1.000000,1,0
421,2,1011.6970,582.4354,140.5784,17.7847,1.000000,0,1
421,3,-237.1899,555.3975,416.5138,62.4387,1.000000,0,1
421,4,503.2267,596.8314,98.8753,46.8058,1.000000,0,1
421,5,644.5765,541.5075,319.3133,85.1315,1.000000,0,1
421,6,430.1974,582.8467,168.2690,22.3303,1.000000,0,1
422,1,861.7762,587.5087,60.9778,31.3440,1.000000,1,0
422,2,1010.9600,582.2686,140.4995,17.7792,1.000000,0,1
422,3,-236.7855,555.3380,416.5024,62.4367,1.000000,0,1
422,4,502.0107,596.6211,98.8834,46.7626,1.000000,0,1
422,5,644.8002,541.3769,319.3130,85.1188,1.000000,0,1
422,6,430.7480,582.8201,168.2693,22.3321,1.000000,0,1
423,1,861.0588,587.3967,60.9310,31.3334,1.000000,1,0
423,2,1010.2230,582.1016,140.4205,17.7738,1.000000,0,1
423,3,-236.3811,555.2804,416.4911,62.4348,1.000000,0,1
423,4,500.7965,596.4071,98.8911,46.7191,1.000000,0,1
423,5,645.0228,541.2413,319.3140,85.1065,1.000000,0,1
423,6,431.2997,582.7939,168.2693,22.3338,1.000000,0,1
424,1,860.3437,587.2888,60.8847,31.3233,1.000000,1,0
424,2,1009.4880,581.9365,140.3419,17.7685,1.000000,0,1
424,3,-235.9768,555.2255,416.4797,62.4328,1.000000,0,1
424,4,499.5850,596.1948,98.8990,46.6758,1.000000,0,1
424,5,645.2441,541.1022,319.3168,85.0943,1.000000,0,1
424,6,431.8524,582.7680,168.2691,22.3357,1.000000,0,1
425,1,859.6278,587.1777,60.8384,31.3130,1.000000,1,0
425,2,1008.7520,581.7690,140.2632,17.7630,1.000000,0,1
425,3,-235.5714,555.1726,416.4680,62.4310,1.000000,0,1
425,4,498.3742,595.9739,98.9067,46.6317,1.000000,0,1
425,5,645.4645,540.9553,319.3198,85.0820,1.000000,0,1
425,6,432.4066,582.7415,168.2681,22.3374,1.000000,0,1
426,1,858.9128,587.0674,60.7925,31.3029,1.000000,1,0
426,2,1008.0170,581.6011,140.1842,17.7576,1.000000,0,1
426,3,-235.1656,555.1219,416.4559,62.4292,1.000000,0,1
426,4,497.1653,595.7512,98.9143,46.5876,1.000000,0,1
426,5,645.6837,540.8033,319.3241,85.0698,1.000000,0,1
426,6,432.9615,582.7142,168.2670,22.3390,1.000000,0,1
427,1,858.2000,586.9615,60.7471,31.2932,1.000000,1,0
427,2,1007.2830,581.4349,140.1057,17.7522,1.000000,0,1
427,3,-234.7591,555.0743,416.4438,62.4274,1.000000,0,1
427,4,495.9597,595.5319,98.9222,46.5440,1.000000,0,1
427,5,645.9021,540.6482,319.3297,85.0579,1.000000,0,1
427,6,433.5174,582.6859,168.2654,22.3406,1.000000,0,1
428,1,857.4861,586.8526,60.7018,31.2834,1.000000,1,0
428,2,1006.5470,581.2664,140.0270,17.7468,1.000000,0,1
428,3,-234.3524,555.0295,416.4316,62.4257,1.000000,0,1
428,4,494.7542,595.3028,98.9298,46.4995,1.000000,0,1
428,5,646.1194,540.4860,319.3362,85.0459,1.000000,0,1
428,6,434.0739,582.6555,168.2636,22.3422,1.000000,0,1
429,1,856.7732,586.7450,60.6569,31.2738,1.000000,1,0
429,2,1005.8120,581.0978,139.9485,17.7414,1.000000,0,1
429,3,-233.9458,554.9874,416.4194,62.4242,1.000000,0,1
429,4,493.5501,595.0712,98.9379,46.4550,1.000000,0,1
429,5,646.3358,540.3196,319.3441,85.0342,1.000000,0,1
429,6,434.6309,582.6230,168.2616,22.3436,1.000000,0,1
430,1,856.0623,586.6417,60.6123,31.2647,1.000000,1,0
430,2,1005.0770,580.9313,139.8699,17.7360,1.000000,0,1
430,3,-233.5381,554.9485,416.4069,62.4226,1.000000,0,1
430,4,492.3485,594.8435,98.9463,46.4112,1.000000,0,1
430,5,646.5511,540.1505,319.3530,85.0226,1.000000,0,1
430,6,435.1884,582.5884,168.2593,22.3450,1.000000,0,1
431,1,855.3497,586.5360,60.5680,31.2555,1.000000,1,0
431,2,1004.3420,580.7635,139.7911,17.7306,1.000000,0,1
431,3,-233.1310,554.9126,416.3946,62.4212,1.000000,0,1
431,4,491.1465,594.6071,98.9549,46.3667,1.000000,0,1
431,5,646.7659,539.9748,319.3629,85.0110,1.000000,0,1
431,6,435.7460,582.5508,168.2568,22.3464,1.000000,0,1
432,1,854.6377,586.4322,60.5237,31.2465,1.000000,1,0
432,2,1003.6080,580.5966,139.7126,17.7251,1.000000,0,1
432,3,-232.7236,554.8795,416.3824,62.4199,1.000000,0,1
432,4,489.9453,594.3694,98.9639,46.3223,1.000000,0,1
432,5,646.9800,539.7953,319.3738,84.9995,1.000000,0,1
432,6,436.3037,582.5104,168.2541,22.3477,1.000000,0,1
433,1,853.9270,586.3332,60.4800,31.2380,1.000000,1,0
433,2,1002.8750,580.4324,139.6349,17.7199,1.000000,0,1
433,3,-232.3158,554.8499,416.3699,62.4187,1.000000,0,1
433,4,488.7448,594.1376,98.9737,46.2790,1.000000,0,1
433,5,647.1935,539.6144,319.3862,84.9884,1.000000,0,1
433,6,436.8610,582.4673,168.2513,22.3490,1.000000,0,1
434,1,853.2147,586.2332,60.4361,31.2294,1.000000,1,0
434,2,1002.1420,580.2678,139.5573,17.7146,1.000000,0,1
434,3,-231.9089,554.8236,416.3580,62.4176,1.000000,0,1
434,4,487.5420,593.8990,98.9837,46.2352,1.000000,0,1
434,5,647.4063,539.4285,319.3991,84.9773,1.000000,0,1
434,6,437.4174,582.4207,168.2487,22.3502,1.000000,0,1
435,1,852.5024,586.1356,60.3925,31.2210,1.000000,1,0
435,2,1001.4110,580.1044,139.4800,17.7093,1.000000,0,1
435,3,-231.5021,554.8003,416.3460,62.4167,1.000000,0,1
435,4,486.3387,593.6613,98.9944,46.1917,1.000000,0,1
435,5,647.6185,539.2396,319.4128,84.9661,1.000000,0,1
435,6,437.9728,582.3710,168.2460,22.3514,1.000000,0,1
436,1,851.7911,586.0436,60.3491,31.2130,1.000000,1,0
436,2,1000.6810,579.9441,139.4034,17.7043,1.000000,0,1
436,3,-231.0960,554.7802,416.3346,62.4159,1.000000,0,1
436,4,485.1366,593.4307,99.0057,46.1493,1.000000,0,1
436,5,647.8301,539.0492,319.4280,84.9555,1.000000,0,1
436,6,438.5273,582.3187,168.2436,22.3526,1.000000,0,1
437,1,851.0780,585.9514,60.3057,31.2051,1.000000,1,0
437,2,999.9509,579.7837,139.3271,17.6991,1.000000,0,1
437,3,-230.6908,554.7635,416.3234,62.4153,1.000000,0,1
437,4,483.9333,593.1948,99.0171,46.1066,1.000000,0,1
437,5,648.0413,538.8548,319.4446,84.9449,1.000000,0,1
437,6,439.0805,582.2625,168.2413,22.3538,1.000000,0,1
438,1,850.3650,585.8619,60.2625,31.1973,1.000000,1,0
438,2,999.2217,579.6248,139.2512,17.6941,1.000000,0,1
438,3,-230.2860,554.7498,416.3123,62.4148,1.000000,0,1
438,4,482.7306,592.9611,99.0288,46.0643,1.000000,0,1
438,5,648.2520,538.6586,319.4622,84.9346,1.000000,0,1
438,6,439.6325,582.2034,168.2394,22.3549,1.000000,0,1
439,1,849.6528,585.7777,60.2195,31.1899,1.000000,1,0
439,2,998.4935,579.4695,139.1760,17.6891,1.000000,0,1
439,3,-229.8832,554.7386,416.3021,62.4145,1.000000,0,1
439,4,481.5287,592.7366,99.0415,46.0233,1.000000,0,1
439,5,648.4626,538.4622,319.4811,84.9246,1.000000,0,1
439,6,440.1835,582.1427,168.2380,22.3562,1.000000,0,1
440,1,848.9387,585.6932,60.1762,31.1825,1.000000,1,0
440,2,997.7652,579.3147,139.1011,17.6843,1.000000,0,1
440,3,-229.4824,554.7305,416.2928,62.4145,1.000000,0,1
440,4,480.3260,592.5087,99.0543,45.9820,1.000000,0,1
440,5,648.6727,538.2621,319.5020,84.9150,1.000000,0,1
440,6,440.7332,582.0793,168.2369,22.3574,1.000000,0,1
441,1,848.2239,585.6112,60.1329,31.1751,1.000000,1,0
441,2,997.0366,579.1618,139.0266,17.6794,1.000000,0,1
441,3,-229.0831,554.7245,416.2839,62.4146,1.000000,0,1
441,4,479.1237,592.2842,99.0674,45.9413,1.000000,0,1
441,5,648.8825,538.0610,319.5239,84.9057,1.000000,0,1
441,6,441.2818,582.0145,168.2363,22.3587,1.000000,0,1
442,1,847.5101,585.5337,60.0897,31.1681,1.000000,1,0
442,2,996.3083,579.0126,138.9531,17.6747,1.000000,0,1
442,3,-228.6854,554.7206,416.2759,62.4149,1.000000,0,1
442,4,477.9223,592.0693,99.0811,45.9017,1.000000,0,1
442,5,649.0920,537.8611,319.5470,84.8967,1.000000,0,1
442,6,441.8295,581.9496,168.2361,22.3600,1.000000,0,1
443,1,846.7933,585.4556,60.0464,31.1610,1.000000,1,0
443,2,995.5792,578.8643,138.8798,17.6701,1.000000,0,1
443,3,-228.2907,554.7192,416.2689,62.4155,1.000000,0,1
443,4,476.7191,591.8518,99.0951,45.8622,1.000000,0,1
443,5,649.3014,537.6591,319.5718,84.8881,1.000000,0,1
443,6,442.3761,581.8834,168.2364,22.3614,1.000000,0,1
444,1,846.0760,585.3792,60.0028,31.1538,1.000000,1,0
444,2,994.8505,578.7180,138.8067,17.6655,1.000000,0,1
444,3,-227.8979,554.7195,416.2626,62.4162,1.000000,0,1
444,4,475.5154,591.6382,99.1096,45.8232,1.000000,0,1
444,5,649.5105,537.4565,319.5983,84.8799,1.000000,0,1
444,6,442.9219,581.8169,168.2369,22.3629,1.000000,0,1
445,1,845.3590,585.3065,59.9595,31.1470,1.000000,1,0
445,2,994.1228,578.5757,138.7346,17.6611,1.000000,0,1
445,3,-227.5067,554.7209,416.2569,62.4170,1.000000,0,1
445,4,474.3120,591.4340,99.1246,45.7854,1.000000,0,1
445,5,649.7190,537.2546,319.6274,84.8725,1.000000,0,1
445,6,443.4666,581.7510,168.2382,22.3644,1.000000,0,1
446,1,844.6393,585.2322,59.9157,31.1399,1.000000,1,0
446,2,993.3953,578.4347,138.6629,17.6567,1.000000,0,1
446,3,-227.1183,554.7244,416.2520,62.4180,1.000000,0,1
446,4,473.1062,591.2292,99.1396,45.7474,1.000000,0,1
446,5,649.9273,537.0511,319.6586,84.8655,1.000000,0,1
446,6,444.0107,581.6846,168.2398,22.3659,1.000000,0,1
447,1,843.9189,585.1590,59.8717,31.1329,1.000000,1,0
447,2,992.6683,578.2960,138.5917,17.6524,1.000000,0,1
447,3,-226.7315,554.7291,416.2475,62.4191,1.000000,0,1
447,4,471.8997,591.0294,99.1549,45.7101,1.000000,0,1
447,5,650.1354,536.8477,319.6914,84.8590,1.000000,0,1
447,6,444.5542,581.6181,168.2416,22.3675,1.000000,0,1
448,1,843.1989,585.0891,59.8278,31.1259,1.000000,1,0
448,2,991.9423,578.1609,138.5215,17.6482,1.000000,0,1
448,3,-226.3467,554.7344,416.2437,62.4204,1.000000,0,1
448,4,470.6938,590.8395,99.1706,45.6740,1.000000,0,1
448,5,650.3433,536.6462,319.7258,84.8529,1.000000,0,1
448,6,445.0973,581.5524,168.2440,22.3692,1.000000,0,1
449,1,842.4763,585.0173,59.7835,31.1188,1.000000,1,0
449,2,991.2163,578.0267,138.4514,17.6441,1.000000,0,1
449,3,-225.9641,554.7404,416.2406,62.4218,1.000000,0,1
449,4,469.4876,590.6503,99.1862,45.6379,1.000000,0,1
449,5,650.5509,536.4439,319.7626,84.8476,1.000000,0,1
449,6,445.6400,581.4860,168.2465,22.3709,1.000000,0,1
450,1,841.7533,584.9464,59.7390,31.1116,1.000000,1,0
450,2,990.4905,577.8944,138.3822,17.6401,1.000000,0,1
450,3,-225.5836,554.7465,416.2383,62.4233,1.000000,0,1
450,4,468.2819,590.4661,99.2021,45.6024,1.000000,0,1
450,5,650.7582,536.2422,319.8022,84.8429,1.000000,0,1
450,6,446.1823,581.4197,168.2495,22.3726,1.000000,0,1
451,1,841.0310,584.8781,59.6945,31.1045,1.000000,1,0
451,2,989.7651,577.7653,138.3134,17.6362,1.000000,0,1
451,3,-225.2039,554.7524,416.2363,62.4248,1.000000,0,1
451,4,467.0771,590.2902,99.2188,45.5680,1.000000,0,1
451,5,650.9653,536.0429,319.8441,84.8391,1.000000,0,1
451,6,446.7242,581.3540,168.2527,22.3744,1.000000,0,1
452,1,840.3074,584.8071,59.6496,31.0972,1.000000,1,0
452,2,989.0399,577.6373,138.2451,17.6323,1.000000,0,1
452,3,-224.8254,554.7581,416.2347,62.4264,1.000000,0,1
452,4,465.8718,590.1146,99.2352,45.5336,1.000000,0,1
452,5,651.1724,535.8436,319.8875,84.8355,1.000000,0,1
452,6,447.2663,581.2869,168.2562,22.3762,1.000000,0,1
453,1,839.5844,584.7362,59.6044,31.0896,1.000000,1,0
453,2,988.3151,577.5116,138.1776,17.6286,1.000000,0,1
453,3,-224.4482,554.7635,416.2335,62.4281,1.000000,0,1
453,4,464.6675,589.9433,99.2519,45.4998,1.000000,0,1
453,5,651.3793,535.6458,319.9329,84.8326,1.000000,0,1
453,6,447.8085,581.2192,168.2598,22.3781,1.000000,0,1
454,1,838.8629,584.6672,59.5592,31.0821,1.000000,1,0
454,2,987.5909,577.3887,138.1107,17.6249,1.000000,0,1
454,3,-224.0730,554.7687,416.2333,62.4298,1.000000,0,1
454,4,463.4643,589.7799,99.2690,45.4670,1.000000,0,1
454,5,651.5859,535.4512,319.9805,84.8304,1.000000,0,1
454,6,448.3505,581.1512,168.2639,22.3800,1.000000,0,1
455,1,838.1400,584.5947,59.5136,31.0742,1.000000,1,0
455,2,986.8672,577.2673,138.0442,17.6214,1.000000,0,1
455,3,-223.6972,554.7734,416.2324,62.4315,1.000000,0,1
455,4,462.2605,589.6162,99.2863,45.4343,1.000000,0,1
455,5,651.7928,535.2577,320.0298,84.8288,1.000000,0,1
455,6,448.8924,581.0814,168.2681,22.3819,1.000000,0,1
456,1,837.4171,584.5211,59.4677,31.0662,1.000000,1,0
456,2,986.1443,577.1484,137.9780,17.6179,1.000000,0,1
456,3,-223.3215,554.7776,416.2315,62.4332,1.000000,0,1
456,4,461.0574,589.4563,99.3038,45.4021,1.000000,0,1
456,5,651.9996,535.0665,320.0811,84.8277,1.000000,0,1
456,6,449.4339,581.0104,168.2726,22.3838,1.000000,0,1
457,1,836.6952,584.4486,59.4216,31.0580,1.000000,1,0
457,2,985.4224,577.0326,137.9131,17.6144,1.000000,0,1
457,3,-222.9472,554.7813,416.2314,62.4350,1.000000,0,1
457,4,459.8551,589.3035,99.3221,45.3708,1.000000,0,1
457,5,652.2064,534.8790,320.1349,84.8275,1.000000,0,1
457,6,449.9749,580.9386,168.2773,22.3857,1.000000,0,1
458,1,835.9716,584.3719,59.3753,31.0495,1.000000,1,0
458,2,984.7018,576.9184,137.8484,17.6112,1.000000,0,1
458,3,-222.5739,554.7841,416.2314,62.4367,1.000000,0,1
458,4,458.6526,589.1501,99.3406,45.3396,1.000000,0,1
458,5,652.4136,534.6931,320.1901,84.8277,1.000000,0,1
458,6,450.5154,580.8646,168.2824,22.3877,1.000000,0,1
459,1,835.2482,584.2941,59.3287,31.0408,1.000000,1,0
459,2,983.9825,576.8066,137.7848,17.6080,1.000000,0,1
459,3,-222.2018,554.7864,416.2319,62.4386,1.000000,0,1
459,4,457.4511,589.0000,99.3591,45.3088,1.000000,0,1
459,5,652.6213,534.5103,320.2468,84.8285,1.000000,0,1
459,6,451.0554,580.7893,168.2878,22.3897,1.000000,0,1
460,1,834.5262,584.2175,59.2820,31.0322,1.000000,1,0
460,2,983.2648,576.6972,137.7217,17.6049,1.000000,0,1
460,3,-221.8301,554.7881,416.2327,62.4404,1.000000,0,1
460,4,456.2503,588.8568,99.3783,45.2790,1.000000,0,1
460,5,652.8291,534.3322,320.3062,84.8301,1.000000,0,1
460,6,451.5946,580.7142,168.2936,22.3918,1.000000,0,1
461,1,833.8030,584.1374,59.2351,31.0232,1.000000,1,0
461,2,982.5482,576.5885,137.6595,17.6019,1.000000,0,1
461,3,-221.4593,554.7889,416.2337,62.4423,1.000000,0,1
461,4,455.0489,588.7133,99.3980,45.2495,1.000000,0,1
461,5,653.0377,534.1571,320.3663,84.8320,1.000000,0,1
461,6,452.1329,580.6371,168.2998,22.3938,1.000000,0,1
462,1,833.0803,584.0563,59.1880,31.0141,1.000000,1,0
462,2,981.8329,576.4823,137.5980,17.5990,1.000000,0,1
462,3,-221.0891,554.7888,416.2350,62.4442,1.000000,0,1
462,4,453.8477,588.5729,99.4182,45.2204,1.000000,0,1
462,5,653.2468,533.9863,320.4275,84.8344,1.000000,0,1
462,6,452.6704,580.5591,168.3062,22.3959,1.000000,0,1
463,1,832.3590,583.9761,59.1411,31.0050,1.000000,1,0
463,2,981.1193,576.3802,137.5375,17.5962,1.000000,0,1
463,3,-220.7197,554.7875,416.2366,62.4461,1.000000,0,1
463,4,452.6476,588.4389,99.4388,45.1923,1.000000,0,1
463,5,653.4568,533.8210,320.4896,84.8372,1.000000,0,1
463,6,453.2068,580.4812,168.3135,22.3982,1.000000,0,1
464,1,831.6368,583.8923,59.0937,30.9956,1.000000,1,0
464,2,980.4070,576.2798,137.4778,17.5936,1.000000,0,1
464,3,-220.3513,554.7850,416.2386,62.4480,1.000000,0,1
464,4,451.4477,588.3044,99.4597,45.1642,1.000000,0,1
464,5,653.6682,533.6594,320.5523,84.8403,1.000000,0,1
464,6,453.7426,580.4016,168.3212,22.4004,1.000000,0,1
465,1,830.9150,583.8077,59.0464,30.9861,1.000000,1,0
465,2,979.6959,576.1820,137.4191,17.5911,1.000000,0,1
465,3,-219.9837,554.7814,416.2411,62.4499,1.000000,0,1
465,4,450.2482,588.1726,99.4808,45.1365,1.000000,0,1
465,5,653.8804,533.5024,320.6155,84.8437,1.000000,0,1
465,6,454.2781,580.3214,168.3292,22.4027,1.000000,0,1
466,1,830.1950,583.7246,58.9988,30.9766,1.000000,1,0
466,2,978.9868,576.0884,137.3611,17.5888,1.000000,0,1
466,3,-219.6166,554.7763,416.2437,62.4518,1.000000,0,1
466,4,449.0494,588.0460,99.5026,45.1097,1.000000,0,1
466,5,654.0935,533.3513,320.6788,84.8474,1.000000,0,1
466,6,454.8131,580.2418,168.3377,22.4051,1.000000,0,1
467,1,829.4738,583.6376,58.9514,30.9668,1.000000,1,0
467,2,978.2791,575.9977,137.3043,17.5865,1.000000,0,1
467,3,-219.2519,554.7693,416.2475,62.4539,1.000000,0,1
467,4,447.8501,587.9186,99.5247,45.0829,1.000000,0,1
467,5,654.3074,533.2047,320.7419,84.8512,1.000000,0,1
467,6,455.3479,580.1615,168.3468,22.4075,1.000000,0,1
468,1,828.7531,583.5499,58.9036,30.9569,1.000000,1,0
468,2,977.5731,575.9106,137.2482,17.5844,1.000000,0,1
468,3,-218.8879,554.7604,416.2517,62.4559,1.000000,0,1
468,4,446.6511,587.7931,99.5471,45.0564,1.000000,0,1
468,5,654.5217,533.0629,320.8043,84.8550,1.000000,0,1
468,6,455.8822,580.0820,168.3566,22.4100,1.000000,0,1
469,1,828.0338,583.4639,58.8558,30.9470,1.000000,1,0
469,2,976.8694,575.8289,137.1934,17.5825,1.000000,0,1
469,3,-218.5244,554.7498,416.2560,62.4579,1.000000,0,1
469,4,445.4529,587.6716,99.5697,45.0305,1.000000,0,1
469,5,654.7363,532.9272,320.8661,84.8590,1.000000,0,1
469,6,456.4157,580.0046,168.3669,22.4127,1.000000,0,1
470,1,827.3125,583.3739,58.8077,30.9369,1.000000,1,0
470,2,976.1679,575.7514,137.1396,17.5807,1.000000,0,1
470,3,-218.1631,554.7368,416.2614,62.4600,1.000000,0,1
470,4,444.2550,587.5481,99.5922,45.0044,1.000000,0,1
470,5,654.9511,532.7961,320.9263,84.8626,1.000000,0,1
470,6,456.9485,579.9272,168.3777,22.4154,1.000000,0,1
471,1,826.5908,583.2825,58.7595,30.9265,1.000000,1,0
471,2,975.4684,575.6783,137.0867,17.5791,1.000000,0,1
471,3,-217.8041,554.7214,416.2678,62.4623,1.000000,0,1
471,4,443.0573,587.4253,99.6149,44.9784,1.000000,0,1
471,5,655.1660,532.6699,320.9859,84.8664,1.000000,0,1
471,6,457.4805,579.8510,168.3892,22.4182,1.000000,0,1
472,1,825.8698,583.1917,58.7112,30.9161,1.000000,1,0
472,2,974.7714,575.6105,137.0350,17.5776,1.000000,0,1
472,3,-217.4471,554.7035,416.2752,62.4645,1.000000,0,1
472,4,441.8594,587.3052,99.6380,44.9529,1.000000,0,1
472,5,655.3809,532.5486,321.0446,84.8701,1.000000,0,1
472,6,458.0117,579.7770,168.4011,22.4211,1.000000,0,1
473,1,825.1467,583.0969,58.6624,30.9054,1.000000,1,0
473,2,974.0762,575.5475,136.9843,17.5764,1.000000,0,1
473,3,-217.0916,554.6824,416.2831,62.4668,1.000000,0,1
473,4,440.6611,587.1812,99.6611,44.9271,1.000000,0,1
473,5,655.5958,532.4302,321.1017,84.8735,1.000000,0,1
473,6,458.5424,579.7026,168.4134,22.4241,1.000000,0,1
474,1,824.4233,583.0006,58.6137,30.8945,1.000000,1,0
474,2,973.3826,575.4894,136.9346,17.5752,1.000000,0,1
474,3,-216.7377,554.6586,416.2920,62.4691,1.000000,0,1
474,4,439.4635,587.0562,99.6842,44.9013,1.000000,0,1
474,5,655.8105,532.3149,321.1572,84.8766,1.000000,0,1
474,6,459.0724,579.6288,168.4263,22.4271,1.000000,0,1
475,1,823.7010,582.9044,58.5646,30.8835,1.000000,1,0
475,2,972.6904,575.4370,136.8860,17.5743,1.000000,0,1
475,3,-216.3857,554.6321,416.3016,62.4714,1.000000,0,1
475,4,438.2666,586.9326,99.7078,44.8759,1.000000,0,1
475,5,656.0249,532.2040,321.2113,84.8796,1.000000,0,1
475,6,459.6016,579.5565,168.4397,22.4303,1.000000,0,1
476,1,822.9764,582.8015,58.5153,30.8737,1.000000,1,0
476,2,971.9994,575.3915,136.8380,17.5735,1.000000,0,1
476,3,-216.0361,554.6021,416.3123,62.4739,1.000000,0,1
476,4,437.0703,586.8040,99.7314,44.8500,1.000000,0,1
476,5,656.2393,532.0951,321.2636,84.8822,1.000000,0,1
476,6,460.1304,579.4843,168.4535,22.4334,1.000000,0,1
477,1,822.2516,582.6946,58.4661,30.8659,1.000000,1,0
477,2,971.3093,575.3521,136.7910,17.5728,1.000000,0,1
477,3,-215.6894,554.5693,416.3243,62.4763,1.000000,0,1
477,4,435.8748,586.6730,99.7553,44.8241,1.000000,0,1
477,5,656.4536,531.9884,321.3146,84.8845,1.000000,0,1
477,6,460.6588,579.4129,168.4675,22.4366,1.000000,0,1
478,1,821.5284,582.5884,58.4167,30.8580,1.000000,1,0
478,2,970.6201,575.3178,136.7445,17.5722,1.000000,0,1
478,3,-215.3449,554.5338,416.3374,62.4789,1.000000,0,1
478,4,434.6805,586.5421,99.7794,44.7983,1.000000,0,1
478,5,656.6677,531.8848,321.3648,84.8867,1.000000,0,1
478,6,461.1862,579.3439,168.4822,22.4400,1.000000,0,1
479,1,820.8037,582.4771,58.3671,30.8500,1.000000,1,0
479,2,969.9315,575.2904,136.6987,17.5719,1.000000,0,1
479,3,-215.0027,554.4946,416.3514,62.4816,1.000000,0,1
479,4,433.4869,586.4050,99.8036,44.7722,1.000000,0,1
479,5,656.8815,531.7816,321.4131,84.8885,1.000000,0,1
479,6,461.7134,579.2753,168.4971,22.4434,1.000000,0,1
480,1,820.0796,582.3640,58.3176,30.8420,1.000000,1,0
480,2,969.2435,575.2691,136.6536,17.5716,1.000000,0,1
480,3,-214.6626,554.4523,416.3664,62.4843,1.000000,0,1
480,4,432.2936,586.2653,99.8283,44.7460,1.000000,0,1
480,5,657.0952,531.6796,321.4600,84.8900,1.000000,0,1
480,6,462.2400,579.2083,168.5124,22.4468,1.000000,0,1
481,1,819.3573,582.2521,58.2682,30.8340,1.000000,1,0
481,2,968.5554,575.2528,136.6088,17.5714,1.000000,0,1
481,3,-214.3247,554.4075,416.3825,62.4870,1.000000,0,1
481,4,431.1002,586.1260,99.8537,44.7202,1.000000,0,1
481,5,657.3090,531.5790,321.5058,84.8912,1.000000,0,1
481,6,462.7661,579.1441,168.5281,22.4503,1.000000,0,1
482,1,818.6342,582.1352,58.2188,30.8259,1.000000,1,0
482,2,967.8674,575.2429,136.5642,17.5713,1.000000,0,1
482,3,-213.9892,554.3589,416.3996,62.4899,1.000000,0,1
482,4,429.9069,585.9799,99.8793,44.6940,1.000000,0,1
482,5,657.5229,531.4786,321.5503,84.8921,1.000000,0,1
482,6,463.2914,579.0811,168.5441,22.4539,1.000000,0,1
483,1,817.9123,582.0169,58.1693,30.8177,1.000000,1,0
483,2,967.1791,575.2386,136.5199,17.5713,1.000000,0,1
483,3,-213.6555,554.3077,416.4178,62.4928,1.000000,0,1
483,4,428.7141,585.8312,99.9051,44.6677,1.000000,0,1
483,5,657.7368,531.3790,321.5938,84.8928,1.000000,0,1
483,6,463.8159,579.0207,168.5606,22.4576,1.000000,0,1
484,1,817.1931,581.9005,58.1201,30.8097,1.000000,1,0
484,2,966.4910,575.2398,136.4755,17.5713,1.000000,0,1
484,3,-213.3241,554.2550,416.4368,62.4958,1.000000,0,1
484,4,427.5213,585.6838,99.9316,44.6418,1.000000,0,1
484,5,657.9510,531.2810,321.6367,84.8935,1.000000,0,1
484,6,464.3393,578.9644,168.5775,22.4614,1.000000,0,1
485,1,816.4729,581.7800,58.0710,30.8016,1.000000,1,0
485,2,965.8027,575.2465,136.4314,17.5714,1.000000,0,1
485,3,-212.9947,554.1990,416.4573,62.4989,1.000000,0,1
485,4,426.3267,585.5300,99.9587,44.6156,1.000000,0,1
485,5,658.1652,531.1827,321.6786,84.8937,1.000000,0,1
485,6,464.8622,578.9096,168.5946,22.4652,1.000000,0,1
486,1,815.7538,581.6586,58.0222,30.7936,1.000000,1,0
486,2,965.1145,575.2578,136.3870,17.5715,1.000000,0,1
486,3,-212.6665,554.1407,416.4786,62.5021,1.000000,0,1
486,4,425.1314,585.3743,99.9860,44.5894,1.000000,0,1
486,5,658.3793,531.0848,321.7199,84.8938,1.000000,0,1
486,6,465.3844,578.8577,168.6120,22.4691,1.000000,0,1
487,1,815.0374,581.5397,57.9738,30.7858,1.000000,1,0
487,2,964.4260,575.2731,136.3426,17.5717,1.000000,0,1
487,3,-212.3395,554.0808,416.5009,62.5054,1.000000,0,1
487,4,423.9355,585.2211,100.0142,44.5638,1.000000,0,1
487,5,658.5938,530.9882,321.7604,84.8938,1.000000,0,1
487,6,465.9060,578.8095,168.6295,22.4731,1.000000,0,1
488,1,814.3204,581.4183,57.9254,30.7781,1.000000,1,0
488,2,963.7377,575.2932,136.2979,17.5719,1.000000,0,1
488,3,-212.0132,554.0187,416.5242,62.5088,1.000000,0,1
488,4,422.7383,585.0629,100.0429,44.5380,1.000000,0,1
488,5,658.8087,530.8914,321.8004,84.8937,1.000000,0,1
488,6,466.4272,578.7635,168.6474,22.4771,1.000000,0,1
489,1,813.6050,581.2979,57.8775,30.7705,1.000000,1,0
489,2,963.0486,575.3162,136.2531,17.5721,1.000000,0,1
489,3,-211.6875,553.9553,416.5485,62.5123,1.000000,0,1
489,4,421.5408,584.9042,100.0720,44.5123,1.000000,0,1
489,5,659.0239,530.7953,321.8397,84.8934,1.000000,0,1
489,6,466.9481,578.7202,168.6653,22.4812,1.000000,0,1
490,1,812.8925,581.1815,57.8302,30.7632,1.000000,1,0
490,2,962.3584,575.3423,136.2078,17.5722,1.000000,0,1
490,3,-211.3622,553.8913,416.5735,62.5159,1.000000,0,1
490,4,420.3432,584.7485,100.1016,44.4873,1.000000,0,1
490,5,659.2395,530.7010,321.8787,84.8930,1.000000,0,1
490,6,467.4685,578.6801,168.6835,22.4853,1.000000,0,1
491,1,812.1796,581.0632,57.7831,30.7560,1.000000,1,0
491,2,961.6675,575.3727,136.1621,17.5723,1.000000,0,1
491,3,-211.0376,553.8264,416.5994,62.5196,1.000000,0,1
491,4,419.1442,584.5881,100.1315,44.4619,1.000000,0,1
491,5,659.4557,530.6074,321.9177,84.8927,1.000000,0,1
491,6,467.9890,578.6415,168.7018,22.4895,1.000000,0,1
492,1,811.4679,580.9466,57.7365,30.7490,1.000000,1,0
492,2,960.9758,575.4059,136.1160,17.5725,1.000000,0,1
492,3,-210.7133,553.7612,416.6259,62.5234,1.000000,0,1
492,4,417.9442,584.4275,100.1620,44.4368,1.000000,0,1
492,5,659.6721,530.5157,321.9562,84.8922,1.000000,0,1
492,6,468.5096,578.6050,168.7202,22.4938,1.000000,0,1
493,1,810.7584,580.8336,57.6901,30.7422,1.000000,1,0
493,2,960.2830,575.4404,136.0696,17.5726,1.000000,0,1
493,3,-210.3893,553.6958,416.6530,62.5273,1.000000,0,1
493,4,416.7433,584.2708,100.1933,44.4124,1.000000,0,1
493,5,659.8884,530.4275,321.9941,84.8919,1.000000,0,1
493,6,469.0299,578.5720,168.7387,22.4980,1.000000,0,1
494,1,810.0489,580.7197,57.6441,30.7355,1.000000,1,0
494,2,959.5894,575.4784,136.0225,17.5727,1.000000,0,1
494,3,-210.0660,553.6302,416.6805,62.5314,1.000000,0,1
494,4,415.5402,584.1105,100.2249,44.3878,1.000000,0,1
494,5,660.1049,530.3401,322.0314,84.8914,1.000000,0,1
494,6,469.5502,578.5405,168.7572,22.5023,1.000000,0,1
495,1,809.3409,580.6080,57.5986,30.7291,1.000000,1,0
495,2,958.8950,575.5188,135.9752,17.5727,1.000000,0,1
495,3,-209.7433,553.5650,416.7086,62.5354,1.000000,0,1
495,4,414.3358,583.9510,100.2570,44.3634,1.000000,0,1
495,5,660.3214,530.2545,322.0685,84.8909,1.000000,0,1
495,6,470.0706,578.5107,168.7759,22.5067,1.000000,0,1
496,1,808.6355,580.5009,57.5535,30.7229,1.000000,1,0
496,2,958.1998,575.5606,135.9273,17.5727,1.000000,0,1
496,3,-209.4212,553.5004,416.7371,62.5396,1.000000,0,1
496,4,413.1298,583.7966,100.2897,44.3399,1.000000,0,1
496,5,660.5376,530.1723,322.1052,84.8904,1.000000,0,1
496,6,470.5908,578.4829,168.7946,22.5110,1.000000,0,1
497,1,807.9300,580.3939,57.5085,30.7168,1.000000,1,0
497,2,957.5042,575.6056,135.8790,17.5727,1.000000,0,1
497,3,-209.0997,553.4353,416.7658,62.5437,1.000000,0,1
497,4,411.9224,583.6395,100.3228,44.3162,1.000000,0,1
497,5,660.7539,530.0920,322.1410,84.8898,1.000000,0,1
497,6,471.1113,578.4561,168.8135,22.5154,1.000000,0,1
498,1,807.2258,580.2903,57.4641,30.7109,1.000000,1,0
498,2,956.8080,575.6526,135.8304,17.5727,1.000000,0,1
498,3,-208.7784,553.3701,416.7946,62.5479,1.000000,0,1
498,4,410.7142,583.4840,100.3562,44.2929,1.000000,0,1
498,5,660.9702,530.0139,322.1763,84.8892,1.000000,0,1
498,6,471.6322,578.4304,168.8372,22.5198,1.000000,0,1
499,1,806.5231,580.1916,57.4202,30.7054,1.000000,1,0
499,2,956.1115,575.7004,135.7813,17.5726,1.000000,0.0625,0.9375
499,3,-208.4577,553.3053,416.8236,62.5522,1.000000,0,1
499,4,409.5053,583.3337,100.3903,44.2703,1.000000,0,1
499,5,661.1866,529.9390,322.2112,84.8887,1.000000,0,1
499,6,472.1538,578.4061,168.8617,22.5242,1.000000,0,1
500,1,805.8209,580.0930,57.3763,30.6999,1.000000,1,0
500,2,955.4144,575.7496,135.7319,17.5725,1.000000,0.125,0.875
500,3,-208.1371,553.2400,416.8525,62.5564,1.000000,0,1
500,4,408.2957,583.1804,100.4244,44.2475,1.000000,0,1
500,5,661.4026,529.8660,322.2457,84.8880,1.000000,0,1
500,6,472.6760,578.3830,168.8863,22.5286,1.000000,0,1
501,1,805.1193,579.9963,57.3328,30.6945,1.000000,1,0
501,2,954.7173,575.8001,135.6821,17.5723,1.000000,0,1
501,3,-207.8180,553.1743,416.8818,62.5606,1.000000,0,1
501,4,407.0858,583.0286,100.4586,44.2249,1.000000,0,1
501,5,661.6182,529.7955,322.2798,84.8874,1.000000,0,1
501,6,473.1991,578.3611,168.9106,22.5330,1.000000,0,1
502,1,804.4180,579.9030,57.2895,30.6894,1.000000,1,0
502,2,954.0197,575.8514,135.6323,17.5722,1.000000,0,1
502,3,-207.5007,553.1085,416.9118,62.5650,1.000000,0,1
502,4,405.8755,582.8825,100.4933,44.2029,1.000000,0,1
502,5,661.8330,529.7287,322.3140,84.8871,1.000000,0,1
502,6,473.7234,578.3403,168.9347,22.5375,1.000000,0,1
503,1,803.7172,579.8110,57.2465,30.6843,1.000000,1,0
503,2,953.3210,575.9038,135.5822,17.5720,1.000000,0.125,0.875
503,3,-207.1834,553.0413,416.9416,62.5693,1.000000,0,1
503,4,404.6649,582.7273,100.5275,44.1876,1.000000,0,1
503,5,662.0477,529.6638,322.3475,84.8866,1.000000,0,1
503,6,474.2491,578.3200,168.9586,22.5418,1.000000,0,1
504,1,803.0170,579.7213,57.2035,30.6794,1.000000,1,0
504,2,952.6218,575.9568,135.5314,17.5718,1.000000,0.125,0.875
504,3,-206.8670,552.9734,416.9717,62.5736,1.000000,0,1
504,4,403.4540,582.5723,100.5617,44.1748,1.000000,0,1
504,5,662.2616,529.6009,322.3807,84.8862,1.000000,0,1
504,6,474.7763,578.3004,168.9821,22.5461,1.000000,0,1
505,1,802.3174,579.6351,57.1607,30.6745,1.000000,1,0
505,2,951.9213,576.0096,135.4807,17.5715,1.000000,0.1875,0.8125
505,3,-206.5516,552.9055,417.0021,62.5780,1.000000,0,1
505,4,402.2430,582.4241,100.5959,44.1622,1.000000,0,1
505,5,662.4745,529.5409,322.4141,84.8859,1.000000,0,1
505,6,475.3050,578.2823,169.0050,22.5504,1.000000,0,1
506,1,801.6182,579.5516,57.1181,30.6698,1.000000,1,0
506,2,951.2203,576.0627,135.4291,17.5712,1.000000,0.1875,0.8125
506,3,-206.2370,552.8362,417.0327,62.5822,1.000000,0,1
506,4,401.0319,582.2756,100.6297,44.1492,1.000000,0,1
506,5,662.6865,529.4830,322.4472,84.8857,1.000000,0,1
506,6,475.8353,578.2645,169.0275,22.5546,1.000000,0,1
507,1,800.9194,579.4711,57.0755,30.6651,1.000000,1,0
507,2,950.5189,576.1163,135.3774,17.5709,1.000000,0.0625,0.9375
507,3,-205.9228,552.7665,417.0634,62.5866,1.000000,0,1
507,4,399.8212,582.1309,100.6630,44.1363,1.000000,0,1
507,5,662.8979,529.4270,322.4804,84.8856,1.000000,0,1
507,6,476.3667,578.2475,169.0496,22.5588,1.000000,0,1
508,1,800.2206,579.3944,57.0331,30.6606,1.000000,1,0
508,2,949.8174,576.1703,135.3257,17.5706,1.000000,0.25,0.75
508,3,-205.6093,552.6973,417.0942,62.5910,1.000000,0,1
508,4,398.6111,581.9935,100.6962,44.1235,1.000000,0,1
508,5,663.1088,529.3733,322.5135,84.8857,1.000000,0,1
508,6,476.8990,578.2314,169.0709,22.5629,1.000000,0,1
509,1,799.5226,579.3203,56.9905,30.6560,1.000000,1,0
509,2,949.1165,576.2251,135.2739,17.5702,1.000000,0.125,0.875
509,3,-205.2954,552.6262,417.1248,62.5953,1.000000,0,1
509,4,397.4013,581.8564,100.7286,44.1103,1.000000,0,1
509,5,663.3190,529.3206,322.5471,84.8859,1.000000,0,1
509,6,477.4329,578.2144,169.0916,22.5668,1.000000,0,1
510,1,798.8248,579.2496,56.9482,30.6516,1.000000,1,0
510,2,948.4158,576.2802,135.2218,17.5698,1.000000,0.125,0.875
510,3,-204.9812,552.5544,417.1550,62.5995,1.000000,0,1
510,4,396.1920,581.7233,100.7608,44.0971,1.000000,0,1
510,5,663.5286,529.2700,322.5813,84.8864,1.000000,0,1
510,6,477.9684,578.1957,169.1113,22.5707,1.000000,0,1
511,1,798.1271,579.1838,56.9059,30.6472,1.000000,1,0
511,2,947.7157,576.3354,135.1700,17.5694,1.000000,0.0625,0.9375
511,3,-204.6686,552.4827,417.1862,62.6038,1.000000,0,1
511,4,394.9839,581.5984,100.7929,44.0840,1.000000,0,1
511,5,663.7377,529.2228,322.6160,84.8872,1.000000,0,1
511,6,478.5053,578.1751,169.1303,22.5744,1.000000,0,1
512,1,797.4299,579.1213,56.8636,30.6429,1.000000,1,0
512,2,947.0160,576.3912,135.1176,17.5690,1.000000,0.1875,0.8125
512,3,-204.3562,552.4089,417.2177,62.6080,1.000000,0,1
512,4,393.7799,581.4739,100.8235,44.0705,1.000000,0,1
512,5,663.9465,529.1761,322.6512,84.8882,1.000000,0,1
512,6,479.0443,578.1525,169.1484,22.5780,1.000000,0,1
513,1,796.7331,579.0625,56.8212,30.6386,1.000000,1,0
513,2,946.3166,576.4471,135.0651,17.5686,1.000000,0.0625,0.9375
513,3,-204.0443,552.3348,417.2494,62.6125,1.000000,0,1
513,4,392.5788,581.3523,100.8538,44.0568,1.000000,0,1
513,5,664.1555,529.1308,322.6874,84.8895,1.000000,0,1
513,6,479.5847,578.1279,169.1660,22.5815,1.000000,0,1
514,1,796.0363,579.0083,56.7788,30.6344,1.000000,1,0
514,2,945.6180,576.5031,135.0126,17.5682,1.000000,0.0625,0.9375
514,3,-203.7328,552.2616,417.2816,62.6169,1.000000,0,1
514,4,391.3786,581.2369,100.8840,44.0434,1.000000,0,1
514,5,664.3649,529.0873,322.7244,84.8910,1.000000,0,1
514,6,480.1263,578.1009,169.1827,22.5848,1.000000,0,1
515,1,795.3392,578.9576,56.7365,30.6302,1.000000,1,0
515,2,944.9202,576.5591,134.9600,17.5676,1.000000,0.1875,0.8125
515,3,-203.4206,552.1873,417.3136,62.6213,1.000000,0,1
515,4,390.1775,581.1224,100.9140,44.0298,1.000000,0,1
515,5,664.5753,529.0448,322.7629,84.8929,1.000000,0,1
515,6,480.6694,578.0714,169.1988,22.5880,1.000000,0,1
516,1,794.6418,578.9111,56.6942,30.6260,1.000000,1,0
516,2,944.2231,576.6149,134.9070,17.5671,1.000000,0.1875,0.8125
516,3,-203.1085,552.1135,417.3459,62.6258,1.000000,0,1
516,4,388.9755,581.0115,100.9441,44.0164,1.000000,0,1
516,5,664.7869,529.0038,322.8025,84.8952,1.000000,0,1
516,6,481.2136,578.0398,169.2145,22.5911,1.000000,0,1
517,1,793.9440,578.8696,56.6516,30.6220,1.000000,1,0
517,2,943.5271,576.6705,134.8542,17.5666,1.000000,0.0625,0.9375
517,3,-202.7963,552.0413,417.3785,62.6304,1.000000,0,1
517,4,387.7715,580.9069,100.9747,44.0034,1.000000,0,1
517,5,664.9994,528.9652,322.8436,84.8979,1.000000,0,1
517,6,481.7588,578.0062,169.2295,22.5942,1.000000,0,1
518,1,793.2466,578.8315,56.6091,30.6179,1.000000,1,0
518,2,942.8317,576.7253,134.8010,17.5660,1.000000,0.25,0.75
518,3,-202.4831,551.9678,417.4113,62.6350,1.000000,0,1
518,4,386.5647,580.8049,101.0062,43.9907,1.000000,0,1
518,5,665.2125,528.9292,322.8862,84.9012,1.000000,0,1
518,6,482.3045,577.9706,169.2443,22.5971,1.000000,0,1
519,1,792.5496,578.7974,56.5665,30.6139,1.000000,1,0
519,2,942.1370,576.7797,134.7478,17.5654,1.000000,0.1875,0.8125
519,3,-202.1693,551.8953,417.4440,62.6396,1.000000,0,1
519,4,385.3554,580.7081,101.0382,43.9784,1.000000,0,1
519,5,665.4259,528.8958,322.9301,84.9049,1.000000,0,1
519,6,482.8508,577.9338,169.2587,22.6000,1.000000,0,1
520,1,791.8527,578.7673,56.5241,30.6100,1.000000,1,0
520,2,941.4437,576.8336,134.6946,17.5648,1.000000,0.1875,0.8125
520,3,-201.8541,551.8248,417.4764,62.6441,1.000000,0,1
520,4,384.1436,580.6194,101.0712,43.9666,1.000000,0,1
520,5,665.6394,528.8646,322.9756,84.9091,1.000000,0,1
520,6,483.3976,577.8959,169.2728,22.6029,1.000000,0,1
521,1,791.1571,578.7410,56.4818,30.6062,1.000000,1,0
521,2,940.7516,576.8865,134.6412,17.5641,1.000000,0.1875,0.8125
521,3,-201.5398,551.7542,417.5098,62.6489,1.000000,0,1
521,4,382.9279,580.5353,101.1051,43.9553,1.000000,0,1
521,5,665.8532,528.8373,323.0228,84.9139,1.000000,0,1
521,6,483.9449,577.8568,169.2866,22.6057,1.000000,0,1
522,1,790.4620,578.7186,56.4394,30.6024,1.000000,1,0
522,2,940.0607,576.9388,134.5875,17.5635,1.000000,0.25,0.75
522,3,-201.2260,551.6849,417.5437,62.6538,1.000000,0,1
522,4,381.7096,580.4574,101.1397,43.9445,1.000000,0,1
522,5,666.0669,528.8134,323.0718,84.9193,1.000000,0,1
522,6,484.4926,577.8168,169.3005,22.6085,1.000000,0,1
523,1,789.7670,578.7000,56.3973,30.5987,1.000000,1,0
523,2,939.3708,576.9908,134.5340,17.5628,1.000000,0.25,0.75
523,3,-200.9122,551.6180,417.5776,62.6587,1.000000,0,1
523,4,380.4885,580.3875,101.1755,43.9343,1.000000,0,1
523,5,666.2805,528.7922,323.1221,84.9253,1.000000,0,1
523,6,485.0404,577.7766,169.3143,22.6112,1.000000,0,1
524,1,789.0729,578.6842,56.3552,30.5951,1.000000,1,0
524,2,938.6828,577.0414,134.4803,17.5620,1.000000,0.1875,0.8125
524,3,-200.5981,551.5513,417.6115,62.6636,1.000000,0,1
524,4,379.2635,580.3223,101.2122,43.9246,1.000000,0,1
524,5,666.4944,528.7737,323.1741,84.9317,1.000000,0,1
524,6,485.5885,577.7365,169.3281,22.6141,1.000000,0,1
525,1,788.3796,578.6720,56.3132,30.5916,1.000000,1,0
525,2,937.9962,577.0913,134.4269,17.5613,1.000000,0.125,0.875
525,3,-200.2843,551.4863,417.6453,62.6687,1.000000,0,1
525,4,378.0357,580.2640,101.2498,43.9154,1.000000,0,1
525,5,666.7084,528.7576,323.2276,84.9387,1.000000,0,1
525,6,486.1368,577.6973,169.3420,22.6169,1.000000,0,1
526,1,787.6866,578.6643,56.2715,30.5883,1.000000,1,0
526,2,937.3109,577.1409,134.3734,17.5605,1.000000,0.3125,0.6875
526,3,-199.9714,551.4241,417.6796,62.6739,1.000000,0,1
526,4,376.8053,580.2152,101.2884,43.9068,1.000000,0,1
526,5,666.9221,528.7436,323.2828,84.9462,1.000000,0,1
526,6,486.6852,577.6587,169.3558,22.6197,1.000000,0,1
527,1,786.9945,578.6598,56.2299,30.5851,1.000000,1,0
527,2,936.6272,577.1895,134.3199,17.5598,1.000000,0.1875,0.8125
527,3,-199.6599,551.3616,417.7143,62.6791,1.000000,0,1
527,4,375.5705,580.1746,101.3277,43.8986,1.000000,0,1
527,5,667.1351,528.7327,323.3395,84.9542,1.000000,0,1
527,6,487.2340,577.6215,169.3696,22.6225,1.000000,0,1
528,1,786.3030,578.6588,56.1885,30.5820,1.000000,1,0
528,2,935.9449,577.2383,134.2665,17.5590,1.000000,0.25,0.75
528,3,-199.3496,551.2998,417.7499,62.6845,1.000000,0,1
528,4,374.3334,580.1407,101.3676,43.8908,1.000000,0,1
528,5,667.3480,528.7242,323.3979,84.9628,1.000000,0,1
528,6,487.7830,577.5855,169.3835,22.6253,1.000000,0,1
529,1,785.6122,578.6624,56.1475,30.5791,1.000000,1,0
529,2,935.2646,577.2875,134.2133,17.5582,1.000000,0.3125,0.6875
529,3,-199.0397,551.2394,417.7858,62.6901,1.000000,0,1
529,4,373.0947,580.1130,101.4074,43.8832,1.000000,0,1
529,5,667.5607,528.7175,323.4579,84.9719,1.000000,0,1
529,6,488.3320,577.5500,169.3974,22.6282,1.000000,0,1
530,1,784.9220,578.6703,56.1066,30.5764,1.000000,1,0
530,2,934.5853,577.3357,134.1603,17.5574,1.000000,0.4375,0.5625
530,3,-198.7305,551.1783,417.8223,62.6956,1.000000,0,1
530,4,371.8536,580.0937,101.4474,43.8757,1.000000,0,1
530,5,667.7731,528.7124,323.5195,84.9816,1.000000,0,1
530,6,488.8815,577.5154,169.4113,22.6311,1.000000,0,1
531,1,784.2324,578.6824,56.0659,30.5739,1.000000,1,0
531,2,933.9076,577.3843,134.1073,17.5567,1.000000,0.4375,0.5625
531,3,-198.4229,551.1177,417.8594,62.7013,1.000000,0,1
531,4,370.6115,580.0797,101.4876,43.8685,1.000000,0,1
531,5,667.9849,528.7089,323.5828,84.9917,1.000000,0,1
531,6,489.4311,577.4819,169.4251,22.6339,1.000000,0,1
532,1,783.5434,578.6988,56.0255,30.5715,1.000000,1,0
532,2,933.2312,577.4332,134.0542,17.5559,1.000000,0.375,0.625
532,3,-198.1179,551.0586,417.8978,62.7072,1.000000,0,1
532,4,369.3693,580.0688,101.5276,43.8612,1.000000,0,1
532,5,668.1962,528.7070,323.6473,85.0022,1.000000,0,1
532,6,489.9809,577.4495,169.4389,22.6368,1.000000,0,1
533,1,782.8558,578.7195,55.9854,30.5693,1.000000,1,0
533,2,932.5556,577.4814,134.0013,17.5551,1.000000,0.4375,0.5625
533,3,-197.8152,550.9995,417.9373,62.7133,1.000000,0,1
533,4,368.1264,580.0645,101.5675,43.8540,1.000000,0,1
533,5,668.4072,528.7059,323.7134,85.0133,1.000000,0,1
533,6,490.5310,577.4189,169.4525,22.6397,1.000000,0,1
534,1,782.1693,578.7448,55.9456,30.5673,1.000000,1,0
534,2,931.8808,577.5298,133.9482,17.5543,1.000000,0.25,0.75
534,3,-197.5141,550.9415,417.9774,62.7195,1.000000,0,1
534,4,366.8840,580.0644,101.6071,43.8468,1.000000,0,1
534,5,668.6178,528.7064,323.7811,85.0248,1.000000,0,1
534,6,491.0812,577.3902,169.4659,22.6426,1.000000,0,1
535,1,781.4836,578.7748,55.9059,30.5655,1.000000,1,0
535,2,931.2064,577.5793,133.8952,17.5535,1.000000,0.375,0.625
535,3,-197.2164,550.8847,418.0189,62.7261,1.000000,0,1
535,4,365.6429,580.0674,101.6463,43.8396,1.000000,0,1
535,5,668.8281,528.7077,323.8502,85.0367,1.000000,0,1
535,6,491.6314,577.3634,169.4793,22.6454,1.000000,0,1
536,1,780.7990,578.8090,55.8666,30.5639,1.000000,1,0
536,2,930.5322,577.6282,133.8420,17.5527,1.000000,0.3125,0.6875
536,3,-196.9218,550.8275,418.0619,62.7328,1.000000,0,1
536,4,364.4028,580.0728,101.6852,43.8322,1.000000,0,1
536,5,669.0381,528.7102,323.9209,85.0491,1.000000,0,1
536,6,492.1818,577.3386,169.4926,22.6483,1.000000,0,1
537,1,780.1154,578.8478,55.8276,30.5624,1.000000,1,0
537,2,929.8586,577.6774,133.7888,17.5519,1.000000,0.125,0.875
537,3,-196.6304,550.7708,418.1061,62.7397,1.000000,0,1
537,4,363.1644,580.0792,101.7237,43.8248,1.000000,0,1
537,5,669.2480,528.7134,323.9930,85.0619,1.000000,0,1
537,6,492.7325,577.3156,169.5057,22.6513,1.000000,0,1
538,1,779.4323,578.8920,55.7888,30.5613,1.000000,1,0
538,2,929.1855,577.7267,133.7357,17.5510,1.000000,0.1875,0.8125
538,3,-196.3430,550.7152,418.1520,62.7470,1.000000,0,1
538,4,361.9279,580.0871,101.7618,43.8172,1.000000,0,1
538,5,669.4577,528.7160,324.0663,85.0750,1.000000,0,1
538,6,493.2835,577.2950,169.5189,22.6542,1.000000,0,1
539,1,778.7495,578.9411,55.7503,30.5603,1.000000,1,0
539,2,928.5132,577.7758,133.6827,17.5502,1.000000,0.4375,0.5625
539,3,-196.0590,550.6599,418.1993,62.7544,1.000000,0,1
539,4,360.6946,580.0973,101.7997,43.8096,1.000000,0,1
539,5,669.6675,528.7200,324.1411,85.0885,1.000000,0,1
539,6,493.8346,577.2771,169.5319,22.6571,1.000000,0,1
540,1,778.0670,578.9950,55.7120,30.5595,1.000000,1,0
540,2,927.8413,577.8248,133.6296,17.5493,1.000000,0.4375,0.5625
540,3,-195.7781,550.6056,418.2478,62.7621,1.000000,0,1
540,4,359.4646,580.1066,101.8371,43.8019,1.000000,0,1
540,5,669.8773,528.7253,324.2171,85.1025,1.000000,0,1
540,6,494.3858,577.2611,169.5451,22.6601,1.000000,0,1
541,1,777.3844,579.0540,55.6740,30.5589,1.000000,1,0
541,2,927.1700,577.8742,133.5765,17.5485,1.000000,0.3125,0.6875
541,3,-195.5016,550.5530,418.2981,62.7701,1.000000,0,1
541,4,358.2375,580.1124,101.8738,43.7939,1.000000,0,1
541,5,670.0872,528.7308,324.2940,85.1166,1.000000,0,1
541,6,494.9374,577.2477,169.5582,22.6631,1.000000,0,1
542,1,776.7022,579.1188,55.6362,30.5585,1.000000,1,0
542,2,926.4990,577.9229,133.5234,17.5477,1.000000,0.25,0.75
542,3,-195.2278,550.5006,418.3495,62.7783,1.000000,0,1
542,4,357.0129,580.1191,101.9103,43.7858,1.000000,0,1
542,5,670.2974,528.7374,324.3719,85.1311,1.000000,0,1
542,6,495.4892,577.2375,169.5715,22.6662,1.000000,0,1
543,1,776.0202,579.1887,55.5987,30.5583,1.000000,1,0
543,2,925.8281,577.9707,133.4702,17.5468,1.000000,0.4375,0.5625
543,3,-194.9574,550.4493,418.4025,62.7868,1.000000,0,1
543,4,355.7905,580.1247,101.9466,43.7777,1.000000,0,1
543,5,670.5079,528.7457,324.4506,85.1458,1.000000,0,1
543,6,496.0413,577.2300,169.5848,22.6693,1.000000,0,1
544,1,775.3380,579.2632,55.5612,30.5583,1.000000,1,0
544,2,925.1572,578.0181,133.4172,17.5460,1.000000,0.5625,0.4375
544,3,-194.6906,550.3998,418.4567,62.7956,1.000000,0,1
544,4,354.5703,580.1284,101.9823,43.7694,1.000000,0,1
544,5,670.7188,528.7558,324.5302,85.1608,1.000000,0,1
544,6,496.5936,577.2257,169.5983,22.6725,1.000000,0,1
545,1,774.6557,579.3453,55.5241,30.5585,1.000000,1,0
545,2,924.4860,578.0647,133.3641,17.5451,1.000000,0.5,0.5
545,3,-194.4269,550.3511,418.5125,62.8046,1.000000,0,1
545,4,353.3527,580.1317,102.0178,43.7610,1.000000,0,1
545,5,670.9303,528.7675,324.6104,85.1761,1.000000,0,1
545,6,497.1461,577.2246,169.6119,22.6757,1.000000,0,1
546,1,773.9733,579.4330,55.4872,30.5589,1.000000,1,0
546,2,923.8147,578.1109,133.3104,17.5441,1.000000,0.3125,0.6875
546,3,-194.1659,550.3033,418.5695,62.8138,1.000000,0,1
546,4,352.1377,580.1324,102.0528,43.7524,1.000000,0,1
546,5,671.1429,528.7803,324.6912,85.1915,1.000000,0,1
546,6,497.6991,577.2263,169.6258,22.6790,1.000000,0,1
547,1,773.2905,579.5241,55.4503,30.5594,1.000000,1,0
547,2,923.1430,578.1569,133.2570,17.5432,1.000000,0.375,0.625
547,3,-193.9068,550.2570,418.6273,62.8232,1.000000,0,1
547,4,350.9251,580.1304,102.0873,43.7435,1.000000,0,1
547,5,671.3567,528.7946,324.7728,85.2071,1.000000,0,1
547,6,498.2524,577.2305,169.6398,22.6824,1.000000,0,1
548,1,772.6077,579.6227,55.4135,30.5601,1.000000,1,0
548,2,922.4710,578.2018,133.2031,17.5422,1.000000,0.375,0.625
548,3,-193.6497,550.2113,418.6860,62.8329,1.000000,0,1
548,4,349.7153,580.1278,102.1216,43.7346,1.000000,0,1
548,5,671.5717,528.8124,324.8550,85.2231,1.000000,0,1
548,6,498.8058,577.2373,169.6542,22.6858,1.000000,0,1
549,1,771.9246,579.7266,55.3768,30.5610,1.000000,1,0
549,2,921.7986,578.2462,133.1491,17.5412,1.000000,0.625,0.375
549,3,-193.3939,550.1666,418.7457,62.8426,1.000000,0,1
549,4,348.5081,580.1231,102.1552,43.7254,1.000000,0,1
549,5,671.7877,528.8330,324.9377,85.2393,1.000000,0,1
549,6,499.3591,577.2461,169.6689,22.6893,1.000000,0,1
550,1,771.2413,579.8340,55.3402,30.5619,1.000000,1,0
550,2,921.1262,578.2907,133.0953,17.5403,1.000000,0.4375,0.5625
550,3,-193.1391,550.1233,418.8057,62.8525,1.000000,0,1
550,4,347.3030,580.1160,102.1886,43.7160,1.000000,0,1
550,5,672.0049,528.8556,325.0209,85.2556,1.000000,0,1
550,6,499.9124,577.2562,169.6836,22.6928,1.000000,0,1
551,1,770.5575,579.9480,55.3037,30.5630,1.000000,1,0
551,2,920.4541,578.3355,133.0413,17.5393,1.000000,0.5625,0.4375
551,3,-192.8855,550.0809,418.8662,62.8625,1.000000,0,1
551,4,346.1000,580.1070,102.2218,43.7066,1.000000,0,1
551,5,672.2239,528.8813,325.1043,85.2721,1.000000,0,1
551,6,500.4656,577.2684,169.6985,22.6964,1.000000,0,1
552,1,769.8734,580.0669,55.2671,30.5641,1.000000,1,0
552,2,919.7821,578.3808,132.9872,17.5382,1.000000,0.375,0.625
552,3,-192.6328,550.0398,418.9269,62.8725,1.000000,0,1
552,4,344.8990,580.0961,102.2544,43.6970,1.000000,0,1
552,5,672.4444,528.9103,325.1877,85.2886,1.000000,0,1
552,6,501.0186,577.2814,169.7138,22.7000,1.000000,0,1
553,1,769.1890,580.1894,55.2305,30.5654,1.000000,1,0
553,2,919.1099,578.4269,132.9329,17.5372,1.000000,0.5625,0.4375
553,3,-192.3817,549.9993,418.9881,62.8826,1.000000,0,1
553,4,343.7002,580.0833,102.2866,43.6872,1.000000,0,1
553,5,672.6663,528.9424,325.2715,85.3053,1.000000,0,1
553,6,501.5717,577.2938,169.7290,22.7036,1.000000,0,1
554,1,768.5043,580.3176,55.1940,30.5667,1.000000,1,0
554,2,918.4374,578.4745,132.8784,17.5362,1.000000,0.4375,0.5625
554,3,-192.1311,549.9591,419.0491,62.8928,1.000000,0,1
554,4,342.5021,580.0668,102.3184,43.6772,1.000000,0,1
554,5,672.8901,528.9783,325.3557,85.3223,1.000000,0,1
554,6,502.1242,577.3068,169.7447,22.7073,1.000000,0,1
555,1,767.8192,580.4493,55.1574,30.5681,1.000000,1,0
555,2,917.7649,578.5234,132.8235,17.5351,1.000000,0.6875,0.3125
555,3,-191.8813,549.9188,419.1103,62.9029,1.000000,0,1
555,4,341.3052,580.0477,102.3499,43.6669,1.000000,0,1
555,5,673.1155,529.0174,325.4395,85.3393,1.000000,0,1
555,6,502.6764,577.3198,169.7606,22.7110,1.000000,0,1
556,1,767.1335,580.5830,55.1207,30.5695,1.000000,1,0
556,2,917.0922,578.5737,132.7685,17.5340,1.000000,0.5625,0.4375
556,3,-191.6322,549.8779,419.1714,62.9131,1.000000,0,1
556,4,340.1102,580.0255,102.3809,43.6565,1.000000,0,1
556,5,673.3414,529.0594,325.5233,85.3564,1.000000,0,1
556,6,503.2281,577.3326,169.7767,22.7147,1.000000,0,1
557,1,766.4475,580.7215,55.0839,30.5709,1.000000,1,0
557,2,916.4191,578.6262,132.7133,17.5329,1.000000,0.5625,0.4375
557,3,-191.3840,549.8361,419.2327,62.9232,1.000000,0,1
557,4,338.9171,579.9990,102.4115,43.6457,1.000000,0,1
557,5,673.5688,529.1058,325.6071,85.3737,1.000000,0,1
557,6,503.7786,577.3459,169.7933,22.7186,1.000000,0,1
558,1,765.7614,580.8630,55.0469,30.5722,1.000000,1,0
558,2,915.7454,578.6804,132.6578,17.5318,1.000000,0.375,0.625
558,3,-191.1361,549.7935,419.2941,62.9333,1.000000,0,1
558,4,337.7261,579.9688,102.4419,43.6350,1.000000,0,1
558,5,673.7970,529.1554,325.6904,85.3909,1.000000,0,1
558,6,504.3281,577.3597,169.8104,22.7225,1.000000,0,1
559,1,765.0752,581.0057,55.0100,30.5736,1.000000,1,0
559,2,915.0715,578.7363,132.6019,17.5307,1.000000,0.5625,0.4375
559,3,-190.8884,549.7499,419.3552,62.9433,1.000000,0,1
559,4,336.5381,579.9338,102.4720,43.6240,1.000000,0,1
559,5,674.0254,529.2081,325.7735,85.4082,1.000000,0,1
559,6,504.8768,577.3733,169.8278,22.7264,1.000000,0,1
560,1,764.3894,581.1519,54.9728,30.5748,1.000000,1,0
560,2,914.3972,578.7948,132.5457,17.5295,1.000000,0.5625,0.4375
560,3,-190.6411,549.7041,419.4164,62.9533,1.000000,0,1
560,4,335.3525,579.8935,102.5018,43.6128,1.000000,0,1
560,5,674.2545,529.2648,325.8562,85.4255,1.000000,0,1
560,6,505.4240,577.3878,169.8457,22.7304,1.000000,0,1
561,1,763.7040,581.3000,54.9356,30.5761,1.000000,1,0
561,2,913.7226,578.8554,132.4894,17.5284,1.000000,0.4375,0.5625
561,3,-190.3944,549.6566,419.4775,62.9631,1.000000,0,1
561,4,334.1691,579.8480,102.5315,43.6015,1.000000,0,1
561,5,674.4840,529.3247,325.9382,85.4428,1.000000,0,1
561,6,505.9701,577.4032,169.8640,22.7345,1.000000,0,1
562,1,763.0189,581.4482,54.8981,30.5773,1.000000,1,0
562,2,913.0479,578.9177,132.4331,17.5272,1.000000,0.5,0.5
562,3,-190.1492,549.6081,419.5393,62.9731,1.000000,0,1
562,4,332.9883,579.7979,102.5610,43.5901,1.000000,0,1
562,5,674.7134,529.3883,326.0201,85.4603,1.000000,0,1
562,6,506.5152,577.4197,169.8829,22.7386,1.000000,0,1
563,1,762.3343,581.5991,54.8607,30.5785,1.000000,1,0
563,2,912.3731,578.9828,132.3765,17.5260,1.000000,0.5,0.5
563,3,-189.9046,549.5570,419.6011,62.9830,1.000000,0,1
563,4,331.8104,579.7418,102.5904,43.5786,1.000000,0,1
563,5,674.9433,529.4555,326.1015,85.4777,1.000000,0,1
563,6,507.0595,577.4382,169.9024,22.7429,1.000000,0,1
564,1,761.6505,581.7509,54.8231,30.5796,1.000000,1,0
564,2,911.6986,579.0499,132.3198,17.5249,1.000000,0.375,0.625
564,3,-189.6607,549.5037,419.6630,62.9929,1.000000,0,1
564,4,330.6345,579.6815,102.6199,43.5670,1.000000,0,1
564,5,675.1734,529.5255,326.1822,85.4951,1.000000,0,1
564,6,507.6035,577.4585,169.9224,22.7473,1.000000,0,1
565,1,760.9675,581.9022,54.7853,30.5805,1.000000,1,0
565,2,911.0248,579.1188,132.2631,17.5237,1.000000,0.625,0.375
565,3,-189.4183,549.4485,419.7256,63.0027,1.000000,0,1
565,4,329.4609,579.6184,102.6494,43.5555,1.000000,0,1
565,5,675.4037,529.5979,326.2619,85.5123,1.000000,0,1
565,6,508.1475,577.4810,169.9430,22.7518,1.000000,0,1
566,1,760.2856,582.0553,54.7476,30.5815,1.000000,1,0
566,2,910.3524,579.1902,132.2063,17.5226,1.000000,0.8125,0.1875
566,3,-189.1772,549.3910,419.7886,63.0126,1.000000,0,1
566,4,328.2892,579.5494,102.6790,43.5440,1.000000,0,1
566,5,675.6348,529.6736,326.3409,85.5294,1.000000,0,1
566,6,508.6902,577.5092,169.9643,22.7564,1.000000,0,1
567,1,759.6044,582.2089,54.7097,30.5824,1.000000,1,0
567,2,909.6805,579.2637,132.1497,17.5215,1.000000,0.5625,0.4375
567,3,-188.9378,549.3320,419.8524,63.0225,1.000000,0,1
567,4,327.1197,579.4774,102.7087,43.5325,1.000000,0,1
567,5,675.8665,529.7517,326.4190,85.5465,1.000000,0,1
567,6,509.2319,577.5421,169.9865,22.7613,1.000000,0,1
568,1,758.9236,582.3613,54.6718,30.5832,1.000000,1,0
568,2,909.0087,579.3390,132.0931,17.5204,1.000000,0.6875,0.3125
568,3,-188.7002,549.2719,419.9169,63.0325,1.000000,0,1
568,4,325.9518,579.4044,102.7387,43.5211,1.000000,0,1
568,5,676.0983,529.8321,326.4963,85.5634,1.000000,0,1
568,6,509.7733,577.5793,170.0093,22.7662,1.000000,0,1
569,1,758.2434,582.5148,54.6337,30.5839,1.000000,1,0
569,2,908.3368,579.4169,132.0366,17.5193,1.000000,0.75,0.25
569,3,-188.4650,549.2098,419.9823,63.0425,1.000000,0,1
569,4,324.7861,579.3273,102.7689,43.5098,1.000000,0,1
569,5,676.3306,529.9156,326.5728,85.5802,1.000000,0,1
569,6,510.3137,577.6226,170.0328,22.7713,1.000000,0,1
570,1,757.5638,582.6685,54.5955,30.5846,1.000000,1,0
570,2,907.6649,579.4972,131.9799,17.5182,1.000000,0.4375,0.5625
570,3,-188.2318,549.1465,420.0485,63.0527,1.000000,0,1
570,4,323.6221,579.2483,102.7993,43.4985,1.000000,0,1
570,5,676.5635,530.0018,326.6482,85.5969,1.000000,0,1
570,6,510.8540,577.6705,170.0569,22.7766,1.000000,0,1
571,1,756.8846,582.8214,54.5573,30.5851,1.000000,1,0
571,2,906.9929,579.5797,131.9230,17.5172,1.000000,0.625,0.375
571,3,-188.0015,549.0826,420.1158,63.0631,1.000000,0,1
571,4,322.4585,579.1708,102.8303,43.4876,1.000000,0,1
571,5,676.7966,530.0901,326.7226,85.6133,1.000000,0,1
571,6,511.3945,577.7232,170.0815,22.7819,1.000000,0,1
572,1,756.2058,582.9700,54.5190,30.5901,1.000000,1,0
572,2,906.3206,579.6656,131.8662,17.5162,1.000000,0.625,0.375
572,3,-187.7737,549.0179,420.1843,63.0736,1.000000,0,1
572,4,321.2944,579.0921,102.8617,43.4768,1.000000,0,1
572,5,677.0301,530.1820,326.7959,85.6296,1.000000,0,1
572,6,511.9348,577.7817,170.1066,22.7874,1.000000,0.0625,0.9375
573,1,755.5276,583.1172,54.4804,30.5957,1.000000,1,0
573,2,905.6479,579.7546,131.8091,17.5151,1.000000,0.75,0.25
573,3,-187.5486,548.9525,420.2541,63.0842,1.000000,0,1
573,4,320.1294,579.0153,102.8937,43.4665,1.000000,0,1
573,5,677.2640,530.2767,326.8679,85.6457,1.000000,0,1
573,6,512.4754,577.8440,170.1321,22.7931,1.000000,0,1
574,1,754.8499,583.2623,54.4416,30.6010,1.000000,1,0
574,2,904.9747,579.8458,131.7518,17.5141,1.000000,0.6875,0.3125
574,3,-187.3267,548.8871,420.3253,63.0951,1.000000,0,1
574,4,318.9633,578.9434,102.9264,43.4564,1.000000,0,1
574,5,677.4984,530.3734,326.9384,85.6615,1.000000,0,1
574,6,513.0167,577.9086,170.1581,22.7988,1.000000,0,1
575,1,754.1727,583.4072,54.4028,30.6063,1.000000,1,0
575,2,904.3010,579.9410,131.6945,17.5131,1.000000,0.875,0.125
575,3,-187.1078,548.8228,420.3977,63.1063,1.000000,0,1
575,4,317.7966,578.8727,102.9598,43.4467,1.000000,0,1
575,5,677.7332,530.4733,327.0085,85.6773,1.000000,0,1
575,6,513.5584,577.9783,170.1844,22.8047,1.000000,0,1
576,1,753.4958,583.5510,54.3637,30.6114,1.000000,1,0
576,2,903.6267,580.0391,131.6368,17.5121,1.000000,0.4375,0.5625
576,3,-186.8919,548.7590,420.4717,63.1177,1.000000,0,1
576,4,316.6290,578.8062,102.9936,43.4373,1.000000,0,1
576,5,677.9683,530.5760,327.0774,85.6929,1.000000,0,1
576,6,514.1010,578.0510,170.2109,22.8105,1.000000,0,1
577,1,752.8192,583.6927,54.3243,30.6162,1.000000,1,0
577,2,902.9517,580.1389,131.5789,17.5110,1.000000,0.625,0.375
577,3,-186.6785,548.6958,420.5469,63.1293,1.000000,0,1
577,4,315.4599,578.7458,103.0281,43.4283,1.000000,0,1
577,5,678.2035,530.6809,327.1451,85.7082,1.000000,0,1
577,6,514.6443,578.1251,170.2376,22.8165,1.000000,0,1
578,1,752.1429,583.8341,54.2848,30.6209,1.000000,1,0
578,2,902.2766,580.2424,131.5204,17.5100,1.000000,0.6875,0.3125
578,3,-186.4668,548.6342,420.6238,63.1412,1.000000,0,1
578,4,314.2902,578.6903,103.0632,43.4197,1.000000,0,1
578,5,678.4394,530.7885,327.2123,85.7236,1.000000,0,1
578,6,515.1879,578.2020,170.2646,22.8225,1.000000,0.0625,0.9375
579,1,751.4667,583.9738,54.2451,30.6254,1.000000,1,0
579,2,901.6006,580.3481,131.4617,17.5088,1.000000,0.75,0.25
579,3,-186.2566,548.5748,420.7018,63.1534,1.000000,0,1
579,4,313.1190,578.6411,103.0988,43.4113,1.000000,0,1
579,5,678.6754,530.8983,327.2787,85.7388,1.000000,0,1
579,6,515.7321,578.2809,170.2919,22.8286,1.000000,0,1
580,1,750.7905,584.1102,54.2052,30.6295,1.000000,1,0
580,2,900.9235,580.4541,131.4022,17.5077,1.000000,0.625,0.375
580,3,-186.0477,548.5189,420.7808,63.1659,1.000000,0,1
580,4,311.9460,578.5984,103.1349,43.4035,1.000000,0,1
580,5,678.9112,531.0098,327.3444,85.7539,1.000000,0,1
580,6,516.2771,578.3604,170.3193,22.8347,1.000000,0,1
581,1,750.1144,584.2457,54.1649,30.6334,1.000000,1,0
581,2,900.2453,580.5623,131.3423,17.5065,1.000000,0.625,0.375
581,3,-185.8395,548.4663,420.8607,63.1786,1.000000,0,1
581,4,310.7723,578.5603,103.1714,43.3958,1.000000,0,1
581,5,679.1471,531.1243,327.4099,85.7691,1.000000,0,1
581,6,516.8229,578.4408,170.3466,22.8408,1.000000,0,1
582,1,749.4384,584.3792,54.1242,30.6370,1.000000,1,0
582,2,899.5657,580.6712,131.2819,17.5053,1.000000,0.875,0.125
582,3,-185.6320,548.4175,420.9410,63.1915,1.000000,0,1
582,4,309.5974,578.5286,103.2084,43.3885,1.000000,0,1
582,5,679.3830,531.2409,327.4750,85.7843,1.000000,0,1
582,6,517.3696,578.5215,170.3741,22.8470,1.000000,0.0625,0.9375
583,1,748.7622,584.5092,54.0831,30.6402,1.000000,1,0
583,2,898.8844,580.7792,131.2208,17.5039,1.000000,0.625,0.375
583,3,-185.4256,548.3723,421.0225,63.2048,1.000000,0,1
583,4,308.4209,578.5051,103.2460,43.3816,1.000000,0,1
583,5,679.6187,531.3586,327.5393,85.7993,1.000000,0,1
583,6,517.9174,578.6020,170.4017,22.8532,1.000000,0,1
584,1,748.0863,584.6375,54.0419,30.6432,1.000000,1,0
584,2,898.2019,580.8885,131.1591,17.5025,1.000000,0.75,0.25
584,3,-185.2196,548.3334,421.1042,63.2182,1.000000,0,1
584,4,307.2437,578.4889,103.2839,43.3749,1.000000,0,1
584,5,679.8544,531.4791,327.6032,85.8144,1.000000,0,1
584,6,518.4659,578.6844,170.4294,22.8594,1.000000,0.0625,0.9375
585,1,747.4105,584.7631,54.0006,30.6460,1.000000,1,0
585,2,897.5178,580.9977,131.0969,17.5010,1.000000,0.6875,0.3125
585,3,-185.0125,548.2997,421.1855,63.2318,1.000000,0,1
585,4,306.0654,578.4794,103.3219,43.3685,1.000000,0,1
585,5,680.0896,531.6016,327.6672,85.8296,1.000000,0,1
585,6,519.0152,578.7681,170.4574,22.8656,1.000000,0,1
586,1,746.7349,584.8845,53.9588,30.6483,1.000000,1,0
586,2,896.8323,581.1050,131.0337,17.4994,1.000000,0.8125,0.1875
586,3,-184.8039,548.2711,421.2663,63.2454,1.000000,0,1
586,4,304.8848,578.4769,103.3604,43.3624,1.000000,0,1
586,5,680.3243,531.7248,327.7303,85.8446,1.000000,0,1
586,6,519.5653,578.8526,170.4857,22.8719,1.000000,0,1
587,1,746.0595,585.0040,53.9170,30.6505,1.000000,1,0
587,2,896.1457,581.2134,130.9703,17.4978,1.000000,0.6875,0.3125
587,3,-184.5941,548.2479,421.3466,63.2592,1.000000,0,1
587,4,303.7030,578.4838,103.3995,43.3568,1.000000,0,1
587,5,680.5585,531.8503,327.7938,85.8599,1.000000,0,1
587,6,520.1166,578.9399,170.5139,22.8783,1.000000,0,1
588,1,745.3843,585.1207,53.8751,30.6524,1.000000,1,0
588,2,895.4581,581.3210,130.9062,17.4961,1.000000,0.75,0.25
588,3,-184.3835,548.2297,421.4265,63.2731,1.000000,0,1
588,4,302.5196,578.5002,103.4388,43.3515,1.000000,0,1
588,5,680.7921,531.9772,327.8572,85.8751,1.000000,0,1
588,6,520.6688,579.0295,170.5421,22.8847,1.000000,0,1
589,1,744.7092,585.2332,53.8328,30.6540,1.000000,1,0
589,2,894.7690,581.4266,130.8414,17.4943,1.000000,0.875,0.125
589,3,-184.1708,548.2167,421.5057,63.2870,1.000000,0,1
589,4,301.3333,578.5261,103.4787,43.3465,1.000000,0,1
589,5,681.0248,532.1040,327.9210,85.8905,1.000000,0,1
589,6,521.2218,579.1212,170.5707,22.8911,1.000000,0,1
590,1,744.0343,585.3431,53.7905,30.6553,1.000000,1,0
590,2,894.0791,581.5325,130.7764,17.4925,1.000000,0.6875,0.3125
590,3,-183.9560,548.2092,421.5839,63.3009,1.000000,0,1
590,4,300.1471,578.5625,103.5186,43.3418,1.000000,0,1
590,5,681.2566,532.2328,327.9848,85.9060,1.000000,0,1
590,6,521.7756,579.2175,170.5994,22.8977,1.000000,0.0625,0.9375
591,1,743.3596,585.4501,53.7481,30.6565,1.000000,1,0
591,2,893.3880,581.6371,130.7106,17.4906,1.000000,0.8125,0.1875
591,3,-183.7402,548.2065,421.6617,63.3150,1.000000,0,1
591,4,298.9601,578.6085,103.5585,43.3374,1.000000,0,1
591,5,681.4875,532.3625,328.0488,85.9216,1.000000,0,1
591,6,522.3302,579.3172,170.6284,22.9043,1.000000,0,1
592,1,742.6851,585.5532,53.7057,30.6574,1.000000,1,0
592,2,892.6949,581.7389,130.6442,17.4885,1.000000,0.75,0.25
592,3,-183.5220,548.2080,421.7385,63.3290,1.000000,0,1
592,4,297.7708,578.6643,103.5988,43.3332,1.000000,0,1
592,5,681.7178,532.4920,328.1125,85.9372,1.000000,0,1
592,6,522.8856,579.4197,170.6576,22.9109,1.000000,0,1
593,1,742.0107,585.6533,53.6632,30.6581,1.000000,1,0
593,2,892.0004,581.8407,130.5771,17.4864,1.000000,0.8125,0.1875
593,3,-183.3005,548.2134,421.8135,63.3429,1.000000,0,1
593,4,296.5807,578.7321,103.6390,43.3293,1.000000,0,1
593,5,681.9467,532.6229,328.1769,85.9531,1.000000,0,1
593,6,523.4418,579.5275,170.6869,22.9177,1.000000,0,1
594,1,741.3367,585.7499,53.6207,30.6587,1.000000,1,0
594,2,891.3044,581.9407,130.5096,17.4842,1.000000,0.625,0.375
594,3,-183.0779,548.2228,421.8881,63.3568,1.000000,0,1
594,4,295.3900,578.8095,103.6791,43.3255,1.000000,0,1
594,5,682.1747,532.7543,328.2416,85.9691,1.000000,0,1
594,6,523.9988,579.6395,170.7162,22.9245,1.000000,0.0625,0.9375
595,1,740.6629,585.8424,53.5782,30.6589,1.000000,1,0
595,2,890.6068,582.0370,130.4413,17.4820,1.000000,0.875,0.125
595,3,-182.8553,548.2359,421.9625,63.3709,1.000000,0,1
595,4,294.1982,578.8954,103.7189,43.3219,1.000000,0,1
595,5,682.4018,532.8849,328.3063,85.9850,1.000000,0,1
595,6,524.5566,579.7551,170.7456,22.9314,1.000000,0,1
596,1,739.9897,585.9317,53.5356,30.6590,1.000000,1,0
596,2,889.9081,582.1333,130.3727,17.4796,1.000000,0.9375,0.0625
596,3,-182.6302,548.2526,422.0356,63.3848,1.000000,0,1
596,4,293.0058,578.9940,103.7590,43.3185,1.000000,0,1
596,5,682.6281,533.0167,328.3713,86.0012,1.000000,0,1
596,6,525.1152,579.8766,170.7750,22.9383,1.000000,0,1
597,1,739.3170,586.0171,53.4932,30.6589,1.000000,1,0
597,2,889.2084,582.2274,130.3035,17.4772,1.000000,0.9375,0.0625
597,3,-182.4039,548.2725,422.1083,63.3988,1.000000,0,1
597,4,291.8129,579.1017,103.7988,43.3152,1.000000,0,1
597,5,682.8533,533.1484,328.4365,86.0174,1.000000,0,1
597,6,525.6744,580.0026,170.8045,22.9453,1.000000,0.0625,0.9375
598,1,738.6423,586.0943,53.4506,30.6583,1.000000,1,0
598,2,888.5073,582.3173,130.2334,17.4746,1.000000,0.875,0.125
598,3,-182.1774,548.2964,422.1808,63.4128,1.000000,0,1
598,4,290.6194,579.2162,103.8382,43.3119,1.000000,0,1
598,5,683.0779,533.2789,328.5020,86.0336,1.000000,0,1
598,6,526.2345,580.1320,170.8340,22.9524,1.000000,0,1
599,1,737.9662,586.1649,53.4077,30.6573,1.000000,1,0
599,2,887.8049,582.4048,130.1624,17.4719,1.000000,0.8125,0.1875
599,3,-181.9491,548.3241,422.2523,63.4269,1.000000,0,1
599,4,289.4255,579.3430,103.8775,43.3089,1.000000,0,1
599,5,683.3015,533.4105,328.5676,86.0500,1.000000,0,1
599,6,526.7954,580.2667,170.8632,22.9595,1.000000,0.0625,0.9375
600,1,737.2879,586.2279,53.3647,30.6559,1.000000,1,0
600,2,887.1015,582.4886,130.0906,17.4691,1.000000,0.9375,0.0625
600,3,-181.7186,548.3549,422.3225,63.4408,1.000000,0,1
600,4,288.2310,579.4782,103.9167,43.3059,1.000000,0,1
600,5,683.5245,533.5421,328.6332,86.0664,1.000000,0,1
600,6,527.3570,580.4056,170.8925,22.9666,1.000000,0,1
601,1,736.6074,586.2827,53.3214,30.6540,1.000000,1,0
601,2,886.3974,582.5671,130.0181,17.4661,1.000000,0.9375,0.0625
601,3,-181.4868,548.3884,422.3925,63.4548,1.000000,0,1
601,4,287.0355,579.6187,103.9554,43.3029,1.000000,0,1
601,5,683.7473,533.6725,328.6984,86.0826,1.000000,0,1
601,6,527.9194,580.5482,170.9215,22.9737,1.000000,0,1
602,1,735.9259,586.3324,53.2782,30.6518,1.000000,1,0
602,2,885.6931,582.6434,129.9451,17.4631,1.000000,0.8125,0.1875
602,3,-181.2523,548.4265,422.4610,63.4687,1.000000,0,1
602,4,285.8411,579.7703,103.9941,43.3001,1.000000,0,1
602,5,683.9694,533.8036,328.7634,86.0988,1.000000,0,1
602,6,528.4823,580.6958,170.9502,22.9809,1.000000,0.0625,0.9375
603,1,735.2435,586.3773,53.2350,30.6494,1.000000,1,0
603,2,884.9884,582.7162,129.8718,17.4599,1.000000,0.875,0.125
603,3,-181.0146,548.4688,422.5280,63.4825,1.000000,0,1
603,4,284.6479,579.9284,104.0324,43.2973,1.000000,0,1
603,5,684.1912,533.9344,328.8284,86.1150,1.000000,0,1
603,6,529.0457,580.8472,170.9790,22.9881,1.000000,0.0625,0.9375
604,1,734.5547,586.4177,53.1975,30.6469,1.000000,1,0
604,2,884.2836,582.7834,129.7979,17.4567,1.000000,0.875,0.125
604,3,-180.7742,548.5148,422.5936,63.4963,1.000000,0,1
604,4,283.4551,580.0901,104.0706,43.2946,1.000000,0,1
604,5,684.4130,534.0640,328.8932,86.1311,1.000000,0,1
604,6,529.6095,581.0016,171.0077,22.9954,1.000000,0.125,0.875
605,1,733.8550,586.4558,53.1708,30.6442,1.000000,1,0
605,2,883.5789,582.8470,129.7239,17.4534,1.000000,0.8125,0.1875
605,3,-180.5291,548.5656,422.6570,63.5098,1.000000,0,1
605,4,282.2629,580.2622,104.1091,43.2922,1.000000,0,1
605,5,684.6354,534.1941,328.9578,86.1472,1.000000,0,1
605,6,530.1736,581.1602,171.0362,23.0027,1.000000,0,1
606,1,733.1553,586.4917,53.1444,30.6415,1.000000,1,0
606,2,882.8741,582.9031,129.6497,17.4531,1.000000,1,0
606,3,-180.2815,548.6203,422.7194,63.5233,1.000000,0,1
606,4,281.0712,580.4393,104.1475,43.2900,1.000000,0,1
606,5,684.8585,534.3237,329.0223,86.1632,1.000000,0,1
606,6,530.7382,581.3220,171.0646,23.0099,1.000000,0,1
607,1,732.4553,586.5254,53.1180,30.6386,1.000000,1,0
607,2,882.1694,582.9545,129.5754,17.4525,1.000000,0.9375,0.0625
607,3,-180.0320,548.6786,422.7816,63.5368,1.000000,0,1
607,4,279.8802,580.6158,104.1857,43.2877,1.000000,0,1
607,5,685.0823,534.4518,329.0856,86.1788,1.000000,0,1
607,6,531.3030,581.4854,171.0927,23.0172,1.000000,0.0625,0.9375
608,1,731.7557,586.5582,53.0918,30.6358,1.000000,1,0
608,2,881.4650,583.0027,129.5013,17.4516,1.000000,0.875,0.125
608,3,-179.7744,548.7417,422.8405,63.5500,1.000000,0,1
608,4,278.6915,580.8019,104.2241,43.2856,1.000000,0,1
608,5,685.3070,534.5804,329.1487,86.1943,1.000000,0,1
608,6,531.8680,581.6523,171.1207,23.0245,1.000000,0,1
609,1,731.0562,586.5900,53.0656,30.6330,1.000000,1,0
609,2,880.7612,583.0475,129.4272,17.4506,1.000000,1,0
609,3,-179.5113,548.8087,422.8973,63.5630,1.000000,0,1
609,4,277.5041,580.9925,104.2623,43.2836,1.000000,0,1
609,5,685.5325,534.7087,329.2113,86.2097,1.000000,0,1
609,6,532.4332,581.8212,171.1484,23.0318,1.000000,0.125,0.875
610,1,730.3564,586.6203,53.0394,30.6302,1.000000,1,0
610,2,880.0583,583.0884,129.3531,17.4493,1.000000,0.9375,0.0625
610,3,-179.2442,548.8800,422.9529,63.5761,1.000000,0,1
610,4,276.3172,581.1829,104.3004,43.2816,1.000000,0,1
610,5,685.7587,534.8356,329.2729,86.2248,1.000000,0,1
610,6,532.9985,581.9902,171.1760,23.0391,1.000000,0,1
611,1,729.6563,586.6505,53.0134,30.6274,1.000000,1,0
611,2,879.3568,583.1268,129.2795,17.4479,1.000000,1,0
611,3,-178.9713,548.9580,423.0065,63.5889,1.000000,0,1
611,4,275.1320,581.3822,104.3389,43.2800,1.000000,0,1
611,5,685.9852,534.9640,329.3338,86.2397,1.000000,0,1
611,6,533.5642,582.1609,171.2030,23.0463,1.000000,0.125,0.875
612,1,728.9557,586.6800,52.9876,30.6245,1.000000,1,0
612,2,878.6567,583.1625,129.2062,17.4463,1.000000,0.875,0.125
612,3,-178.6938,549.0411,423.0581,63.6017,1.000000,0,1
612,4,273.9483,581.5855,104.3774,43.2785,1.000000,0,1
612,5,686.2118,535.0925,329.3942,86.2544,1.000000,0,1
612,6,534.1304,582.3318,171.2295,23.0535,1.000000,0.0625,0.9375
613,1,728.2554,586.7084,52.9617,30.6218,1.000000,1,0
613,2,877.9578,583.1949,129.1332,17.4446,1.000000,1,0
613,3,-178.4123,549.1285,423.1083,63.6143,1.000000,0,1
613,4,272.7652,581.7891,104.4157,43.2770,1.000000,0,1
613,5,686.4386,535.2197,329.4534,86.2688,1.000000,0,1
613,6,534.6972,582.5009,171.2557,23.0606,1.000000,0.125,0.875
614,1,727.5552,586.7369,52.9359,30.6190,1.000000,1,0
614,2,877.2606,583.2246,129.0602,17.4426,1.000000,1,0
614,3,-178.1277,549.2227,423.1572,63.6270,1.000000,0,1
614,4,271.5845,582.0014,104.4544,43.2759,1.000000,0,1
614,5,686.6651,535.3480,329.5114,86.2829,1.000000,0,1
614,6,535.2644,582.6705,171.2813,23.0676,1.000000,0.0625,0.9375
615,1,726.8552,586.7647,52.9101,30.6162,1.000000,1,0
615,2,876.5649,583.2512,128.9879,17.4406,1.000000,0.875,0.125
615,3,-177.8384,549.3213,423.2043,63.6396,1.000000,0,1
615,4,270.4050,582.2175,104.4930,43.2749,1.000000,0,1
615,5,686.8915,535.4761,329.5688,86.2969,1.000000,0,1
615,6,535.8320,582.8392,171.3064,23.0745,1.000000,0.125,0.875
616,1,726.1553,586.7913,52.8843,30.6133,1.000000,1,0
616,2,875.8705,583.2745,128.9159,17.4382,1.000000,1,0
616,3,-177.5432,549.4235,423.2486,63.6518,1.000000,0,1
616,4,269.2258,582.4328,104.5316,43.2738,1.000000,0,1
616,5,687.1180,535.6026,329.6249,86.3104,1.000000,0,1
616,6,536.4002,582.9924,171.3311,23.0949,1.000000,0,1
617,1,725.4560,586.8177,52.8586,30.6105,1.000000,1,0
617,2,875.1779,583.2947,128.8442,17.4359,1.000000,0.9375,0.0625
617,3,-177.2449,549.5314,423.2917,63.6640,1.000000,0,1
617,4,268.0471,582.6549,104.5703,43.2729,1.000000,0,1
617,5,687.3442,535.7293,329.6800,86.3237,1.000000,0,1
617,6,536.9686,583.1453,171.3550,23.1158,1.000000,0.1875,0.8125
618,1,724.7571,586.8432,52.8329,30.6076,1.000000,1,0
618,2,874.4866,583.3121,128.7728,17.4333,1.000000,1,0
618,3,-176.9434,549.6428,423.3333,63.6761,1.000000,0,1
618,4,266.8677,582.8777,104.6088,43.2740,1.000000,0,1
618,5,687.5705,535.8551,329.7339,86.3367,1.000000,0,1
618,6,537.5373,583.2976,171.3785,23.1364,1.000000,0.1875,0.8125
619,1,724.0588,586.8671,52.8071,30.6046,1.000000,1,0
619,2,873.7966,583.3268,128.7018,17.4306,1.000000,1,0
619,3,-176.6396,549.7557,423.3739,63.6881,1.000000,0,1
619,4,265.6884,583.0873,104.6471,43.2861,1.000000,0,1
619,5,687.7969,535.9788,329.7864,86.3492,1.000000,0,1
619,6,538.1064,583.4482,171.4015,23.1570,1.000000,0.125,0.875
620,1,723.3615,586.8905,52.7815,30.6016,1.000000,1,0
620,2,873.1076,583.3386,128.6313,17.4277,1.000000,0.875,0.125
620,3,-176.3313,549.8730,423.4125,63.6999,1.000000,0,1
620,4,264.5121,583.3025,104.6850,43.2985,1.000000,0,1
620,5,688.0231,536.1019,329.8382,86.3615,1.000000,0,1
620,6,538.6759,583.5997,171.4237,23.1774,1.000000,0.125,0.875
621,1,722.6649,586.9132,52.7560,30.5986,1.000000,1,0
621,2,872.4192,583.3477,128.5610,17.4248,1.000000,1,0
621,3,-176.0193,549.9927,423.4494,63.7115,1.000000,0,1
621,4,263.3374,583.5195,104.7227,43.3110,1.000000,0,1
621,5,688.2496,536.2234,329.8889,86.3734,1.000000,0,1
621,6,539.2457,583.7509,171.4455,23.1978,1.000000,0.0625,0.9375
622,1,721.9693,586.9347,52.7304,30.5956,1.000000,1,0
622,2,871.7316,583.3541,128.4911,17.4217,1.000000,1,0
622,3,-175.7075,550.1130,423.4864,63.7232,1.000000,0,1
622,4,262.1642,583.7325,104.7597,43.3228,1.000000,0,1
622,5,688.4762,536.3423,329.9386,86.3849,1.000000,0,1
622,6,539.8162,583.9004,171.4664,23.2180,1.000000,0.0625,0.9375
623,1,721.2749,586.9560,52.7051,30.5925,1.000000,1,0
623,2,871.0458,583.3577,128.4217,17.4184,1.000000,1,0
623,3,-175.3927,550.2361,423.5221,63.7347,1.000000,0,1
623,4,260.9929,583.9489,104.7966,43.3349,1.000000,0,1
623,5,688.7028,536.4604,329.9869,86.3961,1.000000,0,1
623,6,540.3871,584.0510,171.4869,23.2381,1.000000,0.0625,0.9375
624,1,720.5814,586.9766,52.6798,30.5895,1.000000,1,0
624,2,870.3616,583.3585,128.3527,17.4151,1.000000,1,0
624,3,-175.0744,550.3604,423.5563,63.7461,1.000000,0,1
624,4,259.8227,584.1648,104.8333,43.3469,1.000000,0,1
624,5,688.9295,536.5764,330.0341,86.4068,1.000000,0,1
624,6,540.9586,584.2018,171.5067,23.2582,1.000000,0.0625,0.9375
625,1,719.8885,586.9963,52.6545,30.5865,1.000000,1,0
625,2,869.6790,583.3570,128.2842,17.4116,1.000000,1,0
625,3,-174.7530,550.4844,423.5891,63.7572,1.000000,0,1
625,4,258.6525,584.3749,104.8694,43.3583,1.000000,0,1
625,5,689.1566,536.6894,330.0805,86.4172,1.000000,0,1
625,6,541.5309,584.3517,171.5259,23.2781,1.000000,0.125,0.875
626,1,719.1970,587.0167,52.6295,30.5836,1.000000,1,0
626,2,868.9987,583.3530,128.2163,17.4079,1.000000,1,0
626,3,-174.4290,550.6099,423.6209,63.7682,1.000000,0,1
626,4,257.4842,584.5873,104.9054,43.3698,1.000000,0,1
626,5,689.3839,536.8011,330.1259,86.4272,1.000000,0,1
626,6,542.1045,584.5013,171.5444,23.2979,1.000000,0.0625,0.9375
627,1,718.5064,587.0377,52.6044,30.5807,1.000000,1,0
627,2,868.3199,583.3468,128.1493,17.4043,1.000000,1,0
627,3,-174.1029,550.7356,423.6516,63.7790,1.000000,0,1
627,4,256.3170,584.7975,104.9412,43.3810,1.000000,0,1
627,5,689.6115,536.9106,330.1700,86.4368,1.000000,0,1
627,6,542.6794,584.6499,171.5623,23.3176,1.000000,0,1
628,1,717.8163,587.0590,52.5797,30.5780,1.000000,1,0
628,2,867.6427,583.3384,128.0825,17.4006,1.000000,1,0
628,3,-173.7737,550.8600,423.6808,63.7896,1.000000,0,1
628,4,255.1502,585.0002,104.9763,43.3913,1.000000,0,1
628,5,689.8395,537.0168,330.2130,86.4460,1.000000,0,1
628,6,543.2560,584.7971,171.5795,23.3369,1.000000,0,1
629,1,717.1274,587.0822,52.5551,30.5754,1.000000,1,0
629,2,866.9671,583.3276,128.0165,17.3968,1.000000,1,0
629,3,-173.4423,550.9850,423.7094,63.8001,1.000000,0,1
629,4,253.9835,585.2040,105.0119,43.4019,1.000000,0,1
629,5,690.0677,537.1215,330.2552,86.4549,1.000000,0,1
629,6,543.8340,584.9438,171.5958,23.3561,1.000000,0,1
630,1,716.4393,587.1066,52.5306,30.5730,1.000000,1,0
630,2,866.2928,583.3152,127.9512,17.3929,1.000000,0.9375,0.0625
630,3,-173.1091,551.1096,423.7371,63.8105,1.000000,0,1
630,4,252.8177,585.4044,105.0471,43.4121,1.000000,0,1
630,5,690.2964,537.2239,330.2966,86.4634,1.000000,0,1
630,6,544.4134,585.0892,171.6114,23.3751,1.000000,0.0625,0.9375
631,1,715.7515,587.1312,52.5061,30.5706,1.000000,1,0
631,2,865.6200,583.3015,127.8868,17.3892,1.000000,0.9375,0.0625
631,3,-172.7708,551.2327,423.7626,63.8205,1.000000,0,1
631,4,251.6537,585.5972,105.0818,43.4214,1.000000,0,1
631,5,690.5256,537.3223,330.3369,86.4715,1.000000,0,1
631,6,544.9940,585.2324,171.6260,23.3938,1.000000,0.25,0.75
632,1,715.0647,587.1592,52.4819,30.5685,1.000000,1,0
632,2,864.9484,583.2863,127.8229,17.3853,1.000000,1,0
632,3,-172.4297,551.3562,423.7870,63.8302,1.000000,0,1
632,4,250.4916,585.7911,105.1165,43.4308,1.000000,0,1
632,5,690.7551,537.4188,330.3763,86.4792,1.000000,0,1
632,6,545.5756,585.3740,171.6400,23.4121,1.000000,0.1875,0.8125
633,1,714.3782,587.1891,52.4578,30.5664,1.000000,1,0
633,2,864.2778,583.2703,127.7596,17.3815,1.000000,1,0
633,3,-172.0864,551.4792,423.8109,63.8398,1.000000,0,1
633,4,249.3295,585.9819,105.1514,43.4401,1.000000,0,1
633,5,690.9852,537.5131,330.4144,86.4865,1.000000,0,1
633,6,546.1583,585.5126,171.6531,23.4300,1.000000,0.0625,0.9375
634,1,713.6915,587.2202,52.4337,30.5645,1.000000,1,0
634,2,863.6083,583.2544,127.6973,17.3778,1.000000,1,0
634,3,-171.7400,551.6006,423.8333,63.8493,1.000000,0,1
634,4,248.1673,586.1658,105.1860,43.4486,1.000000,0,1
634,5,691.2158,537.6041,330.4522,86.4936,1.000000,0,1
634,6,546.7422,585.6466,171.6653,23.4473,1.000000,0.125,0.875
635,1,713.0053,587.2548,52.4097,30.5628,1.000000,1,0
635,2,862.9397,583.2378,127.6356,17.3741,1.000000,1,0
635,3,-171.3935,551.7229,423.8564,63.8588,1.000000,0,1
635,4,247.0058,586.3498,105.2206,43.4572,1.000000,0,1
635,5,691.4467,537.6929,330.4895,86.5004,1.000000,0,1
635,6,547.3270,585.7776,171.6768,23.4643,1.000000,0,1
636,1,712.3188,587.2917,52.3857,30.5613,1.000000,1,0
636,2,862.2722,583.2213,127.5745,17.3706,1.000000,1,0
636,3,-171.0455,551.8450,423.8792,63.8683,1.000000,0,1
636,4,245.8437,586.5311,105.2553,43.4656,1.000000,0,1
636,5,691.6782,537.7789,330.5261,86.5068,1.000000,0,1
636,6,547.9127,585.9046,171.6876,23.4807,1.000000,0,1
637,1,711.6315,587.3298,52.3617,30.5598,1.000000,1,0
637,2,861.6058,583.2054,127.5140,17.3671,1.000000,1,0
637,3,-170.6938,551.9663,423.9004,63.8775,1.000000,0,1
637,4,244.6795,586.7068,105.2898,43.4734,1.000000,0,1
637,5,691.9107,537.8611,330.5615,86.5128,1.000000,0,1
637,6,548.4996,586.0255,171.6973,23.4963,1.000000,0.125,0.875
638,1,710.9449,587.3722,52.3377,30.5585,1.000000,1,0
638,2,860.9410,583.1898,127.4542,17.3637,1.000000,1,0
638,3,-170.3419,552.0892,423.9223,63.8869,1.000000,0,1
638,4,243.5160,586.8827,105.3244,43.4813,1.000000,0,1
638,5,692.1437,537.9410,330.5963,86.5185,1.000000,0,1
638,6,549.0874,586.1414,171.7062,23.5113,1.000000,0.125,0.875
639,1,710.2585,587.4169,52.3136,30.5573,1.000000,1,0
639,2,860.2772,583.1746,127.3951,17.3604,1.000000,1,0
639,3,-169.9892,552.2128,423.9442,63.8963,1.000000,0,1
639,4,242.3520,587.0563,105.3589,43.4889,1.000000,0,1
639,5,692.3771,538.0179,330.6309,86.5239,1.000000,0,1
639,6,549.6760,586.2518,171.7143,23.5255,1.000000,0.1875,0.8125
640,1,709.5718,587.4628,52.2897,30.5561,1.000000,1,0
640,2,859.6143,583.1602,127.3364,17.3573,1.000000,1,0
640,3,-169.6338,552.3365,423.9651,63.9056,1.000000,0,1
640,4,241.1856,587.2255,105.3936,43.4962,1.000000,0,1
640,5,692.6111,538.0912,330.6652,86.5291,1.000000,0,1
640,6,550.2656,586.3555,171.7211,23.5389,1.000000,0.1875,0.8125
641,1,708.8861,587.5131,52.2658,30.5553,1.000000,1,0
641,2,858.9521,583.1462,127.2783,17.3542,1.000000,1,0
641,3,-169.2776,552.4626,423.9864,63.9150,1.000000,0,1
641,4,240.0195,587.3951,105.4283,43.5035,1.000000,0,1
641,5,692.8453,538.1620,330.6995,86.5343,1.000000,0,1
641,6,550.8561,586.4532,171.7271,23.5515,1.000000,0.1875,0.8125
642,1,708.2007,587.5658,52.2419,30.5545,1.000000,1,0
642,2,858.2909,583.1332,127.2206,17.3513,1.000000,1,0
642,3,-168.9199,552.5900,424.0072,63.9244,1.000000,0,1
642,4,238.8533,587.5631,105.4628,43.5106,1.000000,0,1
642,5,693.0800,538.2299,330.7335,86.5392,1.000000,0,1
642,6,551.4474,586.5450,171.7320,23.5634,1.000000,0.1875,0.8125
643,1,707.5152,587.6191,52.2178,30.5538,1.000000,1,0
643,2,857.6302,583.1223,127.1635,17.3485,1.000000,1,0
643,3,-168.5596,552.7177,424.0273,63.9337,1.000000,0,1
643,4,237.6858,587.7273,105.4974,43.5173,1.000000,0,1
643,5,693.3153,538.2941,330.7670,86.5437,1.000000,0,1
643,6,552.0389,586.6301,171.7361,23.5745,1.000000,0.1875,0.8125
644,1,706.8307,587.6772,52.1940,30.5534,1.000000,1,0
644,2,856.9705,583.1125,127.1068,17.3459,1.000000,1,0
644,3,-168.1982,552.8484,424.0474,63.9431,1.000000,0,1
644,4,236.5199,587.8927,105.5318,43.5242,1.000000,0,1
644,5,693.5513,538.3555,330.8004,86.5481,1.000000,0,1
644,6,552.6310,586.7090,171.7396,23.5847,1.000000,0.1875,0.8125
645,1,706.1464,587.7380,52.1702,30.5531,1.000000,1,0
645,2,856.3114,583.1049,127.0510,17.3435,1.000000,1,0
645,3,-167.8358,552.9809,424.0673,63.9525,1.000000,0,1
645,4,235.3553,588.0571,105.5659,43.5309,1.000000,0,1
645,5,693.7877,538.4141,330.8340,86.5524,1.000000,0,1
645,6,553.2233,586.7822,171.7422,23.5943,1.000000,0.1875,0.8125
646,1,705.4615,587.7998,52.1464,30.5528,1.000000,1,0
646,2,855.6531,583.0996,126.9953,17.3413,1.000000,1,0
646,3,-167.4728,553.1138,424.0873,63.9620,1.000000,0,1
646,4,234.1913,588.2182,105.5998,43.5371,1.000000,0,1
646,5,694.0245,538.4688,330.8674,86.5565,1.000000,0,1
646,6,553.8159,586.8497,171.7438,23.6032,1.000000,0.25,0.75
647,1,704.7779,587.8677,52.1226,30.5529,1.000000,1,0
647,2,854.9956,583.0963,126.9401,17.3392,1.000000,1,0
647,3,-167.1071,553.2502,424.1062,63.9714,1.000000,0,1
647,4,233.0275,588.3813,105.6339,43.5437,1.000000,0,1
647,5,694.2617,538.5206,330.9009,86.5604,1.000000,0,1
647,6,554.4087,586.9117,171.7450,23.6113,1.000000,0,1
648,1,704.0941,587.9388,52.0989,30.5532,1.000000,1,0
648,2,854.3389,583.0955,126.8856,17.3374,1.000000,1,0
648,3,-166.7407,553.3882,424.1250,63.9808,1.000000,0,1
648,4,231.8640,588.5435,105.6678,43.5501,1.000000,0,1
648,5,694.4993,538.5692,330.9346,86.5642,1.000000,0,1
648,6,555.0020,586.9687,171.7455,23.6189,1.000000,0.0625,0.9375
649,1,703.4091,588.0110,52.0751,30.5535,1.000000,1,0
649,2,853.6836,583.0973,126.8315,17.3359,1.000000,1,0
649,3,-166.3737,553.5264,424.1436,63.9903,1.000000,0,1
649,4,230.7014,588.7028,105.7010,43.5559,1.000000,0,1
649,5,694.7372,538.6140,330.9678,86.5677,1.000000,0,1
649,6,555.5959,587.0194,171.7452,23.6257,1.000000,0.375,0.625
650,1,702.7239,588.0904,52.0516,30.5544,1.000000,1,0
650,2,853.0305,583.1021,126.7777,17.3344,1.000000,1,0
650,3,-166.0062,553.6682,424.1621,63.9998,1.000000,0,1
650,4,229.5392,588.8649,105.7344,43.5621,1.000000,0,1
650,5,694.9755,538.6556,331.0015,86.5713,1.000000,0,1
650,6,556.1906,587.0648,171.7443,23.6318,1.000000,0.3125,0.6875
651,1,702.0374,588.1736,52.0281,30.5553,1.000000,0.9375,0.0625
651,2,852.3787,583.1100,126.7246,17.3333,1.000000,1,0
651,3,-165.6393,553.8115,424.1809,64.0094,1.000000,0,1
651,4,228.3765,589.0272,105.7678,43.5683,1.000000,0,1
651,5,695.2139,538.6943,331.0358,86.5748,1.000000,0,1
651,6,556.7860,587.1050,171.7428,23.6374,1.000000,0.125,0.875
652,1,701.3492,588.2583,52.0042,30.5563,1.000000,1,0
652,2,851.7275,583.1213,126.6720,17.3326,1.000000,1,0
652,3,-165.2722,553.9550,424.1994,64.0189,1.000000,0,1
652,4,227.2133,589.1879,105.8009,43.5743,1.000000,0,1
652,5,695.4526,538.7301,331.0699,86.5782,1.000000,0,1
652,6,557.3821,587.1388,171.7402,23.6420,1.000000,0.125,0.875
653,1,700.6616,588.3520,51.9805,30.5577,1.000000,1,0
653,2,851.0770,583.1367,126.6198,17.3321,1.000000,1,0
653,3,-164.9056,554.1016,424.2179,64.0287,1.000000,0,1
653,4,226.0514,589.3528,105.8339,43.5805,1.000000,0,1
653,5,695.6915,538.7631,331.1043,86.5815,1.000000,0,1
653,6,557.9791,587.1672,171.7369,23.6461,1.000000,0.25,0.75
654,1,699.9730,588.4496,51.9565,30.5593,1.000000,1,0
654,2,850.4269,583.1561,126.5681,17.3319,1.000000,1,0
654,3,-164.5403,554.2496,424.2370,64.0385,1.000000,0,1
654,4,224.8910,589.5187,105.8663,43.5867,1.000000,0,1
654,5,695.9303,538.7933,331.1388,86.5846,1.000000,0,1
654,6,558.5767,587.1910,171.7330,23.6495,1.000000,0.0625,0.9375
655,1,699.2825,588.5480,51.9323,30.5607,1.000000,1,0
655,2,849.7767,583.1801,126.5167,17.3320,1.000000,1,0
655,3,-164.1758,554.3975,424.2561,64.0483,1.000000,0,1
655,4,223.7309,589.6828,105.8986,43.5927,1.000000,0,1
655,5,696.1691,538.8203,331.1733,86.5877,1.000000,0,1
655,6,559.1747,587.2099,171.7283,23.6523,1.000000,0.0625,0.9375
656,1,698.5922,588.6532,51.9080,30.5624,1.000000,1,0
656,2,849.1271,583.2103,126.4659,17.3326,1.000000,1,0
656,3,-163.8136,554.5481,424.2760,64.0584,1.000000,0,1
656,4,222.5714,589.8523,105.9308,43.5990,1.000000,0,1
656,5,696.4075,538.8452,331.2080,86.5907,1.000000,0,1
656,6,559.7730,587.2240,171.7231,23.6545,1.000000,0.25,0.75
657,1,697.9010,588.7610,51.8834,30.5642,1.000000,1,0
657,2,848.4775,583.2460,126.4155,17.3336,1.000000,1,0
657,3,-163.4542,554.6999,424.2971,64.0686,1.000000,0,1
657,4,221.4128,590.0231,105.9629,43.6055,1.000000,0,1
657,5,696.6456,538.8680,331.2426,86.5936,1.000000,0,1
657,6,560.3713,587.2344,171.7176,23.6564,1.000000,0.125,0.875
658,1,697.2076,588.8683,51.8584,30.5657,1.000000,0.875,0.125
658,2,847.8275,583.2866,126.3654,17.3350,1.000000,1,0
658,3,-163.0962,554.8514,424.3184,64.0789,1.000000,0,1
658,4,220.2560,590.1921,105.9943,43.6115,1.000000,0,1
658,5,696.8837,538.8885,331.2775,86.5965,1.000000,0,1
658,6,560.9696,587.2401,171.7114,23.6575,1.000000,0.1875,0.8125
659,1,696.5148,588.9816,51.8333,30.5674,1.000000,0.9375,0.0625
659,2,847.1774,583.3336,126.3151,17.3368,1.000000,1,0
659,3,-162.7411,555.0055,424.3408,64.0894,1.000000,0,1
659,4,219.1015,590.3668,106.0258,43.6182,1.000000,0,1
659,5,697.1215,538.9069,331.3123,86.5992,1.000000,0,1
659,6,561.5684,587.2390,171.7045,23.6579,1.000000,0.0625,0.9375
660,1,695.8212,589.0964,51.8079,30.5690,1.000000,0.9375,0.0625
660,2,846.5271,583.3858,126.2651,17.3388,1.000000,1,0
660,3,-162.3879,555.1606,424.3637,64.1001,1.000000,0,1
660,4,217.9488,590.5428,106.0570,43.6247,1.000000,0,1
660,5,697.3590,538.9236,331.3478,86.6021,1.000000,0,1
660,6,562.1672,587.2323,171.6974,23.6577,1.000000,0.25,0.75
661,1,695.1256,589.2098,51.7821,30.5703,1.000000,1,0
661,2,845.8765,583.4421,126.2152,17.3413,1.000000,1,0
661,3,-162.0361,555.3153,424.3871,64.1107,1.000000,0,1
661,4,216.7979,590.7162,106.0876,43.6309,1.000000,0,1
661,5,697.5962,538.9394,331.3834,86.6050,1.000000,0,1
661,6,562.7655,587.2205,171.6898,23.6569,1.000000,0.375,0.625
662,1,694.4305,589.3280,51.7561,30.5718,1.000000,0.875,0.125
662,2,845.2262,583.5040,126.1653,17.3440,1.000000,1,0
662,3,-161.6862,555.4715,424.4113,64.1217,1.000000,0,1
662,4,215.6470,590.8940,106.1185,43.6376,1.000000,0,1
662,5,697.8326,538.9539,331.4196,86.6079,1.000000,0,1
662,6,563.3636,587.2024,171.6962,23.6553,1.000000,0.25,0.75
663,1,693.7345,589.4469,51.7300,30.5732,1.000000,1,0
663,2,844.5763,583.5701,126.1154,17.3470,1.000000,1,0
663,3,-161.3379,555.6279,424.4364,64.1327,1.000000,0,1
663,4,214.4973,591.0728,106.1490,43.6443,1.000000,0,1
663,5,698.0685,538.9675,331.4561,86.6110,1.000000,0,1
663,6,563.9612,587.1791,171.7213,23.6532,1.000000,0.3125,0.6875
664,1,693.0376,589.5640,51.7033,30.5743,1.000000,0.8125,0.1875
664,2,843.9261,583.6401,126.0653,17.3502,1.000000,1,0
664,3,-160.9902,555.7832,424.4617,64.1438,1.000000,0,1
664,4,213.3487,591.2495,106.1793,43.6507,1.000000,0,1
664,5,698.3041,538.9805,331.4932,86.6142,1.000000,0,1
664,6,564.5576,587.1519,171.7462,23.6507,1.000000,0.125,0.875
665,1,692.3425,589.6849,51.6766,30.5754,1.000000,0.8125,0.1875
665,2,843.2757,583.7150,126.0151,17.3538,1.000000,1,0
665,3,-160.6438,555.9404,424.4877,64.1550,1.000000,0,1
665,4,212.2013,591.4304,106.2097,43.6575,1.000000,0,1
665,5,698.5387,538.9937,331.5306,86.6175,1.000000,0,1
665,6,565.1533,587.1193,171.7713,23.6476,1.000000,0.125,0.875
666,1,691.6476,589.8057,51.6498,30.5765,1.000000,0.75,0.25
666,2,842.6246,583.7935,125.9643,17.3574,1.000000,1,0
666,3,-160.2985,556.0981,424.5142,64.1664,1.000000,0,1
666,4,211.0555,591.6119,106.2399,43.6642,1.000000,0,1
666,5,698.7727,539.0070,331.5682,86.6209,1.000000,0,1
666,6,565.7477,587.0823,171.7966,23.6441,1.000000,0.1875,0.8125
667,1,690.9514,589.9235,51.6227,30.5774,1.000000,0.8125,0.1875
667,2,841.9724,583.8749,125.9131,17.3613,1.000000,1,0
667,3,-159.9535,556.2551,424.5407,64.1777,1.000000,0,1
667,4,209.9107,591.7913,106.2697,43.6707,1.000000,0,1
667,5,699.0063,539.0200,331.6066,86.6245,1.000000,0,1
667,6,566.3409,587.0417,171.8220,23.6402,1.000000,0.4375,0.5625
668,1,690.2563,590.0441,51.5960,30.5783,1.000000,0.75,0.25
668,2,841.3196,583.9606,125.8615,17.3653,1.000000,1,0
668,3,-159.6092,556.4144,424.5673,64.1890,1.000000,0,1
668,4,208.7681,591.9756,106.2995,43.6777,1.000000,0,1
668,5,699.2390,539.0338,331.6454,86.6282,1.000000,0,1
668,6,566.9330,586.9966,171.8475,23.6360,1.000000,0.3125,0.6875
669,1,689.5610,590.1634,51.5687,30.5791,1.000000,0.875,0.125
669,2,840.6660,584.0496,125.8093,17.3695,1.000000,1,0
669,3,-159.2644,556.5740,424.5932,64.2004,1.000000,0,1
669,4,207.6281,592.1612,106.3290,43.6846,1.000000,0,1
669,5,699.4711,539.0483,331.6850,86.6322,1.000000,0,1
669,6,567.5237,586.9488,171.8734,23.6314,1.000000,0.0625,0.9375
670,1,688.8641,590.2782,51.5413,30.5795,1.000000,0.625,0.375
670,2,840.0115,584.1410,125.7567,17.3738,1.000000,1,0
670,3,-158.9183,556.7325,424.6179,64.2114,1.000000,0,1
670,4,206.4911,592.3455,106.3578,43.6912,1.000000,0,1
670,5,699.7027,539.0639,331.7254,86.6365,1.000000,0,1
670,6,568.1127,586.8992,171.8997,23.6267,1.000000,0.3125,0.6875
671,1,688.1686,590.3953,51.5140,30.5802,1.000000,0.6875,0.3125
671,2,839.3566,584.2370,125.7035,17.3783,1.000000,1,0
671,3,-158.5731,556.8925,424.6428,64.2225,1.000000,0,1
671,4,205.3577,592.5363,106.3864,43.6984,1.000000,0,1
671,5,699.9329,539.0815,331.7665,86.6411,1.000000,0,1
671,6,568.7009,586.8465,171.9265,23.6218,1.000000,0.3125,0.6875
672,1,687.4727,590.5108,51.4868,30.5807,1.000000,0.6875,0.3125
672,2,838.7012,584.3361,125.6497,17.3828,1.000000,1,0
672,3,-158.2270,557.0517,424.6669,64.2335,1.000000,0,1
672,4,204.2277,592.7290,106.4146,43.7055,1.000000,0,1
672,5,700.1624,539.1007,331.8085,86.6461,1.000000,0,1
672,6,569.2881,586.7924,171.9537,23.6168,1.000000,0.25,0.75
673,1,686.7755,590.6207,51.4593,30.5807,1.000000,0.625,0.375
673,2,838.0450,584.4373,125.5953,17.3875,1.000000,1,0
673,3,-157.8779,557.2086,424.6894,64.2442,1.000000,0,1
673,4,203.1015,592.9200,106.4417,43.7122,1.000000,0,1
673,5,700.3912,539.1212,331.8510,86.6512,1.000000,0,1
673,6,569.8738,586.7377,171.9816,23.6117,1.000000,0.4375,0.5625
674,1,686.0795,590.7321,51.4318,30.5810,1.000000,0.625,0.375
674,2,837.3885,584.5426,125.5404,17.3923,1.000000,1,0
674,3,-157.5282,557.3660,424.7112,64.2547,1.000000,0,1
674,4,201.9792,593.1177,106.4683,43.7192,1.000000,0,1
674,5,700.6190,539.1442,331.8942,86.6566,1.000000,0,1
674,6,570.4588,586.6825,172.0098,23.6068,1.000000,0.1875,0.8125
675,1,685.3832,590.8404,51.4042,30.5809,1.000000,0.5625,0.4375
675,2,836.7316,584.6504,125.4849,17.3973,1.000000,1,0
675,3,-157.1770,557.5220,424.7323,64.2650,1.000000,0,1
675,4,200.8613,593.3168,106.4940,43.7261,1.000000,0,1
675,5,700.8463,539.1689,331.9379,86.6623,1.000000,0,1
675,6,571.0430,586.6279,172.0386,23.6019,1.000000,0.125,0.875
676,1,684.6857,590.9410,51.3763,30.5803,1.000000,0.4375,0.5625
676,2,836.0741,584.7594,125.4286,17.4022,1.000000,1,0
676,3,-156.8238,557.6746,424.7523,64.2752,1.000000,0,1
676,4,199.7479,593.5134,106.5183,43.7323,1.000000,0,1
676,5,701.0728,539.1956,331.9822,86.6683,1.000000,0,1
676,6,571.6265,586.5751,172.0676,23.5973,1.000000,0.1875,0.8125
677,1,683.9896,591.0414,51.3485,30.5797,1.000000,0.8125,0.1875
677,2,835.4160,584.8717,125.3721,17.4073,1.000000,1,0
677,3,-156.4700,557.8263,424.7717,64.2852,1.000000,0,1
677,4,198.6400,593.7150,106.5421,43.7387,1.000000,0,1
677,5,701.2982,539.2245,332.0270,86.6745,1.000000,0,1
677,6,572.2101,586.5225,172.0970,23.5927,1.000000,0.1875,0.8125
678,1,683.2935,591.1377,51.3249,30.5788,1.000000,0.4375,0.5625
678,2,834.7571,584.9860,125.3148,17.4123,1.000000,1,0
678,3,-156.1150,557.9755,424.7903,64.2949,1.000000,0,1
678,4,197.5372,593.9165,106.5646,43.7447,1.000000,0,1
678,5,701.5229,539.2553,332.0722,86.6809,1.000000,0,1
678,6,572.7940,586.4708,172.1264,23.5883,1.000000,0.3125,0.6875
679,1,682.5971,591.2264,51.3140,30.5773,1.000000,0.5625,0.4375
679,2,834.0970,585.1008,125.2567,17.4173,1.000000,1,0
679,3,-155.7583,558.1206,424.8080,64.3044,1.000000,0,1
679,4,196.4389,594.1141,106.5860,43.7499,1.000000,0,1
679,5,701.7473,539.2877,332.1179,86.6875,1.000000,0,1
679,6,573.3779,586.4209,172.1561,23.5841,1.000000,0.25,0.75
680,1,681.9026,591.3130,51.3032,30.5757,1.000000,0.375,0.625
680,2,833.4364,585.2186,125.1985,17.4226,1.000000,1,0
680,3,-155.4011,558.2638,424.8252,64.3137,1.000000,0,1
680,4,195.3459,594.3146,106.6065,43.7551,1.000000,0,1
680,5,701.9708,539.3226,332.1640,86.6944,1.000000,0,1
680,6,573.9627,586.3718,172.1859,23.5800,1.000000,0.125,0.875
681,1,681.2094,591.3949,51.2922,30.5737,1.000000,0.5,0.5
681,2,832.7753,585.3375,125.1400,17.4278,1.000000,1,0
681,3,-155.0425,558.4035,424.8419,64.3229,1.000000,0,1
681,4,194.2567,594.5123,106.6260,43.7597,1.000000,0,1
681,5,702.1939,539.3592,332.2103,86.7014,1.000000,0,1
681,6,574.5480,586.3236,172.2155,23.5759,1.000000,0.125,0.875
682,1,680.5167,591.4702,51.2809,30.5713,1.000000,0.625,0.375
682,2,832.1133,585.4562,125.0810,17.4329,1.000000,1,0
682,3,-154.6827,558.5386,424.8580,64.3317,1.000000,0,1
682,4,193.1711,594.7030,106.6445,43.7634,1.000000,0,1
682,5,702.4169,539.3970,332.2566,86.7085,1.000000,0,1
682,6,575.1336,586.2775,172.2451,23.5720,1.000000,0.1875,0.8125
683,1,679.8256,591.5415,51.2697,30.5686,1.000000,0.6875,0.3125
683,2,831.4513,585.5777,125.0217,17.4382,1.000000,1,0
683,3,-154.3243,558.6711,424.8748,64.3406,1.000000,0,1
683,4,192.0914,594.8926,106.6620,43.7666,1.000000,0,1
683,5,702.6392,539.4362,332.3032,86.7158,1.000000,0,1
683,6,575.7195,586.2323,172.2744,23.5683,1.000000,0.3125,0.6875
684,1,679.1352,591.6066,51.2580,30.5655,1.000000,0.375,0.625
684,2,830.7887,585.7001,124.9625,17.4436,1.000000,1,0
684,3,-153.9664,558.7993,424.8917,64.3495,1.000000,0,1
684,4,191.0161,595.0773,106.6785,43.7691,1.000000,0,1
684,5,702.8610,539.4765,332.3499,86.7230,1.000000,0,1
684,6,576.3057,586.1873,172.3035,23.5645,1.000000,0.0625,0.9375
685,1,678.4451,591.6636,51.2462,30.5617,1.000000,0.4375,0.5625
685,2,830.1252,585.8212,124.9025,17.4487,1.000000,1,0
685,3,-153.6082,558.9219,424.9084,64.3580,1.000000,0,1
685,4,189.9451,595.2531,106.6941,43.7704,1.000000,0,1
685,5,703.0830,539.5173,332.3965,86.7303,1.000000,0,1
685,6,576.8921,586.1415,172.3323,23.5606,1.000000,0.3125,0.6875
686,1,677.7563,591.7169,51.2342,30.5577,1.000000,0.4375,0.5625
686,2,829.4613,585.9429,124.8422,17.4539,1.000000,1,0
686,3,-153.2516,559.0415,424.9261,64.3667,1.000000,0,1
686,4,188.8810,595.4260,106.7088,43.7714,1.000000,0,1
686,5,703.3045,539.5593,332.4431,86.7377,1.000000,0,1
686,6,577.4793,586.0947,172.3607,23.5564,1.000000,0.375,0.625
687,1,677.0684,591.7639,51.2219,30.5533,1.000000,0.5625,0.4375
687,2,828.7969,586.0642,124.7815,17.4590,1.000000,1,0
687,3,-152.8964,559.1564,424.9445,64.3752,1.000000,0,1
687,4,187.8223,595.5892,106.7230,43.7713,1.000000,0,1
687,5,703.5257,539.6019,332.4893,86.7451,1.000000,0,1
687,6,578.0670,586.0461,172.3886,23.5521,1.000000,0.0625,0.9375
688,1,676.3806,591.8021,51.2096,30.5482,1.000000,0.375,0.625
688,2,828.1318,586.1830,124.7203,17.4638,1.000000,1,0
688,3,-152.5423,559.2656,424.9631,64.3837,1.000000,0,1
688,4,186.7686,595.7362,106.7359,43.7694,1.000000,0,1
688,5,703.7466,539.6454,332.5356,86.7525,1.000000,0,1
688,6,578.6549,585.9953,172.4163,23.5475,1.000000,0.3125,0.6875
689,1,675.6946,591.8354,51.1970,30.5428,1.000000,0.375,0.625
689,2,827.4661,586.3018,124.6588,17.4687,1.000000,1,0
689,3,-152.1897,559.3704,424.9824,64.3921,1.000000,0,1
689,4,185.7201,595.8758,106.7482,43.7668,1.000000,0,1
689,5,703.9670,539.6895,332.5820,86.7599,1.000000,0,1
689,6,579.2437,585.9420,172.4436,23.5426,1.000000,0.1875,0.8125
690,1,675.0095,591.8625,51.1842,30.5369,1.000000,0.625,0.375
690,2,826.7993,586.4186,124.5966,17.4732,1.000000,1,0
690,3,-151.8385,559.4699,425.0027,64.4005,1.000000,0,1
690,4,184.6753,596.0054,106.7603,43.7632,1.000000,0,1
690,5,704.1875,539.7339,332.6278,86.7672,1.000000,0,1
690,6,579.8329,585.8866,172.4706,23.5374,1.000000,0.1875,0.8125
691,1,674.3252,591.8820,51.1711,30.5306,1.000000,0.4375,0.5625
691,2,826.1306,586.5313,124.5335,17.4775,1.000000,1,0
691,3,-151.4895,559.5635,425.0240,64.4089,1.000000,0,1
691,4,183.6350,596.1212,106.7714,43.7582,1.000000,0,1
691,5,704.4080,539.7781,332.6733,86.7745,1.000000,0,1
691,6,580.4221,585.8293,172.4975,23.5319,1.000000,0.25,0.75
692,1,673.6425,591.8956,51.1580,30.5238,1.000000,0.5,0.5
692,2,825.4601,586.6423,124.4698,17.4815,1.000000,1,0
692,3,-151.1430,559.6528,425.0464,64.4173,1.000000,0,1
692,4,182.5990,596.2294,106.7823,43.7525,1.000000,0,1
692,5,704.6284,539.8227,332.7185,86.7816,1.000000,0,1
692,6,581.0115,585.7698,172.5242,23.5262,1.000000,0.125,0.875
693,1,672.9609,591.9033,51.1446,30.5166,1.000000,0.125,0.875
693,2,824.7882,586.7505,124.4053,17.4853,1.000000,1,0
693,3,-150.7977,559.7369,425.0692,64.4256,1.000000,0,1
693,4,181.5665,596.3293,106.7927,43.7460,1.000000,0,1
693,5,704.8489,539.8669,332.7637,86.7887,1.000000,0,1
693,6,581.6008,585.7087,172.5509,23.5204,1.000000,0.4375,0.5625
694,1,672.2802,591.9042,51.1310,30.5090,1.000000,0.25,0.75
694,2,824.1150,586.8541,124.3398,17.4886,1.000000,1,0
694,3,-150.4542,559.8145,425.0928,64.4338,1.000000,0,1
694,4,180.5385,596.4191,106.8025,43.7385,1.000000,0,1
694,5,705.0696,539.9105,332.8087,86.7958,1.000000,0,1
694,6,582.1899,585.6463,172.5778,23.5144,1.000000,0.3125,0.6875
695,1,671.6004,591.8985,51.1173,30.5009,1.000000,0.4375,0.5625
695,2,823.4405,586.9553,124.2732,17.4916,1.000000,1,0
695,3,-150.1131,559.8873,425.1174,64.4419,1.000000,0,1
695,4,179.5148,596.5024,106.8117,43.7302,1.000000,0,1
695,5,705.2905,539.9540,332.8533,86.8027,1.000000,0,1
695,6,582.7790,585.5820,172.6047,23.5083,1.000000,0.3125,0.6875
696,1,670.9214,591.8864,51.1035,30.4923,1.000000,0.375,0.625
696,2,822.7646,587.0527,124.2056,17.4943,1.000000,1,0
696,3,-149.7737,559.9550,425.1428,64.4502,1.000000,0,1
696,4,178.4943,596.5779,106.8205,43.7213,1.000000,0,1
696,5,705.5120,539.9967,332.8977,86.8096,1.000000,0,1
696,6,583.3677,585.5163,172.6318,23.5020,1.000000,0.1875,0.8125
697,1,670.2430,591.8675,51.0894,30.4834,1.000000,0.5,0.5
697,2,822.0877,587.1442,124.1370,17.4964,1.000000,1,0
697,3,-149.4356,560.0161,425.1692,64.4582,1.000000,0,1
697,4,177.4767,596.6438,106.8289,43.7113,1.000000,0,1
697,5,705.7340,540.0386,332.9421,86.8164,1.000000,0,1
697,6,583.9556,585.4498,172.6594,23.4957,1.000000,0.1875,0.8125
698,1,669.5649,591.8406,51.0750,30.4739,1.000000,0.3125,0.6875
698,2,821.4094,587.2310,124.0669,17.4981,1.000000,1,0
698,3,-149.0994,560.0716,425.1964,64.4663,1.000000,0,1
698,4,176.4607,596.7051,106.8372,43.7010,1.000000,0,1
698,5,705.9565,540.0799,332.9865,86.8231,1.000000,0,1
698,6,584.5434,585.3825,172.6873,23.4894,1.000000,0.4375,0.5625
699,1,668.8871,591.8074,51.0605,30.4639,1.000000,0.375,0.625
699,2,820.7299,587.3122,123.9957,17.4992,1.000000,1,0
699,3,-148.7636,560.1210,425.2240,64.4742,1.000000,0,1
699,4,175.4445,596.7623,106.8454,43.6903,1.000000,0,1
699,5,706.1795,540.1204,333.0307,86.8298,1.000000,0,1
699,6,585.1309,585.3149,172.7156,23.4831,1.000000,0.125,0.875
700,1,668.2098,591.7686,51.0460,30.4536,1.000000,0.1875,0.8125
700,2,820.0490,587.3868,123.9232,17.4998,1.000000,1,0
700,3,-148.4271,560.1643,425.2515,64.4819,1.000000,0,1
700,4,174.4283,596.8147,106.8535,43.6791,1.000000,0,1
700,5,706.4031,540.1603,333.0750,86.8364,1.000000,0,1
700,6,585.7183,585.2476,172.7446,23.4769,1.000000,0.25,0.75
701,1,667.5330,591.7213,51.0311,30.4428,1.000000,0.4375,0.5625
701,2,819.3667,587.4557,123.8497,17.4998,1.000000,1,0
701,3,-148.0920,560.2032,425.2797,64.4896,1.000000,0,1
701,4,173.4138,596.8645,106.8609,43.6675,1.000000,0,1
701,5,706.6273,540.1995,333.1194,86.8430,1.000000,0,1
701,6,586.3058,585.1800,172.7740,23.4707,1.000000,0.3125,0.6875
702,1,666.8566,591.6677,51.0162,30.4316,1.000000,0.0625,0.9375
702,2,818.6830,587.5179,123.7748,17.4992,1.000000,1,0
702,3,-147.7574,560.2371,425.3082,64.4971,1.000000,0,1
702,4,172.4010,596.9114,106.8679,43.6555,1.000000,0,1
702,5,706.8523,540.2374,333.1639,86.8495,1.000000,0,1
702,6,586.8934,585.1125,172.8040,23.4647,1.000000,0.0625,0.9375
703,1,666.1809,591.6092,51.0012,30.4200,1.000000,0.125,0.875
703,2,817.9979,587.5718,123.6982,17.4979,1.000000,1,0
703,3,-147.4224,560.2657,425.3365,64.5045,1.000000,0,1
703,4,171.3892,596.9543,106.8746,43.6430,1.000000,0,1
703,5,707.0778,540.2740,333.2085,86.8560,1.000000,0,1
703,6,587.4810,585.0458,172.8347,23.4588,1.000000,0.1875,0.8125
704,1,665.5057,591.5425,50.9860,30.4079,1.000000,0.125,0.875
704,2,817.3109,587.6185,123.6206,17.4960,1.000000,1,0
704,3,-147.0863,560.2892,425.3646,64.5116,1.000000,0,1
704,4,170.3798,596.9946,106.8804,43.6301,1.000000,0,1
704,5,707.3038,540.3102,333.2531,86.8625,1.000000,0,1
704,6,588.0689,584.9800,172.8660,23.4530,1.000000,0.1875,0.8125
705,1,664.8315,591.4702,50.9705,30.3953,1.000000,0.125,0.875
705,2,816.6228,587.6578,123.5415,17.4935,1.000000,1,0
705,3,-146.7494,560.3082,425.3923,64.5186,1.000000,0,1
705,4,169.3722,597.0326,106.8858,43.6168,1.000000,0,1
705,5,707.5300,540.3454,333.2982,86.8690,1.000000,0,1
705,6,588.6573,584.9149,172.8979,23.4475,1.000000,0.0625,0.9375
706,1,664.1584,591.3939,50.9551,30.3827,1.000000,0.0625,0.9375
706,2,815.9338,587.6892,123.4614,17.4903,1.000000,1,0
706,3,-146.4122,560.3232,425.4200,64.5254,1.000000,0,1
706,4,168.3651,597.0671,106.8911,43.6031,1.000000,0,1
706,5,707.7565,540.3794,333.3431,86.8754,1.000000,0,1
706,6,589.2464,584.8512,172.9302,23.4421,1.000000,0.25,0.75
707,1,663.4861,591.3098,50.9395,30.3695,1.000000,0.0625,0.9375
707,2,815.2438,587.7126,123.3801,17.4863,1.000000,1,0
707,3,-146.0739,560.3340,425.4468,64.5319,1.000000,0,1
707,4,167.3608,597.0989,106.8953,43.5889,1.000000,0,1
707,5,707.9834,540.4126,333.3879,86.8817,1.000000,0,1
707,6,589.8361,584.7892,172.9631,23.4370,1.000000,0.25,0.75
708,1,662.8149,591.2206,50.9238,30.3560,1.000000,0.0625,0.9375
708,2,814.5533,587.7284,123.2977,17.4819,1.000000,1,0
708,3,-145.7336,560.3411,425.4727,64.5382,1.000000,0,1
708,4,166.3571,597.1282,106.8992,43.5742,1.000000,0,1
708,5,708.2106,540.4445,333.4327,86.8880,1.000000,0,1
708,6,590.4264,584.7279,172.9963,23.4320,1.000000,0.1875,0.8125
709,1,662.1448,591.1282,50.9082,30.3424,1.000000,0.125,0.875
709,2,813.8626,587.7360,123.2143,17.4767,1.000000,1,0
709,3,-145.3917,560.3444,425.4979,64.5441,1.000000,0,1
709,4,165.3533,597.1534,106.9029,43.5593,1.000000,0,1
709,5,708.4380,540.4752,333.4774,86.8943,1.000000,0,1
709,6,591.0174,584.6672,173.0301,23.4271,1.000000,0.1875,0.8125
710,1,661.4760,591.0286,50.8925,30.3283,1.000000,0,1
710,2,813.1707,587.7342,123.1299,17.4708,1.000000,1,0
710,3,-145.0474,560.3438,425.5219,64.5498,1.000000,0,1
710,4,164.3501,597.1749,106.9060,43.5436,1.000000,0,1
710,5,708.6652,540.5045,333.5223,86.9004,1.000000,0,1
710,6,591.6090,584.6077,173.0641,23.4224,1.000000,0.3125,0.6875
711,1,660.8085,590.9249,50.8767,30.3140,1.000000,0,1
711,2,812.4781,587.7238,123.0446,17.4643,1.000000,1,0
711,3,-144.7012,560.3401,425.5450,64.5552,1.000000,0,1
711,4,163.3463,597.1930,106.9086,43.5276,1.000000,0,1
711,5,708.8926,540.5329,333.5670,86.9065,1.000000,0,1
711,6,592.2010,584.5493,173.0981,23.4178,1.000000,0.125,0.875
712,1,660.1422,590.8190,50.8610,30.2997,1.000000,0,1
712,2,811.7858,587.7053,122.9583,17.4570,1.000000,1,0
712,3,-144.3533,560.3340,425.5674,64.5605,1.000000,0,1
712,4,162.3414,597.2065,106.9109,43.5110,1.000000,0,1
712,5,709.1199,540.5611,333.6114,86.9125,1.000000,0,1
712,6,592.7933,584.4917,173.1326,23.4134,1.000000,0.1875,0.8125
713,1,659.4773,590.7059,50.8451,30.2849,1.000000,0,1
713,2,811.0925,587.6765,122.8712,17.4491,1.000000,1,0
713,3,-144.0028,560.3251,425.5886,64.5655,1.000000,0,1
713,4,161.3366,597.2169,106.9128,43.4940,1.000000,0,1
713,5,709.3473,540.5879,333.6556,86.9183,1.000000,0,1
713,6,593.3864,584.4343,173.1669,23.4088,1.000000,0.25,0.75
714,1,658.8138,590.5891,50.8294,30.2700,1.000000,0,1
714,2,810.3990,587.6390,122.7833,17.4404,1.000000,1,0
714,3,-143.6501,560.3136,425.6086,64.5701,1.000000,0,1
714,4,160.3331,597.2240,106.9140,43.4765,1.000000,0,1
714,5,709.5747,540.6130,333.6997,86.9241,1.000000,0,1
714,6,593.9802,584.3765,173.2012,23.4044,1.000000,0.375,0.625
715,1,658.1513,590.4722,50.8139,30.2552,1.000000,0,1
715,2,809.7054,587.5929,122.6951,17.4311,1.000000,1,0
715,3,-143.2949,560.2989,425.6275,64.5746,1.000000,0,1
715,4,159.3299,597.2263,106.9151,43.4586,1.000000,0,1
715,5,709.8022,540.6367,333.7429,86.9296,1.000000,0,1
715,6,594.5748,584.3182,173.2357,23.3999,1.000000,0.3125,0.6875
716,1,657.4900,590.3503,50.7985,30.2402,1.000000,0,1
716,2,809.0112,587.5377,122.6063,17.4212,1.000000,1,0
716,3,-142.9369,560.2813,425.6453,64.5787,1.000000,0,1
716,4,158.3289,597.2236,106.9156,43.4400,1.000000,0,1
716,5,710.0296,540.6602,333.7862,86.9351,1.000000,0,1
716,6,595.1702,584.2596,173.2702,23.3952,1.000000,0.4375,0.5625
717,1,656.8295,590.2266,50.7831,30.2252,1.000000,0,1
717,2,808.3172,587.4753,122.5171,17.4108,1.000000,1,0
717,3,-142.5764,560.2612,425.6621,64.5826,1.000000,0,1
717,4,157.3292,597.2166,106.9157,43.4209,1.000000,0,1
717,5,710.2570,540.6830,333.8286,86.9403,1.000000,0,1
717,6,595.7664,584.2001,173.3046,23.3906,1.000000,0.25,0.75
718,1,656.1699,590.1033,50.7680,30.2104,1.000000,0,1
718,2,807.6235,587.4065,122.4277,17.4001,1.000000,1,0
718,3,-142.2137,560.2391,425.6781,64.5863,1.000000,0,1
718,4,156.3302,597.2054,106.9157,43.4015,1.000000,0,1
718,5,710.4841,540.7041,333.8704,86.9454,1.000000,0,1
718,6,596.3632,584.1404,173.3391,23.3858,1.000000,0.125,0.875
719,1,655.5102,589.9744,50.7530,30.1953,1.000000,0,1
719,2,806.9288,587.3293,122.3381,17.3886,1.000000,1,0
719,3,-141.8484,560.2137,425.6931,64.5897,1.000000,0,1
719,4,155.3335,597.1890,106.9150,43.3814,1.000000,0,1
719,5,710.7113,540.7246,333.9119,86.9503,1.000000,0,1
719,6,596.9604,584.0804,173.3734,23.3811,1.000000,0.3125,0.6875
720,1,654.8511,589.8443,50.7382,30.1803,1.000000,0,1
720,2,806.2335,587.2457,122.2480,17.3768,1.000000,1,0
720,3,-141.4814,560.1859,425.7076,64.5930,1.000000,0,1
720,4,154.3379,597.1677,106.9145,43.3610,1.000000,0,1
720,5,710.9388,540.7440,333.9528,86.9549,1.000000,0,1
720,6,597.5580,584.0199,173.4078,23.3763,1.000000,0.1875,0.8125
721,1,654.1929,589.7163,50.7236,30.1656,1.000000,0,1
721,2,805.5378,587.1567,122.1581,17.3646,1.000000,1,0
721,3,-141.1127,560.1564,425.7216,64.5961,1.000000,0,1
721,4,153.3431,597.1418,106.9138,43.3401,1.000000,0,1
721,5,711.1667,540.7615,333.9930,86.9593,1.000000,0,1
721,6,598.1559,583.9591,173.4425,23.3715,1.000000,0.3125,0.6875
722,1,653.5336,589.5825,50.7091,30.1506,1.000000,0,1
722,2,804.8406,587.0604,122.0681,17.3520,1.000000,1,0
722,3,-140.7426,560.1252,425.7351,64.5992,1.000000,0,1
722,4,152.3505,597.1095,106.9129,43.3187,1.000000,0,1
722,5,711.3954,540.7780,334.0323,86.9634,1.000000,0,1
722,6,598.7542,583.8978,173.4772,23.3666,1.000000,0.3125,0.6875
723,1,652.8745,589.4481,50.6948,30.1357,1.000000,0,1
723,2,804.1429,586.9586,121.9781,17.3390,1.000000,1,0
723,3,-140.3710,560.0919,425.7482,64.6020,1.000000,0,1
723,4,151.3589,597.0732,106.9119,43.2970,1.000000,0,1
723,5,711.6245,540.7936,334.0710,86.9673,1.000000,0,1
723,6,599.3525,583.8362,173.5120,23.3617,1.000000,0.125,0.875
724,1,652.2162,589.3177,50.6809,30.1212,1.000000,0,1
724,2,803.4454,586.8514,121.8885,17.3259,1.000000,1,0
724,3,-139.9986,560.0562,425.7612,64.6048,1.000000,0,1
724,4,150.3657,597.0346,106.9117,43.2755,1.000000,0,1
724,5,711.8540,540.8086,334.1085,86.9708,1.000000,0,1
724,6,599.9510,583.7743,173.5470,23.3568,1.000000,0.4375,0.5625
725,1,651.5564,589.1816,50.6669,30.1064,1.000000,0,1
725,2,802.7471,586.7373,121.7992,17.3122,1.000000,1,0
725,3,-139.6251,560.0187,425.7741,64.6075,1.000000,0,1
725,4,149.3724,596.9909,106.9115,43.2534,1.000000,0,1
725,5,712.0845,540.8222,334.1453,86.9740,1.000000,0,1
725,6,600.5496,583.7118,173.5820,23.3519,1.000000,0.375,0.625
726,1,650.8967,589.0458,50.6531,30.0918,1.000000,0,1
726,2,802.0482,586.6174,121.7103,17.2983,1.000000,1,0
726,3,-139.2519,559.9799,425.7876,64.6102,1.000000,0,1
726,4,148.3779,596.9436,106.9120,43.2314,1.000000,0,1
726,5,712.3158,540.8347,334.1808,86.9769,1.000000,0,1
726,6,601.1481,583.6488,173.6172,23.3470,1.000000,0.25,0.75
727,1,650.2382,588.9152,50.6398,30.0777,1.000000,0,1
727,2,801.3500,586.4930,121.6217,17.2841,1.000000,1,0
727,3,-138.8790,559.9399,425.8013,64.6130,1.000000,0,1
727,4,147.3813,596.8939,106.9133,43.2096,1.000000,0,1
727,5,712.5482,540.8464,334.2150,86.9794,1.000000,0,1
727,6,601.7468,583.5855,173.6530,23.3420,1.000000,0.1875,0.8125
728,1,649.5775,588.7807,50.6265,30.0634,1.000000,0,1
728,2,800.6511,586.3615,121.5339,17.2696,1.000000,1,0
728,3,-138.5062,559.8988,425.8151,64.6158,1.000000,0,1
728,4,146.3843,596.8409,106.9150,43.1876,1.000000,0,1
728,5,712.7820,540.8563,334.2479,86.9814,1.000000,0,1
728,6,602.3456,583.5212,173.6887,23.3370,1.000000,0.25,0.75
729,1,648.9166,588.6481,50.6135,30.0494,1.000000,0,1
729,2,799.9523,586.2243,121.4467,17.2549,1.000000,1,0
729,3,-138.1341,559.8560,425.8294,64.6185,1.000000,0,1
729,4,145.3865,596.7856,106.9174,43.1657,1.000000,0,1
729,5,713.0168,540.8651,334.2794,86.9829,1.000000,0,1
729,6,602.9447,583.4564,173.7247,23.3319,1.000000,0.25,0.75
730,1,648.2571,588.5216,50.6009,30.0359,1.000000,0,1
730,2,799.2539,586.0817,121.3602,17.2399,1.000000,1,0
730,3,-137.7629,559.8116,425.8443,64.6213,1.000000,0,1
730,4,144.3873,596.7288,106.9204,43.1440,1.000000,0,1
730,5,713.2523,540.8731,334.3098,86.9840,1.000000,0,1
730,6,603.5439,583.3916,173.7611,23.3268,1.000000,0.3125,0.6875
731,1,647.5956,588.3928,50.5885,30.0225,1.000000,0,1
731,2,798.5550,585.9306,121.2741,17.2244,1.000000,1,0
731,3,-137.3933,559.7671,425.8597,64.6242,1.000000,0,1
731,4,143.3868,596.6667,106.9242,43.1222,1.000000,0,1
731,5,713.4899,540.8786,334.3383,86.9846,1.000000,0,1
731,6,604.1431,583.3262,173.7977,23.3217,1.000000,0.375,0.625
732,1,646.9340,588.2670,50.5763,30.0093,1.000000,0,1
732,2,797.8563,585.7732,121.1890,17.2086,1.000000,1,0
732,3,-137.0246,559.7223,425.8755,64.6271,1.000000,0,1
732,4,142.3846,596.6020,106.9287,43.1003,1.000000,0,1
732,5,713.7288,540.8822,334.3655,86.9846,1.000000,0,1
732,6,604.7421,583.2603,173.8347,23.3167,1.000000,0.125,0.875
733,1,646.2737,588.1486,50.5643,29.9968,1.000000,0,1
733,2,797.1589,585.6107,121.1049,17.1928,1.000000,1,0
733,3,-136.6573,559.6772,425.8918,64.6302,1.000000,0.0625,0.9375
733,4,141.3809,596.5372,106.9338,43.0789,1.000000,0,1
733,5,713.9685,540.8838,334.3914,86.9842,1.000000,0,1
733,6,605.3409,583.1945,173.8721,23.3118,1.000000,0.25,0.75
734,1,645.6110,588.0297,50.5529,29.9843,1.000000,0,1
734,2,796.4613,585.4390,121.0216,17.1764,1.000000,1,0
734,3,-136.2899,559.6301,425.9083,64.6331,1.000000,0,1
734,4,140.3757,596.4664,106.9392,43.0570,1.000000,0,1
734,5,714.2097,540.8822,334.4152,86.9831,1.000000,0,1
734,6,605.9392,583.1278,173.9098,23.3067,1.000000,0.3125,0.6875
735,1,644.9482,587.9143,50.5415,29.9722,1.000000,0,1
735,2,795.7648,585.2604,120.9392,17.1597,1.000000,1,0
735,3,-135.9229,559.5820,425.9254,64.6361,1.000000,0,1
735,4,139.3698,596.3929,106.9453,43.0351,1.000000,0,1
735,5,714.4515,540.8782,334.4375,86.9815,1.000000,0,1
735,6,606.5372,583.0606,173.9478,23.3017,1.000000,0.3125,0.6875
736,1,644.2861,587.8066,50.5305,29.9607,1.000000,0,1
736,2,795.0707,585.0770,120.8578,17.1429,1.000000,1,0
736,3,-135.5571,559.5342,425.9428,64.6393,1.000000,0,1
736,4,138.3622,596.3198,106.9521,43.0136,1.000000,0,1
736,5,714.6935,540.8722,334.4581,86.9793,1.000000,0,1
736,6,607.1346,582.9937,173.9863,23.2967,1.000000,0.375,0.625
737,1,643.6217,587.6993,50.5199,29.9495,1.000000,0,1
737,2,794.3781,584.8854,120.7778,17.1257,1.000000,1,0
737,3,-135.1907,559.4857,425.9601,64.6423,1.000000,0,1
737,4,137.3534,596.2412,106.9592,42.9918,1.000000,0,1
737,5,714.9357,540.8620,334.4767,86.9763,1.000000,0,1
737,6,607.7312,582.9255,174.0251,23.2916,1.000000,0.375,0.625
738,1,642.9566,587.5965,50.5097,29.9387,1.000000,0,1
738,2,793.6873,584.6882,120.6992,17.1083,1.000000,1,0
738,3,-134.8244,559.4374,425.9776,64.6454,1.000000,0,1
738,4,136.3445,596.1608,106.9664,42.9699,1.000000,0,1
738,5,715.1772,540.8486,334.4933,86.9728,1.000000,0,1
738,6,608.3271,582.8571,174.0646,23.2866,1.000000,0.5,0.5
739,1,642.2918,587.5017,50.4999,29.9286,1.000000,0,1
739,2,792.9989,584.4877,120.6217,17.0909,1.000000,1,0
739,3,-134.4584,559.3897,425.9951,64.6485,1.000000,0,1
739,4,135.3358,596.0812,106.9739,42.9482,1.000000,0,1
739,5,715.4170,540.8326,334.5079,86.9686,1.000000,0,1
739,6,608.9224,582.7839,174.1044,23.2870,1.000000,0.4375,0.5625
740,1,641.6247,587.4083,50.4903,29.9187,1.000000,0,1
740,2,792.3115,584.2794,120.5455,17.0732,1.000000,1,0
740,3,-134.0917,559.3419,426.0124,64.6516,1.000000,0,1
740,4,134.3277,595.9954,106.9811,42.9259,1.000000,0,1
740,5,715.6561,540.8126,334.5198,86.9637,1.000000,0,1
740,6,609.5169,582.7086,174.1445,23.2884,1.000000,0.3125,0.6875
741,1,640.9565,587.3197,50.4812,29.9093,1.000000,0,1
741,2,791.6260,584.0671,120.4706,17.0555,1.000000,1,0
741,3,-133.7243,559.2947,426.0292,64.6546,1.000000,0,1
741,4,133.3215,595.9072,106.9880,42.9033,1.000000,0,1
741,5,715.8942,540.7880,334.5301,86.9581,1.000000,0,1
741,6,610.1105,582.6329,174.1852,23.2900,1.000000,0.25,0.75
742,1,640.2882,587.2386,50.4725,29.9005,1.000000,0,1
742,2,790.9430,583.8541,120.3972,17.0378,1.000000,1,0
742,3,-133.3562,559.2484,426.0458,64.6577,1.000000,0,1
742,4,132.3171,595.8190,106.9951,42.8808,1.000000,0,1
742,5,716.1317,540.7573,334.5382,86.9517,1.000000,0,1
742,6,610.7034,582.5584,174.2264,23.2916,1.000000,0.3125,0.6875
743,1,639.6118,587.1595,50.4700,29.8921,1.000000,0,1
743,2,790.2614,583.6361,120.3250,17.0200,1.000000,0.9375,0.0625
743,3,-132.9871,559.2031,426.0616,64.6606,1.000000,0,1
743,4,131.3144,595.7248,107.0017,42.8577,1.000000,0,1
743,5,716.3699,540.7191,334.5439,86.9442,1.000000,0,1
743,6,611.2954,582.4831,174.2679,23.2933,1.000000,0.3125,0.6875
744,1,638.9301,587.0851,50.4721,29.8842,1.000000,0,1
744,2,789.5815,583.4165,120.2542,17.0023,1.000000,0.9375,0.0625
744,3,-132.6172,559.1594,426.0770,64.6635,1.000000,0,1
744,4,130.3134,595.6285,107.0084,42.8345,1.000000,0,1
744,5,716.6080,540.6751,334.5475,86.9361,1.000000,0,1
744,6,611.8870,582.4082,174.3098,23.2950,1.000000,0.1875,0.8125
745,1,638.2487,587.0182,50.4746,29.8768,1.000000,0,1
745,2,788.9041,583.1984,120.1849,16.9849,1.000000,1,0
745,3,-132.2470,559.1171,426.0919,64.6663,1.000000,0,1
745,4,129.3135,595.5326,107.0151,42.8113,1.000000,0,1
745,5,716.8457,540.6257,334.5492,86.9271,1.000000,0,1
745,6,612.4781,582.3347,174.3524,23.2968,1.000000,0.4375,0.5625
746,1,637.5652,586.9537,50.4774,29.8698,1.000000,0,1
746,2,788.2280,582.9780,120.1168,16.9675,1.000000,1,0
746,3,-131.8749,559.0764,426.1056,64.6691,1.000000,0,1
746,4,128.3149,595.4302,107.0214,42.7876,1.000000,0,1
746,5,717.0847,540.5674,334.5486,86.9172,1.000000,0,1
746,6,613.0691,582.2611,174.3952,23.2987,1.000000,0.5,0.5
747,1,636.8812,586.8940,50.4806,29.8632,1.000000,0,1
747,2,787.5536,582.7533,120.0501,16.9550,1.000000,0.9375,0.0625
747,3,-131.5024,559.0372,426.1189,64.6718,1.000000,0,1
747,4,127.3174,595.3253,107.0277,42.7636,1.000000,0,1
747,5,717.3239,540.5019,334.5464,86.9065,1.000000,0,1
747,6,613.6596,582.1892,174.4385,23.3006,1.000000,0.25,0.75
748,1,636.1972,586.8415,50.4841,29.8572,1.000000,0,1
748,2,786.8816,582.5251,119.9849,16.9497,1.000000,0.9375,0.0625
748,3,-131.1295,559.0001,426.1316,64.6745,1.000000,0,1
748,4,126.3207,595.2209,107.0340,42.7397,1.000000,0,1
748,5,717.5629,540.4301,334.5427,86.8951,1.000000,0,1
748,6,614.2496,582.1204,174.4825,23.3027,1.000000,0.375,0.625
749,1,635.5118,586.7933,50.4879,29.8516,1.000000,0,1
749,2,786.2108,582.2972,119.9207,16.9446,1.000000,0.8125,0.1875
749,3,-130.7551,558.9644,426.1433,64.6771,1.000000,0,1
749,4,125.3238,595.1104,107.0402,42.7153,1.000000,0,1
749,5,717.8028,540.3493,334.5380,86.8830,1.000000,0,1
749,6,614.8391,582.0531,174.5267,23.3048,1.000000,0.25,0.75
750,1,634.8258,586.7506,50.4919,29.8464,1.000000,0,1
750,2,785.5414,582.0721,119.8580,16.9397,1.000000,0.8125,0.1875
750,3,-130.3797,558.9304,426.1540,64.6795,1.000000,0,1
750,4,124.3272,594.9975,107.0464,42.6907,1.000000,0,1
750,5,718.0431,540.2622,334.5325,86.8705,1.000000,0,1
750,6,615.4283,581.9882,174.5712,23.3070,1.000000,0.25,0.75
751,1,634.1400,586.7146,50.4962,29.8416,1.000000,0,1
751,2,784.8743,581.8533,119.7967,16.9350,1.000000,0.875,0.125
751,3,-130.0039,558.8983,426.1643,64.6819,1.000000,0,1
751,4,123.3315,594.8849,107.0526,42.6661,1.000000,0,1
751,5,718.2828,540.1695,334.5265,86.8575,1.000000,0,1
751,6,616.0173,581.9268,174.6162,23.3093,1.000000,0.5,0.5
752,1,633.4531,586.6833,50.5007,29.8372,1.000000,0,1
752,2,784.2085,581.6365,119.7367,16.9305,1.000000,0.75,0.25
752,3,-129.6272,558.8675,426.1735,64.6843,1.000000,0,1
752,4,122.3363,594.7654,107.0583,42.6409,1.000000,0,1
752,5,718.5232,540.0682,334.5198,86.8440,1.000000,0,1
752,6,616.6060,581.8671,174.6616,23.3117,1.000000,0.375,0.625
753,1,632.7659,586.6574,50.5053,29.8332,1.000000,0,1
753,2,783.5444,581.4241,119.6778,16.9262,1.000000,0.75,0.25
753,3,-129.2495,558.8378,426.1819,64.6865,1.000000,0,1
753,4,121.3417,594.6439,107.0645,42.6157,1.000000,0,1
753,5,718.7629,539.9608,334.5128,86.8302,1.000000,0,1
753,6,617.1947,581.8096,174.7071,23.3140,1.000000,0.5,0.5
754,1,632.0783,586.6376,50.5101,29.8295,1.000000,0,1
754,2,782.8826,581.2194,119.6204,16.9221,1.000000,0.9375,0.0625
754,3,-128.8713,558.8094,426.1899,64.6887,1.000000,0,1
754,4,120.3474,594.5244,107.0707,42.5907,1.000000,0,1
754,5,719.0018,539.8479,334.5060,86.8162,1.000000,0,1
754,6,617.7834,581.7552,174.7529,23.3166,1.000000,0.375,0.625
755,1,631.3877,586.6229,50.5150,29.8262,1.000000,0,1
755,2,782.2226,581.0178,119.5640,16.9182,1.000000,1,0
755,3,-128.4928,558.7825,426.1971,64.6908,1.000000,0,1
755,4,119.3522,594.3986,107.0774,42.5653,1.000000,0,1
755,5,719.2407,539.7272,334.4993,86.8018,1.000000,0,1
755,6,618.3721,581.7023,174.7991,23.3191,1.000000,0.5,0.5
756,1,630.6956,586.6133,50.5200,29.8233,1.000000,0,1
756,2,781.5645,580.8212,119.5087,16.9145,1.000000,0.9375,0.0625
756,3,-128.1142,558.7567,426.2040,64.6929,1.000000,0,1
756,4,118.3567,594.2710,107.0841,42.5399,1.000000,0,1
756,5,719.4787,539.6007,334.4927,86.7873,1.000000,0,1
756,6,618.9609,581.6511,174.8455,23.3217,1.000000,0.3125,0.6875
757,1,630.0029,586.6094,50.5251,29.8206,1.000000,0,1
757,2,780.9085,580.6320,119.4547,16.9110,1.000000,0.9375,0.0625
757,3,-127.7355,558.7318,426.2103,64.6949,1.000000,0,1
757,4,117.3607,594.1445,107.0911,42.5146,1.000000,0,1
757,5,719.7153,539.4699,334.4868,86.7727,1.000000,0,1
757,6,619.5501,581.6024,174.8920,23.3243,1.000000,0.5625,0.4375
758,1,629.3098,586.6114,50.5302,29.8182,1.000000,0,1
758,2,780.2544,580.4464,119.4017,16.9076,1.000000,1,0
758,3,-127.3569,558.7075,426.2163,64.6969,1.000000,0,1
758,4,116.3638,594.0110,107.0983,42.4889,1.000000,0,1
758,5,719.9515,539.3319,334.4811,86.7579,1.000000,0,1
758,6,620.1393,581.5543,174.9388,23.3270,1.000000,0.125,0.875
759,1,628.6164,586.6179,50.5352,29.8160,1.000000,0,1
759,2,779.6022,580.2665,119.3497,16.9044,1.000000,0.8125,0.1875
759,3,-126.9784,558.6836,426.2221,64.6989,1.000000,0,1
759,4,115.3665,593.8753,107.1055,42.4630,1.000000,0,1
759,5,720.1865,539.1894,334.4760,86.7432,1.000000,0,1
759,6,620.7286,581.5073,174.9858,23.3297,1.000000,0.4375,0.5625
760,1,627.9230,586.6279,50.5402,29.8139,1.000000,0,1
760,2,778.9521,580.0946,119.2989,16.9015,1.000000,0.75,0.25
760,3,-126.6000,558.6601,426.2278,64.7008,1.000000,0,1
760,4,114.3677,593.7413,107.1131,42.4375,1.000000,0,1
760,5,720.4196,539.0441,334.4719,86.7286,1.000000,0,1
760,6,621.3177,581.4620,175.0330,23.3325,1.000000,0.1875,0.8125
761,1,627.2292,586.6427,50.5453,29.8121,1.000000,0,1
761,2,778.3037,579.9280,119.2487,16.8986,1.000000,0.8125,0.1875
761,3,-126.2215,558.6362,426.2333,64.7027,1.000000,0,1
761,4,113.3667,593.6013,107.1211,42.4116,1.000000,0,1
761,5,720.6517,538.8925,334.4684,86.7139,1.000000,0,1
761,6,621.9058,581.4173,175.0804,23.3354,1.000000,0.5625,0.4375
762,1,626.5354,586.6602,50.5502,29.8105,1.000000,0,1
762,2,777.6571,579.7683,119.1993,16.8960,1.000000,0.875,0.125
762,3,-125.8431,558.6122,426.2388,64.7047,1.000000,0,1
762,4,112.3640,593.4597,107.1297,42.3856,1.000000,0,1
762,5,720.8824,538.7369,334.4656,86.6992,1.000000,0,1
762,6,622.4932,581.3733,175.1281,23.3382,1.000000,0.5,0.5
763,1,625.8414,586.6786,50.5551,29.8088,1.000000,0,1
763,2,777.0126,579.6183,119.1514,16.8936,1.000000,0.875,0.125
763,3,-125.4656,558.5881,426.2448,64.7067,1.000000,0,1
763,4,111.3601,593.3204,107.1386,42.3601,1.000000,0,1
763,5,721.1115,538.5784,334.4634,86.6847,1.000000,0,1
763,6,623.0801,581.3298,175.1759,23.3411,1.000000,0.25,0.75
764,1,625.1475,586.7000,50.5598,29.8071,1.000000,0,1
764,2,776.3696,579.4743,119.1038,16.8913,1.000000,0.8125,0.1875
764,3,-125.0881,558.5632,426.2507,64.7085,1.000000,0,1
764,4,110.3542,593.1757,107.1476,42.3343,1.000000,0,1
764,5,721.3390,538.4145,334.4624,86.6703,1.000000,0,1
764,6,623.6663,581.2848,175.2239,23.3440,1.000000,0.25,0.75
765,1,624.4536,586.7224,50.5646,29.8055,1.000000,0,1
765,2,775.7278,579.3382,119.0570,16.8891,1.000000,0.875,0.125
765,3,-124.7108,558.5373,426.2568,64.7106,1.000000,0,1
765,4,109.3478,593.0303,107.1569,42.3084,1.000000,0,1
765,5,721.5649,538.2472,334.4624,86.6559,1.000000,0,1
765,6,624.2518,581.2396,175.2722,23.3469,1.000000,0.375,0.625
766,1,623.7599,586.7444,50.5690,29.8038,1.000000,0,1
766,2,775.0869,579.2120,119.0113,16.8872,1.000000,0.9375,0.0625
766,3,-124.3328,558.5104,426.2627,64.7125,1.000000,0,1
766,4,108.3423,592.8879,107.1666,42.2830,1.000000,0,1
766,5,721.7890,538.0782,334.4633,86.6419,1.000000,0,1
766,6,624.8365,581.1954,175.3210,23.3499,1.000000,0.5,0.5
767,1,623.0668,586.7676,50.5734,29.8020,1.000000,0,1
767,2,774.4465,579.0936,118.9661,16.8854,1.000000,0.875,0.125
767,3,-123.9540,558.4818,426.2685,64.7142,1.000000,0,1
767,4,107.3369,592.7410,107.1765,42.2574,1.000000,0,1
767,5,722.0112,537.9049,334.4648,86.6278,1.000000,0,1
767,6,625.4205,581.1500,175.3701,23.3530,1.000000,0.5625,0.4375
768,1,622.3744,586.7902,50.5778,29.8002,1.000000,0,1
768,2,773.8069,578.9838,118.9213,16.8837,1.000000,0.8125,0.1875
768,3,-123.5744,558.4518,426.2740,64.7160,1.000000,0,1
768,4,106.3311,592.5941,107.1868,42.2319,1.000000,0,1
768,5,722.2319,537.7288,334.4670,86.6139,1.000000,0,1
768,6,626.0037,581.1052,175.4196,23.3561,1.000000,0.5,0.5
769,1,621.6831,586.8108,50.5817,29.7981,1.000000,0,1
769,2,773.1678,578.8853,118.8773,16.8822,1.000000,0.75,0.25
769,3,-123.1950,558.4208,426.2800,64.7178,1.000000,0,1
769,4,105.3232,592.4515,107.1977,42.2070,1.000000,0,1
769,5,722.4509,537.5517,334.4705,86.6002,1.000000,0,1
769,6,626.5862,581.0624,175.4694,23.3592,1.000000,0.375,0.625
770,1,620.9936,586.8312,50.5855,29.7959,1.000000,0,1
770,2,772.5293,578.7959,118.8336,16.8809,1.000000,1,0
770,3,-122.8154,558.3882,426.2858,64.7194,1.000000,0,1
770,4,104.3135,592.3054,107.2088,42.1819,1.000000,0,1
770,5,722.6678,537.3713,334.4750,86.5868,1.000000,0,1
770,6,627.1675,581.0197,175.5197,23.3625,1.000000,0.375,0.625
771,1,620.3054,586.8502,50.5891,29.7935,1.000000,0,1
771,2,771.8908,578.7161,118.7905,16.8797,1.000000,1,0
771,3,-122.4359,558.3544,426.2916,64.7211,1.000000,0,1
771,4,103.3022,592.1605,107.2203,42.1571,1.000000,0,1
771,5,722.8832,537.1892,334.4803,86.5736,1.000000,0,1
771,6,627.7478,580.9785,175.5703,23.3658,1.000000,0.3125,0.6875
772,1,619.6184,586.8667,50.5925,29.7909,1.000000,0,1
772,2,771.2524,578.6485,118.7479,16.8787,1.000000,0.875,0.125
772,3,-122.0558,558.3195,426.2970,64.7226,1.000000,0,1
772,4,102.2887,592.0212,107.2325,42.1329,1.000000,0,1
772,5,723.0972,537.0067,334.4865,86.5605,1.000000,0,1
772,6,628.3273,580.9404,175.6214,23.3692,1.000000,0.3125,0.6875
773,1,618.9331,586.8812,50.5958,29.7881,1.000000,0,1
773,2,770.6138,578.5914,118.7054,16.8778,1.000000,1,0
773,3,-121.6756,558.2820,426.3024,64.7241,1.000000,0,1
773,4,101.2734,591.8795,107.2447,42.1085,1.000000,0,1
773,5,723.3094,536.8213,334.4934,86.5477,1.000000,0,1
773,6,628.9058,580.9037,175.6730,23.3727,1.000000,0.5,0.5
774,1,618.2488,586.8928,50.5989,29.7850,1.000000,0,1
774,2,769.9747,578.5438,118.6629,16.8770,1.000000,0.875,0.125
774,3,-121.2952,558.2426,426.3076,64.7254,1.000000,0,1
774,4,100.2562,591.7405,107.2573,42.0846,1.000000,0,1
774,5,723.5203,536.6350,334.5009,86.5349,1.000000,0,1
774,6,629.4837,580.8694,175.7249,23.3763,1.000000,0.75,0.25
775,1,617.5652,586.9004,50.6018,29.7817,1.000000,0,1
775,2,769.3350,578.5057,118.6206,16.8763,1.000000,1,0
775,3,-120.9142,558.2014,426.3124,64.7267,1.000000,0,1
775,4,99.2377,591.6091,107.2703,42.0615,1.000000,0,1
775,5,723.7299,536.4492,334.5097,86.5226,1.000000,0,1
775,6,630.0612,580.8395,175.7771,23.3799,1.000000,0.4375,0.5625
776,1,616.8824,586.9039,50.6044,29.7780,1.000000,0,1
776,2,768.6946,578.4767,118.5782,16.8757,1.000000,0.9375,0.0625
776,3,-120.5311,558.1573,426.3163,64.7277,1.000000,0,1
776,4,98.2178,591.4769,107.2832,42.0382,1.000000,0,1
776,5,723.9382,536.2618,334.5187,86.5102,1.000000,0,1
776,6,630.6389,580.8118,175.8297,23.3837,1.000000,0.375,0.625
777,1,616.2002,586.9034,50.6068,29.7740,1.000000,0,1
777,2,768.0535,578.4554,118.5357,16.8751,1.000000,0.9375,0.0625
777,3,-120.1464,558.1107,426.3195,64.7285,1.000000,0,1
777,4,97.1975,591.3480,107.2963,42.0152,1.000000,0,1
777,5,724.1456,536.0741,334.5281,86.4980,1.000000,0,1
777,6,631.2165,580.7875,175.8826,23.3875,1.000000,0.5625,0.4375
778,1,615.5185,586.8983,50.6091,29.7697,1.000000,0,1
778,2,767.4114,578.4412,118.4932,16.8746,1.000000,0.9375,0.0625
778,3,-119.7614,558.0618,426.3226,64.7292,1.000000,0,1
778,4,96.1764,591.2262,107.3096,41.9930,1.000000,0,1
778,5,724.3524,535.8872,334.5387,86.4862,1.000000,0,1
778,6,631.7941,580.7681,175.9359,23.3914,1.000000,0.5,0.5
779,1,614.8370,586.8878,50.6112,29.7650,1.000000,0,1
779,2,766.7699,578.4344,118.4501,16.8741,1.000000,0.9375,0.0625
779,3,-119.3752,558.0098,426.3247,64.7296,1.000000,0,1
779,4,95.1561,591.1047,107.3222,41.9706,1.000000,0,1
779,5,724.5586,535.6989,334.5499,86.4745,1.000000,0,1
779,6,632.3712,580.7523,175.9894,23.3954,1.000000,0.25,0.75
780,1,614.1558,586.8729,50.6131,29.7599,1.000000,0,1
780,2,766.1285,578.4339,118.4070,16.8736,1.000000,1,0
780,3,-118.9877,557.9549,426.3264,64.7299,1.000000,0.0625,0.9375
780,4,94.1367,590.9866,107.3349,41.9483,1.000000,0,1
780,5,724.7643,535.5109,334.5619,86.4630,1.000000,0,1
780,6,632.9481,580.7405,176.0432,23.3995,1.000000,0.625,0.375
781,1,613.4751,586.8539,50.6148,29.7546,1.000000,0,1
781,2,765.4865,578.4387,118.3635,16.8731,1.000000,1,0
781,3,-118.5991,557.8973,426.3275,64.7300,1.000000,0,1
781,4,93.1175,590.8747,107.3476,41.9267,1.000000,0,1
781,5,724.9698,535.3248,334.5748,86.4518,1.000000,0,1
781,6,633.5248,580.7330,176.0973,23.4037,1.000000,0.375,0.625
782,1,612.7941,586.8289,50.6162,29.7488,1.000000,0,1
782,2,764.8439,578.4495,118.3193,16.8726,1.000000,1,0
782,3,-118.2086,557.8365,426.3277,64.7298,1.000000,0,1
782,4,92.0976,590.7632,107.3600,41.9050,1.000000,0,1
782,5,725.1746,535.1385,334.5885,86.4409,1.000000,0,1
782,6,634.1012,580.7285,176.1515,23.4079,1.000000,0.6875,0.3125
783,1,612.1133,586.7992,50.6176,29.7427,1.000000,0,1
783,2,764.2005,578.4653,118.2748,16.8721,1.000000,1,0
783,3,-117.8172,557.7731,426.3272,64.7295,1.000000,0,1
783,4,91.0785,590.6542,107.3719,41.8834,1.000000,0,1
783,5,725.3789,534.9536,334.6036,86.4304,1.000000,0,1
783,6,634.6774,580.7272,176.2060,23.4122,1.000000,0.5,0.5
784,1,611.4332,586.7650,50.6187,29.7362,1.000000,0,1
784,2,763.5560,578.4856,118.2300,16.8716,1.000000,1,0
784,3,-117.4258,557.7072,426.3267,64.7290,1.000000,0.0625,0.9375
784,4,90.0616,590.5496,107.3838,41.8621,1.000000,0,1
784,5,725.5829,534.7715,334.6202,86.4204,1.000000,0,1
784,6,635.2539,580.7292,176.2604,23.4165,1.000000,0.6875,0.3125
785,1,610.7531,586.7242,50.6196,29.7293,1.000000,0,1
785,2,762.9111,578.5113,118.1846,16.8711,1.000000,1,0
785,3,-117.0323,557.6376,426.3251,64.7283,1.000000,0,1
785,4,89.0451,590.4453,107.3949,41.8405,1.000000,0,1
785,5,725.7862,534.5897,334.6375,86.4106,1.000000,0,1
785,6,635.8302,580.7336,176.3151,23.4209,1.000000,0.4375,0.5625
786,1,610.0734,586.6783,50.6204,29.7220,1.000000,0,1
786,2,762.2654,578.5418,118.1387,16.8705,1.000000,1,0
786,3,-116.6382,557.5650,426.3232,64.7273,1.000000,0,1
786,4,88.0296,590.3430,107.4059,41.8190,1.000000,0,1
786,5,725.9893,534.4094,334.6564,86.4014,1.000000,0,1
786,6,636.4065,580.7403,176.3700,23.4254,1.000000,0.3125,0.6875
787,1,609.3946,586.6285,50.6210,29.7145,1.000000,0,1
787,2,761.6189,578.5770,118.0925,16.8699,1.000000,1,0
787,3,-116.2448,557.4903,426.3215,64.7264,1.000000,0.125,0.875
787,4,87.0163,590.2445,107.4162,41.7978,1.000000,0,1
787,5,726.1926,534.2321,334.6773,86.3927,1.000000,0,1
787,6,636.9830,580.7498,176.4249,23.4299,1.000000,0.3125,0.6875
788,1,608.7151,586.5712,50.6214,29.7065,1.000000,0,1
788,2,760.9719,578.6176,118.0459,16.8693,1.000000,1,0
788,3,-115.8504,557.4120,426.3191,64.7253,1.000000,0,1
788,4,86.0049,590.1448,107.4261,41.7762,1.000000,0,1
788,5,726.3955,534.0560,334.6997,86.3845,1.000000,0,1
788,6,637.5599,580.7614,176.4800,23.4344,1.000000,0.375,0.625
789,1,608.0358,586.5087,50.6217,29.6982,1.000000,0,1
789,2,760.3246,578.6630,117.9989,16.8688,1.000000,1,0
789,3,-115.4555,557.3314,426.3164,64.7239,1.000000,0,1
789,4,84.9965,590.0461,107.4354,41.7545,1.000000,0,1
789,5,726.5986,533.8821,334.7239,86.3769,1.000000,0,1
789,6,638.1375,580.7746,176.5352,23.4390,1.000000,0.625,0.375
790,1,607.3572,586.4431,50.6220,29.6897,1.000000,0,1
790,2,759.6766,578.7119,117.9516,16.8681,1.000000,1,0
790,3,-115.0604,557.2493,426.3136,64.7226,1.000000,0,1
790,4,83.9908,589.9502,107.4440,41.7330,1.000000,0,1
790,5,726.8021,533.7114,334.7499,86.3699,1.000000,0,1
790,6,638.7158,580.7896,176.5905,23.4436,1.000000,0.5625,0.4375
791,1,606.6777,586.3696,50.6221,29.6807,1.000000,0,1
791,2,759.0286,578.7668,117.9039,16.8675,1.000000,1,0
791,3,-114.6651,557.1636,426.3104,64.7210,1.000000,0,1
791,4,82.9902,589.8525,107.4519,41.7110,1.000000,0,1
791,5,727.0059,533.5420,334.7785,86.3635,1.000000,0,1
791,6,639.2947,580.8070,176.6460,23.4482,1.000000,0.4375,0.5625
792,1,605.9982,586.2914,50.6222,29.6714,1.000000,0,1
792,2,758.3804,578.8261,117.8560,16.8670,1.000000,1,0
792,3,-114.2700,557.0760,426.3073,64.7194,1.000000,0,1
792,4,81.9945,589.7553,107.4590,41.6888,1.000000,0,1
792,5,727.2104,533.3751,334.8089,86.3578,1.000000,0,1
792,6,639.8742,580.8270,176.7017,23.4529,1.000000,0.375,0.625
793,1,605.3195,586.2109,50.6222,29.6620,1.000000,0,1
793,2,757.7312,578.8882,117.8077,16.8664,1.000000,1,0
793,3,-113.8756,556.9874,426.3044,64.7178,1.000000,0.0625,0.9375
793,4,81.0021,589.6598,107.4658,41.6668,1.000000,0,1
793,5,727.4155,533.2120,334.8421,86.3529,1.000000,0,1
793,6,640.4493,580.8497,176.7625,23.4576,1.000000,0.4375,0.5625
794,1,604.6396,586.1227,50.6220,29.6521,1.000000,0,1
794,2,757.0810,578.9551,117.7590,16.8657,1.000000,1,0
794,3,-113.4806,556.8957,426.3011,64.7161,1.000000,0,1
794,4,80.0117,589.5619,107.4719,41.6442,1.000000,0,1
794,5,727.6215,533.0502,334.8778,86.3487,1.000000,0,1
794,6,641.0239,580.8752,176.8246,23.4623,1.000000,0.3125,0.6875
795,1,603.9600,586.0305,50.6217,29.6420,1.000000,0,1
795,2,756.4295,579.0254,117.7098,16.8650,1.000000,1,0
795,3,-113.0850,556.8022,426.2976,64.7142,1.000000,0,1
795,4,79.0228,589.4637,107.4778,41.6217,1.000000,0,1
795,5,727.8284,532.8912,334.9159,86.3453,1.000000,0,1
795,6,641.5992,580.9030,176.8866,23.4671,1.000000,0.4375,0.5625
796,1,603.2814,585.9373,50.6217,29.6319,1.000000,0,1
796,2,755.7765,579.0979,117.6604,16.8644,1.000000,1,0
796,3,-112.6891,556.7080,426.2941,64.7123,1.000000,0,1
796,4,78.0359,589.3668,107.4835,41.5992,1.000000,0,1
796,5,728.0363,532.7365,334.9568,86.3426,1.000000,0,1
796,6,642.1760,580.9323,176.9482,23.4718,1.000000,0.5625,0.4375
797,1,602.6016,585.8373,50.6213,29.6213,1.000000,0,1
797,2,755.1230,579.1754,117.6104,16.8637,1.000000,1,0
797,3,-112.2923,556.6112,426.2899,64.7102,1.000000,0,1
797,4,77.0502,589.2679,107.4887,41.5764,1.000000,0,1
797,5,728.2453,532.5845,335.0003,86.3408,1.000000,0,1
797,6,642.7538,580.9639,177.0095,23.4764,1.000000,0.3125,0.6875
798,1,601.9221,585.7343,50.6210,29.6107,1.000000,0,1
798,2,754.4688,579.2555,117.5599,16.8630,1.000000,1,0
798,3,-111.8949,556.5134,426.2855,64.7081,1.000000,0,1
798,4,76.0659,589.1688,107.4937,41.5536,1.000000,0,1
798,5,728.4555,532.4358,335.0467,86.3399,1.000000,0,1
798,6,643.3329,580.9971,177.0704,23.4810,1.000000,0.5625,0.4375
799,1,601.2438,585.6313,50.6207,29.6000,1.000000,0,1
799,2,753.8131,579.3364,117.5093,16.8623,1.000000,1,0
799,3,-111.4977,556.4156,426.2813,64.7059,1.000000,0,1
799,4,75.0837,589.0713,107.4988,41.5309,1.000000,0,1
799,5,728.6671,532.2906,335.0965,86.3398,1.000000,0,1
799,6,643.9133,581.0309,177.1309,23.4856,1.000000,0.4375,0.5625
800,1,600.5645,585.5222,50.6204,29.5890,1.000000,0,1
800,2,753.1571,579.4208,117.4581,16.8614,1.000000,1,0
800,3,-111.0989,556.3157,426.2764,64.7037,1.000000,0,1
800,4,74.1018,588.9724,107.5037,41.5080,1.000000,0,1
800,5,728.8795,532.1488,335.1486,86.3405,1.000000,0,1
800,6,644.4953,581.0656,177.1907,23.4901,1.000000,0.375,0.625
801,1,599.8857,585.4106,50.6201,29.5779,1.000000,0,1
801,2,752.5005,579.5070,117.4062,16.8606,1.000000,1,0
801,3,-110.6985,556.2150,426.2708,64.7012,1.000000,0,1
801,4,73.1204,588.8738,107.5085,41.4853,1.000000,0,1
801,5,729.0929,532.0110,335.2029,86.3420,1.000000,0,1
801,6,645.0787,581.1006,177.2499,23.4944,1.000000,0.5,0.5
802,1,599.2084,585.3002,50.6198,29.5669,1.000000,0,1
802,2,751.8428,579.5930,117.3539,16.8597,1.000000,1,0
802,3,-110.2971,556.1147,426.2649,64.6988,1.000000,0,1
802,4,72.1399,588.7767,107.5137,41.4628,1.000000,0,1
802,5,729.3072,531.8786,335.2602,86.3444,1.000000,0,1
802,6,645.6632,581.1355,177.3085,23.4987,1.000000,0.5,0.5
803,1,598.5295,585.1843,50.6195,29.5555,1.000000,0,1
803,2,751.1847,579.6807,117.3011,16.8587,1.000000,1,0
803,3,-109.8937,556.0126,426.2585,64.6961,1.000000,0,1
803,4,71.1602,588.6779,107.5188,41.4401,1.000000,0,1
803,5,729.5228,531.7496,335.3197,86.3476,1.000000,0,1
803,6,646.2484,581.1713,177.3661,23.5029,1.000000,0.4375,0.5625
804,1,597.8510,585.0672,50.6190,29.5442,1.000000,0,1
804,2,750.5262,579.7683,117.2477,16.8576,1.000000,1,0
804,3,-109.4888,555.9100,426.2515,64.6934,1.000000,0.0625,0.9375
804,4,70.1811,588.5789,107.5239,41.4175,1.000000,0,1
804,5,729.7395,531.6249,335.3816,86.3515,1.000000,0,1
804,6,646.8341,581.2068,177.4230,23.5070,1.000000,0.4375,0.5625
805,1,597.1738,584.9528,50.6187,29.5329,1.000000,0,1
805,2,749.8671,579.8539,117.1938,16.8565,1.000000,1,0
805,3,-109.0824,555.8087,426.2438,64.6906,1.000000,0,1
805,4,69.2004,588.4813,107.5298,41.3952,1.000000,0,1
805,5,729.9572,531.5060,335.4461,86.3562,1.000000,0,1
805,6,647.4203,581.2402,177.4789,23.5109,1.000000,0.5,0.5
806,1,596.4951,584.8338,50.6182,29.5214,1.000000,0,1
806,2,749.2080,579.9390,117.1395,16.8553,1.000000,1,0
806,3,-108.6742,555.7057,426.2354,64.6877,1.000000,0,1
806,4,68.2184,588.3823,107.5359,41.3730,1.000000,0,1
806,5,730.1763,531.3911,335.5123,86.3616,1.000000,0,1
806,6,648.0071,581.2720,177.5338,23.5147,1.000000,0.5625,0.4375
807,1,595.8169,584.7147,50.6177,29.5098,1.000000,0,1
807,2,748.5486,580.0227,117.0848,16.8540,1.000000,1,0
807,3,-108.2642,555.6028,426.2261,64.6846,1.000000,0,1
807,4,67.2359,588.2837,107.5421,41.3508,1.000000,0,1
807,5,730.3965,531.2814,335.5803,86.3676,1.000000,0,1
807,6,648.5945,581.3019,177.5879,23.5183,1.000000,0.5625,0.4375
808,1,595.1405,584.5989,50.6173,29.4985,1.000000,0,1
808,2,747.8888,580.1035,117.0295,16.8526,1.000000,1,0
808,3,-107.8526,555.5007,426.2159,64.6813,1.000000,0,1
808,4,66.2528,588.1870,107.5483,41.3289,1.000000,0,1
808,5,730.6176,531.1782,335.6505,86.3744,1.000000,0,1
808,6,649.1824,581.3292,177.6412,23.5217,1.000000,0.5,0.5
809,1,594.4630,584.4799,50.6167,29.4869,1.000000,0,1
809,2,747.2291,580.1825,116.9738,16.8512,1.000000,1,0
809,3,-107.4391,555.3966,426.2047,64.6780,1.000000,0,1
809,4,65.2685,588.0901,107.5550,41.3071,1.000000,0,1
809,5,730.8393,531.0800,335.7221,86.3818,1.000000,0,1
809,6,649.7710,581.3542,177.6936,23.5250,1.000000,0.625,0.375
810,1,593.7859,584.3616,50.6163,29.4755,1.000000,0,1
810,2,746.5693,580.2587,116.9179,16.8497,1.000000,1,0
810,3,-107.0245,555.2921,426.1930,64.6743,1.000000,0,1
810,4,64.2841,587.9943,107.5619,41.2854,1.000000,0,1
810,5,731.0620,530.9869,335.7952,86.3899,1.000000,0,1
810,6,650.3600,581.3769,177.7456,23.5283,1.000000,0.4375,0.5625
811,1,593.1110,584.2473,50.6158,29.4642,1.000000,0,1
811,2,745.9091,580.3303,116.8615,16.8480,1.000000,1,0
811,3,-106.6084,555.1883,426.1804,64.6707,1.000000,0,1
811,4,63.3012,587.9005,107.5686,41.2640,1.000000,0,1
811,5,731.2857,530.9000,335.8696,86.3984,1.000000,0,1
811,6,650.9493,581.3971,177.7970,23.5314,1.000000,0.6875,0.3125
812,1,592.4352,584.1311,50.6153,29.4529,1.000000,0,1
812,2,745.2490,580.3990,116.8047,16.8464,1.000000,1,0
812,3,-106.1914,555.0819,426.1671,64.6669,1.000000,0.0625,0.9375
812,4,62.3177,587.8070,107.5756,41.2425,1.000000,0,1
812,5,731.5103,530.8195,335.9448,86.4074,1.000000,0,1
812,6,651.5393,581.4152,177.8480,23.5344,1.000000,0.5,0.5
813,1,591.7603,584.0165,50.6149,29.4416,1.000000,0,1
813,2,744.5887,580.4642,116.7477,16.8446,1.000000,1,0
813,3,-105.7743,554.9747,426.1539,64.6630,1.000000,0,1
813,4,61.3346,587.7139,107.5824,41.2212,1.000000,0,1
813,5,731.7355,530.7457,336.0208,86.4170,1.000000,0,1
813,6,652.1298,581.4313,177.8985,23.5374,1.000000,0.375,0.625
814,1,591.0872,583.9067,50.6146,29.4307,1.000000,0,1
814,2,743.9285,580.5252,116.6903,16.8427,1.000000,1,0
814,3,-105.3571,554.8673,426.1405,64.6590,1.000000,0,1
814,4,60.3518,587.6215,107.5894,41.2000,1.000000,0,1
814,5,731.9611,530.6786,336.0981,86.4272,1.000000,0,1
814,6,652.7206,581.4455,177.9488,23.5402,1.000000,0.5,0.5
815,1,590.4131,583.7960,50.6143,29.4197,1.000000,0,1
815,2,743.2688,580.5826,116.6329,16.8408,1.000000,1,0
815,3,-104.9391,554.7565,426.1268,64.6549,1.000000,0.0625,0.9375
815,4,59.3707,587.5284,107.5961,41.1786,1.000000,0,1
815,5,732.1871,530.6176,336.1761,86.4378,1.000000,0,1
815,6,653.3123,581.4577,177.9985,23.5431,1.000000,0.75,0.25
816,1,589.7394,583.6878,50.6142,29.4090,1.000000,0,1
816,2,742.6094,580.6362,116.5753,16.8388,1.000000,1,0
816,3,-104.5210,554.6440,426.1128,64.6508,1.000000,0,1
816,4,58.3911,587.4352,107.6025,41.1572,1.000000,0,1
816,5,732.4135,530.5630,336.2555,86.4490,1.000000,0,1
816,6,653.9041,581.4681,178.0484,23.5458,1.000000,0.625,0.375
817,1,589.0670,583.5851,50.6189,29.3987,1.000000,0,1
817,2,741.9503,580.6855,116.5173,16.8367,1.000000,1,0
817,3,-104.1032,554.5310,426.0989,64.6466,1.000000,0,1
817,4,57.4126,587.3427,107.6090,41.1359,1.000000,0,1
817,5,732.6406,530.5150,336.3354,86.4606,1.000000,0,1
817,6,654.4959,581.4768,178.0981,23.5486,1.000000,0.75,0.25
818,1,588.3935,583.4829,50.6288,29.3886,1.000000,0,1
818,2,741.2920,580.7310,116.4594,16.8347,1.000000,1,0
818,3,-103.6858,554.4143,426.0852,64.6423,1.000000,0,1
818,4,56.4352,587.2489,107.6149,41.1144,1.000000,0,1
818,5,732.8684,530.4728,336.4156,86.4726,1.000000,0,1
818,6,655.0878,581.4835,178.1476,23.5513,1.000000,0.5,0.5
819,1,587.7203,583.3839,50.6389,29.3786,1.000000,0,1
819,2,740.6341,580.7726,116.4012,16.8325,1.000000,1,0
819,3,-103.2690,554.2955,426.0717,64.6380,1.000000,0,1
819,4,55.4583,587.1543,107.6210,41.0928,1.000000,0,1
819,5,733.0969,530.4364,336.4960,86.4848,1.000000,0,1
819,6,655.6796,581.4878,178.1970,23.5539,1.000000,0.8125,0.1875
820,1,587.0483,583.2910,50.6492,29.3692,1.000000,0,1
820,2,739.9767,580.8102,116.3429,16.8303,1.000000,1,0
820,3,-102.8541,554.1757,426.0589,64.6338,1.000000,0,1
820,4,54.4825,587.0595,107.6273,41.0712,1.000000,0,1
820,5,733.3258,530.4069,336.5776,86.4976,1.000000,0,1
820,6,656.2714,581.4894,178.2465,23.5565,1.000000,0.4375,0.5625
821,1,586.3757,583.1993,50.6597,29.3599,1.000000,0,1
821,2,739.3200,580.8439,116.2844,16.8280,1.000000,1,0
821,3,-102.4415,554.0523,426.0471,64.6295,1.000000,0.0625,0.9375
821,4,53.5081,586.9626,107.6332,41.0495,1.000000,0,1
821,5,733.5552,530.3848,336.6595,86.5108,1.000000,0,1
821,6,656.8635,581.4879,178.2958,23.5591,1.000000,0.25,0.75
822,1,585.7034,583.1113,50.6704,29.3509,1.000000,0,1
822,2,738.6639,580.8740,116.2258,16.8256,1.000000,0.9375,0.0625
822,3,-102.0307,553.9266,426.0361,64.6254,1.000000,0,1
822,4,52.5349,586.8646,107.6390,41.0276,1.000000,0,1
822,5,733.7849,530.3691,336.7415,86.5244,1.000000,0,1
822,6,657.4558,581.4834,178.3451,23.5616,1.000000,0.6875,0.3125
823,1,585.0324,583.0296,50.6812,29.3424,1.000000,0,1
823,2,738.0084,580.9004,116.1669,16.8232,1.000000,1,0
823,3,-101.6224,553.7999,426.0261,64.6213,1.000000,0,1
823,4,51.5632,586.7664,107.6450,41.0058,1.000000,0,1
823,5,734.0150,530.3601,336.8236,86.5383,1.000000,0,1
823,6,658.0482,581.4760,178.3942,23.5641,1.000000,0.5625,0.4375
824,1,584.3611,582.9506,50.6923,29.3341,1.000000,0,1
824,2,737.3536,580.9227,116.1080,16.8207,1.000000,1,0
824,3,-101.2170,553.6691,426.0174,64.6174,1.000000,0.0625,0.9375
824,4,50.5922,586.6661,107.6511,40.9839,1.000000,0,1
824,5,734.2458,530.3582,336.9054,86.5523,1.000000,0,1
824,6,658.6407,581.4651,178.4432,23.5664,1.000000,0.4375,0.5625
825,1,583.6907,582.8757,50.7035,29.3261,1.000000,0,1
825,2,736.6995,580.9413,116.0489,16.8181,1.000000,1,0
825,3,-100.8147,553.5360,426.0099,64.6136,1.000000,0,1
825,4,49.6220,586.5646,107.6571,40.9620,1.000000,0,1
825,5,734.4772,530.3630,336.9872,86.5666,1.000000,0,1
825,6,659.2333,581.4512,178.4921,23.5688,1.000000,0.5625,0.4375
826,1,583.0214,582.8056,50.7148,29.3199,1.000000,0,1
826,2,736.0464,580.9562,115.9894,16.8155,1.000000,1,0
826,3,-100.4150,553.4016,426.0035,64.6099,1.000000,0,1
826,4,48.6514,586.4631,107.6637,40.9403,1.000000,0,1
826,5,734.7094,530.3755,337.0690,86.5813,1.000000,0,1
826,6,659.8254,581.4344,178.5414,23.5712,1.000000,0.375,0.625
827,1,582.3521,582.7375,50.7264,29.3148,1.000000,0,1
827,2,735.3951,580.9675,115.9300,16.8128,1.000000,1,0
827,3,-100.0188,553.2632,425.9984,64.6063,1.000000,0.0625,0.9375
827,4,47.6808,586.3590,107.6704,40.9184,1.000000,0,1
827,5,734.9323,530.3949,337.1602,86.5961,1.000000,0,1
827,6,660.4175,581.4144,178.5907,23.5735,1.000000,0.625,0.375
828,1,581.6833,582.6740,50.7380,29.3100,1.000000,0,1
828,2,734.7444,580.9758,115.8720,16.8101,1.000000,0.9375,0.0625
828,3,-99.6261,553.1229,425.9949,64.6028,1.000000,0,1
828,4,46.7097,586.2545,107.6776,40.8967,1.000000,0,1
828,5,735.1503,530.4208,337.2570,86.6110,1.000000,0,1
828,6,661.0093,581.3920,178.6401,23.5758,1.000000,0.5,0.5
829,1,581.0148,582.6154,50.7498,29.3052,1.000000,0,1
829,2,734.0787,580.9811,115.8306,16.8073,1.000000,0.9375,0.0625
829,3,-99.2368,552.9818,425.9926,64.5996,1.000000,0,1
829,4,45.7370,586.1520,107.6854,40.8755,1.000000,0,1
829,5,735.3695,530.4537,337.3529,86.6260,1.000000,0,1
829,6,661.6006,581.3679,178.6896,23.5781,1.000000,0.6875,0.3125
830,1,580.3468,582.5599,50.7617,29.3005,1.000000,0,1
830,2,733.4146,580.9825,115.7890,16.8045,1.000000,1,0
830,3,-98.8513,552.8369,425.9921,64.5964,1.000000,0,1
830,4,44.7634,586.0483,107.6934,40.8541,1.000000,0,1
830,5,735.5903,530.4937,337.4478,86.6409,1.000000,0,1
830,6,662.1915,581.3420,178.7392,23.5804,1.000000,0.5625,0.4375
831,1,579.6789,582.5079,50.7736,29.2959,1.000000,0,1
831,2,732.7520,580.9811,115.7476,16.8016,1.000000,0.9375,0.0625
831,3,-98.4694,552.6903,425.9932,64.5936,1.000000,0.0625,0.9375
831,4,43.7881,585.9451,107.7024,40.8332,1.000000,0,1
831,5,735.8127,530.5403,337.5418,86.6558,1.000000,0,1
831,6,662.7816,581.3151,178.7889,23.5827,1.000000,0.625,0.375
832,1,579.0109,582.4599,50.7855,29.2914,1.000000,0,1
832,2,732.0908,580.9774,115.7060,16.7987,1.000000,0.9375,0.0625
832,3,-98.0907,552.5433,425.9961,64.5908,1.000000,0,1
832,4,42.8108,585.8445,107.7116,40.8126,1.000000,0,1
832,5,736.0366,530.5939,337.6351,86.6708,1.000000,0,1
832,6,663.3710,581.2874,178.8391,23.5851,1.000000,0.625,0.375
833,1,578.3430,582.4152,50.7974,29.2870,1.000000,0,1
833,2,731.4310,580.9702,115.6646,16.7958,1.000000,0.8125,0.1875
833,3,-97.7144,552.3927,426.0001,64.5883,1.000000,0,1
833,4,41.8303,585.7440,107.7213,40.7922,1.000000,0,1
833,5,736.2617,530.6544,337.7271,86.6856,1.000000,0,1
833,6,663.9603,581.2581,178.8894,23.5875,1.000000,0.625,0.375
834,1,577.6755,582.3737,50.8093,29.2826,1.000000,0,1
834,2,730.7726,580.9613,115.6231,16.7928,1.000000,0.875,0.125
834,3,-97.3415,552.2410,426.0059,64.5860,1.000000,0.0625,0.9375
834,4,40.8471,585.6452,107.7314,40.7720,1.000000,0,1
834,5,736.4880,530.7213,337.8171,86.7002,1.000000,0,1
834,6,664.5496,581.2277,178.9401,23.5899,1.000000,0.5,0.5
835,1,577.0083,582.3365,50.8212,29.2782,1.000000,0,1
835,2,730.1155,580.9518,115.5815,16.7898,1.000000,0.875,0.125
835,3,-96.9735,552.0898,426.0141,64.5840,1.000000,0.0625,0.9375
835,4,39.8610,585.5496,107.7419,40.7522,1.000000,0,1
835,5,736.7147,530.7949,337.9054,86.7147,1.000000,0,1
835,6,665.1390,581.1969,178.9911,23.5923,1.000000,0.75,0.25
836,1,576.3422,582.3027,50.8329,29.2739,1.000000,0,1
836,2,729.4594,580.9397,115.5401,16.7869,1.000000,0.9375,0.0625
836,3,-96.6090,551.9376,426.0240,64.5824,1.000000,0,1
836,4,38.8752,585.4557,107.7527,40.7327,1.000000,0,1
836,5,736.9418,530.8768,337.9918,86.7290,1.000000,0,1
836,6,665.7288,581.1655,179.0428,23.5948,1.000000,0.5625,0.4375
837,1,575.6767,582.2725,50.8447,29.2696,1.000000,0,1
837,2,728.8042,580.9265,115.4985,16.7838,1.000000,0.9375,0.0625
837,3,-96.2484,551.7854,426.0358,64.5810,1.000000,0,1
837,4,37.8892,585.3639,107.7637,40.7134,1.000000,0,1
837,5,737.1686,530.9652,338.0766,86.7432,1.000000,0,1
837,6,666.3190,581.1338,179.0948,23.5974,1.000000,0.5625,0.4375
838,1,575.0117,582.2468,50.8563,29.2654,1.000000,0,1
838,2,728.1500,580.9136,115.4567,16.7808,1.000000,0.9375,0.0625
838,3,-95.8926,551.6349,426.0500,64.5801,1.000000,0,1
838,4,36.9016,585.2758,107.7751,40.6946,1.000000,0,1
838,5,737.3953,531.0592,338.1586,86.7569,1.000000,0,1
838,6,666.9097,581.1024,179.1475,23.6000,1.000000,0.75,0.25
839,1,574.3477,582.2242,50.8680,29.2612,1.000000,0,1
839,2,727.4961,580.8996,115.4148,16.7777,1.000000,0.9375,0.0625
839,3,-95.5408,551.4846,426.0661,64.5795,1.000000,0,1
839,4,35.9147,585.1888,107.7867,40.6760,1.000000,0,1
839,5,737.6216,531.1602,338.2383,86.7704,1.000000,0,1
839,6,667.5009,581.0707,179.2006,23.6027,1.000000,0.6875,0.3125
840,1,573.6843,582.2055,50.8795,29.2570,1.000000,0,1
840,2,726.8427,580.8857,115.3726,16.7745,1.000000,0.875,0.125
840,3,-95.1933,551.3357,426.0843,64.5793,1.000000,0,1
840,4,34.9279,585.1034,107.7986,40.6576,1.000000,0,1
840,5,737.8474,531.2667,338.3161,86.7837,1.000000,0,1
840,6,668.0927,581.0389,179.2543,23.6055,1.000000,0.6875,0.3125
841,1,573.0215,582.1911,50.8911,29.2529,1.000000,0,1
841,2,726.1895,580.8730,115.3300,16.7714,1.000000,0.9375,0.0625
841,3,-94.8511,551.1898,426.1051,64.5796,1.000000,0.0625,0.9375
841,4,33.9398,585.0209,107.8107,40.6396,1.000000,0,1
841,5,738.0728,531.3773,338.3914,86.7966,1.000000,0,1
841,6,668.6848,581.0071,179.3085,23.6083,1.000000,0.6875,0.3125
842,1,572.3597,582.1798,50.9027,29.2488,1.000000,0,1
842,2,725.5352,580.8600,115.2870,16.7681,1.000000,0.8125,0.1875
842,3,-94.5132,551.0453,426.1282,64.5803,1.000000,0,1
842,4,32.9530,584.9381,107.8231,40.6217,1.000000,0,1
842,5,738.2976,531.4926,338.4646,86.8091,1.000000,0,1
842,6,669.2777,580.9752,179.3630,23.6112,1.000000,0.5,0.5
843,1,571.6987,582.1719,50.9141,29.2448,1.000000,0,1
843,2,724.8801,580.8473,115.2435,16.7648,1.000000,0.625,0.375
843,3,-94.1800,550.9031,426.1535,64.5814,1.000000,0,1
843,4,31.9664,584.8564,107.8355,40.6038,1.000000,0,1
843,5,738.5218,531.6113,338.5353,86.8212,1.000000,0,1
843,6,669.8710,580.9429,179.4181,23.6140,1.000000,0.5625,0.4375
844,1,571.0381,582.1675,50.9255,29.2408,1.000000,0,1
844,2,724.2251,580.8359,115.1993,16.7614,1.000000,0.75,0.25
844,3,-93.8519,550.7640,426.1816,64.5831,1.000000,0,1
844,4,30.9780,584.7769,107.8487,40.5865,1.000000,0,1
844,5,738.7455,531.7325,338.6038,86.8329,1.000000,0,1
844,6,670.4644,580.9102,179.4734,23.6170,1.000000,0.625,0.375
845,1,570.3784,582.1660,50.9367,29.2368,1.000000,0,1
845,2,723.5696,580.8242,115.1545,16.7579,1.000000,0.8125,0.1875
845,3,-93.5282,550.6267,426.2121,64.5852,1.000000,0,1
845,4,29.9908,584.6967,107.8617,40.5691,1.000000,0,1
845,5,738.9686,531.8580,338.6703,86.8442,1.000000,0,1
845,6,671.0571,580.8779,179.5291,23.6200,1.000000,0.8125,0.1875
846,1,569.7192,582.1674,50.9479,29.2328,1.000000,0,1
846,2,722.9139,580.8122,115.1092,16.7544,1.000000,0.875,0.125
846,3,-93.2091,550.4923,426.2449,64.5879,1.000000,0,1
846,4,29.0027,584.6179,107.8755,40.5520,1.000000,0,1
846,5,739.1914,531.9854,338.7343,86.8550,1.000000,0,1
846,6,671.6495,580.8450,179.5850,23.6230,1.000000,0.75,0.25
847,1,569.0606,582.1722,50.9591,29.2288,1.000000,0,1
847,2,722.2583,580.8002,115.0634,16.7507,1.000000,0.75,0.25
847,3,-92.8941,550.3616,426.2801,64.5910,1.000000,0,1
847,4,28.0129,584.5416,107.8895,40.5353,1.000000,0,1
847,5,739.4136,532.1132,338.7966,86.8655,1.000000,0,1
847,6,672.2423,580.8104,179.6412,23.6260,1.000000,0.875,0.125
848,1,568.4028,582.1802,50.9701,29.2247,1.000000,0,1
848,2,721.6022,580.7864,115.0168,16.7470,1.000000,0.6875,0.3125
848,3,-92.5830,550.2326,426.3174,64.5946,1.000000,0,1
848,4,27.0231,584.4638,107.9041,40.5187,1.000000,0,1
848,5,739.6351,532.2438,338.8571,86.8756,1.000000,0,1
848,6,672.8358,580.7742,179.6978,23.6291,1.000000,0.625,0.375
849,1,567.7457,582.1906,50.9810,29.2207,1.000000,0,1
849,2,720.9458,580.7710,114.9697,16.7432,1.000000,0.6875,0.3125
849,3,-92.2763,550.1066,426.3576,64.5986,1.000000,0,1
849,4,26.0320,584.3871,107.9192,40.5023,1.000000,0,1
849,5,739.8562,532.3755,338.9156,86.8853,1.000000,0,1
849,6,673.4301,580.7368,179.7545,23.6322,1.000000,0.6875,0.3125
850,1,567.0897,582.2032,50.9916,29.2167,1.000000,0,1
850,2,720.2894,580.7541,114.9221,16.7392,1.000000,0.875,0.125
850,3,-91.9742,549.9855,426.4003,64.6033,1.000000,0,1
850,4,25.0382,584.3134,107.9353,40.4865,1.000000,0,1
850,5,740.0764,532.5068,338.9733,86.8948,1.000000,0,1
850,6,674.0247,580.6980,179.8118,23.6353,1.000000,0.6875,0.3125
851,1,566.4348,582.2180,51.0022,29.2126,1.000000,0,1
851,2,719.6329,580.7344,114.8740,16.7351,1.000000,0.6875,0.3125
851,3,-91.6752,549.8667,426.4448,64.6084,1.000000,0,1
851,4,24.0432,584.2396,107.9517,40.4710,1.000000,0,1
851,5,740.2961,532.6399,339.0287,86.9039,1.000000,0,1
851,6,674.6197,580.6589,179.8692,23.6384,1.000000,0.6875,0.3125
852,1,565.7807,582.2343,51.0126,29.2085,1.000000,0,1
852,2,718.9763,580.7122,114.8257,16.7311,1.000000,0.875,0.125
852,3,-91.3796,549.7514,426.4917,64.6139,1.000000,0,1
852,4,23.0465,584.1683,107.9689,40.4558,1.000000,0,1
852,5,740.5152,532.7730,339.0827,86.9126,1.000000,0,1
852,6,675.2150,580.6195,179.9269,23.6416,1.000000,0.6875,0.3125
853,1,565.1273,582.2521,51.0231,29.2043,1.000000,0,1
853,2,718.3200,580.6878,114.7772,16.7269,1.000000,0.8125,0.1875
853,3,-91.0883,549.6414,426.5411,64.6200,1.000000,0,1
853,4,22.0479,584.1014,107.9867,40.4412,1.000000,0,1
853,5,740.7336,532.9045,339.1355,86.9209,1.000000,0,1
853,6,675.8105,580.5803,179.9849,23.6448,1.000000,0.8125,0.1875
854,1,564.4747,582.2717,51.0333,29.2001,1.000000,0,1
854,2,717.6636,580.6602,114.7287,16.7227,1.000000,0.6875,0.3125
854,3,-90.8009,549.5351,426.5931,64.6267,1.000000,0.0625,0.9375
854,4,21.0487,584.0354,108.0047,40.4269,1.000000,0,1
854,5,740.9514,533.0364,339.1869,86.9290,1.000000,0,1
854,6,676.4059,580.5417,180.0433,23.6480,1.000000,0.5625,0.4375
855,1,563.8226,582.2931,51.0436,29.1960,1.000000,0,1
855,2,717.0075,580.6298,114.6800,16.7185,1.000000,0.6875,0.3125
855,3,-90.5168,549.4330,426.6472,64.6338,1.000000,0,1
855,4,20.0477,583.9729,108.0234,40.4129,1.000000,0,1
855,5,741.1687,533.1673,339.2372,86.9368,1.000000,0,1
855,6,677.0013,580.5041,180.1021,23.6514,1.000000,0.8125,0.1875
856,1,563.1711,582.3160,51.0537,29.1918,1.000000,0,1
856,2,716.3523,580.5975,114.6316,16.7143,1.000000,0.75,0.25
856,3,-90.2363,549.3361,426.7037,64.6416,1.000000,0,1
856,4,19.0450,583.9156,108.0423,40.3996,1.000000,0,1
856,5,741.3854,533.2959,339.2863,86.9442,1.000000,0,1
856,6,677.5967,580.4673,180.1611,23.6547,1.000000,0.625,0.375
857,1,562.5200,582.3400,51.0638,29.1877,1.000000,0,1
857,2,715.6980,580.5625,114.5834,16.7101,1.000000,0.6875,0.3125
857,3,-89.9598,549.2433,426.7621,64.6498,1.000000,0,1
857,4,18.0425,583.8596,108.0613,40.3863,1.000000,0,1
857,5,741.6016,533.4238,339.3342,86.9512,1.000000,0,1
857,6,678.1921,580.4322,180.2203,23.6581,1.000000,0.9375,0.0625
858,1,561.8694,582.3651,51.0738,29.1835,1.000000,0,1
858,2,715.0445,580.5258,114.5356,16.7059,1.000000,0.75,0.25
858,3,-89.6867,549.1552,426.8225,64.6584,1.000000,0,1
858,4,17.0389,583.8067,108.0807,40.3734,1.000000,0,1
858,5,741.8171,533.5502,339.3812,86.9580,1.000000,0,1
858,6,678.7875,580.3987,180.2798,23.6615,1.000000,0.6875,0.3125
859,1,561.2189,582.3914,51.0838,29.1793,1.000000,0,1
859,2,714.3916,580.4885,114.4884,16.7019,1.000000,0.6875,0.3125
859,3,-89.4166,549.0726,426.8849,64.6676,1.000000,0.125,0.875
859,4,16.0339,583.7590,108.0999,40.3610,1.000000,0,1
859,5,742.0322,533.6745,339.4267,86.9643,1.000000,0,1
859,6,679.3832,580.3671,180.3394,23.6651,1.000000,0.8125,0.1875
860,1,560.5689,582.4186,51.0939,29.1752,1.000000,0,1
860,2,713.7390,580.4492,114.4415,16.6978,1.000000,0.75,0.25
860,3,-89.1488,548.9944,426.9493,64.6773,1.000000,0,1
860,4,15.0298,583.7131,108.1195,40.3487,1.000000,0,1
860,5,742.2466,533.7977,339.4714,86.9705,1.000000,0,1
860,6,679.9802,580.3374,180.3994,23.6686,1.000000,0.75,0.25
861,1,559.9193,582.4467,51.1039,29.1711,1.000000,0,1
861,2,713.0867,580.4092,114.3950,16.6938,1.000000,0.8125,0.1875
861,3,-88.8834,548.9204,427.0157,64.6874,1.000000,0,1
861,4,14.0259,583.6702,108.1387,40.3366,1.000000,0,1
861,5,742.4604,533.9186,339.5157,86.9764,1.000000,0,1
861,6,680.5786,580.3099,180.4594,23.6721,1.000000,0.875,0.125
862,1,559.2701,582.4761,51.1139,29.1670,1.000000,0,1
862,2,712.4349,580.3697,114.3491,16.6898,1.000000,0.8125,0.1875
862,3,-88.6205,548.8513,427.0839,64.6980,1.000000,0,1
862,4,13.0210,583.6313,108.1580,40.3248,1.000000,0,1
862,5,742.6740,534.0362,339.5593,86.9820,1.000000,0,1
862,6,681.1780,580.2855,180.5200,23.6758,1.000000,0.9375,0.0625
863,1,558.6211,582.5063,51.1239,29.1630,1.000000,0,1
863,2,711.7833,580.3301,114.3036,16.6860,1.000000,0.6875,0.3125
863,3,-88.3603,548.7884,427.1545,64.7091,1.000000,0,1
863,4,12.0166,583.5929,108.1773,40.3131,1.000000,0,1
863,5,742.8869,534.1521,339.6022,86.9874,1.000000,0,1
863,6,681.7784,580.2663,180.5803,23.6795,1.000000,0.9375,0.0625
864,1,557.9722,582.5377,51.1341,29.1590,1.000000,0,1
864,2,711.1321,580.2912,114.2587,16.6822,1.000000,0.5,0.5
864,3,-88.1020,548.7310,427.2269,64.7208,1.000000,0,1
864,4,11.0120,583.5559,108.1963,40.3015,1.000000,0,1
864,5,743.0995,534.2659,339.6448,86.9926,1.000000,0,1
864,6,682.3797,580.2513,180.6409,23.6833,1.000000,0.8125,0.1875
865,1,557.3236,582.5703,51.1443,29.1551,1.000000,0,1
865,2,710.4813,580.2538,114.2145,16.6785,1.000000,0.5625,0.4375
865,3,-87.8452,548.6796,427.3007,64.7329,1.000000,0,1
865,4,10.0059,583.5214,108.2157,40.2901,1.000000,0,1
865,5,743.3119,534.3767,339.6874,86.9977,1.000000,0,1
865,6,682.9819,580.2400,180.7012,23.6871,1.000000,0.9375,0.0625
866,1,556.6754,582.6046,51.1546,29.1512,1.000000,0,1
866,2,709.8306,580.2175,114.1709,16.6750,1.000000,0.25,0.75
866,3,-87.5905,548.6349,427.3766,64.7456,1.000000,0,1
866,4,9.0012,583.4865,108.2350,40.2787,1.000000,0,1
866,5,743.5242,534.4851,339.7300,87.0028,1.000000,0,1
866,6,683.5849,580.2333,180.7614,23.6909,1.000000,0.875,0.125
867,1,556.0272,582.6401,51.1649,29.1474,1.000000,0,1
867,2,709.1802,580.1825,114.1279,16.6715,1.000000,0.625,0.375
867,3,-87.3370,548.5969,427.4536,64.7587,1.000000,0,1
867,4,7.9964,583.4521,108.2545,40.2674,1.000000,0,1
867,5,743.7363,534.5909,339.7726,87.0077,1.000000,0,1
867,6,684.1888,580.2305,180.8211,23.6947,1.000000,0.6875,0.3125
868,1,555.3788,582.6767,51.1753,29.1437,1.000000,0,1
868,2,708.5298,580.1495,114.0857,16.6682,1.000000,0.375,0.625
868,3,-87.0848,548.5659,427.5318,64.7722,1.000000,0,1
868,4,6.9898,583.4184,108.2745,40.2563,1.000000,0,1
868,5,743.9485,534.6937,339.8149,87.0123,1.000000,0,1
868,6,684.7936,580.2308,180.8806,23.6984,1.000000,0.875,0.125
869,1,554.7305,582.7151,51.1859,29.1402,1.000000,0,1
869,2,707.8796,580.1183,114.0440,16.6649,1.000000,0.4375,0.5625
869,3,-86.8343,548.5422,427.6117,64.7862,1.000000,0,1
869,4,5.9827,583.3820,108.2946,40.2451,1.000000,0,1
869,5,744.1607,534.7943,339.8574,87.0170,1.000000,0,1
869,6,685.3993,580.2347,180.9395,23.7022,1.000000,0.875,0.125
870,1,554.0819,582.7550,51.1965,29.1366,1.000000,0,1
870,2,707.2294,580.0891,114.0032,16.6618,1.000000,0.6875,0.3125
870,3,-86.5854,548.5251,427.6929,64.8007,1.000000,0.0625,0.9375
870,4,4.9736,583.3451,108.3149,40.2339,1.000000,0,1
870,5,744.3730,534.8922,339.8997,87.0215,1.000000,0,1
870,6,686.0059,580.2412,180.9976,23.7058,1.000000,0.9375,0.0625
871,1,553.4332,582.7965,51.2073,29.1332,1.000000,0,1
871,2,706.5797,580.0621,113.9630,16.6588,1.000000,0.5625,0.4375
871,3,-86.3378,548.5140,427.7753,64.8156,1.000000,0,1
871,4,3.9607,583.3090,108.3361,40.2231,1.000000,0,1
871,5,744.5855,534.9868,339.9421,87.0258,1.000000,0,1
871,6,686.6136,580.2494,181.0553,23.7095,1.000000,0.9375,0.0625
872,1,552.7842,582.8409,51.2183,29.1299,1.000000,0,1
872,2,705.9302,580.0369,113.9233,16.6559,1.000000,0.375,0.625
872,3,-86.0902,548.5109,427.8581,64.8308,1.000000,0,1
872,4,2.9460,583.2703,108.3575,40.2120,1.000000,0,1
872,5,744.7985,535.0788,339.9847,87.0300,1.000000,0,1
872,6,687.2223,580.2598,181.1121,23.7130,1.000000,0.875,0.125
873,1,552.1349,582.8867,51.2294,29.1281,1.000000,0,1
873,2,705.2811,580.0139,113.8845,16.6531,1.000000,0.625,0.375
873,3,-85.8429,548.5152,427.9412,64.8463,1.000000,0.0625,0.9375
873,4,1.9283,583.2314,108.3794,40.2012,1.000000,0,1
873,5,745.0120,535.1683,340.0270,87.0340,1.000000,0,1
873,6,687.8319,580.2714,181.1683,23.7164,1.000000,0.6875,0.3125
874,1,551.4855,582.9347,51.2405,29.1268,1.000000,0,1
874,2,704.6323,579.9937,113.8466,16.6505,1.000000,0.4375,0.5625
874,3,-85.5981,548.5271,428.0260,64.8624,1.000000,0,1
874,4,0.9066,583.1940,108.4022,40.1908,1.000000,0,1
874,5,745.2258,535.2551,340.0692,87.0379,1.000000,0,1
874,6,688.4427,580.2831,181.2239,23.7198,1.000000,0.9375,0.0625
875,1,550.8359,582.9861,51.2521,29.1257,1.000000,0,1
875,2,703.9839,579.9750,113.8092,16.6480,1.000000,0.75,0.25
875,3,-85.3532,548.5469,428.1104,64.8787,1.000000,0,1
875,4,-0.1173,583.1547,108.4253,40.1803,1.000000,0,1
875,5,745.4402,535.3394,340.1118,87.0417,1.000000,0,1
875,6,689.0548,580.2957,181.2787,23.7231,1.000000,0.9375,0.0625
876,1,550.1861,583.0402,51.2638,29.1248,1.000000,0,1
876,2,703.3357,579.9584,113.7727,16.6455,1.000000,0.5625,0.4375
876,3,-85.1082,548.5737,428.1947,64.8951,1.000000,0,1
876,4,-1.1441,583.1157,108.4490,40.1699,1.000000,0,1
876,5,745.6554,535.4207,340.1549,87.0455,1.000000,0,1
876,6,689.6681,580.3082,181.3329,23.7262,1.000000,1,0
877,1,549.5361,583.0971,51.2756,29.1242,1.000000,0,1
877,2,702.6880,579.9443,113.7369,16.6433,1.000000,0.6875,0.3125
877,3,-84.8626,548.6066,428.2789,64.9118,1.000000,0,1
877,4,-2.1749,583.0793,108.4732,40.1600,1.000000,0,1
877,5,745.8710,535.4988,340.1981,87.0490,1.000000,0,1
877,6,690.2823,580.3201,181.3864,23.7293,1.000000,0.9375,0.0625
878,1,548.8862,583.1578,51.2877,29.1239,1.000000,0,1
878,2,702.0404,579.9327,113.7021,16.6412,1.000000,0.5,0.5
878,3,-84.6159,548.6466,428.3623,64.9286,1.000000,0,1
878,4,-3.2091,583.0418,108.4978,40.1502,1.000000,0,1
878,5,746.0876,535.5738,340.2419,87.0527,1.000000,0,1
878,6,690.8970,580.3328,181.4393,23.7323,1.000000,1,0
879,1,548.2362,583.2215,51.2999,29.1238,1.000000,0,1
879,2,701.3931,579.9233,113.6680,16.6392,1.000000,0.5,0.5
879,3,-84.3693,548.6929,428.4458,64.9456,1.000000,0,1
879,4,-4.2467,583.0055,108.5234,40.1406,1.000000,0,1
879,5,746.3050,535.6451,340.2864,87.0562,1.000000,0,1
879,6,691.5119,580.3452,181.4915,23.7352,1.000000,0.875,0.125
880,1,547.5859,583.2877,51.3123,29.1240,1.000000,0,1
880,2,700.7459,579.9167,113.6346,16.6374,1.000000,0.5625,0.4375
880,3,-84.1228,548.7451,428.5292,64.9628,1.000000,0,1
880,4,-5.2872,582.9728,108.5493,40.1315,1.000000,0,1
880,5,746.5233,535.7117,340.3311,87.0596,1.000000,0,1
880,6,692.1270,580.3568,181.5431,23.7380,1.000000,0.875,0.125
881,1,546.9346,583.3578,51.3249,29.1245,1.000000,0,1
881,2,700.0988,579.9135,113.6021,16.6357,1.000000,0.5625,0.4375
881,3,-83.8735,548.8040,428.6109,64.9799,1.000000,0,1
881,4,-6.3297,582.9392,108.5751,40.1223,1.000000,0,1
881,5,746.7426,535.7752,340.3771,87.0631,1.000000,0,1
881,6,692.7416,580.3675,181.5940,23.7407,1.000000,1,0
882,1,546.2826,583.4308,51.3379,29.1253,1.000000,0,1
882,2,699.4515,579.9135,113.5703,16.6341,1.000000,0.4375,0.5625
882,3,-83.6226,548.8685,428.6913,64.9970,1.000000,0,1
882,4,-7.3745,582.9066,108.6014,40.1133,1.000000,0,1
882,5,746.9622,535.8350,340.4241,87.0666,1.000000,0,1
882,6,693.3562,580.3771,181.6442,23.7433,1.000000,1,0
883,1,545.6301,583.5062,51.3510,29.1262,1.000000,0,1
883,2,698.8041,579.9174,113.5391,16.6327,1.000000,0.4375,0.5625
883,3,-83.3714,548.9380,428.7716,65.0143,1.000000,0,1
883,4,-8.4223,582.8769,108.6283,40.1046,1.000000,0,1
883,5,747.1817,535.8902,340.4722,87.0703,1.000000,0,1
883,6,693.9702,580.3854,181.6941,23.7458,1.000000,1,0
884,1,544.9775,583.5859,51.3641,29.1275,1.000000,0,1
884,2,698.1554,579.9249,113.5085,16.6313,1.000000,0.3125,0.6875
884,3,-83.1175,549.0135,428.8502,65.0315,1.000000,0,1
884,4,-9.4726,582.8462,108.6554,40.0960,1.000000,0,1
884,5,747.4011,535.9417,340.5220,87.0742,1.000000,0,1
884,6,694.5837,580.3924,181.7434,23.7483,1.000000,0.9375,0.0625
885,1,544.3248,583.6687,51.3776,29.1291,1.000000,0,1
885,2,697.5058,579.9358,113.4784,16.6301,1.000000,0.375,0.625
885,3,-82.8618,549.0936,428.9275,65.0486,1.000000,0,1
885,4,-10.5250,582.8143,108.6826,40.0893,1.000000,0,1
885,5,747.6202,535.9888,340.5732,87.0782,1.000000,0,1
885,6,695.1968,580.3987,181.7923,23.7507,1.000000,1,0
886,1,543.6718,583.7537,51.3911,29.1308,1.000000,0,1
886,2,696.8557,579.9501,113.4487,16.6290,1.000000,0.375,0.625
886,3,-82.6040,549.1774,429.0038,65.0657,1.000000,0,1
886,4,-11.5803,582.7848,108.7103,40.0827,1.000000,0,1
886,5,747.8387,536.0311,340.6255,87.0824,1.000000,0,1
886,6,695.8092,580.4043,181.8407,23.7530,1.000000,1,0
887,1,543.0187,583.8428,51.4049,29.1329,1.000000,0,1
887,2,696.2053,579.9684,113.4194,16.6280,1.000000,0.4375,0.5625
887,3,-82.3423,549.2661,429.0780,65.0826,1.000000,0,1
887,4,-12.6399,582.7554,108.7390,40.0763,1.000000,0,1
887,5,748.0569,536.0682,340.6798,87.0869,1.000000,0,1
887,6,696.4206,580.4084,181.8886,23.7553,1.000000,1,0
888,1,542.3657,583.9344,51.4188,29.1351,1.000000,0,1
888,2,695.5546,579.9901,113.3907,16.6271,1.000000,0.4375,0.5625
888,3,-82.0780,549.3585,429.1509,65.0995,1.000000,0,1
888,4,-13.7029,582.7277,108.7679,40.0701,1.000000,0,1
888,5,748.2746,536.1002,340.7359,87.0916,1.000000,0,1
888,6,697.0313,580.4119,181.9360,23.7575,1.000000,1,0
889,1,541.7125,584.0275,51.4326,29.1374,1.000000,0,1
889,2,694.9035,580.0146,113.3620,16.6262,1.000000,0.5,0.5
889,3,-81.8102,549.4535,429.2220,65.1161,1.000000,0.0625,0.9375
889,4,-14.7695,582.7031,108.7976,40.0642,1.000000,0,1
889,5,748.4919,536.1266,340.7934,87.0965,1.000000,0,1
889,6,697.6411,580.4156,181.9834,23.7596,1.000000,1,0
890,1,541.0596,584.1241,51.4467,29.1401,1.000000,0,1
890,2,694.2520,580.0427,113.3338,16.6254,1.000000,0.375,0.625
890,3,-81.5379,549.5514,429.2905,65.1325,1.000000,0,1
890,4,-15.8394,582.6791,108.8277,40.0585,1.000000,0,1
890,5,748.7091,536.1460,340.8528,87.1016,1.000000,0,1
890,6,698.2502,580.4189,182.0303,23.7617,1.000000,1,0
891,1,540.4068,584.2231,51.4608,29.1428,1.000000,0,1
891,2,693.6001,580.0732,113.3057,16.6246,1.000000,0.5625,0.4375
891,3,-81.2625,549.6521,429.3573,65.1486,1.000000,0,1
891,4,-16.9125,582.6575,108.8587,40.0530,1.000000,0,1
891,5,748.9261,536.1597,340.9138,87.1067,1.000000,0,1
891,6,698.8586,580.4227,182.0771,23.7639,1.000000,1,0
892,1,539.7541,584.3232,51.4749,29.1456,1.000000,0,1
892,2,692.9479,580.1055,113.2776,16.6239,1.000000,0.1875,0.8125
892,3,-80.9852,549.7557,429.4229,65.1646,1.000000,0,1
892,4,-17.9884,582.6393,108.8898,40.0478,1.000000,0,1
892,5,749.1429,536.1679,340.9768,87.1122,1.000000,0,1
892,6,699.4666,580.4279,182.1240,23.7660,1.000000,1,0
893,1,539.1016,584.4264,51.4891,29.1486,1.000000,0,1
893,2,692.2955,580.1402,113.2496,16.6232,1.000000,0.4375,0.5625
893,3,-80.7047,549.8619,429.4863,65.1804,1.000000,0.0625,0.9375
893,4,-19.0682,582.6229,108.9221,40.0427,1.000000,0,1
893,5,749.3599,536.1691,341.0420,87.1178,1.000000,0,1
893,6,700.0738,580.4336,182.1706,23.7681,1.000000,1,0
894,1,538.4492,584.5313,51.5032,29.1517,1.000000,0,1
894,2,691.6428,580.1763,113.2216,16.6225,1.000000,0.5,0.5
894,3,-80.4227,549.9697,429.5489,65.1961,1.000000,0,1
894,4,-20.1516,582.6099,108.9547,40.0380,1.000000,0,1
894,5,749.5770,536.1641,341.1088,87.1236,1.000000,0,1
894,6,700.6800,580.4409,182.2171,23.7703,1.000000,1,0
895,1,537.7968,584.6367,51.5175,29.1549,1.000000,0,1
895,2,690.9900,580.2128,113.1935,16.6218,1.000000,0.125,0.875
895,3,-80.1395,550.0789,429.6106,65.2117,1.000000,0.0625,0.9375
895,4,-21.2392,582.6013,108.9883,40.0336,1.000000,0,1
895,5,749.7940,536.1536,341.1776,87.1297,1.000000,0,1
895,6,701.2849,580.4503,182.2637,23.7725,1.000000,1,0
896,1,537.1445,584.7445,51.5317,29.1581,1.000000,0,1
896,2,690.3372,580.2509,113.1656,16.6212,1.000000,0.0625,0.9375
896,3,-79.8535,550.1895,429.6707,65.2271,1.000000,0,1
896,4,-22.3327,582.5956,109.0226,40.0294,1.000000,0,1
896,5,750.0113,536.1363,341.2480,87.1359,1.000000,0,1
896,6,701.8884,580.4613,182.3102,23.7747,1.000000,1,0
897,1,536.4923,584.8534,51.5461,29.1615,1.000000,0,1
897,2,689.6845,580.2899,113.1374,16.6205,1.000000,0.25,0.75
897,3,-79.5654,550.3005,429.7298,65.2424,1.000000,0.125,0.875
897,4,-23.4309,582.5939,109.0574,40.0256,1.000000,0,1
897,5,750.2288,536.1134,341.3201,87.1421,1.000000,0,1
897,6,702.4907,580.4738,182.3566,23.7769,1.000000,1,0
898,1,535.8405,584.9619,51.5603,29.1648,1.000000,0,1
898,2,689.0325,580.3286,113.1091,16.6198,1.000000,0.375,0.625
898,3,-79.2756,550.4114,429.7877,65.2574,1.000000,0,1
898,4,-24.5339,582.5978,109.0931,40.0221,1.000000,0,1
898,5,750.4463,536.0850,341.3936,87.1486,1.000000,0,1
898,6,703.0920,580.4881,182.4033,23.7791,1.000000,1,0
899,1,535.1888,585.0719,51.5746,29.1682,1.000000,0,1
899,2,688.3826,580.3684,113.0807,16.6190,1.000000,0.25,0.75
899,3,-78.9840,550.5236,429.8448,65.2723,1.000000,0,1
899,4,-25.6423,582.6075,109.1294,40.0188,1.000000,0,1
899,5,750.6644,536.0510,341.4689,87.1552,1.000000,0,1
899,6,703.6924,580.5031,182.4501,23.7814,1.000000,1,0
900,1,534.5374,585.1822,51.5889,29.1717,1.000000,0,1
900,2,687.7339,580.4084,113.0523,16.6183,1.000000,0.5,0.5
900,3,-78.6913,550.6360,429.9013,65.2872,1.000000,0,1
900,4,-26.7542,582.6230,109.1664,40.0159,1.000000,0,1
900,5,750.8831,536.0123,341.5453,87.1619,1.000000,0,1
900,6,704.2921,580.5192,182.4969,23.7838,1.000000,1,0
901,1,533.8862,585.2915,51.6032,29.1751,1.000000,0,1
901,2,687.0858,580.4479,113.0238,16.6176,1.000000,0.3125,0.6875
901,3,-78.3967,550.7472,429.9571,65.3019,1.000000,0,1
901,4,-27.8706,582.6447,109.2039,40.0133,1.000000,0,1
901,5,751.1021,535.9694,341.6235,87.1687,1.000000,0,1
901,6,704.8913,580.5363,182.5441,23.7862,1.000000,1,0
902,1,533.2350,585.4016,51.6174,29.1785,1.000000,0,1
902,2,686.4383,580.4874,112.9952,16.6168,1.000000,0.375,0.625
902,3,-78.1008,550.8583,430.0121,65.3165,1.000000,0,1
902,4,-28.9925,582.6748,109.2421,40.0111,1.000000,0,1
902,5,751.3215,535.9216,341.7027,87.1756,1.000000,0,1
902,6,705.4899,580.5533,182.5919,23.7886,1.000000,1,0
903,1,532.5840,585.5111,51.6317,29.1819,1.000000,0,1
903,2,685.7911,580.5269,112.9666,16.6160,1.000000,0.5625,0.4375
903,3,-77.8040,550.9689,430.0667,65.3310,1.000000,0,1
903,4,-30.1182,582.7119,109.2813,40.0091,1.000000,0,1
903,5,751.5413,535.8701,341.7826,87.1825,1.000000,0,1
903,6,706.0881,580.5706,182.6399,23.7912,1.000000,1,0
904,1,531.9316,585.6166,51.6459,29.1851,1.000000,0,1
904,2,685.1445,580.5662,112.9377,16.6152,1.000000,0.3125,0.6875
904,3,-77.5057,551.0780,430.1206,65.3453,1.000000,0,1
904,4,-31.2469,582.7551,109.3208,40.0075,1.000000,0,1
904,5,751.7614,535.8160,341.8633,87.1895,1.000000,0,1
904,6,706.6859,580.5882,182.6886,23.7937,1.000000,1,0
905,1,531.2773,585.7190,51.6602,29.1880,1.000000,0,1
905,2,684.4983,580.6063,112.9089,16.6144,1.000000,0.125,0.875
905,3,-77.2061,551.1865,430.1739,65.3596,1.000000,0,1
905,4,-32.3809,582.8077,109.3612,40.0063,1.000000,0,1
905,5,751.9821,535.7584,341.9454,87.1966,1.000000,0,1
905,6,707.2832,580.6055,182.7378,23.7964,1.000000,1,0
906,1,530.6202,585.8146,51.6742,29.1905,1.000000,0,1
906,2,683.8525,580.6473,112.8802,16.6136,1.000000,0.4375,0.5625
906,3,-76.9057,551.2939,430.2267,65.3737,1.000000,0,1
906,4,-33.5181,582.8666,109.4022,40.0066,1.000000,0,1
906,5,752.2029,535.6982,342.0283,87.2038,1.000000,0,1
906,6,707.8797,580.6227,182.7878,23.7992,1.000000,1,0
907,1,529.9597,585.9009,51.6880,29.1923,1.000000,0,1
907,2,683.2073,580.6888,112.8514,16.6128,1.000000,0.4375,0.5625
907,3,-76.6033,551.3995,430.2786,65.3876,1.000000,0.0625,0.9375
907,4,-34.6579,582.9291,109.4436,40.0095,1.000000,0,1
907,5,752.4238,535.6362,342.1116,87.2109,1.000000,0,1
907,6,708.4755,580.6401,182.8385,23.8020,1.000000,1,0
908,1,529.2974,585.9838,51.7018,29.1940,1.000000,0,1
908,2,682.5626,580.7316,112.8225,16.6120,1.000000,0.3125,0.6875
908,3,-76.3002,551.5043,430.3299,65.4014,1.000000,0,1
908,4,-35.8031,583.0018,109.4857,40.0137,1.000000,0,1
908,5,752.6451,535.5717,342.1954,87.2181,1.000000,0,1
908,6,709.0703,580.6564,182.8899,23.8050,1.000000,1,0
909,1,528.6335,586.0624,51.7155,29.1954,1.000000,0,1
909,2,681.9184,580.7750,112.7935,16.6112,1.000000,0.3125,0.6875
909,3,-75.9967,551.6073,430.3811,65.4151,1.000000,0,1
909,4,-36.9506,583.0815,109.5284,40.0184,1.000000,0,1
909,5,752.8665,535.5056,342.2799,87.2254,1.000000,0,1
909,6,709.6644,580.6715,182.9423,23.8080,1.000000,1,0
910,1,527.9676,586.1354,51.7290,29.1963,1.000000,0,1
910,2,681.2747,580.8190,112.7645,16.6103,1.000000,0.0625,0.9375
910,3,-75.6921,551.7078,430.4315,65.4287,1.000000,0,1
910,4,-38.0991,583.1665,109.5710,40.0235,1.000000,0,1
910,5,753.0877,535.4382,342.3646,87.2327,1.000000,0,1
910,6,710.2582,580.6852,182.9955,23.8112,1.000000,1,0
911,1,527.3013,586.2072,51.7425,29.1972,1.000000,0,1
911,2,680.6317,580.8642,112.7355,16.6095,1.000000,0.3125,0.6875
911,3,-75.3865,551.8076,430.4814,65.4420,1.000000,0,1
911,4,-39.2493,583.2618,109.6139,40.0295,1.000000,0,1
911,5,753.3088,535.3692,342.4493,87.2400,1.000000,0,1
911,6,710.8521,580.6974,183.0499,23.8145,1.000000,1,0
912,1,526.6342,586.2764,51.7560,29.1979,1.000000,0,1
912,2,679.9891,580.9102,112.7065,16.6087,1.000000,0.3125,0.6875
912,3,-75.0797,551.9058,430.5303,65.4552,1.000000,0,1
912,4,-40.3994,583.3643,109.6570,40.0361,1.000000,0,1
912,5,753.5299,535.2990,342.5345,87.2473,1.000000,0,1
912,6,711.4458,580.7086,183.1057,23.8180,1.000000,1,0
913,1,525.9665,586.3414,51.7692,29.1983,1.000000,0,1
913,2,679.3470,580.9560,112.6772,16.6079,1.000000,0.25,0.75
913,3,-74.7715,552.0010,430.5784,65.4682,1.000000,0,1
913,4,-41.5474,583.4717,109.6996,40.0431,1.000000,0,1
913,5,753.7507,535.2277,342.6196,87.2544,1.000000,0,1
913,6,712.0396,580.7191,183.1628,23.8215,1.000000,1,0
914,1,525.2990,586.4054,51.7825,29.1986,1.000000,0,1
914,2,678.7052,581.0031,112.6481,16.6071,1.000000,0.3125,0.6875
914,3,-74.4634,552.0953,430.6259,65.4810,1.000000,0.125,0.875
914,4,-42.6930,583.5883,109.7422,40.0507,1.000000,0,1
914,5,753.9710,535.1552,342.7050,87.2617,1.000000,0,1
914,6,712.6336,580.7288,183.2213,23.8254,1.000000,1,0
915,1,524.6313,586.4667,51.7958,29.1988,1.000000,0,1
915,2,678.0635,581.0508,112.6188,16.6063,1.000000,0.3125,0.6875
915,3,-74.1548,552.1880,430.6731,65.4937,1.000000,0,1
915,4,-43.8351,583.7109,109.7839,40.0586,1.000000,0,1
915,5,754.1909,535.0818,342.7903,87.2690,1.000000,0,1
915,6,713.2280,580.7381,183.2811,23.8293,1.000000,1,0
916,1,523.9635,586.5240,51.8090,29.1987,1.000000,0,1
916,2,677.4218,581.0979,112.5892,16.6054,1.000000,0.4375,0.5625
916,3,-73.8442,552.2779,430.7187,65.5060,1.000000,0,1
916,4,-44.9715,583.8376,109.8249,40.0666,1.000000,0,1
916,5,754.4104,535.0081,342.8761,87.2763,1.000000,0,1
916,6,713.8226,580.7470,183.3423,23.8334,1.000000,1,0
917,1,523.2960,586.5799,51.8221,29.1986,1.000000,0,1
917,2,676.7803,581.1456,112.5594,16.6045,1.000000,0.125,0.875
917,3,-73.5325,552.3658,430.7642,65.5183,1.000000,0,1
917,4,-46.1018,583.9740,109.8650,40.0751,1.000000,0,1
917,5,754.6292,534.9330,342.9625,87.2837,1.000000,0,1
917,6,714.4180,580.7559,183.4050,23.8377,1.000000,1,0
918,1,522.6285,586.6328,51.8352,29.1983,1.000000,0,1
918,2,676.1388,581.1931,112.5295,16.6035,1.000000,0.3125,0.6875
918,3,-73.2188,552.4514,430.8087,65.5303,1.000000,0,1
918,4,-47.2263,584.1163,109.9043,40.0838,1.000000,0,1
918,5,754.8477,534.8568,343.0491,87.2912,1.000000,0,1
918,6,715.0135,580.7651,183.4694,23.8423,1.000000,1,0
919,1,521.9613,586.6814,51.8481,29.1977,1.000000,0,1
919,2,675.4974,581.2401,112.4992,16.6025,1.000000,0.25,0.75
919,3,-72.9022,552.5337,430.8520,65.5421,1.000000,0.0625,0.9375
919,4,-48.3434,584.2625,109.9420,40.0924,1.000000,0,1
919,5,755.0654,534.7798,343.1365,87.2989,1.000000,0,1
919,6,715.6097,580.7749,183.5349,23.8469,1.000000,1,0
920,1,521.2944,586.7275,51.8610,29.1970,1.000000,0,1
920,2,674.8561,581.2874,112.4689,16.6015,1.000000,0.25,0.75
920,3,-72.5835,552.6151,430.8947,65.5537,1.000000,0.0625,0.9375
920,4,-49.4517,584.4175,109.9786,40.1014,1.000000,0,1
920,5,755.2825,534.7017,343.2244,87.3067,1.000000,0,1
920,6,716.2056,580.7864,183.6019,23.8519,1.000000,1,0
921,1,520.6276,586.7703,51.8740,29.1961,1.000000,0,1
921,2,674.2150,581.3343,112.4382,16.6005,1.000000,0.375,0.625
921,3,-72.2618,552.6949,430.9361,65.5651,1.000000,0,1
921,4,-50.5518,584.5772,110.0139,40.1102,1.000000,0,1
921,5,755.4988,534.6229,343.3130,87.3147,1.000000,0,1
921,6,716.8012,580.7992,183.6702,23.8570,1.000000,1,0
922,1,519.9612,586.8090,51.8868,29.1949,1.000000,0,1
922,2,673.5740,581.3802,112.4073,16.5994,1.000000,0.1875,0.8125
922,3,-71.9372,552.7723,430.9762,65.5761,1.000000,0,1
922,4,-51.6438,584.7386,110.0475,40.1188,1.000000,0,1
922,5,755.7147,534.5439,343.4025,87.3229,1.000000,0,1
922,6,717.3971,580.8126,183.7394,23.8621,1.000000,1,0
923,1,519.2952,586.8450,51.8995,29.1937,1.000000,0,1
923,2,672.9332,581.4258,112.3762,16.5983,1.000000,0.125,0.875
923,3,-71.6097,552.8491,431.0153,65.5870,1.000000,0,1
923,4,-52.7267,584.9083,110.0798,40.1278,1.000000,0,1
923,5,755.9297,534.4639,343.4928,87.3313,1.000000,0,1
923,6,717.9938,580.8265,183.8101,23.8675,1.000000,1,0
924,1,518.6297,586.8780,51.9122,29.1922,1.000000,0,1
924,2,672.2924,581.4705,112.3451,16.5971,1.000000,0.25,0.75
924,3,-71.2798,552.9244,431.0536,65.5977,1.000000,0.0625,0.9375
924,4,-53.8018,585.0820,110.1109,40.1366,1.000000,0,1
924,5,756.1441,534.3833,343.5838,87.3399,1.000000,0,1
924,6,718.5916,580.8409,183.8816,23.8730,1.000000,1,0
925,1,517.9650,586.9075,51.9248,29.1905,1.000000,0,1
925,2,671.6517,581.5134,112.3137,16.5959,1.000000,0.25,0.75
925,3,-70.9462,552.9977,431.0899,65.6080,1.000000,0,1
925,4,-54.8690,585.2559,110.1405,40.1450,1.000000,0,1
925,5,756.3582,534.3030,343.6759,87.3488,1.000000,0,1
925,6,719.1906,580.8561,183.9539,23.8787,1.000000,1,0
926,1,517.3009,586.9344,51.9373,29.1886,1.000000,0,1
926,2,671.0108,581.5553,112.2820,16.5947,1.000000,0.25,0.75
926,3,-70.6093,553.0706,431.1249,65.6181,1.000000,0,1
926,4,-55.9277,585.4353,110.1688,40.1535,1.000000,0,1
926,5,756.5715,534.2224,343.7684,87.3579,1.000000,0,1
926,6,719.7910,580.8727,184.0274,23.8844,1.000000,1,0
927,1,516.6374,586.9583,51.9498,29.1866,1.000000,0,1
927,2,670.3698,581.5958,112.2504,16.5934,1.000000,0.125,0.875
927,3,-70.2692,553.1422,431.1586,65.6279,1.000000,0,1
927,4,-56.9794,585.6158,110.1963,40.1618,1.000000,0,1
927,5,756.7844,534.1421,343.8615,87.3670,1.000000,0,1
927,6,720.3927,580.8903,184.1016,23.8903,1.000000,1,0
928,1,515.9742,586.9789,51.9622,29.1844,1.000000,0,1
928,2,669.7281,581.6342,112.2185,16.5921,1.000000,0.125,0.875
928,3,-69.9256,553.2112,431.1906,65.6374,1.000000,0,1
928,4,-58.0242,585.7942,110.2225,40.1696,1.000000,0,1
928,5,756.9970,534.0629,343.9550,87.3764,1.000000,0,1
928,6,720.9957,580.9086,184.1761,23.8962,1.000000,1,0
929,1,515.3115,586.9974,51.9744,29.1820,1.000000,0,1
929,2,669.0862,581.6718,112.1864,16.5908,1.000000,0.0625,0.9375
929,3,-69.5792,553.2795,431.2214,65.6467,1.000000,0,1
929,4,-59.0598,585.9769,110.2473,40.1774,1.000000,0,1
929,5,757.2090,533.9840,344.0486,87.3858,1.000000,0,1
929,6,721.6003,580.9286,184.2514,23.9022,1.000000,1,0
930,1,514.6494,587.0134,51.9865,29.1794,1.000000,0,1
930,2,668.4436,581.7081,112.1542,16.5894,1.000000,0.125,0.875
930,3,-69.2297,553.3460,431.2510,65.6557,1.000000,0,1
930,4,-60.0883,586.1593,110.2710,40.1848,1.000000,0,1
930,5,757.4209,533.9064,344.1420,87.3953,1.000000,0,1
930,6,722.2063,580.9498,184.3272,23.9082,1.000000,1,0
931,1,513.9877,587.0267,51.9984,29.1766,1.000000,0,1
931,2,667.8005,581.7421,112.1219,16.5880,1.000000,0.25,0.75
931,3,-68.8778,553.4094,431.2795,65.6644,1.000000,0.0625,0.9375
931,4,-61.1105,586.3372,110.2936,40.1915,1.000000,0,1
931,5,757.6328,533.8309,344.2355,87.4048,1.000000,0,1
931,6,722.8136,580.9714,184.4032,23.9143,1.000000,1,0
932,1,513.3262,587.0373,52.0103,29.1736,1.000000,0,1
932,2,667.1569,581.7753,112.0895,16.5865,1.000000,0.125,0.875
932,3,-68.5217,553.4714,431.3062,65.6728,1.000000,0,1
932,4,-62.1250,586.5178,110.3152,40.1982,1.000000,0,1
932,5,757.8442,533.7566,344.3282,87.4142,1.000000,0,1
932,6,723.4223,580.9940,184.4798,23.9205,1.000000,1,0
933,1,512.6650,587.0451,52.0220,29.1704,1.000000,0,1
933,2,666.5128,581.8069,112.0570,16.5851,1.000000,0,1
933,3,-68.1626,553.5314,431.3314,65.6809,1.000000,0,1
933,4,-63.1336,586.6968,110.3360,40.2045,1.000000,0,1
933,5,758.0555,533.6840,344.4203,87.4236,1.000000,0,1
933,6,724.0323,581.0165,184.5565,23.9267,1.000000,1,0
934,1,512.0045,587.0504,52.0336,29.1670,1.000000,0,1
934,2,665.8682,581.8362,112.0241,16.5836,1.000000,0.125,0.875
934,3,-67.8009,553.5880,431.3553,65.6887,1.000000,0,1
934,4,-64.1366,586.8707,110.3555,40.2100,1.000000,0,1
934,5,758.2670,533.6141,344.5125,87.4330,1.000000,0,1
934,6,724.6433,581.0383,184.6334,23.9328,1.000000,1,0
935,1,511.3438,587.0531,52.0450,29.1635,1.000000,0,1
935,2,665.2231,581.8644,111.9911,16.5820,1.000000,0.25,0.75
935,3,-67.4361,553.6427,431.3779,65.6962,1.000000,0,1
935,4,-65.1328,587.0452,110.3743,40.2154,1.000000,0,1
935,5,758.4783,533.5466,344.6033,87.4423,1.000000,0,1
935,6,725.2551,581.0607,184.7107,23.9391,1.000000,1,0
936,1,510.6834,587.0537,52.0565,29.1598,1.000000,0,1
936,2,664.5773,581.8909,111.9581,16.5804,1.000000,0,1
936,3,-67.0684,553.6947,431.3991,65.7034,1.000000,0.0625,0.9375
936,4,-66.1230,587.2164,110.3920,40.2203,1.000000,0,1
936,5,758.6895,533.4817,344.6938,87.4516,1.000000,0,1
936,6,725.8682,581.0823,184.7882,23.9453,1.000000,1,0
937,1,510.0238,587.0524,52.0677,29.1559,1.000000,0,1
937,2,663.9312,581.9147,111.9245,16.5788,1.000000,0,1
937,3,-66.6985,553.7433,431.4192,65.7102,1.000000,0,1
937,4,-67.1082,587.3816,110.4087,40.2243,1.000000,0,1
937,5,758.9008,533.4200,344.7833,87.4607,1.000000,0,1
937,6,726.4824,581.1019,184.8660,23.9516,1.000000,1,0
938,1,509.3640,587.0483,52.0790,29.1518,1.000000,0,1
938,2,663.2843,581.9366,111.8908,16.5771,1.000000,0,1
938,3,-66.3260,553.7892,431.4380,65.7168,1.000000,0,1
938,4,-68.0867,587.5457,110.4248,40.2281,1.000000,0,1
938,5,759.1122,533.3610,344.8717,87.4698,1.000000,0,1
938,6,727.0983,581.1210,184.9442,23.9579,1.000000,1,0
939,1,508.7047,587.0422,52.0900,29.1477,1.000000,0,1
939,2,662.6368,581.9561,111.8569,16.5754,1.000000,0.125,0.875
939,3,-65.9509,553.8319,431.4554,65.7231,1.000000,0.0625,0.9375
939,4,-69.0591,587.7056,110.4397,40.2311,1.000000,0,1
939,5,759.3236,533.3050,344.9594,87.4787,1.000000,0,1
939,6,727.7153,581.1389,185.0228,23.9642,1.000000,1,0
940,1,508.0463,587.0347,52.1011,29.1434,1.000000,0,1
940,2,661.9890,581.9726,111.8225,16.5735,1.000000,0.0625,0.9375
940,3,-65.5738,553.8707,431.4717,65.7289,1.000000,0,1
940,4,-70.0238,587.8563,110.4532,40.2331,1.000000,0,1
940,5,759.5352,533.2527,345.0466,87.4877,1.000000,0,1
940,6,728.3334,581.1553,185.1017,23.9705,1.000000,1,0
941,1,507.3880,587.0247,52.1121,29.1390,1.000000,0,1
941,2,661.3407,581.9867,111.7880,16.5716,1.000000,0.125,0.875
941,3,-65.1955,553.9069,431.4871,65.7347,1.000000,0,1
941,4,-70.9812,588.0046,110.4658,40.2347,1.000000,0,1
941,5,759.7466,533.2029,345.1323,87.4964,1.000000,0,1
941,6,728.9523,581.1711,185.1810,23.9769,1.000000,1,0
942,1,506.7301,587.0122,52.1230,29.1344,1.000000,0,1
942,2,660.6922,581.9982,111.7532,16.5697,1.000000,0.0625,0.9375
942,3,-64.8162,553.9398,431.5018,65.7402,1.000000,0.0625,0.9375
942,4,-71.9326,588.1459,110.4773,40.2355,1.000000,0,1
942,5,759.9580,533.1561,345.2170,87.5051,1.000000,0,1
942,6,729.5719,581.1862,185.2607,23.9832,1.000000,1,0
943,1,506.0726,586.9982,52.1339,29.1298,1.000000,0,1
943,2,660.0434,582.0062,111.7181,16.5677,1.000000,0,1
943,3,-64.4356,553.9690,431.5154,65.7453,1.000000,0,1
943,4,-72.8782,588.2762,110.4880,40.2350,1.000000,0,1
943,5,760.1694,533.1124,345.3010,87.5136,1.000000,0,1
943,6,730.1920,581.2000,185.3410,23.9897,1.000000,1,0
944,1,505.4147,586.9819,52.1447,29.1250,1.000000,0,1
944,2,659.3942,582.0116,111.6830,16.5657,1.000000,0,1
944,3,-64.0537,553.9952,431.5280,65.7501,1.000000,0,1
944,4,-73.8174,588.4020,110.4976,40.2339,1.000000,0,1
944,5,760.3802,533.0715,345.3837,87.5220,1.000000,0,1
944,6,730.8123,581.2136,185.4216,23.9961,1.000000,1,0
945,1,504.7571,586.9638,52.1556,29.1201,1.000000,0,1
945,2,658.7448,582.0139,111.6478,16.5636,1.000000,0.0625,0.9375
945,3,-63.6707,554.0180,431.5397,65.7548,1.000000,0,1
945,4,-74.7518,588.5204,110.5066,40.2320,1.000000,0,1
945,5,760.5903,533.0335,345.4651,87.5303,1.000000,0,1
945,6,731.4327,581.2271,185.5027,24.0027,1.000000,1,0
946,1,504.1001,586.9448,52.1664,29.1152,1.000000,0,1
946,2,658.0951,582.0127,111.6125,16.5614,1.000000,0,1
946,3,-63.2867,554.0364,431.5511,65.7592,1.000000,0,1
946,4,-75.6811,588.6284,110.5144,40.2290,1.000000,0,1
946,5,760.7999,532.9988,345.5455,87.5384,1.000000,0,1
946,6,732.0531,581.2405,185.5840,24.0093,1.000000,1,0
947,1,503.4430,586.9242,52.1771,29.1101,1.000000,0,1
947,2,657.4450,582.0089,111.5771,16.5593,1.000000,0,1
947,3,-62.9011,554.0505,431.5616,65.7633,1.000000,0,1
947,4,-76.6042,588.7314,110.5216,40.2254,1.000000,0,1
947,5,761.0083,532.9665,345.6248,87.5464,1.000000,0,1
947,6,732.6729,581.2555,185.6659,24.0159,1.000000,1,0
948,1,502.7861,586.9028,52.1878,29.1051,1.000000,0,1
948,2,656.7947,582.0023,111.5419,16.5571,1.000000,0,1
948,3,-62.5137,554.0609,431.5715,65.7672,1.000000,0,1
948,4,-77.5224,588.8270,110.5277,40.2210,1.000000,0,1
948,5,761.2159,532.9365,345.7028,87.5543,1.000000,0,1
948,6,733.2923,581.2720,185.7482,24.0226,1.000000,1,0
949,1,502.1302,586.8815,52.1985,29.0999,1.000000,0,1
949,2,656.1441,581.9928,111.5067,16.5549,1.000000,0,1
949,3,-62.1251,554.0672,431.5808,65.7709,1.000000,0,1
949,4,-78.4360,588.9121,110.5330,40.2155,1.000000,0,1
949,5,761.4230,532.9088,345.7798,87.5620,1.000000,0,1
949,6,733.9114,581.2902,185.8309,24.0294,1.000000,0.9375,0.0625
950,1,501.4738,586.8588,52.2091,29.0948,1.000000,0,1
950,2,655.4932,581.9809,111.4716,16.5528,1.000000,0,1
950,3,-61.7349,554.0697,431.5897,65.7744,1.000000,0.0625,0.9375
950,4,-79.3436,588.9918,110.5375,40.2093,1.000000,0,1
950,5,761.6293,532.8826,345.8561,87.5697,1.000000,0,1
950,6,734.5308,581.3105,185.9136,24.0363,1.000000,0.9375,0.0625
951,1,500.8179,586.8356,52.2197,29.0896,1.000000,0,1
951,2,654.8420,581.9670,111.4368,16.5506,1.000000,0,1
951,3,-61.3431,554.0692,431.5976,65.7776,1.000000,0,1
951,4,-80.2474,589.0643,110.5413,40.2024,1.000000,0,1
951,5,761.8354,532.8577,345.9316,87.5772,1.000000,0,1
951,6,735.1318,581.3333,186.0151,24.0432,1.000000,0.9375,0.0625
952,1,500.1633,586.8125,52.2302,29.0843,1.000000,0,1
952,2,654.1909,581.9511,111.4019,16.5485,1.000000,0,1
952,3,-60.9502,554.0656,431.6052,65.7807,1.000000,0,1
952,4,-81.1482,589.1279,110.5449,40.1947,1.000000,0,1
952,5,762.0411,532.8342,346.0063,87.5846,1.000000,0,1
952,6,735.7191,581.3596,186.1306,24.0501,1.000000,1,0
953,1,499.5087,586.7886,52.2405,29.0789,1.000000,0,1
953,2,653.5392,581.9337,111.3675,16.5463,1.000000,0,1
953,3,-60.5562,554.0590,431.6125,65.7836,1.000000,0,1
953,4,-82.0431,589.1858,110.5476,40.1863,1.000000,0,1
953,5,762.2467,532.8118,346.0800,87.5919,1.000000,0,1
953,6,736.3060,581.3910,186.2460,24.0571,1.000000,1,0
954,1,498.8551,586.7644,52.2508,29.0735,1.000000,0,1
954,2,652.8873,581.9150,111.3333,16.5442,1.000000,0,1
954,3,-60.1612,554.0498,431.6195,65.7864,1.000000,0,1
954,4,-82.9329,589.2360,110.5499,40.1773,1.000000,0,1
954,5,762.4521,532.7903,346.1534,87.5990,1.000000,0,1
954,6,736.8928,581.4270,186.3613,24.0641,1.000000,1,0
955,1,498.2029,586.7407,52.2609,29.0681,1.000000,0,1
955,2,652.2349,581.8955,111.2992,16.5421,1.000000,0,1
955,3,-59.7648,554.0381,431.6257,65.7890,1.000000,0,1
955,4,-83.8174,589.2767,110.5510,40.1671,1.000000,0,1
955,5,762.6575,532.7697,346.2263,87.6061,1.000000,0,1
955,6,737.4793,581.4677,186.4766,24.0712,1.000000,0.9375,0.0625
956,1,497.5513,586.7164,52.2709,29.0625,1.000000,0,1
956,2,651.5807,581.8759,111.2653,16.5401,1.000000,0,1
956,3,-59.3667,554.0240,431.6312,65.7913,1.000000,0,1
956,4,-84.6978,589.3097,110.5517,40.1563,1.000000,0,1
956,5,762.8627,532.7502,346.2986,87.6131,1.000000,0,1
956,6,738.0652,581.5135,186.5912,24.0783,1.000000,1,0
957,1,496.9005,586.6920,52.2808,29.0570,1.000000,0,1
957,2,650.9249,581.8561,111.2316,16.5381,1.000000,0,1
957,3,-58.9671,554.0081,431.6359,65.7935,1.000000,0,1
957,4,-85.5733,589.3346,110.5515,40.1445,1.000000,0,1
957,5,763.0677,532.7315,346.3705,87.6201,1.000000,0,1
957,6,738.6508,581.5637,186.7055,24.0853,1.000000,0.9375,0.0625
958,1,496.2510,586.6682,52.2907,29.0514,1.000000,0,1
958,2,650.2679,581.8367,111.1981,16.5361,1.000000,0,1
958,3,-58.5667,553.9900,431.6401,65.7956,1.000000,0,1
958,4,-86.4459,589.3510,110.5510,40.1320,1.000000,0,1
958,5,763.2729,532.7137,346.4415,87.6269,1.000000,0,1
958,6,739.2361,581.6179,186.8195,24.0924,1.000000,0.9375,0.0625
959,1,495.6020,586.6436,52.3004,29.0457,1.000000,0,1
959,2,649.6104,581.8188,111.1647,16.5341,1.000000,0,1
959,3,-58.1647,553.9698,431.6438,65.7975,1.000000,0,1
959,4,-87.3142,589.3588,110.5496,40.1187,1.000000,0,1
959,5,763.4779,532.6969,346.5125,87.6335,1.000000,0,1
959,6,739.8209,581.6762,186.9327,24.0995,1.000000,1,0
960,1,494.9542,586.6189,52.3099,29.0400,1.000000,0,1
960,2,648.9526,581.8022,111.1312,16.5321,1.000000,0,1
960,3,-57.7610,553.9478,431.6465,65.7991,1.000000,0,1
960,4,-88.1783,589.3585,110.5478,40.1046,1.000000,0,1
960,5,763.6830,532.6810,346.5830,87.6403,1.000000,0,1
960,6,740.4053,581.7375,187.0452,24.1065,1.000000,0.9375,0.0625
961,1,494.3082,586.5948,52.3195,29.0343,1.000000,0,1
961,2,648.2943,581.7870,111.0978,16.5302,1.000000,0,1
961,3,-57.3560,553.9244,431.6484,65.8005,1.000000,0,1
961,4,-89.0395,589.3502,110.5456,40.0896,1.000000,0,1
961,5,763.8882,532.6662,346.6533,87.6470,1.000000,0,1
961,6,740.9894,581.8014,187.1577,24.1135,1.000000,0.9375,0.0625
962,1,493.6634,586.5712,52.3288,29.0285,1.000000,0,1
962,2,647.6360,581.7738,111.0645,16.5283,1.000000,0,1
962,3,-56.9500,553.8992,431.6498,65.8019,1.000000,0,1
962,4,-89.8972,589.3329,110.5428,40.0738,1.000000,0,1
962,5,764.0935,532.6530,346.7229,87.6536,1.000000,0,1
962,6,741.5732,581.8679,187.2692,24.1205,1.000000,0.8125,0.1875
963,1,493.0200,586.5478,52.3380,29.0227,1.000000,0,1
963,2,646.9773,581.7620,111.0311,16.5264,1.000000,0,1
963,3,-56.5429,553.8727,431.6506,65.8031,1.000000,0,1
963,4,-90.7518,589.3078,110.5396,40.0575,1.000000,0,1
963,5,764.2987,532.6413,346.7924,87.6602,1.000000,0,1
963,6,742.1567,581.9362,187.3800,24.1273,1.000000,0.9375,0.0625
964,1,492.3785,586.5250,52.3472,29.0170,1.000000,0,1
964,2,646.3185,581.7506,110.9976,16.5245,1.000000,0,1
964,3,-56.1350,553.8444,431.6506,65.8041,1.000000,0,1
964,4,-91.6029,589.2750,110.5360,40.0403,1.000000,0,1
964,5,764.5042,532.6313,346.8613,87.6668,1.000000,0,1
964,6,742.7404,582.0055,187.4903,24.1341,1.000000,1,0
965,1,491.7385,586.5023,52.3562,29.0112,1.000000,0,1
965,2,645.6595,581.7408,110.9639,16.5226,1.000000,0,1
965,3,-55.7259,553.8138,431.6501,65.8049,1.000000,0,1
965,4,-92.4500,589.2326,110.5318,40.0223,1.000000,0,1
965,5,764.7095,532.6228,346.9297,87.6733,1.000000,0,1
965,6,743.3235,582.0762,187.5999,24.1408,1.000000,0.8125,0.1875
966,1,491.0999,586.4792,52.3651,29.0053,1.000000,0,1
966,2,645.0005,581.7319,110.9299,16.5206,1.000000,0,1
966,3,-55.3161,553.7817,431.6489,65.8056,1.000000,0,1
966,4,-93.2944,589.1824,110.5272,40.0036,1.000000,0,1
966,5,764.9151,532.6157,346.9977,87.6797,1.000000,0,1
966,6,743.9065,582.1476,187.7085,24.1474,1.000000,0.9375,0.0625
967,1,490.4627,586.4558,52.3740,28.9994,1.000000,0,1
967,2,644.3413,581.7230,110.8958,16.5187,1.000000,0,1
967,3,-54.9055,553.7482,431.6470,65.8061,1.000000,0,1
967,4,-94.1363,589.1255,110.5223,39.9843,1.000000,0,1
967,5,765.1211,532.6102,347.0656,87.6861,1.000000,0,1
967,6,744.4891,582.2192,187.8165,24.1540,1.000000,0.875,0.125
968,1,489.8271,586.4317,52.3827,28.9934,1.000000,0,1
968,2,643.6821,581.7153,110.8616,16.5167,1.000000,0,1
968,3,-54.4949,553.7123,431.6451,65.8065,1.000000,0,1
968,4,-94.9736,589.0583,110.5170,39.9641,1.000000,0,1
968,5,765.3273,532.6068,347.1326,87.6925,1.000000,0,1
968,6,745.0710,582.2909,187.9236,24.1604,1.000000,0.9375,0.0625
969,1,489.1931,586.4069,52.3913,28.9874,1.000000,0,1
969,2,643.0229,581.7079,110.8270,16.5146,1.000000,0,1
969,3,-54.0830,553.6746,431.6422,65.8067,1.000000,0,1
969,4,-95.8083,588.9838,110.5113,39.9432,1.000000,0,1
969,5,765.5339,532.6049,347.1989,87.6987,1.000000,0,1
969,6,745.6522,582.3626,188.0301,24.1667,1.000000,0.8125,0.1875
970,1,488.5602,586.3815,52.3999,28.9814,1.000000,0,1
970,2,642.3636,581.7004,110.7923,16.5126,1.000000,0,1
970,3,-53.6708,553.6355,431.6389,65.8068,1.000000,0,1
970,4,-96.6417,588.9042,110.5056,39.9219,1.000000,0,1
970,5,765.7409,532.6050,347.2650,87.7049,1.000000,0,1
970,6,746.2329,582.4339,188.1361,24.1730,1.000000,1,0
971,1,487.9286,586.3546,52.4084,28.9752,1.000000,0,1
971,2,641.7046,581.6937,110.7573,16.5105,1.000000,0,1
971,3,-53.2582,553.5935,431.6351,65.8067,1.000000,0,1
971,4,-97.4717,588.8145,110.4993,39.8998,1.000000,0,1
971,5,765.9480,532.6073,347.3301,87.7109,1.000000,0,1
971,6,746.8125,582.5046,188.2409,24.1792,1.000000,0.8125,0.1875
972,1,487.2979,586.3262,52.4167,28.9688,1.000000,0,1
972,2,641.0458,581.6872,110.7220,16.5083,1.000000,0,1
972,3,-52.8455,553.5496,431.6311,65.8065,1.000000,0,1
972,4,-98.2990,588.7183,110.4928,39.8770,1.000000,0,1
972,5,766.1554,532.6118,347.3945,87.7169,1.000000,0,1
972,6,747.3914,582.5745,188.3447,24.1852,1.000000,0.875,0.125
973,1,486.6676,586.2957,52.4248,28.9624,1.000000,0,1
973,2,640.3875,581.6804,110.6865,16.5062,1.000000,0,1
973,3,-52.4329,553.5041,431.6268,65.8062,1.000000,0,1
973,4,-99.1246,588.6187,110.4863,39.8541,1.000000,0,1
973,5,766.3632,532.6183,347.4578,87.7226,1.000000,0,1
973,6,747.9697,582.6433,188.4476,24.1911,1.000000,0.875,0.125
974,1,486.0380,586.2625,52.4329,28.9557,1.000000,0,1
974,2,639.7277,581.6738,110.6531,16.5040,1.000000,0,1
974,3,-52.0210,553.4557,431.6227,65.8058,1.000000,0,1
974,4,-99.9461,588.5096,110.4792,39.8302,1.000000,0,1
974,5,766.5714,532.6266,347.5210,87.7284,1.000000,0,1
974,6,748.5471,582.7118,188.5496,24.1968,1.000000,0.8125,0.1875
975,1,485.4087,586.2271,52.4408,28.9488,1.000000,0,1
975,2,639.0656,581.6669,110.6225,16.5017,1.000000,0,1
975,3,-51.6097,553.4053,431.6187,65.8054,1.000000,0,1
975,4,-100.7654,588.3954,110.4716,39.8059,1.000000,0,1
975,5,766.7800,532.6364,347.5837,87.7342,1.000000,0,1
975,6,749.1239,582.7800,188.6507,24.2025,1.000000,0.8125,0.1875
976,1,484.7796,586.1899,52.4486,28.9418,1.000000,0,1
976,2,638.4040,581.6597,110.5919,16.4994,1.000000,0,1
976,3,-51.1994,553.3538,431.6150,65.8049,1.000000,0,1
976,4,-101.5841,588.2792,110.4644,39.7816,1.000000,0,1
976,5,766.9891,532.6475,347.6458,87.7398,1.000000,0,1
976,6,749.7004,582.8474,188.7510,24.2082,1.000000,0.9375,0.0625
977,1,484.1510,586.1503,52.4564,28.9347,1.000000,0,1
977,2,637.7433,581.6524,110.5610,16.4971,1.000000,0,1
977,3,-50.7897,553.2987,431.6115,65.8044,1.000000,0,1
977,4,-102.3988,588.1533,110.4567,39.7564,1.000000,0,1
977,5,767.1984,532.6605,347.7070,87.7451,1.000000,0,1
977,6,750.2766,582.9085,188.8503,24.2196,1.000000,1,0
978,1,483.5229,586.1090,52.4640,28.9274,1.000000,0,1
978,2,637.0836,581.6448,110.5298,16.4948,1.000000,0,1
978,3,-50.3814,553.2415,431.6086,65.8039,1.000000,0,1
978,4,-103.2121,588.0229,110.4491,39.7308,1.000000,0,1
978,5,767.4081,532.6746,347.7679,87.7505,1.000000,0,1
978,6,750.8529,582.9691,188.9486,24.2307,1.000000,0.8125,0.1875
979,1,482.8950,586.0660,52.4716,28.9200,1.000000,0,1
979,2,636.4244,581.6370,110.4988,16.4924,1.000000,0,1
979,3,-49.9734,553.1830,431.6058,65.8035,1.000000,0,1
979,4,-104.0245,587.8925,110.4416,39.7054,1.000000,0,1
979,5,767.6185,532.6894,347.8281,87.7558,1.000000,0,1
979,6,751.4300,583.0288,189.0461,24.2417,1.000000,0.9375,0.0625
980,1,482.2678,586.0208,52.4790,28.9124,1.000000,0,1
980,2,635.7662,581.6289,110.4673,16.4900,1.000000,0,1
980,3,-49.5665,553.1215,431.6038,65.8030,1.000000,0,1
980,4,-104.8328,587.7534,110.4334,39.6791,1.000000,0,1
980,5,767.8292,532.7054,347.8872,87.7608,1.000000,0,1
980,6,752.0077,583.0886,189.1429,24.2524,1.000000,0.8125,0.1875
981,1,481.6410,585.9739,52.4864,28.9048,1.000000,0,1
981,2,635.1088,581.6205,110.4359,16.4876,1.000000,0,1
981,3,-49.1611,553.0580,431.6027,65.8026,1.000000,0,1
981,4,-105.6404,587.6115,110.4252,39.6527,1.000000,0,1
981,5,768.0403,532.7220,347.9463,87.7657,1.000000,0,1
981,6,752.5855,583.1483,189.2385,24.2631,1.000000,1,0
982,1,481.0143,585.9254,52.4938,28.8970,1.000000,0,1
982,2,634.4520,581.6122,110.4047,16.4852,1.000000,0,1
982,3,-48.7577,552.9932,431.6029,65.8024,1.000000,0,1
982,4,-106.4498,587.4717,110.4175,39.6266,1.000000,0,1
982,5,768.2520,532.7388,348.0048,87.7705,1.000000,0,1
982,6,753.1633,583.2076,189.3329,24.2736,1.000000,0.875,0.125
983,1,480.3883,585.8748,52.5011,28.8891,1.000000,0,1
983,2,633.7961,581.6030,110.3732,16.4828,1.000000,0,1
983,3,-48.3556,552.9260,431.6041,65.8022,1.000000,0,1
983,4,-107.2578,587.3247,110.4097,39.6000,1.000000,0,1
983,5,768.4638,532.7562,348.0630,87.7753,1.000000,0,1
983,6,753.7411,583.2664,189.4263,24.2839,1.000000,1,0
984,1,479.7628,585.8224,52.5083,28.8812,1.000000,0,1
984,2,633.1410,581.5934,110.3416,16.4803,1.000000,0,1
984,3,-47.9559,552.8573,431.6067,65.8023,1.000000,0,1
984,4,-108.0662,587.1768,110.4021,39.5733,1.000000,0,1
984,5,768.6759,532.7736,348.1205,87.7798,1.000000,0,1
984,6,754.3187,583.3241,189.5188,24.2940,1.000000,0.9375,0.0625
985,1,479.1373,585.7689,52.5156,28.8732,1.000000,0,1
985,2,632.4862,581.5831,110.3101,16.4779,1.000000,0,1
985,3,-47.5592,552.7878,431.6111,65.8025,1.000000,0,1
985,4,-108.8767,587.0332,110.3953,39.5471,1.000000,0,1
985,5,768.8884,532.7903,348.1776,87.7842,1.000000,0,1
985,6,754.8965,583.3800,189.6101,24.3036,1.000000,0.9375,0.0625
986,1,478.5125,585.7131,52.5228,28.8651,1.000000,0,1
986,2,631.8323,581.5717,110.2784,16.4754,1.000000,0,1
986,3,-47.1642,552.7162,431.6170,65.8030,1.000000,0,1
986,4,-109.6862,586.8843,110.3883,39.5207,1.000000,0,1
986,5,769.1013,532.8069,348.2347,87.7886,1.000000,0,1
986,6,755.4745,583.4336,189.7006,24.3130,1.000000,0.9375,0.0625
987,1,477.8879,585.6561,52.5302,28.8569,1.000000,0,1
987,2,631.1790,581.5596,110.2469,16.4729,1.000000,0,1
987,3,-46.7712,552.6432,431.6241,65.8036,1.000000,0,1
987,4,-110.4975,586.7361,110.3817,39.4944,1.000000,0,1
987,5,769.3145,532.8231,348.2911,87.7928,1.000000,0,1
987,6,756.0527,583.4847,189.7901,24.3219,1.000000,0.875,0.125
988,1,477.2635,585.5982,52.5375,28.8488,1.000000,0,1
988,2,630.5264,581.5475,110.2158,16.4705,1.000000,0,1
988,3,-46.3808,552.5695,431.6331,65.8045,1.000000,0,1
988,4,-111.3135,586.5933,110.3763,39.4689,1.000000,0,1
988,5,769.5279,532.8386,348.3476,87.7969,1.000000,0,1
988,6,756.6311,583.5321,189.8783,24.3303,1.000000,1,0
989,1,476.6400,585.5380,52.5448,28.8405,1.000000,0,1
989,2,629.8760,581.5349,110.1844,16.4680,1.000000,0,1
989,3,-45.9935,552.4942,431.6439,65.8057,1.000000,0,1
989,4,-112.1296,586.4465,110.3708,39.4432,1.000000,0,1
989,5,769.7421,532.8530,348.4043,87.8011,1.000000,0,1
989,6,757.2100,583.5759,189.9657,24.3381,1.000000,0.8125,0.1875
990,1,476.0170,585.4767,52.5522,28.8322,1.000000,0,1
990,2,629.2272,581.5225,110.1533,16.4655,1.000000,0,1
990,3,-45.6088,552.4179,431.6564,65.8072,1.000000,0,1
990,4,-112.9488,586.3016,110.3661,39.4177,1.000000,0,1
990,5,769.9564,532.8666,348.4608,87.8050,1.000000,0,1
990,6,757.7891,583.6160,190.0521,24.3455,1.000000,0.9375,0.0625
991,1,475.3944,585.4156,52.5595,28.8241,1.000000,0,1
991,2,628.5797,581.5112,110.1226,16.4632,1.000000,0,1
991,3,-45.2274,552.3411,431.6711,65.8089,1.000000,0,1
991,4,-113.7717,586.1629,110.3622,39.3931,1.000000,0,1
991,5,770.1711,532.8794,348.5166,87.8088,1.000000,0,1
991,6,758.3684,583.6517,190.1372,24.3521,1.000000,0.875,0.125
992,1,474.7726,585.3525,52.5669,28.8157,1.000000,0,1
992,2,627.9337,581.4996,110.0918,16.4608,1.000000,0,1
992,3,-44.8492,552.2628,431.6878,65.8109,1.000000,0,1
992,4,-114.5979,586.0218,110.3588,39.3684,1.000000,0,1
992,5,770.3856,532.8914,348.5723,87.8125,1.000000,0,1
992,6,758.9477,583.6835,190.2216,24.3582,1.000000,0.8125,0.1875
993,1,474.1512,585.2892,52.5744,28.8075,1.000000,0,1
993,2,627.2888,581.4887,110.0612,16.4584,1.000000,0,1
993,3,-44.4743,552.1837,431.7064,65.8132,1.000000,0,1
993,4,-115.4287,585.8839,110.3561,39.3442,1.000000,0,1
993,5,770.6000,532.9026,348.6279,87.8162,1.000000,0,1
993,6,759.5265,583.7114,190.3049,24.3638,1.000000,0.75,0.25
994,1,473.5302,585.2273,52.5821,28.7994,1.000000,0,1
994,2,626.6447,581.4795,110.0307,16.4561,1.000000,0,1
994,3,-44.1033,552.1043,431.7275,65.8160,1.000000,0,1
994,4,-116.2659,585.7542,110.3545,39.3211,1.000000,0,1
994,5,770.8143,532.9126,348.6839,87.8200,1.000000,0,1
994,6,760.1050,583.7344,190.3868,24.3686,1.000000,0.9375,0.0625
995,1,472.9099,585.1646,52.5898,28.7913,1.000000,0,1
995,2,626.0015,581.4713,110.0004,16.4538,1.000000,0,1
995,3,-43.7368,552.0234,431.7514,65.8191,1.000000,0,1
995,4,-117.1079,585.6241,110.3536,39.2980,1.000000,0,1
995,5,771.0284,532.9221,348.7397,87.8236,1.000000,0,1
995,6,760.6831,583.7516,190.4681,24.3727,1.000000,0.875,0.125
996,1,472.2901,585.1024,52.5977,28.7833,1.000000,0,1
996,2,625.3590,581.4648,109.9702,16.4515,1.000000,0,1
996,3,-43.3743,551.9419,431.7773,65.8225,1.000000,0,1
996,4,-117.9548,585.4988,110.3536,39.2755,1.000000,0,1
996,5,771.2427,532.9310,348.7953,87.8272,1.000000,0,1
996,6,761.2611,583.7638,190.5483,24.3762,1.000000,0.875,0.125
997,1,471.6706,585.0421,52.6057,28.7755,1.000000,0,1
997,2,624.7173,581.4610,109.9437,16.4492,1.000000,0,1
997,3,-43.0161,551.8604,431.8058,65.8264,1.000000,0,1
997,4,-118.8060,585.3826,110.3542,39.2540,1.000000,0,1
997,5,771.4572,532.9391,348.8506,87.8306,1.000000,0,1
997,6,761.8391,583.7709,190.6273,24.3790,1.000000,0.9375,0.0625
998,1,471.0517,584.9815,52.6137,28.7678,1.000000,0,1
998,2,624.0764,581.4591,109.9319,16.4470,1.000000,0,1
998,3,-42.6621,551.7784,431.8364,65.8306,1.000000,0,1
998,4,-119.6597,585.2675,110.3554,39.2327,1.000000,0,1
998,5,771.6721,532.9462,348.9058,87.8340,1.000000,0,1
998,6,762.4173,583.7727,190.7056,24.3810,1.000000,1,0
999,1,470.4331,584.9222,52.6218,28.7602,1.000000,0,1
999,2,623.4361,581.4596,109.9202,16.4448,1.000000,0,1
999,3,-42.3122,551.6960,431.8695,65.8351,1.000000,0,1
999,4,-120.5160,585.1576,110.3567,39.2118,1.000000,0,1
999,5,771.8878,532.9523,348.9611,87.8372,1.000000,0,1
999,6,762.9956,583.7703,190.7833,24.3825,1.000000,0.9375,0.0625
1000,1,469.8145,584.8655,52.6301,28.7527,1.000000,0,1
1000,2,622.7960,581.4631,109.9088,16.4426,1.000000,0,1
1000,3,-41.9672,551.6133,431.9051,65.8401,1.000000,0,1
1000,4,-121.3756,585.0568,110.3587,39.1920,1.000000,0,1
1000,5,772.1042,532.9575,349.0163,87.8405,1.000000,0,1
1000,6,763.5739,583.7644,190.8600,24.3835,1.000000,1,0
1001,1,469.1951,584.8099,52.6386,28.7455,1.000000,0,1
1001,2,622.1569,581.4688,109.8969,16.4404,1.000000,0,1
1001,3,-41.6269,551.5309,431.9431,65.8455,1.000000,0,1
1001,4,-122.2385,584.9585,110.3612,39.1724,1.000000,0,1
1001,5,772.3220,532.9623,349.0719,87.8436,1.000000,0,1
1001,6,764.1527,583.7538,190.9363,24.3839,1.000000,0.875,0.125
1002,1,468.5747,584.7562,52.6473,28.7384,1.000000,0,1
1002,2,621.5182,581.4768,109.8850,16.4382,1.000000,0,1
1002,3,-41.2910,551.4488,431.9834,65.8513,1.000000,0,1
1002,4,-123.1049,584.8656,110.3640,39.1533,1.000000,0,1
1002,5,772.5410,532.9669,349.1275,87.8467,1.000000,0,1
1002,6,764.7318,583.7397,191.0120,24.3838,1.000000,1,0
1003,1,467.9531,584.7052,52.6560,28.7315,1.000000,0,1
1003,2,620.8798,581.4872,109.8732,16.4361,1.000000,0,1
1003,3,-40.9596,551.3671,432.0260,65.8574,1.000000,0,1
1003,4,-123.9747,584.7813,110.3674,39.1351,1.000000,0,1
1003,5,772.7609,532.9712,349.1830,87.8498,1.000000,0,1
1003,6,765.3110,583.7227,191.0869,24.3833,1.000000,0.875,0.125
1004,1,467.3313,584.6561,52.6648,28.7247,1.000000,0,1
1004,2,620.2421,581.4995,109.8611,16.4339,1.000000,0,1
1004,3,-40.6326,551.2858,432.0707,65.8639,1.000000,0,1
1004,4,-124.8484,584.6989,110.3714,39.1172,1.000000,0,1
1004,5,772.9821,532.9761,349.2390,87.8530,1.000000,0,1
1004,6,765.8907,583.7024,191.1614,24.3825,1.000000,1,0
1005,1,466.7090,584.6094,52.6738,28.7181,1.000000,0,1
1005,2,619.6049,581.5134,109.8489,16.4318,1.000000,0,1
1005,3,-40.3095,551.2054,432.1172,65.8708,1.000000,0,1
1005,4,-125.7257,584.6215,110.3758,39.0998,1.000000,0,1
1005,5,773.2040,532.9819,349.2953,87.8562,1.000000,0,1
1005,6,766.4705,583.6803,191.2356,24.3812,1.000000,0.9375,0.0625
1006,1,466.0866,584.5660,52.6828,28.7117,1.000000,0,1
1006,2,618.9683,581.5293,109.8369,16.4296,1.000000,0,1
1006,3,-39.9910,551.1266,432.1661,65.8780,1.000000,0,1
1006,4,-126.6072,584.5519,110.3807,39.0831,1.000000,0,1
1006,5,773.4265,532.9888,349.3514,87.8593,1.000000,0,1
1006,6,767.0499,583.6565,191.3091,24.3799,1.000000,0.9375,0.0625
1007,1,465.4641,584.5240,52.6920,28.7055,1.000000,0,1
1007,2,618.3322,581.5457,109.8247,16.4274,1.000000,0,1
1007,3,-39.6763,551.0497,432.2166,65.8856,1.000000,0,1
1007,4,-127.4940,584.4839,110.3861,39.0668,1.000000,0,1
1007,5,773.6502,532.9967,349.4078,87.8626,1.000000,0,1
1007,6,767.6290,583.6305,191.3822,24.3781,1.000000,0.875,0.125
1008,1,464.8416,584.4844,52.7012,28.6994,1.000000,0,1
1008,2,617.6966,581.5624,109.8123,16.4253,1.000000,0,1
1008,3,-39.3655,550.9746,432.2690,65.8936,1.000000,0,1
1008,4,-128.3861,584.4203,110.3924,39.0509,1.000000,0,1
1008,5,773.8745,533.0059,349.4645,87.8660,1.000000,0,1
1008,6,768.2079,583.6023,191.4547,24.3761,1.000000,0.875,0.125
1009,1,464.2188,584.4476,52.7106,28.6935,1.000000,0,1
1009,2,617.0613,581.5795,109.8000,16.4232,1.000000,0,1
1009,3,-39.0578,550.9016,432.3233,65.9020,1.000000,0,1
1009,4,-129.2840,584.3638,110.3995,39.0358,1.000000,0,1
1009,5,774.0990,533.0169,349.5216,87.8695,1.000000,0,1
1009,6,768.7866,583.5722,191.5264,24.3738,1.000000,0.875,0.125
1010,1,463.5962,584.4120,52.7200,28.6877,1.000000,0,1
1010,2,616.4266,581.5957,109.7877,16.4209,1.000000,0,1
1010,3,-38.7521,550.8303,432.3785,65.9105,1.000000,0,1
1010,4,-130.1877,584.3101,110.4072,39.0212,1.000000,0,1
1010,5,774.3240,533.0298,349.5790,87.8731,1.000000,0,1
1010,6,769.3658,583.5399,191.5978,24.3711,1.000000,1,0
1011,1,462.9736,584.3783,52.7294,28.6820,1.000000,0,1
1011,2,615.7924,581.6108,109.7751,16.4188,1.000000,0,1
1011,3,-38.4490,550.7610,432.4352,65.9194,1.000000,0,1
1011,4,-131.0972,584.2620,110.4160,39.0072,1.000000,0,1
1011,5,774.5493,533.0447,349.6366,87.8769,1.000000,0,1
1011,6,769.9453,583.5055,191.6686,24.3682,1.000000,1,0
1012,1,462.3508,584.3472,52.7390,28.6766,1.000000,0,1
1012,2,615.1588,581.6241,109.7625,16.4165,1.000000,0,1
1012,3,-38.1480,550.6946,432.4934,65.9286,1.000000,0,1
1012,4,-132.0126,584.2210,110.4256,38.9941,1.000000,0,1
1012,5,774.7744,533.0616,349.6941,87.8808,1.000000,0,1
1012,6,770.5249,583.4692,191.7386,24.3650,1.000000,0.875,0.125
1013,1,461.7282,584.3171,52.7484,28.6711,1.000000,0,1
1013,2,614.5260,581.6343,109.7496,16.4142,1.000000,0,1
1013,3,-37.8481,550.6320,432.5520,65.9380,1.000000,0,1
1013,4,-132.9366,584.1848,110.4368,38.9818,1.000000,0,1
1013,5,774.9998,533.0810,349.7523,87.8848,1.000000,0,1
1013,6,771.1051,583.4318,191.8086,24.3615,1.000000,1,0
1014,1,461.1054,584.2884,52.7581,28.6658,1.000000,0,1
1014,2,613.8940,581.6420,109.7369,16.4119,1.000000,0,1
1014,3,-37.5494,550.5732,432.6113,65.9476,1.000000,0,1
1014,4,-133.8681,584.1550,110.4489,38.9703,1.000000,0,1
1014,5,775.2250,533.1026,349.8109,87.8892,1.000000,0,1
1014,6,771.6857,583.3931,191.8778,24.3579,1.000000,0.9375,0.0625
1015,1,460.4824,584.2612,52.7676,28.6606,1.000000,0,1
1015,2,613.2629,581.6472,109.7239,16.4095,1.000000,0,1
1015,3,-37.2515,550.5183,432.6711,65.9575,1.000000,0,1
1015,4,-134.8071,584.1334,110.4624,38.9597,1.000000,0,1
1015,5,775.4498,533.1264,349.8698,87.8937,1.000000,0,1
1015,6,772.2662,583.3535,191.9465,24.3541,1.000000,0.9375,0.0625
1016,1,459.8585,584.2310,52.7773,28.6551,1.000000,0,1
1016,2,612.6331,581.6488,109.7108,16.4071,1.000000,0,1
1016,3,-36.9544,550.4683,432.7311,65.9676,1.000000,0,1
1016,4,-135.7550,584.1180,110.4772,38.9500,1.000000,0,1
1016,5,775.6747,533.1530,349.9288,87.8985,1.000000,0,1
1016,6,772.8474,583.3128,192.0152,24.3502,1.000000,1,0
1017,1,459.2341,584.1991,52.7868,28.6496,1.000000,0,1
1017,2,612.0045,581.6477,109.6977,16.4047,1.000000,0,1
1017,3,-36.6581,550.4227,432.7917,65.9779,1.000000,0,1
1017,4,-136.7102,584.1100,110.4932,38.9413,1.000000,0,1
1017,5,775.8992,533.1817,349.9884,87.9034,1.000000,0,1
1017,6,773.4291,583.2712,192.0833,24.3460,1.000000,0.9375,0.0625
1018,1,458.6095,584.1669,52.7964,28.6440,1.000000,0,1
1018,2,611.3772,581.6444,109.6846,16.4022,1.000000,0,1
1018,3,-36.3623,550.3822,432.8526,65.9885,1.000000,0,1
1018,4,-137.6731,584.1106,110.5106,38.9335,1.000000,0,1
1018,5,776.1232,533.2123,350.0486,87.9086,1.000000,0,1
1018,6,774.0107,583.2289,192.1512,24.3418,1.000000,1,0
1019,1,457.9841,584.1321,52.8058,28.6383,1.000000,0,1
1019,2,610.7510,581.6376,109.6717,16.3998,1.000000,0,1
1019,3,-36.0657,550.3466,432.9128,65.9990,1.000000,0,1
1019,4,-138.6467,584.1207,110.5297,38.9270,1.000000,0,1
1019,5,776.3470,533.2455,350.1091,87.9140,1.000000,0,1
1019,6,774.5926,583.1865,192.2189,24.3376,1.000000,1,0
1020,1,457.3582,584.0975,52.8152,28.6325,1.000000,0,1
1020,2,610.1255,581.6286,109.6590,16.3973,1.000000,0,1
1020,3,-35.7681,550.3156,432.9724,66.0097,1.000000,0,1
1020,4,-139.6273,584.1395,110.5498,38.9215,1.000000,0,1
1020,5,776.5704,533.2814,350.1699,87.9196,1.000000,0,1
1020,6,775.1745,583.1436,192.2866,24.3333,1.000000,0.9375,0.0625
1021,1,456.7325,584.0647,52.8245,28.6268,1.000000,0,1
1021,2,609.5005,581.6185,109.6464,16.3949,1.000000,0,1
1021,3,-35.4697,550.2902,433.0316,66.0205,1.000000,0,1
1021,4,-140.6133,584.1669,110.5708,38.9169,1.000000,0,1
1021,5,776.7932,533.3195,350.2309,87.9255,1.000000,0,1
1021,6,775.7568,583.0998,192.3544,24.3289,1.000000,1,0
1022,1,456.1065,584.0321,52.8338,28.6211,1.000000,0,1
1022,2,608.8760,581.6067,109.6340,16.3925,1.000000,0,1
1022,3,-35.1701,550.2708,433.0901,66.0313,1.000000,0,1
1022,4,-141.6082,584.2061,110.5932,38.9135,1.000000,0,1
1022,5,777.0155,533.3602,350.2924,87.9315,1.000000,0,1
1022,6,776.3400,583.0553,192.4229,24.3244,1.000000,1,0
1023,1,455.4805,584.0017,52.8432,28.6155,1.000000,0,1
1023,2,608.2517,581.5948,109.6217,16.3901,1.000000,0,1
1023,3,-34.8687,550.2567,433.1475,66.0422,1.000000,0,1
1023,4,-142.6089,584.2538,110.6168,38.9113,1.000000,0,1
1023,5,777.2375,533.4033,350.3539,87.9377,1.000000,0,1
1023,6,776.9241,583.0101,192.4915,24.3200,1.000000,1,0
1024,1,454.8546,583.9749,52.8525,28.6101,1.000000,0,1
1024,2,607.6277,581.5842,109.6096,16.3878,1.000000,0,1
1024,3,-34.5649,550.2477,433.2041,66.0531,1.000000,0,1
1024,4,-143.6119,584.3085,110.6407,38.9096,1.000000,0,1
1024,5,777.4590,533.4484,350.4158,87.9442,1.000000,0,1
1024,6,777.5086,582.9646,192.5609,24.3155,1.000000,1,0
1025,1,454.2282,583.9499,52.8618,28.6048,1.000000,0,1
1025,2,607.0040,581.5734,109.5975,16.3854,1.000000,0,1
1025,3,-34.2589,550.2451,433.2591,66.0640,1.000000,0,1
1025,4,-144.6192,584.3735,110.6651,38.9089,1.000000,0,1
1025,5,777.6804,533.4959,350.4780,87.9508,1.000000,0,1
1025,6,778.0942,582.9182,192.6306,24.3111,1.000000,1,0
1026,1,453.6018,583.9282,52.8712,28.5996,1.000000,0,1
1026,2,606.3805,581.5636,109.5856,16.3831,1.000000,0,1
1026,3,-33.9498,550.2477,433.3126,66.0748,1.000000,0,1
1026,4,-145.6292,584.4454,110.6905,38.9089,1.000000,0,1
1026,5,777.9015,533.5455,350.5408,87.9577,1.000000,0,1
1026,6,778.6803,582.8714,192.7010,24.3066,1.000000,0.9375,0.0625
1027,1,452.9755,583.9109,52.8804,28.5946,1.000000,0,1
1027,2,605.7574,581.5559,109.5737,16.3808,1.000000,0,1
1027,3,-33.6376,550.2551,433.3645,66.0855,1.000000,0,1
1027,4,-146.6393,584.5221,110.7154,38.9091,1.000000,0,1
1027,5,778.1223,533.5972,350.6033,87.9646,1.000000,0,1
1027,6,779.2667,582.8225,192.7720,24.3042,1.000000,1,0
1028,1,452.3486,583.8970,52.8898,28.5898,1.000000,0,1
1028,2,605.1343,581.5494,109.5618,16.3785,1.000000,0,1
1028,3,-33.3229,550.2688,433.4151,66.0963,1.000000,0,1
1028,4,-147.6508,584.6079,110.7409,38.9104,1.000000,0,1
1028,5,778.3431,533.6513,350.6667,87.9718,1.000000,0,1
1028,6,779.8538,582.7706,192.8438,24.3045,1.000000,1,0
1029,1,451.7213,583.8868,52.8992,28.5853,1.000000,0,1
1029,2,604.5114,581.5444,109.5500,16.3762,1.000000,0,1
1029,3,-33.0051,550.2878,433.4641,66.1068,1.000000,0,1
1029,4,-148.6618,584.6995,110.7661,38.9120,1.000000,0,1
1029,5,778.5640,533.7077,350.7303,87.9793,1.000000,0,1
1029,6,780.4413,582.7185,192.9164,24.3048,1.000000,1,0
1030,1,451.0939,583.8807,52.9086,28.5809,1.000000,0,1
1030,2,603.8885,581.5414,109.5381,16.3740,1.000000,0,1
1030,3,-32.6833,550.3109,433.5111,66.1173,1.000000,0,1
1030,4,-149.6722,584.7951,110.7914,38.9138,1.000000,0,1
1030,5,778.7847,533.7664,350.7941,87.9867,1.000000,0,1
1030,6,781.0288,582.6666,192.9894,24.3051,1.000000,1,0
1031,1,450.4666,583.8781,52.9180,28.5766,1.000000,0,1
1031,2,603.2659,581.5391,109.5260,16.3717,1.000000,0,1
1031,3,-32.3566,550.3395,433.5551,66.1275,1.000000,0,1
1031,4,-150.6822,584.9002,110.8169,38.9165,1.000000,0,1
1031,5,779.0057,533.8276,350.8579,87.9944,1.000000,0,1
1031,6,781.6165,582.6147,193.0630,24.3056,1.000000,1,0
1032,1,449.8392,583.8789,52.9275,28.5727,1.000000,0,1
1032,2,602.6434,581.5379,109.5137,16.3694,1.000000,0,1
1032,3,-32.0264,550.3725,433.5973,66.1374,1.000000,0,1
1032,4,-151.6914,585.0106,110.8421,38.9195,1.000000,0,1
1032,5,779.2272,533.8907,350.9220,88.0022,1.000000,0,1
1032,6,782.2041,582.5631,193.1371,24.3061,1.000000,1,0
1033,1,449.2114,583.8832,52.9370,28.5689,1.000000,0,1
1033,2,602.0211,581.5378,109.5014,16.3671,1.000000,0,1
1033,3,-31.6914,550.4094,433.6369,66.1472,1.000000,0,1
1033,4,-152.6998,585.1239,110.8672,38.9227,1.000000,0,1
1033,5,779.4488,533.9554,350.9865,88.0102,1.000000,0,1
1033,6,782.7914,582.5125,193.2117,24.3067,1.000000,1,0
1034,1,448.5828,583.8910,52.9468,28.5654,1.000000,0,1
1034,2,601.3990,581.5374,109.4890,16.3648,1.000000,0,1
1034,3,-31.3525,550.4518,433.6741,66.1567,1.000000,0,1
1034,4,-153.7077,585.2460,110.8923,38.9266,1.000000,0,1
1034,5,779.6709,534.0225,351.0513,88.0183,1.000000,0,1
1034,6,783.3788,582.4622,193.2870,24.3074,1.000000,1,0
1035,1,447.9536,583.9020,52.9567,28.5620,1.000000,0,1
1035,2,600.7775,581.5370,109.4761,16.3624,1.000000,0,1
1035,3,-31.0100,550.4980,433.7092,66.1660,1.000000,0,1
1035,4,-154.7152,585.3724,110.9176,38.9309,1.000000,0,1
1035,5,779.8931,534.0913,351.1162,88.0266,1.000000,0,1
1035,6,783.9662,582.4125,193.3629,24.3081,1.000000,1,0
1036,1,447.3239,583.9163,52.9665,28.5589,1.000000,0,1
1036,2,600.1565,581.5364,109.4630,16.3600,1.000000,0,1
1036,3,-30.6631,550.5471,433.7418,66.1750,1.000000,0,1
1036,4,-155.7221,585.5004,110.9430,38.9353,1.000000,0,1
1036,5,780.1149,534.1621,351.1815,88.0349,1.000000,0,1
1036,6,784.5539,582.3643,193.4390,24.3089,1.000000,1,0
1037,1,446.6937,583.9348,52.9767,28.5561,1.000000,0,1
1037,2,599.5358,581.5344,109.4498,16.3575,1.000000,0,1
1037,3,-30.3116,550.6003,433.7717,66.1837,1.000000,0,1
1037,4,-156.7281,585.6360,110.9682,38.9403,1.000000,0,1
1037,5,780.3367,534.2351,351.2468,88.0435,1.000000,0,1
1037,6,785.1417,582.3179,193.5158,24.3098,1.000000,1,0
1038,1,446.0632,583.9567,52.9868,28.5534,1.000000,0,1
1038,2,598.9157,581.5314,109.4362,16.3550,1.000000,0,1
1038,3,-29.9560,550.6567,433.7993,66.1920,1.000000,0,1
1038,4,-157.7336,585.7743,110.9933,38.9455,1.000000,0,1
1038,5,780.5580,534.3097,351.3123,88.0521,1.000000,0,1
1038,6,785.7299,582.2734,193.5927,24.3108,1.000000,0.875,0.125
1039,1,445.4322,583.9814,52.9971,28.5510,1.000000,0,1
1039,2,598.2966,581.5276,109.4221,16.3525,1.000000,0,1
1039,3,-29.5972,550.7151,433.8248,66.2002,1.000000,0,1
1039,4,-158.7387,585.9121,111.0184,38.9506,1.000000,0,1
1039,5,780.7791,534.3854,351.3776,88.0608,1.000000,0,1
1039,6,786.3183,582.2312,193.6702,24.3118,1.000000,1,0
1040,1,444.8013,584.0115,53.0074,28.5489,1.000000,0,1
1040,2,597.6780,581.5223,109.4080,16.3498,1.000000,0,1
1040,3,-29.2348,550.7767,433.8481,66.2080,1.000000,0,1
1040,4,-159.7437,586.0566,111.0437,38.9563,1.000000,0,1
1040,5,781.0004,534.4625,351.4436,88.0698,1.000000,0,1
1040,6,786.9067,582.1919,193.7480,24.3129,1.000000,1,0
1041,1,444.1700,584.0452,53.0179,28.5469,1.000000,0,1
1041,2,597.0603,581.5157,109.3936,16.3472,1.000000,0,1
1041,3,-28.8693,550.8403,433.8693,66.2157,1.000000,0,1
1041,4,-160.7485,586.2037,111.0687,38.9622,1.000000,0,1
1041,5,781.2216,534.5403,351.5097,88.0787,1.000000,0,1
1041,6,787.4952,582.1553,193.8260,24.3141,1.000000,1,0
1042,1,443.5385,584.0815,53.0284,28.5452,1.000000,0,1
1042,2,596.4435,581.5084,109.3787,16.3444,1.000000,0,1
1042,3,-28.5009,550.9056,433.8889,66.2231,1.000000,0,1
1042,4,-161.7545,586.3497,111.0944,38.9680,1.000000,0,1
1042,5,781.4430,534.6182,351.5759,88.0878,1.000000,0,1
1042,6,788.0838,582.1213,193.9046,24.3153,1.000000,0.9375,0.0625
1043,1,442.9076,584.1237,53.0390,28.5438,1.000000,0,1
1043,2,595.8274,581.5000,109.3640,16.3417,1.000000,0,1
1043,3,-28.1309,550.9733,433.9072,66.2303,1.000000,0,1
1043,4,-162.7596,586.5012,111.1195,38.9744,1.000000,0,1
1043,5,781.6649,534.6968,351.6427,88.0969,1.000000,0,1
1043,6,788.6724,582.0907,193.9832,24.3167,1.000000,1,0
1044,1,442.2768,584.1697,53.0496,28.5426,1.000000,0,1
1044,2,595.2122,581.4913,109.3488,16.3389,1.000000,0,1
1044,3,-27.7592,551.0424,433.9245,66.2375,1.000000,0,1
1044,4,-163.7643,586.6537,111.1449,38.9807,1.000000,0,1
1044,5,781.8870,534.7756,351.7102,88.1062,1.000000,0,1
1044,6,789.2609,582.0629,194.0621,24.3181,1.000000,1,0
1045,1,441.6455,584.2184,53.0602,28.5415,1.000000,0,1
1045,2,594.5977,581.4823,109.3333,16.3360,1.000000,0,1
1045,3,-27.3848,551.1122,433.9401,66.2444,1.000000,0,1
1045,4,-164.7680,586.8036,111.1701,38.9868,1.000000,0,1
1045,5,782.1093,534.8538,351.7778,88.1156,1.000000,0,1
1045,6,789.8495,582.0378,194.1414,24.3195,1.000000,1,0
1046,1,441.0149,584.2735,53.0708,28.5407,1.000000,0,1
1046,2,593.9829,581.4729,109.3176,16.3331,1.000000,0,1
1046,3,-27.0100,551.1836,433.9551,66.2512,1.000000,0,1
1046,4,-165.7705,586.9580,111.1952,38.9932,1.000000,0,1
1046,5,782.3325,534.9324,351.8461,88.1250,1.000000,0,1
1046,6,790.4379,582.0157,194.2206,24.3210,1.000000,1,0
1047,1,440.3843,584.3325,53.0814,28.5401,1.000000,0,1
1047,2,593.3676,581.4636,109.3015,16.3302,1.000000,0,1
1047,3,-26.6348,551.2556,433.9697,66.2580,1.000000,0,1
1047,4,-166.7722,587.1121,111.2202,38.9996,1.000000,0,1
1047,5,782.5562,535.0107,351.9148,88.1345,1.000000,0,1
1047,6,791.0266,581.9962,194.3002,24.3226,1.000000,0.9375,0.0625
1048,1,439.7538,584.3931,53.0918,28.5394,1.000000,0,1
1048,2,592.7516,581.4548,109.2849,16.3272,1.000000,0,1
1048,3,-26.2589,551.3274,433.9839,66.2648,1.000000,0,1
1048,4,-167.7735,587.2629,111.2448,39.0057,1.000000,0,1
1048,5,782.7800,535.0875,351.9838,88.1440,1.000000,0,1
1048,6,791.6159,581.9790,194.3803,24.3242,1.000000,1,0
1049,1,439.1245,584.4604,53.1021,28.5391,1.000000,0,1
1049,2,592.1351,581.4471,109.2678,16.3241,1.000000,0,1
1049,3,-25.8831,551.4007,433.9980,66.2715,1.000000,0,1
1049,4,-168.7756,587.4175,111.2700,39.0122,1.000000,0,1
1049,5,783.0049,535.1643,352.0532,88.1536,1.000000,0,1
1049,6,792.2059,581.9646,194.4608,24.3260,1.000000,1,0
1050,1,438.4956,584.5310,53.1122,28.5389,1.000000,0,1
1050,2,591.5189,581.4404,109.2504,16.3210,1.000000,0,1
1050,3,-25.5072,551.4750,434.0119,66.2783,1.000000,0,1
1050,4,-169.7771,587.5718,111.2950,39.0186,1.000000,0,1
1050,5,783.2302,535.2404,352.1233,88.1633,1.000000,0,1
1050,6,792.7964,581.9531,194.5416,24.3278,1.000000,1,0
1051,1,437.8668,584.6021,53.1222,28.5385,1.000000,0,1
1051,2,590.9032,581.4349,109.2324,16.3177,1.000000,0,1
1051,3,-25.1315,551.5491,434.0261,66.2851,1.000000,0,1
1051,4,-170.7784,587.7228,111.3197,39.0247,1.000000,0,1
1051,5,783.4557,535.3149,352.1935,88.1729,1.000000,0,1
1051,6,793.3873,581.9443,194.6232,24.3296,1.000000,1,0
1052,1,437.2396,584.6791,53.1319,28.5384,1.000000,0,1
1052,2,590.2878,581.4307,109.2138,16.3145,1.000000,0,1
1052,3,-24.7578,551.6235,434.0411,66.2920,1.000000,0,1
1052,4,-171.7789,587.8770,111.3446,39.0310,1.000000,0,1
1052,5,783.6820,535.3893,352.2638,88.1825,1.000000,0,1
1052,6,793.9784,581.9391,194.7051,24.3316,1.000000,1,0
1053,1,436.6132,584.7584,53.1415,28.5382,1.000000,0,1
1053,2,589.6728,581.4272,109.1949,16.3111,1.000000,0,1
1053,3,-24.3848,551.6984,434.0567,66.2991,1.000000,0,1
1053,4,-172.7792,588.0307,111.3692,39.0373,1.000000,0,1
1053,5,783.9087,535.4628,352.3339,88.1920,1.000000,0,1
1053,6,794.5698,581.9371,194.7872,24.3337,1.000000,1,0
1054,1,435.9866,584.8369,53.1508,28.5379,1.000000,0,1
1054,2,589.0582,581.4240,109.1752,16.3077,1.000000,0,1
1054,3,-24.0126,551.7733,434.0729,66.3063,1.000000,0,1
1054,4,-173.7799,588.1813,111.3939,39.0434,1.000000,0,1
1054,5,784.1353,535.5347,352.4038,88.2014,1.000000,0,1
1054,6,795.1614,581.9379,194.8699,24.3358,1.000000,1,0
1055,1,435.3621,584.9203,53.1601,28.5378,1.000000,0,1
1055,2,588.4437,581.4214,109.1552,16.3042,1.000000,0,1
1055,3,-23.6430,551.8490,434.0907,66.3137,1.000000,0,1
1055,4,-174.7812,588.3363,111.4186,39.0498,1.000000,0,1
1055,5,784.3625,535.6060,352.4736,88.2107,1.000000,0,1
1055,6,795.7532,581.9418,194.9530,24.3381,1.000000,1,0
1056,1,434.7385,585.0049,53.1690,28.5377,1.000000,0,1
1056,2,587.8293,581.4191,109.1346,16.3006,1.000000,0,1
1056,3,-23.2751,551.9249,434.1096,66.3213,1.000000,0,1
1056,4,-175.7829,588.4912,111.4435,39.0561,1.000000,0,1
1056,5,784.5898,535.6762,352.5432,88.2198,1.000000,0,1
1056,6,796.3453,581.9482,195.0368,24.3404,1.000000,1,0
1057,1,434.1150,585.0878,53.1779,28.5374,1.000000,0,1
1057,2,587.2151,581.4164,109.1136,16.2970,1.000000,0,1
1057,3,-22.9080,552.0002,434.1292,66.3291,1.000000,0,1
1057,4,-176.7838,588.6411,111.4681,39.0621,1.000000,0,1
1057,5,784.8172,535.7448,352.6121,88.2288,1.000000,0,1
1057,6,796.9384,581.9564,195.1214,24.3429,1.000000,1,0
1058,1,433.4942,585.1744,53.1864,28.5372,1.000000,0,1
1058,2,586.6010,581.4142,109.0923,16.2933,1.000000,0,1
1058,3,-22.5440,552.0767,434.1505,66.3372,1.000000,0,1
1058,4,-177.7851,588.7953,111.4929,39.0684,1.000000,0,1
1058,5,785.0449,535.8130,352.6808,88.2376,1.000000,0,1
1058,6,797.5317,581.9679,195.2066,24.3454,1.000000,1,0
1059,1,432.8745,585.2610,53.1949,28.5369,1.000000,0,1
1059,2,585.9870,581.4118,109.0707,16.2895,1.000000,0,1
1059,3,-22.1822,552.1537,434.1735,66.3455,1.000000,0,1
1059,4,-178.7855,588.9474,111.5176,39.0746,1.000000,0,1
1059,5,785.2729,535.8807,352.7486,88.2463,1.000000,0,1
1059,6,798.1256,581.9813,195.2924,24.3481,1.000000,1,0
1060,1,432.2553,585.3448,53.2031,28.5364,1.000000,0,1
1060,2,585.3734,581.4089,109.0486,16.2857,1.000000,0,1
1060,3,-21.8228,552.2308,434.1979,66.3542,1.000000,0,1
1060,4,-179.7831,589.0918,111.5417,39.0800,1.000000,0,1
1060,5,785.5008,535.9475,352.8156,88.2545,1.000000,0,1
1060,6,798.7203,581.9961,195.3788,24.3509,1.000000,1,0
1061,1,431.6387,585.4316,53.2112,28.5359,1.000000,0,1
1061,2,584.7599,581.4064,109.0264,16.2819,1.000000,0,1
1061,3,-21.4654,552.3094,434.2237,66.3630,1.000000,0,1
1061,4,-180.7809,589.2389,111.5664,39.0857,1.000000,0,1
1061,5,785.7290,536.0139,352.8817,88.2626,1.000000,0,1
1061,6,799.3155,582.0131,195.4657,24.3537,1.000000,1,0
1062,1,431.0231,585.5175,53.2192,28.5354,1.000000,0,1
1062,2,584.1467,581.4037,109.0039,16.2781,1.000000,0,1
1062,3,-21.1099,552.3889,434.2507,66.3721,1.000000,0,1
1062,4,-181.7772,589.3828,111.5904,39.0911,1.000000,0,1
1062,5,785.9571,536.0796,352.9470,88.2705,1.000000,0,1
1062,6,799.9112,582.0313,195.5533,24.3566,1.000000,1,0
1063,1,430.4077,585.5995,53.2271,28.5346,1.000000,0,1
1063,2,583.5337,581.4002,108.9812,16.2742,1.000000,0,1
1063,3,-20.7561,552.4681,434.2790,66.3816,1.000000,0,1
1063,4,-182.7710,589.5189,111.6143,39.0959,1.000000,0,1
1063,5,786.1850,536.1446,353.0112,88.2780,1.000000,0,1
1063,6,800.5078,582.0504,195.6415,24.3596,1.000000,1,0
1064,1,429.7949,585.6835,53.2347,28.5339,1.000000,0,1
1064,2,582.9205,581.3973,108.9586,16.2703,1.000000,0,1
1064,3,-20.4047,552.5486,434.3087,66.3911,1.000000,0,1
1064,4,-183.7635,589.6568,111.6379,39.1008,1.000000,0,1
1064,5,786.4130,536.2097,353.0740,88.2852,1.000000,0,1
1064,6,801.1045,582.0710,195.7299,24.3626,1.000000,1,0
1065,1,429.1827,585.7664,53.2423,28.5331,1.000000,0,1
1065,2,582.3072,581.3945,108.9358,16.2663,1.000000,0,1
1065,3,-20.0547,552.6297,434.3396,66.4009,1.000000,0,1
1065,4,-184.7541,589.7914,111.6616,39.1053,1.000000,0,1
1065,5,786.6410,536.2744,353.1355,88.2921,1.000000,0,1
1065,6,801.7017,582.0924,195.8190,24.3657,1.000000,1,0
1066,1,428.5706,585.8454,53.2499,28.5321,1.000000,0,1
1066,2,581.6940,581.3912,108.9130,16.2624,1.000000,0,1
1066,3,-19.7044,552.7109,434.3703,66.4107,1.000000,0,1
1066,4,-185.7413,589.9181,111.6846,39.1091,1.000000,0,1
1066,5,786.8687,536.3388,353.1956,88.2986,1.000000,0,1
1066,6,802.2992,582.1141,195.9083,24.3688,1.000000,1,0
1067,1,427.9604,585.9247,53.2575,28.5311,1.000000,0,1
1067,2,581.0802,581.3885,108.8901,16.2585,1.000000,0,1
1067,3,-19.3556,552.7934,434.4022,66.4207,1.000000,0,1
1067,4,-186.7268,590.0458,111.7076,39.1129,1.000000,0,1
1067,5,787.0960,536.4039,353.2540,88.3047,1.000000,0,1
1067,6,802.8967,582.1365,195.9979,24.3720,1.000000,1,0
1068,1,427.3511,586.0023,53.2648,28.5299,1.000000,0,1
1068,2,580.4661,581.3861,108.8674,16.2546,1.000000,0,1
1068,3,-19.0074,552.8765,434.4344,66.4309,1.000000,0,1
1068,4,-187.7098,590.1698,111.7300,39.1164,1.000000,0,1
1068,5,787.3232,536.4686,353.3107,88.3104,1.000000,0,1
1068,6,803.4944,582.1593,196.0878,24.3752,1.000000,1,0
1069,1,426.7417,586.0760,53.2723,28.5287,1.000000,0,1
1069,2,579.8521,581.3836,108.8445,16.2506,1.000000,0,1
1069,3,-18.6588,552.9595,434.4666,66.4410,1.000000,0,1
1069,4,-188.6882,590.2865,111.7519,39.1193,1.000000,0,1
1069,5,787.5503,536.5323,353.3663,88.3158,1.000000,0,1
1069,6,804.0923,582.1826,196.1780,24.3785,1.000000,1,0
1070,1,426.1337,586.1486,53.2795,28.5272,1.000000,0,1
1070,2,579.2375,581.3826,108.8217,16.2468,1.000000,0,1
1070,3,-18.3112,553.0438,434.4993,66.4512,1.000000,0,1
1070,4,-189.6620,590.4032,111.7736,39.1219,1.000000,0,1
1070,5,787.7772,536.5966,353.4201,88.3208,1.000000,0,1
1070,6,804.6900,582.2065,196.2684,24.3818,1.000000,1,0
1071,1,425.5260,586.2186,53.2869,28.5258,1.000000,0,1
1071,2,578.6227,581.3824,108.7990,16.2429,1.000000,0,1
1071,3,-17.9633,553.1282,434.5319,66.4614,1.000000,0,1
1071,4,-190.6310,590.5154,111.7947,39.1242,1.000000,0,1
1071,5,788.0038,536.6603,353.4722,88.3253,1.000000,0,1
1071,6,805.2878,582.2308,196.3591,24.3851,1.000000,1,0
1072,1,424.9184,586.2850,53.2943,28.5241,1.000000,0,1
1072,2,578.0079,581.3827,108.7761,16.2390,1.000000,0,1
1072,3,-17.6143,553.2123,434.5637,66.4715,1.000000,0,1
1072,4,-191.5943,590.6196,111.8149,39.1255,1.000000,0,1
1072,5,788.2306,536.7227,353.5229,88.3294,1.000000,0,1
1072,6,805.8859,582.2559,196.4503,24.3885,1.000000,1,0
1073,1,424.3112,586.3483,53.3016,28.5222,1.000000,0,1
1073,2,577.3929,581.3851,108.7534,16.2351,1.000000,0,1
1073,3,-17.2650,553.2975,434.5953,66.4816,1.000000,0,1
1073,4,-192.5516,590.7227,111.8343,39.1266,1.000000,0,1
1073,5,788.4577,536.7843,353.5727,88.3332,1.000000,0,1
1073,6,806.4838,582.2819,196.5416,24.3919,1.000000,1,0
1074,1,423.7040,586.4082,53.3089,28.5202,1.000000,0,1
1074,2,576.7781,581.3885,108.7306,16.2313,1.000000,0,1
1074,3,-16.9154,553.3829,434.6265,66.4917,1.000000,0,1
1074,4,-193.5039,590.8212,111.8530,39.1273,1.000000,0,1
1074,5,788.6852,536.8447,353.6210,88.3366,1.000000,0,1
1074,6,807.0820,582.3090,196.6329,24.3954,1.000000,1,0
1075,1,423.0964,586.4641,53.3163,28.5181,1.000000,0,1
1075,2,576.1636,581.3923,108.7076,16.2274,1.000000,0,1
1075,3,-16.5642,553.4675,434.6570,66.5015,1.000000,0,1
1075,4,-194.4502,590.9125,111.8709,39.1271,1.000000,0,1
1075,5,788.9126,536.9033,353.6682,88.3397,1.000000,0,1
1075,6,807.6804,582.3370,196.7249,24.3989,1.000000,1,0
1076,1,422.4889,586.5164,53.3236,28.5158,1.000000,0,1
1076,2,575.5493,581.3978,108.6850,16.2235,1.000000,0,1
1076,3,-16.2129,553.5527,434.6870,66.5113,1.000000,0,1
1076,4,-195.3905,591.0023,111.8880,39.1266,1.000000,0,1
1076,5,789.1400,536.9603,353.7142,88.3424,1.000000,0,1
1076,6,808.2791,582.3666,196.8168,24.4024,1.000000,1,0
1077,1,421.8815,586.5651,53.3309,28.5132,1.000000,0,1
1077,2,574.9355,581.4039,108.6620,16.2197,1.000000,0,1
1077,3,-15.8611,553.6376,434.7167,66.5211,1.000000,0,1
1077,4,-196.3248,591.0877,111.9044,39.1255,1.000000,0,1
1077,5,789.3671,537.0155,353.7595,88.3447,1.000000,0,1
1077,6,808.8782,582.3974,196.9092,24.4060,1.000000,1,0
1078,1,421.2741,586.6097,53.3382,28.5105,1.000000,0,1
1078,2,574.3220,581.4099,108.6393,16.2159,1.000000,0,1
1078,3,-15.5078,553.7212,434.7452,66.5307,1.000000,0,1
1078,4,-197.2517,591.1655,111.9194,39.1235,1.000000,0,1
1078,5,789.5940,537.0682,353.8033,88.3467,1.000000,0,1
1078,6,809.4785,582.4291,197.0020,24.4096,1.000000,1,0
1079,1,420.6672,586.6503,53.3455,28.5076,1.000000,0,1
1079,2,573.7087,581.4172,108.6166,16.2120,1.000000,0,1
1079,3,-15.1546,553.8046,434.7738,66.5402,1.000000,0,1
1079,4,-198.1725,591.2403,111.9335,39.1211,1.000000,0,1
1079,5,789.8204,537.1185,353.8466,88.3484,1.000000,0,1
1079,6,810.0798,582.4623,197.0950,24.4133,1.000000,1,0
1080,1,420.0606,586.6870,53.3528,28.5045,1.000000,0,1
1080,2,573.0958,581.4247,108.5940,16.2082,1.000000,0,1
1080,3,-14.8007,553.8875,434.8018,66.5496,1.000000,0,1
1080,4,-199.0877,591.3097,111.9472,39.1181,1.000000,0,1
1080,5,790.0464,537.1660,353.8892,88.3498,1.000000,0,1
1080,6,810.6821,582.4969,197.1884,24.4170,1.000000,1,0
1081,1,419.4542,586.7197,53.3601,28.5012,1.000000,0,1
1081,2,572.4828,581.4316,108.5716,16.2045,1.000000,0,1
1081,3,-14.4460,553.9690,434.8296,66.5589,1.000000,0,1
1081,4,-199.9960,591.3719,111.9595,39.1143,1.000000,0,1
1081,5,790.2721,537.2103,353.9308,88.3509,1.000000,0,1
1081,6,811.2852,582.5329,197.2822,24.4208,1.000000,1,0
1082,1,418.8486,586.7480,53.3673,28.4977,1.000000,0,1
1082,2,571.8704,581.4398,108.5493,16.2007,1.000000,0,1
1082,3,-14.0897,554.0490,434.8566,66.5681,1.000000,0,1
1082,4,-200.8968,591.4307,111.9709,39.1099,1.000000,0,1
1082,5,790.4969,537.2512,353.9716,88.3516,1.000000,0,1
1082,6,811.8887,582.5704,197.3764,24.4246,1.000000,1,0
1083,1,418.2438,586.7726,53.3744,28.4940,1.000000,0,1
1083,2,571.2582,581.4482,108.5273,16.1970,1.000000,0,1
1083,3,-13.7323,554.1272,434.8836,66.5772,1.000000,0,1
1083,4,-201.7910,591.4838,111.9815,39.1048,1.000000,0,1
1083,5,790.7214,537.2883,354.0110,88.3519,1.000000,0,1
1083,6,812.4930,582.6083,197.4706,24.4284,1.000000,1,0
1084,1,417.6395,586.7935,53.3817,28.4902,1.000000,0,1
1084,2,570.6461,581.4564,108.5054,16.1934,1.000000,0,1
1084,3,-13.3736,554.2036,434.9102,66.5862,1.000000,0,1
1084,4,-202.6795,591.5298,111.9910,39.0989,1.000000,0,1
1084,5,790.9454,537.3214,354.0496,88.3518,1.000000,0,1
1084,6,813.0979,582.6456,197.5652,24.4323,1.000000,1,0
1085,1,417.0359,586.8100,53.3888,28.4861,1.000000,0,1
1085,2,570.0346,581.4657,108.4835,16.1897,1.000000,0,1
1085,3,-13.0150,554.2798,434.9373,66.5952,1.000000,0,1
1085,4,-203.5606,591.5708,111.9997,39.0925,1.000000,0,1
1085,5,791.1689,537.3501,354.0872,88.3512,1.000000,0,1
1085,6,813.7036,582.6830,197.6600,24.4362,1.000000,1,0
1086,1,416.4330,586.8231,53.3959,28.4819,1.000000,0,1
1086,2,569.4231,581.4752,108.4620,16.1860,1.000000,0,1
1086,3,-12.6561,554.3555,434.9643,66.6043,1.000000,0,1
1086,4,-204.4347,591.6057,112.0071,39.0854,1.000000,0,1
1086,5,791.3922,537.3745,354.1234,88.3502,1.000000,0,1
1086,6,814.3100,582.7197,197.7549,24.4400,1.000000,1,0
1087,1,415.8308,586.8332,53.4030,28.4775,1.000000,0,1
1087,2,568.8114,581.4844,108.4408,16.1825,1.000000,0,1
1087,3,-12.2974,554.4297,434.9915,66.6133,1.000000,0,1
1087,4,-205.3030,591.6331,112.0141,39.0774,1.000000,0,1
1087,5,791.6150,537.3943,354.1584,88.3486,1.000000,0,1
1087,6,814.9172,582.7548,197.8500,24.4438,1.000000,1,0
1088,1,415.2299,586.8392,53.4099,28.4729,1.000000,0,1
1088,2,568.1998,581.4953,108.4200,16.1790,1.000000,0,1
1088,3,-11.9388,554.5038,435.0192,66.6224,1.000000,0,1
1088,4,-206.1636,591.6544,112.0203,39.0688,1.000000,0,1
1088,5,791.8376,537.4089,354.1921,88.3465,1.000000,0,1
1088,6,815.5252,582.7883,197.9449,24.4476,1.000000,1,0
1089,1,414.6298,586.8423,53.4170,28.4681,1.000000,0,1
1089,2,567.5881,581.5068,108.3994,16.1755,1.000000,0,1
1089,3,-11.5804,554.5773,435.0471,66.6315,1.000000,0,1
1089,4,-207.0177,591.6700,112.0255,39.0596,1.000000,0,1
1089,5,792.0601,537.4188,354.2251,88.3439,1.000000,0,1
1089,6,816.1337,582.8201,198.0400,24.4514,1.000000,1,0
1090,1,414.0306,586.8431,53.4239,28.4633,1.000000,0,1
1090,2,566.9758,581.5183,108.3790,16.1721,1.000000,0,1
1090,3,-11.2216,554.6498,435.0749,66.6405,1.000000,0,1
1090,4,-207.8664,591.6791,112.0300,39.0496,1.000000,0,1
1090,5,792.2824,537.4240,354.2571,88.3410,1.000000,0,1
1090,6,816.7429,582.8494,198.1351,24.4555,1.000000,1,0
1091,1,413.4321,586.8408,53.4309,28.4583,1.000000,0,1
1091,2,566.3633,581.5311,108.3593,16.1688,1.000000,0,1
1091,3,-10.8629,554.7224,435.1030,66.6497,1.000000,0,1
1091,4,-208.7082,591.6803,112.0336,39.0388,1.000000,0,1
1091,5,792.5046,537.4231,354.2888,88.3377,1.000000,0,1
1091,6,817.3527,582.8743,198.2301,24.4616,1.000000,1,0
1092,1,412.8343,586.8365,53.4377,28.4532,1.000000,0,1
1092,2,565.7505,581.5449,108.3400,16.1656,1.000000,0,1
1092,3,-10.5035,554.7942,435.1312,66.6588,1.000000,0,1
1092,4,-209.5452,591.6750,112.0365,39.0275,1.000000,0,1
1092,5,792.7270,537.4166,354.3207,88.3342,1.000000,0,1
1092,6,817.9629,582.8972,198.3248,24.4675,1.000000,1,0
1093,1,412.2369,586.8313,53.4447,28.4481,1.000000,0.0625,0.9375
1093,2,565.1374,581.5588,108.3211,16.1624,1.000000,0,1
1093,3,-10.1435,554.8649,435.1591,66.6678,1.000000,0,1
1093,4,-210.3784,591.6642,112.0385,39.0154,1.000000,0,1
1093,5,792.9496,537.4047,354.3534,88.3306,1.000000,0,1
1093,6,818.5732,582.9177,198.4193,24.4730,1.000000,1,0
1094,1,411.6400,586.8240,53.4516,28.4428,1.000000,0,1
1094,2,564.5244,581.5740,108.3025,16.1593,1.000000,0,1
1094,3,-9.7828,554.9357,435.1870,66.6768,1.000000,0,1
1094,4,-211.2064,591.6466,112.0401,39.0027,1.000000,0,1
1094,5,793.1723,537.3871,354.3870,88.3270,1.000000,0,1
1094,6,819.1835,582.9368,198.5136,24.4784,1.000000,1,0
1095,1,411.0435,586.8159,53.4585,28.4376,1.000000,0,1
1095,2,563.9110,581.5897,108.2847,16.1563,1.000000,0,1
1095,3,-9.4208,555.0062,435.2147,66.6858,1.000000,0,1
1095,4,-212.0300,591.6245,112.0409,38.9895,1.000000,0,1
1095,5,793.3951,537.3648,354.4218,88.3234,1.000000,0,1
1095,6,819.7937,582.9538,198.6077,24.4835,1.000000,1,0
1096,1,410.4473,586.8079,53.4653,28.4323,1.000000,0.0625,0.9375
1096,2,563.2971,581.6053,108.2673,16.1534,1.000000,0,1
1096,3,-9.0576,555.0759,435.2420,66.6947,1.000000,0,1
1096,4,-212.8502,591.5994,112.0412,38.9757,1.000000,0,1
1096,5,793.6180,537.3380,354.4575,88.3200,1.000000,0,1
1096,6,820.4037,582.9684,198.7011,24.4883,1.000000,1,0
1097,1,409.8511,586.7993,53.4722,28.4270,1.000000,0.0625,0.9375
1097,2,562.6833,581.6222,108.2505,16.1505,1.000000,0,1
1097,3,-8.6926,555.1454,435.2688,66.7035,1.000000,0,1
1097,4,-213.6648,591.5673,112.0405,38.9614,1.000000,0,1
1097,5,793.8409,537.3063,354.4951,88.3166,1.000000,0,1
1097,6,821.0139,582.9810,198.7944,24.4928,1.000000,1,0
1098,1,409.2551,586.7908,53.4792,28.4219,1.000000,0,1
1098,2,562.0690,581.6393,108.2343,16.1478,1.000000,0,1
1098,3,-8.3259,555.2144,435.2950,66.7123,1.000000,0,1
1098,4,-214.4751,591.5309,112.0392,38.9465,1.000000,0,1
1098,5,794.0641,537.2706,354.5338,88.3134,1.000000,0,1
1098,6,821.6241,582.9916,198.8875,24.4971,1.000000,1,0
1099,1,408.6594,586.7831,53.4861,28.4166,1.000000,0,1
1099,2,561.4540,581.6560,108.2186,16.1452,1.000000,0,1
1099,3,-7.9567,555.2828,435.3203,66.7208,1.000000,0,1
1099,4,-215.2835,591.4922,112.0374,38.9313,1.000000,0,1
1099,5,794.2871,537.2313,354.5740,88.3104,1.000000,0,1
1099,6,822.2344,583.0005,198.9800,24.5011,1.000000,1,0
1100,1,408.0634,586.7756,53.4931,28.4114,1.000000,0.0625,0.9375
1100,2,560.8389,581.6730,108.2037,16.1426,1.000000,0,1
1100,3,-7.5858,555.3512,435.3453,66.7293,1.000000,0,1
1100,4,-216.0872,591.4477,112.0351,38.9155,1.000000,0,1
1100,5,794.5103,537.1881,354.6156,88.3076,1.000000,0,1
1100,6,822.8448,583.0081,199.0724,24.5049,1.000000,1,0
1101,1,407.4675,586.7688,53.5000,28.4063,1.000000,0,1
1101,2,560.2233,581.6901,108.1892,16.1401,1.000000,0,1
1101,3,-7.2126,555.4191,435.3696,66.7377,1.000000,0,1
1101,4,-216.8875,591.3999,112.0319,38.8993,1.000000,0,1
1101,5,794.7333,537.1420,354.6588,88.3050,1.000000,0,1
1101,6,823.4556,583.0140,199.1646,24.5086,1.000000,1,0
1102,1,406.8718,586.7629,53.5069,28.4012,1.000000,0.3125,0.6875
1102,2,559.6069,581.7068,108.1756,16.1378,1.000000,0,1
1102,3,-6.8370,555.4860,435.3930,66.7459,1.000000,0,1
1102,4,-217.6871,591.3509,112.0286,38.8829,1.000000,0,1
1102,5,794.9563,537.0938,354.7032,88.3027,1.000000,0,1
1102,6,824.0665,583.0186,199.2562,24.5120,1.000000,1,0
1103,1,406.2755,586.7580,53.5139,28.3961,1.000000,0.125,0.875
1103,2,558.9904,581.7234,108.1626,16.1355,1.000000,0,1
1103,3,-6.4598,555.5527,435.4164,66.7541,1.000000,0,1
1103,4,-218.4862,591.2966,112.0249,38.8659,1.000000,0,1
1103,5,795.1786,537.0435,354.7488,88.3006,1.000000,0,1
1103,6,824.6777,583.0219,199.3477,24.5152,1.000000,1,0
1104,1,405.6787,586.7531,53.5208,28.3911,1.000000,0.25,0.75
1104,2,558.3735,581.7402,108.1501,16.1333,1.000000,0,1
1104,3,-6.0805,555.6188,435.4392,66.7621,1.000000,0,1
1104,4,-219.2850,591.2396,112.0207,38.8487,1.000000,0,1
1104,5,795.4004,536.9915,354.7953,88.2986,1.000000,0,1
1104,6,825.2892,583.0240,199.4388,24.5183,1.000000,1,0
1105,1,405.0807,586.7467,53.5277,28.3859,1.000000,0.0625,0.9375
1105,2,557.7560,581.7572,108.1384,16.1313,1.000000,0,1
1105,3,-5.6983,555.6835,435.4611,66.7700,1.000000,0,1
1105,4,-220.0832,591.1819,112.0164,38.8312,1.000000,0,1
1105,5,795.6218,536.9384,354.8427,88.2969,1.000000,0,1
1105,6,825.9009,583.0247,199.5294,24.5212,1.000000,1,0
1106,1,404.4801,586.7365,53.5344,28.3805,1.000000,0.0625,0.9375
1106,2,557.1391,581.7750,108.1273,16.1293,1.000000,0,1
1106,3,-5.3137,555.7472,435.4826,66.7779,1.000000,0,1
1106,4,-220.8809,591.1205,112.0114,38.8134,1.000000,0,1
1106,5,795.8420,536.8845,354.8909,88.2954,1.000000,0,1
1106,6,826.5128,583.0238,199.6199,24.5238,1.000000,1,0
1107,1,403.8778,586.7234,53.5411,28.3748,1.000000,0.25,0.75
1107,2,556.5223,581.7939,108.1165,16.1274,1.000000,0,1
1107,3,-4.9276,555.8096,435.5040,66.7856,1.000000,0,1
1107,4,-221.6780,591.0573,112.0065,38.7953,1.000000,0,1
1107,5,796.0615,536.8303,354.9396,88.2940,1.000000,0,1
1107,6,827.1249,583.0214,199.7100,24.5262,1.000000,1,0
1108,1,403.2745,586.7081,53.5477,28.3690,1.000000,0.25,0.75
1108,2,555.9051,581.8146,108.1064,16.1257,1.000000,0,1
1108,3,-4.5403,555.8705,435.5249,66.7932,1.000000,0,1
1108,4,-222.4734,590.9935,112.0008,38.7772,1.000000,0,1
1108,5,796.2803,536.7759,354.9889,88.2928,1.000000,0,1
1108,6,827.7369,583.0174,199.7999,24.5284,1.000000,1,0
1109,1,402.6690,586.6904,53.5543,28.3630,1.000000,0.3125,0.6875
1109,2,555.2886,581.8370,108.0964,16.1240,1.000000,0,1
1109,3,-4.1531,555.9308,435.5468,66.8010,1.000000,0,1
1109,4,-223.2671,590.9255,111.9949,38.7586,1.000000,0,1
1109,5,796.4975,536.7218,355.0385,88.2918,1.000000,0,1
1109,6,828.3490,583.0118,199.8893,24.5304,1.000000,1,0
1110,1,402.0626,586.6719,53.5608,28.3570,1.000000,0.5625,0.4375
1110,2,554.6722,581.8613,108.0870,16.1223,1.000000,0,1
1110,3,-3.7663,555.9898,435.5689,66.8088,1.000000,0,1
1110,4,-224.0598,590.8561,111.9887,38.7397,1.000000,0,1
1110,5,796.7136,536.6685,355.0884,88.2909,1.000000,0,1
1110,6,828.9607,583.0048,199.9786,24.5322,1.000000,1,0
1111,1,401.4554,586.6542,53.5675,28.3510,1.000000,0.25,0.75
1111,2,554.0555,581.8883,108.0781,16.1208,1.000000,0,1
1111,3,-3.3806,556.0467,435.5916,66.8165,1.000000,0,1
1111,4,-224.8517,590.7872,111.9822,38.7209,1.000000,0,1
1111,5,796.9288,536.6158,355.1388,88.2902,1.000000,0,1
1111,6,829.5721,582.9957,200.0676,24.5337,1.000000,1,0
1112,1,400.8473,586.6360,53.5741,28.3450,1.000000,0.1875,0.8125
1112,2,553.4396,581.9177,108.0692,16.1193,1.000000,0,1
1112,3,-2.9953,556.1016,435.6152,66.8244,1.000000,0,1
1112,4,-225.6403,590.7140,111.9749,38.7015,1.000000,0,1
1112,5,797.1423,536.5641,355.1890,88.2896,1.000000,0,1
1112,6,830.1838,582.9839,200.1563,24.5349,1.000000,1,0
1113,1,400.2386,586.6188,53.5808,28.3391,1.000000,0.0625,0.9375
1113,2,552.8240,581.9495,108.0606,16.1178,1.000000,0,1
1113,3,-2.6107,556.1539,435.6391,66.8323,1.000000,0,1
1113,4,-226.4275,590.6389,111.9675,38.6819,1.000000,0,1
1113,5,797.3547,536.5132,355.2391,88.2891,1.000000,0,1
1113,6,830.7954,582.9697,200.2449,24.5358,1.000000,1,0
1114,1,399.6299,586.6036,53.5875,28.3332,1.000000,0.3125,0.6875
1114,2,552.2084,581.9843,108.0523,16.1165,1.000000,0,1
1114,3,-2.2279,556.2029,435.6640,66.8401,1.000000,0,1
1114,4,-227.2132,590.5639,111.9596,38.6622,1.000000,0,1
1114,5,797.5662,536.4635,355.2891,88.2886,1.000000,0,1
1114,6,831.4071,582.9531,200.3334,24.5365,1.000000,1,0
1115,1,399.0200,586.5892,53.5941,28.3275,1.000000,0.25,0.75
1115,2,551.5934,582.0214,108.0441,16.1151,1.000000,0,1
1115,3,-1.8465,556.2495,435.6901,66.8482,1.000000,0,1
1115,4,-227.9961,590.4847,111.9513,38.6420,1.000000,0,1
1115,5,797.7754,536.4147,355.3385,88.2882,1.000000,0,1
1115,6,832.0189,582.9343,200.4214,24.5368,1.000000,1,0
1116,1,398.4094,586.5765,53.6010,28.3218,1.000000,0.5625,0.4375
1116,2,550.9787,582.0609,108.0359,16.1138,1.000000,0,1
1116,3,-1.4662,556.2930,435.7166,66.8561,1.000000,0,1
1116,4,-228.7772,590.4043,111.9424,38.6217,1.000000,0,1
1116,5,797.9834,536.3666,355.3877,88.2878,1.000000,0,1
1116,6,832.6307,582.9135,200.5094,24.5369,1.000000,1,0
1117,1,397.7986,586.5662,53.6079,28.3163,1.000000,0.3125,0.6875
1117,2,550.3640,582.1027,108.0281,16.1125,1.000000,0,1
1117,3,-1.0868,556.3322,435.7437,66.8640,1.000000,0,1
1117,4,-229.5591,590.3250,111.9337,38.6014,1.000000,0,1
1117,5,798.1906,536.3199,355.4369,88.2875,1.000000,0,1
1117,6,833.2428,582.8910,200.5974,24.5368,1.000000,1,0
1118,1,397.1866,586.5574,53.6149,28.3109,1.000000,0.375,0.625
1118,2,549.7499,582.1458,108.0202,16.1113,1.000000,0,1
1118,3,-0.7086,556.3680,435.7715,66.8719,1.000000,0,1
1118,4,-230.3401,590.2430,111.9243,38.5808,1.000000,0,1
1118,5,798.3956,536.2739,355.4855,88.2872,1.000000,0,1
1118,6,833.8550,582.8667,200.6855,24.5365,1.000000,1,0
1119,1,396.5739,586.5505,53.6220,28.3058,1.000000,0.4375,0.5625
1119,2,549.1360,582.1905,108.0125,16.1101,1.000000,0,1
1119,3,-0.3312,556.4010,435.7998,66.8798,1.000000,0,1
1119,4,-231.1201,590.1613,111.9145,38.5600,1.000000,0,1
1119,5,798.5997,536.2283,355.5337,88.2869,1.000000,0,1
1119,6,834.4673,582.8404,200.7742,24.5365,1.000000,1,0
1120,1,395.9610,586.5464,53.6292,28.3007,1.000000,0.4375,0.5625
1120,2,548.5224,582.2369,108.0050,16.1089,1.000000,0,1
1120,3,0.0451,556.4309,435.8283,66.8876,1.000000,0,1
1120,4,-231.8994,590.0825,111.9048,38.5396,1.000000,0,1
1120,5,798.8032,536.1833,355.5823,88.2866,1.000000,0,1
1120,6,835.0799,582.8106,200.8629,24.5387,1.000000,1,0
1121,1,395.3470,586.5442,53.6364,28.2956,1.000000,0.5,0.5
1121,2,547.9099,582.2839,107.9974,16.1077,1.000000,0,1
1121,3,0.4209,556.4571,435.8571,66.8954,1.000000,0,1
1121,4,-232.6778,590.0037,111.8948,38.5189,1.000000,0,1
1121,5,799.0051,536.1381,355.6304,88.2864,1.000000,0,1
1121,6,835.6927,582.7794,200.9523,24.5409,1.000000,1,0
1122,1,394.7322,586.5444,53.6437,28.2909,1.000000,0.5,0.5
1122,2,547.2980,582.3313,107.9901,16.1066,1.000000,0,1
1122,3,0.7956,556.4805,435.8864,66.9031,1.000000,0,1
1122,4,-233.4560,589.9268,111.8847,38.4985,1.000000,0,1
1122,5,799.2062,536.0927,355.6788,88.2863,1.000000,0,1
1122,6,836.3058,582.7473,201.0424,24.5431,1.000000,1,0
1123,1,394.1170,586.5474,53.6513,28.2863,1.000000,0.625,0.375
1123,2,546.6863,582.3789,107.9828,16.1055,1.000000,0,1
1123,3,1.1698,556.5002,435.9156,66.9107,1.000000,0,1
1123,4,-234.2348,589.8535,111.8750,38.4785,1.000000,0,1
1123,5,799.4071,536.0471,355.7279,88.2863,1.000000,0,1
1123,6,836.9191,582.7145,201.1328,24.5454,1.000000,1,0
1124,1,393.5006,586.5529,53.6590,28.2819,1.000000,0.5625,0.4375
1124,2,546.0748,582.4254,107.9756,16.1044,1.000000,0,1
1124,3,1.5442,556.5156,435.9449,66.9182,1.000000,0,1
1124,4,-235.0134,589.7808,111.8651,38.4584,1.000000,0,1
1124,5,799.6071,536.0005,355.7772,88.2864,1.000000,0,1
1124,6,837.5327,582.6808,201.2242,24.5477,1.000000,1,0
1125,1,392.8839,586.5607,53.6668,28.2777,1.000000,0.5,0.5
1125,2,545.4631,582.4710,107.9686,16.1033,1.000000,0,1
1125,3,1.9187,556.5279,435.9738,66.9255,1.000000,0,1
1125,4,-235.7931,589.7098,111.8553,38.4387,1.000000,0,1
1125,5,799.8069,535.9529,355.8271,88.2866,1.000000,0,1
1125,6,838.1467,582.6464,201.3162,24.5502,1.000000,1,0
1126,1,392.2670,586.5708,53.6747,28.2737,1.000000,0.5625,0.4375
1126,2,544.8514,582.5156,107.9615,16.1022,1.000000,0,1
1126,3,2.2933,556.5373,436.0023,66.9326,1.000000,0,1
1126,4,-236.5746,589.6422,111.8464,38.4193,1.000000,0,1
1126,5,800.0071,535.9044,355.8781,88.2870,1.000000,0,1
1126,6,838.7610,582.6118,201.4092,24.5527,1.000000,1,0
1127,1,391.6494,586.5836,53.6827,28.2699,1.000000,0.375,0.625
1127,2,544.2399,582.5588,107.9546,16.1011,1.000000,0,1
1127,3,2.6683,556.5440,436.0307,66.9396,1.000000,0,1
1127,4,-237.3573,589.5750,111.8374,38.4000,1.000000,0,1
1127,5,800.2070,535.8544,355.9305,88.2877,1.000000,0,1
1127,6,839.3756,582.5765,201.5028,24.5553,1.000000,1,0
1128,1,391.0313,586.5984,53.6910,28.2662,1.000000,0.75,0.25
1128,2,543.6285,582.6013,107.9476,16.1000,1.000000,0,1
1128,3,3.0433,556.5491,436.0590,66.9465,1.000000,0,1
1128,4,-238.1429,589.5094,111.8290,38.3810,1.000000,0,1
1128,5,800.4073,535.8031,355.9841,88.2886,1.000000,0,1
1128,6,839.9907,582.5406,201.5970,24.5580,1.000000,1,0
1129,1,390.4129,586.6147,53.6993,28.2626,1.000000,0.375,0.625
1129,2,543.0173,582.6431,107.9404,16.0988,1.000000,0,1
1129,3,3.4185,556.5528,436.0867,66.9533,1.000000,0,1
1129,4,-238.9313,589.4472,111.8214,38.3624,1.000000,0,1
1129,5,800.6085,535.7510,356.0394,88.2899,1.000000,0,1
1129,6,840.6062,582.5045,201.6921,24.5607,1.000000,1,0
1130,1,389.7941,586.6337,53.7078,28.2593,1.000000,0.75,0.25
1130,2,542.4065,582.6836,107.9333,16.0977,1.000000,0,1
1130,3,3.7949,556.5544,436.1139,66.9599,1.000000,0,1
1130,4,-239.7231,589.3847,111.8143,38.3441,1.000000,0,1
1130,5,800.8102,535.6972,356.0962,88.2914,1.000000,0,1
1130,6,841.2222,582.4677,201.7877,24.5635,1.000000,1,0
1131,1,389.1748,586.6544,53.7163,28.2562,1.000000,0.8125,0.1875
1131,2,541.7959,582.7233,107.9260,16.0965,1.000000,0,1
1131,3,4.1717,556.5541,436.1406,66.9664,1.000000,0,1
1131,4,-240.5173,589.3239,111.8078,38.3260,1.000000,0,1
1131,5,801.0126,535.6423,356.1548,88.2933,1.000000,0,1
1131,6,841.8384,582.4306,201.8840,24.5664,1.000000,1,0
1132,1,388.5554,586.6765,53.7252,28.2531,1.000000,0.75,0.25
1132,2,541.1855,582.7626,107.9186,16.0953,1.000000,0,1
1132,3,4.5486,556.5527,436.1671,66.9729,1.000000,0,1
1132,4,-241.3155,589.2661,111.8021,38.3085,1.000000,0,1
1132,5,801.2163,535.5871,356.2152,88.2956,1.000000,0,1
1132,6,842.4551,582.3936,201.9808,24.5694,1.000000,1,0
1133,1,387.9358,586.7013,53.7340,28.2503,1.000000,0.75,0.25
1133,2,540.5756,582.8010,107.9111,16.0941,1.000000,0,1
1133,3,4.9264,556.5504,436.1937,66.9793,1.000000,0,1
1133,4,-242.1181,589.2081,111.7975,38.2912,1.000000,0,1
1133,5,801.4209,535.5303,356.2783,88.2984,1.000000,0,1
1133,6,843.0719,582.3561,202.0784,24.5723,1.000000,1,0
1134,1,387.3157,586.7277,53.7431,28.2477,1.000000,0.6875,0.3125
1134,2,539.9660,582.8386,107.9033,16.0928,1.000000,0,1
1134,3,5.3043,556.5475,436.2202,66.9856,1.000000,0,1
1134,4,-242.9250,589.1520,111.7937,38.2744,1.000000,0,1
1134,5,801.6267,535.4731,356.3438,88.3016,1.000000,0,1
1134,6,843.6890,582.3188,202.1763,24.5754,1.000000,1,0
1135,1,386.6954,586.7546,53.7523,28.2452,1.000000,0.875,0.125
1135,2,539.3572,582.8741,107.8951,16.0929,1.000000,0,1
1135,3,5.6824,556.5441,436.2462,66.9919,1.000000,0,1
1135,4,-243.7370,589.0992,111.7910,38.2581,1.000000,0,1
1135,5,801.8340,535.4164,356.4113,88.3054,1.000000,0,1
1135,6,844.3065,582.2817,202.2749,24.5785,1.000000,1,0
1136,1,386.0741,586.7843,53.7618,28.2428,1.000000,0.875,0.125
1136,2,538.7487,582.9086,107.8868,16.0933,1.000000,0,1
1136,3,6.0618,556.5394,436.2715,66.9980,1.000000,0,1
1136,4,-244.5522,589.0460,111.7891,38.2421,1.000000,0,1
1136,5,802.0424,535.3594,356.4814,88.3097,1.000000,0,1
1136,6,844.9242,582.2451,202.3741,24.5817,1.000000,1,0
1137,1,385.4520,586.8154,53.7714,28.2407,1.000000,0.875,0.125
1137,2,538.1405,582.9424,107.8783,16.0936,1.000000,0,1
1137,3,6.4407,556.5347,436.2967,67.0041,1.000000,0,1
1137,4,-245.3707,588.9946,111.7880,38.2264,1.000000,0,1
1137,5,802.2521,535.3028,356.5536,88.3145,1.000000,0,1
1137,6,845.5420,582.2087,202.4739,24.5850,1.000000,1,0
1138,1,384.8297,586.8470,53.7812,28.2386,1.000000,0.75,0.25
1138,2,537.5323,582.9755,107.8695,16.0938,1.000000,0,1
1138,3,6.8191,556.5300,436.3217,67.0101,1.000000,0,1
1138,4,-246.1928,588.9471,111.7876,38.2112,1.000000,0,1
1138,5,802.4633,535.2475,356.6279,88.3199,1.000000,0,1
1138,6,846.1602,582.1729,202.5739,24.5883,1.000000,1,0
1139,1,384.2072,586.8820,53.7909,28.2368,1.000000,0.9375,0.0625
1139,2,536.9241,583.0081,107.8605,16.0939,1.000000,0,1
1139,3,7.1967,556.5232,436.3467,67.0160,1.000000,0,1
1139,4,-247.0192,588.8998,111.7882,38.1964,1.000000,0,1
1139,5,802.6755,535.1932,356.7049,88.3258,1.000000,0,1
1139,6,846.7784,582.1375,202.6744,24.5916,1.000000,1,0
1140,1,383.5844,586.9183,53.8010,28.2350,1.000000,0.875,0.125
1140,2,536.3157,583.0400,107.8513,16.0940,1.000000,0,1
1140,3,7.5731,556.5153,436.3721,67.0220,1.000000,0,1
1140,4,-247.8489,588.8546,111.7894,38.1819,1.000000,0,1
1140,5,802.8889,535.1406,356.7836,88.3322,1.000000,0,1
1140,6,847.3970,582.1026,202.7756,24.5951,1.000000,1,0
1141,1,382.9616,586.9543,53.8109,28.2333,1.000000,0.9375,0.0625
1141,2,535.7073,583.0713,107.8419,16.0941,1.000000,0,1
1141,3,7.9477,556.5061,436.3978,67.0280,1.000000,0,1
1141,4,-248.6815,588.8134,111.7912,38.1679,1.000000,0,1
1141,5,803.1038,535.0902,356.8647,88.3393,1.000000,0,1
1141,6,848.0163,582.0679,202.8770,24.5985,1.000000,1,0
1142,1,382.3386,586.9930,53.8211,28.2318,1.000000,0.875,0.125
1142,2,535.0986,583.1021,107.8323,16.0940,1.000000,0,1
1142,3,8.3211,556.4943,436.4237,67.0340,1.000000,0,1
1142,4,-249.5190,588.7739,111.7941,38.1542,1.000000,0,1
1142,5,803.3197,535.0424,356.9479,88.3469,1.000000,0,1
1142,6,848.6362,582.0336,202.9789,24.6021,1.000000,1,0
1143,1,381.7154,587.0323,53.8312,28.2303,1.000000,0.9375,0.0625
1143,2,534.4898,583.1321,107.8225,16.0940,1.000000,0,1
1143,3,8.6929,556.4805,436.4501,67.0399,1.000000,0,1
1143,4,-250.3587,588.7372,111.7971,38.1410,1.000000,0,1
1143,5,803.5367,534.9970,357.0325,88.3549,1.000000,0,1
1143,6,849.2566,581.9998,203.0815,24.6057,1.000000,1,0
1144,1,381.0918,587.0709,53.8414,28.2288,1.000000,1,0
1144,2,533.8811,583.1613,107.8126,16.0937,1.000000,0,1
1144,3,9.0625,556.4649,436.4770,67.0458,1.000000,0,1
1144,4,-251.1996,588.7042,111.8005,38.1281,1.000000,0,1
1144,5,803.7546,534.9548,357.1190,88.3634,1.000000,0,1
1144,6,849.8774,581.9667,203.1848,24.6093,1.000000,1,0
1145,1,380.4680,587.1112,53.8519,28.2274,1.000000,1,0
1145,2,533.2723,583.1895,107.8025,16.0935,1.000000,0,1
1145,3,9.4304,556.4464,436.5043,67.0518,1.000000,0,1
1145,4,-252.0428,588.6725,111.8044,38.1154,1.000000,0,1
1145,5,803.9730,534.9163,357.2062,88.3723,1.000000,0,1
1145,6,850.4987,581.9343,203.2886,24.6131,1.000000,1,0
1146,1,379.8441,587.1515,53.8622,28.2261,1.000000,1,0
1146,2,532.6637,583.2169,107.7922,16.0931,1.000000,0,1
1146,3,9.7962,556.4252,436.5325,67.0578,1.000000,0,1
1146,4,-252.8862,588.6425,111.8084,38.1029,1.000000,0,1
1146,5,804.1922,534.8813,357.2947,88.3817,1.000000,0,1
1146,6,851.1201,581.9020,203.3932,24.6169,1.000000,1,0
1147,1,379.2197,587.1900,53.8727,28.2248,1.000000,1,0
1147,2,532.0555,583.2430,107.7828,16.0927,1.000000,0,1
1147,3,10.1603,556.4017,436.5609,67.0637,1.000000,0,1
1147,4,-253.7289,588.6140,111.8124,38.0905,1.000000,0,1
1147,5,804.4120,534.8500,357.3846,88.3914,1.000000,0,1
1147,6,851.7421,581.8697,203.4984,24.6208,1.000000,1,0
1148,1,378.5954,587.2296,53.8833,28.2235,1.000000,1,0
1148,2,531.4471,583.2679,107.7770,16.0921,1.000000,0,1
1148,3,10.5220,556.3746,436.5903,67.0696,1.000000,0,1
1148,4,-254.5708,588.5853,111.8163,38.0781,1.000000,0,1
1148,5,804.6320,534.8230,357.4752,88.4016,1.000000,0,1
1148,6,852.3642,581.8373,203.6046,24.6248,1.000000,1,0
1149,1,377.9711,587.2681,53.8939,28.2222,1.000000,1,0
1149,2,530.8387,583.2915,107.7711,16.0914,1.000000,0,1
1149,3,10.8817,556.3451,436.6202,67.0756,1.000000,0,1
1149,4,-255.4125,588.5564,111.8200,38.0658,1.000000,0,1
1149,5,804.8524,534.8000,357.5662,88.4121,1.000000,0,1
1149,6,852.9866,581.8046,203.7113,24.6289,1.000000,1,0
1150,1,377.3466,587.3038,53.9045,28.2208,1.000000,1,0
1150,2,530.2306,583.3134,107.7649,16.0907,1.000000,0,1
1150,3,11.2394,556.3137,436.6509,67.0816,1.000000,0,1
1150,4,-256.2543,588.5272,111.8243,38.0534,1.000000,0,1
1150,5,805.0731,534.7816,357.6575,88.4228,1.000000,0,1
1150,6,853.6093,581.7717,203.8188,24.6330,1.000000,1,0
1151,1,376.7230,587.3394,53.9153,28.2195,1.000000,1,0
1151,2,529.6223,583.3340,107.7583,16.0897,1.000000,0,1
1151,3,11.5955,556.2790,436.6821,67.0876,1.000000,0,1
1151,4,-257.0957,588.4959,111.8286,38.0410,1.000000,0,1
1151,5,805.2936,534.7676,357.7478,88.4335,1.000000,0,1
1151,6,854.2321,581.7380,203.9268,24.6372,1.000000,1,0
1152,1,376.0998,587.3732,53.9260,28.2182,1.000000,1,0
1152,2,529.0141,583.3533,107.7514,16.0887,1.000000,0,1
1152,3,11.9505,556.2422,436.7135,67.0935,1.000000,0,1
1152,4,-257.9371,588.4631,111.8330,38.0284,1.000000,0,1
1152,5,805.5140,534.7574,357.8380,88.4443,1.000000,0,1
1152,6,854.8551,581.7040,204.0355,24.6415,1.000000,1,0
1153,1,375.4767,587.4036,53.9369,28.2167,1.000000,1,0
1153,2,528.4061,583.3707,107.7443,16.0875,1.000000,0,1
1153,3,12.3048,556.2035,436.7447,67.0993,1.000000,0,1
1153,4,-258.7787,588.4291,111.8375,38.0160,1.000000,0,1
1153,5,805.7346,534.7511,357.9276,88.4551,1.000000,0,1
1153,6,855.4785,581.6703,204.1448,24.6458,1.000000,1,0
1154,1,374.8541,587.4332,53.9479,28.2152,1.000000,1,0
1154,2,527.7979,583.3867,107.7369,16.0861,1.000000,0,1
1154,3,12.6583,556.1619,436.7762,67.1051,1.000000,0,1
1154,4,-259.6213,588.3925,111.8421,38.0032,1.000000,0,1
1154,5,805.9549,534.7485,358.0157,88.4657,1.000000,0,1
1154,6,856.1017,581.6362,204.2546,24.6502,1.000000,1,0
1155,1,374.2316,587.4606,53.9591,28.2137,1.000000,1,0
1155,2,527.1897,583.4009,107.7291,16.0846,1.000000,0,1
1155,3,13.0111,556.1182,436.8077,67.1108,1.000000,0,1
1155,4,-260.4645,588.3542,111.8470,37.9906,1.000000,0,1
1155,5,806.1752,534.7493,358.1031,88.4764,1.000000,0,1
1155,6,856.7252,581.6021,204.3647,24.6546,1.000000,1,0
1156,1,373.6092,587.4844,53.9700,28.2120,1.000000,1,0
1156,2,526.5819,583.4131,107.7211,16.0830,1.000000,0,1
1156,3,13.3638,556.0731,436.8390,67.1165,1.000000,0,1
1156,4,-261.3077,588.3154,111.8524,37.9779,1.000000,0,1
1156,5,806.3954,534.7535,358.1893,88.4869,1.000000,0,1
1156,6,857.3487,581.5688,204.4750,24.6590,1.000000,1,0
1157,1,372.9870,587.5063,53.9814,28.2103,1.000000,1,0
1157,2,525.9738,583.4237,107.7128,16.0812,1.000000,0,1
1157,3,13.7168,556.0266,436.8701,67.1220,1.000000,0,1
1157,4,-262.1518,588.2736,111.8577,37.9651,1.000000,0,1
1157,5,806.6154,534.7602,358.2736,88.4970,1.000000,0,1
1157,6,857.9723,581.5356,204.5856,24.6635,1.000000,1,0
1158,1,372.3650,587.5258,53.9927,28.2086,1.000000,1,0
1158,2,525.3658,583.4321,107.7043,16.0793,1.000000,0,1
1158,3,14.0703,555.9785,436.9007,67.1274,1.000000,0,1
1158,4,-262.9967,588.2299,111.8634,37.9523,1.000000,0,1
1158,5,806.8353,534.7693,358.3565,88.5069,1.000000,0,1
1158,6,858.5961,581.5033,204.6963,24.6680,1.000000,1,0
1159,1,371.7433,587.5420,54.0039,28.2067,1.000000,1,0
1159,2,524.7579,583.4379,107.6958,16.0771,1.000000,0,1
1159,3,14.4246,555.9291,436.9311,67.1328,1.000000,0,1
1159,4,-263.8423,588.1855,111.8693,37.9395,1.000000,0,1
1159,5,807.0551,534.7804,358.4378,88.5165,1.000000,0,1
1159,6,859.2203,581.4727,204.8073,24.6725,1.000000,1,0
1160,1,371.1215,587.5555,54.0153,28.2046,1.000000,1,0
1160,2,524.1497,583.4415,107.6871,16.0749,1.000000,0,1
1160,3,14.7800,555.8784,436.9613,67.1380,1.000000,0,1
1160,4,-264.6887,588.1385,111.8755,37.9265,1.000000,0,1
1160,5,807.2751,534.7928,358.5169,88.5257,1.000000,0,1
1160,6,859.8445,581.4433,204.9182,24.6771,1.000000,1,0
1161,1,370.4997,587.5660,54.0268,28.2025,1.000000,1,0
1161,2,523.5413,583.4429,107.6783,16.0725,1.000000,0,1
1161,3,15.1371,555.8267,436.9909,67.1431,1.000000,0,1
1161,4,-265.5353,588.0903,111.8819,37.9137,1.000000,0,1
1161,5,807.4952,534.8064,358.5944,88.5344,1.000000,0,1
1161,6,860.4687,581.4159,205.0287,24.6816,1.000000,1,0
1162,1,369.8782,587.5734,54.0381,28.2003,1.000000,1,0
1162,2,522.9327,583.4413,107.6696,16.0699,1.000000,0,1
1162,3,15.4951,555.7745,437.0202,67.1481,1.000000,0,1
1162,4,-266.3841,588.0424,111.8892,37.9011,1.000000,0,1
1162,5,807.7155,534.8206,358.6707,88.5429,1.000000,0,1
1162,6,861.0928,581.3914,205.1393,24.6862,1.000000,1,0
1163,1,369.2566,587.5775,54.0496,28.1979,1.000000,1,0
1163,2,522.3235,583.4371,107.6608,16.0671,1.000000,0,1
1163,3,15.8537,555.7229,437.0491,67.1532,1.000000,0,1
1163,4,-267.2343,587.9926,111.8968,37.8884,1.000000,0,1
1163,5,807.9362,534.8351,358.7449,88.5509,1.000000,0,1
1163,6,861.7164,581.3685,205.2491,24.6907,1.000000,1,0
1164,1,368.6351,587.5787,54.0609,28.1953,1.000000,1,0
1164,2,521.7139,583.4302,107.6520,16.0643,1.000000,0,1
1164,3,16.2126,555.6714,437.0779,67.1582,1.000000,0,1
1164,4,-268.0866,587.9426,111.9049,37.8759,1.000000,0,1
1164,5,808.1572,534.8499,358.8174,88.5584,1.000000,0,1
1164,6,862.3398,581.3477,205.3586,24.6951,1.000000,1,0
1165,1,368.0136,587.5771,54.0724,28.1927,1.000000,1,0
1165,2,521.1042,583.4209,107.6432,16.0613,1.000000,0,1
1165,3,16.5715,555.6195,437.1065,67.1631,1.000000,0,1
1165,4,-268.9421,587.8941,111.9133,37.8636,1.000000,0,1
1165,5,808.3784,534.8644,358.8883,88.5655,1.000000,0,1
1165,6,862.9630,581.3292,205.4674,24.6996,1.000000,1,0
1166,1,367.3924,587.5721,54.0837,28.1898,1.000000,1,0
1166,2,520.4937,583.4088,107.6348,16.0581,1.000000,0,1
1166,3,16.9307,555.5681,437.1349,67.1681,1.000000,0,1
1166,4,-269.7997,587.8439,111.9226,37.8514,1.000000,0,1
1166,5,808.6001,534.8782,358.9572,88.5721,1.000000,0,1
1166,6,863.5858,581.3121,205.5755,24.7039,1.000000,1,0
1167,1,366.7715,587.5642,54.0950,28.1868,1.000000,1,0
1167,2,519.8829,583.3941,107.6263,16.0548,1.000000,0,1
1167,3,17.2901,555.5164,437.1631,67.1729,1.000000,0,1
1167,4,-270.6607,587.7944,111.9321,37.8393,1.000000,0,1
1167,5,808.8219,534.8914,359.0248,88.5783,1.000000,0,1
1167,6,864.2083,581.2966,205.6829,24.7082,1.000000,1,0
1168,1,366.1512,587.5536,54.1063,28.1836,1.000000,1,0
1168,2,519.2721,583.3771,107.6182,16.0514,1.000000,0,1
1168,3,17.6498,555.4640,437.1907,67.1777,1.000000,0,1
1168,4,-271.5262,587.7480,111.9424,37.8278,1.000000,0,1
1168,5,809.0439,534.9038,359.0907,88.5841,1.000000,0,1
1168,6,864.8304,581.2831,205.7900,24.7125,1.000000,1,0
1169,1,365.5319,587.5392,54.1175,28.1803,1.000000,1,0
1169,2,518.6608,583.3578,107.6100,16.0480,1.000000,0,1
1169,3,18.0099,555.4114,437.2178,67.1824,1.000000,0,1
1169,4,-272.3947,587.7020,111.9530,37.8163,1.000000,0,1
1169,5,809.2667,534.9151,359.1550,88.5893,1.000000,0,1
1169,6,865.4520,581.2697,205.8959,24.7167,1.000000,1,0
1170,1,364.9140,587.5219,54.1285,28.1767,1.000000,1,0
1170,2,518.0492,583.3362,107.6023,16.0443,1.000000,0,1
1170,3,18.3698,555.3582,437.2448,67.1870,1.000000,0,1
1170,4,-273.2666,587.6582,111.9643,37.8051,1.000000,0,1
1170,5,809.4897,534.9253,359.2180,88.5942,1.000000,0,1
1170,6,866.0731,581.2567,206.0012,24.7207,1.000000,1,0
1171,1,364.2971,587.5020,54.1393,28.1729,1.000000,1,0
1171,2,517.4377,583.3124,107.5946,16.0406,1.000000,0,1
1171,3,18.7297,555.3043,437.2716,67.1916,1.000000,0,1
1171,4,-274.1421,587.6179,111.9760,37.7943,1.000000,0,1
1171,5,809.7130,534.9341,359.2798,88.5987,1.000000,0,1
1171,6,866.6940,581.2445,206.1058,24.7248,1.000000,1,0
1172,1,363.6809,587.4777,54.1501,28.1689,1.000000,1,0
1172,2,516.8258,583.2867,107.5873,16.0369,1.000000,0,1
1172,3,19.0896,555.2495,437.2978,67.1960,1.000000,0,1
1172,4,-275.0188,587.5786,111.9878,37.7837,1.000000,0,1
1172,5,809.9371,534.9410,359.3403,88.6028,1.000000,0,1
1172,6,867.3141,581.2314,206.2095,24.7287,1.000000,1,0
1173,1,363.0658,587.4501,54.1608,28.1647,1.000000,1,0
1173,2,516.2137,583.2596,107.5803,16.0331,1.000000,0,1
1173,3,19.4499,555.1937,437.3237,67.2004,1.000000,0,1
1173,4,-275.8981,587.5413,112.0001,37.7733,1.000000,0,1
1173,5,810.1616,534.9465,359.3997,88.6064,1.000000,0,1
1173,6,867.9338,581.2183,206.3125,24.7325,1.000000,1,0
1174,1,362.4519,587.4200,54.1713,28.1603,1.000000,1,0
1174,2,515.6014,583.2313,107.5735,16.0292,1.000000,0,1
1174,3,19.8106,555.1371,437.3489,67.2046,1.000000,0,1
1174,4,-276.7811,587.5070,112.0128,37.7633,1.000000,0,1
1174,5,810.3862,534.9503,359.4579,88.6098,1.000000,0,1
1174,6,868.5531,581.2059,206.4154,24.7363,1.000000,1,0
1175,1,361.8395,587.3854,54.1816,28.1557,1.000000,1,0
1175,2,514.9889,583.2021,107.5671,16.0253,1.000000,0,1
1175,3,20.1713,555.0795,437.3737,67.2087,1.000000,0,1
1175,4,-277.6661,587.4745,112.0259,37.7535,1.000000,0,1
1175,5,810.6119,534.9515,359.5153,88.6127,1.000000,0,1
1175,6,869.1719,581.1920,206.5176,24.7400,1.000000,1,0
1176,1,361.2282,587.3476,54.1918,28.1508,1.000000,1,0
1176,2,514.3761,583.1722,107.5609,16.0216,1.000000,0,1
1176,3,20.5321,555.0206,437.3979,67.2126,1.000000,0,1
1176,4,-278.5538,587.4443,112.0391,37.7439,1.000000,0,1
1176,5,810.8383,534.9507,359.5717,88.6153,1.000000,0,1
1176,6,869.7904,581.1778,206.6194,24.7437,1.000000,1,0
1177,1,360.6180,587.3075,54.2019,28.1458,1.000000,1,0
1177,2,513.7628,583.1421,107.5551,16.0177,1.000000,0,1
1177,3,20.8934,554.9605,437.4218,67.2165,1.000000,0,1
1177,4,-279.4440,587.4174,112.0527,37.7346,1.000000,0,1
1177,5,811.0650,534.9483,359.6270,88.6174,1.000000,0,1
1177,6,870.4086,581.1639,206.7210,24.7473,1.000000,1,0
1178,1,360.0094,587.2632,54.2118,28.1404,1.000000,1,0
1178,2,513.1483,583.1117,107.5495,16.0140,1.000000,0,1
1178,3,21.2556,554.8993,437.4446,67.2202,1.000000,0,1
1178,4,-280.3346,587.3929,112.0662,37.7255,1.000000,0,1
1178,5,811.2928,534.9432,359.6819,88.6194,1.000000,0,1
1178,6,871.0261,581.1491,206.8221,24.7509,1.000000,1,0
1179,1,359.4019,587.2163,54.2215,28.1350,1.000000,1,0
1179,2,512.5331,583.0815,107.5443,16.0103,1.000000,0,1
1179,3,21.6190,554.8368,437.4666,67.2236,1.000000,0,1
1179,4,-281.2267,587.3712,112.0799,37.7166,1.000000,0,1
1179,5,811.5213,534.9359,359.7360,88.6210,1.000000,0,1
1179,6,871.6434,581.1341,206.9228,24.7545,1.000000,1,0
1180,1,358.7955,587.1678,54.2314,28.1294,1.000000,1,0
1180,2,511.9174,583.0515,107.5394,16.0066,1.000000,0,1
1180,3,21.9836,554.7728,437.4879,67.2269,1.000000,0,1
1180,4,-282.1202,587.3525,112.0940,37.7081,1.000000,0,1
1180,5,811.7500,534.9265,359.7894,88.6223,1.000000,0,1
1180,6,872.2604,581.1198,207.0233,24.7580,1.000000,1,0
1181,1,358.1907,587.1155,54.2409,28.1237,1.000000,1,0
1181,2,511.3008,583.0226,107.5350,16.0030,1.000000,0,1
1181,3,22.3493,554.7070,437.5081,67.2299,1.000000,0,1
1181,4,-283.0139,587.3357,112.1079,37.6997,1.000000,0,1
1181,5,811.9797,534.9142,359.8423,88.6233,1.000000,0,1
1181,6,872.8769,581.1055,207.1232,24.7614,1.000000,1,0
1182,1,357.5870,587.0613,54.2504,28.1177,1.000000,1,0
1182,2,510.6837,582.9946,107.5308,15.9996,1.000000,0,1
1182,3,22.7158,554.6398,437.5278,67.2328,1.000000,0,1
1182,4,-283.9088,587.3206,112.1220,37.6914,1.000000,0,1
1182,5,812.2096,534.8998,359.8944,88.6240,1.000000,0,1
1182,6,873.4932,581.0918,207.2229,24.7649,1.000000,1,0
1183,1,356.9845,587.0062,54.2597,28.1117,1.000000,1,0
1183,2,510.0659,582.9677,107.5270,15.9964,1.000000,0,1
1183,3,23.0834,554.5716,437.5470,67.2356,1.000000,0,1
1183,4,-284.8058,587.3069,112.1364,37.6833,1.000000,0,1
1183,5,812.4395,534.8831,359.9458,88.6245,1.000000,0,1
1183,6,874.1093,581.0795,207.3224,24.7683,1.000000,1,0
1184,1,356.3839,586.9481,54.2690,28.1056,1.000000,1,0
1184,2,509.4465,582.9419,107.5240,15.9932,1.000000,0,1
1184,3,23.4530,554.5018,437.5648,67.2381,1.000000,0,1
1184,4,-285.7013,587.2944,112.1504,37.6753,1.000000,0,1
1184,5,812.6698,534.8634,359.9969,88.6246,1.000000,0,1
1184,6,874.7250,581.0670,207.4210,24.7716,1.000000,1,0
1185,1,355.7847,586.8887,54.2781,28.0993,1.000000,1,0
1185,2,508.8261,582.9172,107.5212,15.9902,1.000000,0,1
1185,3,23.8243,554.4306,437.5815,67.2404,1.000000,0,1
1185,4,-286.5968,587.2828,112.1644,37.6673,1.000000,0,1
1185,5,812.9003,534.8410,360.0479,88.6246,1.000000,0,1
1185,6,875.3405,581.0552,207.5197,24.7750,1.000000,1,0
1186,1,355.1862,586.8300,54.2873,28.0931,1.000000,1,0
1186,2,508.2048,582.8933,107.5191,15.9873,1.000000,0,1
1186,3,24.1970,554.3582,437.5979,67.2426,1.000000,0,1
1186,4,-287.4940,587.2723,112.1789,37.6594,1.000000,0,1
1186,5,813.1304,534.8163,360.0983,88.6244,1.000000,0,1
1186,6,875.9555,581.0452,207.6176,24.7783,1.000000,1,0
1187,1,354.5885,586.7690,54.2964,28.0868,1.000000,1,0
1187,2,507.5822,582.8707,107.5173,15.9846,1.000000,0,1
1187,3,24.5718,554.2843,437.6132,67.2445,1.000000,0,1
1187,4,-288.3911,587.2625,112.1933,37.6516,1.000000,0,1
1187,5,813.3607,534.7883,360.1486,88.6241,1.000000,0,1
1187,6,876.5703,581.0356,207.7156,24.7816,1.000000,1,0
1188,1,353.9909,586.7080,54.3055,28.0804,1.000000,1,0
1188,2,506.9586,582.8489,107.5160,15.9820,1.000000,0,1
1188,3,24.9484,554.2094,437.6276,67.2463,1.000000,0,1
1188,4,-289.2890,587.2532,112.2076,37.6439,1.000000,0,1
1188,5,813.5906,534.7579,360.1985,88.6235,1.000000,0,1
1188,6,877.1851,581.0270,207.8132,24.7848,1.000000,1,0
1189,1,353.3933,586.6481,54.3148,28.0742,1.000000,1,0
1189,2,506.3340,582.8265,107.5150,15.9804,1.000000,0,1
1189,3,25.3268,554.1342,437.6413,67.2479,1.000000,0,1
1189,4,-290.1891,587.2446,112.2222,37.6363,1.000000,0,1
1189,5,813.8201,534.7253,360.2479,88.6227,1.000000,0,1
1189,6,877.7997,581.0201,207.9108,24.7881,1.000000,1,0
1190,1,352.7959,586.5873,54.3241,28.0680,1.000000,1,0
1190,2,505.7083,582.8049,107.5146,15.9790,1.000000,0,1
1190,3,25.7069,554.0573,437.6540,67.2494,1.000000,0,1
1190,4,-291.0886,587.2363,112.2369,37.6287,1.000000,0,1
1190,5,814.0494,534.6893,360.2975,88.6218,1.000000,0,1
1190,6,878.4136,581.0142,208.0079,24.7913,1.000000,1,0
1191,1,352.1985,586.5273,54.3333,28.0618,1.000000,1,0
1191,2,505.0818,582.7836,107.5144,15.9776,1.000000,0,1
1191,3,26.0890,553.9795,437.6662,67.2507,1.000000,0,1
1191,4,-291.9885,587.2285,112.2515,37.6212,1.000000,0,1
1191,5,814.2783,534.6508,360.3471,88.6208,1.000000,0,1
1191,6,879.0270,581.0090,208.1046,24.7946,1.000000,1,0
1192,1,351.6007,586.4697,54.3428,28.0558,1.000000,1,0
1192,2,504.4549,582.7623,107.5146,15.9764,1.000000,0,1
1192,3,26.4729,553.9015,437.6776,67.2519,1.000000,0,1
1192,4,-292.8903,587.2218,112.2663,37.6138,1.000000,0,1
1192,5,814.5063,534.6100,360.3962,88.6196,1.000000,0,1
1192,6,879.6399,581.0048,208.2012,24.7978,1.000000,1,0
1193,1,351.0030,586.4124,54.3522,28.0499,1.000000,1,0
1193,2,503.8275,582.7415,107.5153,15.9751,1.000000,0,1
1193,3,26.8585,553.8222,437.6881,67.2528,1.000000,0,1
1193,4,-293.7912,587.2152,112.2812,37.6064,1.000000,0,1
1193,5,814.7344,534.5660,360.4456,88.6184,1.000000,0,1
1193,6,880.2521,580.9997,208.2974,24.8009,1.000000,1,0
1194,1,350.4052,586.3567,54.3617,28.0440,1.000000,1,0
1194,2,503.1998,582.7206,107.5162,15.9739,1.000000,0,1
1194,3,27.2453,553.7423,437.6982,67.2538,1.000000,0,1
1194,4,-294.6923,587.2090,112.2961,37.5991,1.000000,0,1
1194,5,814.9616,534.5197,360.4949,88.6171,1.000000,0,1
1194,6,880.8639,580.9944,208.3933,24.8040,1.000000,1,0
1195,1,349.8073,586.3039,54.3712,28.0383,1.000000,1,0
1195,2,502.5721,582.6994,107.5174,15.9728,1.000000,0,1
1195,3,27.6324,553.6627,437.7083,67.2546,1.000000,0,1
1195,4,-295.5948,587.2037,112.3112,37.5918,1.000000,0,1
1195,5,815.1880,534.4717,360.5441,88.6157,1.000000,0,1
1195,6,881.4752,580.9897,208.4893,24.8072,1.000000,1,0
1196,1,349.2095,586.2524,54.3807,28.0326,1.000000,1,0
1196,2,501.9442,582.6782,107.5187,15.9717,1.000000,0,1
1196,3,28.0202,553.5825,437.7177,67.2554,1.000000,0,1
1196,4,-296.4956,587.1989,112.3261,37.5846,1.000000,0,1
1196,5,815.4139,534.4207,360.5930,88.6141,1.000000,0,1
1196,6,882.0861,580.9838,208.5851,24.8103,1.000000,1,0
1197,1,348.6118,586.2030,54.3903,28.0271,1.000000,1,0
1197,2,501.3162,582.6568,107.5203,15.9706,1.000000,0,1
1197,3,28.4083,553.5023,437.7268,67.2561,1.000000,0,1
1197,4,-297.3961,587.1948,112.3409,37.5775,1.000000,0,1
1197,5,815.6392,534.3674,360.6416,88.6123,1.000000,0,1
1197,6,882.6964,580.9775,208.6808,24.8134,1.000000,1,0
1198,1,348.0139,586.1568,54.3997,28.0217,1.000000,1,0
1198,2,500.6880,582.6348,107.5221,15.9695,1.000000,0,1
1198,3,28.7966,553.4226,437.7361,67.2568,1.000000,0,1
1198,4,-298.2982,587.1918,112.3560,37.5704,1.000000,0,1
1198,5,815.8636,534.3124,360.6900,88.6106,1.000000,0,1
1198,6,883.3062,580.9714,208.7769,24.8166,1.000000,1,0
1199,1,347.4161,586.1116,54.4091,28.0163,1.000000,1,0
1199,2,500.0599,582.6125,107.5240,15.9685,1.000000,0,1
1199,3,29.1853,553.3419,437.7450,67.2576,1.000000,0,1
1199,4,-299.1989,587.1893,112.3711,37.5635,1.000000,0,1
1199,5,816.0873,534.2548,360.7386,88.6087,1.000000,0,1
1199,6,883.9154,580.9645,208.8733,24.8198,1.000000,1,0
1200,1,346.8180,586.0674,54.4185,28.0109,1.000000,1,0
1200,2,499.4319,582.5902,107.5260,15.9675,1.000000,0,1
1200,3,29.5742,553.2609,437.7540,67.2582,1.000000,0,1
1200,4,-300.0992,587.1874,112.3863,37.5565,1.000000,0,1
1200,5,816.3104,534.1953,360.7869,88.6067,1.000000,0,1
1200,6,884.5243,580.9578,208.9696,24.8229,1.000000,1,0
1201,1,346.2190,586.0237,54.4277,28.0054,1.000000,1,0
1201,2,498.8041,582.5678,107.5281,15.9664,1.000000,0,1
1201,3,29.9633,553.1804,437.7634,67.2590,1.000000,0,1
1201,4,-301.0013,587.1868,112.4017,37.5498,1.000000,0,1
1201,5,816.5326,534.1345,360.8351,88.6047,1.000000,0,1
1201,6,885.1328,580.9520,209.0665,24.8262,1.000000,1,0
1202,1,345.6182,585.9761,54.4367,27.9997,1.000000,1,0
1202,2,498.1765,582.5455,107.5303,15.9655,1.000000,0,1
1202,3,30.3531,553.0985,437.7729,67.2597,1.000000,0,1
1202,4,-301.9019,587.1868,112.4169,37.5431,1.000000,0,1
1202,5,816.7543,534.0712,360.8827,88.6024,1.000000,0,1
1202,6,885.7407,580.9455,209.1638,24.8295,1.000000,1,0
1203,1,345.0165,585.9270,54.4455,27.9937,1.000000,1,0
1203,2,497.5490,582.5232,107.5323,15.9645,1.000000,0,1
1203,3,30.7436,553.0165,437.7827,67.2605,1.000000,0,1
1203,4,-302.8031,587.1874,112.4325,37.5365,1.000000,0,1
1203,5,816.9752,534.0062,360.9302,88.6001,1.000000,0,1
1203,6,886.3484,580.9391,209.2615,24.8329,1.000000,1,0
1204,1,344.4145,585.8790,54.4543,27.9878,1.000000,1,0
1204,2,496.9218,582.5015,107.5344,15.9634,1.000000,0,1
1204,3,31.1339,552.9354,437.7935,67.2615,1.000000,0,1
1204,4,-303.7062,587.1893,112.4484,37.5301,1.000000,0,1
1204,5,817.1954,533.9401,360.9775,88.5977,1.000000,0,1
1204,6,886.9561,580.9337,209.3594,24.8363,1.000000,1,0
1205,1,343.8114,585.8290,54.4629,27.9817,1.000000,1,0
1205,2,496.2949,582.4802,107.5365,15.9624,1.000000,0,1
1205,3,31.5239,552.8541,437.8049,67.2626,1.000000,0,1
1205,4,-304.6104,587.1923,112.4644,37.5239,1.000000,0,1
1205,5,817.4151,533.8718,361.0250,88.5953,1.000000,0,1
1205,6,887.5637,580.9292,209.4580,24.8398,1.000000,1,0
1206,1,343.2083,585.7797,54.4713,27.9756,1.000000,1,0
1206,2,495.6685,582.4595,107.5384,15.9614,1.000000,0,1
1206,3,31.9138,552.7734,437.8170,67.2638,1.000000,0,1
1206,4,-305.5162,587.1968,112.4809,37.5179,1.000000,0,1
1206,5,817.6342,533.8021,361.0726,88.5929,1.000000,0,1
1206,6,888.1714,580.9265,209.5573,24.8434,1.000000,1,0
1207,1,342.6056,585.7336,54.4798,27.9696,1.000000,1,0
1207,2,495.0423,582.4396,107.5401,15.9604,1.000000,0,1
1207,3,32.3034,552.6946,437.8302,67.2653,1.000000,0,1
1207,4,-306.4233,587.2034,112.4973,37.5121,1.000000,0,1
1207,5,817.8527,533.7319,361.1202,88.5905,1.000000,0,1
1207,6,888.7792,580.9257,209.6572,24.8470,1.000000,1,0
1208,1,342.0024,585.6876,54.4884,27.9636,1.000000,1,0
1208,2,494.4165,582.4204,107.5418,15.9593,1.000000,0,1
1208,3,32.6925,552.6162,437.8443,67.2670,1.000000,0,1
1208,4,-307.3303,587.2115,112.5139,37.5063,1.000000,0,1
1208,5,818.0706,533.6595,361.1683,88.5881,1.000000,0,1
1208,6,889.3873,580.9269,209.7577,24.8508,1.000000,1,0
1209,1,341.3995,585.6436,54.4967,27.9577,1.000000,1,0
1209,2,493.7914,582.4017,107.5433,15.9583,1.000000,0,1
1209,3,33.0803,552.5397,437.8597,67.2689,1.000000,0,1
1209,4,-308.2379,587.2212,112.5308,37.5009,1.000000,0,1
1209,5,818.2881,533.5861,361.2168,88.5858,1.000000,0,1
1209,6,889.9958,580.9304,209.8589,24.8547,1.000000,1,0
1210,1,340.7972,585.6038,54.5051,27.9520,1.000000,1,0
1210,2,493.1671,582.3837,107.5447,15.9572,1.000000,0,1
1210,3,33.4670,552.4662,437.8765,67.2712,1.000000,0,1
1210,4,-309.1459,587.2328,112.5479,37.4955,1.000000,0,1
1210,5,818.5049,533.5120,361.2658,88.5836,1.000000,0,1
1210,6,890.6046,580.9364,209.9608,24.8587,1.000000,1,0
1211,1,340.1944,585.5652,54.5136,27.9464,1.000000,1,0
1211,2,492.5434,582.3663,107.5458,15.9561,1.000000,0,1
1211,3,33.8522,552.3940,437.8947,67.2738,1.000000,0,1
1211,4,-310.0529,587.2461,112.5648,37.4904,1.000000,0,1
1211,5,818.7208,533.4367,361.3151,88.5814,1.000000,0,1
1211,6,891.2140,580.9447,210.0634,24.8628,1.000000,1,0
1212,1,339.5912,585.5294,54.5223,27.9409,1.000000,1,0
1212,2,491.9205,582.3494,107.5467,15.9549,1.000000,0,1
1212,3,34.2362,552.3241,437.9142,67.2766,1.000000,0,1
1212,4,-310.9592,587.2610,112.5815,37.4853,1.000000,0,1
1212,5,818.9361,533.3606,361.3648,88.5795,1.000000,0,1
1212,6,891.8240,580.9553,210.1664,24.8669,1.000000,1,0
1213,1,338.9877,585.4978,54.5309,27.9358,1.000000,1,0
1213,2,491.2986,582.3333,107.5473,15.9538,1.000000,0,1
1213,3,34.6182,552.2576,437.9352,67.2799,1.000000,0,1
1213,4,-311.8648,587.2774,112.5983,37.4803,1.000000,0,1
1213,5,819.1505,533.2844,361.4158,88.5778,1.000000,0,1
1213,6,892.4347,580.9680,210.2703,24.8712,1.000000,1,0
1214,1,338.3829,585.4686,54.5397,27.9308,1.000000,1,0
1214,2,490.6776,582.3174,107.5475,15.9525,1.000000,0,1
1214,3,34.9985,552.1931,437.9578,67.2834,1.000000,0,1
1214,4,-312.7675,587.2948,112.6150,37.4753,1.000000,0,1
1214,5,819.3643,533.2075,361.4677,88.5764,1.000000,0,1
1214,6,893.0462,580.9829,210.3745,24.8755,1.000000,1,0
1215,1,337.7776,585.4429,54.5487,27.9259,1.000000,1,0
1215,2,490.0573,582.3022,107.5475,15.9513,1.000000,0,1
1215,3,35.3768,552.1314,437.9818,67.2873,1.000000,0,1
1215,4,-313.6679,587.3134,112.6312,37.4704,1.000000,0,1
1215,5,819.5776,533.1303,361.5208,88.5752,1.000000,0,1
1215,6,893.6583,580.9997,210.4794,24.8799,1.000000,1,0
1216,1,337.1722,585.4216,54.5578,27.9214,1.000000,1,0
1216,2,489.4380,582.2874,107.5472,15.9500,1.000000,0,1
1216,3,35.7533,552.0732,438.0073,67.2916,1.000000,0,1
1216,4,-314.5671,587.3328,112.6474,37.4655,1.000000,0,1
1216,5,819.7906,533.0536,361.5748,88.5743,1.000000,0,1
1216,6,894.2708,581.0184,210.5845,24.8844,1.000000,1,0
1217,1,336.5664,585.4037,54.5667,27.9170,1.000000,1,0
1217,2,488.8197,582.2726,107.5465,15.9486,1.000000,0,1
1217,3,36.1268,552.0177,438.0347,67.2963,1.000000,0,1
1217,4,-315.4633,587.3525,112.6630,37.4605,1.000000,0,1
1217,5,820.0034,532.9763,361.6301,88.5738,1.000000,0,1
1217,6,894.8832,581.0394,210.6899,24.8889,1.000000,1,0
1218,1,335.9607,585.3894,54.5758,27.9128,1.000000,1,0
1218,2,488.2025,582.2582,107.5453,15.9472,1.000000,0,1
1218,3,36.4981,551.9653,438.0635,67.3014,1.000000,0,1
1218,4,-316.3561,587.3726,112.6782,37.4554,1.000000,0,1
1218,5,820.2161,532.8993,361.6871,88.5736,1.000000,0,1
1218,6,895.4956,581.0619,210.7954,24.8934,1.000000,1,0
1219,1,335.3548,585.3792,54.5850,27.9088,1.000000,1,0
1219,2,487.5861,582.2444,107.5438,15.9457,1.000000,0,1
1219,3,36.8665,551.9164,438.0943,67.3068,1.000000,0,1
1219,4,-317.2448,587.3929,112.6930,37.4501,1.000000,0,1
1219,5,820.4287,532.8230,361.7455,88.5738,1.000000,0,1
1219,6,896.1080,581.0848,210.9009,24.8980,1.000000,1,0
1220,1,334.7491,585.3723,54.5941,27.9050,1.000000,1,0
1220,2,486.9710,582.2303,107.5417,15.9441,1.000000,0,1
1220,3,37.2323,551.8699,438.1265,67.3126,1.000000,0,1
1220,4,-318.1281,587.4130,112.7067,37.4447,1.000000,0,1
1220,5,820.6418,532.7466,361.8055,88.5744,1.000000,0,1
1220,6,896.7207,581.1079,211.0065,24.9025,1.000000,1,0
1221,1,334.1437,585.3687,54.6032,27.9013,1.000000,1,0
1221,2,486.3567,582.2161,107.5392,15.9425,1.000000,0,1
1221,3,37.5954,551.8263,438.1604,67.3188,1.000000,0,1
1221,4,-319.0077,587.4326,112.7198,37.4390,1.000000,0,1
1221,5,820.8551,532.6712,361.8668,88.5754,1.000000,0,1
1221,6,897.3337,581.1310,211.1121,24.9071,1.000000,1,0
1222,1,333.5389,585.3683,54.6122,27.8978,1.000000,1,0
1222,2,485.7431,582.2019,107.5363,15.9408,1.000000,0,1
1222,3,37.9558,551.7861,438.1958,67.3254,1.000000,0,1
1222,4,-319.8848,587.4517,112.7328,37.4334,1.000000,0,1
1222,5,821.0686,532.5980,361.9298,88.5768,1.000000,0,1
1222,6,897.9467,581.1539,211.2174,24.9116,1.000000,1,0
1223,1,332.9345,585.3709,54.6213,27.8945,1.000000,1,0
1223,2,485.1306,582.1869,107.5325,15.9391,1.000000,0,1
1223,3,38.3138,551.7483,438.2325,67.3322,1.000000,0,1
1223,4,-320.7591,587.4702,112.7456,37.4276,1.000000,0,1
1223,5,821.2822,532.5262,361.9946,88.5788,1.000000,0,1
1223,6,898.5599,581.1765,211.3228,24.9161,1.000000,1,0
1224,1,332.3306,585.3759,54.6303,27.8911,1.000000,1,0
1224,2,484.5189,582.1714,107.5285,15.9372,1.000000,0,1
1224,3,38.6693,551.7131,438.2703,67.3394,1.000000,0,1
1224,4,-321.6309,587.4879,112.7579,37.4216,1.000000,0,1
1224,5,821.4960,532.4561,362.0606,88.5811,1.000000,0,1
1224,6,899.1731,581.1990,211.4280,24.9206,1.000000,1,0
1225,1,331.7273,585.3828,54.6390,27.8879,1.000000,1,0
1225,2,483.9085,582.1553,107.5239,15.9352,1.000000,0,1
1225,3,39.0225,551.6814,438.3096,67.3468,1.000000,0,1
1225,4,-322.5005,587.5044,112.7705,37.4156,1.000000,0,1
1225,5,821.7101,532.3887,362.1281,88.5838,1.000000,0,1
1225,6,899.7863,581.2215,211.5331,24.9251,1.000000,1,0
1226,1,331.1243,585.3922,54.6478,27.8846,1.000000,1,0
1226,2,483.2998,582.1372,107.5184,15.9331,1.000000,0,1
1226,3,39.3729,551.6518,438.3499,67.3545,1.000000,0,1
1226,4,-323.3661,587.5188,112.7821,37.4093,1.000000,0,1
1226,5,821.9241,532.3241,362.1968,88.5871,1.000000,0,1
1226,6,900.3995,581.2440,211.6379,24.9295,1.000000,1,0
1227,1,330.5219,585.4033,54.6565,27.8814,1.000000,1,0
1227,2,482.6926,582.1173,107.5125,15.9310,1.000000,0,1
1227,3,39.7214,551.6245,438.3912,67.3625,1.000000,0,1
1227,4,-324.2300,587.5319,112.7939,37.4029,1.000000,0,1
1227,5,822.1380,532.2625,362.2662,88.5906,1.000000,0,1
1227,6,901.0127,581.2665,211.7426,24.9339,1.000000,1,0
1228,1,329.9201,585.4156,54.6650,27.8783,1.000000,1,0
1228,2,482.0868,582.0958,107.5060,15.9287,1.000000,0,1
1228,3,40.0682,551.5997,438.4334,67.3707,1.000000,0,1
1228,4,-325.0938,587.5441,112.8055,37.3963,1.000000,0,1
1228,5,822.3520,532.2041,362.3365,88.5945,1.000000,0,1
1228,6,901.6257,581.2888,211.8470,24.9383,1.000000,1,0
1229,1,329.3203,585.4304,54.6733,27.8752,1.000000,1,0
1229,2,481.4827,582.0710,107.4988,15.9263,1.000000,0,1
1229,3,40.4130,551.5770,438.4763,67.3791,1.000000,0,1
1229,4,-325.9567,587.5548,112.8171,37.3898,1.000000,0,1
1229,5,822.5658,532.1492,362.4073,88.5987,1.000000,0,1
1229,6,902.2387,581.3112,211.9510,24.9427,1.000000,1,0
1230,1,328.7220,585.4468,54.6815,27.8721,1.000000,1,0
1230,2,480.8801,582.0436,107.4912,15.9238,1.000000,0,1
1230,3,40.7563,551.5563,438.5201,67.3877,1.000000,0,1
1230,4,-326.8194,587.5647,112.8288,37.3832,1.000000,0,1
1230,5,822.7793,532.0978,362.4790,88.6032,1.000000,0,1
1230,6,902.8516,581.3336,212.0552,24.9470,1.000000,1,0
1231,1,328.1250,585.4639,54.6895,27.8689,1.000000,1,0
1231,2,480.2791,582.0141,107.4830,15.9212,1.000000,0,1
1231,3,41.0986,551.5384,438.5642,67.3965,1.000000,0,1
1231,4,-327.6824,587.5741,112.8406,37.3765,1.000000,0,1
1231,5,822.9925,532.0499,362.5508,88.6080,1.000000,0,1
1231,6,903.4643,581.3558,212.1590,24.9513,1.000000,1,0
1232,1,327.5303,585.4828,54.6972,27.8658,1.000000,1,0
1232,2,479.6799,581.9804,107.4744,15.9185,1.000000,0,1
1232,3,41.4399,551.5219,438.6087,67.4054,1.000000,0,1
1232,4,-328.5464,587.5815,112.8523,37.3698,1.000000,0,1
1232,5,823.2051,532.0061,362.6232,88.6131,1.000000,0,1
1232,6,904.0771,581.3784,212.2626,24.9556,1.000000,1,0
1233,1,326.9368,585.5026,54.7048,27.8626,1.000000,1,0
1233,2,479.0825,581.9435,107.4652,15.9157,1.000000,0,1
1233,3,41.7811,551.5070,438.6533,67.4143,1.000000,0,1
1233,4,-329.4111,587.5883,112.8641,37.3629,1.000000,0,1
1233,5,823.4175,531.9662,362.6960,88.6186,1.000000,0,1
1233,6,904.6900,581.4009,212.3661,24.9599,1.000000,1,0
1234,1,326.3445,585.5221,54.7122,27.8593,1.000000,1,0
1234,2,478.4869,581.9041,107.4557,15.9128,1.000000,0,1
1234,3,42.1225,551.4944,438.6981,67.4234,1.000000,0,1
1234,4,-330.2751,587.5953,112.8758,37.3560,1.000000,0,1
1234,5,823.6298,531.9302,362.7690,88.6242,1.000000,0,1
1234,6,905.3030,581.4232,212.4697,24.9641,1.000000,1,0
1235,1,325.7544,585.5426,54.7193,27.8560,1.000000,1,0
1235,2,477.8936,581.8598,107.4456,15.9098,1.000000,0,1
1235,3,42.4643,551.4829,438.7430,67.4324,1.000000,0,1
1235,4,-331.1409,587.6022,112.8877,37.3493,1.000000,0,1
1235,5,823.8411,531.8984,362.8416,88.6300,1.000000,0,1
1235,6,905.9163,581.4454,212.5732,24.9684,1.000000,1,0
1236,1,325.1655,585.5631,54.7262,27.8526,1.000000,1,0
1236,2,477.3022,581.8123,107.4351,15.9068,1.000000,0,1
1236,3,42.8069,551.4731,438.7877,67.4416,1.000000,0,1
1236,4,-332.0069,587.6099,112.8995,37.3426,1.000000,0,1
1236,5,824.0519,531.8704,362.9141,88.6360,1.000000,0,1
1236,6,906.5298,581.4674,212.6765,24.9726,1.000000,1,0
1237,1,324.5773,585.5828,54.7329,27.8490,1.000000,1,0
1237,2,476.7131,581.7626,107.4243,15.9037,1.000000,0,1
1237,3,43.1495,551.4658,438.8326,67.4509,1.000000,0,1
1237,4,-332.8714,587.6187,112.9115,37.3359,1.000000,0,1
1237,5,824.2623,531.8462,362.9865,88.6421,1.000000,0,1
1237,6,907.1434,581.4891,212.7798,24.9768,1.000000,1,0
1238,1,323.9905,585.6030,54.7397,27.8454,1.000000,1,0
1238,2,476.1277,581.7084,107.4133,15.9005,1.000000,0,1
1238,3,43.4921,551.4608,438.8775,67.4602,1.000000,0,1
1238,4,-333.7357,587.6282,112.9230,37.3292,1.000000,0,1
1238,5,824.4722,531.8254,363.0588,88.6484,1.000000,0,1
1238,6,907.7575,581.5109,212.8831,24.9810,1.000000,1,0
1239,1,323.4047,585.6227,54.7461,27.8418,1.000000,1,0
1239,2,475.5453,581.6513,107.4019,15.8972,1.000000,0,1
1239,3,43.8352,551.4581,438.9223,67.4696,1.000000,0,1
1239,4,-334.5993,587.6389,112.9345,37.3226,1.000000,0,1
1239,5,824.6818,531.8079,363.1313,88.6549,1.000000,0,1
1239,6,908.3717,581.5326,212.9865,24.9852,1.000000,1,0
1240,1,322.8194,585.6412,54.7524,27.8379,1.000000,1,0
1240,2,474.9657,581.5928,107.3903,15.8939,1.000000,0,1
1240,3,44.1785,551.4579,438.9670,67.4791,1.000000,0,1
1240,4,-335.4612,587.6513,112.9455,37.3160,1.000000,0,1
1240,5,824.8914,531.7940,363.2042,88.6617,1.000000,0,1
1240,6,908.9861,581.5541,213.0896,24.9894,1.000000,1,0
1241,1,322.2349,585.6594,54.7584,27.8340,1.000000,1,0
1241,2,474.3881,581.5299,107.3785,15.8905,1.000000,0,1
1241,3,44.5227,551.4600,439.0115,67.4887,1.000000,0,1
1241,4,-336.3234,587.6650,112.9568,37.3096,1.000000,0,1
1241,5,825.1002,531.7836,363.2766,88.6685,1.000000,0,1
1241,6,909.6003,581.5759,213.1926,24.9936,1.000000,1,0
1242,1,321.6512,585.6765,54.7643,27.8300,1.000000,1,0
1242,2,473.8125,581.4651,107.3663,15.8871,1.000000,0,1
1242,3,44.8679,551.4641,439.0557,67.4982,1.000000,0,1
1242,4,-337.1838,587.6802,112.9676,37.3031,1.000000,0,1
1242,5,825.3088,531.7766,363.3491,88.6756,1.000000,0,1
1242,6,910.2145,581.5978,213.2951,24.9977,1.000000,1,0
1243,1,321.0680,585.6917,54.7701,27.8258,1.000000,1,0
1243,2,473.2385,581.4006,107.3541,15.8836,1.000000,0,1
1243,3,45.2139,551.4707,439.0995,67.5078,1.000000,0,1
1243,4,-338.0419,587.6975,112.9781,37.2967,1.000000,0,1
1243,5,825.5175,531.7730,363.4222,88.6829,1.000000,0,1
1243,6,910.8279,581.6196,213.3972,25.0017,1.000000,1,0
1244,1,320.4858,585.7057,54.7757,27.8215,1.000000,1,0
1244,2,472.6661,581.3337,107.3417,15.8801,1.000000,0,1
1244,3,45.5603,551.4791,439.1436,67.5175,1.000000,0,1
1244,4,-338.8999,587.7162,112.9883,37.2903,1.000000,0,1
1244,5,825.7260,531.7722,363.4951,88.6903,1.000000,0,1
1244,6,911.4404,581.6415,213.4988,25.0057,1.000000,1,0
1245,1,319.9045,585.7179,54.7813,27.8171,1.000000,1,0
1245,2,472.0953,581.2668,107.3290,15.8766,1.000000,0,1
1245,3,45.9081,551.4890,439.1871,67.5272,1.000000,0,1
1245,4,-339.7559,587.7362,112.9983,37.2840,1.000000,0,1
1245,5,825.9348,531.7739,363.5681,88.6979,1.000000,0,1
1245,6,912.0525,581.6627,213.5996,25.0097,1.000000,1,0
1246,1,319.3234,585.7275,54.7868,27.8126,1.000000,1,0
1246,2,471.5258,581.2021,107.3162,15.8731,1.000000,0,1
1246,3,46.2573,551.4998,439.2300,67.5368,1.000000,0,1
1246,4,-340.6084,587.7576,113.0077,37.2777,1.000000,0,1
1246,5,826.1439,531.7782,363.6418,88.7057,1.000000,0,1
1246,6,912.6639,581.6825,213.6995,25.0135,1.000000,1,0
1247,1,318.7426,585.7347,54.7924,27.8079,1.000000,1,0
1247,2,470.9576,581.1374,107.3030,15.8696,1.000000,0,1
1247,3,46.6083,551.5115,439.2723,67.5463,1.000000,0,1
1247,4,-341.4610,587.7804,113.0170,37.2714,1.000000,0,1
1247,5,826.3530,531.7854,363.7152,88.7136,1.000000,0,1
1247,6,913.2751,581.7014,213.7988,25.0172,1.000000,1,0
1248,1,318.1621,585.7396,54.7979,27.8031,1.000000,1,0
1248,2,470.3901,581.0741,107.2897,15.8660,1.000000,0,1
1248,3,46.9606,551.5239,439.3138,67.5557,1.000000,0,1
1248,4,-342.3120,587.8042,113.0260,37.2651,1.000000,0,1
1248,5,826.5622,531.7950,363.7889,88.7216,1.000000,0,1
1248,6,913.8861,581.7192,213.8973,25.0208,1.000000,1,0
1249,1,317.5815,585.7415,54.8035,27.7983,1.000000,1,0
1249,2,469.8229,581.0135,107.2764,15.8625,1.000000,0.0625,0.9375
1249,3,47.3138,551.5365,439.3550,67.5651,1.000000,0,1
1249,4,-343.1609,587.8282,113.0349,37.2587,1.000000,0,1
1249,5,826.7721,531.8069,363.8629,88.7298,1.000000,0,1
1249,6,914.4966,581.7355,213.9951,25.0243,1.000000,1,0
1250,1,317.0009,585.7405,54.8090,27.7933,1.000000,1,0
1250,2,469.2563,580.9541,107.2628,15.8589,1.000000,0,1
1250,3,47.6695,551.5488,439.3948,67.5742,1.000000,0,1
1250,4,-344.0105,587.8535,113.0435,37.2524,1.000000,0,1
1250,5,826.9825,531.8213,363.9377,88.7383,1.000000,0,1
1250,6,915.1068,581.7508,214.0919,25.0277,1.000000,1,0
1251,1,316.4199,585.7369,54.8147,27.7882,1.000000,1,0
1251,2,468.6899,580.8967,107.2490,15.8552,1.000000,0,1
1251,3,48.0274,551.5605,439.4333,67.5831,1.000000,0,1
1251,4,-344.8595,587.8795,113.0523,37.2462,1.000000,0,1
1251,5,827.1937,531.8377,364.0132,88.7470,1.000000,0,1
1251,6,915.7166,581.7648,214.1884,25.0310,1.000000,1,0
1252,1,315.8389,585.7307,54.8204,27.7830,1.000000,1,0
1252,2,468.1235,580.8422,107.2350,15.8516,1.000000,0,1
1252,3,48.3871,551.5710,439.4706,67.5918,1.000000,0,1
1252,4,-345.7063,587.9060,113.0605,37.2399,1.000000,0,1
1252,5,827.4055,531.8561,364.0891,88.7559,1.000000,0,1
1252,6,916.3257,581.7769,214.2839,25.0342,1.000000,1,0
1253,1,315.2574,585.7216,54.8262,27.7778,1.000000,1,0
1253,2,467.5569,580.7888,107.2207,15.8480,1.000000,0,1
1253,3,48.7497,551.5800,439.5062,67.6001,1.000000,0,1
1253,4,-346.5536,587.9338,113.0688,37.2337,1.000000,0,1
1253,5,827.6183,531.8767,364.1653,88.7649,1.000000,0,1
1253,6,916.9346,581.7875,214.3788,25.0373,1.000000,1,0
1254,1,314.6754,585.7100,54.8321,27.7725,1.000000,1,0
1254,2,466.9898,580.7369,107.2064,15.8444,1.000000,0.125,0.875
1254,3,49.1142,551.5873,439.5406,67.6082,1.000000,0,1
1254,4,-347.3994,587.9624,113.0769,37.2275,1.000000,0,1
1254,5,827.8319,531.8991,364.2422,88.7741,1.000000,0,1
1254,6,917.5430,581.7963,214.4731,25.0404,1.000000,1,0
1255,1,314.0932,585.6963,54.8381,27.7671,1.000000,1,0
1255,2,466.4221,580.6874,107.1919,15.8407,1.000000,0,1
1255,3,49.4804,551.5930,439.5736,67.6159,1.000000,0,1
1255,4,-348.2428,587.9912,113.0846,37.2212,1.000000,0,1
1255,5,828.0463,531.9232,364.3199,88.7836,1.000000,0,1
1255,6,918.1507,581.8029,214.5670,25.0433,1.000000,1,0
1256,1,313.5103,585.6797,54.8442,27.7616,1.000000,1,0
1256,2,465.8536,580.6385,107.1772,15.8370,1.000000,0,1
1256,3,49.8495,551.5960,439.6046,67.6233,1.000000,0,1
1256,4,-349.0872,588.0220,113.0924,37.2151,1.000000,0,1
1256,5,828.2612,531.9495,364.3979,88.7931,1.000000,0,1
1256,6,918.7576,581.8076,214.6605,25.0462,1.000000,1,0
1257,1,312.9272,585.6612,54.8504,27.7561,1.000000,1,0
1257,2,465.2844,580.5907,107.1624,15.8334,1.000000,0,1
1257,3,50.2211,551.5964,439.6337,67.6303,1.000000,0,1
1257,4,-349.9297,588.0536,113.0998,37.2090,1.000000,0,1
1257,5,828.4767,531.9775,364.4763,88.8028,1.000000,0,1
1257,6,919.3641,581.8100,214.7538,25.0491,1.000000,1,0
1258,1,312.3439,585.6411,54.8566,27.7506,1.000000,1,0
1258,2,464.7141,580.5443,107.1478,15.8297,1.000000,0.0625,0.9375
1258,3,50.5950,551.5941,439.6611,67.6368,1.000000,0,1
1258,4,-350.7681,588.0845,113.1071,37.2027,1.000000,0,1
1258,5,828.6924,532.0068,364.5552,88.8127,1.000000,0,1
1258,6,919.9705,581.8093,214.8470,25.0519,1.000000,1,0
1259,1,311.7595,585.6184,54.8631,27.7450,1.000000,1,0
1259,2,464.1424,580.4984,107.1331,15.8261,1.000000,0.1875,0.8125
1259,3,50.9719,551.5884,439.6864,67.6429,1.000000,0,1
1259,4,-351.6058,588.1162,113.1139,37.1965,1.000000,0,1
1259,5,828.9086,532.0379,364.6340,88.8227,1.000000,0,1
1259,6,920.5770,581.8058,214.9404,25.0547,1.000000,1,0
1260,1,311.1746,585.5938,54.8697,27.7394,1.000000,1,0
1260,2,463.5697,580.4531,107.1185,15.8224,1.000000,0.0625,0.9375
1260,3,51.3518,551.5796,439.7094,67.6485,1.000000,0,1
1260,4,-352.4413,588.1479,113.1205,37.1902,1.000000,0,1
1260,5,829.1251,532.0703,364.7135,88.8328,1.000000,0,1
1260,6,921.1838,581.7998,215.0340,25.0574,1.000000,1,0
1261,1,310.5888,585.5679,54.8763,27.7337,1.000000,1,0
1261,2,462.9962,580.4088,107.1038,15.8188,1.000000,0.0625,0.9375
1261,3,51.7339,551.5680,439.7309,67.6537,1.000000,0,1
1261,4,-353.2719,588.1783,113.1265,37.1836,1.000000,0,1
1261,5,829.3423,532.1037,364.7927,88.8430,1.000000,0,1
1261,6,921.7908,581.7912,215.1274,25.0601,1.000000,1,0
1262,1,310.0016,585.5392,54.8832,27.7281,1.000000,1,0
1262,2,462.4213,580.3649,107.0894,15.8152,1.000000,0.0625,0.9375
1262,3,52.1189,551.5526,439.7501,67.6585,1.000000,0,1
1262,4,-354.1012,588.2094,113.1323,37.1771,1.000000,0,1
1262,5,829.5602,532.1381,364.8721,88.8531,1.000000,0,1
1262,6,922.3981,581.7804,215.2213,25.0629,1.000000,1,0
1263,1,309.4138,585.5090,54.8901,27.7224,1.000000,1,0
1263,2,461.8455,580.3215,107.0751,15.8116,1.000000,0.0625,0.9375
1263,3,52.5067,551.5342,439.7675,67.6628,1.000000,0,1
1263,4,-354.9264,588.2398,113.1378,37.1704,1.000000,0,1
1263,5,829.7787,532.1729,364.9515,88.8632,1.000000,0,1
1263,6,923.0056,581.7675,215.3154,25.0656,1.000000,1,0
1264,1,308.8254,585.4781,54.8973,27.7167,1.000000,1,0
1264,2,461.2686,580.2786,107.0608,15.8081,1.000000,0.0625,0.9375
1264,3,52.8964,551.5129,439.7837,67.6668,1.000000,0,1
1264,4,-355.7460,588.2684,113.1422,37.1633,1.000000,0,1
1264,5,829.9979,532.2079,365.0312,88.8734,1.000000,0,1
1264,6,923.6133,581.7525,215.4099,25.0683,1.000000,1,0
1265,1,308.2357,585.4448,54.9045,27.7110,1.000000,1,0
1265,2,460.6905,580.2361,107.0468,15.8045,1.000000,0.1875,0.8125
1265,3,53.2896,551.4873,439.7979,67.6704,1.000000,0,1
1265,4,-356.5623,588.2974,113.1463,37.1562,1.000000,0,1
1265,5,830.2180,532.2440,365.1107,88.8835,1.000000,0,1
1265,6,924.2216,581.7357,215.5045,25.0711,1.000000,1,0
1266,1,307.6453,585.4102,54.9118,27.7053,1.000000,1,0
1266,2,460.1113,580.1940,107.0330,15.8010,1.000000,0.0625,0.9375
1266,3,53.6854,551.4586,439.8107,67.6736,1.000000,0,1
1266,4,-357.3728,588.3250,113.1496,37.1488,1.000000,0,1
1266,5,830.4387,532.2807,365.1899,88.8935,1.000000,0,1
1266,6,924.8302,581.7172,215.5995,25.0738,1.000000,1,0
1267,1,307.0548,585.3751,54.9193,27.6997,1.000000,1,0
1267,2,459.5308,580.1527,107.0195,15.7976,1.000000,0.1875,0.8125
1267,3,54.0832,551.4271,439.8222,67.6764,1.000000,0,1
1267,4,-358.1762,588.3498,113.1517,37.1409,1.000000,0,1
1267,5,830.6599,532.3177,365.2692,88.9036,1.000000,0,1
1267,6,925.4390,581.6968,215.6949,25.0765,1.000000,1,0
1268,1,306.4633,585.3381,54.9268,27.6939,1.000000,1,0
1268,2,458.9485,580.1118,107.0061,15.7942,1.000000,0.125,0.875
1268,3,54.4835,551.3926,439.8321,67.6789,1.000000,0,1
1268,4,-358.9758,588.3743,113.1538,37.1329,1.000000,0,1
1268,5,830.8821,532.3554,365.3486,88.9137,1.000000,0,1
1268,6,926.0483,581.6750,215.7906,25.0793,1.000000,1,0
1269,1,305.8713,585.3002,54.9346,27.6882,1.000000,1,0
1269,2,458.3646,580.0716,106.9933,15.7908,1.000000,0.125,0.875
1269,3,54.8850,551.3559,439.8413,67.6813,1.000000,0,1
1269,4,-359.7685,588.3969,113.1547,37.1245,1.000000,0,1
1269,5,831.1049,532.3935,365.4279,88.9237,1.000000,0,1
1269,6,926.6583,581.6516,215.8867,25.0821,1.000000,1,0
1270,1,305.2798,585.2621,54.9424,27.6825,1.000000,1,0
1270,2,457.7792,580.0325,106.9809,15.7876,1.000000,0.25,0.75
1270,3,55.2868,551.3174,439.8503,67.6835,1.000000,0,1
1270,4,-360.5527,588.4150,113.1543,37.1156,1.000000,0,1
1270,5,831.3281,532.4319,365.5068,88.9337,1.000000,0,1
1270,6,927.2692,581.6266,215.9830,25.0848,1.000000,1,0
1271,1,304.6884,585.2222,54.9502,27.6768,1.000000,1,0
1271,2,457.1924,579.9946,106.9688,15.7844,1.000000,0.1875,0.8125
1271,3,55.6893,551.2764,439.8586,67.6855,1.000000,0,1
1271,4,-361.3290,588.4310,113.1532,37.1062,1.000000,0,1
1271,5,831.5524,532.4711,365.5861,88.9437,1.000000,0,1
1271,6,927.8815,581.6008,216.0800,25.0877,1.000000,1,0
1272,1,304.0977,585.1814,54.9582,27.6711,1.000000,1,0
1272,2,456.6043,579.9580,106.9573,15.7812,1.000000,0.25,0.75
1272,3,56.0914,551.2335,439.8671,67.6875,1.000000,0,1
1272,4,-362.0972,588.4432,113.1508,37.0963,1.000000,0,1
1272,5,831.7772,532.5109,365.6653,88.9536,1.000000,0,1
1272,6,928.4949,581.5743,216.1774,25.0905,1.000000,1,0
1273,1,303.5079,585.1409,54.9661,27.6656,1.000000,1,0
1273,2,456.0153,579.9230,106.9462,15.7782,1.000000,0.25,0.75
1273,3,56.4924,551.1891,439.8760,67.6895,1.000000,0,1
1273,4,-362.8579,588.4499,113.1477,37.0858,1.000000,0,1
1273,5,832.0026,532.5509,365.7441,88.9636,1.000000,0,1
1273,6,929.1094,581.5471,216.2751,25.0933,1.000000,1,0
1274,1,302.9179,585.0981,54.9744,27.6599,1.000000,1,0
1274,2,455.4253,579.8897,106.9355,15.7753,1.000000,0.1875,0.8125
1274,3,56.8928,551.1428,439.8851,67.6914,1.000000,0,1
1274,4,-363.6108,588.4514,113.1435,37.0747,1.000000,0,1
1274,5,832.2287,532.5917,365.8235,88.9735,1.000000,0,1
1274,6,929.7249,581.5197,216.3733,25.0962,1.000000,1,0
1275,1,302.3282,585.0548,54.9826,27.6543,1.000000,1,0
1275,2,454.8341,579.8582,106.9256,15.7724,1.000000,0.25,0.75
1275,3,57.2917,551.0953,439.8949,67.6935,1.000000,0,1
1275,4,-364.3571,588.4473,113.1383,37.0629,1.000000,0,1
1275,5,832.4556,532.6331,365.9027,88.9834,1.000000,0,1
1275,6,930.3412,581.4918,216.4717,25.0991,1.000000,1,0
1276,1,301.7392,585.0122,54.9908,27.6486,1.000000,1,0
1276,2,454.2424,579.8287,106.9160,15.7696,1.000000,0.3125,0.6875
1276,3,57.6882,551.0472,439.9061,67.6958,1.000000,0,1
1276,4,-365.0975,588.4374,113.1326,37.0506,1.000000,0,1
1276,5,832.6828,532.6745,365.9818,88.9934,1.000000,0,1
1276,6,930.9582,581.4634,216.5704,25.1020,1.000000,1,0
1277,1,301.1500,584.9680,54.9991,27.6430,1.000000,1,0
1277,2,453.6497,579.8018,106.9072,15.7670,1.000000,0.0625,0.9375
1277,3,58.0830,550.9976,439.9180,67.6981,1.000000,0,1
1277,4,-365.8321,588.4208,113.1261,37.0377,1.000000,0,1
1277,5,832.9109,532.7167,366.0613,89.0033,1.000000,0,1
1277,6,931.5759,581.4352,216.6697,25.1050,1.000000,1,0
1278,1,300.5613,584.9240,55.0072,27.6373,1.000000,1,0
1278,2,453.0563,579.7771,106.8989,15.7645,1.000000,0.375,0.625
1278,3,58.4750,550.9472,439.9313,67.7006,1.000000,0,1
1278,4,-366.5614,588.3980,113.1188,37.0241,1.000000,0,1
1278,5,833.1397,532.7594,366.1408,89.0134,1.000000,0,1
1278,6,932.1943,581.4070,216.7693,25.1080,1.000000,1,0
1279,1,299.9734,584.8812,55.0154,27.6317,1.000000,1,0
1279,2,452.4622,579.7546,106.8913,15.7621,1.000000,0.1875,0.8125
1279,3,58.8646,550.8970,439.9460,67.7033,1.000000,0,1
1279,4,-367.2859,588.3693,113.1111,37.0100,1.000000,0,1
1279,5,833.3689,532.8026,366.2205,89.0234,1.000000,0,1
1279,6,932.8134,581.3784,216.8690,25.1109,1.000000,1,0
1280,1,299.3864,584.8376,55.0235,27.6261,1.000000,1,0
1280,2,451.8663,579.7351,106.8842,15.7598,1.000000,0.375,0.625
1280,3,59.2512,550.8459,439.9623,67.7063,1.000000,0,1
1280,4,-368.0084,588.3337,113.1033,36.9954,1.000000,0,1
1280,5,833.5991,532.8466,366.3007,89.0336,1.000000,0,1
1280,6,933.4332,581.3505,216.9692,25.1140,1.000000,1,0
1281,1,298.8004,584.7944,55.0315,27.6205,1.000000,1,0
1281,2,451.2684,579.7188,106.8779,15.7576,1.000000,0.25,0.75
1281,3,59.6351,550.7951,439.9799,67.7095,1.000000,0,1
1281,4,-368.7279,588.2922,113.0952,36.9802,1.000000,0,1
1281,5,833.8297,532.8912,366.3813,89.0438,1.000000,0,1
1281,6,934.0538,581.3229,217.0697,25.1171,1.000000,1,0
1282,1,298.2157,584.7527,55.0394,27.6147,1.000000,1,0
1282,2,450.6692,579.7062,106.8721,15.7555,1.000000,0.375,0.625
1282,3,60.0159,550.7452,439.9994,67.7131,1.000000,0,1
1282,4,-369.4444,588.2451,113.0869,36.9646,1.000000,0,1
1282,5,834.0606,532.9359,366.4616,89.0540,1.000000,0,1
1282,6,934.6756,581.2953,217.1708,25.1202,1.000000,1,0
1283,1,297.6318,584.7103,55.0472,27.6091,1.000000,1,0
1283,2,450.0690,579.6987,106.8669,15.7536,1.000000,0.25,0.75
1283,3,60.3932,550.6954,440.0209,67.7170,1.000000,0,1
1283,4,-370.1601,588.1899,113.0785,36.9486,1.000000,0,1
1283,5,834.2925,532.9816,366.5424,89.0642,1.000000,0,1
1283,6,935.2997,581.2679,217.2728,25.1233,1.000000,1,0
1284,1,297.0490,584.6683,55.0549,27.6033,1.000000,1,0
1284,2,449.4680,579.6960,106.8623,15.7518,1.000000,0.125,0.875
1284,3,60.7674,550.6471,440.0442,67.7212,1.000000,0,1
1284,4,-370.8749,588.1282,113.0707,36.9321,1.000000,0,1
1284,5,834.5247,533.0276,366.6235,89.0746,1.000000,0,1
1284,6,935.9258,581.2416,217.3751,25.1266,1.000000,1,0
1285,1,296.4676,584.6276,55.0625,27.5976,1.000000,1,0
1285,2,448.8662,579.6981,106.8581,15.7501,1.000000,0.25,0.75
1285,3,61.1378,550.6012,440.0698,67.7259,1.000000,0,1
1285,4,-371.5899,588.0610,113.0627,36.9153,1.000000,0,1
1285,5,834.7574,533.0735,366.7049,89.0850,1.000000,0,1
1285,6,936.5533,581.2171,217.4783,25.1299,1.000000,1,0
1286,1,295.8871,584.5858,55.0699,27.5918,1.000000,1,0
1286,2,448.2635,579.7058,106.8544,15.7485,1.000000,0.4375,0.5625
1286,3,61.5057,550.5568,440.0970,67.7310,1.000000,0,1
1286,4,-372.3071,587.9845,113.0554,36.8980,1.000000,0,1
1286,5,834.9908,533.1204,366.7870,89.0955,1.000000,0,1
1286,6,937.1821,581.1957,217.5822,25.1333,1.000000,1,0
1287,1,295.3079,584.5441,55.0772,27.5859,1.000000,1,0
1287,2,447.6604,579.7186,106.8510,15.7470,1.000000,0.375,0.625
1287,3,61.8702,550.5149,440.1264,67.7364,1.000000,0,1
1287,4,-373.0253,587.9009,113.0483,36.8803,1.000000,0,1
1287,5,835.2247,533.1673,366.8694,89.1061,1.000000,0,1
1287,6,937.8120,581.1768,217.6866,25.1368,1.000000,1,0
1288,1,294.7303,584.5034,55.0844,27.5801,1.000000,1,0
1288,2,447.0569,579.7362,106.8480,15.7456,1.000000,0.4375,0.5625
1288,3,62.2317,550.4766,440.1576,67.7424,1.000000,0,1
1288,4,-373.7448,587.8119,113.0415,36.8623,1.000000,0,1
1288,5,835.4589,533.2139,366.9518,89.1168,1.000000,0,1
1288,6,938.4429,581.1597,217.7913,25.1403,1.000000,1,0
1289,1,294.1536,584.4613,55.0915,27.5741,1.000000,1,0
1289,2,446.4531,579.7596,106.8450,15.7443,1.000000,0.5,0.5
1289,3,62.5905,550.4412,440.1909,67.7487,1.000000,0,1
1289,4,-374.4681,587.7131,113.0354,36.8437,1.000000,0,1
1289,5,835.6939,533.2611,367.0351,89.1276,1.000000,0,1
1289,6,939.0748,581.1452,217.8969,25.1440,1.000000,1,0
1290,1,293.5778,584.4192,55.0985,27.5681,1.000000,1,0
1290,2,445.8490,579.7876,106.8422,15.7430,1.000000,0.3125,0.6875
1290,3,62.9468,550.4095,440.2260,67.7556,1.000000,0,1
1290,4,-375.1935,587.6073,113.0295,36.8248,1.000000,0,1
1290,5,835.9294,533.3082,367.1188,89.1384,1.000000,0,1
1290,6,939.7076,581.1327,218.0031,25.1478,1.000000,1,0
1291,1,293.0031,584.3777,55.1055,27.5621,1.000000,1,0
1291,2,445.2448,579.8194,106.8394,15.7417,1.000000,0.3125,0.6875
1291,3,63.3001,550.3831,440.2633,67.7629,1.000000,0,1
1291,4,-375.9208,587.4969,113.0243,36.8056,1.000000,0,1
1291,5,836.1654,533.3547,367.2030,89.1493,1.000000,0,1
1291,6,940.3415,581.1216,218.1097,25.1515,1.000000,1,0
1292,1,292.4287,584.3347,55.1123,27.5561,1.000000,1,0
1292,2,444.6406,579.8559,106.8365,15.7405,1.000000,0.3125,0.6875
1292,3,63.6517,550.3608,440.3022,67.7706,1.000000,0,1
1292,4,-376.6526,587.3772,113.0195,36.7859,1.000000,0,1
1292,5,836.4022,533.4011,367.2878,89.1603,1.000000,0,1
1292,6,940.9766,581.1125,218.2172,25.1554,1.000000,1,0
1293,1,291.8549,584.2918,55.1192,27.5501,1.000000,1,0
1293,2,444.0363,579.8958,106.8336,15.7393,1.000000,0.125,0.875
1293,3,64.0017,550.3430,440.3427,67.7789,1.000000,0,1
1293,4,-377.3879,587.2517,113.0153,36.7660,1.000000,0,1
1293,5,836.6395,533.4471,367.3730,89.1714,1.000000,0,1
1293,6,941.6127,581.1049,218.3254,25.1594,1.000000,1,0
1294,1,291.2814,584.2501,55.1261,27.5441,1.000000,1,0
1294,2,443.4321,579.9379,106.8303,15.7380,1.000000,0.625,0.375
1294,3,64.3502,550.3306,440.3849,67.7875,1.000000,0,1
1294,4,-378.1264,587.1235,113.0116,36.7461,1.000000,0,1
1294,5,836.8774,533.4924,367.4588,89.1826,1.000000,0,1
1294,6,942.2501,581.0983,218.4340,25.1634,1.000000,1,0
1295,1,290.7076,584.2075,55.1333,27.5381,1.000000,1,0
1295,2,442.8278,579.9829,106.8267,15.7367,1.000000,0.25,0.75
1295,3,64.6966,550.3232,440.4293,67.7967,1.000000,0,1
1295,4,-378.8695,586.9868,113.0088,36.7258,1.000000,0,1
1295,5,837.1158,533.5379,367.5453,89.1939,1.000000,0,1
1295,6,942.8885,581.0936,218.5435,25.1675,1.000000,1,0
1296,1,290.1337,584.1655,55.1404,27.5323,1.000000,1,0
1296,2,442.2241,580.0295,106.8227,15.7354,1.000000,0.5625,0.4375
1296,3,65.0410,550.3214,440.4753,67.8065,1.000000,0,1
1296,4,-379.6166,586.8458,113.0065,36.7052,1.000000,0,1
1296,5,837.3542,533.5831,367.6323,89.2053,1.000000,0,1
1296,6,943.5285,581.0903,218.6539,25.1718,1.000000,1,0
1297,1,289.5598,584.1255,55.1477,27.5266,1.000000,1,0
1297,2,441.6214,580.0765,106.8182,15.7340,1.000000,0.375,0.625
1297,3,65.3832,550.3260,440.5231,67.8167,1.000000,0,1
1297,4,-380.3693,586.7038,113.0053,36.6850,1.000000,0,1
1297,5,837.5925,533.6278,367.7190,89.2166,1.000000,0,1
1297,6,944.1702,581.0884,218.7651,25.1761,1.000000,1,0
1298,1,288.9853,584.0854,55.1551,27.5209,1.000000,1,0
1298,2,441.0200,580.1241,106.8135,15.7326,1.000000,0.25,0.75
1298,3,65.7226,550.3367,440.5728,67.8274,1.000000,0,1
1298,4,-381.1278,586.5547,113.0047,36.6644,1.000000,0,1
1298,5,837.8311,533.6728,367.8066,89.2281,1.000000,0,1
1298,6,944.8134,581.0886,218.8774,25.1805,1.000000,1,0
1299,1,288.4102,584.0466,55.1626,27.5154,1.000000,1,0
1299,2,440.4199,580.1715,106.8084,15.7311,1.000000,0.25,0.75
1299,3,66.0598,550.3530,440.6241,67.8386,1.000000,0,1
1299,4,-381.8921,586.4025,113.0051,36.6438,1.000000,0,1
1299,5,838.0698,533.7177,367.8945,89.2397,1.000000,0,1
1299,6,945.4577,581.0913,218.9904,25.1850,1.000000,1,0
1300,1,287.8348,584.0105,55.1703,27.5101,1.000000,1,0
1300,2,439.8212,580.2177,106.8030,15.7296,1.000000,0.375,0.625
1300,3,66.3950,550.3740,440.6768,67.8502,1.000000,0,1
1300,4,-382.6614,586.2507,113.0061,36.6235,1.000000,0,1
1300,5,838.3084,533.7616,367.9825,89.2513,1.000000,0,1
1300,6,946.1029,581.0968,219.1044,25.1897,1.000000,1,0
1301,1,287.2578,583.9751,55.1782,27.5049,1.000000,1,0
1301,2,439.2237,580.2628,106.7973,15.7281,1.000000,0.5625,0.4375
1301,3,66.7275,550.4001,440.7315,67.8624,1.000000,0,1
1301,4,-383.4361,586.0938,113.0081,36.6029,1.000000,0,1
1301,5,838.5471,533.8057,368.0709,89.2630,1.000000,0,1
1301,6,946.7490,581.1066,219.2190,25.1945,1.000000,1,0
1302,1,286.6794,583.9417,55.1863,27.4999,1.000000,1,0
1302,2,438.6275,580.3062,106.7913,15.7264,1.000000,0.625,0.375
1302,3,67.0579,550.4304,440.7877,67.8749,1.000000,0,1
1302,4,-384.2153,585.9360,113.0103,36.5824,1.000000,0,1
1302,5,838.7858,533.8494,368.1593,89.2746,1.000000,0,1
1302,6,947.3959,581.1202,219.3344,25.1994,1.000000,1,0
1303,1,286.0995,583.9115,55.1946,27.4950,1.000000,1,0
1303,2,438.0325,580.3470,106.7850,15.7247,1.000000,0.625,0.375
1303,3,67.3865,550.4644,440.8451,67.8878,1.000000,0,1
1303,4,-384.9998,585.7811,113.0137,36.5624,1.000000,0,1
1303,5,839.0244,533.8923,368.2478,89.2863,1.000000,0,1
1303,6,948.0438,581.1378,219.4506,25.2045,1.000000,1,0
1304,1,285.5177,583.8828,55.2029,27.4903,1.000000,1,0
1304,2,437.4385,580.3862,106.7787,15.7230,1.000000,0.375,0.625
1304,3,67.7130,550.5025,440.9043,67.9011,1.000000,0,1
1304,4,-385.7883,585.6230,113.0170,36.5423,1.000000,0,1
1304,5,839.2631,533.9353,368.3364,89.2980,1.000000,0,1
1304,6,948.6926,581.1610,219.5679,25.2097,1.000000,1,0
1305,1,284.9346,583.8568,55.2114,27.4859,1.000000,1,0
1305,2,436.8453,580.4235,106.7723,15.7213,1.000000,0.5,0.5
1305,3,68.0373,550.5436,440.9650,67.9148,1.000000,0,1
1305,4,-386.5817,585.4658,113.0214,36.5223,1.000000,0,1
1305,5,839.5016,533.9780,368.4250,89.3097,1.000000,0,1
1305,6,949.3425,581.1891,219.6857,25.2150,1.000000,1,0
1306,1,284.3508,583.8344,55.2202,27.4816,1.000000,1,0
1306,2,436.2531,580.4585,106.7656,15.7194,1.000000,0.3125,0.6875
1306,3,68.3601,550.5872,441.0271,67.9287,1.000000,0,1
1306,4,-387.3815,585.3130,113.0267,36.5030,1.000000,0,1
1306,5,839.7401,534.0200,368.5131,89.3211,1.000000,0,1
1306,6,949.9936,581.2218,219.8043,25.2204,1.000000,1,0
1307,1,283.7656,583.8144,55.2288,27.4774,1.000000,1,0
1307,2,435.6611,580.4919,106.7591,15.7176,1.000000,0.5625,0.4375
1307,3,68.6811,550.6332,441.0908,67.9431,1.000000,0,1
1307,4,-388.1847,585.1582,113.0322,36.4836,1.000000,0,1
1307,5,839.9784,534.0616,368.6012,89.3326,1.000000,0,1
1307,6,950.6459,581.2607,219.9231,25.2259,1.000000,1,0
1308,1,283.1794,583.7970,55.2377,27.4734,1.000000,1,0
1308,2,435.0694,580.5237,106.7525,15.7159,1.000000,0.6875,0.3125
1308,3,69.0010,550.6813,441.1556,67.9577,1.000000,0,1
1308,4,-388.9921,585.0050,113.0383,36.4645,1.000000,0,1
1308,5,840.2167,534.1027,368.6888,89.3440,1.000000,0,1
1308,6,951.2994,581.3049,220.0424,25.2316,1.000000,1,0
1309,1,282.5924,583.7827,55.2466,27.4697,1.000000,1,0
1309,2,434.4781,580.5537,106.7459,15.7141,1.000000,0.625,0.375
1309,3,69.3203,550.7306,441.2210,67.9725,1.000000,0,1
1309,4,-389.8048,584.8570,113.0453,36.4459,1.000000,0,1
1309,5,840.4544,534.1431,368.7758,89.3552,1.000000,0,1
1309,6,951.9540,581.3538,220.1620,25.2374,1.000000,1,0
1310,1,282.0043,583.7710,55.2556,27.4659,1.000000,1,0
1310,2,433.8861,580.5828,106.7394,15.7122,1.000000,0.8125,0.1875
1310,3,69.6388,550.7813,441.2877,67.9875,1.000000,0,1
1310,4,-390.6212,584.7083,113.0528,36.4274,1.000000,0,1
1310,5,840.6920,534.1829,368.8623,89.3662,1.000000,0,1
1310,6,952.6100,581.4088,220.2819,25.2431,1.000000,1,0
1311,1,281.4158,583.7615,55.2645,27.4624,1.000000,1,0
1311,2,433.2939,580.6109,106.7329,15.7104,1.000000,0.8125,0.1875
1311,3,69.9569,550.8330,441.3550,68.0027,1.000000,0,1
1311,4,-391.4418,584.5623,113.0607,36.4093,1.000000,0,1
1311,5,840.9291,534.2216,368.9481,89.3771,1.000000,0,1
1311,6,953.2673,581.4684,220.4016,25.2490,1.000000,1,0
1312,1,280.8270,583.7542,55.2735,27.4589,1.000000,1,0
1312,2,432.7016,580.6378,106.7264,15.7085,1.000000,0.6875,0.3125
1312,3,70.2752,550.8848,441.4225,68.0179,1.000000,0,1
1312,4,-392.2682,584.4230,113.0693,36.3919,1.000000,0,1
1312,5,841.1658,534.2585,369.0332,89.3877,1.000000,0,1
1312,6,953.9255,581.5318,220.5216,25.2548,1.000000,1,0
1313,1,280.2376,583.7493,55.2824,27.4555,1.000000,1,0
1313,2,432.1092,580.6646,106.7199,15.7067,1.000000,0.4375,0.5625
1313,3,70.5943,550.9371,441.4905,68.0332,1.000000,0,1
1313,4,-393.0974,584.2850,113.0785,36.3746,1.000000,0,1
1313,5,841.4019,534.2945,369.1178,89.3982,1.000000,0,1
1313,6,954.5839,581.6011,220.6410,25.2607,1.000000,1,0
1314,1,279.6478,583.7462,55.2914,27.4522,1.000000,1,0
1314,2,431.5171,580.6909,106.7135,15.7049,1.000000,0.6875,0.3125
1314,3,70.9145,550.9893,441.5583,68.0486,1.000000,0,1
1314,4,-393.9298,584.1519,113.0880,36.3577,1.000000,0,1
1314,5,841.6373,534.3289,369.2018,89.4085,1.000000,0,1
1314,6,955.2424,581.6742,220.7601,25.2667,1.000000,1,0
1315,1,279.0578,583.7446,55.3004,27.4489,1.000000,1,0
1315,2,430.9254,580.7159,106.7071,15.7031,1.000000,0.625,0.375
1315,3,71.2364,551.0405,441.6254,68.0637,1.000000,0,1
1315,4,-394.7677,584.0271,113.0981,36.3417,1.000000,0,1
1315,5,841.8720,534.3611,369.2845,89.4184,1.000000,0,1
1315,6,955.9010,581.7485,220.8783,25.2724,1.000000,1,0
1316,1,278.4680,583.7451,55.3093,27.4458,1.000000,1,0
1316,2,430.3337,580.7404,106.7006,15.7012,1.000000,0.5625,0.4375
1316,3,71.5601,551.0919,441.6924,68.0788,1.000000,0,1
1316,4,-395.6071,583.9061,113.1086,36.3260,1.000000,0,1
1316,5,842.1058,534.3912,369.3663,89.4281,1.000000,0,1
1316,6,956.5594,581.8248,220.9961,25.2783,1.000000,1,0
1317,1,277.8785,583.7471,55.3182,27.4427,1.000000,1,0
1317,2,429.7421,580.7639,106.6942,15.6994,1.000000,0.4375,0.5625
1317,3,71.8862,551.1426,441.7583,68.0938,1.000000,0,1
1317,4,-396.4493,583.7914,113.1194,36.3109,1.000000,0,1
1317,5,842.3387,534.4189,369.4473,89.4374,1.000000,0,1
1317,6,957.2180,581.9016,221.1135,25.2840,1.000000,1,0
1318,1,277.2892,583.7505,55.3270,27.4397,1.000000,1,0
1318,2,429.1510,580.7858,106.6876,15.6975,1.000000,0.75,0.25
1318,3,72.2146,551.1917,441.8230,68.1085,1.000000,0,1
1318,4,-397.2958,583.6852,113.1311,36.2966,1.000000,0,1
1318,5,842.5707,534.4437,369.5272,89.4465,1.000000,0,1
1318,6,957.8766,581.9772,221.2300,25.2897,1.000000,1,0
1319,1,276.7000,583.7559,55.3361,27.4367,1.000000,1,0
1319,2,428.5598,580.8063,106.6810,15.6956,1.000000,0.75,0.25
1319,3,72.5455,551.2401,441.8867,68.1230,1.000000,0,1
1319,4,-398.1421,583.5841,113.1426,36.2826,1.000000,0,1
1319,5,842.8015,534.4655,369.6063,89.4552,1.000000,0,1
1319,6,958.5354,582.0529,221.3464,25.2952,1.000000,1,0
1320,1,276.1109,583.7626,55.3450,27.4340,1.000000,1,0
1320,2,427.9687,580.8254,106.6744,15.6937,1.000000,0.6875,0.3125
1320,3,72.8792,551.2871,441.9484,68.1372,1.000000,0,1
1320,4,-398.9900,583.4897,113.1544,36.2691,1.000000,0,1
1320,5,843.0313,534.4841,369.6847,89.4637,1.000000,0,1
1320,6,959.1944,582.1276,221.4630,25.3008,1.000000,1,0
1321,1,275.5220,583.7707,55.3540,27.4312,1.000000,1,0
1321,2,427.3779,580.8426,106.6679,15.6917,1.000000,0.6875,0.3125
1321,3,73.2162,551.3320,442.0081,68.1508,1.000000,0,1
1321,4,-399.8390,583.4037,113.1664,36.2564,1.000000,0,1
1321,5,843.2598,534.4994,369.7617,89.4717,1.000000,0,1
1321,6,959.8536,582.2005,221.5797,25.3064,1.000000,1,0
1322,1,274.9336,583.7811,55.3630,27.4286,1.000000,1,0
1322,2,426.7873,580.8579,106.6611,15.6898,1.000000,0.875,0.125
1322,3,73.5577,551.3741,442.0655,68.1641,1.000000,0,1
1322,4,-400.6865,583.3240,113.1783,36.2441,1.000000,0,1
1322,5,843.4868,534.5110,369.8374,89.4794,1.000000,0,1
1322,6,960.5128,582.2728,221.6960,25.3120,1.000000,1,0
1323,1,274.3454,583.7933,55.3721,27.4261,1.000000,1,0
1323,2,426.1970,580.8715,106.6542,15.6878,1.000000,0.8125,0.1875
1323,3,73.9036,551.4129,442.1205,68.1769,1.000000,0,1
1323,4,-401.5338,583.2513,113.1902,36.2323,1.000000,0,1
1323,5,843.7125,534.5191,369.9125,89.4867,1.000000,0,1
1323,6,961.1721,582.3441,221.8126,25.3176,1.000000,1,0
1324,1,273.7574,583.8067,55.3811,27.4237,1.000000,1,0
1324,2,425.6074,580.8831,106.6472,15.6858,1.000000,0.75,0.25
1324,3,74.2536,551.4476,442.1729,68.1890,1.000000,0,1
1324,4,-402.3804,583.1871,113.2017,36.2210,1.000000,0,1
1324,5,843.9373,534.5231,369.9863,89.4936,1.000000,0,1
1324,6,961.8314,582.4134,221.9291,25.3231,1.000000,1,0
1325,1,273.1696,583.8230,55.3903,27.4214,1.000000,1,0
1325,2,425.0189,580.8925,106.6404,15.6838,1.000000,0.8125,0.1875
1325,3,74.6084,551.4786,442.2226,68.2006,1.000000,0,1
1325,4,-403.2254,583.1302,113.2131,36.2102,1.000000,0,1
1325,5,844.1607,534.5229,370.0594,89.5003,1.000000,0,1
1325,6,962.4907,582.4822,222.0460,25.3286,1.000000,1,0
1326,1,272.5824,583.8417,55.3996,27.4194,1.000000,1,0
1326,2,424.4318,580.8999,106.6334,15.6817,1.000000,0.75,0.25
1326,3,74.9675,551.5052,442.2695,68.2115,1.000000,0,1
1326,4,-404.0692,583.0806,113.2241,36.1998,1.000000,0,1
1326,5,844.3831,534.5189,370.1316,89.5065,1.000000,0,1
1326,6,963.1501,582.5502,222.1635,25.3342,1.000000,1,0
1327,1,271.9952,583.8623,55.4090,27.4174,1.000000,1,0
1327,2,423.8460,580.9055,106.6265,15.6797,1.000000,0.8125,0.1875
1327,3,75.3315,551.5265,442.3132,68.2218,1.000000,0,1
1327,4,-404.9108,583.0388,113.2349,36.1899,1.000000,0,1
1327,5,844.6044,534.5112,370.2026,89.5123,1.000000,0,1
1327,6,963.8099,582.6169,222.2815,25.3399,1.000000,1,0
1328,1,271.4091,583.8866,55.4182,27.4156,1.000000,1,0
1328,2,423.2610,580.9089,106.6197,15.6776,1.000000,0.9375,0.0625
1328,3,75.7007,551.5428,442.3539,68.2313,1.000000,0,1
1328,4,-405.7458,583.0046,113.2446,36.1803,1.000000,0,1
1328,5,844.8245,534.4993,370.2724,89.5178,1.000000,0,1
1328,6,964.4697,582.6832,222.4001,25.3455,1.000000,1,0
1329,1,270.8231,583.9131,55.4277,27.4140,1.000000,1,0
1329,2,422.6764,580.9105,106.6129,15.6756,1.000000,0.75,0.25
1329,3,76.0745,551.5539,442.3916,68.2402,1.000000,0,1
1329,4,-406.5774,582.9772,113.2540,36.1711,1.000000,0,1
1329,5,845.0438,534.4836,370.3413,89.5229,1.000000,0,1
1329,6,965.1299,582.7487,222.5190,25.3513,1.000000,1,0
1330,1,270.2369,583.9410,55.4370,27.4124,1.000000,1,0
1330,2,422.0924,580.9105,106.6061,15.6735,1.000000,0.875,0.125
1330,3,76.4536,551.5593,442.4257,68.2482,1.000000,0,1
1330,4,-407.4070,582.9564,113.2632,36.1625,1.000000,0,1
1330,5,845.2623,534.4644,370.4095,89.5277,1.000000,0,1
1330,6,965.7904,582.8136,222.6388,25.3571,1.000000,1,0
1331,1,269.6513,583.9724,55.4465,27.4111,1.000000,1,0
1331,2,421.5084,580.9087,106.5994,15.6714,1.000000,0.875,0.125
1331,3,76.8380,551.5592,442.4562,68.2556,1.000000,0,1
1331,4,-408.2282,582.9413,113.2718,36.1539,1.000000,0,1
1331,5,845.4799,534.4412,370.4766,89.5320,1.000000,0,1
1331,6,966.4513,582.8759,222.7594,25.3661,1.000000,1,0
1332,1,269.0653,584.0060,55.4561,27.4098,1.000000,1,0
1332,2,420.9248,580.9056,106.5926,15.6693,1.000000,0.8125,0.1875
1332,3,77.2268,551.5537,442.4839,68.2621,1.000000,0,1
1332,4,-409.0437,582.9309,113.2793,36.1456,1.000000,0,1
1332,5,845.6969,534.4149,370.5422,89.5360,1.000000,0,1
1332,6,967.1127,582.9352,222.8807,25.3780,1.000000,1,0
1333,1,268.4789,584.0404,55.4656,27.4086,1.000000,1,0
1333,2,420.3419,580.9017,106.5859,15.6672,1.000000,0.75,0.25
1333,3,77.6206,551.5431,442.5083,68.2680,1.000000,0,1
1333,4,-409.8566,582.9255,113.2867,36.1376,1.000000,0,1
1333,5,845.9135,534.3859,370.6073,89.5396,1.000000,0,1
1333,6,967.7748,582.9943,223.0027,25.3900,1.000000,1,0
1334,1,267.8929,584.0780,55.4750,27.4075,1.000000,1,0
1334,2,419.7589,580.8970,106.5791,15.6651,1.000000,0.9375,0.0625
1334,3,78.0194,551.5275,442.5290,68.2731,1.000000,0,1
1334,4,-410.6622,582.9250,113.2932,36.1297,1.000000,0,1
1334,5,846.1295,534.3540,370.6712,89.5429,1.000000,0,1
1334,6,968.4372,583.0542,223.1251,25.4022,1.000000,1,0
1335,1,267.3072,584.1174,55.4844,27.4065,1.000000,1,0
1335,2,419.1761,580.8921,106.5724,15.6630,1.000000,0.9375,0.0625
1335,3,78.4224,551.5067,442.5468,68.2775,1.000000,0,1
1335,4,-411.4642,582.9281,113.2994,36.1221,1.000000,0,1
1335,5,846.3455,534.3199,370.7341,89.5458,1.000000,0,1
1335,6,969.1000,583.1144,223.2479,25.4144,1.000000,1,0
1336,1,266.7217,584.1576,55.4938,27.4055,1.000000,1,0
1336,2,418.5940,580.8871,106.5657,15.6609,1.000000,0.8125,0.1875
1336,3,78.8298,551.4805,442.5613,68.2812,1.000000,0,1
1336,4,-412.2654,582.9345,113.3054,36.1146,1.000000,0,1
1336,5,846.5614,534.2841,370.7966,89.5485,1.000000,0,1
1336,6,969.7632,583.1741,223.3708,25.4265,1.000000,1,0
1337,1,266.1371,584.2006,55.5031,27.4046,1.000000,1,0
1337,2,418.0121,580.8822,106.5588,15.6588,1.000000,0.8125,0.1875
1337,3,79.2419,551.4490,442.5728,68.2842,1.000000,0,1
1337,4,-413.0598,582.9449,113.3111,36.1073,1.000000,0,1
1337,5,846.7773,534.2463,370.8577,89.5509,1.000000,0,1
1337,6,970.4265,583.2344,223.4939,25.4388,1.000000,1,0
1338,1,265.5530,584.2450,55.5123,27.4037,1.000000,1,0
1338,2,417.4308,580.8774,106.5520,15.6567,1.000000,0.75,0.25
1338,3,79.6581,551.4129,442.5814,68.2865,1.000000,0,1
1338,4,-413.8505,582.9580,113.3162,36.1001,1.000000,0,1
1338,5,846.9934,534.2074,370.9182,89.5530,1.000000,0,1
1338,6,971.0901,583.2942,223.6171,25.4510,1.000000,1,0
1339,1,264.9696,584.2896,55.5215,27.4028,1.000000,1,0
1339,2,416.8500,580.8729,106.5450,15.6545,1.000000,0.8125,0.1875
1339,3,80.0784,551.3727,442.5870,68.2882,1.000000,0,1
1339,4,-414.6396,582.9736,113.3211,36.0931,1.000000,0,1
1339,5,847.2101,534.1682,370.9781,89.5550,1.000000,0,1
1339,6,971.7538,583.3526,223.7401,25.4630,1.000000,1,0
1340,1,264.3875,584.3366,55.5303,27.4020,1.000000,1,0
1340,2,416.2697,580.8686,106.5381,15.6525,1.000000,0.9375,0.0625
1340,3,80.5017,551.3276,442.5905,68.2893,1.000000,0,1
1340,4,-415.4230,582.9922,113.3256,36.0862,1.000000,0,1
1340,5,847.4271,534.1284,371.0372,89.5567,1.000000,0,1
1340,6,972.4173,583.4106,223.8631,25.4750,1.000000,1,0
1341,1,263.8058,584.3848,55.5393,27.4011,1.000000,1,0
1341,2,415.6902,580.8646,106.5311,15.6503,1.000000,0.8125,0.1875
1341,3,80.9279,551.2784,442.5917,68.2900,1.000000,0,1
1341,4,-416.2041,583.0129,113.3297,36.0794,1.000000,0,1
1341,5,847.6447,534.0887,371.0955,89.5581,1.000000,0,1
1341,6,973.0806,583.4676,223.9858,25.4868,1.000000,1,0
1342,1,263.2252,584.4329,55.5482,27.4003,1.000000,1,0
1342,2,415.1114,580.8608,106.5240,15.6482,1.000000,0.8125,0.1875
1342,3,81.3573,551.2258,442.5908,68.2901,1.000000,0,1
1342,4,-416.9855,583.0363,113.3339,36.0728,1.000000,0,1
1342,5,847.8630,534.0494,371.1532,89.5594,1.000000,0,1
1342,6,973.7436,583.5228,224.1086,25.4985,1.000000,1,0
1343,1,262.6458,584.4830,55.5566,27.3995,1.000000,1,0
1343,2,414.5328,580.8571,106.5170,15.6461,1.000000,0.8125,0.1875
1343,3,81.7895,551.1696,442.5878,68.2898,1.000000,0,1
1343,4,-417.7640,583.0625,113.3379,36.0663,1.000000,0,1
1343,5,848.0820,534.0106,371.2104,89.5605,1.000000,0,1
1343,6,974.4062,583.5767,224.2308,25.5099,1.000000,1,0
1344,1,262.0673,584.5340,55.5653,27.3986,1.000000,1,0
1344,2,413.9542,580.8535,106.5098,15.6439,1.000000,0.75,0.25
1344,3,82.2232,551.1101,442.5836,68.2892,1.000000,0,1
1344,4,-418.5428,583.0906,113.3421,36.0602,1.000000,0,1
1344,5,848.3020,533.9725,371.2666,89.5615,1.000000,0,1
1344,6,975.0684,583.6288,224.3529,25.5211,1.000000,1,0
1345,1,261.4900,584.5846,55.5735,27.3976,1.000000,1,0
1345,2,413.3758,580.8502,106.5027,15.6418,1.000000,0.9375,0.0625
1345,3,82.6590,551.0477,442.5781,68.2882,1.000000,0,1
1345,4,-419.3233,583.1196,113.3466,36.0541,1.000000,0,1
1345,5,848.5228,533.9359,371.3229,89.5624,1.000000,0,1
1345,6,975.7301,583.6785,224.4751,25.5320,1.000000,1,0
1346,1,260.9139,584.6372,55.5817,27.3967,1.000000,1,0
1346,2,412.7974,580.8475,106.4956,15.6396,1.000000,0.9375,0.0625
1346,3,83.0968,550.9821,442.5710,68.2868,1.000000,0,1
1346,4,-420.1019,583.1511,113.3511,36.0481,1.000000,0,1
1346,5,848.7445,533.9003,371.3785,89.5632,1.000000,0,1
1346,6,976.3913,583.7261,224.5967,25.5427,1.000000,0.9375,0.0625
1347,1,260.3389,584.6904,55.5896,27.3957,1.000000,1,0
1347,2,412.2191,580.8453,106.4885,15.6375,1.000000,0.9375,0.0625
1347,3,83.5357,550.9139,442.5631,68.2853,1.000000,0,1
1347,4,-420.8795,583.1840,113.3554,36.0423,1.000000,0,1
1347,5,848.9668,533.8663,371.4336,89.5639,1.000000,0,1
1347,6,977.0520,583.7715,224.7184,25.5531,1.000000,0.9375,0.0625
1348,1,259.7643,584.7427,55.5973,27.3946,1.000000,1,0
1348,2,411.6406,580.8436,106.4813,15.6354,1.000000,0.9375,0.0625
1348,3,83.9752,550.8439,442.5548,68.2836,1.000000,0,1
1348,4,-421.6574,583.2181,113.3597,36.0365,1.000000,0,1
1348,5,849.1896,533.8342,371.4885,89.5647,1.000000,0,1
1348,6,977.7126,583.8145,224.8401,25.5632,1.000000,1,0
1349,1,259.1912,584.7973,55.6050,27.3936,1.000000,1,0
1349,2,411.0623,580.8428,106.4742,15.6333,1.000000,1,0
1349,3,84.4152,550.7717,442.5458,68.2816,1.000000,0,1
1349,4,-422.4338,583.2551,113.3641,36.0311,1.000000,0,1
1349,5,849.4128,533.8038,371.5432,89.5655,1.000000,0,1
1349,6,978.3728,583.8560,224.9619,25.5731,1.000000,0.9375,0.0625
1350,1,258.6190,584.8524,55.6123,27.3925,1.000000,1,0
1350,2,410.4840,580.8427,106.4672,15.6312,1.000000,0.8125,0.1875
1350,3,84.8548,550.6980,442.5365,68.2796,1.000000,0,1
1350,4,-423.2096,583.2939,113.3681,36.0257,1.000000,0,1
1350,5,849.6362,533.7750,371.5973,89.5661,1.000000,0,1
1350,6,979.0329,583.8959,225.0838,25.5830,1.000000,1,0
1351,1,258.0482,584.9060,55.6195,27.3911,1.000000,1,0
1351,2,409.9055,580.8429,106.4602,15.6291,1.000000,1,0
1351,3,85.2927,550.6236,442.5278,68.2777,1.000000,0,1
1351,4,-423.9861,583.3341,113.3727,36.0204,1.000000,0,1
1351,5,849.8597,533.7477,371.6514,89.5669,1.000000,0,1
1351,6,979.6930,583.9341,225.2062,25.5926,1.000000,1,0
1352,1,257.4794,584.9618,55.6263,27.3898,1.000000,1,0
1352,2,409.3271,580.8442,106.4532,15.6270,1.000000,1,0
1352,3,85.7294,550.5480,442.5190,68.2757,1.000000,0,1
1352,4,-424.7601,583.3770,113.3768,36.0152,1.000000,0,1
1352,5,850.0836,533.7224,371.7053,89.5676,1.000000,0,1
1352,6,980.3529,583.9719,225.3285,25.6022,1.000000,1,0
1353,1,256.9121,585.0176,55.6329,27.3883,1.000000,1,0
1353,2,408.7485,580.8462,106.4462,15.6249,1.000000,1,0
1353,3,86.1645,550.4718,442.5105,68.2737,1.000000,0,1
1353,4,-425.5330,583.4219,113.3805,36.0103,1.000000,0,1
1353,5,850.3074,533.6985,371.7594,89.5685,1.000000,0,1
1353,6,981.0131,584.0089,225.4512,25.6117,1.000000,1,0
1354,1,256.3459,585.0717,55.6393,27.3867,1.000000,1,0
1354,2,408.1698,580.8486,106.4393,15.6229,1.000000,1,0
1354,3,86.5970,550.3958,442.5033,68.2719,1.000000,0,1
1354,4,-426.3046,583.4683,113.3843,36.0053,1.000000,0,1
1354,5,850.5313,533.6758,371.8135,89.5694,1.000000,0,1
1354,6,981.6735,584.0451,225.5742,25.6212,1.000000,1,0
1355,1,255.7820,585.1278,55.6455,27.3851,1.000000,1,0
1355,2,407.5909,580.8522,106.4324,15.6209,1.000000,1,0
1355,3,87.0274,550.3192,442.4964,68.2702,1.000000,0,1
1355,4,-427.0729,583.5175,113.3878,36.0004,1.000000,0,1
1355,5,850.7551,533.6542,371.8679,89.5704,1.000000,0,1
1355,6,982.3339,584.0809,225.6976,25.6307,1.000000,1,0
1356,1,255.2196,585.1836,55.6513,27.3833,1.000000,1,0
1356,2,407.0115,580.8564,106.4255,15.6188,1.000000,1,0
1356,3,87.4551,550.2426,442.4906,68.2686,1.000000,0,1
1356,4,-427.8387,583.5685,113.3907,35.9956,1.000000,0,1
1356,5,850.9790,533.6335,371.9224,89.5716,1.000000,0,1
1356,6,982.9949,584.1165,225.8212,25.6401,1.000000,1,0
1357,1,254.6582,585.2372,55.6567,27.3813,1.000000,1,0
1357,2,406.4313,580.8611,106.4186,15.6168,1.000000,1,0
1357,3,87.8799,550.1669,442.4862,68.2673,1.000000,0,1
1357,4,-428.6015,583.6204,113.3932,35.9907,1.000000,0,1
1357,5,851.2032,533.6133,371.9773,89.5728,1.000000,0,1
1357,6,983.6563,584.1516,225.9453,25.6496,1.000000,1,0
1358,1,254.0985,585.2922,55.6620,27.3793,1.000000,1,0
1358,2,405.8513,580.8672,106.4117,15.6147,1.000000,1,0
1358,3,88.3025,550.0912,442.4826,68.2662,1.000000,0,1
1358,4,-429.3612,583.6754,113.3954,35.9860,1.000000,0,1
1358,5,851.4276,533.5938,372.0326,89.5741,1.000000,0,1
1358,6,984.3184,584.1871,226.0693,25.6590,1.000000,1,0
1359,1,253.5398,585.3464,55.6671,27.3771,1.000000,1,0
1359,2,405.2710,580.8740,106.4048,15.6127,1.000000,1,0
1359,3,88.7224,550.0167,442.4803,68.2653,1.000000,0,1
1359,4,-430.1182,583.7321,113.3971,35.9813,1.000000,0,1
1359,5,851.6525,533.5746,372.0887,89.5757,1.000000,0,1
1359,6,984.9810,584.2226,226.1934,25.6685,1.000000,1,0
1360,1,252.9816,585.3979,55.6721,27.3748,1.000000,1,0
1360,2,404.6903,580.8813,106.3979,15.6107,1.000000,1,0
1360,3,89.1393,549.9445,442.4798,68.2648,1.000000,0,1
1360,4,-430.8730,583.7896,113.3986,35.9765,1.000000,0,1
1360,5,851.8777,533.5558,372.1456,89.5773,1.000000,0,1
1360,6,985.6442,584.2578,226.3176,25.6780,1.000000,1,0
1361,1,252.4243,585.4499,55.6769,27.3724,1.000000,1,0
1361,2,404.1100,580.8898,106.3908,15.6086,1.000000,1,0
1361,3,89.5536,549.8738,442.4804,68.2644,1.000000,0,1
1361,4,-431.6250,583.8502,113.3996,35.9719,1.000000,0,1
1361,5,852.1033,533.5372,372.2032,89.5792,1.000000,0,1
1361,6,986.3077,584.2932,226.4413,25.6874,1.000000,1,0
1362,1,251.8676,585.5007,55.6816,27.3699,1.000000,1,0
1362,2,403.5295,580.8990,106.3839,15.6066,1.000000,1,0
1362,3,89.9657,549.8055,442.4825,68.2645,1.000000,0,1
1362,4,-432.3747,583.9124,113.4001,35.9673,1.000000,0,1
1362,5,852.3294,533.5187,372.2617,89.5813,1.000000,0,1
1362,6,986.9716,584.3284,226.5643,25.6967,1.000000,1,0
1363,1,251.3113,585.5488,55.6861,27.3672,1.000000,1,0
1363,2,402.9486,580.9089,106.3770,15.6046,1.000000,1,0
1363,3,90.3748,549.7408,442.4864,68.2649,1.000000,0,1
1363,4,-433.1229,583.9750,113.4006,35.9627,1.000000,0,1
1363,5,852.5562,533.5004,372.3208,89.5835,1.000000,0,1
1363,6,987.6356,584.3626,226.6868,25.7058,1.000000,0.9375,0.0625
1364,1,250.7559,585.5966,55.6905,27.3644,1.000000,1,0
1364,2,402.3679,580.9198,106.3700,15.6026,1.000000,1,0
1364,3,90.7816,549.6788,442.4914,68.2657,1.000000,0,1
1364,4,-433.8705,584.0410,113.4005,35.9583,1.000000,0,1
1364,5,852.7834,533.4823,372.3813,89.5860,1.000000,0,1
1364,6,988.3000,584.3962,226.8080,25.7147,1.000000,1,0
1365,1,250.2007,585.6429,55.6948,27.3616,1.000000,1,0
1365,2,401.7870,580.9314,106.3632,15.6007,1.000000,1,0
1365,3,91.1862,549.6204,442.4978,68.2667,1.000000,0,1
1365,4,-434.6181,584.1086,113.4010,35.9539,1.000000,0,1
1365,5,853.0112,533.4644,372.4428,89.5887,1.000000,0,1
1365,6,988.9644,584.4286,226.9286,25.7234,1.000000,1,0
1366,1,249.6453,585.6866,55.6990,27.3585,1.000000,1,0
1366,2,401.2055,580.9435,106.3567,15.5988,1.000000,1,0
1366,3,91.5880,549.5665,442.5063,68.2684,1.000000,0,1
1366,4,-435.3653,584.1762,113.4007,35.9495,1.000000,0,1
1366,5,853.2394,533.4468,372.5051,89.5916,1.000000,0,1
1366,6,989.6285,584.4592,227.0480,25.7317,1.000000,1,0
1367,1,249.0901,585.7296,55.7033,27.3554,1.000000,1,0
1367,2,400.6244,580.9563,106.3499,15.5968,1.000000,1,0
1367,3,91.9877,549.5172,442.5161,68.2704,1.000000,0,1
1367,4,-436.1152,584.2468,113.4014,35.9455,1.000000,0,1
1367,5,853.4683,533.4296,372.5682,89.5947,1.000000,0,1
1367,6,990.2926,584.4879,227.1660,25.7397,1.000000,1,0
1368,1,248.5347,585.7709,55.7075,27.3523,1.000000,1,0
1368,2,400.0428,580.9697,106.3434,15.5949,1.000000,1,0
1368,3,92.3854,549.4725,442.5274,68.2728,1.000000,0,1
1368,4,-436.8667,584.3184,113.4020,35.9415,1.000000,0,1
1368,5,853.6976,533.4131,372.6327,89.5982,1.000000,0,1
1368,6,990.9563,584.5143,227.2830,25.7473,1.000000,1,0
1369,1,247.9787,585.8096,55.7116,27.3490,1.000000,1,0
1369,2,399.4603,580.9833,106.3372,15.5930,1.000000,1,0
1369,3,92.7811,549.4330,442.5403,68.2756,1.000000,0,1
1369,4,-437.6189,584.3895,113.4029,35.9376,1.000000,0,1
1369,5,853.9277,533.3979,372.6978,89.6018,1.000000,0,1
1369,6,991.6194,584.5375,227.3987,25.7543,1.000000,1,0
1370,1,247.4220,585.8470,55.7161,27.3458,1.000000,1,0
1370,2,398.8776,580.9979,106.3311,15.5912,1.000000,1,0
1370,3,93.1743,549.3989,442.5546,68.2790,1.000000,0,1
1370,4,-438.3757,584.4631,113.4045,35.9341,1.000000,0,1
1370,5,854.1584,533.3832,372.7645,89.6058,1.000000,0,1
1370,6,992.2820,584.5575,227.5128,25.7609,1.000000,1,0
1371,1,246.8648,585.8827,55.7203,27.3424,1.000000,1,0
1371,2,398.2942,581.0131,106.3249,15.5893,1.000000,1,0
1371,3,93.5650,549.3702,442.5707,68.2827,1.000000,0,1
1371,4,-439.1367,584.5375,113.4066,35.9308,1.000000,0,1
1371,5,854.3896,533.3695,372.8324,89.6101,1.000000,0,1
1371,6,992.9440,584.5740,227.6253,25.7668,1.000000,1,0
1372,1,246.3067,585.9158,55.7247,27.3390,1.000000,1,0
1372,2,397.7098,581.0288,106.3191,15.5876,1.000000,1,0
1372,3,93.9531,549.3472,442.5886,68.2870,1.000000,0,1
1372,4,-439.9020,584.6116,113.4094,35.9276,1.000000,0,1
1372,5,854.6215,533.3572,372.9012,89.6146,1.000000,0,1
1372,6,993.6050,584.5864,227.7365,25.7721,1.000000,1,0
1373,1,245.7481,585.9473,55.7292,27.3355,1.000000,1,0
1373,2,397.1255,581.0457,106.3131,15.5857,1.000000,1,0
1373,3,94.3382,549.3296,442.6084,68.2917,1.000000,0,1
1373,4,-440.6733,584.6879,113.4129,35.9247,1.000000,0,1
1373,5,854.8538,533.3467,372.9711,89.6195,1.000000,0,1
1373,6,994.2654,584.5947,227.8459,25.7768,1.000000,1,0
1374,1,245.1886,585.9768,55.7336,27.3319,1.000000,1,0
1374,2,396.5405,581.0637,106.3074,15.5840,1.000000,1,0
1374,3,94.7204,549.3173,442.6300,68.2971,1.000000,0,1
1374,4,-441.4489,584.7651,113.4171,35.9221,1.000000,0,1
1374,5,855.0865,533.3383,373.0419,89.6247,1.000000,0,1
1374,6,994.9246,584.5988,227.9542,25.7808,1.000000,0.9375,0.0625
1375,1,244.6282,586.0040,55.7383,27.3283,1.000000,1,0
1375,2,395.9555,581.0825,106.3018,15.5822,1.000000,1,0
1375,3,95.0996,549.3103,442.6538,68.3029,1.000000,0,1
1375,4,-442.2270,584.8422,113.4215,35.9195,1.000000,0,1
1375,5,855.3197,533.3320,373.1138,89.6301,1.000000,0,1
1375,6,995.5825,584.5983,228.0607,25.7841,1.000000,1,0
1376,1,244.0671,586.0296,55.7429,27.3245,1.000000,1,0
1376,2,395.3705,581.1024,106.2963,15.5805,1.000000,1,0
1376,3,95.4748,549.3090,442.6798,68.3093,1.000000,0,1
1376,4,-443.0119,584.9223,113.4269,35.9174,1.000000,0,1
1376,5,855.5531,533.3282,373.1866,89.6359,1.000000,0,1
1376,6,996.2385,584.5935,228.1656,25.7868,1.000000,1,0
1377,1,243.5052,586.0535,55.7476,27.3207,1.000000,1,0
1377,2,394.7857,581.1232,106.2908,15.5789,1.000000,1,0
1377,3,95.8467,549.3125,442.7079,68.3162,1.000000,0,1
1377,4,-443.8015,585.0042,113.4330,35.9156,1.000000,0,1
1377,5,855.7870,533.3268,373.2604,89.6421,1.000000,0,1
1377,6,996.8928,584.5840,228.2689,25.7888,1.000000,0.875,0.125
1378,1,242.9427,586.0751,55.7524,27.3169,1.000000,1,0
1378,2,394.2006,581.1449,106.2855,15.5771,1.000000,1,0
1378,3,96.2147,549.3207,442.7386,68.3238,1.000000,0,1
1378,4,-444.5930,585.0870,113.4394,35.9138,1.000000,0,1
1378,5,856.0211,533.3279,373.3350,89.6486,1.000000,0,1
1378,6,997.5458,584.5688,228.3708,25.7900,1.000000,0.8125,0.1875
1379,1,242.3792,586.0948,55.7572,27.3130,1.000000,1,0
1379,2,393.6164,581.1671,106.2800,15.5755,1.000000,1,0
1379,3,96.5785,549.3340,442.7717,68.3319,1.000000,0,1
1379,4,-445.3900,585.1746,113.4462,35.9126,1.000000,0,1
1379,5,856.2554,533.3324,373.4107,89.6554,1.000000,0,1
1379,6,998.1975,584.5479,228.4714,25.7903,1.000000,0.9375,0.0625
1380,1,241.8150,586.1127,55.7621,27.3091,1.000000,1,0
1380,2,393.0324,581.1899,106.2745,15.5738,1.000000,1,0
1380,3,96.9383,549.3513,442.8073,68.3405,1.000000,0,1
1380,4,-446.1901,585.2650,113.4537,35.9117,1.000000,0,1
1380,5,856.4898,533.3398,373.4870,89.6625,1.000000,0,1
1380,6,998.8483,584.5217,228.5712,25.7900,1.000000,0.9375,0.0625
1381,1,241.2500,586.1284,55.7671,27.3051,1.000000,1,0
1381,2,392.4482,581.2131,106.2693,15.5722,1.000000,1,0
1381,3,97.2941,549.3729,442.8454,68.3498,1.000000,0,1
1381,4,-446.9910,585.3567,113.4612,35.9109,1.000000,0,1
1381,5,856.7241,533.3503,373.5641,89.6700,1.000000,0,1
1381,6,999.4982,584.4907,228.6700,25.7889,1.000000,1,0
1382,1,240.6845,586.1414,55.7721,27.3010,1.000000,1,0
1382,2,391.8649,581.2366,106.2640,15.5705,1.000000,1,0
1382,3,97.6449,549.3998,442.8864,68.3597,1.000000,0,1
1382,4,-447.7976,585.4546,113.4696,35.9108,1.000000,0,1
1382,5,856.9583,533.3646,373.6421,89.6779,1.000000,0,1
1382,6,1000.1480,584.4545,228.7677,25.7872,1.000000,0.8125,0.1875
1383,1,240.1184,586.1523,55.7771,27.2967,1.000000,1,0
1383,2,391.2821,581.2603,106.2588,15.5689,1.000000,1,0
1383,3,97.9914,549.4302,442.9300,68.3701,1.000000,0,1
1383,4,-448.6057,585.5562,113.4784,35.9110,1.000000,0,1
1383,5,857.1923,533.3821,373.7209,89.6861,1.000000,0,1
1383,6,1000.7960,584.4141,228.8652,25.7850,1.000000,1,0
1384,1,239.5516,586.1612,55.7823,27.2925,1.000000,1,0
1384,2,390.6996,581.2838,106.2535,15.5673,1.000000,1,0
1384,3,98.3334,549.4633,442.9761,68.3811,1.000000,0,1
1384,4,-449.4131,585.6593,113.4869,35.9113,1.000000,0,1
1384,5,857.4262,533.4026,373.8008,89.6948,1.000000,0,1
1384,6,1001.4440,584.3699,228.9621,25.7823,1.000000,0.9375,0.0625
1385,1,238.9843,586.1674,55.7875,27.2880,1.000000,1,0
1385,2,390.1181,581.3073,106.2482,15.5656,1.000000,1,0
1385,3,98.6698,549.5016,443.0250,68.3927,1.000000,0,1
1385,4,-450.2241,585.7693,113.4962,35.9122,1.000000,0,1
1385,5,857.6596,533.4274,373.8814,89.7037,1.000000,0,1
1385,6,1002.0910,584.3219,229.0582,25.7790,1.000000,0.875,0.125
1386,1,238.4169,586.1714,55.7926,27.2836,1.000000,1,0
1386,2,389.5372,581.3307,106.2429,15.5639,1.000000,1,0
1386,3,99.0019,549.5437,443.0762,68.4049,1.000000,0,1
1386,4,-451.0354,585.8827,113.5052,35.9134,1.000000,0,1
1386,5,857.8925,533.4554,373.9626,89.7130,1.000000,0,1
1386,6,1002.7370,584.2708,229.1541,25.7754,1.000000,1,0
1387,1,237.8489,586.1736,55.7979,27.2791,1.000000,1,0
1387,2,388.9563,581.3541,106.2379,15.5624,1.000000,1,0
1387,3,99.3299,549.5884,443.1301,68.4175,1.000000,0,1
1387,4,-451.8448,585.9969,113.5141,35.9145,1.000000,0,1
1387,5,858.1252,533.4866,374.0441,89.7226,1.000000,0,1
1387,6,1003.3830,584.2174,229.2495,25.7714,1.000000,1,0
1388,1,237.2806,586.1730,55.8033,27.2745,1.000000,1,0
1388,2,388.3760,581.3775,106.2328,15.5608,1.000000,1,0
1388,3,99.6546,549.6359,443.1860,68.4307,1.000000,0,1
1388,4,-452.6580,586.1184,113.5233,35.9163,1.000000,0,1
1388,5,858.3568,533.5220,374.1261,89.7325,1.000000,0,1
1388,6,1004.0280,584.1611,229.3442,25.7671,1.000000,1,0
1389,1,236.7122,586.1698,55.8085,27.2697,1.000000,1,0
1389,2,387.7955,581.4013,106.2281,15.5592,1.000000,1,0
1389,3,99.9770,549.6860,443.2439,68.4443,1.000000,0,1
1389,4,-453.4727,586.2434,113.5329,35.9183,1.000000,0,1
1389,5,858.5878,533.5605,374.2086,89.7428,1.000000,0,1
1389,6,1004.6730,584.1026,229.4387,25.7624,1.000000,1,0
1390,1,236.1436,586.1646,55.8140,27.2649,1.000000,1,0
1390,2,387.2148,581.4256,106.2234,15.5577,1.000000,1,0
1390,3,100.2971,549.7383,443.3039,68.4583,1.000000,0,1
1390,4,-454.2862,586.3693,113.5419,35.9203,1.000000,0,1
1390,5,858.8184,533.6016,374.2919,89.7533,1.000000,0,1
1390,6,1005.3170,584.0429,229.5330,25.7576,1.000000,0.9375,0.0625
1391,1,235.5747,586.1564,55.8194,27.2600,1.000000,1,0
1391,2,386.6341,581.4506,106.2191,15.5562,1.000000,1,0
1391,3,100.6166,549.7938,443.3650,68.4726,1.000000,0,1
1391,4,-455.1021,586.5018,113.5515,35.9229,1.000000,0,1
1391,5,859.0479,533.6462,374.3752,89.7641,1.000000,0,1
1391,6,1005.9620,583.9808,229.6269,25.7525,1.000000,1,0
1392,1,235.0055,586.1453,55.8249,27.2549,1.000000,1,0
1392,2,386.0532,581.4763,106.2149,15.5547,1.000000,1,0
1392,3,100.9360,549.8521,443.4267,68.4871,1.000000,0,1
1392,4,-455.9186,586.6373,113.5611,35.9257,1.000000,0,1
1392,5,859.2767,533.6933,374.4594,89.7752,1.000000,0,1
1392,6,1006.6060,583.9171,229.7203,25.7471,1.000000,1,0
1393,1,234.4370,586.1314,55.8304,27.2498,1.000000,1,0
1393,2,385.4716,581.5031,106.2109,15.5533,1.000000,1,0
1393,3,101.2556,549.9122,443.4893,68.5018,1.000000,0,1
1393,4,-456.7349,586.7727,113.5704,35.9285,1.000000,0,1
1393,5,859.5051,533.7427,374.5437,89.7865,1.000000,0,1
1393,6,1007.2500,583.8527,229.8132,25.7416,1.000000,1,0
1394,1,233.8689,586.1135,55.8359,27.2445,1.000000,1,0
1394,2,384.8898,581.5311,106.2072,15.5519,1.000000,1,0
1394,3,101.5752,549.9760,443.5527,68.5168,1.000000,0,1
1394,4,-457.5529,586.9132,113.5802,35.9317,1.000000,0,1
1394,5,859.7322,533.7952,374.6279,89.7979,1.000000,0,1
1394,6,1007.8950,583.7877,229.9060,25.7360,1.000000,1,0
1395,1,233.3014,586.0925,55.8414,27.2391,1.000000,1,0
1395,2,384.3076,581.5602,106.2037,15.5506,1.000000,1,0
1395,3,101.8959,550.0428,443.6161,68.5319,1.000000,0,1
1395,4,-458.3710,587.0552,113.5900,35.9350,1.000000,0,1
1395,5,859.9586,533.8499,374.7124,89.8096,1.000000,0,1
1395,6,1008.5390,583.7222,229.9987,25.7304,1.000000,1,0
1396,1,232.7346,586.0687,55.8470,27.2336,1.000000,1,0
1396,2,383.7246,581.5905,106.2003,15.5493,1.000000,1,0
1396,3,102.2184,550.1124,443.6794,68.5471,1.000000,0,1
1396,4,-459.1866,587.1957,113.5994,35.9381,1.000000,0,1
1396,5,860.1848,533.9061,374.7971,89.8214,1.000000,0,1
1396,6,1009.1830,583.6567,230.0908,25.7246,1.000000,1,0
1397,1,232.1680,586.0402,55.8527,27.2279,1.000000,1,0
1397,2,383.1415,581.6222,106.1972,15.5481,1.000000,1,0
1397,3,102.5437,550.1863,443.7416,68.5623,1.000000,0,1
1397,4,-460.0024,587.3411,113.6089,35.9416,1.000000,0,1
1397,5,860.4096,533.9648,374.8817,89.8333,1.000000,0,1
1397,6,1009.8250,583.5901,230.1820,25.7187,1.000000,0.875,0.125
1398,1,231.6022,586.0081,55.8581,27.2220,1.000000,1,0
1398,2,382.5577,581.6553,106.1942,15.5469,1.000000,1,0
1398,3,102.8716,550.2639,443.8029,68.5775,1.000000,0,1
1398,4,-460.8157,587.4874,113.6183,35.9452,1.000000,0,1
1398,5,860.6339,534.0251,374.9658,89.8453,1.000000,0,1
1398,6,1010.4670,583.5228,230.2725,25.7126,1.000000,0.875,0.125
1399,1,231.0369,585.9734,55.8639,27.2160,1.000000,1,0
1399,2,381.9734,581.6895,106.1912,15.5457,1.000000,1,0
1399,3,103.2019,550.3448,443.8637,68.5927,1.000000,0,1
1399,4,-461.6248,587.6324,113.6270,35.9484,1.000000,0,1
1399,5,860.8578,534.0865,375.0499,89.8573,1.000000,0,1
1399,6,1011.1070,583.4549,230.3622,25.7063,1.000000,0.9375,0.0625
1400,1,230.4718,585.9338,55.8695,27.2099,1.000000,1,0
1400,2,381.3881,581.7255,106.1885,15.5445,1.000000,1,0
1400,3,103.5356,550.4302,443.9232,68.6079,1.000000,0,1
1400,4,-462.4319,587.7825,113.6355,35.9520,1.000000,0,1
1400,5,861.0808,534.1500,375.1338,89.8694,1.000000,0,1
1400,6,1011.7470,583.3848,230.4509,25.6997,1.000000,1,0
1401,1,229.9072,585.8912,55.8752,27.2036,1.000000,1,0
1401,2,380.8020,581.7626,106.1857,15.5433,1.000000,1,0
1401,3,103.8730,550.5189,443.9811,68.6229,1.000000,0,1
1401,4,-463.2359,587.9340,113.6435,35.9555,1.000000,0,1
1401,5,861.3035,534.2147,375.2173,89.8815,1.000000,0,1
1401,6,1012.3850,583.3129,230.5391,25.6929,1.000000,0.9375,0.0625
1402,1,229.3432,585.8468,55.8810,27.1973,1.000000,1,0
1402,2,380.2156,581.8004,106.1830,15.5422,1.000000,1,0
1402,3,104.2139,550.6099,444.0377,68.6377,1.000000,0,1
1402,4,-464.0355,588.0836,113.6508,35.9588,1.000000,0,1
1402,5,861.5261,534.2800,375.3003,89.8935,1.000000,0,1
1402,6,1013.0210,583.2399,230.6260,25.6858,1.000000,0.9375,0.0625
1403,1,228.7798,585.7983,55.8868,27.1908,1.000000,1,0
1403,2,379.6294,581.8397,106.1802,15.5410,1.000000,1,0
1403,3,104.5594,550.7052,444.0922,68.6525,1.000000,0,1
1403,4,-464.8332,588.2386,113.6581,35.9624,1.000000,0,1
1403,5,861.7479,534.3470,375.3829,89.9055,1.000000,0,1
1403,6,1013.6560,583.1636,230.7119,25.6782,1.000000,0.9375,0.0625
1404,1,228.2170,585.7475,55.8926,27.1843,1.000000,1,0
1404,2,379.0432,581.8796,106.1774,15.5399,1.000000,1,0
1404,3,104.9089,550.8028,444.1450,68.6670,1.000000,0,1
1404,4,-465.6279,588.3949,113.6651,35.9660,1.000000,0,1
1404,5,861.9695,534.4148,375.4647,89.9173,1.000000,0,1
1404,6,1014.2890,583.0851,230.7969,25.6703,1.000000,0.875,0.125
1405,1,227.6549,585.6959,55.8985,27.1777,1.000000,1,0
1405,2,378.4574,581.9199,106.1744,15.5387,1.000000,1,0
1405,3,105.2625,550.9014,444.1959,68.6812,1.000000,0,1
1405,4,-466.4183,588.5486,113.6712,35.9693,1.000000,0,1
1405,5,862.1912,534.4828,375.5457,89.9290,1.000000,0,1
1405,6,1014.9210,583.0051,230.8812,25.6622,1.000000,0.875,0.125
1406,1,227.0934,585.6409,55.9044,27.1711,1.000000,1,0
1406,2,377.8722,581.9609,106.1713,15.5375,1.000000,1,0
1406,3,105.6200,551.0037,444.2451,68.6953,1.000000,0,1
1406,4,-467.2076,588.7074,113.6774,35.9730,1.000000,0,1
1406,5,862.4124,534.5519,375.6254,89.9405,1.000000,0,1
1406,6,1015.5500,582.9215,230.9646,25.6535,1.000000,0.875,0.125
1407,1,226.5325,585.5847,55.9103,27.1644,1.000000,1,0
1407,2,377.2874,582.0023,106.1680,15.5364,1.000000,1,0
1407,3,105.9811,551.1075,444.2927,68.7092,1.000000,0,1
1407,4,-467.9948,588.8666,113.6833,35.9765,1.000000,0,1
1407,5,862.6337,534.6215,375.7040,89.9516,1.000000,0,1
1407,6,1016.1790,582.8345,231.0475,25.6456,1.000000,1,0
1408,1,225.9721,585.5289,55.9163,27.1578,1.000000,1,0
1408,2,376.7032,582.0432,106.1646,15.5351,1.000000,1,0
1408,3,106.3457,551.2114,444.3385,68.7228,1.000000,0,1
1408,4,-468.7780,589.0226,113.6882,35.9797,1.000000,0,1
1408,5,862.8552,534.6913,375.7817,89.9626,1.000000,0,1
1408,6,1016.8060,582.7383,231.1298,25.6453,1.000000,1,0
1409,1,225.4120,585.4706,55.9226,27.1511,1.000000,1,0
1409,2,376.1202,582.0844,106.1608,15.5339,1.000000,1,0
1409,3,106.7136,551.3177,444.3830,68.7362,1.000000,0,1
1409,4,-469.5596,589.1827,113.6935,35.9832,1.000000,0,1
1409,5,863.0767,534.7620,375.8578,89.9732,1.000000,0,1
1409,6,1017.4320,582.6381,231.2114,25.6450,1.000000,0.875,0.125
1410,1,224.8517,585.4120,55.9289,27.1445,1.000000,1,0
1410,2,375.5380,582.1252,106.1566,15.5325,1.000000,1,0
1410,3,107.0846,551.4246,444.4258,68.7494,1.000000,0,1
1410,4,-470.3382,589.3416,113.6982,35.9866,1.000000,0,1
1410,5,863.2985,534.8330,375.9330,89.9836,1.000000,0,1
1410,6,1018.0570,582.5358,231.2928,25.6446,1.000000,0.9375,0.0625
1411,1,224.2908,585.3539,55.9354,27.1380,1.000000,1,0
1411,2,374.9565,582.1651,106.1523,15.5312,1.000000,1,0
1411,3,107.4586,551.5306,444.4671,68.7624,1.000000,0,1
1411,4,-471.1148,589.4962,113.7025,35.9894,1.000000,0,1
1411,5,863.5206,534.9036,376.0067,89.9936,1.000000,0,1
1411,6,1018.6800,582.4333,231.3742,25.6442,1.000000,0.9375,0.0625
1412,1,223.7299,585.2942,55.9417,27.1313,1.000000,1,0
1412,2,374.3762,582.2047,106.1476,15.5298,1.000000,1,0
1412,3,107.8345,551.6385,444.5078,68.7753,1.000000,0,1
1412,4,-471.8916,589.6535,113.7072,35.9925,1.000000,0,1
1412,5,863.7427,534.9742,376.0784,90.0032,1.000000,0,1
1412,6,1019.3020,582.3280,231.4552,25.6438,1.000000,0.875,0.125
1413,1,223.1689,585.2338,55.9484,27.1248,1.000000,1,0
1413,2,373.7971,582.2434,106.1427,15.5283,1.000000,1,0
1413,3,108.2122,551.7465,444.5477,68.7880,1.000000,0,1
1413,4,-472.6685,589.8091,113.7117,35.9956,1.000000,0,1
1413,5,863.9648,535.0448,376.1481,90.0123,1.000000,0,1
1413,6,1019.9230,582.2219,231.5361,25.6433,1.000000,1,0
1414,1,222.6069,585.1738,55.9550,27.1182,1.000000,1,0
1414,2,373.2190,582.2810,106.1373,15.5268,1.000000,1,0
1414,3,108.5922,551.8533,444.5863,68.8006,1.000000,0,1
1414,4,-473.4439,589.9598,113.7158,35.9981,1.000000,0,1
1414,5,864.1870,535.1151,376.2163,90.0209,1.000000,0,1
1414,6,1020.5430,582.1168,231.6166,25.6429,1.000000,0.75,0.25
1415,1,222.0453,585.1129,55.9616,27.1117,1.000000,1,0
1415,2,372.6428,582.3176,106.1313,15.5251,1.000000,1,0
1415,3,108.9741,551.9608,444.6242,68.8130,1.000000,0,1
1415,4,-474.2197,590.1115,113.7200,36.0008,1.000000,0,1
1415,5,864.4093,535.1854,376.2822,90.0290,1.000000,0,1
1415,6,1021.1620,582.0099,231.6976,25.6425,1.000000,1,0
1416,1,221.4833,585.0522,55.9682,27.1051,1.000000,1,0
1416,2,372.0682,582.3533,106.1250,15.5235,1.000000,1,0
1416,3,109.3576,552.0677,444.6615,68.8254,1.000000,0,1
1416,4,-474.9948,590.2606,113.7241,36.0032,1.000000,0,1
1416,5,864.6318,535.2546,376.3463,90.0367,1.000000,0,1
1416,6,1021.7800,581.9030,231.7786,25.6420,1.000000,0.8125,0.1875
1417,1,220.9211,584.9927,55.9750,27.0986,1.000000,1,0
1417,2,371.4951,582.3873,106.1185,15.5217,1.000000,1,0
1417,3,109.7433,552.1730,444.6979,68.8374,1.000000,0,1
1417,4,-475.7667,590.4041,113.7275,36.0050,1.000000,0,1
1417,5,864.8546,535.3220,376.4089,90.0439,1.000000,0,1
1417,6,1022.3980,581.7982,231.8597,25.6416,1.000000,0.875,0.125
1418,1,220.3593,584.9334,55.9815,27.0922,1.000000,1,0
1418,2,370.9243,582.4199,106.1113,15.5199,1.000000,1,0
1418,3,110.1314,552.2783,444.7336,68.8494,1.000000,0,1
1418,4,-476.5370,590.5472,113.7310,36.0068,1.000000,0,1
1418,5,865.0774,535.3890,376.4692,90.0505,1.000000,0,1
1418,6,1023.0150,581.6929,231.9412,25.6413,1.000000,0.9375,0.0625
1419,1,219.7972,584.8752,55.9883,27.0858,1.000000,1,0
1419,2,370.3553,582.4510,106.1039,15.5180,1.000000,1,0
1419,3,110.5215,552.3829,444.7687,68.8613,1.000000,0,1
1419,4,-477.3049,590.6868,113.7340,36.0083,1.000000,0,1
1419,5,865.3000,535.4547,376.5279,90.0567,1.000000,0,1
1419,6,1023.6320,581.5888,232.0230,25.6411,1.000000,0.875,0.125
1420,1,219.2349,584.8192,55.9950,27.0796,1.000000,1,0
1420,2,369.7882,582.4800,106.0961,15.5161,1.000000,1,0
1420,3,110.9138,552.4866,444.8026,68.8729,1.000000,0,1
1420,4,-478.0696,590.8195,113.7364,36.0091,1.000000,0,1
1420,5,865.5227,535.5180,376.5847,90.0623,1.000000,0,1
1420,6,1024.2490,581.4879,232.1055,25.6408,1.000000,0.8125,0.1875
1421,1,218.6734,584.7642,56.0018,27.0734,1.000000,1,0
1421,2,369.2230,582.5070,106.0879,15.5140,1.000000,1,0
1421,3,111.3074,552.5909,444.8363,68.8846,1.000000,0,1
1421,4,-478.8314,590.9501,113.7388,36.0098,1.000000,0,1
1421,5,865.7453,535.5798,376.6397,90.0673,1.000000,0,1
1421,6,1024.8660,581.3872,232.1884,25.6408,1.000000,0.9375,0.0625
1422,1,218.1122,584.7111,56.0087,27.0673,1.000000,1,0
1422,2,368.6596,582.5316,106.0793,15.5120,1.000000,1,0
1422,3,111.7031,552.6946,444.8691,68.8961,1.000000,0,1
1422,4,-479.5862,591.0728,113.7401,36.0097,1.000000,0,1
1422,5,865.9678,535.6395,376.6925,90.0718,1.000000,0,1
1422,6,1025.4830,581.2886,232.2717,25.6408,1.000000,0.8125,0.1875
1423,1,217.5514,584.6607,56.0155,27.0613,1.000000,1,0
1423,2,368.0983,582.5539,106.0703,15.5098,1.000000,1,0
1423,3,112.1014,552.7977,444.9002,68.9072,1.000000,0,1
1423,4,-480.3300,591.1824,113.7398,36.0084,1.000000,0,1
1423,5,866.1902,535.6961,376.7437,90.0758,1.000000,0,1
1423,6,1026.1010,581.1940,232.3555,25.6408,1.000000,0.9375,0.0625
1424,1,216.9920,584.6119,56.0221,27.0553,1.000000,1,0
1424,2,367.5391,582.5738,106.0609,15.5076,1.000000,1,0
1424,3,112.5018,552.9022,444.9302,68.9183,1.000000,0,1
1424,4,-481.0651,591.2850,113.7389,36.0063,1.000000,0,1
1424,5,866.4123,535.7500,376.7925,90.0791,1.000000,0,1
1424,6,1026.7180,581.0999,232.4397,25.6409,1.000000,1,0
1425,1,216.4334,584.5652,56.0288,27.0495,1.000000,1,0
1425,2,366.9815,582.5918,106.0512,15.5053,1.000000,1,0
1425,3,112.9044,553.0069,444.9591,68.9291,1.000000,0,1
1425,4,-481.7887,591.3773,113.7361,36.0031,1.000000,0,1
1425,5,866.6343,535.8007,376.8400,90.0819,1.000000,0,1
1425,6,1027.3340,581.0076,232.5240,25.6411,1.000000,0.8125,0.1875
1426,1,215.8753,584.5217,56.0355,27.0439,1.000000,1,0
1426,2,366.4252,582.6083,106.0415,15.5029,1.000000,1,0
1426,3,113.3095,553.1106,444.9863,68.9397,1.000000,0,1
1426,4,-482.5034,591.4560,113.7328,35.9988,1.000000,0,1
1426,5,866.8564,535.8475,376.8865,90.0843,1.000000,0,1
1426,6,1027.9500,580.9185,232.6089,25.6413,1.000000,0.875,0.125
1427,1,215.3188,584.4803,56.0421,27.0383,1.000000,1,0
1427,2,365.8707,582.6230,106.0312,15.5005,1.000000,1,0
1427,3,113.7169,553.2156,445.0122,68.9501,1.000000,0,1
1427,4,-483.2101,591.5261,113.7282,35.9937,1.000000,0,1
1427,5,867.0779,535.8909,376.9311,90.0861,1.000000,0,1
1427,6,1028.5670,580.8297,232.6936,25.6416,1.000000,0.9375,0.0625
1428,1,214.7633,584.4413,56.0486,27.0328,1.000000,1,0
1428,2,365.3177,582.6367,106.0208,15.4981,1.000000,1,0
1428,3,114.1267,553.3208,445.0364,68.9602,1.000000,0,1
1428,4,-483.9108,591.5866,113.7228,35.9876,1.000000,0,1
1428,5,867.2994,535.9304,376.9742,90.0874,1.000000,0,1
1428,6,1029.1830,580.7427,232.7788,25.6419,1.000000,0.875,0.125
1429,1,214.2083,584.4059,56.0552,27.0275,1.000000,1,0
1429,2,364.7658,582.6497,106.0104,15.4956,1.000000,1,0
1429,3,114.5392,553.4247,445.0587,68.9699,1.000000,0,1
1429,4,-484.6073,591.6357,113.7174,35.9808,1.000000,0,1
1429,5,867.5208,535.9656,377.0162,90.0881,1.000000,0,1
1429,6,1029.7990,580.6587,232.8641,25.6423,1.000000,0.625,0.375
1430,1,213.6547,584.3727,56.0617,27.0222,1.000000,1,0
1430,2,364.2151,582.6616,106.0000,15.4932,1.000000,1,0
1430,3,114.9542,553.5291,445.0793,68.9794,1.000000,0,1
1430,4,-485.2950,591.6759,113.7107,35.9731,1.000000,0,1
1430,5,867.7418,535.9965,377.0568,90.0885,1.000000,0,1
1430,6,1030.4150,580.5747,232.9496,25.6427,1.000000,0.9375,0.0625
1431,1,213.1018,584.3425,56.0680,27.0171,1.000000,1,0
1431,2,363.6658,582.6729,105.9894,15.4907,1.000000,1,0
1431,3,115.3710,553.6334,445.0986,68.9886,1.000000,0,1
1431,4,-485.9784,591.7062,113.7037,35.9646,1.000000,0,1
1431,5,867.9626,536.0231,377.0962,90.0882,1.000000,0,1
1431,6,1031.0320,580.4922,233.0352,25.6431,1.000000,0.8125,0.1875
1432,1,212.5490,584.3161,56.0745,27.0122,1.000000,1,0
1432,2,363.1177,582.6837,105.9787,15.4882,1.000000,1,0
1432,3,115.7898,553.7363,445.1164,68.9976,1.000000,0,1
1432,4,-486.6592,591.7247,113.6966,35.9553,1.000000,0,1
1432,5,868.1833,536.0449,377.1350,90.0876,1.000000,0,1
1432,6,1031.6490,580.4121,233.1213,25.6436,1.000000,0.8125,0.1875
1433,1,211.9978,584.2924,56.0808,27.0074,1.000000,1,0
1433,2,362.5703,582.6939,105.9680,15.4857,1.000000,1,0
1433,3,116.2105,553.8392,445.1326,69.0063,1.000000,0,1
1433,4,-487.3336,591.7333,113.6889,35.9452,1.000000,0,1
1433,5,868.4041,536.0621,377.1721,90.0865,1.000000,0,1
1433,6,1032.2670,580.3329,233.2081,25.6442,1.000000,0.8125,0.1875
1434,1,211.4469,584.2718,56.0874,27.0027,1.000000,1,0
1434,2,362.0238,582.7036,105.9574,15.4833,1.000000,1,0
1434,3,116.6325,553.9411,445.1479,69.0147,1.000000,0,1
1434,4,-488.0052,591.7324,113.6808,35.9344,1.000000,0,1
1434,5,868.6248,536.0746,377.2085,90.0849,1.000000,0,1
1434,6,1032.8860,580.2556,233.2950,25.6448,1.000000,0.8125,0.1875
1435,1,210.8958,584.2551,56.0938,26.9983,1.000000,1,0
1435,2,361.4777,582.7131,105.9466,15.4807,1.000000,1,0
1435,3,117.0563,554.0410,445.1616,69.0228,1.000000,0,1
1435,4,-488.6777,591.7218,113.6731,35.9230,1.000000,0,1
1435,5,868.8453,536.0819,377.2439,90.0829,1.000000,0,1
1435,6,1033.5050,580.1808,233.3822,25.6454,1.000000,0.8125,0.1875
1436,1,210.3452,584.2415,56.1004,26.9940,1.000000,1,0
1436,2,360.9319,582.7220,105.9360,15.4783,1.000000,1,0
1436,3,117.4804,554.1401,445.1752,69.0310,1.000000,0,1
1436,4,-489.3459,591.7000,113.6650,35.9107,1.000000,0,1
1436,5,869.0665,536.0833,377.2784,90.0803,1.000000,0,1
1436,6,1034.1250,580.1064,233.4698,25.6462,1.000000,1,0
1437,1,209.7945,584.2314,56.1070,26.9899,1.000000,1,0
1437,2,360.3864,582.7307,105.9252,15.4758,1.000000,1,0
1437,3,117.9046,554.2380,445.1882,69.0389,1.000000,0,1
1437,4,-490.0139,591.6689,113.6571,35.8979,1.000000,0,1
1437,5,869.2878,536.0797,377.3123,90.0774,1.000000,0,1
1437,6,1034.7450,580.0338,233.5581,25.6469,1.000000,0.8125,0.1875
1438,1,209.2437,584.2251,56.1137,26.9861,1.000000,1,0
1438,2,359.8412,582.7389,105.9145,15.4732,1.000000,1,0
1438,3,118.3295,554.3335,445.2005,69.0466,1.000000,0,1
1438,4,-490.6853,591.6300,113.6497,35.8846,1.000000,0,1
1438,5,869.5093,536.0712,377.3452,90.0740,1.000000,0,1
1438,6,1035.3650,579.9644,233.6462,25.6478,1.000000,0.8125,0.1875
1439,1,208.6934,584.2222,56.1204,26.9824,1.000000,1,0
1439,2,359.2962,582.7465,105.9037,15.4708,1.000000,1,0
1439,3,118.7544,554.4271,445.2126,69.0543,1.000000,0,1
1439,4,-491.3588,591.5792,113.6427,35.8706,1.000000,0,1
1439,5,869.7314,536.0565,377.3777,90.0701,1.000000,0,1
1439,6,1035.9860,579.8946,233.7349,25.6486,1.000000,0.9375,0.0625
1440,1,208.1425,584.2229,56.1271,26.9789,1.000000,1,0
1440,2,358.7512,582.7537,105.8930,15.4682,1.000000,1,0
1440,3,119.1790,554.5188,445.2248,69.0619,1.000000,0,1
1440,4,-492.0364,591.5201,113.6365,35.8563,1.000000,0,1
1440,5,869.9537,536.0370,377.4093,90.0659,1.000000,0,1
1440,6,1036.6070,579.8257,233.8240,25.6495,1.000000,0.6875,0.3125
1441,1,207.5900,584.2276,56.1342,26.9758,1.000000,1,0
1441,2,358.2068,582.7601,105.8822,15.4657,1.000000,1,0
1441,3,119.6025,554.6075,445.2374,69.0694,1.000000,0,1
1441,4,-492.7205,591.4545,113.6312,35.8418,1.000000,0,1
1441,5,870.1760,536.0125,377.4398,90.0611,1.000000,0,1
1441,6,1037.2290,579.7588,233.9135,25.6505,1.000000,0.625,0.375
1442,1,207.0361,584.2363,56.1414,26.9728,1.000000,1,0
1442,2,357.6623,582.7660,105.8713,15.4632,1.000000,1,0
1442,3,120.0248,554.6942,445.2506,69.0770,1.000000,0,1
1442,4,-493.4048,591.3785,113.6260,35.8265,1.000000,0,1
1442,5,870.3991,535.9819,377.4698,90.0559,1.000000,0,1
1442,6,1037.8520,579.6918,234.0038,25.6515,1.000000,0.9375,0.0625
1443,1,206.4812,584.2488,56.1487,26.9700,1.000000,1,0
1443,2,357.1182,582.7711,105.8607,15.4606,1.000000,1,0
1443,3,120.4458,554.7783,445.2644,69.0846,1.000000,0,1
1443,4,-494.0920,591.2966,113.6211,35.8109,1.000000,0,1
1443,5,870.6225,535.9467,377.4993,90.0503,1.000000,0,1
1443,6,1038.4760,579.6258,234.0950,25.6527,1.000000,0.8125,0.1875
1444,1,205.9250,584.2656,56.1563,26.9676,1.000000,1,0
1444,2,356.5751,582.7750,105.8498,15.4581,1.000000,1,0
1444,3,120.8646,554.8592,445.2794,69.0923,1.000000,0,1
1444,4,-494.7845,591.2115,113.6169,35.7953,1.000000,0,1
1444,5,870.8459,535.9068,377.5283,90.0444,1.000000,0,1
1444,6,1039.1010,579.5619,234.1873,25.6539,1.000000,0.9375,0.0625
1445,1,205.3674,584.2871,56.1639,26.9654,1.000000,1,0
1445,2,356.0327,582.7779,105.8392,15.4555,1.000000,1,0
1445,3,121.2816,554.9384,445.2956,69.1001,1.000000,0,1
1445,4,-495.4767,591.1170,113.6129,35.7791,1.000000,0,1
1445,5,871.0697,535.8611,377.5566,90.0380,1.000000,0,1
1445,6,1039.7280,579.4986,234.2808,25.6553,1.000000,0.875,0.125
1446,1,204.8083,584.3127,56.1719,26.9635,1.000000,1,0
1446,2,355.4910,582.7798,105.8285,15.4530,1.000000,1,0
1446,3,121.6966,555.0152,445.3128,69.1079,1.000000,0,1
1446,4,-496.1721,591.0181,113.6093,35.7626,1.000000,0,1
1446,5,871.2936,535.8109,377.5840,90.0312,1.000000,0,1
1446,6,1040.3560,579.4369,234.3751,25.6568,1.000000,0.75,0.25
1447,1,204.2484,584.3423,56.1799,26.9619,1.000000,1,0
1447,2,354.9496,582.7808,105.8179,15.4505,1.000000,1,0
1447,3,122.1098,555.0891,445.3309,69.1159,1.000000,0,1
1447,4,-496.8704,590.9185,113.6060,35.7463,1.000000,0,1
1447,5,871.5172,535.7563,377.6105,90.0240,1.000000,0,1
1447,6,1040.9860,579.3783,234.4707,25.6585,1.000000,0.8125,0.1875
1448,1,203.6873,584.3770,56.1881,26.9605,1.000000,1,0
1448,2,354.4081,582.7803,105.8075,15.4479,1.000000,1,0
1448,3,122.5198,555.1603,445.3510,69.1241,1.000000,0,1
1448,4,-497.5687,590.8114,113.6024,35.7293,1.000000,0,1
1448,5,871.7413,535.6960,377.6356,90.0161,1.000000,0,1
1448,6,1041.6160,579.3214,234.5679,25.6603,1.000000,0.8125,0.1875
1449,1,203.1251,584.4159,56.1965,26.9594,1.000000,1,0
1449,2,353.8669,582.7786,105.7970,15.4454,1.000000,1,0
1449,3,122.9272,555.2292,445.3725,69.1324,1.000000,0,1
1449,4,-498.2690,590.7012,113.5995,35.7123,1.000000,0,1
1449,5,871.9651,535.6314,377.6597,90.0079,1.000000,0,1
1449,6,1042.2490,579.2671,234.6664,25.6622,1.000000,0.625,0.375
1450,1,202.5620,584.4583,56.2050,26.9585,1.000000,1,0
1450,2,353.3260,582.7764,105.7865,15.4429,1.000000,1,0
1450,3,123.3322,555.2957,445.3953,69.1409,1.000000,0,1
1450,4,-498.9735,590.5908,113.5973,35.6954,1.000000,0,1
1450,5,872.1885,535.5634,377.6829,89.9993,1.000000,0,1
1450,6,1042.8820,579.2162,234.7660,25.6644,1.000000,0.75,0.25
1451,1,201.9977,584.5053,56.2136,26.9580,1.000000,1,0
1451,2,352.7847,582.7733,105.7763,15.4403,1.000000,1,0
1451,3,123.7338,555.3599,445.4204,69.1497,1.000000,0,1
1451,4,-499.6786,590.4735,113.5944,35.6780,1.000000,0,1
1451,5,872.4120,535.4896,377.7050,89.9902,1.000000,0,1
1451,6,1043.5180,579.1681,234.8669,25.6667,1.000000,0.6875,0.3125
1452,1,201.4326,584.5562,56.2223,26.9575,1.000000,1,0
1452,2,352.2432,582.7698,105.7662,15.4378,1.000000,1,0
1452,3,124.1325,555.4218,445.4473,69.1586,1.000000,0,1
1452,4,-500.3879,590.3539,113.5924,35.6605,1.000000,0,1
1452,5,872.6353,535.4115,377.7263,89.9807,1.000000,0,1
1452,6,1044.1550,579.1235,234.9696,25.6692,1.000000,0.875,0.125
1453,1,200.8669,584.6104,56.2310,26.9573,1.000000,1,0
1453,2,351.7022,582.7666,105.7562,15.4354,1.000000,1,0
1453,3,124.5287,555.4811,445.4760,69.1678,1.000000,0,1
1453,4,-501.1024,590.2360,113.5907,35.6432,1.000000,0,1
1453,5,872.8578,535.3299,377.7463,89.9707,1.000000,0,1
1453,6,1044.7950,579.0837,235.0736,25.6718,1.000000,0.9375,0.0625
1454,1,200.2996,584.6692,56.2402,26.9574,1.000000,1,0
1454,2,351.1609,582.7634,105.7464,15.4329,1.000000,1,0
1454,3,124.9223,555.5382,445.5064,69.1773,1.000000,0,1
1454,4,-501.8192,590.1122,113.5891,35.6256,1.000000,0,1
1454,5,873.0804,535.2427,377.7658,89.9603,1.000000,0,1
1454,6,1045.4370,579.0479,235.1796,25.6747,1.000000,0.8125,0.1875
1455,1,199.7315,584.7314,56.2494,26.9577,1.000000,1,0
1455,2,350.6194,582.7605,105.7368,15.4305,1.000000,1,0
1455,3,125.3137,555.5931,445.5386,69.1870,1.000000,0,1
1455,4,-502.5406,589.9873,113.5879,35.6079,1.000000,0,1
1455,5,873.3024,535.1512,377.7849,89.9498,1.000000,0,1
1455,6,1046.0810,579.0166,235.2867,25.6778,1.000000,0.75,0.25
1456,1,199.1632,584.7966,56.2585,26.9581,1.000000,1,0
1456,2,350.0785,582.7585,105.7271,15.4281,1.000000,1,0
1456,3,125.7030,555.6457,445.5723,69.1968,1.000000,0,1
1456,4,-503.2691,589.8651,113.5876,35.5907,1.000000,0,1
1456,5,873.5238,535.0567,377.8042,89.9391,1.000000,0,1
1456,6,1046.7270,578.9912,235.3951,25.6810,1.000000,0.6875,0.3125
1457,1,198.5935,584.8662,56.2679,26.9589,1.000000,1,0
1457,2,349.5370,582.7573,105.7178,15.4257,1.000000,1,0
1457,3,126.0892,555.6967,445.6084,69.2069,1.000000,0,1
1457,4,-504.0002,589.7375,113.5876,35.5731,1.000000,0,1
1457,5,873.7448,534.9565,377.8228,89.9280,1.000000,0,1
1457,6,1047.3770,578.9711,235.5050,25.6845,1.000000,0.75,0.25
1458,1,198.0232,584.9393,56.2775,26.9597,1.000000,1,0
1458,2,348.9954,582.7571,105.7086,15.4234,1.000000,1,0
1458,3,126.4734,555.7458,445.6460,69.2173,1.000000,0,1
1458,4,-504.7357,589.6093,113.5876,35.5555,1.000000,0,1
1458,5,873.9653,534.8524,377.8420,89.9170,1.000000,0,1
1458,6,1048.0280,578.9559,235.6161,25.6880,1.000000,0.9375,0.0625
1459,1,197.4525,585.0150,56.2871,26.9608,1.000000,1,0
1459,2,348.4539,582.7582,105.6995,15.4211,1.000000,1,0
1459,3,126.8556,555.7924,445.6848,69.2278,1.000000,0,1
1459,4,-505.4782,589.4844,113.5892,35.5385,1.000000,0,1
1459,5,874.1855,534.7455,377.8627,89.9061,1.000000,0,1
1459,6,1048.6810,578.9460,235.7280,25.6918,1.000000,0.9375,0.0625
1460,1,196.8810,585.0950,56.2969,26.9622,1.000000,1,0
1460,2,347.9120,582.7612,105.6905,15.4188,1.000000,1,0
1460,3,127.2353,555.8378,445.7254,69.2385,1.000000,0,1
1460,4,-506.2238,589.3557,113.5905,35.5212,1.000000,0,1
1460,5,874.4053,534.6331,377.8843,89.8952,1.000000,0,1
1460,6,1049.3360,578.9415,235.8408,25.6957,1.000000,0.625,0.375
1461,1,196.3093,585.1781,56.3068,26.9638,1.000000,1,0
1461,2,347.3701,582.7659,105.6815,15.4166,1.000000,1,0
1461,3,127.6131,555.8817,445.7672,69.2494,1.000000,0,1
1461,4,-506.9747,589.2271,113.5930,35.5041,1.000000,0,1
1461,5,874.6245,534.5171,377.9070,89.8844,1.000000,0,1
1461,6,1049.9930,578.9413,235.9547,25.6996,1.000000,0.6875,0.3125
1462,1,195.7374,585.2636,56.3167,26.9655,1.000000,1,0
1462,2,346.8286,582.7725,105.6726,15.4143,1.000000,1,0
1462,3,127.9888,555.9236,445.8102,69.2604,1.000000,0,1
1462,4,-507.7342,589.1024,113.5962,35.4876,1.000000,0,1
1462,5,874.8431,534.3986,377.9309,89.8739,1.000000,0,1
1462,6,1050.6520,578.9454,236.0692,25.7038,1.000000,0.5625,0.4375
1463,1,195.1649,585.3531,56.3269,26.9675,1.000000,1,0
1463,2,346.2872,582.7813,105.6635,15.4121,1.000000,1,0
1463,3,128.3624,555.9640,445.8549,69.2717,1.000000,0,1
1463,4,-508.4984,588.9758,113.5999,35.4710,1.000000,0,1
1463,5,875.0616,534.2755,377.9573,89.8638,1.000000,0,1
1463,6,1051.3120,578.9546,236.1842,25.7080,1.000000,0.75,0.25
1464,1,194.5922,585.4455,56.3372,26.9696,1.000000,1,0
1464,2,345.7460,582.7917,105.6544,15.4098,1.000000,1,0
1464,3,128.7344,556.0025,445.9005,69.2831,1.000000,0,1
1464,4,-509.2683,588.8511,113.6043,35.4548,1.000000,0,1
1464,5,875.2797,534.1496,377.9857,89.8540,1.000000,0,1
1464,6,1051.9720,578.9677,236.3003,25.7124,1.000000,0.9375,0.0625
1465,1,194.0195,585.5403,56.3475,26.9719,1.000000,1,0
1465,2,345.2056,582.8040,105.6451,15.4076,1.000000,1,0
1465,3,129.1050,556.0386,445.9468,69.2944,1.000000,0,1
1465,4,-510.0463,588.7317,113.6100,35.4391,1.000000,0,1
1465,5,875.4971,534.0220,378.0161,89.8446,1.000000,0,1
1465,6,1052.6340,578.9833,236.4165,25.7168,1.000000,0.75,0.25
1466,1,193.4465,585.6394,56.3578,26.9744,1.000000,1,0
1466,2,344.6655,582.8183,105.6357,15.4053,1.000000,1,0
1466,3,129.4740,556.0728,445.9941,69.3059,1.000000,0,1
1466,4,-510.8291,588.6118,113.6161,35.4236,1.000000,0,1
1466,5,875.7146,533.8906,378.0493,89.8357,1.000000,0,1
1466,6,1053.2980,579.0016,236.5332,25.7213,1.000000,0.75,0.25
1467,1,192.8733,585.7413,56.3685,26.9771,1.000000,1,0
1467,2,344.1260,582.8340,105.6260,15.4031,1.000000,1,0
1467,3,129.8419,556.1045,446.0416,69.3173,1.000000,0,1
1467,4,-511.6180,588.4951,113.6227,35.4083,1.000000,0,1
1467,5,875.9319,533.7571,378.0854,89.8274,1.000000,0,1
1467,6,1053.9620,579.0221,236.6506,25.7258,1.000000,0.8125,0.1875
1468,1,192.2997,585.8426,56.3788,26.9797,1.000000,1,0
1468,2,343.5875,582.8508,105.6160,15.4010,1.000000,1,0
1468,3,130.2086,556.1335,446.0897,69.3287,1.000000,0,1
1468,4,-512.4139,588.3848,113.6303,35.3939,1.000000,0,1
1468,5,876.1490,533.6230,378.1244,89.8198,1.000000,0,1
1468,6,1054.6270,579.0443,236.7684,25.7305,1.000000,0.625,0.375
1469,1,191.7255,585.9481,56.3893,26.9826,1.000000,1,0
1469,2,343.0493,582.8683,105.6059,15.3995,1.000000,1,0
1469,3,130.5739,556.1603,446.1385,69.3402,1.000000,0,1
1469,4,-513.2141,588.2755,113.6383,35.3795,1.000000,0,1
1469,5,876.3659,533.4865,378.1663,89.8128,1.000000,0,1
1469,6,1055.2940,579.0688,236.8872,25.7352,1.000000,0.875,0.125
1470,1,191.1497,586.0537,56.3998,26.9854,1.000000,1,0
1470,2,342.5117,582.8865,105.5956,15.3981,1.000000,1,0
1470,3,130.9381,556.1846,446.1877,69.3516,1.000000,0,1
1470,4,-514.0203,588.1700,113.6472,35.3656,1.000000,0,1
1470,5,876.5825,533.3491,378.2104,89.8063,1.000000,0,1
1470,6,1055.9620,579.0951,237.0061,25.7399,1.000000,0.8125,0.1875
1471,1,190.5732,586.1564,56.4100,26.9880,1.000000,1,0
1471,2,341.9758,582.9048,105.5849,15.3966,1.000000,1,0
1471,3,131.3017,556.2060,446.2368,69.3629,1.000000,0,1
1471,4,-514.8347,588.0712,113.6570,35.3524,1.000000,0,1
1471,5,876.7993,533.2122,378.2582,89.8007,1.000000,0,1
1471,6,1056.6300,579.1228,237.1263,25.7448,1.000000,0.8125,0.1875
1472,1,189.9972,586.2617,56.4202,26.9906,1.000000,1,0
1472,2,341.4404,582.9237,105.5740,15.3951,1.000000,1,0
1472,3,131.6643,556.2234,446.2861,69.3741,1.000000,0,1
1472,4,-515.6538,587.9743,113.6672,35.3394,1.000000,0,1
1472,5,877.0168,533.0736,378.3090,89.7956,1.000000,0,1
1472,6,1057.3000,579.1530,237.2472,25.7498,1.000000,0.6875,0.3125
1473,1,189.4215,586.3672,56.4304,26.9933,1.000000,1,0
1473,2,340.9061,582.9425,105.5629,15.3935,1.000000,1,0
1473,3,132.0264,556.2375,446.3353,69.3852,1.000000,0,1
1473,4,-516.4802,587.8816,113.6786,35.3270,1.000000,0,1
1473,5,877.2352,532.9348,378.3629,89.7913,1.000000,0,1
1473,6,1057.9710,579.1853,237.3693,25.7550,1.000000,0.625,0.375
1474,1,188.8464,586.4707,56.4402,26.9958,1.000000,1,0
1474,2,340.3727,582.9609,105.5516,15.3920,1.000000,1,0
1474,3,132.3886,556.2484,446.3841,69.3961,1.000000,0,1
1474,4,-517.3162,587.7950,113.6912,35.3154,1.000000,0,1
1474,5,877.4543,532.7977,378.4197,89.7876,1.000000,0,1
1474,6,1058.6430,579.2196,237.4921,25.7602,1.000000,0.8125,0.1875
1475,1,188.2724,586.5766,56.4501,26.9983,1.000000,1,0
1475,2,339.8394,582.9787,105.5402,15.3903,1.000000,1,0
1475,3,132.7504,556.2556,446.4327,69.4068,1.000000,0,1
1475,4,-518.1573,587.7109,113.7045,35.3040,1.000000,0,1
1475,5,877.6743,532.6609,378.4791,89.7846,1.000000,0,1
1475,6,1059.3150,579.2567,237.6163,25.7655,1.000000,0.75,0.25
1476,1,187.6994,586.6823,56.4598,27.0007,1.000000,1,0
1476,2,339.3065,582.9959,105.5287,15.3886,1.000000,1,0
1476,3,133.1119,556.2589,446.4811,69.4173,1.000000,0,1
1476,4,-519.0048,587.6313,113.7185,35.2931,1.000000,0,1
1476,5,877.8950,532.5259,378.5406,89.7821,1.000000,0,1
1476,6,1059.9900,579.2958,237.7413,25.7710,1.000000,0.875,0.125
1477,1,187.1267,586.7858,56.4692,27.0030,1.000000,1,0
1477,2,338.7741,583.0124,105.5171,15.3869,1.000000,1,0
1477,3,133.4736,556.2583,446.5291,69.4276,1.000000,0,1
1477,4,-519.8618,587.5575,113.7338,35.2830,1.000000,0,1
1477,5,878.1167,532.3943,378.6052,89.7805,1.000000,0,1
1477,6,1060.6650,579.3365,237.8677,25.7766,1.000000,0.8125,0.1875
1478,1,186.5552,586.8917,56.4787,27.0054,1.000000,1,0
1478,2,338.2413,583.0283,105.5058,15.3852,1.000000,1,0
1478,3,133.8356,556.2539,446.5763,69.4377,1.000000,0,1
1478,4,-520.7242,587.4866,113.7500,35.2732,1.000000,0,1
1478,5,878.3389,532.2653,378.6718,89.7794,1.000000,0,1
1478,6,1061.3430,579.3807,237.9952,25.7825,1.000000,0.9375,0.0625
1479,1,185.9843,586.9975,56.4881,27.0077,1.000000,1,0
1479,2,337.7087,583.0438,105.4946,15.3834,1.000000,1,0
1479,3,134.1980,556.2456,446.6230,69.4475,1.000000,0,1
1479,4,-521.5935,587.4200,113.7670,35.2640,1.000000,0,1
1479,5,878.5615,532.1401,378.7398,89.7789,1.000000,0,1
1479,6,1062.0230,579.4284,238.1240,25.7884,1.000000,0.8125,0.1875
1480,1,185.4129,587.1014,56.4973,27.0099,1.000000,1,0
1480,2,337.1765,583.0585,105.4832,15.3816,1.000000,1,0
1480,3,134.5614,556.2330,446.6687,69.4571,1.000000,0,1
1480,4,-522.4724,587.3596,113.7853,35.2556,1.000000,0,1
1480,5,878.7839,532.0203,378.8096,89.7789,1.000000,0,1
1480,6,1062.7040,579.4788,238.2543,25.7945,1.000000,0.625,0.375
1481,1,184.8421,587.2079,56.5066,27.0122,1.000000,1,0
1481,2,336.6440,583.0728,105.4721,15.3798,1.000000,1,0
1481,3,134.9261,556.2169,446.7136,69.4663,1.000000,0,1
1481,4,-523.3571,587.3026,113.8048,35.2476,1.000000,0,1
1481,5,879.0061,531.9045,378.8798,89.7793,1.000000,0,1
1481,6,1063.3870,579.5341,238.3856,25.8007,1.000000,0.75,0.25
1482,1,184.2709,587.3143,56.5160,27.0146,1.000000,1,0
1482,2,336.1114,583.0866,105.4609,15.3780,1.000000,1,0
1482,3,135.2919,556.1971,446.7578,69.4752,1.000000,0,1
1482,4,-524.2487,587.2504,113.8252,35.2402,1.000000,0,1
1482,5,879.2280,531.7934,378.9512,89.7803,1.000000,0,1
1482,6,1064.0720,579.5927,238.5176,25.8070,1.000000,0.75,0.25
1483,1,183.6988,587.4187,56.5252,27.0168,1.000000,1,0
1483,2,335.5788,583.0999,105.4500,15.3762,1.000000,1,0
1483,3,135.6593,556.1732,446.8007,69.4839,1.000000,0,1
1483,4,-525.1478,587.2048,113.8467,35.2336,1.000000,0,1
1483,5,879.4497,531.6882,379.0237,89.7817,1.000000,0,1
1483,6,1064.7570,579.6541,238.6509,25.8135,1.000000,0.875,0.125
1484,1,183.1272,587.5251,56.5344,27.0191,1.000000,1,0
1484,2,335.0450,583.1132,105.4395,15.3744,1.000000,1,0
1484,3,136.0287,556.1450,446.8423,69.4921,1.000000,0,1
1484,4,-526.0519,587.1635,113.8692,35.2275,1.000000,0,1
1484,5,879.6709,531.5876,379.0958,89.7833,1.000000,0,1
1484,6,1065.4440,579.7205,238.7843,25.8202,1.000000,0.75,0.25
1485,1,182.5550,587.6310,56.5439,27.0215,1.000000,1,0
1485,2,334.5106,583.1263,105.4290,15.3726,1.000000,1,0
1485,3,136.3994,556.1133,446.8833,69.5002,1.000000,0,1
1485,4,-526.9636,587.1273,113.8928,35.2221,1.000000,0,1
1485,5,879.8917,531.4916,379.1683,89.7853,1.000000,0,1
1485,6,1066.1310,579.7900,238.9187,25.8268,1.000000,0.6875,0.3125
1486,1,181.9816,587.7344,56.5534,27.0237,1.000000,1,0
1486,2,333.9753,583.1393,105.4189,15.3709,1.000000,1,0
1486,3,136.7714,556.0795,446.9232,69.5079,1.000000,0,1
1486,4,-527.8824,587.0980,113.9174,35.2173,1.000000,0,1
1486,5,880.1123,531.4008,379.2413,89.7875,1.000000,0,1
1486,6,1066.8190,579.8616,239.0532,25.8336,1.000000,0.625,0.375
1487,1,181.4084,587.8392,56.5628,27.0260,1.000000,1,0
1487,2,333.4388,583.1533,105.4090,15.3693,1.000000,1,0
1487,3,137.1457,556.0422,446.9613,69.5152,1.000000,0,1
1487,4,-528.8058,587.0737,113.9426,35.2131,1.000000,0,1
1487,5,880.3324,531.3141,379.3148,89.7901,1.000000,0,1
1487,6,1067.5080,579.9377,239.1876,25.8403,1.000000,0.8125,0.1875
1488,1,180.8342,587.9426,56.5725,27.0284,1.000000,1,0
1488,2,332.9015,583.1678,105.3994,15.3678,1.000000,1,0
1488,3,137.5220,556.0021,446.9981,69.5223,1.000000,0,1
1488,4,-529.7344,587.0555,113.9687,35.2094,1.000000,0,1
1488,5,880.5521,531.2315,379.3883,89.7930,1.000000,0,1
1488,6,1068.1970,580.0164,239.3225,25.8472,1.000000,0.5625,0.4375
1489,1,180.2586,588.0430,56.5821,27.0306,1.000000,1,0
1489,2,332.3632,583.1828,105.3898,15.3662,1.000000,1,0
1489,3,137.9005,555.9593,447.0335,69.5290,1.000000,0,1
1489,4,-530.6683,587.0443,113.9954,35.2065,1.000000,0,1
1489,5,880.7712,531.1536,379.4615,89.7960,1.000000,0,1
1489,6,1068.8870,580.0958,239.4575,25.8540,1.000000,0.6875,0.3125
1490,1,179.6825,588.1437,56.5920,27.0329,1.000000,1,0
1490,2,331.8234,583.1992,105.3806,15.3648,1.000000,1,0
1490,3,138.2819,555.9127,447.0668,69.5352,1.000000,0,1
1490,4,-531.6074,587.0399,114.0227,35.2041,1.000000,0,1
1490,5,880.9901,531.0789,379.5356,89.7994,1.000000,0,1
1490,6,1069.5780,580.1783,239.5922,25.8609,1.000000,0.6875,0.3125
1491,1,179.1055,588.2427,56.6018,27.0351,1.000000,1,0
1491,2,331.2824,583.2163,105.3718,15.3635,1.000000,1,0
1491,3,138.6658,555.8629,447.0987,69.5410,1.000000,0,1
1491,4,-532.5505,587.0417,114.0508,35.2024,1.000000,0,1
1491,5,881.2092,531.0071,379.6105,89.8031,1.000000,0,1
1491,6,1070.2690,580.2621,239.7268,25.8677,1.000000,0.875,0.125
1492,1,178.5277,588.3368,56.6116,27.0370,1.000000,1,0
1492,2,330.7398,583.2338,105.3632,15.3622,1.000000,1,0
1492,3,139.0521,555.8109,447.1290,69.5465,1.000000,0,1
1492,4,-533.4963,587.0497,114.0790,35.2011,1.000000,0,1
1492,5,881.4282,530.9381,379.6863,89.8071,1.000000,0,1
1492,6,1070.9600,580.3456,239.8616,25.8745,1.000000,0.625,0.375
1493,1,177.9495,588.4302,56.6216,27.0390,1.000000,1,0
1493,2,330.1956,583.2523,105.3546,15.3611,1.000000,1,0
1493,3,139.4416,555.7555,447.1573,69.5515,1.000000,0,1
1493,4,-534.4449,587.0645,114.1076,35.2004,1.000000,0,1
1493,5,881.6470,530.8717,379.7634,89.8116,1.000000,0,1
1493,6,1071.6510,580.4315,239.9955,25.8813,1.000000,0.875,0.125
1494,1,177.3714,588.5198,56.6314,27.0407,1.000000,1,0
1494,2,329.6500,583.2712,105.3463,15.3599,1.000000,1,0
1494,3,139.8337,555.6973,447.1839,69.5562,1.000000,0,1
1494,4,-535.3947,587.0847,114.1364,35.2001,1.000000,0,1
1494,5,881.8659,530.8076,379.8417,89.8165,1.000000,0,1
1494,6,1072.3420,580.5175,240.1289,25.8881,1.000000,0.75,0.25
1495,1,176.7931,588.6029,56.6411,27.0421,1.000000,1,0
1495,2,329.1023,583.2898,105.3383,15.3589,1.000000,1,0
1495,3,140.2285,555.6367,447.2086,69.5604,1.000000,0,1
1495,4,-536.3453,587.1093,114.1652,35.2001,1.000000,0,1
1495,5,882.0853,530.7458,379.9213,89.8217,1.000000,0,1
1495,6,1073.0330,580.6023,240.2622,25.8948,1.000000,0.75,0.25
1496,1,176.2148,588.6848,56.6510,27.0436,1.000000,1,0
1496,2,328.5529,583.3090,105.3306,15.3578,1.000000,1,0
1496,3,140.6266,555.5726,447.2314,69.5642,1.000000,0,1
1496,4,-537.2954,587.1403,114.1937,35.2005,1.000000,0,1
1496,5,882.3048,530.6861,380.0028,89.8275,1.000000,0,1
1496,6,1073.7240,580.6876,240.3945,25.9014,1.000000,0.6875,0.3125
1497,1,175.6365,588.7631,56.6607,27.0447,1.000000,1,0
1497,2,328.0014,583.3278,105.3232,15.3568,1.000000,1,0
1497,3,141.0274,555.5059,447.2523,69.5676,1.000000,0,1
1497,4,-538.2447,587.1750,114.2222,35.2011,1.000000,0,1
1497,5,882.5248,530.6282,380.0861,89.8338,1.000000,0,1
1497,6,1074.4140,580.7722,240.5270,25.9080,1.000000,0.8125,0.1875
1498,1,175.0595,588.8353,56.6702,27.0456,1.000000,1,0
1498,2,327.4480,583.3453,105.3160,15.3557,1.000000,1,0
1498,3,141.4306,555.4367,447.2715,69.5706,1.000000,0,1
1498,4,-539.1924,587.2120,114.2504,35.2018,1.000000,0,1
1498,5,882.7454,530.5726,380.1711,89.8406,1.000000,0,1
1498,6,1075.1050,580.8544,240.6589,25.9145,1.000000,0.5625,0.4375
1499,1,174.4845,588.9053,56.6798,27.0463,1.000000,1,0
1499,2,326.8929,583.3623,105.3089,15.3547,1.000000,1,0
1499,3,141.8362,555.3642,447.2889,69.5732,1.000000,0,1
1499,4,-540.1377,587.2534,114.2785,35.2027,1.000000,0,1
1499,5,882.9664,530.5188,380.2582,89.8479,1.000000,0,1
1499,6,1075.7960,580.9363,240.7910,25.9210,1.000000,0.6875,0.3125
1500,1,173.9111,588.9714,56.6891,27.0468,1.000000,1,0
1500,2,326.3365,583.3777,105.3022,15.3535,1.000000,1,0
1500,3,142.2437,555.2888,447.3049,69.5754,1.000000,0,1
1500,4,-541.0802,587.2966,114.3058,35.2037,1.000000,0,1
1500,5,883.1882,530.4670,380.3467,89.8555,1.000000,0,1
1500,6,1076.4870,581.0167,240.9229,25.9275,1.000000,0.75,0.25
1501,1,173.3382,589.0320,56.6985,27.0471,1.000000,1,0
1501,2,325.7788,583.3904,105.2953,15.3523,1.000000,1,0
1501,3,142.6528,555.2102,447.3194,69.5772,1.000000,0,1
1501,4,-542.0190,587.3401,114.3330,35.2045,1.000000,0,1
1501,5,883.4107,530.4180,380.4361,89.8636,1.000000,0,1
1501,6,1077.1780,581.0947,241.0547,25.9340,1.000000,0.75,0.25
1502,1,172.7660,589.0895,56.7076,27.0472,1.000000,1,0
1502,2,325.2194,583.4017,105.2888,15.3510,1.000000,1,0
1502,3,143.0637,555.1279,447.3325,69.5787,1.000000,0,1
1502,4,-542.9524,587.3857,114.3593,35.2054,1.000000,0,1
1502,5,883.6337,530.3713,380.5275,89.8721,1.000000,0,1
1502,6,1077.8700,581.1721,241.1865,25.9403,1.000000,0.8125,0.1875
1503,1,172.1936,589.1428,56.7169,27.0471,1.000000,1,0
1503,2,324.6588,583.4109,105.2824,15.3495,1.000000,1,0
1503,3,143.4755,555.0428,447.3444,69.5800,1.000000,0,1
1503,4,-543.8801,587.4316,114.3850,35.2062,1.000000,0,1
1503,5,883.8573,530.3270,380.6201,89.8811,1.000000,0,1
1503,6,1078.5610,581.2483,241.3180,25.9468,1.000000,0.6875,0.3125
1504,1,171.6212,589.1904,56.7260,27.0467,1.000000,1,0
1504,2,324.0971,583.4169,105.2762,15.3480,1.000000,1,0
1504,3,143.8873,554.9546,447.3558,69.5809,1.000000,0,1
1504,4,-544.8020,587.4763,114.4101,35.2067,1.000000,0,1
1504,5,884.0814,530.2859,380.7137,89.8904,1.000000,0,1
1504,6,1079.2520,581.3223,241.4500,25.9531,1.000000,0.75,0.25
1505,1,171.0483,589.2339,56.7352,27.0461,1.000000,1,0
1505,2,323.5342,583.4210,105.2703,15.3464,1.000000,1,0
1505,3,144.2998,554.8616,447.3661,69.5815,1.000000,0,1
1505,4,-545.7175,587.5223,114.4344,35.2071,1.000000,0,1
1505,5,884.3063,530.2475,380.8083,89.9000,1.000000,0,1
1505,6,1079.9440,581.3961,241.5815,25.9595,1.000000,0.6875,0.3125
1506,1,170.4754,589.2728,56.7441,27.0452,1.000000,1,0
1506,2,322.9703,583.4230,105.2645,15.3446,1.000000,1,0
1506,3,144.7123,554.7654,447.3759,69.5819,1.000000,0,1
1506,4,-546.6279,587.5680,114.4581,35.2074,1.000000,0,1
1506,5,884.5317,530.2122,380.9034,89.9098,1.000000,0,1
1506,6,1080.6350,581.4689,241.7133,25.9658,1.000000,0.625,0.375
1507,1,169.9027,589.3067,56.7531,27.0441,1.000000,1,0
1507,2,322.4051,583.4222,105.2590,15.3428,1.000000,1,0
1507,3,145.1244,554.6666,447.3855,69.5822,1.000000,0,1
1507,4,-547.5341,587.6117,114.4812,35.2074,1.000000,0,1
1507,5,884.7578,530.1808,380.9992,89.9199,1.000000,0,1
1507,6,1081.3270,581.5397,241.8453,25.9721,1.000000,0.875,0.125
1508,1,169.3293,589.3370,56.7621,27.0429,1.000000,1,0
1508,2,321.8390,583.4193,105.2537,15.3408,1.000000,1,0
1508,3,145.5357,554.5635,447.3947,69.5823,1.000000,0,1
1508,4,-548.4329,587.6558,114.5035,35.2073,1.000000,0,1
1508,5,884.9842,530.1527,381.0949,89.9302,1.000000,0,1
1508,6,1082.0190,581.6110,241.9768,25.9784,1.000000,0.4375,0.5625
1509,1,168.7556,589.3633,56.7711,27.0414,1.000000,1,0
1509,2,321.2718,583.4142,105.2487,15.3388,1.000000,1,0
1509,3,145.9459,554.4575,447.4039,69.5822,1.000000,0,1
1509,4,-549.3268,587.6991,114.5254,35.2070,1.000000,0,1
1509,5,885.2111,530.1282,381.1908,89.9406,1.000000,0,1
1509,6,1082.7110,581.6818,242.1083,25.9847,1.000000,0.75,0.25
1510,1,168.1826,589.3850,56.7799,27.0397,1.000000,1,0
1510,2,320.7040,583.4066,105.2439,15.3367,1.000000,1,0
1510,3,146.3544,554.3493,447.4136,69.5822,1.000000,0,1
1510,4,-550.2184,587.7407,114.5469,35.2065,1.000000,0,1
1510,5,885.4384,530.1078,381.2870,89.9513,1.000000,0,1
1510,6,1083.4030,581.7511,242.2396,25.9909,1.000000,0.625,0.375
1511,1,167.6087,589.4029,56.7888,27.0378,1.000000,0.9375,0.0625
1511,2,320.1355,583.3972,105.2394,15.3345,1.000000,1,0
1511,3,146.7617,554.2373,447.4230,69.5819,1.000000,0,1
1511,4,-551.1027,587.7822,114.5677,35.2059,1.000000,0,1
1511,5,885.6660,530.0913,381.3834,89.9621,1.000000,0,1
1511,6,1084.0950,581.8210,242.3706,25.9971,1.000000,0.8125,0.1875
1512,1,167.0354,589.4167,56.7977,27.0357,1.000000,1,0
1512,2,319.5659,583.3860,105.2355,15.3323,1.000000,1,0
1512,3,147.1675,554.1231,447.4328,69.5817,1.000000,0,1
1512,4,-551.9799,587.8226,114.5878,35.2049,1.000000,0,1
1512,5,885.8940,530.0784,381.4795,89.9732,1.000000,0,1
1512,6,1084.7860,581.8903,242.5011,26.0032,1.000000,0.5625,0.4375
1513,1,166.4640,589.4260,56.8063,27.0334,1.000000,0.875,0.125
1513,2,318.9949,583.3731,105.2318,15.3300,1.000000,1,0
1513,3,147.5711,554.0076,447.4433,69.5814,1.000000,0,1
1513,4,-552.8480,587.8610,114.6064,35.2036,1.000000,0,1
1513,5,886.1223,530.0695,381.5759,89.9844,1.000000,0,1
1513,6,1085.4780,581.9580,242.6310,26.0093,1.000000,0.625,0.375
1514,1,165.8930,589.4309,56.8148,27.0308,1.000000,1,0
1514,2,318.4225,583.3594,105.2284,15.3278,1.000000,1,0
1514,3,147.9729,553.8879,447.4540,69.5811,1.000000,0,1
1514,4,-553.7081,587.8989,114.6242,35.2020,1.000000,0,1
1514,5,886.3508,530.0642,381.6728,89.9959,1.000000,0,1
1514,6,1086.1700,582.0258,242.7605,26.0152,1.000000,0.6875,0.3125
1515,1,165.3229,589.4316,56.8234,27.0280,1.000000,0.8125,0.1875
1515,2,317.8485,583.3447,105.2254,15.3255,1.000000,1,0
1515,3,148.3726,553.7661,447.4653,69.5808,1.000000,0,1
1515,4,-554.5603,587.9352,114.6412,35.2002,1.000000,0,1
1515,5,886.5796,530.0622,381.7693,90.0074,1.000000,0,1
1515,6,1086.8610,582.0923,242.8890,26.0212,1.000000,0.875,0.125
1516,1,164.7540,589.4286,56.8317,27.0249,1.000000,0.9375,0.0625
1516,2,317.2729,583.3291,105.2228,15.3232,1.000000,1,0
1516,3,148.7704,553.6434,447.4774,69.5806,1.000000,0,1
1516,4,-555.4047,587.9691,114.6571,35.1979,1.000000,0,1
1516,5,886.8085,530.0635,381.8659,90.0192,1.000000,0,1
1516,6,1087.5530,582.1560,243.0172,26.0269,1.000000,0.875,0.125
1517,1,164.1851,589.4204,56.8399,27.0216,1.000000,1,0
1517,2,316.6954,583.3137,105.2207,15.3211,1.000000,1,0
1517,3,149.1667,553.5175,447.4897,69.5803,1.000000,0,1
1517,4,-556.2397,588.0021,114.6720,35.1953,1.000000,0,1
1517,5,887.0374,530.0685,381.9628,90.0310,1.000000,0,1
1517,6,1088.2430,582.2183,243.1439,26.0326,1.000000,0.375,0.625
1518,1,163.6171,589.4086,56.8478,27.0180,1.000000,0.75,0.25
1518,2,316.1161,583.2985,105.2191,15.3190,1.000000,1,0
1518,3,149.5614,553.3901,447.5023,69.5800,1.000000,0,1
1518,4,-557.0657,588.0336,114.6860,35.1925,1.000000,0,1
1518,5,887.2662,530.0765,382.0593,90.0431,1.000000,0,1
1518,6,1088.9340,582.2778,243.2701,26.0381,1.000000,0.875,0.125
1519,1,163.0504,589.3942,56.8558,27.0143,1.000000,0.875,0.125
1519,2,315.5354,583.2837,105.2179,15.3169,1.000000,1,0
1519,3,149.9546,553.2629,447.5157,69.5799,1.000000,0,1
1519,4,-557.8823,588.0626,114.6986,35.1892,1.000000,0,1
1519,5,887.4950,530.0873,382.1559,90.0552,1.000000,0,1
1519,6,1089.6240,582.3331,243.3956,26.0435,1.000000,0.75,0.25
1520,1,162.4844,589.3751,56.8634,27.0102,1.000000,0.9375,0.0625
1520,2,314.9527,583.2697,105.2171,15.3151,1.000000,1,0
1520,3,150.3471,553.1330,447.5294,69.5796,1.000000,0,1
1520,4,-558.6891,588.0901,114.7101,35.1855,1.000000,0,1
1520,5,887.7233,530.1008,382.2524,90.0675,1.000000,0,1
1520,6,1090.3130,582.3851,243.5194,26.0487,1.000000,0.6875,0.3125
1521,1,161.9199,589.3528,56.8707,27.0060,1.000000,0.9375,0.0625
1521,2,314.3682,583.2561,105.2167,15.3133,1.000000,1,0
1521,3,150.7395,553.0021,447.5431,69.5794,1.000000,0,1
1521,4,-559.4863,588.1153,114.7204,35.1814,1.000000,0,1
1521,5,887.9511,530.1166,382.3486,90.0798,1.000000,0,1
1521,6,1091.0000,582.4329,243.6427,26.0538,1.000000,0.75,0.25
1522,1,161.3572,589.3287,56.8782,27.0015,1.000000,0.8125,0.1875
1522,2,313.7820,583.2428,105.2167,15.3115,1.000000,1,0
1522,3,151.1318,552.8715,447.5576,69.5793,1.000000,0,1
1522,4,-560.2739,588.1376,114.7299,35.1768,1.000000,0,1
1522,5,888.1787,530.1344,382.4446,90.0922,1.000000,0,1
1522,6,1091.6870,582.4753,243.7650,26.0588,1.000000,0.5,0.5
1523,1,160.7955,589.3008,56.8850,26.9969,1.000000,0.8125,0.1875
1523,2,313.1940,583.2309,105.2170,15.3098,1.000000,1,0
1523,3,151.5247,552.7388,447.5714,69.5790,1.000000,0,1
1523,4,-561.0502,588.1579,114.7379,35.1719,1.000000,0,1
1523,5,888.4061,530.1543,382.5406,90.1047,1.000000,0,1
1523,6,1092.3710,582.5132,243.8865,26.0636,1.000000,0.625,0.375
1524,1,160.2353,589.2703,56.8919,26.9920,1.000000,0.875,0.125
1524,2,312.6045,583.2197,105.2177,15.3083,1.000000,1,0
1524,3,151.9175,552.6063,447.5854,69.5787,1.000000,0,1
1524,4,-561.8173,588.1760,114.7448,35.1666,1.000000,0,1
1524,5,888.6334,530.1757,382.6367,90.1174,1.000000,0,1
1524,6,1093.0540,582.5451,244.0072,26.0682,1.000000,0.6875,0.3125
1525,1,159.6779,589.2380,56.8984,26.9868,1.000000,0.75,0.25
1525,2,312.0132,583.2089,105.2185,15.3069,1.000000,1,0
1525,3,152.3097,552.4764,447.5997,69.5787,1.000000,0,1
1525,4,-562.5762,588.1918,114.7512,35.1609,1.000000,0,1
1525,5,888.8607,530.1987,382.7323,90.1299,1.000000,0,1
1525,6,1093.7360,582.5698,244.1273,26.0728,1.000000,0.5625,0.4375
1526,1,159.1214,589.2023,56.9046,26.9814,1.000000,0.75,0.25
1526,2,311.4202,583.1992,105.2197,15.3054,1.000000,1,0
1526,3,152.7017,552.3468,447.6137,69.5785,1.000000,0,1
1526,4,-563.3229,588.2053,114.7555,35.1547,1.000000,0,1
1526,5,889.0881,530.2224,382.8279,90.1425,1.000000,0,1
1526,6,1094.4170,582.5874,244.2471,26.0771,1.000000,0.6875,0.3125
1527,1,158.5671,589.1639,56.9105,26.9759,1.000000,0.25,0.75
1527,2,310.8256,583.1901,105.2209,15.3041,1.000000,1,0
1527,3,153.0934,552.2191,447.6275,69.5784,1.000000,0,1
1527,4,-564.0600,588.2170,114.7589,35.1481,1.000000,0,1
1527,5,889.3156,530.2471,382.9233,90.1551,1.000000,0,1
1527,6,1095.0980,582.5988,244.3663,26.0814,1.000000,0.625,0.375
1528,1,158.0151,589.1245,56.9162,26.9700,1.000000,0.6875,0.3125
1528,2,310.2298,583.1808,105.2222,15.3027,1.000000,1,0
1528,3,153.4846,552.0945,447.6416,69.5784,1.000000,0,1
1528,4,-564.7906,588.2271,114.7621,35.1414,1.000000,0,1
1528,5,889.5435,530.2737,383.0186,90.1676,1.000000,0,1
1528,6,1095.7780,582.6037,244.4860,26.0856,1.000000,0.5625,0.4375
1529,1,157.4636,589.0817,56.9215,26.9641,1.000000,0.5625,0.4375
1529,2,309.6329,583.1725,105.2237,15.3014,1.000000,1,0
1529,3,153.8763,551.9704,447.6548,69.5783,1.000000,0,1
1529,4,-565.5126,588.2354,114.7638,35.1342,1.000000,0,1
1529,5,889.7719,530.3013,383.1140,90.1803,1.000000,0,1
1529,6,1096.4580,582.6022,244.6057,26.0898,1.000000,0.8125,0.1875
1530,1,156.9134,589.0372,56.9266,26.9579,1.000000,0.75,0.25
1530,2,309.0358,583.1647,105.2250,15.3002,1.000000,1,0
1530,3,154.2681,551.8483,447.6678,69.5783,1.000000,0,1
1530,4,-566.2275,588.2424,114.7649,35.1269,1.000000,0,1
1530,5,890.0007,530.3302,383.2092,90.1929,1.000000,0,1
1530,6,1097.1370,582.5957,244.7260,26.0939,1.000000,0.625,0.375
1531,1,156.3651,588.9921,56.9317,26.9516,1.000000,0.5,0.5
1531,2,308.4386,583.1570,105.2263,15.2989,1.000000,1,0
1531,3,154.6603,551.7295,447.6807,69.5783,1.000000,0,1
1531,4,-566.9366,588.2484,114.7653,35.1192,1.000000,0,1
1531,5,890.2303,530.3599,383.3043,90.2055,1.000000,0,1
1531,6,1097.8160,582.5847,244.8463,26.0980,1.000000,0.5,0.5
1532,1,155.8181,588.9433,56.9363,26.9450,1.000000,0.625,0.375
1532,2,307.8418,583.1499,105.2274,15.2977,1.000000,1,0
1532,3,155.0529,551.6112,447.6930,69.5783,1.000000,0,1
1532,4,-567.6401,588.2531,114.7650,35.1113,1.000000,0,1
1532,5,890.4601,530.3913,383.3990,90.2181,1.000000,0,1
1532,6,1098.4950,582.5690,244.9675,26.1021,1.000000,0.8125,0.1875
1533,1,155.2728,588.8925,56.9408,26.9382,1.000000,0.375,0.625
1533,2,307.2452,583.1429,105.2285,15.2964,1.000000,1,0
1533,3,155.4459,551.4948,447.7052,69.5782,1.000000,0,1
1533,4,-568.3392,588.2572,114.7640,35.1033,1.000000,0,1
1533,5,890.6904,530.4244,383.4937,90.2308,1.000000,0,1
1533,6,1099.1730,582.5499,245.0887,26.1062,1.000000,0.8125,0.1875
1534,1,154.7295,588.8405,56.9451,26.9314,1.000000,0.5,0.5
1534,2,306.6495,583.1359,105.2294,15.2951,1.000000,1,0
1534,3,155.8391,551.3812,447.7174,69.5783,1.000000,0,1
1534,4,-569.0350,588.2612,114.7629,35.0952,1.000000,0,1
1534,5,890.9213,530.4587,383.5888,90.2436,1.000000,0,1
1534,6,1099.8520,582.5284,245.2111,26.1104,1.000000,0.75,0.25
1535,1,154.1864,588.7847,56.9494,26.9243,1.000000,0.6875,0.3125
1535,2,306.0549,583.1292,105.2300,15.2938,1.000000,1,0
1535,3,156.2328,551.2682,447.7291,69.5784,1.000000,0,1
1535,4,-569.7281,588.2645,114.7609,35.0869,1.000000,0,1
1535,5,891.1527,530.4954,383.6835,90.2563,1.000000,0,1
1535,6,1100.5310,582.5036,245.3340,26.1145,1.000000,0.5,0.5
1536,1,153.6448,588.7270,56.9534,26.9171,1.000000,0.375,0.625
1536,2,305.4614,583.1227,105.2304,15.2924,1.000000,1,0
1536,3,156.6262,551.1566,447.7411,69.5785,1.000000,0,1
1536,4,-570.4186,588.2678,114.7594,35.0786,1.000000,0,1
1536,5,891.3849,530.5342,383.7786,90.2691,1.000000,0,1
1536,6,1101.2090,582.4771,245.4575,26.1187,1.000000,0.625,0.375
1537,1,153.1047,588.6685,56.9574,26.9098,1.000000,0.625,0.375
1537,2,304.8691,583.1157,105.2306,15.2911,1.000000,1,0
1537,3,157.0187,551.0475,447.7540,69.5789,1.000000,0,1
1537,4,-571.1059,588.2715,114.7570,35.0703,1.000000,0,1
1537,5,891.6180,530.5752,383.8737,90.2822,1.000000,0,1
1537,6,1101.8880,582.4497,245.5820,26.1231,1.000000,0.6875,0.3125
1538,1,152.5650,588.6061,56.9614,26.9023,1.000000,0.5,0.5
1538,2,304.2784,583.1093,105.2304,15.2897,1.000000,1,0
1538,3,157.4115,550.9382,447.7666,69.5793,1.000000,0,1
1538,4,-571.7917,588.2758,114.7541,35.0618,1.000000,0,1
1538,5,891.8515,530.6191,383.9687,90.2952,1.000000,0,1
1538,6,1102.5690,582.4201,245.7073,26.1274,1.000000,0.6875,0.3125
1539,1,152.0266,588.5414,56.9651,26.8947,1.000000,0.5,0.5
1539,2,303.6891,583.1028,105.2300,15.2883,1.000000,1,0
1539,3,157.8033,550.8301,447.7799,69.5798,1.000000,0,1
1539,4,-572.4766,588.2808,114.7516,35.0535,1.000000,0,1
1539,5,892.0855,530.6659,384.0634,90.3083,1.000000,0,1
1539,6,1103.2510,582.3901,245.8336,26.1318,1.000000,0.625,0.375
1540,1,151.4896,588.4761,56.9689,26.8872,1.000000,0.375,0.625
1540,2,303.1011,583.0962,105.2294,15.2868,1.000000,1,0
1540,3,158.1942,550.7242,447.7942,69.5805,1.000000,0,1
1540,4,-573.1595,588.2874,114.7485,35.0451,1.000000,0,1
1540,5,892.3201,530.7157,384.1581,90.3215,1.000000,0,1
1540,6,1103.9350,582.3615,245.9611,26.1363,1.000000,0.5625,0.4375
1541,1,150.9520,588.4069,56.9727,26.8793,1.000000,0.4375,0.5625
1541,2,302.5151,583.0902,105.2282,15.2853,1.000000,1,0
1541,3,158.5842,550.6181,447.8091,69.5814,1.000000,0,1
1541,4,-573.8434,588.2953,114.7455,35.0369,1.000000,0,1
1541,5,892.5555,530.7692,384.2531,90.3349,1.000000,0,1
1541,6,1104.6190,582.3341,246.0894,26.1409,1.000000,0.625,0.375
1542,1,150.4145,588.3359,56.9765,26.8715,1.000000,0.3125,0.6875
1542,2,301.9302,583.0845,105.2270,15.2838,1.000000,1,0
1542,3,158.9727,550.5131,447.8251,69.5824,1.000000,0,1
1542,4,-574.5283,588.3049,114.7427,35.0288,1.000000,0,1
1542,5,892.7916,530.8261,384.3481,90.3485,1.000000,0,1
1542,6,1105.3050,582.3082,246.2181,26.1456,1.000000,0.5625,0.4375
1543,1,149.8775,588.2654,56.9804,26.8636,1.000000,0.1875,0.8125
1543,2,301.3465,583.0786,105.2253,15.2822,1.000000,1,0
1543,3,159.3595,550.4097,447.8427,69.5838,1.000000,0,1
1543,4,-575.2131,588.3162,114.7397,35.0209,1.000000,0,1
1543,5,893.0283,530.8860,384.4431,90.3621,1.000000,0,1
1543,6,1105.9910,582.2842,246.3475,26.1504,1.000000,0.5625,0.4375
1544,1,149.3401,588.1921,56.9841,26.8557,1.000000,0.3125,0.6875
1544,2,300.7644,583.0728,105.2231,15.2806,1.000000,1,0
1544,3,159.7446,550.3057,447.8614,69.5854,1.000000,0,1
1544,4,-575.9000,588.3300,114.7366,35.0130,1.000000,0,1
1544,5,893.2654,530.9507,384.5380,90.3759,1.000000,0,1
1544,6,1106.6770,582.2609,246.4771,26.1551,1.000000,0.5625,0.4375
1545,1,148.8031,588.1179,56.9880,26.8478,1.000000,0.4375,0.5625
1545,2,300.1841,583.0670,105.2207,15.2789,1.000000,1,0
1545,3,160.1278,550.2025,447.8814,69.5872,1.000000,0,1
1545,4,-576.5863,588.3459,114.7343,35.0054,1.000000,0,1
1545,5,893.5032,531.0190,384.6332,90.3899,1.000000,0,1
1545,6,1107.3630,582.2386,246.6066,26.1599,1.000000,0.625,0.375
1546,1,148.2672,588.0452,56.9919,26.8398,1.000000,0.1875,0.8125
1546,2,299.6053,583.0613,105.2180,15.2771,1.000000,1,0
1546,3,160.5088,550.1006,447.9036,69.5895,1.000000,0,1
1546,4,-577.2712,588.3641,114.7307,34.9977,1.000000,0,1
1546,5,893.7415,531.0905,384.7280,90.4041,1.000000,0,1
1546,6,1108.0490,582.2177,246.7363,26.1647,1.000000,0.5,0.5
1547,1,147.7307,587.9700,56.9956,26.8318,1.000000,0.125,0.875
1547,2,299.0287,583.0557,105.2148,15.2753,1.000000,1,0
1547,3,160.8881,549.9987,447.9269,69.5918,1.000000,0,1
1547,4,-577.9603,588.3856,114.7280,34.9905,1.000000,0,1
1547,5,893.9802,531.1667,384.8224,90.4181,1.000000,0,1
1547,6,1108.7350,582.1965,246.8661,26.1696,1.000000,0.4375,0.5625
1548,1,147.1946,587.8947,56.9995,26.8238,1.000000,0.125,0.875
1548,2,298.4538,583.0496,105.2115,15.2736,1.000000,1,0
1548,3,161.2657,549.8984,447.9514,69.5945,1.000000,0,1
1548,4,-578.6514,588.4098,114.7255,34.9835,1.000000,0,1
1548,5,894.2195,531.2469,384.9169,90.4325,1.000000,0,1
1548,6,1109.4210,582.1757,246.9954,26.1743,1.000000,0.75,0.25
1549,1,146.6596,587.8210,57.0032,26.8158,1.000000,0.1875,0.8125
1549,2,297.8801,583.0433,105.2079,15.2717,1.000000,1,0
1549,3,161.6409,549.8007,447.9780,69.5976,1.000000,0,1
1549,4,-579.3416,588.4363,114.7230,34.9765,1.000000,0,1
1549,5,894.4592,531.3302,385.0110,90.4469,1.000000,0,1
1549,6,1110.1070,582.1555,247.1245,26.1791,1.000000,0.6875,0.3125
1550,1,146.1246,587.7452,57.0069,26.8078,1.000000,0.375,0.625
1550,2,297.3083,583.0364,105.2039,15.2697,1.000000,1,0
1550,3,162.0152,549.7031,448.0058,69.6010,1.000000,0,1
1550,4,-580.0319,588.4667,114.7201,34.9699,1.000000,0,1
1550,5,894.6996,531.4182,385.1046,90.4613,1.000000,0,1
1550,6,1110.7920,582.1350,247.2534,26.1838,1.000000,0.5,0.5
1551,1,145.5907,587.6693,57.0105,26.7996,1.000000,0.0625,0.9375
1551,2,296.7378,583.0286,105.1997,15.2677,1.000000,1,0
1551,3,162.3886,549.6076,448.0349,69.6046,1.000000,0,1
1551,4,-580.7216,588.5001,114.7172,34.9634,1.000000,0,1
1551,5,894.9402,531.5095,385.1980,90.4760,1.000000,0,1
1551,6,1111.4780,582.1145,247.3821,26.1885,1.000000,0.625,0.375
1552,1,145.0585,587.5950,57.0140,26.7915,1.000000,0.0625,0.9375
1552,2,296.1688,583.0200,105.1951,15.2655,1.000000,1,0
1552,3,162.7606,549.5157,448.0659,69.6087,1.000000,0,1
1552,4,-581.4097,588.5359,114.7141,34.9570,1.000000,0,1
1552,5,895.1810,531.6036,385.2912,90.4905,1.000000,0,1
1552,6,1112.1620,582.0942,247.5103,26.1932,1.000000,0.75,0.25
1553,1,144.5267,587.5185,57.0173,26.7833,1.000000,0.1875,0.8125
1553,2,295.6012,583.0103,105.1902,15.2633,1.000000,1,0
1553,3,163.1328,549.4249,448.0975,69.6130,1.000000,0,1
1553,4,-582.0980,588.5762,114.7112,34.9509,1.000000,0,1
1553,5,895.4225,531.7021,385.3834,90.5051,1.000000,0,1
1553,6,1112.8480,582.0733,247.6387,26.1978,1.000000,0.5625,0.4375
1554,1,143.9962,587.4420,57.0204,26.7750,1.000000,0.125,0.875
1554,2,295.0349,582.9998,105.1851,15.2610,1.000000,1,0
1554,3,163.5049,549.3372,448.1299,69.6174,1.000000,0,1
1554,4,-582.7831,588.6190,114.7072,34.9449,1.000000,0,1
1554,5,895.6642,531.8035,385.4750,90.5197,1.000000,0,1
1554,6,1113.5330,582.0528,247.7671,26.2025,1.000000,0.625,0.375
1555,1,143.4683,587.3668,57.0231,26.7666,1.000000,0.0625,0.9375
1555,2,294.4699,582.9885,105.1795,15.2585,1.000000,1,0
1555,3,163.8763,549.2548,448.1638,69.6224,1.000000,0,1
1555,4,-583.4646,588.6631,114.7030,34.9388,1.000000,0,1
1555,5,895.9060,531.9070,385.5656,90.5340,1.000000,0,1
1555,6,1114.2180,582.0338,247.8948,26.2071,1.000000,0.75,0.25
1556,1,142.9413,587.2890,57.0257,26.7580,1.000000,0.0625,0.9375
1556,2,293.9064,582.9758,105.1735,15.2559,1.000000,1,0
1556,3,164.2486,549.1758,448.1979,69.6275,1.000000,0,1
1556,4,-584.1442,588.7120,114.6988,34.9330,1.000000,0,1
1556,5,896.1482,532.0143,385.6549,90.5483,1.000000,0,1
1556,6,1114.9020,582.0157,248.0225,26.2118,1.000000,0.6875,0.3125
1557,1,142.4163,587.2108,57.0281,26.7493,1.000000,0.0625,0.9375
1557,2,293.3443,582.9621,105.1672,15.2533,1.000000,1,0
1557,3,164.6214,549.1012,448.2325,69.6329,1.000000,0,1
1557,4,-584.8179,588.7632,114.6936,34.9272,1.000000,0,1
1557,5,896.3906,532.1241,385.7438,90.5626,1.000000,0,1
1557,6,1115.5870,581.9993,248.1500,26.2164,1.000000,0.625,0.375
1558,1,141.8934,587.1344,57.0301,26.7406,1.000000,0,1
1558,2,292.7835,582.9477,105.1604,15.2505,1.000000,1,0
1558,3,164.9946,549.0324,448.2675,69.6386,1.000000,0,1
1558,4,-585.4821,588.8145,114.6870,34.9211,1.000000,0,1
1558,5,896.6329,532.2353,385.8309,90.5765,1.000000,0,1
1558,6,1116.2710,581.9852,248.2771,26.2210,1.000000,0.75,0.25
1559,1,141.3719,587.0556,57.0321,26.7317,1.000000,0.0625,0.9375
1559,2,292.2247,582.9321,105.1531,15.2476,1.000000,1,0
1559,3,165.3693,548.9678,448.3024,69.6444,1.000000,0,1
1559,4,-586.1444,588.8698,114.6805,34.9152,1.000000,0,1
1559,5,896.8754,532.3492,385.9166,90.5902,1.000000,0,1
1559,6,1116.9540,581.9727,248.4044,26.2257,1.000000,0.5625,0.4375
1560,1,140.8523,586.9764,57.0338,26.7228,1.000000,0,1
1560,2,291.6676,582.9152,105.1452,15.2445,1.000000,1,0
1560,3,165.7449,548.9080,448.3376,69.6503,1.000000,0,1
1560,4,-586.8000,588.9263,114.6730,34.9092,1.000000,0,1
1560,5,897.1178,532.4646,386.0010,90.6037,1.000000,0,1
1560,6,1117.6380,581.9623,248.5310,26.2303,1.000000,0.375,0.625
1561,1,140.3347,586.8988,57.0356,26.7139,1.000000,0,1
1561,2,291.1122,582.8971,105.1371,15.2413,1.000000,1,0
1561,3,166.1214,548.8542,448.3728,69.6566,1.000000,0,1
1561,4,-587.4457,588.9818,114.6644,34.9030,1.000000,0,1
1561,5,897.3597,532.5804,386.0833,90.6167,1.000000,0,1
1561,6,1118.3220,581.9545,248.6575,26.2349,1.000000,0.375,0.625
1562,1,139.8184,586.8187,57.0371,26.7049,1.000000,0,1
1562,2,290.5591,582.8774,105.1281,15.2379,1.000000,1,0
1562,3,166.4998,548.8055,448.4077,69.6630,1.000000,0,1
1562,4,-588.0864,589.0396,114.6553,34.8966,1.000000,0,1
1562,5,897.6016,532.6981,386.1640,90.6294,1.000000,0,1
1562,6,1119.0060,581.9489,248.7838,26.2395,1.000000,0.75,0.25
1563,1,139.3039,586.7387,57.0384,26.6958,1.000000,0,1
1563,2,290.0082,582.8561,105.1187,15.2344,1.000000,1,0
1563,3,166.8794,548.7625,448.4421,69.6695,1.000000,0,1
1563,4,-588.7184,589.0971,114.6447,34.8901,1.000000,0,1
1563,5,897.8434,532.8164,386.2429,90.6418,1.000000,0,1
1563,6,1119.6900,581.9457,248.9098,26.2441,1.000000,0.875,0.125
1564,1,138.7910,586.6608,57.0397,26.6867,1.000000,0,1
1564,2,289.4590,582.8325,105.1089,15.2313,1.000000,1,0
1564,3,167.2598,548.7249,448.4766,69.6762,1.000000,0,1
1564,4,-589.3397,589.1530,114.6332,34.8832,1.000000,0,1
1564,5,898.0845,532.9344,386.3198,90.6537,1.000000,0,1
1564,6,1120.3750,581.9454,249.0355,26.2488,1.000000,0.5625,0.4375
1565,1,138.2794,586.5812,57.0409,26.6776,1.000000,0,1
1565,2,288.9122,582.8057,105.0981,15.2285,1.000000,1,0
1565,3,167.6418,548.6912,448.5109,69.6830,1.000000,0,1
1565,4,-589.9549,589.2113,114.6215,34.8764,1.000000,0,1
1565,5,898.3254,533.0531,386.3948,90.6652,1.000000,0,1
1565,6,1121.0610,581.9476,249.1614,26.2534,1.000000,0.6875,0.3125
1566,1,137.7689,586.5022,57.0420,26.6685,1.000000,0,1
1566,2,288.3673,582.7763,105.0869,15.2257,1.000000,1,0
1566,3,168.0254,548.6614,448.5447,69.6899,1.000000,0,1
1566,4,-590.5636,589.2693,114.6090,34.8695,1.000000,0,1
1566,5,898.5658,533.1715,386.4678,90.6762,1.000000,0,1
1566,6,1121.7470,581.9525,249.2866,26.2581,1.000000,0.625,0.375
1567,1,137.2592,586.4258,57.0432,26.6596,1.000000,0,1
1567,2,287.8243,582.7445,105.0750,15.2227,1.000000,1,0
1567,3,168.4107,548.6351,448.5780,69.6969,1.000000,0,1
1567,4,-591.1656,589.3242,114.5958,34.8621,1.000000,0,1
1567,5,898.8054,533.2888,386.5386,90.6867,1.000000,0,1
1567,6,1122.4330,581.9602,249.4113,26.2627,1.000000,0.625,0.375
1568,1,136.7506,586.3479,57.0443,26.6505,1.000000,0,1
1568,2,287.2834,582.7093,105.0628,15.2197,1.000000,1,0
1568,3,168.7971,548.6127,448.6111,69.7039,1.000000,0,1
1568,4,-591.7628,589.3801,114.5821,34.8548,1.000000,0,1
1568,5,899.0441,533.4062,386.6071,90.6967,1.000000,0,1
1568,6,1123.1200,581.9708,249.5356,26.2673,1.000000,0.625,0.375
1569,1,136.2427,586.2708,57.0454,26.6415,1.000000,0,1
1569,2,286.7443,582.6710,105.0500,15.2166,1.000000,1,0
1569,3,169.1845,548.5945,448.6437,69.7110,1.000000,0,1
1569,4,-592.3539,589.4344,114.5676,34.8472,1.000000,0,1
1569,5,899.2817,533.5225,386.6735,90.7062,1.000000,0,1
1569,6,1123.8060,581.9836,249.6593,26.2718,1.000000,0.8125,0.1875
1570,1,135.7352,586.1959,57.0466,26.6326,1.000000,0,1
1570,2,286.2072,582.6295,105.0366,15.2133,1.000000,1,0
1570,3,169.5724,548.5807,448.6762,69.7183,1.000000,0,1
1570,4,-592.9380,589.4848,114.5526,34.8392,1.000000,0,1
1570,5,899.5185,533.6368,386.7377,90.7151,1.000000,0,1
1570,6,1124.4920,581.9988,249.7820,26.2763,1.000000,0.8125,0.1875
1571,1,135.2275,586.1198,57.0478,26.6237,1.000000,0,1
1571,2,285.6717,582.5840,105.0228,15.2100,1.000000,1,0
1571,3,169.9611,548.5690,448.7086,69.7256,1.000000,0,1
1571,4,-593.5178,589.5347,114.5373,34.8311,1.000000,0,1
1571,5,899.7547,533.7499,386.7999,90.7236,1.000000,0,1
1571,6,1125.1780,582.0159,249.9045,26.2808,1.000000,0.375,0.625
1572,1,134.7197,586.0443,57.0490,26.6149,1.000000,0,1
1572,2,285.1377,582.5349,105.0086,15.2066,1.000000,1,0
1572,3,170.3513,548.5600,448.7403,69.7329,1.000000,0,1
1572,4,-594.0928,589.5814,114.5212,34.8228,1.000000,0,1
1572,5,899.9902,533.8608,386.8601,90.7315,1.000000,0,1
1572,6,1125.8630,582.0349,250.0267,26.2852,1.000000,0.875,0.125
1573,1,134.2124,585.9709,57.0501,26.6061,1.000000,0,1
1573,2,284.6054,582.4828,104.9941,15.2031,1.000000,1,0
1573,3,170.7421,548.5544,448.7720,69.7404,1.000000,0,1
1573,4,-594.6624,589.6228,114.5049,34.8139,1.000000,0,1
1573,5,900.2252,533.9686,386.9186,90.7389,1.000000,0,1
1573,6,1126.5490,582.0558,250.1483,26.2897,1.000000,0.4375,0.5625
1574,1,133.7060,585.8965,57.0513,26.5973,1.000000,0,1
1574,2,284.0753,582.4265,104.9793,15.1996,1.000000,1,0
1574,3,171.1340,548.5510,448.8038,69.7479,1.000000,0,1
1574,4,-595.2263,589.6617,114.4880,34.8048,1.000000,0,1
1574,5,900.4602,534.0740,386.9757,90.7458,1.000000,0,1
1574,6,1127.2350,582.0790,250.2699,26.2941,1.000000,0.625,0.375
1575,1,133.2007,585.8227,57.0524,26.5885,1.000000,0,1
1575,2,283.5471,582.3666,104.9643,15.1960,1.000000,1,0
1575,3,171.5271,548.5500,448.8354,69.7555,1.000000,0,1
1575,4,-595.7842,589.6962,114.4706,34.7952,1.000000,0,1
1575,5,900.6952,534.1766,387.0313,90.7522,1.000000,0,1
1575,6,1127.9220,582.1042,250.3916,26.2987,1.000000,0.6875,0.3125
1576,1,132.6965,585.7509,57.0535,26.5797,1.000000,0,1
1576,2,283.0203,582.3043,104.9492,15.1923,1.000000,1,0
1576,3,171.9212,548.5526,448.8668,69.7631,1.000000,0,1
1576,4,-596.3370,589.7249,114.4528,34.7852,1.000000,0,1
1576,5,900.9296,534.2758,387.0856,90.7583,1.000000,0,1
1576,6,1128.6080,582.1314,250.5128,26.3031,1.000000,0.5,0.5
1577,1,132.1940,585.6771,57.0542,26.5709,1.000000,0,1
1577,2,282.4951,582.2374,104.9338,15.1886,1.000000,1,0
1577,3,172.3168,548.5581,448.8981,69.7710,1.000000,0,1
1577,4,-596.8839,589.7491,114.4344,34.7748,1.000000,0,1
1577,5,901.1636,534.3724,387.1382,90.7638,1.000000,0,1
1577,6,1129.2940,582.1612,250.6340,26.3076,1.000000,0.5,0.5
1578,1,131.6923,585.6033,57.0552,26.5621,1.000000,0,1
1578,2,281.9706,582.1677,104.9184,15.1849,1.000000,1,0
1578,3,172.7137,548.5667,448.9293,69.7789,1.000000,0,1
1578,4,-597.4257,589.7681,114.4153,34.7640,1.000000,0,1
1578,5,901.3974,534.4662,387.1896,90.7689,1.000000,0,1
1578,6,1129.9800,582.1932,250.7545,26.3121,1.000000,0.6875,0.3125
1579,1,131.1911,585.5304,57.0562,26.5534,1.000000,0,1
1579,2,281.4468,582.0962,104.9027,15.1811,1.000000,1,0
1579,3,173.1122,548.5781,448.9601,69.7868,1.000000,0,1
1579,4,-597.9635,589.7802,114.3964,34.7526,1.000000,0,1
1579,5,901.6304,534.5558,387.2399,90.7736,1.000000,0,1
1579,6,1130.6650,582.2278,250.8745,26.3165,1.000000,0.5,0.5
1580,1,130.6920,585.4552,57.0570,26.5444,1.000000,0,1
1580,2,280.9239,582.0212,104.8871,15.1773,1.000000,1,0
1580,3,173.5125,548.5934,448.9904,69.7948,1.000000,0,1
1580,4,-598.4955,589.7865,114.3767,34.7408,1.000000,0,1
1580,5,901.8628,534.6423,387.2889,90.7779,1.000000,0,1
1580,6,1131.3510,582.2654,250.9944,26.3210,1.000000,0.4375,0.5625
1581,1,130.1935,585.3784,57.0578,26.5355,1.000000,0,1
1581,2,280.4019,581.9443,104.8712,15.1735,1.000000,1,0
1581,3,173.9143,548.6115,449.0204,69.8029,1.000000,0,1
1581,4,-599.0223,589.7872,114.3569,34.7285,1.000000,0,1
1581,5,902.0945,534.7252,387.3369,90.7818,1.000000,0,1
1581,6,1132.0360,582.3054,251.1139,26.3254,1.000000,0.6875,0.3125
1582,1,129.6948,585.3004,57.0586,26.5264,1.000000,0,1
1582,2,279.8806,581.8668,104.8552,15.1695,1.000000,1,0
1582,3,174.3182,548.6313,449.0494,69.8108,1.000000,0,1
1582,4,-599.5458,589.7818,114.3362,34.7157,1.000000,0,1
1582,5,902.3251,534.8038,387.3834,90.7852,1.000000,0,1
1582,6,1132.7190,582.3479,251.2322,26.3298,1.000000,0.625,0.375
1583,1,129.1977,585.2194,57.0591,26.5172,1.000000,0,1
1583,2,279.3603,581.7870,104.8391,15.1657,1.000000,1,0
1583,3,174.7240,548.6545,449.0781,69.8189,1.000000,0,1
1583,4,-600.0649,589.7692,114.3156,34.7024,1.000000,0,1
1583,5,902.5549,534.8788,387.4288,90.7882,1.000000,0,1
1583,6,1133.4020,582.3932,251.3501,26.3342,1.000000,0.6875,0.3125
1584,1,128.7010,585.1364,57.0598,26.5079,1.000000,0,1
1584,2,278.8408,581.7061,104.8228,15.1617,1.000000,1,0
1584,3,175.1318,548.6801,449.1060,69.8268,1.000000,0,1
1584,4,-600.5801,589.7502,114.2944,34.6886,1.000000,0,1
1584,5,902.7838,534.9500,387.4733,90.7909,1.000000,0,1
1584,6,1134.0830,582.4408,251.4672,26.3386,1.000000,0.625,0.375
1585,1,128.2039,585.0527,57.0604,26.4986,1.000000,0,1
1585,2,278.3216,581.6257,104.8068,15.1578,1.000000,1,0
1585,3,175.5413,548.7078,449.1331,69.8347,1.000000,0,1
1585,4,-601.0925,589.7255,114.2731,34.6744,1.000000,0,1
1585,5,903.0118,535.0167,387.5168,90.7931,1.000000,0,1
1585,6,1134.7630,582.4899,251.5825,26.3428,1.000000,0.4375,0.5625
1586,1,127.7079,584.9659,57.0610,26.4891,1.000000,0,1
1586,2,277.8034,581.5437,104.7906,15.1539,1.000000,1,0
1586,3,175.9522,548.7390,449.1596,69.8427,1.000000,0,1
1586,4,-601.6016,589.6931,114.2515,34.6596,1.000000,0,1
1586,5,903.2386,535.0793,387.5587,90.7949,1.000000,0,1
1586,6,1135.4420,582.5417,251.6973,26.3470,1.000000,0.625,0.375
1587,1,127.2121,584.8778,57.0615,26.4796,1.000000,0,1
1587,2,277.2863,581.4614,104.7742,15.1499,1.000000,1,0
1587,3,176.3643,548.7723,449.1854,69.8506,1.000000,0,1
1587,4,-602.1089,589.6546,114.2298,34.6444,1.000000,0,1
1587,5,903.4641,535.1379,387.5992,90.7962,1.000000,0,1
1587,6,1136.1200,582.5952,251.8110,26.3511,1.000000,0.4375,0.5625
1588,1,126.7157,584.7900,57.0623,26.4702,1.000000,0,1
1588,2,276.7695,581.3800,104.7579,15.1460,1.000000,1,0
1588,3,176.7775,548.8068,449.2105,69.8584,1.000000,0,1
1588,4,-602.6152,589.6110,114.2081,34.6289,1.000000,0,1
1588,5,903.6884,535.1918,387.6385,90.7970,1.000000,0,1
1588,6,1136.7960,582.6492,251.9229,26.3550,1.000000,0.6875,0.3125
1589,1,126.2206,584.6999,57.0631,26.4606,1.000000,0,1
1589,2,276.2533,581.2977,104.7416,15.1420,1.000000,1,0
1589,3,177.1914,548.8434,449.2353,69.8664,1.000000,0,1
1589,4,-603.1167,589.5593,114.1859,34.6127,1.000000,0,1
1589,5,903.9114,535.2413,387.6762,90.7974,1.000000,0,1
1589,6,1137.4710,582.7051,252.0339,26.3589,1.000000,0.5,0.5
1590,1,125.7252,584.6094,57.0639,26.4512,1.000000,0,1
1590,2,275.7374,581.2155,104.7254,15.1381,1.000000,1,0
1590,3,177.6061,548.8808,449.2597,69.8742,1.000000,0,1
1590,4,-603.6178,589.5020,114.1639,34.5962,1.000000,0,1
1590,5,904.1332,535.2867,387.7128,90.7974,1.000000,0,1
1590,6,1138.1450,582.7617,252.1437,26.3627,1.000000,0.5,0.5
1591,1,125.2283,584.5201,57.0648,26.4418,1.000000,0,1
1591,2,275.2217,581.1349,104.7093,15.1342,1.000000,1,0
1591,3,178.0220,548.9185,449.2829,69.8818,1.000000,0,1
1591,4,-604.1192,589.4404,114.1418,34.5794,1.000000,0,1
1591,5,904.3536,535.3275,387.7482,90.7969,1.000000,0,1
1591,6,1138.8180,582.8181,252.2520,26.3663,1.000000,0.4375,0.5625
1592,1,124.7319,584.4297,57.0659,26.4324,1.000000,0,1
1592,2,274.7057,581.0538,104.6934,15.1304,1.000000,1,0
1592,3,178.4375,548.9583,449.3063,69.8896,1.000000,0,1
1592,4,-604.6178,589.3701,114.1196,34.5620,1.000000,0,1
1592,5,904.5730,535.3636,387.7822,90.7960,1.000000,0,1
1592,6,1139.4890,582.8720,252.3595,26.3727,1.000000,0.5,0.5
1593,1,124.2348,584.3398,57.0670,26.4231,1.000000,0,1
1593,2,274.1894,580.9736,104.6777,15.1265,1.000000,1,0
1593,3,178.8524,548.9993,449.3297,69.8973,1.000000,0,1
1593,4,-605.1169,589.2945,114.0975,34.5442,1.000000,0,1
1593,5,904.7914,535.3955,387.8158,90.7946,1.000000,0,1
1593,6,1140.1600,582.9226,252.4658,26.3814,1.000000,0.5,0.5
1594,1,123.7362,584.2523,57.0685,26.4140,1.000000,0,1
1594,2,273.6725,580.8954,104.6622,15.1227,1.000000,1,0
1594,3,179.2664,549.0409,449.3529,69.9051,1.000000,0,1
1594,4,-605.6193,589.2159,114.0757,34.5263,1.000000,0,1
1594,5,905.0092,535.4227,387.8487,90.7931,1.000000,0,1
1594,6,1140.8290,582.9713,252.5708,26.3899,1.000000,0.375,0.625
1595,1,123.2375,584.1653,57.0700,26.4049,1.000000,0,1
1595,2,273.1549,580.8173,104.6470,15.1189,1.000000,1,0
1595,3,179.6790,549.0836,449.3763,69.9130,1.000000,0,1
1595,4,-606.1197,589.1283,114.0533,34.5079,1.000000,0,1
1595,5,905.2262,535.4450,387.8812,90.7912,1.000000,0,1
1595,6,1141.4950,583.0204,252.6746,26.3983,1.000000,0.375,0.625
1596,1,122.7376,584.0803,57.0715,26.3960,1.000000,0,1
1596,2,272.6367,580.7405,104.6320,15.1153,1.000000,1,0
1596,3,180.0907,549.1269,449.3996,69.9208,1.000000,0,1
1596,4,-606.6207,589.0358,114.0316,34.4890,1.000000,0,1
1596,5,905.4426,535.4633,387.9131,90.7890,1.000000,0,1
1596,6,1142.1590,583.0682,252.7770,26.4063,1.000000,0.625,0.375
1597,1,122.2363,583.9990,57.0733,26.3874,1.000000,0,1
1597,2,272.1179,580.6665,104.6171,15.1116,1.000000,1,0
1597,3,180.5018,549.1698,449.4227,69.9286,1.000000,0,1
1597,4,-607.1243,588.9415,114.0099,34.4702,1.000000,0,1
1597,5,905.6583,535.4775,387.9453,90.7867,1.000000,0,1
1597,6,1142.8210,583.1127,252.8781,26.4140,1.000000,0.75,0.25
1598,1,121.7345,583.9196,57.0753,26.3788,1.000000,0,1
1598,2,271.5984,580.5939,104.6026,15.1080,1.000000,1,0
1598,3,180.9124,549.2126,449.4460,69.9364,1.000000,0,1
1598,4,-607.6251,588.8390,113.9878,34.4507,1.000000,0,1
1598,5,905.8738,535.4873,387.9771,90.7842,1.000000,0,1
1598,6,1143.4820,583.1538,252.9779,26.4211,1.000000,0.5,0.5
1599,1,121.2317,583.8432,57.0773,26.3705,1.000000,0,1
1599,2,271.0785,580.5236,104.5882,15.1044,1.000000,1,0
1599,3,181.3224,549.2554,449.4695,69.9442,1.000000,0,1
1599,4,-608.1263,588.7325,113.9659,34.4309,1.000000,0,1
1599,5,906.0888,535.4932,388.0091,90.7815,1.000000,0,1
1599,6,1144.1410,583.1915,253.0767,26.4277,1.000000,0.5,0.5
1600,1,120.7270,583.7714,57.0795,26.3624,1.000000,0,1
1600,2,270.5581,580.4560,104.5739,15.1009,1.000000,1,0
1600,3,181.7320,549.2977,449.4930,69.9521,1.000000,0,1
1600,4,-608.6303,588.6256,113.9443,34.4113,1.000000,0,1
1600,5,906.3037,535.4954,388.0415,90.7789,1.000000,0,1
1600,6,1144.7980,583.2255,253.1740,26.4336,1.000000,0.6875,0.3125
1601,1,120.2214,583.7023,57.0819,26.3546,1.000000,0,1
1601,2,270.0372,580.3901,104.5600,15.0974,1.000000,1,0
1601,3,182.1414,549.3409,449.5166,69.9599,1.000000,0,1
1601,4,-609.1329,588.5114,113.9221,34.3910,1.000000,0,1
1601,5,906.5184,535.4937,388.0745,90.7760,1.000000,0,1
1601,6,1145.4540,583.2563,253.2699,26.4391,1.000000,0.5,0.5
1602,1,119.7146,583.6367,57.0844,26.3469,1.000000,0,1
1602,2,269.5161,580.3265,104.5459,15.0940,1.000000,1,0
1602,3,182.5502,549.3846,449.5405,69.9679,1.000000,0,1
1602,4,-609.6370,588.3942,113.9005,34.3706,1.000000,0,1
1602,5,906.7330,535.4884,388.1075,90.7731,1.000000,0,1
1602,6,1146.1080,583.2842,253.3647,26.4442,1.000000,0.4375,0.5625
1603,1,119.2062,583.5756,57.0871,26.3394,1.000000,0,1
1603,2,268.9943,580.2658,104.5321,15.0906,1.000000,1,0
1603,3,182.9590,549.4283,449.5642,69.9758,1.000000,0,1
1603,4,-610.1437,588.2775,113.8788,34.3504,1.000000,0,1
1603,5,906.9478,535.4802,388.1414,90.7702,1.000000,0,1
1603,6,1146.7600,583.3085,253.4583,26.4487,1.000000,0.75,0.25
1604,1,118.6974,583.5171,57.0899,26.3322,1.000000,0,1
1604,2,268.4722,580.2067,104.5184,15.0872,1.000000,1,0
1604,3,183.3669,549.4737,449.5885,69.9839,1.000000,0,1
1604,4,-610.6508,588.1542,113.8575,34.3296,1.000000,0,1
1604,5,907.1628,535.4682,388.1755,90.7672,1.000000,0,1
1604,6,1147.4110,583.3301,253.5505,26.4527,1.000000,0.5,0.5
1605,1,118.1879,583.4618,57.0928,26.3252,1.000000,0,1
1605,2,267.9496,580.1495,104.5046,15.0838,1.000000,1,0
1605,3,183.7746,549.5203,449.6129,69.9920,1.000000,0,1
1605,4,-611.1594,588.0289,113.8358,34.3087,1.000000,0,1
1605,5,907.3777,535.4536,388.2104,90.7642,1.000000,0,1
1605,6,1148.0600,583.3490,253.6415,26.4564,1.000000,0.5625,0.4375
1606,1,117.6772,583.4106,57.0959,26.3184,1.000000,0,1
1606,2,267.4269,580.0950,104.4910,15.0805,1.000000,1,0
1606,3,184.1826,549.5674,449.6369,70.0001,1.000000,0,1
1606,4,-611.6729,587.9053,113.8150,34.2881,1.000000,0,1
1606,5,907.5925,535.4367,388.2452,90.7612,1.000000,0,1
1606,6,1148.7070,583.3652,253.7316,26.4597,1.000000,0.5625,0.4375
1607,1,117.1660,583.3625,57.0990,26.3117,1.000000,0,1
1607,2,266.9037,580.0423,104.4772,15.0771,1.000000,1,0
1607,3,184.5908,549.6169,449.6608,70.0083,1.000000,0,1
1607,4,-612.1880,587.7760,113.7939,34.2670,1.000000,0,1
1607,5,907.8070,535.4166,388.2809,90.7582,1.000000,0,1
1607,6,1149.3530,583.3791,253.8198,26.4624,1.000000,0.5,0.5
1608,1,116.6541,583.3174,57.1022,26.3053,1.000000,0,1
1608,2,266.3804,579.9916,104.4633,15.0738,1.000000,1,0
1608,3,184.9994,549.6682,449.6844,70.0165,1.000000,0,1
1608,4,-612.7058,587.6453,113.7726,34.2459,1.000000,0,1
1608,5,908.0214,535.3939,388.3173,90.7552,1.000000,0,1
1608,6,1149.9960,583.3906,253.9073,26.4648,1.000000,0.5,0.5
1609,1,116.1406,583.2759,57.1058,26.2992,1.000000,0,1
1609,2,265.8569,579.9438,104.4494,15.0705,1.000000,1,0
1609,3,185.4083,549.7212,449.7078,70.0246,1.000000,0,1
1609,4,-613.2278,587.5174,113.7525,34.2251,1.000000,0,1
1609,5,908.2355,535.3682,388.3538,90.7521,1.000000,0,1
1609,6,1150.6390,583.3992,253.9939,26.4669,1.000000,0.5,0.5
1610,1,115.6257,583.2369,57.1096,26.2932,1.000000,0,1
1610,2,265.3339,579.8977,104.4352,15.0672,1.000000,1,0
1610,3,185.8182,549.7767,449.7306,70.0328,1.000000,0,1
1610,4,-613.7484,587.3850,113.7317,34.2040,1.000000,0,1
1610,5,908.4496,535.3398,388.3912,90.7492,1.000000,0,1
1610,6,1151.2800,583.4052,254.0792,26.4684,1.000000,0.5,0.5
1611,1,115.1094,583.2007,57.1134,26.2874,1.000000,0,1
1611,2,264.8111,579.8537,104.4212,15.0638,1.000000,1,0
1611,3,186.2284,549.8340,449.7531,70.0410,1.000000,0,1
1611,4,-614.2706,587.2528,113.7108,34.1827,1.000000,0,1
1611,5,908.6636,535.3088,388.4296,90.7463,1.000000,0,1
1611,6,1151.9210,583.4086,254.1641,26.4697,1.000000,0.625,0.375
1612,1,114.5918,583.1680,57.1175,26.2818,1.000000,0,1
1612,2,264.2886,579.8123,104.4071,15.0605,1.000000,1,0
1612,3,186.6395,549.8926,449.7751,70.0492,1.000000,0,1
1612,4,-614.7983,587.1245,113.6907,34.1620,1.000000,0,1
1612,5,908.8775,535.2754,388.4686,90.7435,1.000000,0,1
1612,6,1152.5620,583.4097,254.2484,26.4706,1.000000,0.4375,0.5625
1613,1,114.0729,583.1373,57.1216,26.2763,1.000000,0,1
1613,2,263.7664,579.7723,104.3927,15.0572,1.000000,1,0
1613,3,187.0519,549.9540,449.7964,70.0574,1.000000,0,1
1613,4,-615.3245,586.9926,113.6707,34.1410,1.000000,0,1
1613,5,909.0909,535.2394,388.5086,90.7408,1.000000,0,1
1613,6,1153.2020,583.4088,254.3326,26.4713,1.000000,0.4375,0.5625
1614,1,113.5526,583.1088,57.1260,26.2711,1.000000,0,1
1614,2,263.2442,579.7338,104.3785,15.0539,1.000000,1,0
1614,3,187.4654,550.0173,449.8169,70.0654,1.000000,0,1
1614,4,-615.8528,586.8608,113.6503,34.1200,1.000000,0,1
1614,5,909.3041,535.2014,388.5497,90.7383,1.000000,0,1
1614,6,1153.8420,583.4056,254.4159,26.4715,1.000000,0.5625,0.4375
1615,1,113.0306,583.0831,57.1305,26.2660,1.000000,0,1
1615,2,262.7218,579.6967,104.3641,15.0506,1.000000,1,0
1615,3,187.8798,550.0820,449.8367,70.0735,1.000000,0,1
1615,4,-616.3876,586.7330,113.6312,34.0995,1.000000,0,1
1615,5,909.5169,535.1617,388.5917,90.7360,1.000000,0,1
1615,6,1154.4820,583.3997,254.4998,26.4715,1.000000,0.375,0.625
1616,1,112.5072,583.0591,57.1354,26.2611,1.000000,0,1
1616,2,262.1999,579.6611,104.3497,15.0473,1.000000,1,0
1616,3,188.2948,550.1494,449.8560,70.0815,1.000000,0,1
1616,4,-616.9243,586.6019,113.6119,34.0787,1.000000,0,1
1616,5,909.7283,535.1202,388.6342,90.7337,1.000000,0,1
1616,6,1155.1220,583.3906,254.5828,26.4712,1.000000,0.4375,0.5625
1617,1,111.9829,583.0372,57.1401,26.2563,1.000000,0,1
1617,2,261.6779,579.6270,104.3354,15.0440,1.000000,1,0
1617,3,188.7109,550.2183,449.8744,70.0895,1.000000,0,1
1617,4,-617.4658,586.4714,113.5931,34.0582,1.000000,0,1
1617,5,909.9387,535.0770,388.6777,90.7316,1.000000,0,1
1617,6,1155.7610,583.3788,254.6658,26.4703,1.000000,0.4375,0.5625
1618,1,111.4571,583.0182,57.1452,26.2518,1.000000,0,1
1618,2,261.1559,579.5943,104.3210,15.0407,1.000000,1,0
1618,3,189.1280,550.2878,449.8919,70.0973,1.000000,0,1
1618,4,-618.0181,586.3452,113.5760,34.0382,1.000000,0,1
1618,5,910.1486,535.0323,388.7222,90.7297,1.000000,0,1
1618,6,1156.4010,583.3636,254.7493,26.4692,1.000000,0.5,0.5
1619,1,110.9304,583.0008,57.1504,26.2473,1.000000,0,1
1619,2,260.6338,579.5625,104.3065,15.0375,1.000000,1,0
1619,3,189.5458,550.3592,449.9087,70.1050,1.000000,0,1
1619,4,-618.5735,586.2167,113.5587,34.0182,1.000000,0,1
1619,5,910.3580,534.9856,388.7678,90.7280,1.000000,0,1
1619,6,1157.0410,583.3446,254.8323,26.4675,1.000000,0.4375,0.5625
1620,1,110.4026,582.9854,57.1557,26.2429,1.000000,0,1
1620,2,260.1113,579.5316,104.2924,15.0343,1.000000,1,0
1620,3,189.9642,550.4310,449.9249,70.1126,1.000000,0,1
1620,4,-619.1373,586.0899,113.5428,33.9985,1.000000,0,1
1620,5,910.5675,534.9370,388.8146,90.7265,1.000000,0,1
1620,6,1157.6800,583.3221,254.9158,26.4656,1.000000,0.5,0.5
1621,1,109.8732,582.9720,57.1611,26.2388,1.000000,0,1
1621,2,259.5884,579.5020,104.2782,15.0310,1.000000,1,0
1621,3,190.3833,550.5020,449.9507,70.1202,1.000000,0,1
1621,4,-619.7150,585.9682,113.5285,33.9796,1.000000,0,1
1621,5,910.7773,534.8865,388.8629,90.7252,1.000000,0,1
1621,6,1158.3200,583.2960,254.9996,26.4632,1.000000,0.375,0.625
1622,1,109.3431,582.9603,57.1666,26.2347,1.000000,0,1
1622,2,259.0647,579.4731,104.2641,15.0278,1.000000,1,0
1622,3,190.8010,550.5750,449.9805,70.1278,1.000000,0,1
1622,4,-620.3022,585.8467,113.5154,33.9609,1.000000,0,1
1622,5,910.9880,534.8339,388.9130,90.7242,1.000000,0,1
1622,6,1158.9590,583.2656,255.0836,26.4602,1.000000,0.5,0.5
1623,1,108.8121,582.9499,57.1722,26.2308,1.000000,0,1
1623,2,258.5402,579.4454,104.2501,15.0247,1.000000,1,0
1623,3,191.2178,550.6484,450.0099,70.1353,1.000000,0,1
1623,4,-620.8989,585.7284,113.5032,33.9426,1.000000,0,1
1623,5,911.1997,534.7798,388.9651,90.7236,1.000000,0,1
1623,6,1159.5980,583.2317,255.1680,26.4569,1.000000,0.625,0.375
1624,1,108.2800,582.9410,57.1780,26.2269,1.000000,0,1
1624,2,258.0151,579.4189,104.2361,15.0215,1.000000,1,0
1624,3,191.6338,550.7212,450.0386,70.1426,1.000000,0,1
1624,4,-621.5046,585.6154,113.4921,33.9250,1.000000,0,1
1624,5,911.4124,534.7249,389.0187,90.7233,1.000000,0,1
1624,6,1160.2370,583.1948,255.2528,26.4534,1.000000,0.4375,0.5625
1625,1,107.7470,582.9331,57.1838,26.2231,1.000000,0,1
1625,2,257.4896,579.3930,104.2225,15.0184,1.000000,1,0
1625,3,192.0472,550.7958,450.0676,70.1502,1.000000,0,1
1625,4,-622.1170,585.5026,113.4822,33.9076,1.000000,0,1
1625,5,911.6259,534.6691,389.0746,90.7233,1.000000,0,1
1625,6,1160.8750,583.1537,255.3375,26.4493,1.000000,0.3125,0.6875
1626,1,107.2132,582.9261,57.1898,26.2194,1.000000,0,1
1626,2,256.9641,579.3680,104.2086,15.0153,1.000000,1,0
1626,3,192.4583,550.8703,450.0966,70.1577,1.000000,0,1
1626,4,-622.7385,585.3928,113.4731,33.8907,1.000000,0,1
1626,5,911.8402,534.6129,389.1321,90.7237,1.000000,0,1
1626,6,1161.5140,583.1094,255.4229,26.4448,1.000000,0.5,0.5
1627,1,106.6785,582.9202,57.1957,26.2158,1.000000,0,1
1627,2,256.4382,579.3438,104.1952,15.0122,1.000000,1,0
1627,3,192.8681,550.9427,450.1258,70.1652,1.000000,0,1
1627,4,-623.3716,585.2888,113.4658,33.8745,1.000000,0,1
1627,5,912.0557,534.5566,389.1926,90.7247,1.000000,0,1
1627,6,1162.1530,583.0629,255.5090,26.4401,1.000000,0.25,0.75
1628,1,106.1435,582.9153,57.2018,26.2122,1.000000,0,1
1628,2,255.9123,579.3198,104.1818,15.0091,1.000000,1,0
1628,3,193.2764,551.0143,450.1552,70.1726,1.000000,0,1
1628,4,-624.0113,585.1849,113.4589,33.8586,1.000000,0,1
1628,5,912.2717,534.5004,389.2552,90.7262,1.000000,0,1
1628,6,1162.7920,583.0137,255.5956,26.4353,1.000000,0.625,0.375
1629,1,105.6083,582.9111,57.2079,26.2087,1.000000,0,1
1629,2,255.3861,579.2961,104.1686,15.0061,1.000000,1,0
1629,3,193.6839,551.0839,450.1849,70.1801,1.000000,0,1
1629,4,-624.6597,585.0836,113.4537,33.8431,1.000000,0,1
1629,5,912.4884,534.4445,389.3195,90.7281,1.000000,0,1
1629,6,1163.4310,582.9631,255.6826,26.4302,1.000000,0.5,0.5
1630,1,105.0726,582.9069,57.2139,26.2051,1.000000,0,1
1630,2,254.8600,579.2729,104.1556,15.0031,1.000000,1,0
1630,3,194.0908,551.1507,450.2149,70.1876,1.000000,0,1
1630,4,-625.3198,584.9878,113.4496,33.8283,1.000000,0,1
1630,5,912.7060,534.3894,389.3865,90.7306,1.000000,0,1
1630,6,1164.0710,582.9121,255.7710,26.4253,1.000000,0.4375,0.5625
1631,1,104.5364,582.9008,57.2199,26.2014,1.000000,0,1
1631,2,254.3340,579.2494,104.1427,15.0001,1.000000,1,0
1631,3,194.4972,551.2158,450.2451,70.1949,1.000000,0,1
1631,4,-625.9879,584.8922,113.4465,33.8137,1.000000,0,1
1631,5,912.9241,534.3355,389.4558,90.7337,1.000000,0,1
1631,6,1164.7120,582.8600,255.8601,26.4203,1.000000,0.5625,0.4375
1632,1,103.9999,582.8928,57.2258,26.1977,1.000000,0,1
1632,2,253.8080,579.2256,104.1299,14.9972,1.000000,1,0
1632,3,194.9031,551.2787,450.2757,70.2023,1.000000,0,1
1632,4,-626.6645,584.7993,113.4445,33.7996,1.000000,0,1
1632,5,913.1425,534.2827,389.5272,90.7372,1.000000,0,1
1632,6,1165.3540,582.8040,255.9502,26.4194,1.000000,0.5,0.5
1633,1,103.4632,582.8827,57.2316,26.1938,1.000000,0,1
1633,2,253.2820,579.2018,104.1174,14.9943,1.000000,1,0
1633,3,195.3080,551.3389,450.3070,70.2097,1.000000,0,1
1633,4,-627.3518,584.7116,113.4440,33.7861,1.000000,0,1
1633,5,913.3617,534.2310,389.6010,90.7414,1.000000,0,1
1633,6,1165.9970,582.7476,256.0421,26.4201,1.000000,0.375,0.625
1634,1,102.9271,582.8708,57.2372,26.1897,1.000000,0,1
1634,2,252.7562,579.1771,104.1051,14.9913,1.000000,1,0
1634,3,195.7124,551.3981,450.3386,70.2171,1.000000,0,1
1634,4,-628.0470,584.6248,113.4444,33.7729,1.000000,0,1
1634,5,913.5811,534.1807,389.6765,90.7460,1.000000,0,1
1634,6,1166.6410,582.6907,256.1354,26.4210,1.000000,0.4375,0.5625
1635,1,102.3915,582.8583,57.2427,26.1855,1.000000,0,1
1635,2,252.2304,579.1518,104.0929,14.9885,1.000000,1,0
1635,3,196.1162,551.4554,450.3708,70.2245,1.000000,0,1
1635,4,-628.7511,584.5414,113.4462,33.7603,1.000000,0,1
1635,5,913.8008,534.1320,389.7542,90.7511,1.000000,0,1
1635,6,1167.2870,582.6348,256.2296,26.4220,1.000000,0.4375,0.5625
1636,1,101.8565,582.8456,57.2482,26.1814,1.000000,0,1
1636,2,251.7046,579.1268,104.0811,14.9856,1.000000,1,0
1636,3,196.5191,551.5103,450.4034,70.2320,1.000000,0,1
1636,4,-629.4659,584.4637,113.4493,33.7483,1.000000,0,1
1636,5,914.0213,534.0848,389.8343,90.7569,1.000000,0,1
1636,6,1167.9360,582.5806,256.3260,26.4232,1.000000,0.25,0.75
1637,1,101.3223,582.8321,57.2536,26.1775,1.000000,0,1
1637,2,251.1794,579.1006,104.0693,14.9828,1.000000,1,0
1637,3,196.9210,551.5638,450.4368,70.2394,1.000000,0,1
1637,4,-630.1883,584.3873,113.4530,33.7366,1.000000,0,1
1637,5,914.2421,534.0397,389.9159,90.7631,1.000000,0,1
1637,6,1168.5850,582.5269,256.4242,26.4245,1.000000,0.375,0.625
1638,1,100.7886,582.8184,57.2589,26.1737,1.000000,0,1
1638,2,250.6542,579.0742,104.0577,14.9800,1.000000,1,0
1638,3,197.3221,551.6160,450.4705,70.2470,1.000000,0,1
1638,4,-630.9196,584.3137,113.4581,33.7255,1.000000,0,1
1638,5,914.4634,533.9960,389.9998,90.7699,1.000000,0,1
1638,6,1169.2370,582.4746,256.5239,26.4260,1.000000,0.625,0.375
1639,1,100.2550,582.8054,57.2642,26.1698,1.000000,0,1
1639,2,250.1291,579.0485,104.0464,14.9773,1.000000,1,0
1639,3,197.7233,551.6665,450.5042,70.2545,1.000000,0,1
1639,4,-631.6608,584.2449,113.4648,33.7149,1.000000,0,1
1639,5,914.6855,533.9542,390.0852,90.7771,1.000000,0,1
1639,6,1169.8920,582.4247,256.6260,26.4277,1.000000,0.6875,0.3125
1640,1,99.7228,582.7914,57.2692,26.1659,1.000000,0,1
1640,2,249.6043,579.0212,104.0354,14.9745,1.000000,1,0
1640,3,198.1226,551.7162,450.5390,70.2621,1.000000,0,1
1640,4,-632.4106,584.1780,113.4724,33.7047,1.000000,0,1
1640,5,914.9079,533.9142,390.1721,90.7847,1.000000,0,1
1640,6,1170.5490,582.3757,256.7296,26.4296,1.000000,0.4375,0.5625
1641,1,99.1916,582.7772,57.2741,26.1619,1.000000,0,1
1641,2,249.0796,578.9936,104.0246,14.9718,1.000000,1,0
1641,3,198.5213,551.7645,450.5742,70.2697,1.000000,0,1
1641,4,-633.1677,584.1149,113.4808,33.6950,1.000000,0,1
1641,5,915.1307,533.8763,390.2598,90.7925,1.000000,0,1
1641,6,1171.2090,582.3286,256.8357,26.4317,1.000000,0.375,0.625
1642,1,98.6610,582.7634,57.2791,26.1579,1.000000,0,1
1642,2,248.5547,578.9667,104.0140,14.9692,1.000000,1,0
1642,3,198.9194,551.8108,450.6097,70.2773,1.000000,0,1
1642,4,-633.9310,584.0573,113.4901,33.6858,1.000000,0,1
1642,5,915.3545,533.8403,390.3489,90.8008,1.000000,0,1
1642,6,1171.8730,582.2845,256.9443,26.4341,1.000000,0.5,0.5
1643,1,98.1322,582.7485,57.2837,26.1538,1.000000,0,1
1643,2,248.0300,578.9391,104.0037,14.9666,1.000000,1,0
1643,3,199.3162,551.8566,450.6460,70.2851,1.000000,0,1
1643,4,-634.6996,584.0022,113.4997,33.6770,1.000000,0,1
1643,5,915.5786,533.8062,390.4389,90.8092,1.000000,0,1
1643,6,1172.5390,582.2420,257.0551,26.4367,1.000000,0.375,0.625
1644,1,97.6046,582.7329,57.2883,26.1496,1.000000,0,1
1644,2,247.5053,578.9114,103.9937,14.9640,1.000000,1,0
1644,3,199.7122,551.9017,450.6828,70.2929,1.000000,0,1
1644,4,-635.4725,583.9513,113.5103,33.6685,1.000000,0,1
1644,5,915.8033,533.7737,390.5295,90.8179,1.000000,0,1
1644,6,1173.2070,582.2020,257.1682,26.4395,1.000000,0.25,0.75
1645,1,97.0777,582.7169,57.2929,26.1455,1.000000,0,1
1645,2,246.9798,578.8846,103.9841,14.9615,1.000000,1,0
1645,3,200.1080,551.9457,450.7199,70.3007,1.000000,0,1
1645,4,-636.2480,583.9061,113.5208,33.6605,1.000000,0,1
1645,5,916.0292,533.7432,390.6206,90.8268,1.000000,0,1
1645,6,1173.8790,582.1650,257.2834,26.4425,1.000000,0.1875,0.8125
1646,1,96.5521,582.6987,57.2973,26.1413,1.000000,0,1
1646,2,246.4540,578.8568,103.9748,14.9590,1.000000,1,0
1646,3,200.5031,551.9892,450.7572,70.3086,1.000000,0,1
1646,4,-637.0249,583.8644,113.5316,33.6527,1.000000,0,1
1646,5,916.2555,533.7147,390.7120,90.8357,1.000000,0,1
1646,6,1174.5540,582.1301,257.4012,26.4458,1.000000,0.1875,0.8125
1647,1,96.0278,582.6791,57.3018,26.1371,1.000000,0,1
1647,2,245.9277,578.8291,103.9658,14.9566,1.000000,1,0
1647,3,200.8976,552.0319,450.7949,70.3164,1.000000,0,1
1647,4,-637.7986,583.8262,113.5420,33.6451,1.000000,0,1
1647,5,916.4825,533.6879,390.8033,90.8447,1.000000,0,1
1647,6,1175.2310,582.0981,257.5215,26.4494,1.000000,0.375,0.625
1648,1,95.5042,582.6586,57.3063,26.1329,1.000000,0,1
1648,2,245.4004,578.8027,103.9572,14.9542,1.000000,1,0
1648,3,201.2924,552.0734,450.8326,70.3242,1.000000,0,1
1648,4,-638.5623,583.7917,113.5512,33.6375,1.000000,0,1
1648,5,916.7105,533.6630,390.8945,90.8537,1.000000,0,1
1648,6,1175.9120,582.0699,257.6436,26.4531,1.000000,0.3125,0.6875
1649,1,94.9817,582.6346,57.3105,26.1285,1.000000,0,1
1649,2,244.8726,578.7760,103.9490,14.9519,1.000000,1,0
1649,3,201.6868,552.1144,450.8705,70.3321,1.000000,0,1
1649,4,-639.3192,583.7594,113.5597,33.6298,1.000000,0,1
1649,5,916.9392,533.6395,390.9850,90.8626,1.000000,0,1
1649,6,1176.5950,582.0449,257.7682,26.4571,1.000000,0.25,0.75
1650,1,94.4603,582.6087,57.3148,26.1242,1.000000,0,1
1650,2,244.3439,578.7496,103.9412,14.9497,1.000000,1,0
1650,3,202.0815,552.1547,450.9081,70.3398,1.000000,0,1
1650,4,-640.0705,583.7290,113.5675,33.6222,1.000000,0,1
1650,5,917.1686,533.6174,391.0754,90.8715,1.000000,0,1
1650,6,1177.2820,582.0237,257.8950,26.4614,1.000000,0.5,0.5
1651,1,93.9399,582.5822,57.3190,26.1198,1.000000,0,1
1651,2,243.8140,578.7247,103.9337,14.9475,1.000000,1,0
1651,3,202.4774,552.1941,450.9452,70.3475,1.000000,0,1
1651,4,-640.8186,583.7008,113.5750,33.6145,1.000000,0,1
1651,5,917.3990,533.5969,391.1650,90.8802,1.000000,0,1
1651,6,1177.9720,582.0066,258.0244,26.4659,1.000000,0.4375,0.5625
1652,1,93.4202,582.5522,57.3233,26.1154,1.000000,0,1
1652,2,243.2829,578.7001,103.9266,14.9454,1.000000,1,0
1652,3,202.8734,552.2330,450.9822,70.3551,1.000000,0,1
1652,4,-641.5610,583.6728,113.5811,33.6068,1.000000,0,1
1652,5,917.6304,533.5773,391.2539,90.8888,1.000000,0,1
1652,6,1178.6650,581.9929,258.1554,26.4706,1.000000,0.5,0.5
1653,1,92.9012,582.5204,57.3275,26.1110,1.000000,0,1
1653,2,242.7509,578.6763,103.9198,14.9433,1.000000,0.9375,0.0625
1653,3,203.2704,552.2710,451.0189,70.3626,1.000000,0,1
1653,4,-642.2991,583.6453,113.5875,33.5989,1.000000,0,1
1653,5,917.8625,533.5586,391.3418,90.8971,1.000000,0,1
1653,6,1179.3610,581.9833,258.2883,26.4754,1.000000,0.5,0.5
1654,1,92.3831,582.4877,57.3317,26.1066,1.000000,0,1
1654,2,242.2171,578.6531,103.9137,14.9414,1.000000,0.9375,0.0625
1654,3,203.6699,552.3077,451.0541,70.3699,1.000000,0,1
1654,4,-643.0345,583.6185,113.5934,33.5911,1.000000,0,1
1654,5,918.0955,533.5409,391.4291,90.9053,1.000000,0,1
1654,6,1180.0600,581.9789,258.4227,26.4805,1.000000,0.3125,0.6875
1655,1,91.8659,582.4514,57.3358,26.1021,1.000000,0,1
1655,2,241.6818,578.6307,103.9081,14.9394,1.000000,0.9375,0.0625
1655,3,204.0710,552.3438,451.0891,70.3770,1.000000,0,1
1655,4,-643.7671,583.5907,113.5986,33.5831,1.000000,0,1
1655,5,918.3295,533.5235,391.5153,90.9132,1.000000,0,1
1655,6,1180.7620,581.9796,258.5590,26.4858,1.000000,0.5,0.5
1656,1,91.3491,582.4135,57.3399,26.0976,1.000000,0,1
1656,2,241.1447,578.6096,103.9027,14.9376,1.000000,1,0
1656,3,204.4746,552.3787,451.1234,70.3840,1.000000,0,1
1656,4,-644.4960,583.5624,113.6036,33.5750,1.000000,0,1
1656,5,918.5644,533.5065,391.6006,90.9208,1.000000,0,1
1656,6,1181.4660,581.9847,258.6969,26.4913,1.000000,0.3125,0.6875
1657,1,90.8329,582.3758,57.3441,26.0932,1.000000,0,1
1657,2,240.6050,578.5907,103.8980,14.9358,1.000000,0.9375,0.0625
1657,3,204.8814,552.4111,451.1562,70.3907,1.000000,0,1
1657,4,-645.2202,583.5338,113.6082,33.5666,1.000000,0,1
1657,5,918.7999,533.4897,391.6853,90.9284,1.000000,0,1
1657,6,1182.1720,581.9945,258.8361,26.4970,1.000000,0.4375,0.5625
1658,1,90.3175,582.3354,57.3482,26.0887,1.000000,0,1
1658,2,240.0634,578.5727,103.8939,14.9342,1.000000,1,0
1658,3,205.2909,552.4418,451.1888,70.3972,1.000000,0,1
1658,4,-645.9421,583.5037,113.6125,33.5583,1.000000,0,1
1658,5,919.0363,533.4725,391.7697,90.9357,1.000000,0,1
1658,6,1182.8810,582.0087,258.9760,26.5028,1.000000,0.125,0.875
1659,1,89.8029,582.2939,57.3523,26.0841,1.000000,0,1
1659,2,239.5195,578.5559,103.8900,14.9326,1.000000,0.9375,0.0625
1659,3,205.7029,552.4710,451.2206,70.4036,1.000000,0,1
1659,4,-646.6625,583.4729,113.6163,33.5497,1.000000,0,1
1659,5,919.2734,533.4551,391.8534,90.9428,1.000000,0,1
1659,6,1183.5900,582.0265,259.1166,26.5086,1.000000,0.125,0.875
1660,1,89.2886,582.2531,57.3565,26.0796,1.000000,0,1
1660,2,238.9731,578.5416,103.8868,14.9311,1.000000,0.8125,0.1875
1660,3,206.1173,552.4993,451.2511,70.4097,1.000000,0,1
1660,4,-647.3815,583.4420,113.6202,33.5412,1.000000,0,1
1660,5,919.5111,533.4375,391.9366,90.9499,1.000000,0,1
1660,6,1184.3010,582.0471,259.2576,26.5146,1.000000,0.3125,0.6875
1661,1,88.7746,582.2094,57.3607,26.0751,1.000000,0,1
1661,2,238.4244,578.5291,103.8840,14.9296,1.000000,0.875,0.125
1661,3,206.5328,552.5264,451.2811,70.4157,1.000000,0,1
1661,4,-648.0991,583.4092,113.6239,33.5326,1.000000,0,1
1661,5,919.7497,533.4186,392.0191,90.9566,1.000000,0,1
1661,6,1185.0120,582.0713,259.3989,26.5205,1.000000,0.5,0.5
1662,1,88.2609,582.1648,57.3649,26.0706,1.000000,0,1
1662,2,237.8733,578.5179,103.8815,14.9283,1.000000,0.9375,0.0625
1662,3,206.9492,552.5518,451.3107,70.4215,1.000000,0,1
1662,4,-648.8146,583.3755,113.6279,33.5239,1.000000,0,1
1662,5,919.9887,533.3986,392.1013,90.9631,1.000000,0,1
1662,6,1185.7250,582.0981,259.5405,26.5266,1.000000,0.625,0.375
1663,1,87.7473,582.1208,57.3691,26.0661,1.000000,0,1
1663,2,237.3195,578.5085,103.8795,14.9270,1.000000,0.875,0.125
1663,3,207.3668,552.5748,451.3400,70.4272,1.000000,0,1
1663,4,-649.5279,583.3416,113.6314,33.5151,1.000000,0,1
1663,5,920.2280,533.3777,392.1831,90.9696,1.000000,0,1
1663,6,1186.4380,582.1271,259.6815,26.5326,1.000000,0.5,0.5
1664,1,87.2329,582.0742,57.3735,26.0617,1.000000,0,1
1664,2,236.7631,578.5013,103.8779,14.9258,1.000000,0.875,0.125
1664,3,207.7848,552.5956,451.3696,70.4329,1.000000,0,1
1664,4,-650.2435,583.3059,113.6354,33.5064,1.000000,0,1
1664,5,920.4680,533.3553,392.2645,90.9759,1.000000,0,1
1664,6,1187.1520,582.1585,259.8225,26.5386,1.000000,0.5,0.5
1665,1,86.7184,582.0273,57.3778,26.0572,1.000000,0,1
1665,2,236.2045,578.4958,103.8767,14.9246,1.000000,0.8125,0.1875
1665,3,208.2030,552.6135,451.3994,70.4385,1.000000,0,1
1665,4,-650.9610,583.2694,113.6397,33.4976,1.000000,0,1
1665,5,920.7081,533.3319,392.3459,90.9820,1.000000,0,1
1665,6,1187.8650,582.1913,259.9631,26.5447,1.000000,0.3125,0.6875
1666,1,86.2036,581.9818,57.3823,26.0529,1.000000,0,1
1666,2,235.6437,578.4913,103.8759,14.9235,1.000000,0.875,0.125
1666,3,208.6212,552.6278,451.4298,70.4441,1.000000,0,1
1666,4,-651.6794,583.2328,113.6440,33.4889,1.000000,0,1
1666,5,920.9481,533.3075,392.4265,90.9880,1.000000,0,1
1666,6,1188.5790,582.2248,260.1029,26.5505,1.000000,0.5,0.5
1667,1,85.6877,581.9336,57.3869,26.0484,1.000000,0,1
1667,2,235.0815,578.4877,103.8753,14.9225,1.000000,0.9375,0.0625
1667,3,209.0396,552.6383,451.4608,70.4496,1.000000,0,1
1667,4,-652.4010,583.1946,113.6491,33.4802,1.000000,0,1
1667,5,921.1880,533.2814,392.5064,90.9937,1.000000,0,1
1667,6,1189.2940,582.2607,260.2423,26.5564,1.000000,0.3125,0.6875
1668,1,85.1712,581.8853,57.3917,26.0441,1.000000,0,1
1668,2,234.5181,578.4851,103.8751,14.9215,1.000000,0.875,0.125
1668,3,209.4581,552.6447,451.4922,70.4551,1.000000,0,1
1668,4,-653.1247,583.1561,113.6542,33.4715,1.000000,0,1
1668,5,921.4279,533.2540,392.5862,90.9993,1.000000,0,1
1668,6,1190.0090,582.2980,260.3809,26.5623,1.000000,0.4375,0.5625
1669,1,84.6542,581.8391,57.3964,26.0398,1.000000,0,1
1669,2,233.9534,578.4833,103.8751,14.9206,1.000000,1,0
1669,3,209.8763,552.6465,451.5244,70.4606,1.000000,0,1
1669,4,-653.8470,583.1183,113.6590,33.4629,1.000000,0,1
1669,5,921.6678,533.2259,392.6657,91.0049,1.000000,0,1
1669,6,1190.7230,582.3354,260.5189,26.5681,1.000000,0.25,0.75
1670,1,84.1354,581.7910,57.4015,26.0356,1.000000,0,1
1670,2,233.3873,578.4825,103.8753,14.9197,1.000000,0.6875,0.3125
1670,3,210.2941,552.6434,451.5578,70.4660,1.000000,0,1
1670,4,-654.5691,583.0800,113.6639,33.4542,1.000000,0,1
1670,5,921.9080,533.1964,392.7443,91.0101,1.000000,0,1
1670,6,1191.4370,582.3748,260.6563,26.5738,1.000000,0.4375,0.5625
1671,1,83.6155,581.7433,57.4067,26.0315,1.000000,0,1
1671,2,232.8200,578.4825,103.8758,14.9188,1.000000,0.875,0.125
1671,3,210.7114,552.6354,451.5921,70.4714,1.000000,0,1
1671,4,-655.2913,583.0423,113.6689,33.4456,1.000000,0,1
1671,5,922.1487,533.1659,392.8226,91.0151,1.000000,0,1
1671,6,1192.1520,582.4146,260.7930,26.5795,1.000000,0.3125,0.6875
1672,1,83.0951,581.6981,57.4119,26.0274,1.000000,0,1
1672,2,232.2516,578.4832,103.8766,14.9179,1.000000,0.9375,0.0625
1672,3,211.1283,552.6226,451.6270,70.4768,1.000000,0,1
1672,4,-656.0145,583.0068,113.6744,33.4371,1.000000,0,1
1672,5,922.3895,533.1346,392.9000,91.0201,1.000000,0,1
1672,6,1192.8670,582.4537,260.9288,26.5851,1.000000,0.25,0.75
1673,1,82.5736,581.6514,57.4173,26.0234,1.000000,0,1
1673,2,231.6832,578.4847,103.8772,14.9171,1.000000,0.875,0.125
1673,3,211.5446,552.6038,451.6628,70.4821,1.000000,0,1
1673,4,-656.7369,582.9708,113.6793,33.4287,1.000000,0,1
1673,5,922.6313,533.1019,392.9766,91.0245,1.000000,0,1
1673,6,1193.5820,582.4943,261.0649,26.5906,1.000000,0.25,0.75
1674,1,82.0513,581.6055,57.4228,26.0193,1.000000,0,1
1674,2,231.1148,578.4873,103.8780,14.9163,1.000000,0.875,0.125
1674,3,211.9605,552.5794,451.6996,70.4874,1.000000,0,1
1674,4,-657.4588,582.9361,113.6844,33.4203,1.000000,0,1
1674,5,922.8737,533.0687,393.0522,91.0288,1.000000,0,1
1674,6,1194.2980,582.5346,261.2002,26.5961,1.000000,0.25,0.75
1675,1,81.5286,581.5627,57.4284,26.0155,1.000000,0,1
1675,2,230.5459,578.4914,103.8791,14.9156,1.000000,0.5625,0.4375
1675,3,212.3762,552.5496,451.7371,70.4926,1.000000,0,1
1675,4,-658.1774,582.9042,113.6893,33.4120,1.000000,0,1
1675,5,923.1161,533.0360,393.1265,91.0327,1.000000,0,1
1675,6,1195.0140,582.5730,261.3347,26.6015,1.000000,0.3125,0.6875
1676,1,81.0046,581.5198,57.4342,26.0116,1.000000,0,1
1676,2,229.9778,578.4969,103.8799,14.9148,1.000000,0.6875,0.3125
1676,3,212.7911,552.5135,451.7755,70.4977,1.000000,0,1
1676,4,-658.8951,582.8727,113.6937,33.4038,1.000000,0,1
1676,5,923.3593,533.0034,393.1996,91.0364,1.000000,0,1
1676,6,1195.7310,582.6117,261.4694,26.6069,1.000000,0.3125,0.6875
1677,1,80.4797,581.4786,57.4400,26.0078,1.000000,0,1
1677,2,229.4104,578.5042,103.8807,14.9140,1.000000,0.875,0.125
1677,3,213.2055,552.4722,451.8144,70.5027,1.000000,0,1
1677,4,-659.6117,582.8422,113.6989,33.3958,1.000000,0,1
1677,5,923.6024,532.9715,393.2712,91.0397,1.000000,0,1
1677,6,1196.4500,582.6493,261.6036,26.6123,1.000000,0.3125,0.6875
1678,1,79.9546,581.4407,57.4460,26.0041,1.000000,0,1
1678,2,228.8435,578.5143,103.8817,14.9133,1.000000,0.875,0.125
1678,3,213.6197,552.4265,451.8535,70.5077,1.000000,0,1
1678,4,-660.3253,582.8127,113.7031,33.3891,1.000000,0,1
1678,5,923.8452,532.9407,393.3411,91.0427,1.000000,0,1
1678,6,1197.1680,582.6847,261.7378,26.6175,1.000000,0.3125,0.6875
1679,1,79.4283,581.4037,57.4519,26.0004,1.000000,0,1
1679,2,228.2780,578.5269,103.8825,14.9125,1.000000,0.8125,0.1875
1679,3,214.0336,552.3750,451.8931,70.5124,1.000000,0,1
1679,4,-661.0381,582.7844,113.7070,33.3824,1.000000,0,1
1679,5,924.0885,532.9109,393.4093,91.0455,1.000000,0,1
1679,6,1197.8880,582.7201,261.8724,26.6228,1.000000,0.4375,0.5625
1680,1,78.9012,581.3687,57.4581,25.9968,1.000000,0,1
1680,2,227.7138,578.5419,103.8831,14.9119,1.000000,0.625,0.375
1680,3,214.4475,552.3188,451.9330,70.5170,1.000000,0,1
1680,4,-661.7502,582.7579,113.7110,33.3756,1.000000,0,1
1680,5,924.3317,532.8828,393.4762,91.0478,1.000000,0,1
1680,6,1198.6090,582.7543,262.0067,26.6280,1.000000,0.1875,0.8125
1681,1,78.3739,581.3369,57.4642,25.9933,1.000000,0,1
1681,2,227.1503,578.5601,103.8839,14.9112,1.000000,0.625,0.375
1681,3,214.8606,552.2590,451.9734,70.5216,1.000000,0,1
1681,4,-662.4598,582.7341,113.7145,33.3688,1.000000,0,1
1681,5,924.5745,532.8567,393.5415,91.0500,1.000000,0,1
1681,6,1199.3290,582.7856,262.1409,26.6332,1.000000,0.1875,0.8125
1682,1,77.8454,581.3069,57.4704,25.9898,1.000000,0,1
1682,2,226.5885,578.5810,103.8845,14.9105,1.000000,0.9375,0.0625
1682,3,215.2733,552.1944,452.0142,70.5261,1.000000,0,1
1682,4,-663.1680,582.7130,113.7182,33.3621,1.000000,0,1
1682,5,924.8174,532.8320,393.6055,91.0520,1.000000,0,1
1682,6,1200.0510,582.8156,262.2756,26.6384,1.000000,0.3125,0.6875
1683,1,77.3161,581.2794,57.4768,25.9864,1.000000,0,1
1683,2,226.0278,578.6052,103.8849,14.9098,1.000000,0.9375,0.0625
1683,3,215.6857,552.1268,452.0554,70.5306,1.000000,0,1
1683,4,-663.8742,582.6942,113.7216,33.3553,1.000000,0,1
1683,5,925.0598,532.8090,393.6682,91.0537,1.000000,0,1
1683,6,1200.7740,582.8430,262.4103,26.6436,1.000000,0.4375,0.5625
1684,1,76.7869,581.2554,57.4833,25.9830,1.000000,0,1
1684,2,225.4681,578.6330,103.8852,14.9091,1.000000,0.8125,0.1875
1684,3,216.0978,552.0571,452.0966,70.5350,1.000000,0,1
1684,4,-664.5778,582.6776,113.7244,33.3484,1.000000,0,1
1684,5,925.3016,532.7878,393.7291,91.0551,1.000000,0,1
1684,6,1201.4970,582.8649,262.5455,26.6508,1.000000,0.125,0.875
1685,1,76.2570,581.2333,57.4897,25.9797,1.000000,0,1
1685,2,224.9100,578.6639,103.8853,14.9084,1.000000,0.9375,0.0625
1685,3,216.5108,551.9849,452.1373,70.5392,1.000000,0,1
1685,4,-665.2797,582.6641,113.7269,33.3416,1.000000,0,1
1685,5,925.5435,532.7681,393.7890,91.0564,1.000000,0,1
1685,6,1202.2220,582.8846,262.6810,26.6580,1.000000,0.4375,0.5625
1686,1,75.7261,581.2142,57.4962,25.9765,1.000000,0,1
1686,2,224.3527,578.6980,103.8855,14.9078,1.000000,0.6875,0.3125
1686,3,216.9239,551.9111,452.1780,70.5433,1.000000,0,1
1686,4,-665.9799,582.6528,113.7292,33.3347,1.000000,0,1
1686,5,925.7850,532.7499,393.8481,91.0576,1.000000,0,1
1686,6,1202.9480,582.9021,262.8169,26.6650,1.000000,0.25,0.75
1687,1,75.1937,581.1986,57.5031,25.9735,1.000000,0,1
1687,2,223.7966,578.7355,103.8855,14.9072,1.000000,0.5625,0.4375
1687,3,217.3372,551.8364,452.2191,70.5475,1.000000,0,1
1687,4,-666.6783,582.6438,113.7314,33.3279,1.000000,0,1
1687,5,926.0261,532.7334,393.9058,91.0585,1.000000,0,1
1687,6,1203.6740,582.9167,262.9530,26.6716,1.000000,0.5,0.5
1688,1,74.6590,581.1849,57.5102,25.9705,1.000000,0,1
1688,2,223.2421,578.7761,103.8855,14.9065,1.000000,0.875,0.125
1688,3,217.7526,551.7601,452.2599,70.5516,1.000000,0,1
1688,4,-667.3761,582.6380,113.7339,33.3211,1.000000,0,1
1688,5,926.2672,532.7184,393.9626,91.0593,1.000000,0,1
1688,6,1204.4020,582.9300,263.0897,26.6782,1.000000,0.375,0.625
1689,1,74.1225,581.1734,57.5177,25.9678,1.000000,0,1
1689,2,222.6887,578.8195,103.8854,14.9059,1.000000,0.625,0.375
1689,3,218.1697,551.6833,452.3004,70.5556,1.000000,0,1
1689,4,-668.0730,582.6346,113.7354,33.3143,1.000000,0,1
1689,5,926.5077,532.7045,394.0186,91.0600,1.000000,0,1
1689,6,1205.1300,582.9414,263.2268,26.6845,1.000000,0.25,0.75
1690,1,73.5844,581.1653,57.5254,25.9652,1.000000,0,1
1690,2,222.1358,578.8654,103.8854,14.9054,1.000000,0.5625,0.4375
1690,3,218.5878,551.6073,452.3410,70.5596,1.000000,0,1
1690,4,-668.7717,582.6333,113.7376,33.3076,1.000000,0,1
1690,5,926.7478,532.6918,394.0737,91.0606,1.000000,0,1
1690,6,1205.8590,582.9507,263.3640,26.6906,1.000000,0.5,0.5
1691,1,73.0432,581.1603,57.5336,25.9628,1.000000,0,1
1691,2,221.5845,578.9142,103.8852,14.9048,1.000000,0.625,0.375
1691,3,219.0070,551.5317,452.3816,70.5637,1.000000,0,1
1691,4,-669.4746,582.6357,113.7405,33.3010,1.000000,0,1
1691,5,926.9876,532.6804,394.1281,91.0611,1.000000,0,1
1691,6,1206.5890,582.9594,263.5017,26.6966,1.000000,0.25,0.75
1692,1,72.4997,581.1588,57.5420,25.9605,1.000000,0,1
1692,2,221.0340,578.9654,103.8851,14.9043,1.000000,0.625,0.375
1692,3,219.4267,551.4576,452.4223,70.5678,1.000000,0,1
1692,4,-670.1808,582.6408,113.7432,33.2945,1.000000,0,1
1692,5,927.2269,532.6702,394.1818,91.0615,1.000000,0,1
1692,6,1207.3190,582.9672,263.6394,26.7025,1.000000,0.3125,0.6875
1693,1,71.9533,581.1617,57.5509,25.9585,1.000000,0,1
1693,2,220.4842,579.0179,103.8850,14.9038,1.000000,0.5625,0.4375
1693,3,219.8460,551.3860,452.4632,70.5721,1.000000,0,1
1693,4,-670.8896,582.6479,113.7464,33.2881,1.000000,0,1
1693,5,927.4655,532.6605,394.2342,91.0616,1.000000,0,1
1693,6,1208.0490,582.9739,263.7776,26.7084,1.000000,0.375,0.625
1694,1,71.4041,581.1694,57.5602,25.9567,1.000000,0,1
1694,2,219.9352,579.0722,103.8850,14.9033,1.000000,0.6875,0.3125
1694,3,220.2649,551.3167,452.5041,70.5764,1.000000,0,1
1694,4,-671.6037,582.6595,113.7498,33.2819,1.000000,0,1
1694,5,927.7038,532.6514,394.2859,91.0617,1.000000,0,1
1694,6,1208.7790,582.9805,263.9159,26.7142,1.000000,0.3125,0.6875
1695,1,70.8516,581.1815,57.5701,25.9552,1.000000,0,1
1695,2,219.3871,579.1281,103.8851,14.9028,1.000000,0.3125,0.6875
1695,3,220.6826,551.2493,452.5455,70.5809,1.000000,0,1
1695,4,-672.3219,582.6739,113.7537,33.2758,1.000000,0,1
1695,5,927.9413,532.6429,394.3372,91.0617,1.000000,0,1
1695,6,1209.5100,582.9868,264.0536,26.7199,1.000000,0.3125,0.6875
1696,1,70.2961,581.1980,57.5802,25.9539,1.000000,0,1
1696,2,218.8401,579.1849,103.8851,14.9023,1.000000,0.625,0.375
1696,3,221.0990,551.1843,452.5875,70.5856,1.000000,0,1
1696,4,-673.0457,582.6902,113.7583,33.2699,1.000000,0,1
1696,5,928.1782,532.6353,394.3877,91.0616,1.000000,0,1
1696,6,1210.2420,582.9926,264.1919,26.7256,1.000000,0.375,0.625
1697,1,69.7360,581.2191,57.5910,25.9529,1.000000,0,1
1697,2,218.2937,579.2429,103.8853,14.9019,1.000000,0.5,0.5
1697,3,221.5136,551.1204,452.6300,70.5903,1.000000,0,1
1697,4,-673.7764,582.7122,113.7635,33.2642,1.000000,0,1
1697,5,928.4146,532.6282,394.4374,91.0613,1.000000,0,1
1697,6,1210.9740,582.9992,264.3301,26.7314,1.000000,0.1875,0.8125
1698,1,69.1726,581.2444,57.6021,25.9520,1.000000,0,1
1698,2,217.7482,579.3020,103.8855,14.9015,1.000000,0.6875,0.3125
1698,3,221.9264,551.0576,452.6733,70.5954,1.000000,0,1
1698,4,-674.5122,582.7375,113.7698,33.2587,1.000000,0,1
1698,5,928.6504,532.6214,394.4867,91.0611,1.000000,0,1
1698,6,1211.7060,583.0063,264.4683,26.7372,1.000000,0.25,0.75
1699,1,68.6055,581.2745,57.6138,25.9513,1.000000,0,1
1699,2,217.2037,579.3619,103.8860,14.9011,1.000000,0.625,0.375
1699,3,222.3368,550.9966,452.7179,70.6007,1.000000,0,1
1699,4,-675.2522,582.7646,113.7760,33.2533,1.000000,0,1
1699,5,928.8855,532.6149,394.5355,91.0607,1.000000,0,1
1699,6,1212.4380,583.0134,264.6062,26.7430,1.000000,0.375,0.625
1700,1,68.0338,581.3113,57.6259,25.9510,1.000000,0,1
1700,2,216.6597,579.4231,103.8866,14.9008,1.000000,0.625,0.375
1700,3,222.7451,550.9362,452.7630,70.6060,1.000000,0,1
1700,4,-675.9990,582.7974,113.7830,33.2482,1.000000,0,1
1700,5,929.1204,532.6091,394.5843,91.0605,1.000000,0,1
1700,6,1213.1690,583.0213,264.7438,26.7489,1.000000,0.5,0.5
1701,1,67.4586,581.3540,57.6383,25.9508,1.000000,0,1
1701,2,216.1166,579.4855,103.8874,14.9004,1.000000,0.8125,0.1875
1701,3,223.1512,550.8762,452.8090,70.6116,1.000000,0,1
1701,4,-676.7511,582.8334,113.7905,33.2434,1.000000,0,1
1701,5,929.3547,532.6038,394.6332,91.0602,1.000000,0,1
1701,6,1213.9010,583.0294,264.8810,26.7548,1.000000,0.25,0.75
1702,1,66.8802,581.4019,57.6511,25.9509,1.000000,0,1
1702,2,215.5743,579.5491,103.8880,14.9001,1.000000,0.5,0.5
1702,3,223.5545,550.8163,452.8567,70.6174,1.000000,0,1
1702,4,-677.5082,582.8701,113.7986,33.2397,1.000000,0,1
1702,5,929.5886,532.5990,394.6824,91.0601,1.000000,0,1
1702,6,1214.6310,583.0369,265.0181,26.7605,1.000000,0.1875,0.8125
1703,1,66.2985,581.4581,57.6643,25.9512,1.000000,0,1
1703,2,215.0313,579.6144,103.8890,14.8998,1.000000,0.5625,0.4375
1703,3,223.9551,550.7557,452.9055,70.6235,1.000000,0,1
1703,4,-678.2736,582.9121,113.8080,33.2372,1.000000,0,1
1703,5,929.8224,532.5952,394.7322,91.0602,1.000000,0,1
1703,6,1215.3610,583.0443,265.1542,26.7662,1.000000,0.1875,0.8125
1704,1,65.7138,581.5209,57.6777,25.9518,1.000000,0,1
1704,2,214.4885,579.6815,103.8902,14.8997,1.000000,0.5625,0.4375
1704,3,224.3532,550.6949,452.9557,70.6297,1.000000,0,1
1704,4,-679.0431,582.9569,113.8171,33.2350,1.000000,0,1
1704,5,930.0560,532.5922,394.7827,91.0604,1.000000,0,1
1704,6,1216.0910,583.0508,265.2900,26.7718,1.000000,0.3125,0.6875
1705,1,65.1260,581.5895,57.6916,25.9524,1.000000,0,1
1705,2,213.9467,579.7503,103.8914,14.8994,1.000000,0.5625,0.4375
1705,3,224.7487,550.6343,453.0073,70.6362,1.000000,0,1
1705,4,-679.8137,583.0026,113.8270,33.2328,1.000000,0,1
1705,5,930.2894,532.5902,394.8339,91.0609,1.000000,0,1
1705,6,1216.8200,583.0560,265.4259,26.7772,1.000000,0.4375,0.5625
1706,1,64.5351,581.6665,57.7058,25.9534,1.000000,0,1
1706,2,213.4039,579.8214,103.8929,14.8993,1.000000,0.75,0.25
1706,3,225.1415,550.5721,453.0604,70.6429,1.000000,0,1
1706,4,-680.5864,583.0540,113.8368,33.2311,1.000000,0,1
1706,5,930.5227,532.5896,394.8860,91.0618,1.000000,0,1
1706,6,1217.5490,583.0598,265.5612,26.7823,1.000000,0.375,0.625
1707,1,63.9418,581.7501,57.7203,25.9545,1.000000,0,1
1707,2,212.8607,579.8948,103.8947,14.8992,1.000000,0.5,0.5
1707,3,225.5320,550.5092,453.1150,70.6498,1.000000,0,1
1707,4,-681.3588,583.1083,113.8465,33.2296,1.000000,0,1
1707,5,930.7560,532.5906,394.9392,91.0628,1.000000,0,1
1707,6,1218.2780,583.0619,265.6968,26.7873,1.000000,0.375,0.625
1708,1,63.3465,581.8397,57.7350,25.9558,1.000000,0,1
1708,2,212.3179,579.9701,103.8966,14.8992,1.000000,0.5,0.5
1708,3,225.9201,550.4462,453.1712,70.6571,1.000000,0,1
1708,4,-682.1302,583.1631,113.8557,33.2280,1.000000,0,1
1708,5,930.9893,532.5931,394.9932,91.0641,1.000000,0,1
1708,6,1219.0060,583.0622,265.8323,26.7920,1.000000,0.375,0.625
1709,1,62.7480,581.9385,57.7500,25.9574,1.000000,0,1
1709,2,211.7738,580.0488,103.8988,14.8992,1.000000,0.625,0.375
1709,3,226.3060,550.3812,453.2289,70.6645,1.000000,0,1
1709,4,-682.9022,583.2229,113.8659,33.2269,1.000000,0,1
1709,5,931.2222,532.5980,395.0479,91.0658,1.000000,0,1
1709,6,1219.7350,583.0606,265.9675,26.7966,1.000000,0.3125,0.6875
1710,1,62.1472,582.0443,57.7654,25.9591,1.000000,0,1
1710,2,211.2286,580.1303,103.9012,14.8992,1.000000,0.625,0.375
1710,3,226.6901,550.3155,453.2878,70.6720,1.000000,0,1
1710,4,-683.6734,583.2847,113.8758,33.2259,1.000000,0,1
1710,5,931.4548,532.6049,395.1034,91.0678,1.000000,0,1
1710,6,1220.4630,583.0573,266.1029,26.8008,1.000000,0.3125,0.6875
1711,1,61.5445,582.1557,57.7808,25.9609,1.000000,0,1
1711,2,210.6836,580.2141,103.9035,14.8994,1.000000,0.8125,0.1875
1711,3,227.0722,550.2499,453.3484,70.6799,1.000000,0,1
1711,4,-684.4438,583.3459,113.8855,33.2249,1.000000,0,1
1711,5,931.6871,532.6138,395.1595,91.0699,1.000000,0,1
1711,6,1221.1910,583.0521,266.2385,26.8050,1.000000,0.25,0.75
1712,1,60.9393,582.2758,57.7967,25.9630,1.000000,0,1
1712,2,210.1376,580.3011,103.9062,14.8995,1.000000,0.5,0.5
1712,3,227.4525,550.1833,453.4105,70.6880,1.000000,0,1
1712,4,-685.2141,583.4117,113.8955,33.2243,1.000000,0,1
1712,5,931.9189,532.6254,395.2156,91.0724,1.000000,0,1
1712,6,1221.9180,583.0453,266.3745,26.8089,1.000000,0.25,0.75
1713,1,60.3327,582.4022,57.8127,25.9653,1.000000,0,1
1713,2,209.5916,580.3909,103.9089,14.8997,1.000000,0.5625,0.4375
1713,3,227.8316,550.1165,453.4734,70.6962,1.000000,0,1
1713,4,-685.9842,583.4787,113.9056,33.2237,1.000000,0,1
1713,5,932.1502,532.6392,395.2719,91.0749,1.000000,0,1
1713,6,1222.6460,583.0370,266.5105,26.8126,1.000000,0.25,0.75
1714,1,59.7254,582.5334,57.8288,25.9676,1.000000,0,1
1714,2,209.0464,580.4826,103.9112,14.8998,1.000000,0.1875,0.8125
1714,3,228.2098,550.0505,453.5375,70.7047,1.000000,0,1
1714,4,-686.7529,583.5444,113.9155,33.2229,1.000000,0,1
1714,5,932.3809,532.6549,395.3290,91.0777,1.000000,0,1
1714,6,1223.3730,583.0273,266.6466,26.8162,1.000000,0.125,0.875
1715,1,59.1182,582.6711,57.8447,25.9701,1.000000,0,1
1715,2,208.5004,580.5779,103.9138,14.9000,1.000000,0.375,0.625
1715,3,228.5863,549.9847,453.6033,70.7134,1.000000,0,1
1715,4,-687.5229,583.6136,113.9261,33.2226,1.000000,0,1
1715,5,932.6110,532.6736,395.3861,91.0807,1.000000,0,1
1715,6,1224.1000,583.0154,266.7828,26.8196,1.000000,0.375,0.625
1716,1,58.5107,582.8137,57.8608,25.9725,1.000000,0,1
1716,2,207.9545,580.6759,103.9162,14.9002,1.000000,0.6875,0.3125
1716,3,228.9617,549.9198,453.6705,70.7225,1.000000,0,1
1716,4,-688.2938,583.6836,113.9366,33.2224,1.000000,0,1
1716,5,932.8403,532.6942,395.4437,91.0840,1.000000,0,1
1716,6,1224.8260,583.0019,266.9189,26.8227,1.000000,0.25,0.75
1717,1,57.9037,582.9568,57.8767,25.9784,1.000000,0,1
1717,2,207.4094,580.7755,103.9184,14.9004,1.000000,0.1875,0.8125
1717,3,229.3360,549.8565,453.7389,70.7317,1.000000,0,1
1717,4,-689.0665,583.7523,113.9474,33.2222,1.000000,0,1
1717,5,933.0689,532.7167,395.5019,91.0875,1.000000,0,1
1717,6,1225.5520,582.9875,267.0555,26.8258,1.000000,0.5,0.5
1718,1,57.2974,583.1045,57.8926,25.9853,1.000000,0,1
1718,2,206.8642,580.8783,103.9204,14.9006,1.000000,0.5625,0.4375
1718,3,229.7089,549.7946,453.8086,70.7413,1.000000,0,1
1718,4,-689.8430,583.8245,113.9593,33.2224,1.000000,0,1
1718,5,933.2965,532.7418,395.5607,91.0912,1.000000,0,1
1718,6,1226.2770,582.9716,267.1917,26.8286,1.000000,0.0625,0.9375
1719,1,56.6922,583.2561,57.9083,25.9925,1.000000,0,1
1719,2,206.3197,580.9829,103.9221,14.9007,1.000000,0.375,0.625
1719,3,230.0815,549.7347,453.8791,70.7511,1.000000,0,1
1719,4,-690.6230,583.8975,113.9713,33.2228,1.000000,0,1
1719,5,933.5233,532.7684,395.6196,91.0952,1.000000,0,1
1719,6,1227.0020,582.9547,267.3271,26.8313,1.000000,0.1875,0.8125
1720,1,56.0889,583.4109,57.9237,25.9996,1.000000,0,1
1720,2,205.7774,581.0883,103.9232,14.9008,1.000000,0.375,0.625
1720,3,230.4532,549.6775,453.9510,70.7612,1.000000,0,1
1720,4,-691.4059,583.9691,113.9838,33.2231,1.000000,0,1
1720,5,933.7493,532.7959,395.6785,91.0992,1.000000,0,1
1720,6,1227.7260,582.9373,267.4634,26.8340,1.000000,0.125,0.875
1721,1,55.4872,583.5704,57.9390,26.0069,1.000000,0,1
1721,2,205.2355,581.1964,103.9241,14.9009,1.000000,0.3125,0.6875
1721,3,230.8241,549.6227,454.0239,70.7716,1.000000,0,1
1721,4,-692.1927,584.0443,113.9971,33.2239,1.000000,0,1
1721,5,933.9739,532.8252,395.7383,91.1036,1.000000,0,1
1721,6,1228.4490,582.9188,267.5986,26.8365,1.000000,0.1875,0.8125
1722,1,54.8873,583.7333,57.9540,26.0142,1.000000,0,1
1722,2,204.6951,581.3056,103.9247,14.9009,1.000000,0.4375,0.5625
1722,3,231.1947,549.5707,454.0976,70.7823,1.000000,0,1
1722,4,-692.9829,584.1203,114.0109,33.2249,1.000000,0,1
1722,5,934.1977,532.8552,395.7989,91.1083,1.000000,0,1
1722,6,1229.1710,582.8999,267.7340,26.8388,1.000000,0.375,0.625
1723,1,54.2896,583.8987,57.9686,26.0216,1.000000,0,1
1723,2,204.1572,581.4146,103.9245,14.9008,1.000000,0.25,0.75
1723,3,231.5648,549.5215,454.1721,70.7931,1.000000,0,1
1723,4,-693.7762,584.1949,114.0252,33.2259,1.000000,0,1
1723,5,934.4210,532.8853,395.8604,91.1131,1.000000,0,1
1723,6,1229.8930,582.8810,267.8685,26.8412,1.000000,0.125,0.875
1724,1,53.6935,584.0681,57.9831,26.0290,1.000000,0,1
1724,2,203.6202,581.5255,103.9240,14.9007,1.000000,0.3125,0.6875
1724,3,231.9334,549.4758,454.2480,70.8044,1.000000,0,1
1724,4,-694.5731,584.2722,114.0401,33.2272,1.000000,0,1
1724,5,934.6429,532.9161,395.9232,91.1184,1.000000,0,1
1724,6,1230.6140,582.8613,268.0026,26.8434,1.000000,0.375,0.625
1725,1,53.0994,584.2400,57.9972,26.0364,1.000000,0,1
1725,2,203.0843,581.6368,103.9230,14.9005,1.000000,0.125,0.875
1725,3,232.3009,549.4335,454.3248,70.8158,1.000000,0,1
1725,4,-695.3732,584.3499,114.0554,33.2286,1.000000,0,1
1725,5,934.8642,532.9470,395.9869,91.1239,1.000000,0,1
1725,6,1231.3340,582.8409,268.1362,26.8460,1.000000,0.1875,0.8125
1726,1,52.5083,584.4132,58.0111,26.0437,1.000000,0,1
1726,2,202.5499,581.7467,103.9216,14.9002,1.000000,0.3125,0.6875
1726,3,232.6680,549.3947,454.4020,70.8276,1.000000,0,1
1726,4,-696.1761,584.4265,114.0710,33.2302,1.000000,0,1
1726,5,935.0853,532.9769,396.0524,91.1298,1.000000,0,1
1726,6,1232.0520,582.8190,268.2695,26.8503,1.000000,0.1875,0.8125
1727,1,51.9206,584.5893,58.0243,26.0510,1.000000,0,1
1727,2,202.0155,581.8580,103.9199,14.8999,1.000000,0.1875,0.8125
1727,3,233.0333,549.3605,454.4802,70.8396,1.000000,0,1
1727,4,-696.9821,584.5038,114.0875,33.2318,1.000000,0,1
1727,5,935.3051,533.0063,396.1190,91.1360,1.000000,0,1
1727,6,1232.7700,582.7965,268.4014,26.8544,1.000000,0.125,0.875
1728,1,51.3351,584.7670,58.0377,26.0583,1.000000,0,1
1728,2,201.4819,581.9690,103.9179,14.8996,1.000000,0.25,0.75
1728,3,233.3976,549.3302,454.5589,70.8519,1.000000,0,1
1728,4,-697.7913,584.5807,114.1042,33.2334,1.000000,0,1
1728,5,935.5247,533.0347,396.1879,91.1426,1.000000,0,1
1728,6,1233.4860,582.7739,268.5328,26.8585,1.000000,0.25,0.75
1729,1,50.7512,584.9454,58.0507,26.0656,1.000000,0,1
1729,2,200.9495,582.0779,103.9154,14.8992,1.000000,0.3125,0.6875
1729,3,233.7611,549.3034,454.6382,70.8644,1.000000,0,1
1729,4,-698.6018,584.6565,114.1207,33.2352,1.000000,0,1
1729,5,935.7445,533.0616,396.2585,91.1496,1.000000,0,1
1729,6,1234.2010,582.7512,268.6637,26.8625,1.000000,0.0625,0.9375
1730,1,50.1698,585.1250,58.0633,26.0728,1.000000,0,1
1730,2,200.4166,582.1876,103.9129,14.8988,1.000000,0.3125,0.6875
1730,3,234.1244,549.2804,454.7178,70.8771,1.000000,0,1
1730,4,-699.4146,584.7319,114.1383,33.2368,1.000000,0,1
1730,5,935.9639,533.0872,396.3313,91.1571,1.000000,0,1
1730,6,1234.9130,582.7269,268.7932,26.8664,1.000000,0.125,0.875
1731,1,49.5904,585.3049,58.0758,26.0799,1.000000,0,1
1731,2,199.8842,582.2963,103.9101,14.8983,1.000000,0.3125,0.6875
1731,3,234.4876,549.2606,454.7976,70.8900,1.000000,0,1
1731,4,-700.2290,584.8068,114.1553,33.2385,1.000000,0,1
1731,5,936.1835,533.1111,396.4063,91.1649,1.000000,0,1
1731,6,1235.6240,582.7014,268.9219,26.8703,1.000000,0.1875,0.8125
1732,1,49.0137,585.4843,58.0877,26.0868,1.000000,0,1
1732,2,199.3525,582.4025,103.9069,14.8977,1.000000,0.375,0.625
1732,3,234.8512,549.2442,454.8777,70.9030,1.000000,0,1
1732,4,-701.0444,584.8811,114.1727,33.2403,1.000000,0,1
1732,5,936.4037,533.1330,396.4835,91.1731,1.000000,0,1
1732,6,1236.3350,582.6750,269.0498,26.8740,1.000000,0.1875,0.8125
1733,1,48.4389,585.6638,58.0996,26.0937,1.000000,0,1
1733,2,198.8204,582.5090,103.9036,14.8972,1.000000,0.3125,0.6875
1733,3,235.2153,549.2316,454.9577,70.9161,1.000000,0,1
1733,4,-701.8625,584.9559,114.1906,33.2420,1.000000,0,1
1733,5,936.6246,533.1532,396.5638,91.1820,1.000000,0,1
1733,6,1237.0440,582.6467,269.1772,26.8777,1.000000,0.25,0.75
1734,1,47.8661,585.8430,58.1113,26.1005,1.000000,0,1
1734,2,198.2886,582.6142,103.9004,14.8966,1.000000,0.3125,0.6875
1734,3,235.5801,549.2227,455.0376,70.9294,1.000000,0,1
1734,4,-702.6818,585.0312,114.2081,33.2439,1.000000,0,1
1734,5,936.8464,533.1716,396.6466,91.1912,1.000000,0,1
1734,6,1237.7530,582.6171,269.3043,26.8813,1.000000,0.0625,0.9375
1735,1,47.2956,586.0209,58.1226,26.1071,1.000000,0,1
1735,2,197.7574,582.7164,103.8965,14.8960,1.000000,0.5,0.5
1735,3,235.9457,549.2180,455.1175,70.9428,1.000000,0,1
1735,4,-703.5010,585.1066,114.2261,33.2457,1.000000,0,1
1735,5,937.0697,533.1878,396.7322,91.2010,1.000000,0,1
1735,6,1238.4630,582.5867,269.4313,26.8849,1.000000,0.1875,0.8125
1736,1,46.7275,586.1978,58.1336,26.1136,1.000000,0,1
1736,2,197.2258,582.8192,103.8930,14.8953,1.000000,0.1875,0.8125
1736,3,236.3122,549.2177,455.1971,70.9563,1.000000,0,1
1736,4,-704.3187,585.1832,114.2436,33.2476,1.000000,0,1
1736,5,937.2944,533.2020,396.8211,91.2113,1.000000,0,1
1736,6,1239.1710,582.5546,269.5576,26.8885,1.000000,0.125,0.875
1737,1,46.1617,586.3730,58.1446,26.1200,1.000000,0,1
1737,2,196.6938,582.9174,103.8895,14.8980,1.000000,0.25,0.75
1737,3,236.6798,549.2215,455.2763,70.9700,1.000000,0,1
1737,4,-705.1360,585.2607,114.2614,33.2496,1.000000,0,1
1737,5,937.5208,533.2148,396.9128,91.2221,1.000000,0,1
1737,6,1239.8800,582.5214,269.6837,26.8919,1.000000,0.0625,0.9375
1738,1,45.5990,586.5465,58.1549,26.1260,1.000000,0,1
1738,2,196.1622,583.0117,103.8857,14.9018,1.000000,0.25,0.75
1738,3,237.0486,549.2296,455.3550,70.9837,1.000000,0,1
1738,4,-705.9551,585.3392,114.2794,33.2517,1.000000,0,1
1738,5,937.7490,533.2261,397.0073,91.2334,1.000000,0,1
1738,6,1240.5890,582.4877,269.8101,26.8954,1.000000,0.25,0.75
1739,1,45.0388,586.7178,58.1652,26.1319,1.000000,0,1
1739,2,195.6294,583.1064,103.8820,14.9055,1.000000,0.375,0.625
1739,3,237.4192,549.2427,455.4333,70.9975,1.000000,0,1
1739,4,-706.7766,585.4193,114.2974,33.2540,1.000000,0,1
1739,5,937.9791,533.2365,397.1051,91.2454,1.000000,0,1
1739,6,1241.2980,582.4528,269.9360,26.8988,1.000000,0.1875,0.8125
1740,1,44.4813,586.8869,58.1751,26.1377,1.000000,0,1
1740,2,195.0960,583.2002,103.8783,14.9092,1.000000,0.5,0.5
1740,3,237.7915,549.2601,455.5106,71.0112,1.000000,0,1
1740,4,-707.6013,585.5010,114.3160,33.2564,1.000000,0,1
1740,5,938.2110,533.2458,397.2057,91.2579,1.000000,0,1
1740,6,1242.0080,582.4172,270.0619,26.9022,1.000000,0.1875,0.8125
1741,1,43.9266,587.0534,58.1847,26.1432,1.000000,0,1
1741,2,194.5626,583.2914,103.8744,14.9128,1.000000,0.1875,0.8125
1741,3,238.1658,549.2817,455.5873,71.0251,1.000000,0,1
1741,4,-708.4285,585.5839,114.3348,33.2590,1.000000,0,1
1741,5,938.4449,533.2544,397.3084,91.2706,1.000000,0,1
1741,6,1242.7180,582.3813,270.1881,26.9057,1.000000,0.3125,0.6875
1742,1,43.3750,587.2173,58.1940,26.1485,1.000000,0,1
1742,2,194.0278,583.3837,103.8708,14.9164,1.000000,0.5,0.5
1742,3,238.5420,549.3088,455.6632,71.0390,1.000000,0,1
1742,4,-709.2587,585.6694,114.3538,33.2618,1.000000,0,1
1742,5,938.6807,533.2635,397.4142,91.2841,1.000000,0,1
1742,6,1243.4280,582.3453,270.3142,26.9091,1.000000,0.125,0.875
1743,1,42.8266,587.3786,58.2030,26.1536,1.000000,0,1
1743,2,193.4922,583.4758,103.8672,14.9200,1.000000,0.3125,0.6875
1743,3,238.9204,549.3403,455.7382,71.0529,1.000000,0,1
1743,4,-710.0928,585.7571,114.3735,33.2648,1.000000,0,1
1743,5,938.9186,533.2729,397.5225,91.2980,1.000000,0,1
1743,6,1244.1380,582.3092,270.4399,26.9124,1.000000,0.25,0.75
1744,1,42.2809,587.5371,58.2119,26.1584,1.000000,0,1
1744,2,192.9558,583.5659,103.8638,14.9235,1.000000,0.25,0.75
1744,3,239.3013,549.3758,455.8120,71.0667,1.000000,0,1
1744,4,-710.9314,585.8468,114.3937,33.2681,1.000000,0,1
1744,5,939.1584,533.2824,397.6326,91.3123,1.000000,0,1
1744,6,1244.8480,582.2732,270.5657,26.9158,1.000000,0.3125,0.6875
1745,1,41.7378,587.6928,58.2204,26.1631,1.000000,0,1
1745,2,192.4188,583.6571,103.8602,14.9271,1.000000,0.125,0.875
1745,3,239.6844,549.4164,455.8849,71.0807,1.000000,0,1
1745,4,-711.7738,585.9403,114.4141,33.2717,1.000000,0,1
1745,5,939.4000,533.2936,397.7449,91.3270,1.000000,0,1
1745,6,1245.5590,582.2365,270.6915,26.9192,1.000000,0.1875,0.8125
1746,1,41.1970,587.8457,58.2286,26.1675,1.000000,0,1
1746,2,191.8811,583.7480,103.8568,14.9306,1.000000,0.0625,0.9375
1746,3,240.0698,549.4614,455.9568,71.0945,1.000000,0,1
1746,4,-712.6208,586.0369,114.4349,33.2757,1.000000,0,1
1746,5,939.6430,533.3058,397.8594,91.3422,1.000000,0,1
1746,6,1246.2700,582.1994,270.8173,26.9225,1.000000,0.3125,0.6875
1747,1,40.6584,587.9952,58.2367,26.1717,1.000000,0,1
1747,2,191.3425,583.8369,103.8534,14.9341,1.000000,0.125,0.875
1747,3,240.4574,549.5098,456.0279,71.1084,1.000000,0,1
1747,4,-713.4723,586.1365,114.4565,33.2799,1.000000,0,1
1747,5,939.8877,533.3188,397.9751,91.3577,1.000000,0,1
1747,6,1246.9830,582.1621,270.9434,26.9258,1.000000,0.125,0.875
1748,1,40.1225,588.1416,58.2445,26.1757,1.000000,0,1
1748,2,190.8027,583.9268,103.8501,14.9376,1.000000,0.125,0.875
1748,3,240.8475,549.5627,456.0978,71.1221,1.000000,0,1
1748,4,-714.3275,586.2408,114.4783,33.2845,1.000000,0,1
1748,5,940.1335,533.3338,398.0925,91.3735,1.000000,0,1
1748,6,1247.6960,582.1244,271.0693,26.9291,1.000000,0,1
1749,1,39.5885,588.2849,58.2520,26.1795,1.000000,0,1
1749,2,190.2613,584.0160,103.8471,14.9412,1.000000,0.125,0.875
1749,3,241.2398,549.6190,456.1667,71.1359,1.000000,0,1
1749,4,-715.1871,586.3488,114.5005,33.2894,1.000000,0,1
1749,5,940.3805,533.3502,398.2108,91.3896,1.000000,0,1
1749,6,1248.4110,582.0865,271.1952,26.9324,1.000000,0.25,0.75
1750,1,39.0561,588.4250,58.2595,26.1831,1.000000,0,1
1750,2,189.7190,584.1028,103.8439,14.9445,1.000000,0.1875,0.8125
1750,3,241.6336,549.6779,456.2348,71.1497,1.000000,0,1
1750,4,-716.0501,586.4603,114.5233,33.2946,1.000000,0,1
1750,5,940.6287,533.3677,398.3306,91.4060,1.000000,0,1
1750,6,1249.1260,582.0488,271.3215,26.9358,1.000000,0.25,0.75
1751,1,38.5266,588.5621,58.2665,26.1864,1.000000,0,1
1751,2,189.1754,584.1906,103.8409,14.9480,1.000000,0.0625,0.9375
1751,3,242.0291,549.7406,456.3025,71.1635,1.000000,0,1
1751,4,-716.9168,586.5769,114.5459,33.3003,1.000000,0,1
1751,5,940.8777,533.3865,398.4514,91.4226,1.000000,0,1
1751,6,1249.8430,582.0107,271.4480,26.9391,1.000000,0.125,0.875
1752,1,37.9987,588.6964,58.2737,26.1896,1.000000,0,1
1752,2,188.6306,584.2772,103.8382,14.9514,1.000000,0.125,0.875
1752,3,242.4257,549.8063,456.3698,71.1773,1.000000,0,1
1752,4,-717.7880,586.6976,114.5693,33.3063,1.000000,0,1
1752,5,941.1276,533.4064,398.5736,91.4396,1.000000,0,1
1752,6,1250.5600,581.9726,271.5743,26.9423,1.000000,0.0625,0.9375
1753,1,37.4725,588.8280,58.2806,26.1926,1.000000,0,1
1753,2,188.0846,584.3610,103.8355,14.9547,1.000000,0.125,0.875
1753,3,242.8234,549.8742,456.4363,71.1911,1.000000,0,1
1753,4,-718.6635,586.8216,114.5931,33.3125,1.000000,0,1
1753,5,941.3785,533.4268,398.6972,91.4570,1.000000,0,1
1753,6,1251.2790,581.9343,271.7010,26.9457,1.000000,0.0625,0.9375
1754,1,36.9481,588.9568,58.2872,26.1954,1.000000,0,1
1754,2,187.5376,584.4452,103.8328,14.9579,1.000000,0.0625,0.9375
1754,3,243.2217,549.9449,456.5031,71.2050,1.000000,0,1
1754,4,-719.5430,586.9510,114.6173,33.3192,1.000000,0,1
1754,5,941.6299,533.4480,398.8223,91.4746,1.000000,0,1
1754,6,1251.9970,581.8958,271.8280,26.9490,1.000000,0.0625,0.9375
1755,1,36.4248,589.0828,58.2936,26.1980,1.000000,0,1
1755,2,186.9898,584.5277,103.8303,14.9612,1.000000,0.125,0.875
1755,3,243.6206,550.0173,456.5698,71.2190,1.000000,0,1
1755,4,-720.4268,587.0844,114.6418,33.3263,1.000000,0,1
1755,5,941.8822,533.4695,398.9485,91.4925,1.000000,0,1
1755,6,1252.7170,581.8572,271.9550,26.9523,1.000000,0.3125,0.6875
1756,1,35.9026,589.2053,58.3001,26.2005,1.000000,0,1
1756,2,186.4414,584.6069,103.8278,14.9642,1.000000,0.0625,0.9375
1756,3,244.0196,550.0909,456.6365,71.2330,1.000000,0,1
1756,4,-721.3154,587.2181,114.6666,33.3334,1.000000,0,1
1756,5,942.1353,533.4909,399.0759,91.5106,1.000000,0,1
1756,6,1253.4380,581.8183,272.0825,26.9557,1.000000,0.0625,0.9375
1757,1,35.3816,589.3252,58.3064,26.2028,1.000000,0,1
1757,2,185.8922,584.6858,103.8256,14.9673,1.000000,0.125,0.875
1757,3,244.4183,550.1671,456.7038,71.2472,1.000000,0,1
1757,4,-722.2064,587.3559,114.6917,33.3408,1.000000,0,1
1757,5,942.3888,533.5127,399.2048,91.5290,1.000000,0,1
1757,6,1254.1590,581.7787,272.2103,26.9590,1.000000,0.125,0.875
1758,1,34.8610,589.4424,58.3127,26.2050,1.000000,0,1
1758,2,185.3424,584.7628,103.8233,14.9702,1.000000,0.1875,0.8125
1758,3,244.8164,550.2445,456.7716,71.2616,1.000000,0,1
1758,4,-723.0994,587.4933,114.7167,33.3482,1.000000,0,1
1758,5,942.6429,533.5343,399.3348,91.5477,1.000000,0,1
1758,6,1254.8800,581.7384,272.3386,26.9623,1.000000,0.0625,0.9375
1759,1,34.3414,589.5568,58.3188,26.2070,1.000000,0,1
1759,2,184.7916,584.8364,103.8213,14.9730,1.000000,0.1875,0.8125
1759,3,245.2144,550.3220,456.8394,71.2760,1.000000,0,1
1759,4,-723.9937,587.6271,114.7419,33.3553,1.000000,0,1
1759,5,942.8980,533.5552,399.4662,91.5665,1.000000,0,1
1759,6,1255.6040,581.6977,272.4675,26.9658,1.000000,0.125,0.875
1760,1,33.8227,589.6683,58.3248,26.2088,1.000000,0,1
1760,2,184.2408,584.9091,103.8193,14.9758,1.000000,0.0625,0.9375
1760,3,245.6108,550.4012,456.9084,71.2906,1.000000,0,1
1760,4,-724.8894,587.7638,114.7668,33.3626,1.000000,0,1
1760,5,943.1537,533.5762,399.5989,91.5857,1.000000,0,1
1760,6,1256.3280,581.6557,272.5972,26.9692,1.000000,0.25,0.75
1761,1,33.3049,589.7773,58.3306,26.2105,1.000000,0,1
1761,2,183.6893,584.9797,103.8176,14.9785,1.000000,0,1
1761,3,246.0061,550.4811,456.9784,71.3055,1.000000,0,1
1761,4,-725.7867,587.9003,114.7916,33.3699,1.000000,0,1
1761,5,943.4100,533.5966,399.7324,91.6049,1.000000,0,1
1761,6,1257.0530,581.6129,272.7277,26.9728,1.000000,0.1875,0.8125
1762,1,32.7881,589.8839,58.3364,26.2120,1.000000,0,1
1762,2,183.1366,585.0470,103.8159,14.9810,1.000000,0,1
1762,3,246.4002,550.5612,457.0492,71.3204,1.000000,0,1
1762,4,-726.6849,588.0336,114.8170,33.3769,1.000000,0,1
1762,5,943.6672,533.6160,399.8667,91.6243,1.000000,0,1
1762,6,1257.7810,581.5701,272.8594,26.9764,1.000000,0.125,0.875
1763,1,32.2729,589.9879,58.3421,26.2134,1.000000,0,1
1763,2,182.5837,585.1135,103.8143,14.9834,1.000000,0.0625,0.9375
1763,3,246.7923,550.6425,457.1215,71.3357,1.000000,0,1
1763,4,-727.5847,588.1707,114.8421,33.3842,1.000000,0,1
1763,5,943.9252,533.6348,400.0018,91.6438,1.000000,0,1
1763,6,1258.5100,581.5269,272.9923,26.9801,1.000000,0.125,0.875
1764,1,31.7588,590.0894,58.3477,26.2146,1.000000,0,1
1764,2,182.0297,585.1781,103.8129,14.9859,1.000000,0,1
1764,3,247.1831,550.7241,457.1951,71.3513,1.000000,0,1
1764,4,-728.4848,588.3085,114.8670,33.3915,1.000000,0,1
1764,5,944.1839,533.6528,400.1376,91.6633,1.000000,0,1
1764,6,1259.2410,581.4839,273.1266,26.9838,1.000000,0.1875,0.8125
1765,1,31.2455,590.1887,58.3532,26.2157,1.000000,0,1
1765,2,181.4742,585.2398,103.8117,14.9881,1.000000,0.0625,0.9375
1765,3,247.5729,550.8053,457.2696,71.3670,1.000000,0,1
1765,4,-729.3835,588.4436,114.8919,33.3986,1.000000,0,1
1765,5,944.4435,533.6698,400.2736,91.6828,1.000000,0,1
1765,6,1259.9740,581.4415,273.2621,26.9877,1.000000,0.125,0.875
1766,1,30.7336,590.2853,58.3587,26.2167,1.000000,0,1
1766,2,180.9189,585.3014,103.8104,14.9903,1.000000,0,1
1766,3,247.9616,550.8875,457.3455,71.3829,1.000000,0,1
1766,4,-730.2803,588.5818,114.9169,33.4059,1.000000,0,1
1766,5,944.7040,533.6860,400.4098,91.7023,1.000000,0,1
1766,6,1260.7080,581.3991,273.3987,26.9918,1.000000,0.1875,0.8125
1767,1,30.2232,590.3795,58.3638,26.2175,1.000000,0,1
1767,2,180.3636,585.3618,103.8090,14.9925,1.000000,0,1
1767,3,248.3494,550.9701,457.4227,71.3991,1.000000,0,1
1767,4,-731.1769,588.7204,114.9414,33.4132,1.000000,0,1
1767,5,944.9653,533.7013,400.5461,91.7217,1.000000,0,1
1767,6,1261.4430,581.3575,273.5364,26.9959,1.000000,0.125,0.875
1768,1,29.7136,590.4674,58.3689,26.2179,1.000000,0,1
1768,2,179.8084,585.4192,103.8078,14.9945,1.000000,0,1
1768,3,248.7363,551.0526,457.5009,71.4155,1.000000,0,1
1768,4,-732.0718,588.8568,114.9661,33.4204,1.000000,0,1
1768,5,945.2277,533.7155,400.6816,91.7408,1.000000,0,1
1768,6,1262.1800,581.3176,273.6758,27.0001,1.000000,0.3125,0.6875
1769,1,29.2041,590.5453,58.3735,26.2177,1.000000,0,1
1769,2,179.2540,585.4763,103.8063,14.9965,1.000000,0,1
1769,3,249.1216,551.1365,457.5809,71.4322,1.000000,0,1
1769,4,-732.9620,588.9955,114.9903,33.4276,1.000000,0,1
1769,5,945.4908,533.7285,400.8171,91.7598,1.000000,0,1
1769,6,1262.9180,581.2784,273.8167,27.0045,1.000000,0.1875,0.8125
1770,1,28.6943,590.6118,58.3779,26.2169,1.000000,0,1
1770,2,178.7000,585.5321,103.8048,14.9984,1.000000,0,1
1770,3,249.5062,551.2215,457.6618,71.4491,1.000000,0,1
1770,4,-733.8467,589.1342,115.0137,33.4347,1.000000,0,1
1770,5,945.7550,533.7407,400.9518,91.7785,1.000000,0,1
1770,6,1263.6580,581.2406,273.9587,27.0091,1.000000,0.0625,0.9375
1771,1,28.1854,590.6643,58.3816,26.2152,1.000000,0,1
1771,2,178.1463,585.5856,103.8032,15.0002,1.000000,0,1
1771,3,249.8901,551.3068,457.7435,71.4662,1.000000,0,1
1771,4,-734.7267,589.2708,115.0371,33.4416,1.000000,0,1
1771,5,946.0200,533.7517,401.0857,91.7970,1.000000,0,1
1771,6,1264.3990,581.2050,274.1021,27.0137,1.000000,0.1875,0.8125
1772,1,27.6782,590.7045,58.3850,26.2129,1.000000,0,1
1772,2,177.5941,585.6387,103.8013,15.0019,1.000000,0,1
1772,3,250.2729,551.3942,457.8264,71.4835,1.000000,0,1
1772,4,-735.6013,589.4097,115.0598,33.4486,1.000000,0,1
1772,5,946.2861,533.7612,401.2185,91.8150,1.000000,0,1
1772,6,1265.1420,581.1710,274.2474,27.0186,1.000000,0.0625,0.9375
1773,1,27.1726,590.7347,58.3878,26.2098,1.000000,0,1
1773,2,177.0432,585.6899,103.7992,15.0034,1.000000,0,1
1773,3,250.6550,551.4828,457.9099,71.5011,1.000000,0,1
1773,4,-736.4722,589.5487,115.0823,33.4554,1.000000,0,1
1773,5,946.5530,533.7693,401.3498,91.8326,1.000000,0,1
1773,6,1265.8860,581.1396,274.3936,27.0235,1.000000,0,1
1774,1,26.6682,590.7572,58.3904,26.2063,1.000000,0,1
1774,2,176.4934,585.7371,103.7967,15.0047,1.000000,0,1
1774,3,251.0366,551.5715,457.9939,71.5187,1.000000,0,1
1774,4,-737.3378,589.6855,115.1038,33.4620,1.000000,0,1
1774,5,946.8207,533.7764,401.4799,91.8498,1.000000,0,1
1774,6,1266.6320,581.1111,274.5414,27.0287,1.000000,0.1875,0.8125
1775,1,26.1649,590.7719,58.3928,26.2025,1.000000,0,1
1775,2,175.9456,585.7825,103.7939,15.0058,1.000000,0,1
1775,3,251.4170,551.6622,458.0789,71.5365,1.000000,0,1
1775,4,-738.1969,589.8246,115.1256,33.4688,1.000000,0,1
1775,5,947.0892,533.7816,401.6081,91.8665,1.000000,0,1
1775,6,1267.3810,581.0837,274.6909,27.0339,1.000000,0.125,0.875
1776,1,25.6630,590.7809,58.3949,26.1982,1.000000,0,1
1776,2,175.3992,585.8251,103.7907,15.0068,1.000000,0,1
1776,3,251.7969,551.7536,458.1643,71.5545,1.000000,0,1
1776,4,-739.0512,589.9638,115.1464,33.4753,1.000000,0,1
1776,5,947.3578,533.7852,401.7342,91.8827,1.000000,0,1
1776,6,1268.1320,581.0588,274.8414,27.0393,1.000000,0.125,0.875
1777,1,25.1623,590.7866,58.3970,26.1938,1.000000,0,1
1777,2,174.8545,585.8643,103.7870,15.0075,1.000000,0,1
1777,3,252.1769,551.8448,458.2495,71.5724,1.000000,0,1
1777,4,-739.8990,590.1013,115.1664,33.4817,1.000000,0,1
1777,5,947.6266,533.7875,401.8580,91.8982,1.000000,0,1
1777,6,1268.8860,581.0385,274.9938,27.0449,1.000000,0,1
1778,1,24.6619,590.7883,58.3988,26.1891,1.000000,0,1
1778,2,174.3119,585.9007,103.7830,15.0080,1.000000,0,1
1778,3,252.5562,551.9376,458.3349,71.5904,1.000000,0,1
1778,4,-740.7390,590.2408,115.1861,33.4881,1.000000,0,1
1778,5,947.8961,533.7870,401.9796,91.9130,1.000000,0,1
1778,6,1269.6400,581.0217,275.1469,27.0506,1.000000,0,1
1779,1,24.1620,590.7870,58.4007,26.1843,1.000000,0,1
1779,2,173.7714,585.9340,103.7782,15.0082,1.000000,0,1
1779,3,252.9354,552.0309,458.4203,71.6084,1.000000,0,1
1779,4,-741.5732,590.3793,115.2050,33.4943,1.000000,0,1
1779,5,948.1656,533.7842,402.0991,91.9272,1.000000,0,1
1779,6,1270.3960,581.0090,275.3009,27.0564,1.000000,0.0625,0.9375
1780,1,23.6626,590.7831,58.4025,26.1794,1.000000,0,1
1780,2,173.2330,585.9639,103.7731,15.0082,1.000000,0,1
1780,3,253.3146,552.1232,458.5054,71.6263,1.000000,0,1
1780,4,-742.3999,590.5137,115.2234,33.5001,1.000000,0,1
1780,5,948.4343,533.7794,402.2157,91.9407,1.000000,0,1
1780,6,1271.1510,581.0005,275.4557,27.0623,1.000000,0.125,0.875
1781,1,23.1635,590.7744,58.4043,26.1742,1.000000,0,1
1781,2,172.6971,585.9907,103.7675,15.0079,1.000000,0,1
1781,3,253.6938,552.2159,458.5901,71.6442,1.000000,0,1
1781,4,-743.2202,590.6484,115.2413,33.5058,1.000000,0,1
1781,5,948.7029,533.7716,402.3292,91.9534,1.000000,0,1
1781,6,1271.9070,580.9947,275.6107,27.0683,1.000000,0.125,0.875
1782,1,22.6645,590.7626,58.4059,26.1689,1.000000,0,1
1782,2,172.1635,586.0145,103.7614,15.0074,1.000000,0,1
1782,3,254.0735,552.3081,458.6741,71.6620,1.000000,0,1
1782,4,-744.0331,590.7807,115.2581,33.5112,1.000000,0,1
1782,5,948.9709,533.7610,402.4400,91.9654,1.000000,0,1
1782,6,1272.6630,580.9919,275.7657,27.0743,1.000000,0.125,0.875
1783,1,22.1655,590.7495,58.4075,26.1635,1.000000,0,1
1783,2,171.6313,586.0350,103.7550,15.0067,1.000000,0,1
1783,3,254.4537,552.3988,458.7573,71.6796,1.000000,0,1
1783,4,-744.8333,590.9069,115.2739,33.5159,1.000000,0,1
1783,5,949.2379,533.7473,402.5479,91.9765,1.000000,0,1
1783,6,1273.4180,580.9926,275.9208,27.0804,1.000000,0.125,0.875
1784,1,21.6660,590.7318,58.4094,26.1579,1.000000,0,1
1784,2,171.1016,586.0517,103.7482,15.0057,1.000000,0,1
1784,3,254.8340,552.4889,458.8400,71.6970,1.000000,0,1
1784,4,-745.6261,591.0315,115.2886,33.5204,1.000000,0,1
1784,5,949.5040,533.7296,402.6527,91.9868,1.000000,0,1
1784,6,1274.1720,580.9951,276.0757,27.0866,1.000000,0.0625,0.9375
1785,1,21.1665,590.7109,58.4110,26.1522,1.000000,0,1
1785,2,170.5741,586.0651,103.7408,15.0044,1.000000,0,1
1785,3,255.2150,552.5775,458.9216,71.7142,1.000000,0,1
1785,4,-746.4102,591.1526,115.3027,33.5245,1.000000,0,1
1785,5,949.7688,533.7081,402.7544,91.9963,1.000000,0,1
1785,6,1274.9260,580.9997,276.2303,27.0927,1.000000,0,1
1786,1,20.6671,590.6888,58.4126,26.1465,1.000000,0,1
1786,2,170.0489,586.0748,103.7329,15.0029,1.000000,0,1
1786,3,255.5972,552.6633,459.0018,71.7311,1.000000,0,1
1786,4,-747.1819,591.2670,115.3157,33.5279,1.000000,0,1
1786,5,950.0316,533.6835,402.8523,92.0048,1.000000,0,1
1786,6,1275.6790,581.0070,276.3846,27.0988,1.000000,0.1875,0.8125
1787,1,20.1666,590.6629,58.4143,26.1405,1.000000,0,1
1787,2,169.5261,586.0807,103.7246,15.0011,1.000000,0,1
1787,3,255.9802,552.7478,459.0808,71.7477,1.000000,0,1
1787,4,-747.9404,591.3787,115.3271,33.5308,1.000000,0,1
1787,5,950.2930,533.6548,402.9469,92.0126,1.000000,0,1
1787,6,1276.4320,581.0154,276.5381,27.1048,1.000000,0.0625,0.9375
1788,1,19.6658,590.6343,58.4161,26.1345,1.000000,0,1
1788,2,169.0052,586.0833,103.7159,14.9991,1.000000,0,1
1788,3,256.3639,552.8298,459.1590,71.7640,1.000000,0,1
1788,4,-748.6880,591.4857,115.3376,33.5332,1.000000,0,1
1788,5,950.5524,533.6228,403.0382,92.0194,1.000000,0,1
1788,6,1277.1830,581.0256,276.6913,27.1109,1.000000,0.0625,0.9375
1789,1,19.1655,590.6047,58.4179,26.1284,1.000000,0,1
1789,2,168.4866,586.0826,103.7064,14.9968,1.000000,0,1
1789,3,256.7488,552.9079,459.2355,71.7800,1.000000,0,1
1789,4,-749.4240,591.5856,115.3462,33.5349,1.000000,0,1
1789,5,950.8093,533.5869,403.1260,92.0253,1.000000,0,1
1789,6,1277.9320,581.0379,276.8436,27.1169,1.000000,0.0625,0.9375
1790,1,18.6647,590.5708,58.4196,26.1221,1.000000,0,1
1790,2,167.9704,586.0776,103.6967,14.9942,1.000000,0,1
1790,3,257.1347,552.9832,459.3109,71.7957,1.000000,0,1
1790,4,-750.1460,591.6816,115.3544,33.5361,1.000000,0,1
1790,5,951.0643,533.5463,403.2098,92.0303,1.000000,0,1
1790,6,1278.6820,581.0509,276.9946,27.1228,1.000000,0.125,0.875
1791,1,18.1644,590.5340,58.4214,26.1158,1.000000,0,1
1791,2,167.4564,586.0696,103.6864,14.9914,1.000000,0,1
1791,3,257.5215,553.0554,459.3852,71.8110,1.000000,0,1
1791,4,-750.8542,591.7729,115.3609,33.5367,1.000000,0,1
1791,5,951.3173,533.5016,403.2906,92.0345,1.000000,0,1
1791,6,1279.4290,581.0652,277.1448,27.1287,1.000000,0.125,0.875
1792,1,17.6648,590.4958,58.4231,26.1094,1.000000,0,1
1792,2,166.9445,586.0590,103.6756,14.9884,1.000000,0,1
1792,3,257.9099,553.1234,459.4576,71.8259,1.000000,0,1
1792,4,-751.5498,591.8578,115.3660,33.5366,1.000000,0,1
1792,5,951.5677,533.4540,403.3679,92.0378,1.000000,0,1
1792,6,1280.1750,581.0814,277.2938,27.1345,1.000000,0.125,0.875
1793,1,17.1647,590.4529,58.4250,26.1028,1.000000,0,1
1793,2,166.4352,586.0447,103.6643,14.9850,1.000000,0,1
1793,3,258.2999,553.1871,459.5287,71.8403,1.000000,0,1
1793,4,-752.2344,591.9387,115.3699,33.5359,1.000000,0,1
1793,5,951.8159,533.4023,403.4412,92.0400,1.000000,0,1
1793,6,1280.9180,581.0987,277.4417,27.1402,1.000000,0.1875,0.8125
1794,1,16.6653,590.4073,58.4266,26.0961,1.000000,0,1
1794,2,165.9286,586.0271,103.6525,14.9815,1.000000,0,1
1794,3,258.6913,553.2468,459.5986,71.8545,1.000000,0,1
1794,4,-752.9071,592.0140,115.3726,33.5347,1.000000,0,1
1794,5,952.0619,533.3474,403.5112,92.0417,1.000000,0,1
1794,6,1281.6590,581.1172,277.5885,27.1459,1.000000,0.0625,0.9375
1795,1,16.1669,590.3608,58.4285,26.0894,1.000000,0,1
1795,2,165.4255,586.0063,103.6399,14.9776,1.000000,0,1
1795,3,259.0845,553.3017,459.6674,71.8682,1.000000,0,1
1795,4,-753.5640,592.0813,115.3734,33.5326,1.000000,0,1
1795,5,952.3058,533.2898,403.5778,92.0423,1.000000,0,1
1795,6,1282.3990,581.1371,277.7341,27.1514,1.000000,0.0625,0.9375
1796,1,15.6686,590.3093,58.4303,26.0824,1.000000,0,1
1796,2,164.9256,585.9813,103.6269,14.9735,1.000000,0,1
1796,3,259.4796,553.3518,459.7345,71.8815,1.000000,0,1
1796,4,-754.2062,592.1417,115.3729,33.5298,1.000000,0,1
1796,5,952.5483,533.2281,403.6405,92.0420,1.000000,0,1
1796,6,1283.1380,581.1577,277.8787,27.1569,1.000000,0.0625,0.9375
1797,1,15.1710,590.2548,58.4321,26.0753,1.000000,0,1
1797,2,164.4288,585.9529,103.6133,14.9691,1.000000,0,1
1797,3,259.8766,553.3975,459.8003,71.8944,1.000000,0,1
1797,4,-754.8346,592.1955,115.3710,33.5262,1.000000,0,1
1797,5,952.7896,533.1636,403.7003,92.0410,1.000000,0,1
1797,6,1283.8770,581.1791,278.0228,27.1624,1.000000,0.1875,0.8125
1798,1,14.6741,590.1988,58.4340,26.0682,1.000000,0,1
1798,2,163.9348,585.9213,103.5994,14.9645,1.000000,0,1
1798,3,260.2746,553.4380,459.8652,71.9069,1.000000,0,1
1798,4,-755.4510,592.2415,115.3677,33.5217,1.000000,0,1
1798,5,953.0294,533.0972,403.7566,92.0392,1.000000,0,1
1798,6,1284.6140,581.2006,278.1659,27.1678,1.000000,0,1
1799,1,14.1773,590.1383,58.4359,26.0609,1.000000,0,1
1799,2,163.4433,585.8853,103.5849,14.9595,1.000000,0,1
1799,3,260.6743,553.4739,459.9287,71.9191,1.000000,0,1
1799,4,-756.0565,592.2792,115.3632,33.5166,1.000000,0,1
1799,5,953.2687,533.0271,403.8102,92.0365,1.000000,0,1
1799,6,1285.3530,581.2226,278.3083,27.1731,1.000000,0.25,0.75
1800,1,13.6805,590.0755,58.4378,26.0535,1.000000,0,1
1800,2,162.9541,585.8456,103.5701,14.9544,1.000000,0,1
1800,3,261.0750,553.5052,459.9909,71.9308,1.000000,0,1
1800,4,-756.6516,592.3097,115.3574,33.5108,1.000000,0,1
1800,5,953.5070,532.9550,403.8605,92.0331,1.000000,0,1
1800,6,1286.0910,581.2447,278.4506,27.1783,1.000000,0.125,0.875
1801,1,13.1843,590.0114,58.4397,26.0462,1.000000,0,1
1801,2,162.4675,585.8028,103.5550,14.9490,1.000000,0,1
1801,3,261.4763,553.5313,460.0523,71.9422,1.000000,0,1
1801,4,-757.2357,592.3340,115.3506,33.5041,1.000000,0,1
1801,5,953.7442,532.8830,403.9085,92.0292,1.000000,0,1
1801,6,1286.8280,581.2664,278.5917,27.1835,1.000000,0.0625,0.9375
1802,1,12.6892,589.9424,58.4417,26.0386,1.000000,0,1
1802,2,161.9829,585.7558,103.5393,14.9433,1.000000,0,1
1802,3,261.8780,553.5524,460.1129,71.9533,1.000000,0,1
1802,4,-757.8099,592.3506,115.3428,33.4969,1.000000,0,1
1802,5,953.9797,532.8101,403.9534,92.0246,1.000000,0,1
1802,6,1287.5670,581.2881,278.7327,27.1886,1.000000,0.0625,0.9375
1803,1,12.1956,589.8708,58.4438,26.0310,1.000000,0,1
1803,2,161.5004,585.7053,103.5234,14.9374,1.000000,0,1
1803,3,262.2803,553.5688,460.1725,71.9641,1.000000,0,1
1803,4,-758.3760,592.3621,115.3339,33.4890,1.000000,0,1
1803,5,954.2133,532.7374,403.9952,92.0194,1.000000,0,1
1803,6,1288.3050,581.3096,278.8730,27.1937,1.000000,0.0625,0.9375
1804,1,11.7030,589.7982,58.4459,26.0234,1.000000,0,1
1804,2,161.0201,585.6517,103.5070,14.9313,1.000000,0,1
1804,3,262.6831,553.5798,460.2314,71.9745,1.000000,0,1
1804,4,-758.9338,592.3696,115.3236,33.4808,1.000000,0,1
1804,5,954.4451,532.6655,404.0345,92.0139,1.000000,0,1
1804,6,1289.0420,581.3304,279.0122,27.1987,1.000000,0.1875,0.8125
1805,1,10.7212,589.6448,58.4502,26.0078,1.000000,0,1
1805,2,160.0640,585.5354,103.4736,14.9185,1.000000,0,1
1805,3,263.4917,553.5865,460.3451,71.9940,1.000000,0,1
1805,4,-760.0287,592.3654,115.3016,33.4624,1.000000,0,1
1805,5,954.9026,532.5223,404.1059,92.0013,1.000000,0,1
1805,6,1290.5130,581.3677,279.2883,27.2083,1.000000,0,1
