1,1,136.9290,324.9285,351.7042,71.4665,1.000000,8,1
1,2,690.2322,303.8651,863.2193,142.7430,1.000000,8,1
2,1,136.9290,324.9285,351.7042,71.4665,1.000000,8,1
2,2,690.2322,303.8651,863.2193,142.7430,1.000000,8,1
3,1,136.9290,324.9285,351.7042,71.4665,1.000000,8,1
3,2,690.2322,303.8651,863.2193,142.7430,1.000000,8,1
4,1,137.0458,324.8612,351.7075,71.4677,1.000000,8,1
4,2,689.9739,303.7089,863.1267,142.7360,1.000000,8,1
5,1,137.2411,324.7470,351.7178,71.4708,1.000000,8,1
5,2,689.4723,303.3880,862.9222,142.7184,1.000000,8,1
6,1,137.4879,324.6053,351.7338,71.4755,1.000000,8,1
6,2,688.7788,302.9570,862.6277,142.6921,1.000000,8,1
7,1,137.7745,324.4497,351.7518,71.4807,1.000000,8,1
7,2,687.9200,302.4558,862.2621,142.6595,1.000000,8,1
8,1,138.0859,324.2870,351.7697,71.4860,1.000000,8,1
8,2,686.9496,301.9146,861.8429,142.6215,1.000000,8,1
9,1,138.4126,324.1239,351.7883,71.4915,1.000000,8,1
9,2,685.8896,301.3632,861.3790,142.5790,1.000000,8,1
10,1,138.7490,323.9655,351.8078,71.4973,1.000000,8,1
10,2,684.7506,300.8276,860.8754,142.5325,1.000000,8,1
11,1,139.0908,323.8133,351.8275,71.5032,1.000000,8,1
11,2,683.5553,300.3186,860.3462,142.4836,1.000000,8,1
12,1,139.4353,323.6683,351.8483,71.5092,1.000000,8,1
12,2,682.3148,299.8440,859.7973,142.4328,1.000000,8,1
13,1,139.7815,323.5316,351.8693,71.5154,1.000000,8,1
13,2,681.0341,299.4131,859.2328,142.3807,1.000000,8,1
14,1,140.1277,323.4021,351.8908,71.5217,1.000000,8,1
14,2,679.7244,299.0213,858.6565,142.3276,1.000000,8,1
15,1,140.4736,323.2796,351.9129,71.5281,1.000000,8,1
15,2,678.3911,298.6677,858.0728,142.2740,1.000000,8,1
16,1,140.8188,323.1644,351.9357,71.5346,1.000000,8,1
16,2,677.0367,298.3550,857.4843,142.2202,1.000000,8,1
17,1,141.1631,323.0549,351.9589,71.5413,1.000000,8,1
17,2,675.6674,298.0737,856.8918,142.1662,1.000000,8,1
18,1,141.5066,322.9509,351.9826,71.5480,1.000000,8,1
18,2,674.2853,297.8204,856.2963,142.1121,1.000000,8,1
19,1,141.8492,322.8531,352.0068,71.5549,1.000000,8,1
19,2,672.8922,297.5948,855.7001,142.0581,1.000000,8,1
20,1,142.1912,322.7597,352.0314,71.5618,1.000000,8,1
20,2,671.4905,297.3885,855.1031,142.0044,1.000000,8,1
21,1,142.5324,322.6707,352.0565,71.5689,1.000000,8,1
21,2,670.0823,297.1984,854.5051,141.9506,1.000000,8,1
22,1,142.8731,322.5865,352.0819,71.5760,1.000000,8,1
22,2,668.6681,297.0237,853.9064,141.8968,1.000000,8,1
23,1,143.2135,322.5059,352.1078,71.5832,1.000000,8,1
23,2,667.2501,296.8587,853.3068,141.8431,1.000000,8,1
24,1,143.5534,322.4289,352.1344,71.5906,1.000000,8,1
24,2,665.8286,296.7007,852.7066,141.7892,1.000000,8,1
25,1,143.8935,322.3558,352.1609,71.5980,1.000000,8,1
25,2,664.4041,296.5482,852.1035,141.7350,1.000000,8,1
26,1,144.2339,322.2855,352.1879,71.6055,1.000000,8,1
26,2,662.9764,296.3973,851.4997,141.6807,1.000000,8,1
27,1,144.5743,322.2183,352.2153,71.6130,1.000000,8,1
27,2,661.5472,296.2479,850.8942,141.6261,1.000000,8,1
28,1,144.9144,322.1545,352.2432,71.6207,1.000000,8,1
28,2,660.1172,296.1005,850.2853,141.5710,1.000000,8,1
29,1,145.2550,322.0933,352.2715,71.6285,1.000000,8,1
29,2,658.6860,295.9511,849.6763,141.5158,1.000000,8,1
30,1,145.5959,322.0346,352.2999,71.6363,1.000000,8,1
30,2,657.2546,295.8008,849.0660,141.4604,1.000000,8,1
31,1,145.9370,321.9791,352.3286,71.6442,1.000000,8,1
31,2,655.8237,295.6515,848.4510,141.4042,1.000000,8,1
32,1,146.2785,321.9258,352.3576,71.6521,1.000000,8,1
32,2,654.3934,295.5013,847.8350,141.3477,1.000000,8,1
33,1,146.6205,321.8749,352.3869,71.6601,1.000000,8,1
33,2,652.9641,295.3512,847.2164,141.2908,1.000000,8,1
34,1,146.9628,321.8268,352.4158,71.6681,1.000000,8,1
34,2,651.5363,295.2024,846.5950,141.2333,1.000000,8,1
35,1,147.3048,321.7809,352.4456,71.6761,1.000000,8,1
35,2,650.1104,295.0535,845.9742,141.1758,1.000000,8,1
36,1,147.6469,321.7372,352.4749,71.6842,1.000000,8,1
36,2,648.6865,294.9063,845.3506,141.1177,1.000000,8,1
37,1,147.9888,321.6960,352.5044,71.6922,1.000000,8,1
37,2,647.2650,294.7630,844.7225,141.0588,1.000000,8,1
38,1,148.3305,321.6569,352.5336,71.7002,1.000000,8,1
38,2,645.8447,294.6218,844.0940,140.9996,1.000000,8,1
39,1,148.6720,321.6201,352.5626,71.7082,1.000000,8,1
39,2,644.4261,294.4853,843.4608,140.9397,1.000000,8,1
40,1,149.0135,321.5860,352.5912,71.7160,1.000000,8,1
40,2,643.0095,294.3556,842.8230,140.8788,1.000000,8,1
41,1,149.3554,321.5536,352.6194,71.7238,1.000000,8,1
41,2,641.5945,294.2316,842.1824,140.8174,1.000000,8,1
42,1,149.6976,321.5229,352.6474,71.7315,1.000000,8,1
42,2,640.1818,294.1157,841.5360,140.7550,1.000000,8,1
43,1,150.0404,321.4946,352.6747,71.7391,1.000000,8,1
43,2,638.7719,294.0105,840.8832,140.6913,1.000000,8,1
44,1,150.3834,321.4680,352.7018,71.7466,1.000000,8,1
44,2,637.3649,293.9153,840.2291,140.6272,1.000000,8,1
45,1,150.7270,321.4429,352.7284,71.7540,1.000000,8,1
45,2,635.9607,293.8296,839.5709,140.5624,1.000000,8,1
46,1,151.0710,321.4197,352.7544,71.7613,1.000000,8,1
46,2,634.5593,293.7542,838.9075,140.4966,1.000000,8,1
47,1,151.4145,321.3984,352.7803,71.7685,1.000000,8,1
47,2,633.1609,293.6886,838.2414,140.4300,1.000000,8,1
48,1,151.7577,321.3788,352.8058,71.7757,1.000000,8,1
48,2,631.7652,293.6330,837.5715,140.3628,1.000000,8,1
49,1,152.1004,321.3612,352.8314,71.7829,1.000000,8,1
49,2,630.3721,293.5886,836.8969,140.2947,1.000000,8,1
50,1,152.4422,321.3456,352.8567,71.7900,1.000000,8,1
50,2,628.9820,293.5543,836.2213,140.2263,1.000000,8,1
51,1,152.7832,321.3317,352.8817,71.7971,1.000000,8,1
51,2,627.5946,293.5298,835.5424,140.1571,1.000000,8,1
52,1,153.1228,321.3195,352.9070,71.8042,1.000000,8,1
52,2,626.2102,293.5153,834.8573,140.0869,1.000000,8,1
53,1,153.4609,321.3090,352.9325,71.8113,1.000000,8,1
53,2,624.8286,293.5098,834.1724,140.0164,1.000000,8,1
54,1,153.7978,321.2999,352.9577,71.8184,1.000000,8,1
54,2,623.4495,293.5130,833.4852,139.9455,1.000000,8,1
55,1,154.1336,321.2924,352.9831,71.8254,1.000000,8,1
55,2,622.0731,293.5249,832.7944,139.8739,1.000000,8,1
56,1,154.4676,321.2863,353.0085,71.8326,1.000000,8,1
56,2,620.6997,293.5453,832.1035,139.8021,1.000000,8,1
57,1,154.8001,321.2813,353.0340,71.8397,1.000000,8,1
57,2,619.3293,293.5729,831.4127,139.7301,1.000000,8,1
58,1,155.1314,321.2776,353.0596,71.8469,1.000000,8,1
58,2,617.9611,293.6073,830.7205,139.6578,1.000000,8,1
59,1,155.4610,321.2750,353.0854,71.8540,1.000000,8,1
59,2,616.5964,293.6493,830.0306,139.5857,1.000000,8,1
60,1,155.7896,321.2731,353.1111,71.8612,1.000000,8,1
60,2,615.2343,293.6982,829.3398,139.5134,1.000000,8,1
61,1,156.1174,321.2720,353.1367,71.8683,1.000000,8,1
61,2,613.8746,293.7536,828.6484,139.4409,1.000000,8,1
62,1,156.4439,321.2715,353.1626,71.8755,1.000000,8,1
62,2,612.5182,293.8158,827.9592,139.3685,1.000000,8,1
63,1,156.7700,321.2713,353.1880,71.8826,1.000000,8,1
63,2,611.1643,293.8845,827.2709,139.2962,1.000000,8,1
64,1,157.0952,321.2713,353.2138,71.8897,1.000000,8,1
64,2,609.8124,293.9586,826.5828,139.2237,1.000000,8,1
65,1,157.4203,321.2715,353.2393,71.8969,1.000000,8,1
65,2,608.4635,294.0399,825.8978,139.1517,1.000000,8,1
66,1,157.7452,321.2719,353.2646,71.9039,1.000000,8,1
66,2,607.1168,294.1279,825.2145,139.0799,1.000000,8,1
67,1,158.0699,321.2724,353.2899,71.9110,1.000000,8,1
67,2,605.7712,294.2213,824.5333,139.0083,1.000000,8,1
68,1,158.3952,321.2728,353.3149,71.9179,1.000000,8,1
68,2,604.4277,294.3198,823.8569,138.9374,1.000000,8,1
69,1,158.7209,321.2730,353.3394,71.9248,1.000000,8,1
69,2,603.0858,294.4232,823.1828,138.8669,1.000000,8,1
70,1,159.0469,321.2729,353.3639,71.9317,1.000000,8,1
70,2,601.7446,294.5316,822.5105,138.7965,1.000000,8,1
71,1,159.3739,321.2721,353.3881,71.9385,1.000000,8,1
71,2,600.4045,294.6453,821.8440,138.7271,1.000000,8,1
72,1,159.7014,321.2709,353.4120,71.9453,1.000000,8,1
72,2,599.0648,294.7632,821.1818,138.6583,1.000000,8,1
73,1,160.0297,321.2691,353.4355,71.9520,1.000000,8,1
73,2,597.7253,294.8854,820.5240,138.5901,1.000000,8,1
74,1,160.3590,321.2664,353.4589,71.9586,1.000000,8,1
74,2,596.3862,295.0129,819.8737,138.5234,1.000000,8,1
75,1,160.6889,321.2627,353.4820,71.9651,1.000000,8,1
75,2,595.0471,295.1447,819.2304,138.4576,1.000000,8,1
76,1,161.0193,321.2580,353.5048,71.9717,1.000000,8,1
76,2,593.7075,295.2800,818.5933,138.3929,1.000000,8,1
77,1,161.3504,321.2526,353.5271,71.9781,1.000000,8,1
77,2,592.3680,295.4194,817.9628,138.3293,1.000000,8,1
78,1,161.6817,321.2464,353.5492,71.9844,1.000000,8,1
78,2,591.0284,295.5616,817.3395,138.2668,1.000000,8,1
79,1,162.0131,321.2390,353.5709,71.9908,1.000000,8,1
79,2,589.6879,295.7055,816.7235,138.2056,1.000000,8,1
80,1,162.3445,321.2305,353.5922,71.9969,1.000000,8,1
80,2,588.3471,295.8518,816.1160,138.1458,1.000000,8,1
81,1,162.6758,321.2208,353.6135,72.0031,1.000000,8,1
81,2,587.0057,295.9988,815.5165,138.0873,1.000000,8,1
82,1,163.0073,321.2098,353.6345,72.0092,1.000000,8,1
82,2,585.6627,296.1446,814.9254,138.0302,1.000000,8,1
83,1,163.3396,321.1975,353.6550,72.0152,1.000000,8,1
83,2,584.3190,296.2914,814.3425,137.9745,1.000000,8,1
84,1,163.6725,321.1839,353.6750,72.0211,1.000000,8,1
84,2,582.9745,296.4383,813.7672,137.9202,1.000000,8,1
85,1,164.0057,321.1688,353.6947,72.0269,1.000000,8,1
85,2,581.6292,296.5847,813.1985,137.8669,1.000000,8,1
86,1,164.3396,321.1524,353.7139,72.0326,1.000000,8,1
86,2,580.2833,296.7315,812.6376,137.8150,1.000000,8,1
87,1,164.6740,321.1351,353.7327,72.0383,1.000000,8,1
87,2,578.9365,296.8785,812.0838,137.7642,1.000000,8,1
88,1,165.0088,321.1167,353.7511,72.0439,1.000000,8,1
88,2,577.5891,297.0258,811.5359,137.7144,1.000000,8,1
89,1,165.3442,321.0971,353.7690,72.0493,1.000000,8,1
89,2,576.2418,297.1745,810.9932,137.6655,1.000000,8,1
90,1,165.6801,321.0771,353.7864,72.0546,1.000000,8,1
90,2,574.8943,297.3244,810.4554,137.6173,1.000000,8,1
91,1,166.0162,321.0572,353.8036,72.0599,1.000000,8,1
91,2,573.5467,297.4746,809.9208,137.5698,1.000000,8,1
92,1,166.3524,321.0366,353.8204,72.0651,1.000000,8,1
92,2,572.1989,297.6267,809.3902,137.5228,1.000000,8,1
93,1,166.6887,321.0162,353.8369,72.0702,1.000000,8,1
93,2,570.8508,297.7800,808.8626,137.4763,1.000000,8,1
94,1,167.0254,320.9967,353.8531,72.0753,1.000000,8,1
94,2,569.5020,297.9351,808.3376,137.4303,1.000000,8,1
95,1,167.3622,320.9774,353.8691,72.0803,1.000000,8,1
95,2,568.1530,298.0942,807.8152,137.3847,1.000000,8,1
96,1,167.6991,320.9591,353.8848,72.0852,1.000000,8,1
96,2,566.8034,298.2567,807.2951,137.3395,1.000000,8,1
97,1,168.0358,320.9423,353.9008,72.0903,1.000000,8,1
97,2,565.4531,298.4214,806.7783,137.2949,1.000000,8,1
98,1,168.3724,320.9269,353.9168,72.0952,1.000000,8,1
98,2,564.1026,298.5915,806.2641,137.2506,1.000000,8,1
99,1,168.7091,320.9132,353.9328,72.1003,1.000000,8,1
99,2,562.7513,298.7660,805.7529,137.2068,1.000000,8,1
100,1,169.0457,320.9019,353.9489,72.1053,1.000000,8,1
100,2,561.3986,298.9438,805.2457,137.1638,1.000000,8,1
101,1,169.3819,320.8928,353.9653,72.1105,1.000000,8,1
101,2,560.0448,299.1273,804.7416,137.1213,1.000000,8,1
102,1,169.7183,320.8864,353.9820,72.1157,1.000000,8,1
102,2,558.6901,299.3149,804.2415,137.0795,1.000000,8,1
103,1,170.0548,320.8831,353.9989,72.1208,1.000000,8,1
103,2,557.3339,299.5046,803.7452,137.0384,1.000000,8,1
104,1,170.3916,320.8822,354.0159,72.1261,1.000000,8,1
104,2,555.9766,299.6993,803.2519,136.9977,1.000000,8,1
105,1,170.7286,320.8839,354.0331,72.1314,1.000000,8,1
105,2,554.6185,299.8973,802.7621,136.9577,1.000000,8,1
106,1,171.0665,320.8884,354.0502,72.1366,1.000000,8,1
106,2,553.2593,300.0968,802.2772,136.9185,1.000000,8,1
107,1,171.4051,320.8957,354.0673,72.1419,1.000000,8,1
107,2,551.8991,300.2993,801.7947,136.8797,1.000000,8,1
108,1,171.7447,320.9055,354.0837,72.1471,1.000000,8,1
108,2,550.5380,300.5027,801.3148,136.8413,1.000000,8,1
109,1,172.0846,320.9178,354.1007,72.1523,1.000000,8,1
109,2,549.1761,300.7046,800.8367,136.8034,1.000000,8,1
110,1,172.4263,320.9325,354.1163,72.1573,1.000000,8,1
110,2,547.8139,300.9069,800.3597,136.7655,1.000000,8,1
111,1,172.7689,320.9495,354.1316,72.1621,1.000000,8,1
111,2,546.4514,301.1077,799.8831,136.7278,1.000000,8,1
112,1,173.1123,320.9689,354.1464,72.1669,1.000000,8,1
112,2,545.0892,301.3053,799.4066,136.6899,1.000000,8,1
113,1,173.4564,320.9904,354.1599,72.1714,1.000000,8,1
113,2,543.7278,301.5016,798.9297,136.6520,1.000000,8,1
114,1,173.8015,321.0136,354.1727,72.1757,1.000000,8,1
114,2,542.3670,301.6955,798.4523,136.6140,1.000000,8,1
115,1,174.1479,321.0385,354.1842,72.1798,1.000000,8,1
115,2,541.0079,301.8861,797.9728,136.5755,1.000000,8,1
116,1,174.4957,321.0646,354.1949,72.1836,1.000000,8,1
116,2,539.6509,302.0742,797.4883,136.5361,1.000000,8,1
117,1,174.8446,321.0917,354.2045,72.1873,1.000000,8,1
117,2,538.2960,302.2592,797.0011,136.4961,1.000000,8,1
118,1,175.1952,321.1196,354.2130,72.1907,1.000000,8,1
118,2,536.9431,302.4407,796.5137,136.4559,1.000000,8,1
119,1,175.5475,321.1488,354.2203,72.1938,1.000000,8,1
119,2,535.5935,302.6200,796.0215,136.4149,1.000000,8,1
120,1,175.9011,321.1790,354.2267,72.1967,1.000000,8,1
120,2,534.2470,302.7977,795.5266,136.3732,1.000000,8,1
121,1,176.2560,321.2096,354.2323,72.1994,1.000000,8,1
121,2,532.9037,302.9735,795.0290,136.3310,1.000000,8,1
122,1,176.6123,321.2414,354.2370,72.2020,1.000000,8,1
122,2,531.5638,303.1470,794.5262,136.2877,1.000000,8,1
123,1,176.9696,321.2742,354.2408,72.2044,1.000000,8,1
123,2,530.2271,303.3195,794.0205,136.2439,1.000000,8,1
124,1,177.3276,321.3080,354.2444,72.2067,1.000000,8,1
124,2,528.8927,303.4916,793.5155,136.1999,1.000000,8,1
125,1,177.6861,321.3430,354.2476,72.2090,1.000000,8,1
125,2,527.5613,303.6658,793.0094,136.1557,1.000000,8,1
126,1,178.0446,321.3793,354.2510,72.2112,1.000000,8,1
126,2,526.2318,303.8420,792.5055,136.1118,1.000000,8,1
127,1,178.4035,321.4164,354.2545,72.2135,1.000000,8,1
127,2,524.9038,304.0199,792.0044,136.0683,1.000000,8,1
128,1,178.7621,321.4549,354.2582,72.2159,1.000000,8,1
128,2,523.5771,304.2012,791.5059,136.0252,1.000000,8,1
129,1,179.1199,321.4950,354.2628,72.2184,1.000000,8,1
129,2,522.2510,304.3858,791.0129,135.9829,1.000000,8,1
130,1,179.4773,321.5361,354.2679,72.2210,1.000000,8,1
130,2,520.9247,304.5746,790.5273,135.9420,1.000000,8,1
131,1,179.8335,321.5786,354.2742,72.2239,1.000000,8,1
131,2,519.5978,304.7674,790.0488,135.9023,1.000000,8,1
132,1,180.1886,321.6220,354.2816,72.2271,1.000000,8,1
132,2,518.2698,304.9626,789.5791,135.8640,1.000000,8,1
133,1,180.5434,321.6663,354.2894,72.2304,1.000000,8,1
133,2,516.9402,305.1582,789.1187,135.8274,1.000000,8,1
134,1,180.8965,321.7113,354.2991,72.2340,1.000000,8,1
134,2,515.6086,305.3546,788.6672,135.7924,1.000000,8,1
135,1,181.2485,321.7565,354.3099,72.2380,1.000000,8,1
135,2,514.2758,305.5496,788.2240,135.7588,1.000000,8,1
136,1,181.5998,321.8020,354.3216,72.2421,1.000000,8,1
136,2,512.9409,305.7404,787.7905,135.7270,1.000000,8,1
137,1,181.9498,321.8475,354.3350,72.2466,1.000000,8,0.96875
137,2,511.6039,305.9274,787.3673,135.6969,1.000000,8,1
138,1,182.2991,321.8924,354.3495,72.2513,1.000000,8,0.96875
138,2,510.2646,306.1074,786.9529,135.6684,1.000000,8,1
139,1,182.6477,321.9363,354.3651,72.2563,1.000000,8,1
139,2,508.9233,306.2775,786.5467,135.6414,1.000000,8,1
140,1,182.9956,321.9790,354.3818,72.2615,1.000000,8,1
140,2,507.5797,306.4388,786.1481,135.6158,1.000000,8,1
141,1,183.3427,322.0201,354.3991,72.2669,1.000000,8,1
141,2,506.2343,306.5898,785.7562,135.5913,1.000000,8,1
142,1,183.6891,322.0594,354.4172,72.2724,1.000000,8,1
142,2,504.8877,306.7277,785.3706,135.5680,1.000000,8,1
143,1,184.0351,322.0964,354.4361,72.2781,1.000000,8,0.96875
143,2,503.5400,306.8538,784.9902,135.5455,1.000000,8,1
144,1,184.3805,322.1314,354.4559,72.2840,1.000000,8,1
144,2,502.1911,306.9682,784.6140,135.5239,1.000000,8,1
145,1,184.7254,322.1639,354.4762,72.2901,1.000000,8,1
145,2,500.8412,307.0701,784.2445,135.5034,1.000000,8,1
146,1,185.0705,322.1936,354.4970,72.2962,1.000000,8,1
146,2,499.4909,307.1593,783.8776,135.4833,1.000000,8,1
147,1,185.4152,322.2206,354.5187,72.3026,1.000000,8,1
147,2,498.1401,307.2368,783.5142,135.4639,1.000000,8,1
148,1,185.7598,322.2444,354.5408,72.3091,1.000000,8,0.96875
148,2,496.7881,307.3027,783.1572,135.4456,1.000000,8,1
149,1,186.1048,322.2650,354.5634,72.3156,1.000000,8,1
149,2,495.4347,307.3569,782.8025,135.4277,1.000000,8,1
150,1,186.4498,322.2826,354.5867,72.3222,1.000000,8,0.90625
150,2,494.0796,307.3998,782.4504,135.4104,1.000000,8,1
151,1,186.7952,322.2970,354.6100,72.3290,1.000000,8,0.96875
151,2,492.7220,307.4317,782.1035,135.3939,1.000000,8,1
152,1,187.1416,322.3080,354.6340,72.3359,1.000000,8,1
152,2,491.3616,307.4551,781.7596,135.3781,1.000000,8,1
153,1,187.4883,322.3159,354.6583,72.3428,1.000000,8,0.875
153,2,489.9991,307.4710,781.4205,135.3632,1.000000,8,1
154,1,187.8350,322.3209,354.6830,72.3499,1.000000,8,1
154,2,488.6351,307.4784,781.0856,135.3490,1.000000,8,1
155,1,188.1826,322.3226,354.7081,72.3570,1.000000,8,0.90625
155,2,487.2689,307.4793,780.7533,135.3354,1.000000,8,1
156,1,188.5304,322.3215,354.7340,72.3642,1.000000,8,1
156,2,485.9009,307.4728,780.4231,135.3222,1.000000,8,1
157,1,188.8785,322.3177,354.7598,72.3716,1.000000,8,0.96875
157,2,484.5320,307.4575,780.0925,135.3089,1.000000,8,1
158,1,189.2278,322.3105,354.7859,72.3790,1.000000,8,1
158,2,483.1618,307.4355,779.7617,135.2956,1.000000,8,1
159,1,189.5773,322.3005,354.8127,72.3864,1.000000,8,0.96875
159,2,481.7904,307.4053,779.4304,135.2823,1.000000,8,1
160,1,189.9268,322.2880,354.8400,72.3940,1.000000,8,0.9375
160,2,480.4185,307.3654,779.0975,135.2687,1.000000,8,1
161,1,190.2776,322.2727,354.8671,72.4017,1.000000,8,0.9375
161,2,479.0458,307.3176,778.7609,135.2545,1.000000,8,1
162,1,190.6286,322.2551,354.8948,72.4094,1.000000,8,0.9375
162,2,477.6730,307.2617,778.4210,135.2396,1.000000,8,1
163,1,190.9795,322.2349,354.9227,72.4172,1.000000,8,0.9375
163,2,476.3007,307.1972,778.0769,135.2241,1.000000,8,1
164,1,191.3311,322.2124,354.9508,72.4251,1.000000,8,0.96875
164,2,474.9284,307.1232,777.7274,135.2076,1.000000,8,1
165,1,191.6826,322.1878,354.9791,72.4329,1.000000,8,0.875
165,2,473.5577,307.0404,777.3715,135.1898,1.000000,8,1
166,1,192.0335,322.1609,355.0076,72.4408,1.000000,8,0.875
166,2,472.1898,306.9495,777.0067,135.1705,1.000000,8,1
167,1,192.3849,322.1323,355.0358,72.4486,1.000000,8,0.90625
167,2,470.8237,306.8491,776.6348,135.1498,1.000000,8,1
168,1,192.7359,322.1021,355.0643,72.4566,1.000000,8,0.96875
168,2,469.4595,306.7398,776.2558,135.1279,1.000000,8,1
169,1,193.0858,322.0702,355.0931,72.4646,1.000000,8,0.8125
169,2,468.0983,306.6229,775.8691,135.1044,1.000000,8,1
170,1,193.4355,322.0369,355.1221,72.4725,1.000000,8,0.9375
170,2,466.7407,306.4992,775.4698,135.0787,1.000000,8,1
171,1,193.7849,322.0023,355.1507,72.4806,1.000000,8,0.875
171,2,465.3864,306.3697,775.0605,135.0511,1.000000,8,1
172,1,194.1333,321.9666,355.1800,72.4886,1.000000,8,0.84375
172,2,464.0368,306.2352,774.6398,135.0214,1.000000,8,1
173,1,194.4815,321.9299,355.2089,72.4966,1.000000,8,0.90625
173,2,462.6908,306.0928,774.2076,134.9895,1.000000,8,1
174,1,194.8288,321.8926,355.2381,72.5047,1.000000,8,0.84375
174,2,461.3488,305.9451,773.7654,134.9557,1.000000,8,1
175,1,195.1751,321.8553,355.2674,72.5127,1.000000,8,0.875
175,2,460.0117,305.7950,773.3112,134.9196,1.000000,8,1
176,1,195.5211,321.8177,355.2965,72.5208,1.000000,8,0.875
176,2,458.6795,305.6386,772.8428,134.8809,1.000000,8,1
177,1,195.8662,321.7803,355.3257,72.5288,1.000000,8,0.84375
177,2,457.3522,305.4782,772.3616,134.8397,1.000000,8,1
178,1,196.2103,321.7436,355.3548,72.5369,1.000000,8,0.96875
178,2,456.0304,305.3162,771.8674,134.7961,1.000000,8,1
179,1,196.5534,321.7076,355.3844,72.5450,1.000000,8,0.90625
179,2,454.7135,305.1498,771.3610,134.7502,1.000000,8,1
180,1,196.8956,321.6727,355.4139,72.5532,1.000000,8,0.9375
180,2,453.4019,304.9803,770.8425,134.7019,1.000000,8,1
181,1,197.2369,321.6396,355.4439,72.5613,1.000000,8,0.84375
181,2,452.0963,304.8089,770.3102,134.6510,1.000000,8,1
182,1,197.5776,321.6078,355.4736,72.5695,1.000000,8,0.75
182,2,450.7959,304.6337,769.7648,134.5977,1.000000,8,1
183,1,197.9174,321.5776,355.5036,72.5777,1.000000,8,0.9375
183,2,449.5014,304.4566,769.2053,134.5416,1.000000,8,1
184,1,198.2563,321.5497,355.5339,72.5860,1.000000,8,0.75
184,2,448.2138,304.2788,768.6308,134.4826,1.000000,8,1
185,1,198.5945,321.5243,355.5643,72.5943,1.000000,8,0.90625
185,2,446.9328,304.0980,768.0431,134.4212,1.000000,8,1
186,1,198.9320,321.5009,355.5951,72.6027,1.000000,8,0.84375
186,2,445.6588,303.9156,767.4415,134.3569,1.000000,8,1
187,1,199.2684,321.4795,355.6266,72.6112,1.000000,8,0.875
187,2,444.3922,303.7331,766.8235,134.2896,1.000000,8,1
188,1,199.6042,321.4609,355.6584,72.6198,1.000000,8,0.71875
188,2,443.1317,303.5484,766.1945,134.2200,1.000000,8,1
189,1,199.9391,321.4446,355.6911,72.6286,1.000000,8,0.75
189,2,441.8780,303.3634,765.5521,134.1479,1.000000,8,1
190,1,200.2737,321.4303,355.7239,72.6375,1.000000,8,0.8125
190,2,440.6318,303.1801,764.8945,134.0728,1.000000,8,1
191,1,200.6080,321.4186,355.7573,72.6465,1.000000,8,0.78125
191,2,439.3909,302.9963,764.2275,133.9959,1.000000,8,1
192,1,200.9418,321.4087,355.7913,72.6556,1.000000,8,0.875
192,2,438.1559,302.8135,763.5502,133.9169,1.000000,8,1
193,1,201.2755,321.4001,355.8257,72.6647,1.000000,8,0.84375
193,2,436.9272,302.6333,762.8614,133.8357,1.000000,8,1
194,1,201.6092,321.3937,355.8612,72.6742,1.000000,8,0.9375
194,2,435.7042,302.4539,762.1631,133.7525,1.000000,8,1
195,1,201.9434,321.3884,355.8970,72.6837,1.000000,8,0.8125
195,2,434.4867,302.2764,761.4554,133.6675,1.000000,8,1
196,1,202.2781,321.3837,355.9331,72.6933,1.000000,8,0.75
196,2,433.2745,302.1025,760.7391,133.5807,1.000000,8,1
197,1,202.6126,321.3801,355.9695,72.7029,1.000000,8,0.8125
197,2,432.0665,301.9297,760.0174,133.4928,1.000000,8,1
198,1,202.9472,321.3770,356.0060,72.7126,1.000000,8,0.71875
198,2,430.8632,301.7596,759.2889,133.4035,1.000000,8,1
199,1,203.2815,321.3737,356.0425,72.7222,1.000000,8,0.8125
199,2,429.6649,301.5941,758.5533,133.3128,1.000000,8,1
200,1,203.6151,321.3707,356.0790,72.7319,1.000000,8,0.8125
200,2,428.4702,301.4300,757.8175,133.2218,1.000000,8,1
201,1,203.9485,321.3675,356.1151,72.7415,1.000000,8,0.875
201,2,427.2798,301.2676,757.0795,133.1302,1.000000,8,1
202,1,204.2817,321.3629,356.1508,72.7510,1.000000,8,0.84375
202,2,426.0936,301.1073,756.3367,133.0378,1.000000,8,1
203,1,204.6137,321.3577,356.1865,72.7604,1.000000,8,0.71875
203,2,424.9097,300.9456,755.5950,132.9453,1.000000,8,1
204,1,204.9453,321.3510,356.2218,72.7698,1.000000,8,0.78125
204,2,423.7288,300.7843,754.8516,132.8522,1.000000,8,1
205,1,205.2773,321.3424,356.2561,72.7790,1.000000,8,0.75
205,2,422.5510,300.6255,754.1061,132.7589,1.000000,8,1
206,1,205.6087,321.3323,356.2901,72.7881,1.000000,8,0.75
206,2,421.3754,300.4655,753.3615,132.6654,1.000000,8,1
207,1,205.9400,321.3203,356.3234,72.7971,1.000000,8,0.71875
207,2,420.2021,300.3064,752.6175,132.5720,1.000000,8,1
208,1,206.2714,321.3062,356.3562,72.8059,1.000000,8,0.75
208,2,419.0307,300.1504,751.8746,132.4785,1.000000,8,1
209,1,206.6023,321.2894,356.3882,72.8145,1.000000,8,0.84375
209,2,417.8609,299.9940,751.1337,132.3854,1.000000,8,1
210,1,206.9335,321.2702,356.4196,72.8230,1.000000,8,0.75
210,2,416.6930,299.8398,750.3942,132.2924,1.000000,8,1
211,1,207.2654,321.2483,356.4502,72.8314,1.000000,8,0.75
211,2,415.5276,299.6904,749.6529,132.1990,1.000000,8,1
212,1,207.5966,321.2239,356.4804,72.8395,1.000000,8,0.78125
212,2,414.3636,299.5439,748.9155,132.1062,1.000000,8,1
213,1,207.9284,321.1970,356.5097,72.8476,1.000000,8,0.71875
213,2,413.2009,299.4017,748.1802,132.0136,1.000000,8,1
214,1,208.2613,321.1674,356.5378,72.8554,1.000000,8,0.84375
214,2,412.0397,299.2658,747.4459,131.9211,1.000000,8,1
215,1,208.5940,321.1349,356.5655,72.8631,1.000000,8,0.8125
215,2,410.8791,299.1341,746.7147,131.8291,1.000000,8,1
216,1,208.9275,321.1000,356.5925,72.8706,1.000000,8,0.6875
216,2,409.7189,299.0077,745.9859,131.7374,1.000000,8,1
217,1,209.2626,321.0631,356.6182,72.8778,1.000000,8,0.71875
217,2,408.5592,298.8880,745.2596,131.6461,1.000000,8,1
218,1,209.5983,321.0237,356.6428,72.8849,1.000000,8,0.65625
218,2,407.3989,298.7735,744.5391,131.5558,1.000000,8,1
219,1,209.9351,320.9825,356.6668,72.8917,1.000000,8,0.6875
219,2,406.2387,298.6653,743.8226,131.4662,1.000000,8,1
220,1,210.2738,320.9399,356.6891,72.8982,1.000000,8,0.6875
220,2,405.0790,298.5654,743.1094,131.3771,1.000000,8,1
221,1,210.6131,320.8954,356.7111,72.9046,1.000000,8,0.59375
221,2,403.9189,298.4704,742.4026,131.2890,1.000000,8,1
222,1,210.9538,320.8493,356.7319,72.9108,1.000000,8,0.65625
222,2,402.7591,298.3813,741.6999,131.2017,1.000000,8,1
223,1,211.2960,320.8019,356.7516,72.9167,1.000000,8,0.625
223,2,401.5995,298.2992,741.0018,131.1150,1.000000,8,1
224,1,211.6389,320.7533,356.7709,72.9225,1.000000,8,0.6875
224,2,400.4392,298.2206,740.3109,131.0297,1.000000,8,1
225,1,211.9835,320.7039,356.7887,72.9280,1.000000,8,0.6875
225,2,399.2794,298.1469,739.6244,130.9450,1.000000,8,1
226,1,212.3302,320.6543,356.8055,72.9332,1.000000,8,0.625
226,2,398.1207,298.0783,738.9413,130.8610,1.000000,8,1
227,1,212.6781,320.6039,356.8212,72.9383,1.000000,8,0.6875
227,2,396.9617,298.0128,738.2654,130.7781,1.000000,8,1
228,1,213.0277,320.5533,356.8357,72.9431,1.000000,8,0.71875
228,2,395.8034,297.9524,737.5938,130.6959,1.000000,8,1
229,1,213.3788,320.5022,356.8491,72.9476,1.000000,8,0.625
229,2,394.6467,297.8985,736.9254,130.6141,1.000000,8,1
230,1,213.7315,320.4505,356.8613,72.9519,1.000000,8,0.6875
230,2,393.4911,297.8486,736.2626,130.5333,1.000000,8,1
231,1,214.0861,320.3984,356.8722,72.9558,1.000000,8,0.65625
231,2,392.3362,297.8041,735.6042,130.4532,1.000000,8,1
232,1,214.4426,320.3465,356.8817,72.9595,1.000000,8,0.8125
232,2,391.1819,297.7668,734.9490,130.3737,1.000000,8,1
233,1,214.8003,320.2940,356.8902,72.9630,1.000000,8,0.59375
233,2,390.0277,297.7357,734.2968,130.2945,1.000000,8,1
234,1,215.1596,320.2412,356.8972,72.9661,1.000000,8,0.53125
234,2,388.8740,297.7136,733.6479,130.2159,1.000000,8,1
235,1,215.5210,320.1889,356.9030,72.9689,1.000000,8,0.65625
235,2,387.7198,297.7030,733.0051,130.1384,1.000000,8,1
236,1,215.8838,320.1362,356.9073,72.9714,1.000000,8,0.59375
236,2,386.5667,297.7032,732.3666,130.0616,1.000000,8,1
237,1,216.2483,320.0835,356.9102,72.9737,1.000000,8,0.59375
237,2,385.4141,297.7146,731.7318,129.9854,1.000000,8,1
238,1,216.6144,320.0311,356.9121,72.9756,1.000000,8,0.71875
238,2,384.2618,297.7391,731.1013,129.9098,1.000000,8,1
239,1,216.9817,319.9785,356.9122,72.9773,1.000000,8,0.65625
239,2,383.1101,297.7752,730.4745,129.8348,1.000000,8,1
240,1,217.3501,319.9262,356.9115,72.9787,1.000000,8,0.59375
240,2,381.9585,297.8222,729.8522,129.7607,1.000000,8,1
241,1,217.7198,319.8744,356.9100,72.9799,1.000000,8,0.5
241,2,380.8058,297.8809,729.2359,129.6875,1.000000,8,1
242,1,218.0903,319.8221,356.9076,72.9809,1.000000,8,0.59375
242,2,379.6536,297.9511,728.6227,129.6149,1.000000,8,1
243,1,218.4615,319.7698,356.9047,72.9818,1.000000,8,0.5625
243,2,378.5008,298.0314,728.0142,129.5431,1.000000,8,1
244,1,218.8336,319.7176,356.9014,72.9827,1.000000,8,0.5
244,2,377.3476,298.1215,727.4100,129.4721,1.000000,8,1
245,1,219.2064,319.6658,356.8972,72.9834,1.000000,8,0.53125
245,2,376.1939,298.2217,726.8099,129.4016,1.000000,8,1
246,1,219.5795,319.6146,356.8934,72.9840,1.000000,8,0.53125
246,2,375.0394,298.3305,726.2148,129.3322,1.000000,8,1
247,1,219.9530,319.5643,356.8893,72.9847,1.000000,8,0.625
247,2,373.8844,298.4473,725.6254,129.2637,1.000000,8,1
248,1,220.3267,319.5138,356.8856,72.9855,1.000000,8,0.71875
248,2,372.7297,298.5720,725.0402,129.1959,1.000000,8,1
249,1,220.7005,319.4636,356.8824,72.9863,1.000000,8,0.4375
249,2,371.5746,298.7026,724.4596,129.1289,1.000000,8,1
250,1,221.0737,319.4141,356.8799,72.9874,1.000000,8,0.46875
250,2,370.4188,298.8381,723.8830,129.0626,1.000000,8,1
251,1,221.4468,319.3646,356.8776,72.9884,1.000000,8,0.5
251,2,369.2626,298.9809,723.3093,128.9967,1.000000,8,1
252,1,221.8197,319.3156,356.8755,72.9896,1.000000,8,0.625
252,2,368.1060,299.1301,722.7386,128.9314,1.000000,8,1
253,1,222.1917,319.2675,356.8745,72.9909,1.000000,8,0.53125
253,2,366.9483,299.2851,722.1724,128.8669,1.000000,8,1
254,1,222.5632,319.2191,356.8740,72.9924,1.000000,8,0.46875
254,2,365.7890,299.4479,721.6108,128.8032,1.000000,8,1
255,1,222.9342,319.1708,356.8740,72.9940,1.000000,8,0.6875
255,2,364.6273,299.6168,721.0553,128.7407,1.000000,8,1
256,1,223.3050,319.1232,356.8748,72.9957,1.000000,8,0.5
256,2,363.4626,299.7902,720.5061,128.6794,1.000000,8,1
257,1,223.6757,319.0746,356.8760,72.9975,1.000000,8,0.53125
257,2,362.2949,299.9717,719.9631,128.6191,1.000000,8,1
258,1,224.0464,319.0259,356.8772,72.9995,1.000000,8,0.5
258,2,361.1245,300.1593,719.4255,128.5600,1.000000,8,1
259,1,224.4170,318.9777,356.8790,73.0014,1.000000,8,0.6875
259,2,359.9509,300.3521,718.8944,128.5020,1.000000,8,1
260,1,224.7881,318.9287,356.8808,73.0034,1.000000,8,0.59375
260,2,358.7732,300.5518,718.3699,128.4453,1.000000,8,1
261,1,225.1595,318.8795,356.8828,73.0054,1.000000,8,0.59375
261,2,357.5919,300.7564,717.8518,128.3899,1.000000,8,1
262,1,225.5313,318.8304,356.8849,73.0075,1.000000,8,0.625
262,2,356.4076,300.9650,717.3405,128.3357,1.000000,8,1
263,1,225.9034,318.7805,356.8873,73.0096,1.000000,8,0.46875
263,2,355.2215,301.1801,716.8344,128.2826,1.000000,8,1
264,1,226.2760,318.7301,356.8898,73.0118,1.000000,8,0.34375
264,2,354.0323,301.3976,716.3358,128.2307,1.000000,8,1
265,1,226.6490,318.6801,356.8924,73.0140,1.000000,8,0.5625
265,2,352.8386,301.6135,715.8446,128.1804,1.000000,8,1
266,1,227.0230,318.6293,356.8950,73.0162,1.000000,8,0.625
266,2,351.6422,301.8310,715.3575,128.1308,1.000000,8,1
267,1,227.3979,318.5785,356.8976,73.0183,1.000000,8,0.5625
267,2,350.4430,302.0468,714.8744,128.0820,1.000000,8,1
268,1,227.7738,318.5283,356.9003,73.0205,1.000000,8,0.5625
268,2,349.2404,302.2589,714.3972,128.0343,1.000000,8,1
269,1,228.1514,318.4779,356.9023,73.0226,1.000000,8,0.53125
269,2,348.0356,302.4728,713.9247,127.9875,1.000000,8,1
270,1,228.5298,318.4282,356.9046,73.0248,1.000000,8,0.46875
270,2,346.8289,302.6852,713.4562,127.9415,1.000000,8,1
271,1,228.9086,318.3801,356.9069,73.0269,1.000000,8,0.59375
271,2,345.6208,302.8930,712.9905,127.8960,1.000000,8,1
272,1,229.2892,318.3322,356.9091,73.0290,1.000000,8,0.5625
272,2,344.4116,303.1017,712.5278,127.8510,1.000000,8,1
273,1,229.6704,318.2854,356.9116,73.0312,1.000000,8,0.65625
273,2,343.2013,303.3093,712.0680,127.8066,1.000000,8,1
274,1,230.0518,318.2409,356.9145,73.0335,1.000000,8,0.46875
274,2,341.9895,303.5137,711.6129,127.7630,1.000000,8,1
275,1,230.4352,318.1978,356.9170,73.0357,1.000000,8,0.53125
275,2,340.7767,303.7188,711.1619,127.7202,1.000000,8,1
276,1,230.8190,318.1566,356.9198,73.0379,1.000000,8,0.59375
276,2,339.5631,303.9231,710.7141,127.6779,1.000000,8,1
277,1,231.2030,318.1176,356.9232,73.0403,1.000000,8,0.4375
277,2,338.3490,304.1255,710.2686,127.6360,1.000000,8,1
278,1,231.5883,318.0811,356.9262,73.0427,1.000000,8,0.59375
278,2,337.1319,304.3289,709.8279,127.5952,1.000000,8,1
279,1,231.9734,318.0474,356.9298,73.0452,1.000000,8,0.625
279,2,335.9119,304.5316,709.3914,127.5550,1.000000,8,1
280,1,232.3585,318.0166,356.9334,73.0476,1.000000,8,0.40625
280,2,334.6894,304.7322,708.9578,127.5155,1.000000,8,1
281,1,232.7437,317.9891,356.9371,73.0501,1.000000,8,0.625
281,2,333.4648,304.9373,708.5286,127.4768,1.000000,8,1
282,1,233.1288,317.9648,356.9406,73.0525,1.000000,8,0.5625
282,2,332.2384,305.1443,708.1040,127.4390,1.000000,8,1
283,1,233.5134,317.9439,356.9446,73.0551,1.000000,8,0.53125
283,2,331.0101,305.3507,707.6838,127.4020,1.000000,8,1
284,1,233.8991,317.9265,356.9486,73.0577,1.000000,8,0.59375
284,2,329.7792,305.5607,707.2709,127.3663,1.000000,8,1
285,1,234.2851,317.9128,356.9524,73.0602,1.000000,8,0.46875
285,2,328.5461,305.7708,706.8633,127.3317,1.000000,8,1
286,1,234.6706,317.9034,356.9568,73.0628,1.000000,8,0.53125
286,2,327.3108,305.9774,706.4604,127.2980,1.000000,8,1
287,1,235.0574,317.8981,356.9608,73.0654,1.000000,8,0.34375
287,2,326.0730,306.1847,706.0647,127.2656,1.000000,8,1
288,1,235.4440,317.8971,356.9653,73.0680,1.000000,8,0.5625
288,2,324.8336,306.3896,705.6736,127.2341,1.000000,8,1
289,1,235.8300,317.9008,356.9700,73.0707,1.000000,8,0.625
289,2,323.5926,306.5891,705.2864,127.2033,1.000000,8,1
290,1,236.2167,317.9096,356.9748,73.0735,1.000000,8,0.5
290,2,322.3501,306.7867,704.9042,127.1735,1.000000,8,1
291,1,236.6030,317.9229,356.9802,73.0764,1.000000,8,0.4375
291,2,321.1068,306.9797,704.5260,127.1443,1.000000,8,1
292,1,236.9888,317.9411,356.9859,73.0793,1.000000,8,0.59375
292,2,319.8621,307.1658,704.1516,127.1159,1.000000,8,1
293,1,237.3752,317.9651,356.9918,73.0823,1.000000,8,0.40625
293,2,318.6166,307.3491,703.7823,127.0885,1.000000,8,1
294,1,237.7612,317.9947,356.9981,73.0853,1.000000,8,0.375
294,2,317.3711,307.5278,703.4158,127.0615,1.000000,8,1
295,1,238.1464,318.0299,357.0050,73.0886,1.000000,8,0.625
295,2,316.1255,307.6997,703.0499,127.0346,1.000000,8,1
296,1,238.5312,318.0713,357.0125,73.0919,1.000000,8,0.34375
296,2,314.8796,307.8665,702.6870,127.0082,1.000000,8,1
297,1,238.9155,318.1181,357.0203,73.0954,1.000000,8,0.46875
297,2,313.6344,308.0281,702.3245,126.9819,1.000000,8,1
298,1,239.2997,318.1705,357.0284,73.0988,1.000000,8,0.5625
298,2,312.3899,308.1839,701.9616,126.9555,1.000000,8,1
299,1,239.6835,318.2294,357.0367,73.1023,1.000000,8,0.53125
299,2,311.1469,308.3362,701.6012,126.9294,1.000000,8,1
300,1,240.0666,318.2935,357.0456,73.1060,1.000000,8,0.53125
300,2,309.9052,308.4840,701.2414,126.9034,1.000000,8,1
301,1,240.4491,318.3625,357.0548,73.1098,1.000000,8,0.34375
301,2,308.6644,308.6265,700.8822,126.8775,1.000000,8,1
302,1,240.8318,318.4380,357.0641,73.1135,1.000000,8,0.59375
302,2,307.4249,308.7659,700.5252,126.8519,1.000000,8,1
303,1,241.2140,318.5186,357.0739,73.1173,1.000000,8,0.53125
303,2,306.1865,308.9023,700.1692,126.8264,1.000000,8,1
304,1,241.5953,318.6035,357.0840,73.1213,1.000000,8,0.4375
304,2,304.9487,309.0347,699.8148,126.8012,1.000000,8,1
305,1,241.9765,318.6944,357.0944,73.1252,1.000000,8,0.53125
305,2,303.7115,309.1633,699.4630,126.7765,1.000000,8,1
306,1,242.3570,318.7897,357.1054,73.1293,1.000000,8,0.4375
306,2,302.4754,309.2889,699.1124,126.7519,1.000000,8,1
307,1,242.7363,318.8891,357.1170,73.1336,1.000000,8,0.40625
307,2,301.2406,309.4101,698.7617,126.7272,1.000000,8,1
308,1,243.1145,318.9939,357.1290,73.1379,1.000000,8,0.4375
308,2,300.0065,309.5273,698.4126,126.7028,1.000000,8,1
309,1,243.4918,319.1030,357.1416,73.1424,1.000000,8,0.4375
309,2,298.7731,309.6415,698.0646,126.6785,1.000000,8,1
310,1,243.8682,319.2151,357.1542,73.1469,1.000000,8,0.5625
310,2,297.5401,309.7523,697.7180,126.6545,1.000000,8,1
311,1,244.2425,319.3320,357.1678,73.1516,1.000000,8,0.34375
311,2,296.3080,309.8578,697.3728,126.6306,1.000000,8,1
312,1,244.6147,319.4523,357.1824,73.1564,1.000000,8,0.4375
312,2,295.0768,309.9591,697.0280,126.6068,1.000000,8,1
313,1,244.9847,319.5750,357.1980,73.1616,1.000000,8,0.34375
313,2,293.8466,310.0567,696.6843,126.5832,1.000000,8,1
314,1,245.3522,319.7022,357.2146,73.1669,1.000000,8,0.3125
314,2,292.6187,310.1492,696.3409,126.5596,1.000000,8,1
315,1,245.7178,319.8322,357.2320,73.1725,1.000000,8,0.5625
315,2,291.3927,310.2375,695.9980,126.5359,1.000000,8,1
316,1,246.0812,319.9636,357.2506,73.1782,1.000000,8,0.4375
316,2,290.1685,310.3212,695.6560,126.5123,1.000000,8,1
317,1,246.4413,320.0989,357.2708,73.1843,1.000000,8,0.4375
317,2,288.9469,310.3987,695.3125,126.4884,1.000000,8,1
318,1,246.7989,320.2365,357.2923,73.1908,1.000000,8,0.40625
318,2,287.7282,310.4711,694.9664,126.4639,1.000000,8,1
319,1,247.1537,320.3749,357.3158,73.1975,1.000000,8,0.3125
319,2,286.5125,310.5385,694.6176,126.4388,1.000000,8,1
320,1,247.5050,320.5158,357.3411,73.2048,1.000000,8,0.25
320,2,285.3010,310.6004,694.2648,126.4128,1.000000,8,1
321,1,247.8540,320.6577,357.3681,73.2124,1.000000,8,0.46875
321,2,284.0927,310.6584,693.9095,126.3862,1.000000,8,1
322,1,248.2017,320.7997,357.3961,73.2203,1.000000,8,0.53125
322,2,282.8873,310.7128,693.5519,126.3592,1.000000,8,1
323,1,248.5463,320.9434,357.4260,73.2286,1.000000,8,0.40625
323,2,281.6868,310.7615,693.1891,126.3309,1.000000,8,1
324,1,248.8885,321.0874,357.4577,73.2372,1.000000,8,0.34375
324,2,280.4901,310.8068,692.8224,126.3019,1.000000,8,1
325,1,249.2285,321.2306,357.4913,73.2463,1.000000,8,0.34375
325,2,279.2968,310.8495,692.4535,126.2723,1.000000,8,1
326,1,249.5657,321.3746,357.5271,73.2559,1.000000,8,0.3125
326,2,278.1089,310.8875,692.0793,126.2416,1.000000,8,1
327,1,249.9008,321.5178,357.5648,73.2658,1.000000,8,0.375
327,2,276.9264,310.9242,691.7003,126.2098,1.000000,8,1
328,1,250.2349,321.6587,357.6033,73.2761,1.000000,8,0.53125
328,2,275.7491,310.9606,691.3176,126.1771,1.000000,8,1
329,1,250.5669,321.7992,357.6436,73.2867,1.000000,8,0.3125
329,2,274.5774,310.9936,690.9301,126.1433,1.000000,8,1
330,1,250.8977,321.9382,357.6853,73.2975,1.000000,8,0.28125
330,2,273.4106,311.0251,690.5389,126.1088,1.000000,8,1
331,1,251.2281,322.0740,357.7277,73.3085,1.000000,8,0.3125
331,2,272.2477,311.0564,690.1451,126.0736,1.000000,8,1
332,1,251.5575,322.2084,357.7713,73.3199,1.000000,8,0.34375
332,2,271.0894,311.0869,689.7469,126.0375,1.000000,8,1
333,1,251.8861,322.3402,357.8157,73.3314,1.000000,8,0.15625
333,2,269.9349,311.1181,689.3461,126.0006,1.000000,8,1
334,1,252.2148,322.4684,357.8607,73.3430,1.000000,8,0.25
334,2,268.7836,311.1514,688.9435,125.9634,1.000000,8,1
335,1,252.5430,322.5948,357.9063,73.3547,1.000000,8,0.1875
335,2,267.6364,311.1863,688.5367,125.9253,1.000000,8,1
336,1,252.8710,322.7180,357.9525,73.3666,1.000000,8,0.40625
336,2,266.4927,311.2246,688.1277,125.8866,1.000000,8,1
337,1,253.1993,322.8368,357.9989,73.3786,1.000000,8,0.1875
337,2,265.3518,311.2670,687.7175,125.8476,1.000000,8,1
338,1,253.5276,322.9531,358.0456,73.3905,1.000000,8,0.1875
338,2,264.2148,311.3126,687.3033,125.8076,1.000000,8,1
339,1,253.8561,323.0663,358.0920,73.4025,1.000000,8,0.3125
339,2,263.0808,311.3623,686.8872,125.7673,1.000000,8,1
340,1,254.1853,323.1753,358.1383,73.4144,1.000000,8,0.3125
340,2,261.9493,311.4180,686.4705,125.7267,1.000000,8,1
341,1,254.5143,323.2817,358.1844,73.4264,1.000000,8,0.3125
341,2,260.8212,311.4785,686.0507,125.6855,1.000000,8,1
342,1,254.8433,323.3849,358.2308,73.4383,1.000000,8,0.46875
342,2,259.6960,311.5440,685.6288,125.6437,1.000000,8,1
343,1,255.1731,323.4842,358.2764,73.4501,1.000000,8,0.34375
343,2,258.5721,311.6156,685.2067,125.6018,1.000000,8,1
344,1,255.5025,323.5811,358.3221,73.4618,1.000000,8,0.4375
344,2,257.4505,311.6915,684.7809,125.5592,1.000000,8,1
345,1,255.8318,323.6753,358.3677,73.4736,1.000000,8,0.1875
345,2,256.3299,311.7718,684.3541,125.5162,1.000000,8,1
346,1,256.1609,323.7662,358.4133,73.4854,1.000000,8,0.28125
346,2,255.2106,311.8575,683.9267,125.4732,1.000000,8,1
347,1,256.4901,323.8556,358.4587,73.4971,1.000000,8,0.15625
347,2,254.0934,311.9482,683.4959,125.4294,1.000000,8,1
348,1,256.8195,323.9427,358.5041,73.5089,1.000000,8,0.28125
348,2,252.9783,312.0431,683.0630,125.3851,1.000000,8,1
349,1,257.1489,324.0267,358.5497,73.5206,1.000000,8,0.34375
349,2,251.8657,312.1426,682.6282,125.3405,1.000000,8,1
350,1,257.4790,324.1096,358.5949,73.5324,1.000000,8,0.3125
350,2,250.7556,312.2470,682.1901,125.2950,1.000000,8,1
351,1,257.8094,324.1911,358.6406,73.5441,1.000000,8,0.4375
351,2,249.6479,312.3554,681.7499,125.2491,1.000000,8,1
352,1,258.1408,324.2709,358.6859,73.5559,1.000000,8,0.21875
352,2,248.5422,312.4680,681.3093,125.2031,1.000000,8,1
353,1,258.4728,324.3500,358.7317,73.5677,1.000000,8,0.3125
353,2,247.4387,312.5851,680.8665,125.1565,1.000000,8,1
354,1,258.8050,324.4286,358.7777,73.5796,1.000000,8,0.28125
354,2,246.3370,312.7063,680.4233,125.1098,1.000000,8,1
355,1,259.1375,324.5063,358.8236,73.5914,1.000000,8,0.34375
355,2,245.2374,312.8318,679.9796,125.0628,1.000000,8,1
356,1,259.4696,324.5847,358.8695,73.6033,1.000000,8,0.21875
356,2,244.1411,312.9620,679.5320,125.0151,1.000000,8,1
357,1,259.8015,324.6635,358.9155,73.6152,1.000000,8,0.21875
357,2,243.0475,313.0967,679.0828,124.9669,1.000000,8,1
358,1,260.1334,324.7419,358.9611,73.6270,1.000000,8,0.34375
358,2,241.9554,313.2353,678.6335,124.9187,1.000000,8,1
359,1,260.4648,324.8222,359.0063,73.6387,1.000000,8,0.28125
359,2,240.8648,313.3802,678.1830,124.8701,1.000000,8,1
360,1,260.7958,324.9032,359.0515,73.6504,1.000000,8,0.34375
360,2,239.7754,313.5299,677.7323,124.8215,1.000000,8,1
361,1,261.1263,324.9841,359.0965,73.6621,1.000000,8,0.09375
361,2,238.6867,313.6826,677.2824,124.7729,1.000000,8,1
362,1,261.4558,325.0667,359.1411,73.6737,1.000000,8,0.34375
362,2,237.5994,313.8419,676.8314,124.7242,1.000000,8,1
363,1,261.7849,325.1501,359.1856,73.6852,1.000000,8,0.1875
363,2,236.5125,314.0057,676.3813,124.6754,1.000000,8,1
364,1,262.1142,325.2337,359.2292,73.6965,1.000000,8,0.21875
364,2,235.4250,314.1721,675.9337,124.6272,1.000000,8,1
365,1,262.4425,325.3185,359.2724,73.7078,1.000000,8,0.375
365,2,234.3375,314.3453,675.4861,124.5789,1.000000,8,1
366,1,262.7709,325.4044,359.3149,73.7189,1.000000,8,0.28125
366,2,233.2488,314.5230,675.0410,124.5311,1.000000,8,1
367,1,263.0994,325.4906,359.3570,73.7298,1.000000,8,0.34375
367,2,232.1583,314.7029,674.5999,124.4840,1.000000,8,1
368,1,263.4268,325.5774,359.3985,73.7406,1.000000,8,0.21875
368,2,231.0658,314.8876,674.1613,124.4376,1.000000,8,1
369,1,263.7540,325.6644,359.4393,73.7514,1.000000,8,0.3125
369,2,229.9712,315.0752,673.7263,124.3917,1.000000,8,1
370,1,264.0815,325.7511,359.4795,73.7619,1.000000,8,0.25
370,2,228.8745,315.2636,673.2948,124.3466,1.000000,8,1
371,1,264.4085,325.8377,359.5192,73.7723,1.000000,8,0.28125
371,2,227.7739,315.4564,672.8685,124.3025,1.000000,8,1
372,1,264.7357,325.9241,359.5581,73.7826,1.000000,8,0.4375
372,2,226.6698,315.6507,672.4471,124.2594,1.000000,8,1
373,1,265.0630,326.0095,359.5965,73.7928,1.000000,8,0.4375
373,2,225.5619,315.8444,672.0310,124.2174,1.000000,8,1
374,1,265.3905,326.0949,359.6343,73.8028,1.000000,8,0.53125
374,2,224.4486,316.0426,671.6213,124.1767,1.000000,8,1
375,1,265.7185,326.1797,359.6712,73.8127,1.000000,8,0.375
375,2,223.3303,316.2411,671.2182,124.1374,1.000000,8,1
376,1,266.0472,326.2629,359.7079,73.8224,1.000000,8,0.3125
376,2,222.2067,316.4362,670.8225,124.0996,1.000000,8,1
377,1,266.3769,326.3452,359.7437,73.8319,1.000000,8,0.28125
377,2,221.0758,316.6352,670.4354,124.0636,1.000000,8,1
378,1,266.7075,326.4266,359.7786,73.8413,1.000000,8,0.3125
378,2,219.9387,316.8330,670.0554,124.0290,1.000000,8,1
379,1,267.0387,326.5076,359.8132,73.8506,1.000000,8,0.28125
379,2,218.7953,317.0253,669.6821,123.9959,1.000000,8,1
380,1,267.3706,326.5873,359.8474,73.8598,1.000000,8,0.5
380,2,217.6437,317.2187,669.3176,123.9647,1.000000,8,1
381,1,267.7031,326.6658,359.8817,73.8691,1.000000,8,0.34375
381,2,216.4847,317.4103,668.9612,123.9352,1.000000,8,1
382,1,268.0370,326.7430,359.9150,73.8781,1.000000,8,0.3125
382,2,215.3183,317.5966,668.6132,123.9074,1.000000,8,1
383,1,268.3720,326.8196,359.9482,73.8871,1.000000,8,0.40625
383,2,214.1422,317.7820,668.2741,123.8816,1.000000,8,1
384,1,268.7085,326.8954,359.9806,73.8959,1.000000,8,0.25
384,2,212.9577,317.9626,667.9432,123.8576,1.000000,8,1
385,1,269.0458,326.9698,360.0132,73.9049,1.000000,8,0.21875
385,2,211.7654,318.1343,667.6208,123.8353,1.000000,8,1
386,1,269.3843,327.0442,360.0454,73.9136,1.000000,8,0.25
386,2,210.5647,318.3011,667.3064,123.8148,1.000000,8,1
387,1,269.7233,327.1181,360.0777,73.9224,1.000000,8,0.28125
387,2,209.3567,318.4608,666.9990,123.7959,1.000000,8,1
388,1,270.0632,327.1913,360.1098,73.9312,1.000000,8,0.1875
388,2,208.1414,318.6098,666.6989,123.7784,1.000000,8,1
389,1,270.4040,327.2639,360.1418,73.9400,1.000000,8,0.375
389,2,206.9177,318.7511,666.4067,123.7627,1.000000,8,1
390,1,270.7453,327.3362,360.1741,73.9488,1.000000,8,0.28125
390,2,205.6876,318.8825,666.1209,123.7484,1.000000,8,1
391,1,271.0869,327.4076,360.2068,73.9577,1.000000,8,0.28125
391,2,204.4514,319.0009,665.8415,123.7355,1.000000,8,1
392,1,271.4288,327.4783,360.2398,73.9667,1.000000,8,0.25
392,2,203.2072,319.1112,665.5703,123.7243,1.000000,8,1
393,1,271.7714,327.5489,360.2729,73.9757,1.000000,8,0.25
393,2,201.9568,319.2115,665.3059,123.7146,1.000000,8,1
394,1,272.1142,327.6188,360.3063,73.9849,1.000000,8,0.3125
394,2,200.7010,319.3003,665.0477,123.7062,1.000000,8,1
395,1,272.4564,327.6871,360.3408,73.9941,1.000000,8,0.34375
395,2,199.4385,319.3817,664.7972,123.6995,1.000000,8,1
396,1,272.7982,327.7538,360.3756,74.0036,1.000000,8,0.25
396,2,198.1706,319.4546,664.5531,123.6941,1.000000,8,1
397,1,273.1391,327.8193,360.4114,74.0132,1.000000,8,0.34375
397,2,196.8990,319.5164,664.3148,123.6899,1.000000,8,1
398,1,273.4792,327.8838,360.4480,74.0230,1.000000,8,0.25
398,2,195.6208,319.5700,664.0836,123.6872,1.000000,8,1
399,1,273.8184,327.9461,360.4857,74.0331,1.000000,8,0.28125
399,2,194.3381,319.6150,663.8574,123.6856,1.000000,8,1
400,1,274.1565,328.0051,360.5244,74.0434,1.000000,8,0.25
400,2,193.0513,319.6515,663.6362,123.6850,1.000000,8,1
401,1,274.4931,328.0634,360.5644,74.0540,1.000000,8,0.25
401,2,191.7595,319.6825,663.4206,123.6857,1.000000,8,1
402,1,274.8284,328.1195,360.6057,74.0648,1.000000,8,0.40625
402,2,190.4642,319.7088,663.2100,123.6874,1.000000,8,1
403,1,275.1625,328.1714,360.6479,74.0759,1.000000,8,0.375
403,2,189.1654,319.7296,663.0043,123.6901,1.000000,8,1
404,1,275.4945,328.2209,360.6914,74.0873,1.000000,8,0.09375
404,2,187.8625,319.7460,662.8037,123.6939,1.000000,8,1
405,1,275.8249,328.2671,360.7361,74.0989,1.000000,8,0.5
405,2,186.5571,319.7582,662.6063,123.6984,1.000000,8,1
406,1,276.1531,328.3094,360.7824,74.1108,1.000000,8,0.40625
406,2,185.2511,319.7663,662.4102,123.7032,1.000000,8,1
407,1,276.4789,328.3481,360.8300,74.1231,1.000000,8,0.3125
407,2,183.9406,319.7704,662.2191,123.7090,1.000000,8,1
408,1,276.8030,328.3830,360.8792,74.1357,1.000000,8,0.28125
408,2,182.6280,319.7701,662.0299,123.7152,1.000000,8,1
409,1,277.1256,328.4144,360.9296,74.1485,1.000000,8,0.375
409,2,181.3151,319.7648,661.8398,123.7213,1.000000,8,1
410,1,277.4460,328.4407,360.9810,74.1617,1.000000,8,0.34375
410,2,180.0001,319.7554,661.6515,123.7278,1.000000,8,1
411,1,277.7647,328.4626,361.0337,74.1751,1.000000,8,0.21875
411,2,178.6850,319.7412,661.4630,123.7343,1.000000,8,1
412,1,278.0822,328.4807,361.0873,74.1887,1.000000,8,0.25
412,2,177.3712,319.7219,661.2723,123.7404,1.000000,8,1
413,1,278.3981,328.4939,361.1424,74.2026,1.000000,8,0.28125
413,2,176.0562,319.6980,661.0830,123.7467,1.000000,8,1
414,1,278.7126,328.5032,361.1987,74.2167,1.000000,8,0.3125
414,2,174.7422,319.6686,660.8923,123.7527,1.000000,8,1
415,1,279.0262,328.5079,361.2557,74.2311,1.000000,8,0.25
415,2,173.4314,319.6331,660.6982,123.7580,1.000000,8,1
416,1,279.3387,328.5069,361.3136,74.2457,1.000000,8,0.3125
416,2,172.1221,319.5913,660.5032,123.7632,1.000000,8,1
417,1,279.6502,328.5014,361.3722,74.2604,1.000000,8,0.34375
417,2,170.8149,319.5429,660.3056,123.7677,1.000000,8,1
418,1,279.9612,328.4921,361.4316,74.2753,1.000000,8,0.25
418,2,169.5102,319.4867,660.1047,123.7715,1.000000,8,1
419,1,280.2715,328.4777,361.4921,74.2905,1.000000,8,0.15625
419,2,168.2061,319.4220,659.9033,123.7753,1.000000,8,1
420,1,280.5812,328.4586,361.5535,74.3058,1.000000,8,0.21875
420,2,166.9043,319.3490,659.6991,123.7784,1.000000,8,1
421,1,280.8903,328.4355,361.6154,74.3213,1.000000,8,0.1875
421,2,165.6065,319.2686,659.4903,123.7806,1.000000,8,1
422,1,281.1986,328.4081,361.6786,74.3370,1.000000,8,0.25
422,2,164.3098,319.1803,659.2806,123.7826,1.000000,8,1
423,1,281.5062,328.3772,361.7424,74.3529,1.000000,8,0.125
423,2,163.0156,319.0848,659.0674,123.7838,1.000000,8,1
424,1,281.8128,328.3427,361.8073,74.3691,1.000000,8,0.1875
424,2,161.7264,318.9826,658.8476,123.7836,1.000000,8,1
425,1,282.1191,328.3035,361.8733,74.3854,1.000000,8,0.28125
425,2,160.4401,318.8728,658.6241,123.7827,1.000000,8,1
426,1,282.4250,328.2604,361.9400,74.4020,1.000000,8,0.3125
426,2,159.1573,318.7562,658.3964,123.7808,1.000000,8,1
427,1,282.7310,328.2143,362.0067,74.4186,1.000000,8,0.34375
427,2,157.8788,318.6342,658.1636,123.7778,1.000000,8,1
428,1,283.0368,328.1644,362.0739,74.4352,1.000000,8,0.28125
428,2,156.6034,318.5046,657.9271,123.7740,1.000000,8,1
429,1,283.3426,328.1111,362.1414,74.4519,1.000000,8,0.1875
429,2,155.3317,318.3691,657.6862,123.7693,1.000000,8,1
430,1,283.6485,328.0550,362.2088,74.4686,1.000000,8,0.15625
430,2,154.0648,318.2289,657.4387,123.7632,1.000000,8,1
431,1,283.9562,327.9962,362.2751,74.4851,1.000000,8,0.15625
431,2,152.8029,318.0806,657.1858,123.7560,1.000000,8,1
432,1,284.2651,327.9349,362.3410,74.5015,1.000000,8,0.25
432,2,151.5468,317.9255,656.9268,123.7473,1.000000,8,1
433,1,284.5757,327.8713,362.4058,74.5176,1.000000,8,0.34375
433,2,150.2975,317.7645,656.6605,123.7370,1.000000,8,1
434,1,284.8878,327.8056,362.4702,74.5337,1.000000,8,0.21875
434,2,149.0517,317.5928,656.3902,123.7260,1.000000,8,1
435,1,285.2015,327.7382,362.5341,74.5496,1.000000,8,0.125
435,2,147.8105,317.4130,656.1146,123.7137,1.000000,8,1
436,1,285.5168,327.6698,362.5972,74.5654,1.000000,8,0.1875
436,2,146.5749,317.2265,655.8328,123.7001,1.000000,8,1
437,1,285.8336,327.5995,362.6595,74.5810,1.000000,8,0.1875
437,2,145.3450,317.0281,655.5455,123.6853,1.000000,8,1
438,1,286.1517,327.5285,362.7212,74.5965,1.000000,8,0.28125
438,2,144.1198,316.8203,655.2537,123.6694,1.000000,8,1
439,1,286.4708,327.4574,362.7822,74.6119,1.000000,8,0.53125
439,2,142.8992,316.6051,654.9569,123.6525,1.000000,8,1
440,1,286.7913,327.3833,362.8430,74.6271,1.000000,8,0.25
440,2,141.6850,316.3782,654.6541,123.6341,1.000000,8,1
441,1,287.1127,327.3082,362.9034,74.6423,1.000000,8,0.3125
441,2,140.4766,316.1425,654.3452,123.6145,1.000000,8,1
442,1,287.4346,327.2337,362.9633,74.6574,1.000000,8,0.25
442,2,139.2744,315.9007,654.0302,123.5935,1.000000,8,1
443,1,287.7575,327.1570,363.0228,74.6724,1.000000,8,0.1875
443,2,138.0774,315.6494,653.7111,123.5715,1.000000,8,1
444,1,288.0810,327.0789,363.0821,74.6874,1.000000,8,0.25
444,2,136.8849,315.3914,653.3878,123.5486,1.000000,8,1
445,1,288.4050,327.0005,363.1410,74.7022,1.000000,8,0.15625
445,2,135.6973,315.1297,653.0600,123.5247,1.000000,8,1
446,1,288.7299,326.9207,363.1992,74.7170,1.000000,8,0.3125
446,2,134.5166,314.8604,652.7261,123.4993,1.000000,8,1
447,1,289.0551,326.8398,363.2574,74.7316,1.000000,8,0.34375
447,2,133.3411,314.5866,652.3873,123.4729,1.000000,8,1
448,1,289.3799,326.7582,363.3156,74.7463,1.000000,8,0.25
448,2,132.1711,314.3105,652.0424,123.4451,1.000000,8,1
449,1,289.7049,326.6743,363.3738,74.7611,1.000000,8,0.3125
449,2,131.0065,314.0266,651.6903,123.4158,1.000000,8,1
450,1,290.0300,326.5888,363.4319,74.7758,1.000000,8,0.1875
450,2,129.8467,313.7393,651.3319,123.3850,1.000000,8,1
451,1,290.3555,326.5023,363.4894,74.7903,1.000000,8,0.21875
451,2,128.6920,313.4535,650.9673,123.3530,1.000000,8,1
452,1,290.6815,326.4128,363.5467,74.8048,1.000000,8,0.375
452,2,127.5431,313.1652,650.5968,123.3196,1.000000,8,1
453,1,291.0077,326.3214,363.6038,74.8193,1.000000,8,0.34375
453,2,126.3991,312.8766,650.2209,123.2851,1.000000,8,1
454,1,291.3333,326.2290,363.6612,74.8338,1.000000,8,0.21875
454,2,125.2608,312.5900,649.8390,123.2491,1.000000,8,1
455,1,291.6600,326.1328,363.7177,74.8482,1.000000,8,0.1875
455,2,124.1282,312.3005,649.4512,123.2118,1.000000,8,1
456,1,291.9869,326.0343,363.7739,74.8625,1.000000,8,0.0625
456,2,123.0014,312.0104,649.0571,123.1732,1.000000,8,1
457,1,292.3135,325.9342,363.8300,74.8767,1.000000,8,0.09375
457,2,121.8800,311.7222,648.6569,123.1331,1.000000,8,1
458,1,292.6409,325.8303,363.8853,74.8908,1.000000,8,0.4375
458,2,120.7649,311.4306,648.2504,123.0918,1.000000,8,1
459,1,292.9681,325.7237,363.9406,74.9049,1.000000,8,0.09375
459,2,119.6547,311.1378,647.8389,123.0491,1.000000,8,1
460,1,293.2955,325.6151,363.9954,74.9188,1.000000,8,0.09375
460,2,118.5484,310.8463,647.4233,123.0057,1.000000,8,1
461,1,293.6236,325.5022,364.0498,74.9327,1.000000,8,0.3125
461,2,117.4488,310.5515,647.0007,122.9606,1.000000,8,1
462,1,293.9525,325.3864,364.1040,74.9465,1.000000,8,0.09375
462,2,116.3533,310.2557,646.5745,122.9147,1.000000,8,1
463,1,294.2824,325.2684,364.1574,74.9602,1.000000,8,0.15625
463,2,115.2607,309.9617,646.1459,122.8683,1.000000,8,1
464,1,294.6137,325.1463,364.2101,74.9737,1.000000,8,0.15625
464,2,114.1734,309.6640,645.7122,122.8206,1.000000,8,1
465,1,294.9460,325.0211,364.2623,74.9871,1.000000,8,0.25
465,2,113.0910,309.3657,645.2744,122.7719,1.000000,8,1
466,1,295.2786,324.8936,364.3143,75.0004,1.000000,8,0.125
466,2,112.0140,309.0701,644.8312,122.7221,1.000000,8,1
467,1,295.6133,324.7616,364.3652,75.0136,1.000000,8,0.15625
467,2,110.9398,308.7715,644.3861,122.6718,1.000000,8,1
468,1,295.9494,324.6264,364.4156,75.0266,1.000000,8,0.25
468,2,109.8689,308.4731,643.9382,122.6208,1.000000,8,1
469,1,296.2867,324.4888,364.4653,75.0394,1.000000,8,0.34375
469,2,108.8026,308.1786,643.4865,122.5690,1.000000,8,1
470,1,296.6263,324.3471,364.5139,75.0520,1.000000,8,0.25
470,2,107.7409,307.8828,643.0310,122.5162,1.000000,8,1
471,1,296.9677,324.2019,364.5618,75.0645,1.000000,8,0.125
471,2,106.6832,307.5892,642.5728,122.4627,1.000000,8,1
472,1,297.3096,324.0537,364.6093,75.0768,1.000000,8,0.125
472,2,105.6285,307.3012,642.1125,122.4088,1.000000,8,1
473,1,297.6540,323.9010,364.6557,75.0889,1.000000,8,0.1875
473,2,104.5765,307.0133,641.6512,122.3544,1.000000,8,1
474,1,298.0005,323.7449,364.7007,75.1008,1.000000,8,0.09375
474,2,103.5269,306.7283,641.1886,122.2998,1.000000,8,1
475,1,298.3476,323.5858,364.7457,75.1126,1.000000,8,0.15625
475,2,102.4802,306.4499,640.7247,122.2448,1.000000,8,1
476,1,298.6972,323.4218,364.7890,75.1241,1.000000,8,0.15625
476,2,101.4366,306.1723,640.2599,122.1895,1.000000,8,1
477,1,299.0483,323.2544,364.8313,75.1353,1.000000,8,0.21875
477,2,100.3946,305.8984,639.7952,122.1341,1.000000,8,1
478,1,299.4012,323.0844,364.8724,75.1462,1.000000,8,0.28125
478,2,99.3529,305.6321,639.3323,122.0790,1.000000,8,1
479,1,299.7560,322.9095,364.9118,75.1568,1.000000,8,0.15625
479,2,98.3139,305.3667,638.8688,122.0237,1.000000,8,1
480,1,300.1119,322.7309,364.9503,75.1672,1.000000,8,0.1875
480,2,97.2776,305.1055,638.4048,121.9681,1.000000,8,1
481,1,300.4686,322.5492,364.9880,75.1774,1.000000,8,0.1875
481,2,96.2428,304.8524,637.9415,121.9128,1.000000,8,1
482,1,300.8274,322.3629,365.0236,75.1871,1.000000,8,0.125
482,2,95.2084,304.6002,637.4799,121.8576,1.000000,8,1
483,1,301.1877,322.1732,365.0577,75.1965,1.000000,8,0.15625
483,2,94.1750,304.3528,637.0201,121.8027,1.000000,8,1
484,1,301.5491,321.9814,365.0900,75.2055,1.000000,8,0.1875
484,2,93.1427,304.1140,636.5618,121.7480,1.000000,8,1
485,1,301.9109,321.7851,365.1210,75.2142,1.000000,8,0.28125
485,2,92.1131,303.8763,636.2388,121.6934,1.000000,8,1
486,1,302.2734,321.5858,365.1507,75.2226,1.000000,8,0.21875
486,2,91.0856,303.6435,635.9878,121.6389,1.000000,8,1
487,1,302.6365,321.3850,365.1788,75.2306,1.000000,8,0.0625
487,2,90.0599,303.4191,635.7372,121.5845,1.000000,8,1
488,1,303.0005,321.1805,365.2052,75.2383,1.000000,8,0.125
488,2,89.0364,303.1964,635.4874,121.5303,1.000000,8,1
489,1,303.3657,320.9737,365.2301,75.2456,1.000000,8,0.15625
489,2,88.0154,302.9793,635.2377,121.4762,1.000000,8,1
490,1,303.7328,320.7659,365.2527,75.2524,1.000000,8,0.125
490,2,86.9968,302.7715,634.9882,121.4220,1.000000,8,1
491,1,304.1006,320.5549,365.2744,75.2590,1.000000,8,0.125
491,2,85.9799,302.5656,634.7396,121.3680,1.000000,8,1
492,1,304.4696,320.3423,365.2943,75.2651,1.000000,8,0.28125
492,2,84.9643,302.3655,634.4921,121.3144,1.000000,8,1
493,1,304.8404,320.1295,365.3122,75.2709,1.000000,8,0.25
493,2,83.9494,302.1757,634.2461,121.2610,1.000000,8,1
494,1,305.2129,319.9149,365.3284,75.2763,1.000000,8,0.09375
494,2,82.9355,301.9879,634.0009,121.2078,1.000000,8,1
495,1,305.5863,319.6998,365.3433,75.2813,1.000000,8,0.09375
495,2,81.9228,301.8057,633.7563,121.1548,1.000000,8,1
496,1,305.9606,319.4858,365.3566,75.2861,1.000000,8,0.15625
496,2,80.9102,301.6336,633.5140,121.1023,1.000000,8,1
497,1,306.3358,319.2711,365.3685,75.2905,1.000000,8,0.15625
497,2,79.8965,301.4645,633.2744,121.0503,1.000000,8,1
498,1,306.7120,319.0569,365.3794,75.2946,1.000000,8,0.15625
498,2,78.8820,301.3005,633.0369,120.9990,1.000000,8,1
499,1,307.0906,318.8450,365.3880,75.2982,1.000000,8,0.28125
499,2,77.8672,301.1443,632.8011,120.9478,1.000000,8,1
500,1,307.4713,318.6333,365.3943,75.3014,1.000000,8,0.09375
500,2,76.8529,300.9912,632.5671,120.8972,1.000000,8,1
501,1,307.8536,318.4233,365.3990,75.3041,1.000000,8,0.28125
501,2,75.8382,300.8419,632.3354,120.8471,1.000000,8,1
502,1,308.2374,318.2161,365.4022,75.3066,1.000000,8,0.28125
502,2,74.8216,300.6971,632.1071,120.7977,1.000000,8,1
503,1,308.6237,318.0100,365.4031,75.3085,1.000000,8,0.0625
503,2,73.8035,300.5529,631.8820,120.7490,1.000000,8,1
504,1,309.0124,317.8063,365.4017,75.3099,1.000000,8,0.1875
504,2,72.7854,300.4111,631.6585,120.7007,1.000000,8,1
505,1,309.4025,317.6065,365.3992,75.3110,1.000000,8,0.15625
505,2,71.7681,300.2728,631.4357,120.6525,1.000000,8,1
506,1,309.7945,317.4083,365.3951,75.3118,1.000000,8,0.09375
506,2,70.7505,300.1329,631.2143,120.6048,1.000000,8,1
507,1,310.1888,317.2133,365.3892,75.3122,1.000000,8,0.1875
507,2,69.7331,299.9944,630.9945,120.5573,1.000000,8,1
508,1,310.5853,317.0227,365.3818,75.3123,1.000000,8,0.1875
508,2,68.7173,299.8597,630.7750,120.5098,1.000000,8,1
509,1,310.9843,316.8345,365.3724,75.3119,1.000000,8,0.125
509,2,67.7043,299.7236,630.5538,120.4621,1.000000,8,1
510,1,311.3854,316.6498,365.3617,75.3112,1.000000,8,0.125
510,2,66.6944,299.5882,630.3313,120.4140,1.000000,8,1
511,1,311.7886,316.4700,365.3496,75.3102,1.000000,8,0.125
511,2,65.6884,299.4560,630.1068,120.3655,1.000000,8,1
512,1,312.1941,316.2931,365.3361,75.3090,1.000000,8,0.1875
512,2,64.6874,299.3238,629.8795,120.3163,1.000000,8,1
513,1,312.6013,316.1199,365.3210,75.3073,1.000000,8,0.21875
513,2,63.6916,299.1932,629.6489,120.2665,1.000000,8,1
514,1,313.0103,315.9516,365.3043,75.3054,1.000000,8,0.28125
514,2,62.7013,299.0667,629.4146,120.2158,1.000000,8,1
515,1,313.4218,315.7863,365.2861,75.3030,1.000000,8,0.15625
515,2,61.7166,298.9399,629.1769,120.1644,1.000000,8,1
516,1,313.8354,315.6248,365.2662,75.3003,1.000000,8,0.28125
516,2,60.7385,298.8150,628.9346,120.1119,1.000000,8,1
517,1,314.2509,315.4688,365.2451,75.2973,1.000000,8,0.21875
517,2,59.7680,298.6952,628.6865,120.0581,1.000000,8,1
518,1,314.6686,315.3160,365.2224,75.2939,1.000000,8,0.1875
518,2,58.8035,298.5784,628.4335,120.0033,1.000000,8,1
519,1,315.0882,315.1671,365.1981,75.2902,1.000000,8,0.125
519,2,57.8450,298.4666,628.1761,119.9475,1.000000,8,1
520,1,315.5084,315.0234,365.1733,75.2864,1.000000,8,0.1875
520,2,56.8920,298.3616,627.9151,119.8909,1.000000,8,1
521,1,315.9308,314.8835,365.1461,75.2820,1.000000,8,0.125
521,2,55.9457,298.2611,627.6489,119.8331,1.000000,8,1
522,1,316.3542,314.7475,365.1173,75.2773,1.000000,8,0.1875
522,2,55.0056,298.1666,627.3781,119.7744,1.000000,8,1
523,1,316.7783,314.6165,365.0878,75.2724,1.000000,8,0.15625
523,2,54.0713,298.0797,627.1030,119.7146,1.000000,8,1
524,1,317.2034,314.4897,365.0568,75.2672,1.000000,8,0.15625
524,2,53.1429,297.9977,626.8232,119.6539,1.000000,8,1
525,1,317.6294,314.3673,365.0250,75.2618,1.000000,8,0.3125
525,2,52.2206,297.9214,626.5391,119.5922,1.000000,8,1
526,1,318.0574,314.2501,364.9918,75.2561,1.000000,8,0.3125
526,2,51.3053,297.8526,626.2500,119.5294,1.000000,8,1
527,1,318.4872,314.1371,364.9576,75.2502,1.000000,8,0.25
527,2,50.3960,297.7909,625.9565,119.4656,1.000000,8,1
528,1,318.9183,314.0287,364.9230,75.2441,1.000000,8,0.28125
528,2,49.4929,297.7354,625.6586,119.4008,1.000000,8,1
529,1,319.3502,313.9257,364.8881,75.2381,1.000000,8,0.125
529,2,48.5961,297.6851,625.3553,119.3349,1.000000,8,1
530,1,319.7827,313.8266,364.8535,75.2321,1.000000,8,0.21875
530,2,47.7056,297.6398,625.0468,119.2678,1.000000,8,1
531,1,320.2153,313.7318,364.8196,75.2263,1.000000,8,0.28125
531,2,46.8211,297.6003,624.7334,119.1996,1.000000,8,1
532,1,320.6480,313.6419,364.7867,75.2206,1.000000,8,0.125
532,2,45.9440,297.5668,624.4139,119.1301,1.000000,8,1
533,1,321.0811,313.5560,364.7545,75.2152,1.000000,8,0.25
533,2,45.0744,297.5381,624.0886,119.0592,1.000000,8,1
534,1,321.5137,313.4743,364.7238,75.2100,1.000000,8,0.1875
534,2,44.2115,297.5143,623.7583,118.9873,1.000000,8,1
535,1,321.9454,313.3973,364.6947,75.2053,1.000000,8,0.28125
535,2,43.3568,297.4966,623.4216,118.9141,1.000000,8,1
536,1,322.3757,313.3232,364.6678,75.2011,1.000000,8,0.3125
536,2,42.5099,297.4836,623.0792,118.8395,1.000000,8,1
537,1,322.8047,313.2520,364.6429,75.1972,1.000000,8,0.1875
537,2,41.6707,297.4749,622.7308,118.7636,1.000000,8,1
538,1,323.2321,313.1839,364.6202,75.1939,1.000000,8,0.28125
538,2,40.8397,297.4707,622.3761,118.6863,1.000000,8,1
539,1,323.6582,313.1179,364.5992,75.1910,1.000000,8,0.28125
539,2,40.0170,297.4711,622.0154,118.6077,1.000000,8,1
540,1,324.0835,313.0533,364.5795,75.1884,1.000000,8,0.21875
540,2,39.2017,297.4761,621.6494,118.5280,1.000000,8,1
541,1,324.5077,312.9907,364.5615,75.1861,1.000000,8,0.25
541,2,38.3935,297.4860,621.2784,118.4471,1.000000,8,1
542,1,324.9311,312.9297,364.5447,75.1841,1.000000,8,0.25
542,2,37.5929,297.4994,620.9020,118.3650,1.000000,8,1
543,1,325.3536,312.8700,364.5291,75.1824,1.000000,8,0.3125
543,2,36.7987,297.5177,620.5216,118.2821,1.000000,8,1
544,1,325.7749,312.8114,364.5143,75.1809,1.000000,8,0.28125
544,2,36.0107,297.5428,620.1367,118.1982,1.000000,8,1
545,1,326.1946,312.7533,364.5005,75.1797,1.000000,8,0.21875
545,2,35.2279,297.5724,619.7477,118.1134,1.000000,8,1
546,1,326.6128,312.6956,364.4879,75.1786,1.000000,8,0.375
546,2,34.4497,297.6076,619.3559,118.0280,1.000000,8,1
547,1,327.0298,312.6385,364.4756,75.1776,1.000000,8,0.40625
547,2,33.6758,297.6499,618.9619,117.9421,1.000000,8,1
548,1,327.4449,312.5809,364.4642,75.1769,1.000000,8,0.1875
548,2,32.9061,297.6994,618.5659,117.8559,1.000000,8,1
549,1,327.8583,312.5234,364.4537,75.1763,1.000000,8,0.3125
549,2,32.1401,297.7551,618.1682,117.7692,1.000000,8,1
550,1,328.2700,312.4662,364.4442,75.1760,1.000000,8,0.34375
550,2,31.3771,297.8176,617.7695,117.6823,1.000000,8,1
551,1,328.6794,312.4082,364.4362,75.1759,1.000000,8,0.40625
551,2,30.6166,297.8880,617.3702,117.5953,1.000000,8,1
552,1,329.0875,312.3499,364.4284,75.1760,1.000000,8,0.28125
552,2,29.8576,297.9652,616.9713,117.5084,1.000000,8,1
553,1,329.4942,312.2920,364.4211,75.1761,1.000000,8,0.34375
553,2,29.0992,298.0480,616.5729,117.4217,1.000000,8,1
554,1,329.8984,312.2340,364.4151,75.1765,1.000000,8,0.1875
554,2,28.3410,298.1368,616.1759,117.3352,1.000000,8,1
555,1,330.3006,312.1765,364.4099,75.1771,1.000000,8,0.34375
555,2,27.5823,298.2314,615.7802,117.2490,1.000000,8,1
556,1,330.7013,312.1203,364.4055,75.1778,1.000000,8,0.375
556,2,26.8224,298.3308,615.3862,117.1633,1.000000,8,1
557,1,331.0999,312.0646,364.4021,75.1788,1.000000,8,0.34375
557,2,26.0607,298.4342,614.9942,117.0780,1.000000,8,1
558,1,331.4969,312.0098,364.3997,75.1800,1.000000,8,0.3125
558,2,25.2979,298.5415,614.6043,116.9932,1.000000,8,1
559,1,331.8929,311.9567,364.3980,75.1814,1.000000,8,0.375
559,2,24.5347,298.6553,614.2161,116.9087,1.000000,8,1
560,1,332.2869,311.9055,364.3977,75.1831,1.000000,8,0.5
560,2,23.7687,298.7718,613.8315,116.8252,1.000000,8,1
561,1,332.6796,311.8567,364.3982,75.1849,1.000000,8,0.25
561,2,23.0005,298.8906,613.4500,116.7422,1.000000,8,1
562,1,333.0715,311.8105,364.3997,75.1870,1.000000,8,0.3125
562,2,22.2299,299.0118,613.0716,116.6600,1.000000,8,1
563,1,333.4633,311.7662,364.4026,75.1894,1.000000,8,0.375
563,2,21.4582,299.1360,612.6949,116.5782,1.000000,8,1
564,1,333.8550,311.7242,364.4064,75.1920,1.000000,8,0.5
564,2,20.6854,299.2634,612.3207,116.4969,1.000000,8,1
565,1,334.2469,311.6850,364.4113,75.1949,1.000000,8,0.34375
565,2,19.9085,299.3929,611.9514,116.4167,1.000000,8,1
566,1,334.6389,311.6478,364.4172,75.1980,1.000000,8,0.375
566,2,19.1289,299.5257,611.5859,116.3374,1.000000,8,1
567,1,335.0308,311.6131,364.4247,75.2014,1.000000,8,0.1875
567,2,18.3455,299.6623,611.2253,116.2591,1.000000,8,1
568,1,335.4228,311.5820,364.4326,75.2050,1.000000,8,0.28125
568,2,17.5570,299.8021,610.8707,116.1823,1.000000,8,1
569,1,335.8137,311.5540,364.4415,75.2087,1.000000,8,0.375
569,2,16.7633,299.9452,610.5215,116.1066,1.000000,8,1
570,1,336.2038,311.5290,364.4505,75.2126,1.000000,8,0.53125
570,2,15.9642,300.0922,610.1783,116.0322,1.000000,8,1
571,1,336.5929,311.5072,364.4605,75.2166,1.000000,8,0.25
571,2,15.1588,300.2446,609.8422,115.9594,1.000000,8,1
572,1,336.9813,311.4888,364.4705,75.2206,1.000000,8,0.4375
572,2,14.3462,300.4027,609.5128,115.8881,1.000000,8,1
573,1,337.3694,311.4735,364.4805,75.2246,1.000000,8,0.3125
573,2,13.5265,300.5659,609.1907,115.8185,1.000000,8,1
574,1,337.7568,311.4609,364.4908,75.2286,1.000000,8,0.375
574,2,12.6978,300.7330,608.8773,115.7507,1.000000,8,1
575,1,338.1439,311.4509,364.5010,75.2327,1.000000,8,0.4375
575,2,11.8599,300.9068,608.5723,115.6848,1.000000,8,1
576,1,338.5310,311.4434,364.5109,75.2367,1.000000,8,0.4375
576,2,11.0115,301.0856,608.2770,115.6211,1.000000,8,1
577,1,338.9184,311.4386,364.5203,75.2405,1.000000,8,0.4375
577,2,10.1502,301.2679,607.9942,115.5601,1.000000,8,1
578,1,339.3057,311.4360,364.5293,75.2444,1.000000,8,0.4375
578,2,9.2760,301.4564,607.7230,115.5017,1.000000,8,1
579,1,339.6931,311.4362,364.5378,75.2480,1.000000,8,0.34375
579,2,8.3883,301.6484,607.4644,115.4460,1.000000,8,1
580,1,340.0811,311.4396,364.5452,75.2514,1.000000,8,0.59375
580,2,7.4868,301.8414,607.2183,115.3931,1.000000,8,1
581,1,340.4695,311.4453,364.5522,75.2547,1.000000,8,0.5
581,2,6.5711,302.0387,606.9854,115.3432,1.000000,8,1
582,1,340.8587,311.4533,364.5584,75.2579,1.000000,8,0.375
582,2,5.6413,302.2371,606.7653,115.2961,1.000000,8,1
583,1,341.2482,311.4637,364.5641,75.2610,1.000000,8,0.46875
583,2,4.6970,302.4336,606.5580,115.2517,1.000000,8,1
584,1,341.6377,311.4775,364.5695,75.2639,1.000000,8,0.46875
584,2,3.7391,302.6302,606.3627,115.2100,1.000000,8,1
585,1,342.0280,311.4948,364.5739,75.2667,1.000000,8,0.5
585,2,2.7688,302.8254,606.1786,115.1708,1.000000,8,1
586,1,342.4189,311.5163,364.5778,75.2693,1.000000,8,0.4375
586,2,1.7852,303.0187,606.0066,115.1343,1.000000,8,1
587,1,342.8102,311.5422,364.5815,75.2719,1.000000,8,0.375
587,2,0.7885,303.2106,605.8457,115.1002,1.000000,8,1
588,1,343.2020,311.5719,364.5851,75.2744,1.000000,8,0.4375
588,2,-0.2198,303.4003,605.6942,115.0682,1.000000,8,1
589,1,343.5942,311.6054,364.5881,75.2768,1.000000,8,0.3125
589,2,-1.2386,303.5882,605.5514,115.0381,1.000000,8,1
590,1,343.9865,311.6446,364.5909,75.2792,1.000000,8,0.34375
590,2,-2.2665,303.7791,605.4170,115.0098,1.000000,8,1
591,1,344.3786,311.6889,364.5939,75.2816,1.000000,8,0.59375
591,2,-3.3030,303.9709,605.2901,114.9832,1.000000,8,1
592,1,344.7710,311.7377,364.5967,75.2841,1.000000,8,0.53125
592,2,-4.3478,304.1616,605.1705,114.9583,1.000000,8,1
593,1,345.1633,311.7932,364.6000,75.2865,1.000000,8,0.65625
593,2,-5.3994,304.3551,605.0569,114.9346,1.000000,8,1
594,1,345.5555,311.8541,364.6037,75.2891,1.000000,8,0.53125
594,2,-6.4577,304.5495,604.9489,114.9122,1.000000,8,1
595,1,345.9475,311.9198,364.6078,75.2918,1.000000,8,0.5625
595,2,-7.5227,304.7428,604.8459,114.8907,1.000000,8,1
596,1,346.3386,311.9931,364.6127,75.2947,1.000000,8,0.4375
596,2,-8.5927,304.9386,604.7466,114.8703,1.000000,8,1
597,1,346.7290,312.0728,364.6181,75.2977,1.000000,8,0.46875
597,2,-9.6676,305.1355,604.6509,114.8505,1.000000,8,1
598,1,347.1182,312.1570,364.6246,75.3008,1.000000,8,0.5
598,2,-10.7478,305.3307,604.5588,114.8316,1.000000,8,1
599,1,347.5065,312.2487,364.6317,75.3042,1.000000,8,0.5625
599,2,-11.8333,305.5270,604.4700,114.8134,1.000000,8,1
600,1,347.8941,312.3464,364.6395,75.3077,1.000000,8,0.65625
600,2,-12.9235,305.7226,604.3842,114.7958,1.000000,8,1
601,1,348.2806,312.4496,364.6484,75.3115,1.000000,8,0.6875
601,2,-14.0174,305.9153,604.3004,114.7787,1.000000,8,1
602,1,348.6660,312.5604,364.6581,75.3154,1.000000,8,0.59375
602,2,-15.1151,306.1090,604.2197,114.7623,1.000000,8,1
603,1,349.0504,312.6766,364.6688,75.3196,1.000000,8,0.65625
603,2,-16.2155,306.3018,604.1417,114.7465,1.000000,8,1
604,1,349.4333,312.7971,364.6810,75.3241,1.000000,8,0.5625
604,2,-17.3173,306.4902,604.0648,114.7309,1.000000,8,1
605,1,349.8152,312.9250,364.6936,75.3287,1.000000,8,0.5625
605,2,-18.4227,306.6767,603.9910,114.7160,1.000000,8,1
606,1,350.1964,313.0585,364.7072,75.3335,1.000000,8,0.625
606,2,-19.5303,306.8596,603.9188,114.7015,1.000000,8,1
607,1,350.5768,313.1959,364.7220,75.3385,1.000000,8,0.5625
607,2,-20.6381,307.0370,603.8466,114.6869,1.000000,8,1
608,1,350.9565,313.3399,364.7372,75.3438,1.000000,8,0.375
608,2,-21.7490,307.2120,603.7765,114.6728,1.000000,8,1
609,1,351.3354,313.4883,364.7534,75.3492,1.000000,8,0.46875
609,2,-22.8605,307.3843,603.7067,114.6588,1.000000,8,1
610,1,351.7136,313.6397,364.7708,75.3548,1.000000,8,0.40625
610,2,-23.9713,307.5529,603.6365,114.6447,1.000000,8,1
611,1,352.0909,313.7974,364.7887,75.3606,1.000000,8,0.65625
611,2,-25.0845,307.7206,603.5682,114.6310,1.000000,8,1
612,1,352.4682,313.9595,364.8069,75.3665,1.000000,8,0.625
612,2,-26.1957,307.8872,603.4986,114.6171,1.000000,8,1
613,1,352.8453,314.1243,364.8257,75.3725,1.000000,8,0.5625
613,2,-27.3027,308.0522,603.4260,114.6024,1.000000,8,1
614,1,353.2214,314.2948,364.8452,75.3786,1.000000,8,0.625
614,2,-28.4084,308.2180,603.3525,114.5876,1.000000,8,1
615,1,353.5973,314.4689,364.8647,75.3848,1.000000,8,0.65625
615,2,-29.5113,308.3839,603.2769,114.5723,1.000000,8,1
616,1,353.9731,314.6449,364.8851,75.3911,1.000000,8,0.5625
616,2,-30.6101,308.5496,603.1982,114.5563,1.000000,8,1
617,1,354.3484,314.8256,364.9054,75.3974,1.000000,8,0.53125
617,2,-31.7057,308.7172,603.1171,114.5398,1.000000,8,1
618,1,354.7238,315.0089,364.9259,75.4038,1.000000,8,0.5625
618,2,-32.7964,308.8858,603.0321,114.5224,1.000000,8,1
619,1,355.0992,315.1936,364.9466,75.4103,1.000000,8,0.625
619,2,-33.8813,309.0545,602.9429,114.5042,1.000000,8,1
620,1,355.4741,315.3822,364.9677,75.4168,1.000000,8,0.53125
620,2,-34.9594,309.2263,602.8481,114.4846,1.000000,8,1
621,1,355.8490,315.5728,364.9889,75.4233,1.000000,8,0.6875
621,2,-36.0307,309.3994,602.7478,114.4639,1.000000,8,1
622,1,356.2241,315.7638,365.0100,75.4298,1.000000,8,0.5625
622,2,-37.0946,309.5716,602.6417,114.4419,1.000000,8,1
623,1,356.5985,315.9577,365.0314,75.4364,1.000000,8,0.65625
623,2,-38.1506,309.7462,602.5291,114.4185,1.000000,8,1
624,1,356.9726,316.1527,365.0529,75.4430,1.000000,8,0.5625
624,2,-39.1988,309.9211,602.4100,114.3936,1.000000,8,1
625,1,357.3468,316.3474,365.0745,75.4496,1.000000,8,0.71875
625,2,-40.2380,310.0944,602.2837,114.3671,1.000000,8,1
626,1,357.7203,316.5441,365.0961,75.4563,1.000000,8,0.625
626,2,-41.2683,310.2698,602.1500,114.3391,1.000000,8,1
627,1,358.0932,316.7414,365.1180,75.4629,1.000000,8,0.625
627,2,-42.2889,310.4458,602.0086,114.3093,1.000000,8,1
628,1,358.4656,316.9375,365.1399,75.4695,1.000000,8,0.53125
628,2,-43.2981,310.6200,601.8584,114.2776,1.000000,8,1
629,1,358.8376,317.1349,365.1615,75.4762,1.000000,8,0.71875
629,2,-44.2958,310.7964,601.6991,114.2440,1.000000,8,1
630,1,359.2094,317.3322,365.1827,75.4827,1.000000,8,0.5625
630,2,-45.2837,310.9733,601.5321,114.2085,1.000000,8,1
631,1,359.5810,317.5278,365.2039,75.4893,1.000000,8,0.53125
631,2,-46.2633,311.1492,601.3590,114.1718,1.000000,8,1
632,1,359.9509,317.7240,365.2255,75.4959,1.000000,8,0.71875
632,2,-47.2334,311.3286,601.1783,114.1334,1.000000,8,1
633,1,360.3204,317.9195,365.2469,75.5024,1.000000,8,0.78125
633,2,-48.1952,311.5094,600.9914,114.0936,1.000000,8,1
634,1,360.6892,318.1128,365.2684,75.5090,1.000000,8,0.5625
634,2,-49.1494,311.6897,600.7985,114.0526,1.000000,8,1
635,1,361.0564,318.3062,365.2902,75.5156,1.000000,8,0.71875
635,2,-50.0955,311.8747,600.5985,114.0099,1.000000,8,1
636,1,361.4224,318.4985,365.3121,75.5223,1.000000,8,0.8125
636,2,-51.0344,312.0622,600.3923,113.9660,1.000000,8,1
637,1,361.7878,318.6879,365.3342,75.5290,1.000000,8,0.625
637,2,-51.9672,312.2500,600.1811,113.9209,1.000000,8,1
638,1,362.1519,318.8768,365.3561,75.5357,1.000000,8,0.5
638,2,-52.8937,312.4445,599.9644,113.8746,1.000000,8,1
639,1,362.5148,319.0643,365.3784,75.5424,1.000000,8,0.65625
639,2,-53.8148,312.6424,599.7432,113.8273,1.000000,8,1
640,1,362.8772,319.2494,365.4005,75.5491,1.000000,8,0.59375
640,2,-54.7315,312.8411,599.5182,113.7792,1.000000,8,1
641,1,363.2393,319.4334,365.4221,75.5556,1.000000,8,0.75
641,2,-55.6436,313.0471,599.2891,113.7302,1.000000,8,1
642,1,363.6009,319.6156,365.4431,75.5621,1.000000,8,0.5625
642,2,-56.5515,313.2562,599.0565,113.6805,1.000000,8,1
643,1,363.9616,319.7951,365.4914,75.5687,1.000000,8,0.5625
643,2,-57.4556,313.4648,598.8207,113.6300,1.000000,8,1
644,1,364.3220,319.9731,365.5551,75.5751,1.000000,8,0.6875
644,2,-58.3571,313.6799,598.5828,113.5791,1.000000,8,1
645,1,364.6826,320.1494,365.6176,75.5815,1.000000,8,0.65625
645,2,-59.2561,313.8977,598.3430,113.5278,1.000000,8,1
646,1,365.0433,320.3231,365.6801,75.5877,1.000000,8,0.75
646,2,-60.1531,314.1146,598.1016,113.4761,1.000000,8,1
647,1,365.4042,320.4952,365.7420,75.5938,1.000000,8,0.65625
647,2,-61.0492,314.3364,597.8596,113.4243,1.000000,8,1
648,1,365.7651,320.6650,365.8038,75.5999,1.000000,8,0.625
648,2,-61.9453,314.5593,597.6176,113.3725,1.000000,8,1
649,1,366.1255,320.8316,365.8657,75.6061,1.000000,8,0.6875
649,2,-62.8412,314.7809,597.3754,113.3206,1.000000,8,1
650,1,366.4874,320.9967,365.9274,75.6121,1.000000,8,0.78125
650,2,-63.7390,315.0064,597.1345,113.2691,1.000000,8,1
651,1,366.8505,321.1596,365.9886,75.6180,1.000000,8,0.71875
651,2,-64.6385,315.2323,596.8949,113.2179,1.000000,8,1
652,1,367.2154,321.3188,366.0488,75.6237,1.000000,8,0.6875
652,2,-65.5385,315.4566,596.6553,113.1667,1.000000,8,1
653,1,367.5809,321.4760,366.1091,75.6294,1.000000,8,0.8125
653,2,-66.4414,315.6855,596.4186,113.1161,1.000000,8,1
654,1,367.9471,321.6308,366.1690,75.6350,1.000000,8,0.59375
654,2,-67.3477,315.9157,596.1851,113.0662,1.000000,8,1
655,1,368.3141,321.7821,366.2278,75.6404,1.000000,8,0.78125
655,2,-68.2579,316.1445,595.9548,113.0170,1.000000,8,1
656,1,368.6817,321.9312,366.2864,75.6456,1.000000,8,0.6875
656,2,-69.1734,316.3773,595.7292,112.9688,1.000000,8,1
657,1,369.0500,322.0776,366.3444,75.6508,1.000000,8,0.84375
657,2,-70.0935,316.6113,595.5078,112.9215,1.000000,8,1
658,1,369.4194,322.2209,366.4019,75.6558,1.000000,8,0.78125
658,2,-71.0181,316.8426,595.2902,112.8752,1.000000,8,1
659,1,369.7895,322.3608,366.4590,75.6608,1.000000,8,0.71875
659,2,-71.9491,317.0768,595.0786,112.8301,1.000000,8,1
660,1,370.1604,322.4978,366.5160,75.6657,1.000000,8,0.6875
660,2,-72.8868,317.3114,594.8727,112.7863,1.000000,8,1
661,1,370.5324,322.6313,366.5724,75.6704,1.000000,8,0.71875
661,2,-73.8316,317.5432,594.6723,112.7437,1.000000,8,1
662,1,370.9057,322.7607,366.6282,75.6751,1.000000,8,0.78125
662,2,-74.7840,317.7762,594.4783,112.7025,1.000000,8,1
663,1,371.2796,322.8865,366.6844,75.6797,1.000000,8,0.71875
663,2,-75.7439,318.0081,594.2905,112.6627,1.000000,8,1
664,1,371.6541,323.0088,366.7409,75.6844,1.000000,8,0.71875
664,2,-76.7117,318.2374,594.1086,112.6241,1.000000,8,1
665,1,372.0303,323.1281,366.7967,75.6891,1.000000,8,0.75
665,2,-77.6881,318.4670,593.9336,112.5870,1.000000,8,1
666,1,372.4073,323.2438,366.8528,75.6936,1.000000,8,0.78125
666,2,-78.6738,318.6945,593.7659,112.5516,1.000000,8,1
667,1,372.7853,323.3544,366.9086,75.6982,1.000000,8,0.9375
667,2,-79.6697,318.9174,593.6057,112.5178,1.000000,8,1
668,1,373.1640,323.4612,366.9652,75.7028,1.000000,8,0.8125
668,2,-80.6744,319.1401,593.4525,112.4856,1.000000,8,1
669,1,373.5436,323.5642,367.0217,75.7074,1.000000,8,0.65625
669,2,-81.6878,319.3606,593.3063,112.4548,1.000000,8,1
670,1,373.9237,323.6628,367.0789,75.7122,1.000000,8,0.75
670,2,-82.7122,319.5754,593.1686,112.4260,1.000000,8,1
671,1,374.3050,323.7578,367.1360,75.7169,1.000000,8,0.78125
671,2,-83.7457,319.7875,593.0388,112.3989,1.000000,8,1
672,1,374.6867,323.8489,367.1937,75.7217,1.000000,8,0.84375
672,2,-84.7878,319.9957,592.9165,112.3734,1.000000,8,1
673,1,375.0685,323.9358,367.2521,75.7268,1.000000,8,0.84375
673,2,-85.8393,320.1974,592.8018,112.3496,1.000000,8,1
674,1,375.4512,324.0186,367.3112,75.7319,1.000000,8,0.75
674,2,-86.8993,320.3932,592.6942,112.3273,1.000000,8,1
675,1,375.8345,324.0978,367.3703,75.7369,1.000000,8,0.875
675,2,-87.9667,320.5825,592.5926,112.3064,1.000000,8,1
676,1,376.2174,324.1734,367.4303,75.7422,1.000000,8,0.75
676,2,-89.0424,320.7636,592.4975,112.2868,1.000000,8,1
677,1,376.6015,324.2456,367.4907,75.7476,1.000000,8,0.78125
677,2,-90.1253,320.9397,592.4082,112.2686,1.000000,8,1
678,1,376.9859,324.3147,367.5522,75.7532,1.000000,8,0.8125
678,2,-91.2152,321.1096,592.3246,112.2516,1.000000,8,1
679,1,377.3703,324.3800,367.6153,75.7590,1.000000,8,0.875
679,2,-92.3125,321.2713,592.2463,112.2358,1.000000,8,1
680,1,377.7559,324.4417,367.6792,75.7651,1.000000,8,0.90625
680,2,-93.4155,321.4262,592.1729,112.2210,1.000000,8,1
681,1,378.1417,324.5003,367.7445,75.7714,1.000000,8,0.71875
681,2,-94.5232,321.5744,592.1031,112.2071,1.000000,8,1
682,1,378.5275,324.5555,367.8111,75.7780,1.000000,8,0.78125
682,2,-95.6335,321.7151,592.0359,112.1937,1.000000,8,1
683,1,378.9138,324.6085,367.8792,75.7849,1.000000,8,0.90625
683,2,-96.7488,321.8489,591.9728,112.1811,1.000000,8,1
684,1,379.3001,324.6593,367.9481,75.7920,1.000000,8,0.9375
684,2,-97.8664,321.9759,591.9115,112.1690,1.000000,8,1
685,1,379.6859,324.7068,368.0188,75.7994,1.000000,8,0.84375
685,2,-98.9834,322.0950,591.8505,112.1570,1.000000,8,1
686,1,380.0713,324.7519,368.0910,75.8071,1.000000,8,0.75
686,2,-100.1012,322.2070,591.7916,112.1454,1.000000,8,1
687,1,380.4559,324.7946,368.1648,75.8152,1.000000,8,0.875
687,2,-101.2177,322.3127,591.7336,112.1340,1.000000,8,1
688,1,380.8399,324.8348,368.2396,75.8235,1.000000,8,0.90625
688,2,-102.3334,322.4121,591.6767,112.1228,1.000000,8,1
689,1,381.2234,324.8728,368.3156,75.8321,1.000000,8,0.90625
689,2,-103.4492,322.5022,591.6208,112.1119,1.000000,8,1
690,1,381.6061,324.9086,368.3927,75.8409,1.000000,8,0.90625
690,2,-104.5641,322.5829,591.5649,112.1009,1.000000,8,1
691,1,381.9875,324.9424,368.4713,75.8500,1.000000,8,0.875
691,2,-105.6754,322.6541,591.5070,112.0895,1.000000,8,1
692,1,382.3679,324.9742,368.5512,75.8594,1.000000,8,0.84375
692,2,-106.7865,322.7163,591.4494,112.0782,1.000000,8,1
693,1,382.7470,325.0044,368.6323,75.8691,1.000000,8,1
693,2,-107.8963,322.7713,591.3914,112.0668,1.000000,8,1
694,1,383.1248,325.0332,368.7142,75.8789,1.000000,8,0.90625
694,2,-109.0035,322.8188,591.3320,112.0551,1.000000,8,1
695,1,383.5008,325.0603,368.7972,75.8891,1.000000,8,0.96875
695,2,-110.1072,322.8579,591.2707,112.0429,1.000000,8,1
696,1,383.8753,325.0860,368.8813,75.8994,1.000000,8,0.875
696,2,-111.2077,322.8902,591.2076,112.0305,1.000000,8,1
697,1,384.2487,325.1100,368.9660,75.9100,1.000000,8,0.875
697,2,-112.3058,322.9147,591.1432,112.0177,1.000000,8,1
698,1,384.6205,325.1327,369.0519,75.9208,1.000000,8,0.9375
698,2,-113.3990,322.9331,591.0764,112.0043,1.000000,8,1
699,1,384.9911,325.1543,369.1387,75.9318,1.000000,8,0.90625
699,2,-114.4871,322.9469,591.0066,111.9903,1.000000,8,1
700,1,385.3596,325.1751,369.2273,75.9432,1.000000,8,0.9375
700,2,-115.5707,322.9548,590.9341,111.9757,1.000000,8,1
701,1,385.7271,325.1960,369.3165,75.9547,1.000000,8,0.875
701,2,-116.6488,322.9558,590.8588,111.9605,1.000000,8,1
702,1,386.0929,325.2159,369.4067,75.9665,1.000000,8,0.90625
702,2,-117.7215,322.9511,590.7808,111.9447,1.000000,8,1
703,1,386.4563,325.2347,369.4980,75.9785,1.000000,8,0.96875
703,2,-118.7889,322.9396,590.6996,111.9282,1.000000,8,1
704,1,386.8180,325.2544,369.5907,75.9909,1.000000,8,0.96875
704,2,-119.8518,322.9204,590.6160,111.9112,1.000000,8,1
705,1,387.1777,325.2751,369.6846,76.0035,1.000000,8,0.875
705,2,-120.9096,322.8952,590.5291,111.8934,1.000000,8,1
706,1,387.5352,325.2964,369.7792,76.0165,1.000000,8,0.84375
706,2,-121.9603,322.8640,590.4374,111.8747,1.000000,8,1
707,1,387.8901,325.3185,369.8757,76.0297,1.000000,8,0.96875
707,2,-123.0068,322.8247,590.3424,111.8551,1.000000,8,1
708,1,388.2432,325.3411,369.9733,76.0432,1.000000,8,1
708,2,-124.0479,322.7792,590.2437,111.8348,1.000000,8,1
709,1,388.5949,325.3643,370.0714,76.0569,1.000000,8,0.96875
709,2,-125.0826,322.7277,590.1407,111.8136,1.000000,8,1
710,1,388.9445,325.3894,370.1715,76.0710,1.000000,8,0.9375
710,2,-126.1126,322.6682,590.0348,111.7917,1.000000,8,1
711,1,389.2923,325.4155,370.2728,76.0853,1.000000,8,0.90625
711,2,-127.1375,322.6022,589.9257,111.7690,1.000000,8,1
712,1,389.6385,325.4420,370.3746,76.0998,1.000000,8,0.9375
712,2,-128.1558,322.5310,589.8125,111.7455,1.000000,8,1
713,1,389.9834,325.4705,370.4780,76.1147,1.000000,8,0.90625
713,2,-129.1695,322.4523,589.6968,111.7215,1.000000,8,1
714,1,390.3270,325.5000,370.5825,76.1298,1.000000,8,0.96875
714,2,-130.1777,322.3676,589.5779,111.6967,1.000000,8,1
715,1,390.6695,325.5301,370.6876,76.1451,1.000000,8,1
715,2,-131.1790,322.2783,589.4550,111.6711,1.000000,8,1
716,1,391.0112,325.5622,370.7937,76.1605,1.000000,8,1
716,2,-132.1748,322.1825,589.3292,111.6448,1.000000,8,1
717,1,391.3522,325.5948,370.9003,76.1761,1.000000,8,0.9375
717,2,-133.1654,322.0818,589.2006,111.6180,1.000000,8,1
718,1,391.6919,325.6269,371.0084,76.1919,1.000000,8,0.9375
718,2,-134.1501,321.9767,589.0685,111.5903,1.000000,8,1
719,1,392.0306,325.6608,371.1172,76.2080,1.000000,8,1
719,2,-135.1328,321.8641,588.9344,111.5623,1.000000,8,1
720,1,392.3688,325.6951,371.2268,76.2243,1.000000,8,0.96875
720,2,-136.1133,321.7464,588.7982,111.5337,1.000000,8,1
721,1,392.7067,325.7282,371.3375,76.2407,1.000000,8,1
721,2,-137.0905,321.6259,588.6584,111.5044,1.000000,8,1
722,1,393.0432,325.7617,371.4486,76.2573,1.000000,8,0.96875
722,2,-138.0668,321.5021,588.5175,111.4748,1.000000,8,1
723,1,393.3790,325.7950,371.5605,76.2740,1.000000,8,1
723,2,-139.0406,321.3778,588.3749,111.4449,1.000000,8,1
724,1,393.7140,325.8269,371.6725,76.2908,1.000000,8,0.90625
724,2,-140.0115,321.2544,588.2305,111.4146,1.000000,8,1
725,1,394.0481,325.8587,371.7854,76.3078,1.000000,8,1
725,2,-140.9817,321.1286,588.0860,111.3842,1.000000,8,1
726,1,394.3811,325.8899,371.8988,76.3249,1.000000,8,0.96875
726,2,-141.9498,321.0019,587.9407,111.3537,1.000000,8,1
727,1,394.7131,325.9195,372.0124,76.3420,1.000000,8,0.9375
727,2,-142.9147,320.8748,587.7938,111.3229,1.000000,8,1
728,1,395.0435,325.9474,372.1269,76.3594,1.000000,8,0.96875
728,2,-143.8791,320.7436,587.6470,111.2920,1.000000,8,1
729,1,395.3727,325.9732,372.2420,76.3769,1.000000,8,0.96875
729,2,-144.8423,320.6101,587.4996,111.2611,1.000000,8,1
730,1,395.7013,325.9964,372.3571,76.3944,1.000000,8,1
730,2,-145.8038,320.4752,587.3516,111.2300,1.000000,8,1
731,1,396.0281,326.0183,372.4733,76.4122,1.000000,8,1
731,2,-146.7648,320.3347,587.2035,111.1988,1.000000,8,1
732,1,396.3539,326.0385,372.5898,76.4301,1.000000,8,0.9375
732,2,-147.7251,320.1911,587.0553,111.1677,1.000000,8,1
733,1,396.6794,326.0567,372.7065,76.4479,1.000000,8,0.96875
733,2,-148.6835,320.0471,586.9064,111.1364,1.000000,8,1
734,1,397.0037,326.0731,372.8242,76.4661,1.000000,8,1
734,2,-149.6420,319.8972,586.7578,111.1052,1.000000,8,1
735,1,397.3280,326.0873,372.9421,76.4843,1.000000,8,0.96875
735,2,-150.5987,319.7446,586.6086,111.0738,1.000000,8,1
736,1,397.6526,326.0988,373.0607,76.5026,1.000000,8,0.96875
736,2,-151.5531,319.5922,586.4588,111.0423,1.000000,8,1
737,1,397.9779,326.1086,373.1809,76.5211,1.000000,8,1
737,2,-152.5073,319.4345,586.3099,111.0110,1.000000,8,1
738,1,398.3039,326.1169,373.3016,76.5399,1.000000,8,1
738,2,-153.4595,319.2752,586.1610,110.9797,1.000000,8,1
739,1,398.6304,326.1232,373.4231,76.5587,1.000000,8,1
739,2,-154.4084,319.1174,586.0121,110.9484,1.000000,8,1
740,1,398.9572,326.1274,373.5454,76.5776,1.000000,8,1
740,2,-155.3555,318.9567,585.8633,110.9171,1.000000,8,1
741,1,399.2847,326.1300,373.6680,76.5967,1.000000,8,1
741,2,-156.3012,318.7963,585.7151,110.8860,1.000000,8,1
742,1,399.6121,326.1309,373.7915,76.6160,1.000000,8,1
742,2,-157.2441,318.6393,585.5669,110.8549,1.000000,8,1
743,1,399.9396,326.1305,373.9153,76.6352,1.000000,8,0.96875
743,2,-158.1860,318.4816,585.4194,110.8239,1.000000,8,1
744,1,400.2679,326.1284,374.0394,76.6545,1.000000,8,1
744,2,-159.1270,318.3268,585.2726,110.7931,1.000000,8,1
745,1,400.5971,326.1244,374.1640,76.6740,1.000000,8,1
745,2,-160.0677,318.1780,585.1270,110.7625,1.000000,8,1
746,1,400.9261,326.1186,374.2888,76.6934,1.000000,8,1
746,2,-161.0081,318.0313,584.9819,110.7320,1.000000,8,1
747,1,401.2555,326.1111,374.4135,76.7128,1.000000,8,1
747,2,-161.9492,317.8889,584.8381,110.7018,1.000000,8,1
748,1,401.5856,326.1014,374.5381,76.7322,1.000000,8,1
748,2,-162.8912,317.7532,584.6958,110.6719,1.000000,8,1
749,1,401.9165,326.0895,374.6624,76.7515,1.000000,8,1
749,2,-163.8347,317.6214,584.5546,110.6423,1.000000,8,1
750,1,402.2476,326.0756,374.7869,76.7708,1.000000,8,1
750,2,-164.7805,317.4951,584.4154,110.6131,1.000000,8,1
751,1,402.5795,326.0593,374.9107,76.7900,1.000000,8,1
751,2,-165.7300,317.3764,584.2793,110.5846,1.000000,8,1
752,1,402.9122,326.0403,375.0342,76.8091,1.000000,8,1
752,2,-166.6827,317.2618,584.1459,110.5567,1.000000,8,1
753,1,403.2455,326.0186,375.1577,76.8281,1.000000,8,1
753,2,-167.6393,317.1519,584.0156,110.5295,1.000000,8,1
754,1,403.5799,325.9941,375.2807,76.8471,1.000000,8,1
754,2,-168.6015,317.0471,583.8896,110.5032,1.000000,8,1
755,1,403.9146,325.9663,375.4035,76.8660,1.000000,8,1
755,2,-169.5679,316.9446,583.7665,110.4775,1.000000,8,1
756,1,404.2504,325.9355,375.5256,76.8848,1.000000,8,1
756,2,-170.5401,316.8445,583.6473,110.4528,1.000000,8,1
757,1,404.5873,325.9012,375.6472,76.9034,1.000000,8,1
757,2,-171.5196,316.7480,583.5332,110.4290,1.000000,8,1
758,1,404.9254,325.8620,375.7683,76.9219,1.000000,8,1
758,2,-172.5066,316.6536,583.4236,110.4064,1.000000,8,1
759,1,405.2644,325.8190,375.8888,76.9402,1.000000,8,1
759,2,-173.5017,316.5620,583.3193,110.3848,1.000000,8,1
760,1,405.6042,325.7729,376.0091,76.9585,1.000000,8,1
760,2,-174.5051,316.4742,583.2205,110.3644,1.000000,8,1
761,1,405.9451,325.7217,376.1292,76.9767,1.000000,8,1
761,2,-175.5177,316.3877,583.1272,110.3454,1.000000,8,1
762,1,406.2868,325.6660,376.2491,76.9949,1.000000,8,1
762,2,-176.5395,316.3028,583.0398,110.3275,1.000000,8,1
763,1,406.6299,325.6066,376.3681,77.0128,1.000000,8,1
763,2,-177.5699,316.2197,582.9581,110.3109,1.000000,8,1
764,1,406.9750,325.5423,376.4862,77.0306,1.000000,8,1
764,2,-178.6075,316.1389,582.8815,110.2954,1.000000,8,1
765,1,407.3215,325.4737,376.6036,77.0481,1.000000,8,1
765,2,-179.6522,316.0602,582.8100,110.2810,1.000000,8,1
766,1,407.6693,325.4012,376.7204,77.0655,1.000000,8,1
766,2,-180.7044,315.9828,582.7439,110.2678,1.000000,8,1
767,1,408.0199,325.3239,376.8358,77.0826,1.000000,8,1
767,2,-181.7638,315.9051,582.6825,110.2556,1.000000,8,1
768,1,408.3726,325.2426,376.9500,77.0994,1.000000,8,1
768,2,-182.8300,315.8274,582.6256,110.2444,1.000000,8,1
769,1,408.7270,325.1582,377.0635,77.1159,1.000000,8,1
769,2,-183.9032,315.7501,582.5731,110.2342,1.000000,8,1
770,1,409.0839,325.0692,377.1754,77.1322,1.000000,8,1
770,2,-184.9829,315.6727,582.5245,110.2248,1.000000,8,1
771,1,409.4430,324.9765,377.2862,77.1481,1.000000,8,1
771,2,-186.0693,315.5951,582.4803,110.2164,1.000000,8,1
772,1,409.8044,324.8813,377.3959,77.1638,1.000000,8,1
772,2,-187.1631,315.5175,582.4406,110.2090,1.000000,8,1
773,1,410.1691,324.7814,377.5040,77.1791,1.000000,8,1
773,2,-188.2632,315.4397,582.4047,110.2024,1.000000,8,1
774,1,410.5362,324.6780,377.6108,77.1940,1.000000,8,1
774,2,-189.3690,315.3612,582.3723,110.1965,1.000000,8,1
775,1,410.9052,324.5725,377.7164,77.2087,1.000000,8,1
775,2,-190.4794,315.2820,582.3428,110.1913,1.000000,8,1
776,1,411.2773,324.4635,377.8205,77.2230,1.000000,8,1
776,2,-191.5941,315.2022,582.3162,110.1867,1.000000,8,1
777,1,411.6515,324.3517,377.9237,77.2371,1.000000,8,1
777,2,-192.7122,315.1217,582.2917,110.1826,1.000000,8,1
778,1,412.0269,324.2377,378.0261,77.2511,1.000000,8,1
778,2,-193.8320,315.0407,582.2686,110.1788,1.000000,8,1
779,1,412.4043,324.1206,378.1270,77.2646,1.000000,8,1
779,2,-194.9538,314.9589,582.2471,110.1754,1.000000,8,1
780,1,412.7836,324.0011,378.2263,77.2778,1.000000,8,1
780,2,-196.0771,314.8763,582.2271,110.1722,1.000000,8,1
781,1,413.1637,323.8796,378.3247,77.2908,1.000000,8,1
781,2,-197.2022,314.7927,582.2084,110.1694,1.000000,8,1
782,1,413.5453,323.7551,378.4216,77.3035,1.000000,8,1
782,2,-198.3279,314.7069,582.1901,110.1667,1.000000,8,1
783,1,413.9280,323.6285,378.5172,77.3158,1.000000,8,1
783,2,-199.4540,314.6194,582.1721,110.1640,1.000000,8,1
784,1,414.3116,323.5007,378.6108,77.3279,1.000000,8,1
784,2,-200.5814,314.5311,582.1548,110.1614,1.000000,8,1
785,1,414.6961,323.3697,378.7031,77.3395,1.000000,8,1
785,2,-201.7074,314.4414,582.1366,110.1586,1.000000,8,1
786,1,415.0813,323.2367,378.7935,77.3507,1.000000,8,1
786,2,-202.8315,314.3513,582.1171,110.1556,1.000000,8,1
787,1,415.4672,323.1030,378.8823,77.3616,1.000000,8,1
787,2,-203.9546,314.2616,582.0970,110.1525,1.000000,8,1
788,1,415.8539,322.9671,378.9686,77.3720,1.000000,8,1
788,2,-205.0767,314.1699,582.0763,110.1492,1.000000,8,1
789,1,416.2412,322.8297,379.0530,77.3819,1.000000,8,1
789,2,-206.1959,314.0775,582.0539,110.1455,1.000000,8,1
790,1,416.6291,322.6918,379.1354,77.3915,1.000000,8,1
790,2,-207.3113,313.9857,582.0293,110.1414,1.000000,8,1
791,1,417.0175,322.5520,379.2158,77.4007,1.000000,8,1
791,2,-208.4241,313.8927,582.0031,110.1369,1.000000,8,1
792,1,417.4063,322.4114,379.2941,77.4094,1.000000,8,1
792,2,-209.5330,313.7993,581.9748,110.1320,1.000000,8,1
793,1,417.7954,322.2704,379.3705,77.4176,1.000000,8,1
793,2,-210.6377,313.7068,581.9441,110.1265,1.000000,8,1
794,1,418.1852,322.1279,379.4442,77.4254,1.000000,8,1
794,2,-211.7358,313.6132,581.9100,110.1203,1.000000,8,1
795,1,418.5758,321.9852,379.5154,77.4327,1.000000,8,1
795,2,-212.8273,313.5201,581.8727,110.1134,1.000000,8,1
796,1,418.9674,321.8436,379.5842,77.4394,1.000000,8,1
796,2,-213.9122,313.4284,581.8320,110.1057,1.000000,8,1
797,1,419.3593,321.7016,379.6512,77.4457,1.000000,8,1
797,2,-214.9895,313.3354,581.7871,110.0971,1.000000,8,1
798,1,419.7516,321.5600,379.7164,77.4516,1.000000,8,1
798,2,-216.0596,313.2427,581.7380,110.0876,1.000000,8,1
799,1,420.1449,321.4194,379.7791,77.4571,1.000000,8,1
799,2,-217.1209,313.1526,581.6837,110.0770,1.000000,8,1
800,1,420.5384,321.2793,379.8407,77.4623,1.000000,8,1
800,2,-218.1718,313.0625,581.6234,110.0651,1.000000,8,1
801,1,420.9325,321.1404,379.9006,77.4671,1.000000,8,1
801,2,-219.2133,312.9745,581.5577,110.0519,1.000000,8,1
802,1,421.3279,321.0042,379.9584,77.4715,1.000000,8,1
802,2,-220.2443,312.8907,581.4861,110.0375,1.000000,8,1
803,1,421.7236,320.8691,380.0154,77.4757,1.000000,8,1
803,2,-221.2626,312.8097,581.4073,110.0215,1.000000,8,1
804,1,422.1199,320.7361,380.0712,77.4796,1.000000,8,1
804,2,-222.2684,312.7328,581.3217,110.0040,1.000000,8,1
805,1,422.5178,320.6060,380.1252,77.4833,1.000000,8,1
805,2,-223.2627,312.6617,581.2299,109.9852,1.000000,8,1
806,1,422.9162,320.4784,380.1790,77.4868,1.000000,8,1
806,2,-224.2456,312.5944,581.1319,109.9651,1.000000,8,1
807,1,423.3154,320.3536,380.2322,77.4901,1.000000,8,1
807,2,-225.2177,312.5324,581.0281,109.9436,1.000000,8,1
808,1,423.7154,320.2317,380.2851,77.4934,1.000000,8,1
808,2,-226.1792,312.4770,580.9185,109.9208,1.000000,8,1
809,1,424.1153,320.1123,380.3380,77.4968,1.000000,8,1
809,2,-227.1302,312.4265,580.8026,109.8968,1.000000,8,1
810,1,424.5154,319.9957,380.3911,77.5001,1.000000,8,1
810,2,-228.0737,312.3814,580.6821,109.8717,1.000000,8,1
811,1,424.9165,319.8824,380.4427,77.5031,1.000000,8,1
811,2,-229.0111,312.3430,580.5576,109.8457,1.000000,8,1
812,1,425.3171,319.7717,380.4947,77.5062,1.000000,8,1
812,2,-229.9409,312.3119,580.4281,109.8186,1.000000,8,1
813,1,425.7174,319.6638,380.5471,77.5093,1.000000,8,1
813,2,-230.8644,312.2875,580.2946,109.7907,1.000000,8,1
814,1,426.1179,319.5595,380.5989,77.5124,1.000000,8,1
814,2,-231.7825,312.2694,580.1580,109.7621,1.000000,8,1
815,1,426.5188,319.4577,380.6501,77.5153,1.000000,8,1
815,2,-232.6947,312.2571,580.0178,109.7327,1.000000,8,1
816,1,426.9197,319.3582,380.7014,77.5183,1.000000,8,1
816,2,-233.6018,312.2495,579.8747,109.7027,1.000000,8,1
817,1,427.3202,319.2617,380.7530,77.5213,1.000000,8,1
817,2,-234.5026,312.2456,579.7281,109.6719,1.000000,8,1
818,1,427.7203,319.1673,380.8048,77.5244,1.000000,8,1
818,2,-235.3998,312.2442,579.5795,109.6406,1.000000,8,1
819,1,428.1208,319.0750,380.8558,77.5273,1.000000,8,1
819,2,-236.2918,312.2451,579.4280,109.6088,1.000000,8,1
820,1,428.5213,318.9854,380.9067,77.5302,1.000000,8,1
820,2,-237.1767,312.2480,579.2725,109.5761,1.000000,8,1
821,1,428.9212,318.8978,380.9576,77.5331,1.000000,8,1
821,2,-238.0540,312.2517,579.1128,109.5424,1.000000,8,1
822,1,429.3207,318.8123,381.0088,77.5360,1.000000,8,1
822,2,-238.9262,312.2557,578.9505,109.5082,1.000000,8,1
823,1,429.7205,318.7293,381.0592,77.5388,1.000000,8,1
823,2,-239.7955,312.2595,578.7867,109.4737,1.000000,8,1
824,1,430.1192,318.6482,381.1098,77.5417,1.000000,8,1
824,2,-240.6569,312.2629,578.6187,109.4382,1.000000,8,1
825,1,430.5173,318.5690,381.1611,77.5446,1.000000,8,1
825,2,-241.5132,312.2655,578.4476,109.4021,1.000000,8,1
826,1,430.9156,318.4919,381.2115,77.5475,1.000000,8,1
826,2,-242.3661,312.2672,578.2748,109.3657,1.000000,8,1
827,1,431.3132,318.4164,381.2619,77.5503,1.000000,8,1
827,2,-243.2120,312.2689,578.0984,109.3284,1.000000,8,1
828,1,431.7108,318.3431,381.3118,77.5530,1.000000,8,1
828,2,-244.0518,312.2705,577.9189,109.2904,1.000000,8,1
829,1,432.1081,318.2726,381.3619,77.5558,1.000000,8,1
829,2,-244.8849,312.2717,577.7357,109.2516,1.000000,8,1
830,1,432.5048,318.2035,381.4121,77.5585,1.000000,8,1
830,2,-245.7118,312.2723,577.5496,109.2122,1.000000,8,1
831,1,432.9016,318.1361,381.4617,77.5612,1.000000,8,1
831,2,-246.5337,312.2727,577.3607,109.1722,1.000000,8,1
832,1,433.2978,318.0711,381.5118,77.5640,1.000000,8,1
832,2,-247.3497,312.2726,577.1688,109.1316,1.000000,8,1
833,1,433.6935,318.0078,381.5625,77.5670,1.000000,8,1
833,2,-248.1604,312.2716,576.9739,109.0903,1.000000,8,1
834,1,434.0890,317.9468,381.6136,77.5700,1.000000,8,1
834,2,-248.9667,312.2700,576.7767,109.0485,1.000000,8,1
835,1,434.4845,317.8883,381.6652,77.5730,1.000000,8,1
835,2,-249.7668,312.2673,576.5760,109.0059,1.000000,8,1
836,1,434.8798,317.8315,381.7174,77.5762,1.000000,8,1
836,2,-250.5630,312.2638,576.3727,108.9628,1.000000,8,1
837,1,435.2754,317.7769,381.7694,77.5794,1.000000,8,1
837,2,-251.3554,312.2592,576.1671,108.9193,1.000000,8,1
838,1,435.6711,317.7246,381.8225,77.5829,1.000000,8,1
838,2,-252.1434,312.2534,575.9586,108.8750,1.000000,8,1
839,1,436.0670,317.6746,381.8765,77.5864,1.000000,8,1
839,2,-252.9279,312.2458,575.7474,108.8301,1.000000,8,1
840,1,436.4632,317.6269,381.9310,77.5901,1.000000,8,1
840,2,-253.7090,312.2370,575.5339,108.7849,1.000000,8,1
841,1,436.8598,317.5815,381.9867,77.5940,1.000000,8,1
841,2,-254.4855,312.2272,575.3179,108.7389,1.000000,8,1
842,1,437.2568,317.5379,382.0436,77.5981,1.000000,8,1
842,2,-255.2595,312.2147,575.1000,108.6927,1.000000,8,1
843,1,437.6544,317.4966,382.1014,77.6025,1.000000,8,1
843,2,-256.0307,312.1999,574.8806,108.6461,1.000000,8,1
844,1,438.0524,317.4584,382.1603,77.6070,1.000000,8,1
844,2,-256.7969,312.1831,574.6584,108.5988,1.000000,8,1
845,1,438.4516,317.4217,382.2196,77.6116,1.000000,8,1
845,2,-257.5604,312.1632,574.4348,108.5514,1.000000,8,1
846,1,438.8510,317.3870,382.2804,77.6165,1.000000,8,1
846,2,-258.3198,312.1408,574.2089,108.5033,1.000000,8,1
847,1,439.2505,317.3549,382.3428,77.6217,1.000000,8,1
847,2,-259.0719,312.1165,573.9791,108.4545,1.000000,8,1
848,1,439.6511,317.3246,382.4055,77.6270,1.000000,8,1
848,2,-259.8200,312.0906,573.7473,108.4052,1.000000,8,1
849,1,440.0520,317.2963,382.4691,77.6324,1.000000,8,1
849,2,-260.5637,312.0635,573.5131,108.3554,1.000000,8,1
850,1,440.4532,317.2699,382.5337,77.6380,1.000000,8,1
850,2,-261.3033,312.0363,573.2770,108.3052,1.000000,8,1
851,1,440.8550,317.2450,382.5992,77.6438,1.000000,8,1
851,2,-262.0383,312.0088,573.0386,108.2545,1.000000,8,1
852,1,441.2570,317.2220,382.6651,77.6496,1.000000,8,1
852,2,-262.7681,311.9825,572.7974,108.2032,1.000000,8,1
853,1,441.6589,317.2010,382.7319,77.6557,1.000000,8,1
853,2,-263.4920,311.9599,572.5537,108.1514,1.000000,8,1
854,1,442.0604,317.1813,382.7986,77.6618,1.000000,8,1
854,2,-264.2109,311.9393,572.3073,108.0989,1.000000,8,1
855,1,442.4614,317.1632,382.8658,77.6679,1.000000,8,1
855,2,-264.9240,311.9213,572.0579,108.0459,1.000000,8,1
856,1,442.8621,317.1466,382.9330,77.6741,1.000000,8,1
856,2,-265.6310,311.9077,571.8054,107.9921,1.000000,8,1
857,1,443.2623,317.1310,383.0004,77.6802,1.000000,8,1
857,2,-266.3334,311.8989,571.5502,107.9378,1.000000,8,1
858,1,443.6625,317.1164,383.0673,77.6863,1.000000,8,1
858,2,-267.0306,311.8958,571.2930,107.8830,1.000000,8,1
859,1,444.0622,317.1028,383.1344,77.6925,1.000000,8,1
859,2,-267.7216,311.8997,571.0329,107.8276,1.000000,8,1
860,1,444.4618,317.0900,383.2016,77.6986,1.000000,8,1
860,2,-268.4075,311.9096,570.7705,107.7717,1.000000,8,1
861,1,444.8615,317.0780,383.2682,77.7047,1.000000,8,1
861,2,-269.0874,311.9251,570.5052,107.7152,1.000000,8,1
862,1,445.2609,317.0671,383.3346,77.7108,1.000000,8,1
862,2,-269.7608,311.9462,570.2368,107.6581,1.000000,8,1
863,1,445.6595,317.0570,383.4012,77.7168,1.000000,8,1
863,2,-270.4303,311.9733,569.9663,107.6004,1.000000,8,1
864,1,446.0579,317.0474,383.4673,77.7228,1.000000,8,1
864,2,-271.0947,312.0052,569.6932,107.5423,1.000000,8,1
865,1,446.4561,317.0388,383.5332,77.7287,1.000000,8,1
865,2,-271.7543,312.0413,569.4177,107.4836,1.000000,8,1
866,1,446.8536,317.0310,383.5986,77.7345,1.000000,8,1
866,2,-272.4091,312.0829,569.1399,107.4243,1.000000,8,1
867,1,447.2504,317.0240,383.6640,77.7403,1.000000,8,1
867,2,-273.0581,312.1286,568.8591,107.3645,1.000000,8,1
868,1,447.6467,317.0181,383.7291,77.7462,1.000000,8,1
868,2,-273.7003,312.1777,568.5748,107.3040,1.000000,8,1
869,1,448.0422,317.0126,383.7944,77.7520,1.000000,8,1
869,2,-274.3378,312.2316,568.2883,107.2429,1.000000,8,1
870,1,448.4373,317.0080,383.8595,77.7578,1.000000,8,1
870,2,-274.9697,312.2889,567.9995,107.1813,1.000000,8,1
871,1,448.8316,317.0042,383.9248,77.7637,1.000000,8,1
871,2,-275.5948,312.3493,567.7081,107.1192,1.000000,8,1
872,1,449.2255,317.0010,383.9902,77.7696,1.000000,8,1
872,2,-276.2141,312.4139,567.4152,107.0568,1.000000,8,1
873,1,449.6187,316.9984,384.0561,77.7756,1.000000,8,1
873,2,-276.8279,312.4803,567.1204,106.9939,1.000000,8,1
874,1,450.0114,316.9963,384.1219,77.7816,1.000000,8,1
874,2,-277.4362,312.5477,566.8232,106.9306,1.000000,8,1
875,1,450.4041,316.9949,384.1879,77.7876,1.000000,8,1
875,2,-278.0403,312.6178,566.5242,106.8669,1.000000,8,1
876,1,450.7967,316.9941,384.2539,77.7937,1.000000,8,1
876,2,-278.6409,312.6901,566.2240,106.8029,1.000000,8,1
877,1,451.1891,316.9936,384.3203,77.7998,1.000000,8,1
877,2,-279.2387,312.7642,565.9230,106.7387,1.000000,8,1
878,1,451.5820,316.9929,384.3867,77.8059,1.000000,8,1
878,2,-279.8354,312.8414,565.6218,106.6745,1.000000,8,1
879,1,451.9752,316.9920,384.4531,77.8120,1.000000,8,1
879,2,-280.4301,312.9212,565.3204,106.6103,1.000000,8,1
880,1,452.3688,316.9910,384.5197,77.8182,1.000000,8,1
880,2,-281.0236,313.0031,565.0189,106.5461,1.000000,8,1
881,1,452.7634,316.9897,384.5863,77.8243,1.000000,8,1
881,2,-281.6181,313.0902,564.7190,106.4822,1.000000,8,1
882,1,453.1586,316.9878,384.6528,77.8303,1.000000,8,1
882,2,-282.2138,313.1811,564.4205,106.4186,1.000000,8,1
883,1,453.5549,316.9852,384.7187,77.8363,1.000000,8,1
883,2,-282.8120,313.2739,564.1241,106.3555,1.000000,8,1
884,1,453.9524,316.9819,384.7842,77.8421,1.000000,8,1
884,2,-283.4131,313.3712,563.8303,106.2929,1.000000,8,1
885,1,454.3511,316.9780,384.8493,77.8479,1.000000,8,1
885,2,-284.0169,313.4715,563.5388,106.2309,1.000000,8,1
886,1,454.7506,316.9732,384.9140,77.8535,1.000000,8,1
886,2,-284.6247,313.5739,563.2504,106.1695,1.000000,8,1
887,1,455.1509,316.9672,384.9775,77.8590,1.000000,8,1
887,2,-285.2378,313.6798,562.9656,106.1089,1.000000,8,1
888,1,455.5516,316.9601,385.0402,77.8641,1.000000,8,1
888,2,-285.8560,313.7870,562.6842,106.0491,1.000000,8,1
889,1,455.9523,316.9519,385.1020,77.8691,1.000000,8,1
889,2,-286.4803,313.8931,562.4065,105.9901,1.000000,8,1
890,1,456.3535,316.9429,385.1619,77.8737,1.000000,8,1
890,2,-287.1115,314.0020,562.1332,105.9321,1.000000,8,1
891,1,456.7554,316.9329,385.2203,77.8781,1.000000,8,1
891,2,-287.7476,314.1119,561.8627,105.8746,1.000000,8,1
892,1,457.1582,316.9214,385.2779,77.8822,1.000000,8,1
892,2,-288.3875,314.2210,561.5945,105.8177,1.000000,8,1
893,1,457.5633,316.9085,385.3337,77.8859,1.000000,8,1
893,2,-289.0342,314.3312,561.3304,105.7616,1.000000,8,1
894,1,457.9704,316.8944,385.3878,77.8893,1.000000,8,1
894,2,-289.6866,314.4402,561.0698,105.7063,1.000000,8,1
895,1,458.3788,316.8793,385.4411,77.8925,1.000000,8,1
895,2,-290.3451,314.5468,560.8123,105.6517,1.000000,8,1
896,1,458.7895,316.8629,385.4933,77.8953,1.000000,8,1
896,2,-291.0093,314.6540,560.5582,105.5979,1.000000,8,1
897,1,459.2017,316.8456,385.5447,77.8980,1.000000,8,1
897,2,-291.6784,314.7593,560.3070,105.5446,1.000000,8,1
898,1,459.6154,316.8278,385.5947,77.9004,1.000000,8,1
898,2,-292.3513,314.8613,560.0576,105.4918,1.000000,8,1
899,1,460.0308,316.8099,385.6442,77.9027,1.000000,8,1
899,2,-293.0328,314.9626,559.8134,105.4401,1.000000,8,1
900,1,460.4474,316.7919,385.6934,77.9048,1.000000,8,1
900,2,-293.7213,315.0613,559.5730,105.3892,1.000000,8,1
901,1,460.8648,316.7740,385.7419,77.9069,1.000000,8,1
901,2,-294.4182,315.1558,559.3370,105.3393,1.000000,8,1
902,1,461.2831,316.7570,385.7909,77.9090,1.000000,8,1
902,2,-295.1261,315.2489,559.1072,105.2907,1.000000,8,1
903,1,461.7021,316.7407,385.8397,77.9110,1.000000,8,1
903,2,-295.8439,315.3392,558.8825,105.2432,1.000000,8,1
904,1,462.1212,316.7254,385.8888,77.9131,1.000000,8,1
904,2,-296.5704,315.4253,558.6617,105.1967,1.000000,8,1
905,1,463.2882,316.6906,386.0270,77.9193,1.000000,8,1
905,2,-298.6618,315.6515,558.0817,105.0744,1.000000,8,1
