1,1,642.9603,332.8827,699.5078,126.4131,1.000000,0,1
1,2,297.9711,363.7803,119.8631,50.4303,1.000000,0,1
1,3,86.5829,363.0212,111.1056,54.8481,1.000000,0,1
2,1,642.9603,332.8827,699.5078,126.4131,1.000000,0,1
2,2,297.9711,363.7803,119.8631,50.4303,1.000000,0,1
2,3,86.5829,363.0212,111.1056,54.8481,1.000000,0,1
3,1,642.9603,332.8827,699.5078,126.4131,1.000000,0,1
3,2,297.9711,363.7803,119.8631,50.4303,1.000000,0,1
3,3,86.5829,363.0212,111.1056,54.8481,1.000000,0,1
4,1,642.6483,333.1326,699.4165,126.4056,1.000000,0,1
4,2,299.5408,362.5634,119.8582,50.3482,1.000000,0,1
4,3,88.0136,361.7762,111.1055,54.7776,1.000000,0,1
5,1,642.0527,333.5046,699.2153,126.3865,1.000000,0,1
5,2,300.7475,361.9935,119.8541,50.3155,1.000000,0,1
5,3,89.1965,361.0904,111.1054,54.7442,1.000000,0,1
6,1,641.2228,333.9363,698.9211,126.3575,1.000000,0,1
6,2,301.7039,361.8843,119.8512,50.3180,1.000000,0,1
6,3,90.1009,360.9236,111.1050,54.7446,1.000000,0,1
7,1,640.1796,334.3852,698.5524,126.3210,1.000000,0,1
7,2,302.6093,361.9950,119.8474,50.3379,1.000000,0,1
7,3,90.9422,361.0067,111.1032,54.7614,1.000000,0,1
8,1,638.9834,334.8143,698.1266,126.2787,1.000000,0,1
8,2,303.5262,362.1881,119.8431,50.3646,1.000000,0,1
8,3,91.8031,361.1922,111.0978,54.7841,1.000000,0,1
9,1,637.6627,335.2126,697.6520,126.2311,1.000000,0,1
9,2,304.4641,362.4224,119.8388,50.3949,1.000000,0,1
9,3,92.6913,361.4292,111.0900,54.8098,1.000000,0,1
10,1,636.2319,335.5684,697.1318,126.1785,1.000000,0,1
10,2,305.4250,362.6761,119.8343,50.4271,1.000000,0,1
10,3,93.6064,361.6911,111.0808,54.8368,1.000000,0,1
11,1,634.7261,335.8823,696.5770,126.1218,1.000000,0,1
11,2,306.4019,362.9342,119.8297,50.4599,1.000000,0,1
11,3,94.5441,361.9620,111.0698,54.8640,1.000000,0,1
12,1,633.1592,336.1558,695.9955,126.0618,1.000000,0,1
12,2,307.3913,363.1924,119.8248,50.4927,1.000000,0,1
12,3,95.4994,362.2354,111.0575,54.8908,1.000000,0,1
13,1,631.5388,336.3866,695.3879,125.9987,1.000000,0,1
13,2,308.3901,363.4479,119.8198,50.5254,1.000000,0,1
13,3,96.4689,362.5062,111.0440,54.9171,1.000000,0,1
14,1,629.8832,336.5820,694.7596,125.9329,1.000000,0,1
14,2,309.3945,363.6987,119.8147,50.5577,1.000000,0,1
14,3,97.4497,362.7732,111.0293,54.9427,1.000000,0,1
15,1,628.1984,336.7467,694.1168,125.8651,1.000000,0,1
15,2,310.4034,363.9438,119.8094,50.5896,1.000000,0,1
15,3,98.4399,363.0347,111.0136,54.9674,1.000000,0,1
16,1,626.4887,336.8833,693.4598,125.7954,1.000000,0,1
16,2,311.4158,364.1821,119.8039,50.6209,1.000000,0,1
16,3,99.4389,363.2888,110.9967,54.9912,1.000000,0,1
17,1,624.7604,337.0011,692.7899,125.7240,1.000000,0,1
17,2,312.4313,364.4134,119.7983,50.6516,1.000000,0,1
17,3,100.4443,363.5366,110.9791,55.0142,1.000000,0,1
18,1,623.0169,337.1039,692.1098,125.6511,1.000000,0,1
18,2,313.4494,364.6379,119.7925,50.6817,1.000000,0,1
18,3,101.4545,363.7771,110.9608,55.0364,1.000000,0,1
19,1,621.2606,337.1939,691.4207,125.5768,1.000000,0,1
19,2,314.4699,364.8552,119.7866,50.7112,1.000000,0,1
19,3,102.4694,364.0088,110.9420,55.0577,1.000000,0,1
20,1,619.4984,337.2782,690.7244,125.5013,1.000000,0,1
20,2,315.4926,365.0649,119.7805,50.7400,1.000000,0,1
20,3,103.4881,364.2327,110.9225,55.0782,1.000000,0,1
21,1,617.7314,337.3586,690.0225,125.4249,1.000000,0,1
21,2,316.5176,365.2674,119.7742,50.7682,1.000000,0,1
21,3,104.5090,364.4484,110.9029,55.0981,1.000000,0,1
22,1,615.9602,337.4370,689.3137,125.3473,1.000000,0,1
22,2,317.5441,365.4618,119.7679,50.7957,1.000000,0,1
22,3,105.5315,364.6544,110.8832,55.1172,1.000000,0,1
23,1,614.1876,337.5167,688.5999,125.2688,1.000000,0,1
23,2,318.5724,365.6487,119.7615,50.8227,1.000000,0,1
23,3,106.5540,364.8522,110.8635,55.1357,1.000000,0,1
24,1,612.4133,337.5972,687.8829,125.1896,1.000000,0,1
24,2,319.6022,365.8282,119.7551,50.8489,1.000000,0,1
24,3,107.5754,365.0417,110.8438,55.1538,1.000000,0,1
25,1,610.6373,337.6780,687.1623,125.1098,1.000000,0,1
25,2,320.6331,365.9993,119.7487,50.8746,1.000000,0,1
25,3,108.5948,365.2214,110.8247,55.1711,1.000000,0,1
26,1,608.8613,337.7619,686.4382,125.0294,1.000000,0,1
26,2,321.6681,366.1598,119.7423,50.8994,1.000000,0,1
26,3,109.6302,365.3716,110.8056,55.1868,1.000000,0,1
27,1,607.0848,337.8477,685.7108,124.9482,1.000000,0,1
27,2,322.7385,366.2787,119.7357,50.9213,1.000000,0,1
27,3,110.7051,365.4661,110.7869,55.1991,1.000000,0,1
28,1,605.3073,337.9337,684.9794,124.8662,1.000000,0,1
28,2,323.8365,366.3606,119.7292,50.9403,1.000000,0,1
28,3,111.7783,365.5454,110.7687,55.2105,1.000000,0,1
29,1,603.5294,338.0212,684.2478,124.7842,1.000000,0,1
29,2,324.9236,366.4443,119.7228,50.9595,1.000000,0,1
29,3,112.8345,365.6265,110.7513,55.2223,1.000000,0,1
30,1,601.7509,338.1088,683.5150,124.7018,1.000000,0,1
30,2,325.9973,366.5334,119.7165,50.9789,1.000000,0,1
30,3,113.8812,365.7040,110.7347,55.2340,1.000000,0,1
31,1,599.9722,338.1948,682.7775,124.6187,1.000000,0,1
31,2,327.0748,366.6112,119.7104,50.9976,1.000000,0,1
31,3,114.9264,365.7685,110.7189,55.2453,1.000000,0,1
32,1,598.1940,338.2796,682.0405,124.5355,1.000000,0,1
32,2,328.1645,366.6700,119.7041,51.0149,1.000000,0,1
32,3,115.9713,365.8174,110.7040,55.2558,1.000000,0,1
33,1,596.4171,338.3617,681.3017,124.4518,1.000000,0,1
33,2,329.2468,366.7293,119.6981,51.0321,1.000000,0,1
33,3,117.0052,365.8637,110.6899,55.2665,1.000000,0,1
34,1,594.6416,338.4394,680.5625,124.3680,1.000000,0,1
34,2,330.3232,366.7885,119.6920,51.0493,1.000000,0,1
34,3,118.0301,365.9054,110.6767,55.2771,1.000000,0,1
35,1,592.8685,338.5118,679.8267,124.2847,1.000000,0,1
35,2,331.4139,366.8294,119.6859,51.0650,1.000000,0,1
35,3,119.0568,365.9306,110.6644,55.2871,1.000000,0,1
36,1,591.0970,338.5783,679.0930,124.2017,1.000000,0,1
36,2,332.5006,366.8695,119.6793,51.0806,1.000000,0,1
36,3,120.0745,365.9529,110.6529,55.2972,1.000000,0,1
37,1,589.3267,338.6384,678.3620,124.1190,1.000000,0,1
37,2,333.5818,366.9107,119.6724,51.0960,1.000000,0,1
37,3,121.0821,365.9732,110.6422,55.3073,1.000000,0,1
38,1,587.5573,338.6909,677.6365,124.0373,1.000000,0,1
38,2,334.6795,366.9334,119.6650,51.1099,1.000000,0,1
38,3,122.0910,365.9785,110.6326,55.3170,1.000000,0,1
39,1,585.7886,338.7375,676.9164,123.9563,1.000000,0,1
39,2,335.7718,366.9581,119.6575,51.1237,1.000000,0,1
39,3,123.0922,365.9806,110.6238,55.3268,1.000000,0,1
40,1,584.0203,338.7784,676.2014,123.8764,1.000000,0,1
40,2,336.8591,366.9853,119.6491,51.1373,1.000000,0,1
40,3,124.0849,365.9816,110.6157,55.3367,1.000000,0,1
41,1,582.2519,338.8134,675.4958,123.7980,1.000000,0,1
41,2,337.9675,366.9908,119.6399,51.1491,1.000000,0,1
41,3,125.0797,365.9699,110.6083,55.3460,1.000000,0,1
42,1,580.4839,338.8437,674.7971,123.7209,1.000000,0,1
42,2,339.0695,367.0004,119.6301,51.1608,1.000000,0,1
42,3,126.0678,365.9565,110.6013,55.3555,1.000000,0,1
43,1,578.7160,338.8698,674.1058,123.6450,1.000000,0,1
43,2,340.1644,367.0146,119.6196,51.1726,1.000000,0,1
43,3,127.0487,365.9424,110.5949,55.3651,1.000000,0,1
44,1,576.9473,338.8914,673.4257,123.5712,1.000000,0,1
44,2,341.2843,367.0037,119.6082,51.1821,1.000000,0,1
44,3,128.0327,365.9149,110.5893,55.3742,1.000000,0,1
45,1,575.1786,338.9100,672.7543,123.4988,1.000000,0,1
45,2,342.3961,366.9985,119.5960,51.1917,1.000000,0,1
45,3,129.0098,365.8867,110.5844,55.3834,1.000000,0,1
46,1,573.4104,338.9266,672.0902,123.4278,1.000000,0,1
46,2,343.4983,367.0009,119.5831,51.2015,1.000000,0,1
46,3,129.9797,365.8586,110.5800,55.3929,1.000000,0,1
47,1,571.6413,338.9419,671.4373,123.3588,1.000000,0,1
47,2,344.6277,366.9751,119.5696,51.2090,1.000000,0,1
47,3,130.9531,365.8162,110.5766,55.4019,1.000000,0,1
48,1,569.8724,338.9570,670.7924,123.2911,1.000000,0,1
48,2,345.7478,366.9552,119.5554,51.2165,1.000000,0,1
48,3,131.9191,365.7724,110.5739,55.4111,1.000000,0,1
49,1,568.1030,338.9729,670.1549,123.2249,1.000000,0,1
49,2,346.8562,366.9443,119.5407,51.2245,1.000000,0,1
49,3,132.8766,365.7289,110.5721,55.4206,1.000000,0,1
50,1,566.3328,338.9898,669.5281,123.1605,1.000000,0,1
50,2,347.9925,366.9039,119.5257,51.2301,1.000000,0,1
50,3,133.8364,365.6724,110.5712,55.4297,1.000000,0,1
51,1,564.5626,339.0081,668.9077,123.0973,1.000000,0,1
51,2,349.1170,366.8711,119.5103,51.2362,1.000000,0,1
51,3,134.7886,365.6144,110.5710,55.4391,1.000000,0,1
52,1,562.7924,339.0280,668.2918,123.0349,1.000000,0,1
52,2,350.2273,366.8496,119.4948,51.2429,1.000000,0,1
52,3,135.7328,365.5555,110.5719,55.4486,1.000000,0,1
53,1,561.0209,339.0494,667.6849,122.9740,1.000000,0,1
53,2,351.3654,366.7980,119.4794,51.2476,1.000000,0,1
53,3,136.6806,365.4823,110.5736,55.4577,1.000000,0,1
54,1,559.2496,339.0717,667.0816,122.9138,1.000000,0,1
54,2,352.4902,366.7547,119.4641,51.2527,1.000000,0,1
54,3,137.6189,365.4091,110.5761,55.4672,1.000000,0,1
55,1,557.4784,339.0944,666.4829,122.8544,1.000000,0,1
55,2,353.5985,366.7244,119.4490,51.2589,1.000000,0,1
55,3,138.5460,365.3366,110.5800,55.4771,1.000000,0,1
56,1,555.7062,339.1178,665.8917,122.7963,1.000000,0,1
56,2,354.7323,366.6663,119.4343,51.2632,1.000000,0,1
56,3,139.4753,365.2506,110.5850,55.4868,1.000000,0,1
57,1,553.9343,339.1415,665.3032,122.7387,1.000000,0,1
57,2,355.8529,366.6169,119.4199,51.2683,1.000000,0,1
57,3,140.3961,365.1645,110.5910,55.4969,1.000000,0,1
58,1,552.1638,339.1655,664.7151,122.6811,1.000000,0,1
58,2,356.9580,366.5802,119.4059,51.2743,1.000000,0,1
58,3,141.3078,365.0794,110.5980,55.5074,1.000000,0,1
59,1,550.3932,339.1898,664.1317,122.6242,1.000000,0,1
59,2,358.0875,366.5175,119.3921,51.2787,1.000000,0,1
59,3,142.2212,364.9823,110.6062,55.5176,1.000000,0,1
60,1,548.6237,339.2138,663.5499,122.5677,1.000000,0,1
60,2,359.2021,366.4659,119.3789,51.2841,1.000000,0,1
60,3,143.1266,364.8862,110.6154,55.5284,1.000000,0,1
61,1,546.8560,339.2375,662.9684,122.5111,1.000000,0,1
61,2,360.3008,366.4278,119.3663,51.2905,1.000000,0,1
61,3,144.0233,364.7932,110.6256,55.5399,1.000000,0,1
62,1,545.0898,339.2612,662.3892,122.4548,1.000000,0,1
62,2,361.4238,366.3657,119.3540,51.2955,1.000000,0,1
62,3,144.9202,364.6932,110.6372,55.5515,1.000000,0,1
63,1,543.3258,339.2848,661.8108,122.3985,1.000000,0,1
63,2,362.5338,366.3147,119.3421,51.3015,1.000000,0,1
63,3,145.8086,364.5987,110.6500,55.5641,1.000000,0,1
64,1,541.5645,339.3076,661.2319,122.3421,1.000000,0,1
64,2,363.6294,366.2781,119.3308,51.3087,1.000000,0,1
64,3,146.6917,364.5099,110.6635,55.5774,1.000000,0,1
65,1,539.8058,339.3300,660.6541,122.2858,1.000000,0,1
65,2,364.7452,366.2249,119.3200,51.3149,1.000000,0,1
65,3,147.5784,364.4196,110.6775,55.5909,1.000000,0,1
66,1,538.0490,339.3519,660.0790,122.2296,1.000000,0,1
66,2,365.8495,366.1847,119.3094,51.3223,1.000000,0,1
66,3,148.4622,364.3362,110.6918,55.6050,1.000000,0,1
67,1,536.2941,339.3735,659.5045,122.1738,1.000000,0,1
67,2,366.9424,366.1582,119.2991,51.3308,1.000000,0,1
67,3,149.3443,364.2598,110.7063,55.6197,1.000000,0,1
68,1,534.5414,339.3954,658.9304,122.1178,1.000000,0,1
68,2,368.0533,366.1177,119.2892,51.3386,1.000000,0,1
68,3,150.2335,364.1839,110.7206,55.6346,1.000000,0,1
69,1,532.7909,339.4181,658.3571,122.0618,1.000000,0,1
69,2,369.1542,366.0879,119.2797,51.3473,1.000000,0,1
69,3,151.1235,364.1147,110.7349,55.6498,1.000000,0,1
70,1,531.0430,339.4414,657.7830,122.0055,1.000000,0,1
70,2,370.2437,366.0704,119.2706,51.3571,1.000000,0,1
70,3,152.0139,364.0538,110.7489,55.6656,1.000000,0,1
71,1,529.2980,339.4653,657.2090,121.9492,1.000000,0,1
71,2,371.3466,366.0427,119.2619,51.3663,1.000000,0,1
71,3,152.9119,363.9965,110.7624,55.6814,1.000000,0,1
72,1,527.5562,339.4903,656.6351,121.8927,1.000000,0,1
72,2,372.4436,366.0215,119.2535,51.3762,1.000000,0,1
72,3,153.8127,363.9467,110.7755,55.6977,1.000000,0,1
73,1,525.8170,339.5167,656.0627,121.8363,1.000000,0,1
73,2,373.5313,366.0094,119.2456,51.3870,1.000000,0,1
73,3,154.7178,363.9040,110.7880,55.7142,1.000000,0,1
74,1,524.0825,339.5436,655.4875,121.7793,1.000000,0,1
74,2,374.6248,365.9933,119.2383,51.3978,1.000000,0,1
74,3,155.6315,363.8639,110.7999,55.7308,1.000000,0,1
75,1,522.3517,339.5707,654.9119,121.7222,1.000000,0,1
75,2,375.7155,365.9798,119.2314,51.4089,1.000000,0,1
75,3,156.5480,363.8310,110.8112,55.7476,1.000000,0,1
76,1,520.6248,339.5989,654.3374,121.6649,1.000000,0,1
76,2,376.8009,365.9705,119.2251,51.4206,1.000000,0,1
76,3,157.4678,363.8046,110.8220,55.7647,1.000000,0,1
77,1,518.9030,339.6266,653.7623,121.6073,1.000000,0,1
77,2,377.8843,365.9635,119.2195,51.4328,1.000000,0,1
77,3,158.3951,363.7809,110.8321,55.7816,1.000000,0,1
78,1,517.1858,339.6538,653.1873,121.5497,1.000000,0,1
78,2,378.9674,365.9560,119.2141,51.4451,1.000000,0,1
78,3,159.3257,363.7623,110.8416,55.7987,1.000000,0,1
79,1,515.4731,339.6812,652.6131,121.4921,1.000000,0,1
79,2,380.0494,365.9477,119.2094,51.4576,1.000000,0,1
79,3,160.2594,363.7491,110.8506,55.8161,1.000000,0,1
80,1,513.7652,339.7074,652.0385,121.4342,1.000000,0,1
80,2,381.1234,365.9462,119.2052,51.4708,1.000000,0,1
80,3,161.1971,363.7394,110.8592,55.8335,1.000000,0,1
81,1,512.0611,339.7338,651.4653,121.3763,1.000000,0,1
81,2,382.1973,365.9432,119.2017,51.4841,1.000000,0,1
81,3,162.1370,363.7331,110.8674,55.8510,1.000000,0,1
82,1,510.3607,339.7612,650.8942,121.3186,1.000000,0,1
82,2,383.2724,365.9369,119.1987,51.4976,1.000000,0,1
82,3,163.0800,363.7292,110.8752,55.8685,1.000000,0,1
83,1,508.6630,339.7876,650.3218,121.2606,1.000000,0,1
83,2,384.3383,365.9375,119.1963,51.5117,1.000000,0,1
83,3,164.0243,363.7291,110.8824,55.8861,1.000000,0,1
84,1,506.9686,339.8150,649.7494,121.2025,1.000000,0,1
84,2,385.4042,365.9366,119.1943,51.5259,1.000000,0,1
84,3,164.9711,363.7297,110.8893,55.9036,1.000000,0,1
85,1,505.2773,339.8451,649.1793,121.1447,1.000000,0,1
85,2,386.4735,365.9307,119.1929,51.5399,1.000000,0,1
85,3,165.9196,363.7310,110.8963,55.9211,1.000000,0,1
86,1,503.5909,339.8760,648.6090,121.0867,1.000000,0,1
86,2,387.5339,365.9310,119.1918,51.5545,1.000000,0,1
86,3,166.8685,363.7342,110.9030,55.9387,1.000000,0,1
87,1,501.9086,339.9084,648.0401,121.0287,1.000000,0,1
87,2,388.5931,365.9311,119.1910,51.5693,1.000000,0,1
87,3,167.8177,363.7393,110.9096,55.9563,1.000000,0,1
88,1,500.2297,339.9429,647.4736,120.9711,1.000000,0,1
88,2,389.6567,365.9261,119.1908,51.5839,1.000000,0,1
88,3,168.7663,363.7473,110.9162,55.9742,1.000000,0,1
89,1,498.5541,339.9772,646.9086,120.9136,1.000000,0,1
89,2,390.7133,365.9268,119.1908,51.5990,1.000000,0,1
89,3,169.7140,363.7590,110.9225,55.9923,1.000000,0,1
90,1,496.8815,340.0113,646.3459,120.8564,1.000000,0,1
90,2,391.7683,365.9286,119.1912,51.6145,1.000000,0,1
90,3,170.6630,363.7718,110.9288,56.0104,1.000000,0,1
91,1,495.2103,340.0450,645.7866,120.7998,1.000000,0,1
91,2,392.8284,365.9267,119.1920,51.6297,1.000000,0,1
91,3,171.6135,363.7855,110.9350,56.0286,1.000000,0,1
92,1,493.5410,340.0759,645.2294,120.7433,1.000000,0,1
92,2,393.8836,365.9310,119.1926,51.6455,1.000000,0,1
92,3,172.5598,363.8058,110.9414,56.0473,1.000000,0,1
93,1,491.8728,340.1047,644.6752,120.6875,1.000000,0,1
93,2,394.9368,365.9388,119.1935,51.6617,1.000000,0,1
93,3,173.5078,363.8280,110.9475,56.0660,1.000000,0,1
94,1,490.2044,340.1321,644.1264,120.6326,1.000000,0,1
94,2,395.9955,365.9432,119.1948,51.6778,1.000000,0,1
94,3,174.4591,363.8516,110.9533,56.0848,1.000000,0,1
95,1,488.5357,340.1548,643.5821,120.5785,1.000000,0,1
95,2,397.0508,365.9536,119.1962,51.6945,1.000000,0,1
95,3,175.4056,363.8864,110.9587,56.1041,1.000000,0,1
96,1,486.8671,340.1737,643.0423,120.5251,1.000000,0,1
96,2,398.1044,365.9677,119.1982,51.7116,1.000000,0.0625,0.9375
96,3,176.3568,363.9221,110.9637,56.1233,1.000000,0,1
97,1,485.1994,340.1881,642.5063,120.4725,1.000000,0,1
97,2,399.1624,365.9809,119.2004,51.7289,1.000000,0,1
97,3,177.3142,363.9580,110.9683,56.1424,1.000000,0,1
98,1,483.5335,340.1936,641.9748,120.4205,1.000000,0,1
98,2,400.2184,366.0000,119.2027,51.7468,1.000000,0.03125,0.96875
98,3,178.2658,364.0083,110.9725,56.1622,1.000000,0,1
99,1,481.8690,340.1915,641.4484,120.3696,1.000000,0,1
99,2,401.2740,366.0233,119.2052,51.7651,1.000000,0.09375,0.90625
99,3,179.2219,364.0620,110.9757,56.1820,1.000000,0,1
100,1,480.2056,340.1823,640.9291,120.3199,1.000000,0,1
100,2,402.3318,366.0481,119.2079,51.7836,1.000000,0.1875,0.8125
100,3,180.1868,364.1138,110.9786,56.2015,1.000000,0,1
101,1,478.5428,340.1618,640.4159,120.2711,1.000000,0,1
101,2,403.3888,366.0777,119.2111,51.8028,1.000000,0.0625,0.9375
101,3,181.1470,364.1797,110.9806,56.2216,1.000000,0,1
102,1,476.8810,340.1329,639.9087,120.2236,1.000000,0,1
102,2,404.4457,366.1116,119.2147,51.8225,1.000000,0.09375,0.90625
102,3,182.1120,364.2491,110.9819,56.2416,1.000000,0,1
103,1,475.2196,340.0971,639.4088,120.1772,1.000000,0,1
103,2,405.5080,366.1450,119.2185,51.8424,1.000000,0.125,0.875
103,3,183.0871,364.3154,110.9826,56.2612,1.000000,0,1
104,1,473.5583,340.0498,638.9147,120.1320,1.000000,0,1
104,2,406.5679,366.1848,119.2227,51.8630,1.000000,0.09375,0.90625
104,3,184.0575,364.3945,110.9828,56.2814,1.000000,0,1
105,1,471.8975,339.9952,638.4260,120.0878,1.000000,0,1
105,2,407.6271,366.2291,119.2272,51.8841,1.000000,0.125,0.875
105,3,185.0302,364.4781,110.9824,56.3018,1.000000,0,1
106,1,470.2367,339.9362,637.9449,120.0449,1.000000,0,1
106,2,408.6923,366.2714,119.2321,51.9054,1.000000,0.3125,0.6875
106,3,186.0134,364.5582,110.9814,56.3217,1.000000,0,1
107,1,468.5749,339.8707,637.4702,120.0031,1.000000,0,1
107,2,409.7550,366.3210,119.2373,51.9274,1.000000,0.21875,0.78125
107,3,186.9922,364.6502,110.9799,56.3421,1.000000,0,1
108,1,466.9130,339.8030,637.0009,119.9624,1.000000,0,1
108,2,410.8171,366.3748,119.2429,51.9499,1.000000,0.1875,0.8125
108,3,187.9739,364.7455,110.9780,56.3627,1.000000,0,1
109,1,465.2511,339.7354,636.5361,119.9225,1.000000,0,1
109,2,411.8885,366.4234,119.2489,51.9722,1.000000,0.28125,0.71875
109,3,188.9655,364.8372,110.9755,56.3828,1.000000,0,1
110,1,463.5876,339.6660,636.0750,119.8834,1.000000,0,1
110,2,412.9554,366.4799,119.2553,51.9954,1.000000,0.28125,0.71875
110,3,189.9521,364.9398,110.9726,56.4034,1.000000,0,1
111,1,461.9230,339.5981,635.6166,119.8448,1.000000,0,1
111,2,414.0226,366.5394,119.2621,52.0191,1.000000,0.28125,0.71875
111,3,190.9397,365.0461,110.9694,56.4242,1.000000,0,1
112,1,460.2573,339.5340,635.1612,119.8066,1.000000,0,1
112,2,415.0984,366.5934,119.2693,52.0426,1.000000,0.3125,0.6875
112,3,191.9368,365.1458,110.9658,56.4444,1.000000,0,1
113,1,458.5901,339.4714,634.7076,119.7689,1.000000,0,1
113,2,416.1688,366.6559,119.2768,52.0669,1.000000,0.40625,0.59375
113,3,192.9287,365.2541,110.9620,56.4652,1.000000,0,1
114,1,456.9219,339.4103,634.2569,119.7317,1.000000,0,1
114,2,417.2397,366.7201,119.2846,52.0916,1.000000,0.3125,0.6875
114,3,193.9198,365.3658,110.9580,56.4860,1.000000,0,1
115,1,455.2534,339.3503,633.8088,119.6949,1.000000,0,1
115,2,418.3198,366.7777,119.2927,52.1160,1.000000,0.3125,0.6875
115,3,194.9202,365.4689,110.9538,56.5063,1.000000,0,1
116,1,453.5831,339.2898,633.3621,119.6585,1.000000,0,1
116,2,419.3940,366.8439,119.3011,52.1411,1.000000,0.40625,0.59375
116,3,195.9153,365.5789,110.9496,56.5269,1.000000,0,1
117,1,451.9118,339.2294,632.9168,119.6223,1.000000,0,1
117,2,420.4703,366.9107,119.3099,52.1666,1.000000,0.28125,0.71875
117,3,196.9089,365.6913,110.9452,56.5477,1.000000,0,1
118,1,450.2394,339.1693,632.4747,119.5867,1.000000,0,1
118,2,421.5552,366.9710,119.3188,52.1916,1.000000,0.5,0.5
118,3,197.9110,365.7943,110.9408,56.5679,1.000000,0,1
119,1,448.5654,339.1060,632.0336,119.5514,1.000000,0,1
119,2,422.6337,367.0398,119.3279,52.2175,1.000000,0.4375,0.5625
119,3,198.9081,365.9019,110.9363,56.5883,1.000000,0,1
120,1,446.8906,339.0410,631.5944,119.5164,1.000000,0,1
120,2,423.7152,367.1083,119.3372,52.2434,1.000000,0.34375,0.65625
120,3,199.9031,366.0107,110.9321,56.6089,1.000000,0,1
121,1,445.2155,338.9754,631.1578,119.4819,1.000000,0,1
121,2,424.8051,367.1710,119.3466,52.2690,1.000000,0.5625,0.4375
121,3,200.9053,366.1107,110.9279,56.6291,1.000000,0,1
122,1,443.5395,338.9063,630.7222,119.4476,1.000000,0,1
122,2,425.8878,367.2438,119.3560,52.2954,1.000000,0.65625,0.34375
122,3,201.9033,366.2147,110.9240,56.6495,1.000000,0,1
123,1,441.8635,338.8351,630.2886,119.4136,1.000000,0,1
123,2,426.9741,367.3160,119.3654,52.3218,1.000000,0.46875,0.53125
123,3,202.8997,366.3197,110.9202,56.6701,1.000000,0,1
124,1,440.1886,338.7639,629.8585,119.3802,1.000000,0,1
124,2,428.0695,367.3816,119.3746,52.3478,1.000000,0.6875,0.3125
124,3,203.9010,366.4173,110.9164,56.6903,1.000000,0,1
125,1,438.5174,338.6886,629.4308,119.3471,1.000000,0,1
125,2,429.1577,367.4569,119.3837,52.3744,1.000000,0.5625,0.4375
125,3,204.8984,366.5182,110.9130,56.7108,1.000000,0,1
126,1,436.8498,338.6118,629.0068,119.3146,1.000000,0,1
126,2,430.2515,367.5301,119.3929,52.4009,1.000000,0.59375,0.40625
126,3,205.8939,366.6194,110.9096,56.7315,1.000000,0,1
127,1,435.1847,338.5364,628.5872,119.2828,1.000000,0,1
127,2,431.3536,367.5992,119.4015,52.4271,1.000000,0.5625,0.4375
127,3,206.8951,366.7105,110.9066,56.7516,1.000000,0,1
128,1,433.5195,338.4595,628.1702,119.2515,1.000000,0,1
128,2,432.4489,367.6798,119.4099,52.4540,1.000000,0.625,0.375
128,3,207.8911,366.8048,110.9039,56.7720,1.000000,0,1
129,1,431.8545,338.3845,627.7561,119.2207,1.000000,0,1
129,2,433.5518,367.7582,119.4178,52.4806,1.000000,0.75,0.25
129,3,208.8847,366.8987,110.9015,56.7926,1.000000,0,1
130,1,430.1905,338.3148,627.3438,119.1903,1.000000,0,1
130,2,434.6619,367.8343,119.4253,52.5069,1.000000,0.65625,0.34375
130,3,209.8855,366.9820,110.8996,56.8127,1.000000,0,1
131,1,428.5257,338.2508,626.9343,119.1603,1.000000,0,1
131,2,435.7655,367.9226,119.4320,52.5339,1.000000,0.78125,0.21875
131,3,210.8780,367.0696,110.8982,56.8333,1.000000,0,1
132,1,426.8614,338.1945,626.5265,119.1307,1.000000,0,1
132,2,436.8775,368.0085,119.4382,52.5605,1.000000,0.84375,0.15625
132,3,211.8677,367.1559,110.8974,56.8542,1.000000,0,1
133,1,425.1984,338.1473,626.1199,119.1011,1.000000,0,1
133,2,437.9976,368.0909,119.4438,52.5867,1.000000,0.625,0.375
133,3,212.8642,367.2309,110.8972,56.8745,1.000000,0,1
134,1,423.5358,338.1107,625.7136,119.0717,1.000000,0,1
134,2,439.1110,368.1865,119.4483,52.6135,1.000000,0.875,0.125
134,3,213.8518,367.3111,110.8974,56.8955,1.000000,0,1
135,1,421.8744,338.0849,625.3082,119.0423,1.000000,0,1
135,2,440.2325,368.2798,119.4523,52.6400,1.000000,0.8125,0.1875
135,3,214.8387,367.3879,110.8982,56.9165,1.000000,0,1
136,1,420.2151,338.0699,624.9031,119.0129,1.000000,0,1
136,2,441.3628,368.3683,119.4557,52.6658,1.000000,0.8125,0.1875
136,3,215.8310,367.4536,110.8999,56.9372,1.000000,0,1
137,1,418.5569,338.0660,624.4978,118.9835,1.000000,0,1
137,2,442.4860,368.4685,119.4583,52.6923,1.000000,0.78125,0.21875
137,3,216.8122,367.5255,110.9025,56.9587,1.000000,0,1
138,1,416.9006,338.0717,624.0928,118.9539,1.000000,0,1
138,2,443.6170,368.5658,119.4602,52.7183,1.000000,0.875,0.125
138,3,217.7919,367.5948,110.9055,56.9804,1.000000,0,1
139,1,415.2477,338.0861,623.6860,118.9240,1.000000,0,1
139,2,444.7558,368.6578,119.4616,52.7437,1.000000,0.78125,0.21875
139,3,218.7766,367.6538,110.9095,57.0017,1.000000,0,1
140,1,413.5963,338.1102,623.2784,118.8938,1.000000,0,1
140,2,445.8860,368.7605,119.4625,52.7697,1.000000,0.8125,0.1875
140,3,219.7504,367.7194,110.9145,57.0238,1.000000,0,1
141,1,411.9467,338.1423,622.8685,118.8630,1.000000,0,1
141,2,447.0230,368.8584,119.4628,52.7953,1.000000,0.84375,0.15625
141,3,220.7249,367.7805,110.9199,57.0461,1.000000,0,1
142,1,410.2995,338.1816,622.4545,118.8314,1.000000,0,1
142,2,448.1683,368.9489,119.4626,52.8199,1.000000,0.9375,0.0625
142,3,221.7023,367.8343,110.9261,57.0682,1.000000,0,1
143,1,408.6526,338.2297,622.0377,118.7993,1.000000,0,1
143,2,449.3043,369.0481,119.4619,52.8451,1.000000,0.875,0.125
143,3,222.6675,367.8958,110.9333,57.0912,1.000000,0,1
144,1,407.0071,338.2850,621.6178,118.7664,1.000000,0,1
144,2,450.4457,369.1418,119.4608,52.8696,1.000000,0.84375,0.15625
144,3,223.6339,367.9528,110.9412,57.1143,1.000000,0,1
145,1,405.3635,338.3473,621.1938,118.7328,1.000000,0,1
145,2,451.5930,369.2274,119.4596,52.8935,1.000000,0.875,0.125
145,3,224.6029,368.0043,110.9499,57.1375,1.000000,0,1
146,1,403.7219,338.4190,620.7658,118.6983,1.000000,0,1
146,2,452.7293,369.3206,119.4582,52.9178,1.000000,0.71875,0.28125
146,3,225.5615,368.0645,110.9592,57.1616,1.000000,0,1
147,1,402.0822,338.4967,620.3340,118.6630,1.000000,0,1
147,2,453.8706,369.4066,119.4565,52.9414,1.000000,0.875,0.125
147,3,226.5220,368.1222,110.9692,57.1858,1.000000,0,1
148,1,400.4453,338.5781,619.8975,118.6267,1.000000,0,1
148,2,455.0192,369.4816,119.4547,52.9642,1.000000,0.875,0.125
148,3,227.4867,368.1763,110.9795,57.2101,1.000000,0,1
149,1,398.8098,338.6683,619.4592,118.5899,1.000000,0,1
149,2,456.1551,369.5628,119.4528,52.9873,1.000000,0.78125,0.21875
149,3,228.4441,368.2389,110.9903,57.2351,1.000000,0,1
150,1,397.1761,338.7638,619.0174,118.5525,1.000000,0,1
150,2,457.2937,369.6374,119.4508,53.0098,1.000000,0.71875,0.28125
150,3,229.4042,368.3007,111.0014,57.2603,1.000000,0,1
151,1,395.5449,338.8607,618.5707,118.5139,1.000000,0,1
151,2,458.4390,369.7014,119.4487,53.0315,1.000000,0.78125,0.21875
151,3,230.3690,368.3608,111.0126,57.2855,1.000000,0,1
152,1,393.9129,338.9635,618.1197,118.4745,1.000000,0,1
152,2,459.5715,369.7711,119.4465,53.0534,1.000000,0.84375,0.15625
152,3,231.3294,368.4320,111.0238,57.3115,1.000000,0,1
153,1,392.2795,339.0691,617.6658,118.4346,1.000000,0,1
153,2,460.7050,369.8354,119.4443,53.0749,1.000000,0.75,0.25
153,3,232.2940,368.5054,111.0349,57.3377,1.000000,0,1
154,1,390.6452,339.1750,617.2083,118.3939,1.000000,0,1
154,2,461.8452,369.8889,119.4421,53.0956,1.000000,0.96875,0.03125
154,3,233.2656,368.5780,111.0457,57.3637,1.000000,0,1
155,1,389.0113,339.2867,616.7465,118.3524,1.000000,0,1
155,2,462.9735,369.9482,119.4399,53.1166,1.000000,0.71875,0.28125
155,3,234.2374,368.6588,111.0558,57.3902,1.000000,0,1
156,1,387.3782,339.4010,616.2806,118.3102,1.000000,0,1
156,2,464.1012,370.0053,119.4375,53.1373,1.000000,0.8125,0.1875
156,3,235.2141,368.7433,111.0655,57.4166,1.000000,0,1
157,1,385.7456,339.5150,615.8119,118.2672,1.000000,0,1
157,2,465.2369,370.0527,119.4349,53.1572,1.000000,0.78125,0.21875
157,3,236.1971,368.8289,111.0745,57.4429,1.000000,0,1
158,1,384.1150,339.6330,615.3390,118.2234,1.000000,0,1
158,2,466.3612,370.1061,119.4323,53.1776,1.000000,0.8125,0.1875
158,3,237.1825,368.9216,111.0827,57.4694,1.000000,0,1
159,1,382.4863,339.7520,614.8627,118.1788,1.000000,0,1
159,2,467.4844,370.1591,119.4296,53.1977,1.000000,0.78125,0.21875
159,3,238.1735,369.0166,111.0903,57.4957,1.000000,0,1
160,1,380.8602,339.8698,614.3828,118.1334,1.000000,0,1
160,2,468.6172,370.2031,119.4263,53.2170,1.000000,0.71875,0.28125
160,3,239.1706,369.1132,111.0968,57.5218,1.000000,0,1
161,1,379.2372,339.9909,613.8991,118.0872,1.000000,0,1
161,2,469.7396,370.2546,119.4227,53.2367,1.000000,0.8125,0.1875
161,3,240.1698,369.2169,111.1023,57.5479,1.000000,0,1
162,1,377.6169,340.1116,613.4126,118.0403,1.000000,0,1
162,2,470.8619,370.3071,119.4188,53.2563,1.000000,0.84375,0.15625
162,3,241.1768,369.3194,111.1069,57.5736,1.000000,0,1
163,1,376.0003,340.2290,612.9218,117.9925,1.000000,0,1
163,2,471.9922,370.3544,119.4142,53.2753,1.000000,0.90625,0.09375
163,3,242.1893,369.4212,111.1109,57.5989,1.000000,0,1
164,1,374.3884,340.3476,612.4261,117.9436,1.000000,0,1
164,2,473.1151,370.4101,119.4091,53.2946,1.000000,0.78125,0.21875
164,3,243.2018,369.5314,111.1137,57.6242,1.000000,0,1
165,1,372.7808,340.4650,611.9261,117.8936,1.000000,0,1
165,2,474.2395,370.4673,119.4034,53.3139,1.000000,0.9375,0.0625
165,3,244.2214,369.6400,111.1159,57.6492,1.000000,0,1
166,1,371.1771,340.5792,611.4211,117.8426,1.000000,0,1
166,2,475.3737,370.5199,119.3970,53.3326,1.000000,0.78125,0.21875
166,3,245.2472,369.7463,111.1173,57.6738,1.000000,0,1
167,1,369.5760,340.6960,610.9104,117.7903,1.000000,0,1
167,2,476.5016,370.5820,119.3896,53.3515,1.000000,0.90625,0.09375
167,3,246.2722,369.8599,111.1178,57.6984,1.000000,0,1
168,1,367.9767,340.8134,610.3937,117.7368,1.000000,0,1
168,2,477.6314,370.6467,119.3815,53.3703,1.000000,0.84375,0.15625
168,3,247.3025,369.9729,111.1178,57.7227,1.000000,0,1
169,1,366.3795,340.9297,609.8719,117.6820,1.000000,0,1
169,2,478.7711,370.7066,119.3725,53.3886,1.000000,0.8125,0.1875
169,3,248.3383,370.0835,111.1169,57.7465,1.000000,0,1
170,1,364.7876,341.0514,609.3441,117.6261,1.000000,0,1
170,2,479.9043,370.7765,119.3626,53.4071,1.000000,0.65625,0.34375
170,3,249.3725,370.1997,111.1155,57.7704,1.000000,0,1
171,1,363.2003,341.1758,608.8121,117.5691,1.000000,0,1
171,2,481.0390,370.8484,119.3519,53.4255,1.000000,0.8125,0.1875
171,3,250.4115,370.3148,111.1135,57.7940,1.000000,0,1
172,1,361.6182,341.2992,608.2753,117.5110,1.000000,0,1
172,2,482.1843,370.9137,119.3402,53.4430,1.000000,0.71875,0.28125
172,3,251.4559,370.4274,111.1108,57.8171,1.000000,0,1
173,1,360.0432,341.4253,607.7334,117.4518,1.000000,0,1
173,2,483.3228,370.9869,119.3279,53.4608,1.000000,0.78125,0.21875
173,3,252.4988,370.5457,111.1073,57.8401,1.000000,0,1
174,1,358.4733,341.5513,607.1873,117.3915,1.000000,0,1
174,2,484.4642,371.0593,119.3150,53.4782,1.000000,0.75,0.25
174,3,253.5474,370.6614,111.1031,57.8628,1.000000,0,1
175,1,356.9077,341.6743,606.6372,117.3302,1.000000,0,1
175,2,485.6162,371.1227,119.3015,53.4949,1.000000,0.8125,0.1875
175,3,254.6014,370.7731,111.0984,57.8848,1.000000,0,1
176,1,355.3472,341.7984,606.0840,117.2681,1.000000,0,1
176,2,486.7594,371.1938,119.2877,53.5119,1.000000,0.71875,0.28125
176,3,255.6538,370.8889,111.0930,57.9068,1.000000,0,1
177,1,353.7908,341.9210,605.5265,117.2050,1.000000,0,1
177,2,487.9016,371.2651,119.2737,53.5288,1.000000,0.78125,0.21875
177,3,256.7110,371.0020,111.0867,57.9283,1.000000,0,1
178,1,352.2378,342.0393,604.9653,117.1413,1.000000,0,1
178,2,489.0565,371.3235,119.2593,53.5446,1.000000,0.75,0.25
178,3,257.7733,371.1114,111.0800,57.9494,1.000000,0,1
179,1,350.6880,342.1557,604.4020,117.0766,1.000000,0,1
179,2,490.2030,371.3881,119.2448,53.5609,1.000000,0.78125,0.21875
179,3,258.8346,371.2234,111.0726,57.9702,1.000000,0,1
180,1,349.1418,342.2686,603.8343,117.0112,1.000000,0,1
180,2,491.3521,371.4485,119.2303,53.5767,1.000000,0.78125,0.21875
180,3,259.9014,371.3316,111.0645,57.9904,1.000000,0,1
181,1,347.5977,342.3767,603.2629,116.9449,1.000000,0,1
181,2,492.5077,371.4999,119.2157,53.5918,1.000000,0.78125,0.21875
181,3,260.9740,371.4351,111.0554,58.0098,1.000000,0,1
182,1,346.0562,342.4832,602.6877,116.8778,1.000000,0,1
182,2,493.6529,371.5576,119.2011,53.6074,1.000000,0.75,0.25
182,3,262.0469,371.5405,111.0453,58.0289,1.000000,0,1
183,1,344.5166,342.5859,602.1095,116.8099,1.000000,0,1
183,2,494.8035,371.6074,119.1867,53.6224,1.000000,0.84375,0.15625
183,3,263.1253,371.6416,111.0344,58.0473,1.000000,0.03125,0.96875
184,1,342.9789,342.6823,601.5286,116.7414,1.000000,0,1
184,2,495.9622,371.6461,119.1722,53.6366,1.000000,0.75,0.25
184,3,264.2088,371.7365,111.0228,58.0649,1.000000,0,1
185,1,341.4443,342.7749,600.9464,116.6725,1.000000,0,1
185,2,497.1086,371.6914,119.1581,53.6513,1.000000,0.9375,0.0625
185,3,265.2933,371.8299,111.0104,58.0820,1.000000,0.03125,0.96875
186,1,339.9125,342.8620,600.3624,116.6031,1.000000,0,1
186,2,498.2584,371.7298,119.1443,53.6656,1.000000,0.8125,0.1875
186,3,266.3813,371.9193,110.9973,58.0984,1.000000,0.0625,0.9375
187,1,338.3829,342.9424,599.7770,116.5334,1.000000,0,1
187,2,499.4151,371.7580,119.1303,53.6792,1.000000,0.75,0.25
187,3,267.4728,372.0017,110.9835,58.1140,1.000000,0.125,0.875
188,1,336.8561,343.0170,599.1902,116.4633,1.000000,0,1
188,2,500.5652,371.7866,119.1167,53.6927,1.000000,0.78125,0.21875
188,3,268.5665,372.0779,110.9690,58.1288,1.000000,0.0625,0.9375
189,1,335.3312,343.0852,598.6023,116.3929,1.000000,0,1
189,2,501.7181,371.8085,119.1029,53.7058,1.000000,0.78125,0.21875
189,3,269.6617,372.1493,110.9539,58.1429,1.000000,0.09375,0.90625
190,1,333.8074,343.1459,598.0132,116.3220,1.000000,0,1
190,2,502.8743,371.8240,119.0893,53.7183,1.000000,0.84375,0.15625
190,3,270.7583,372.2147,110.9384,58.1564,1.000000,0.1875,0.8125
191,1,332.2846,343.1998,597.4236,116.2510,1.000000,0,1
191,2,504.0286,371.8373,119.0759,53.7308,1.000000,0.8125,0.1875
191,3,271.8576,372.2708,110.9225,58.1690,1.000000,0.1875,0.8125
192,1,330.7619,343.2477,596.8338,116.1800,1.000000,0,1
192,2,505.1841,371.8481,119.0625,53.7430,1.000000,0.75,0.25
192,3,272.9569,372.3218,110.9061,58.1809,1.000000,0.21875,0.78125
193,1,329.2389,343.2889,596.2440,116.1089,1.000000,0,1
193,2,506.3426,371.8558,119.0485,53.7548,1.000000,0.75,0.25
193,3,274.0558,372.3664,110.8895,58.1921,1.000000,0.34375,0.65625
194,1,327.7151,343.3247,595.6545,116.0378,1.000000,0,1
194,2,507.5088,371.8572,119.0339,53.7658,1.000000,0.78125,0.21875
194,3,275.1600,372.3973,110.8724,58.2023,1.000000,0.21875,0.78125
195,1,326.1905,343.3547,595.0656,115.9667,1.000000,0,1
195,2,508.6745,371.8596,119.0189,53.7767,1.000000,0.78125,0.21875
195,3,276.2619,372.4237,110.8550,58.2118,1.000000,0.28125,0.71875
196,1,324.6651,343.3775,594.4774,115.8959,1.000000,0,1
196,2,509.8388,371.8643,119.0031,53.7875,1.000000,0.65625,0.34375
196,3,277.3605,372.4460,110.8373,58.2208,1.000000,0.28125,0.71875
197,1,323.1378,343.3958,593.8912,115.8254,1.000000,0,1
197,2,511.0166,371.8598,118.9868,53.7974,1.000000,0.75,0.25
197,3,278.4659,372.4513,110.8195,58.2286,1.000000,0.53125,0.46875
198,1,321.6096,343.4095,593.3070,115.7552,1.000000,0,1
198,2,512.1954,371.8562,118.9697,53.8071,1.000000,0.875,0.125
198,3,279.5676,372.4521,110.8016,58.2360,1.000000,0.21875,0.78125
199,1,320.0822,343.4176,592.7260,115.6857,1.000000,0,1
199,2,513.3715,371.8570,118.9520,53.8167,1.000000,0.875,0.125
199,3,280.6633,372.4500,110.7836,58.2430,1.000000,0.46875,0.53125
200,1,318.5574,343.4193,592.1487,115.6168,1.000000,0,1
200,2,514.5662,371.8445,118.9335,53.8251,1.000000,0.8125,0.1875
200,3,281.7690,372.4274,110.7656,58.2486,1.000000,0.40625,0.59375
201,1,317.0330,343.4149,591.5759,115.5485,1.000000,0,1
201,2,515.7575,371.8366,118.9144,53.8337,1.000000,0.8125,0.1875
201,3,282.8674,372.4024,110.7477,58.2539,1.000000,0.375,0.625
202,1,315.5085,343.4045,591.0062,115.4809,1.000000,0,1
202,2,516.9437,371.8350,118.8948,53.8425,1.000000,0.84375,0.15625
202,3,283.9569,372.3772,110.7299,58.2591,1.000000,0.46875,0.53125
203,1,313.9823,343.3859,590.4401,115.4140,1.000000,0,1
203,2,518.1552,371.8124,118.8748,53.8496,1.000000,0.90625,0.09375
203,3,285.0600,372.3280,110.7121,58.2627,1.000000,0.5625,0.4375
204,1,312.4547,343.3606,589.8774,115.3477,1.000000,0,1
204,2,519.3604,371.7961,118.8543,53.8568,1.000000,0.9375,0.0625
204,3,286.1559,372.2762,110.6942,58.2660,1.000000,0.46875,0.53125
205,1,310.9264,343.3301,589.3171,115.2819,1.000000,0,1
205,2,520.5563,371.7881,118.8338,53.8648,1.000000,0.8125,0.1875
205,3,287.2405,372.2265,110.6768,58.2695,1.000000,0.5625,0.4375
206,1,309.3961,343.2937,588.7595,115.2166,1.000000,0,1
206,2,521.7844,371.7507,118.8127,53.8704,1.000000,0.8125,0.1875
206,3,288.3393,372.1520,110.6596,58.2715,1.000000,0.46875,0.53125
207,1,307.8651,343.2525,588.2041,115.1517,1.000000,0,1
207,2,523.0013,371.7216,118.7918,53.8766,1.000000,0.90625,0.09375
207,3,289.4282,372.0780,110.6426,58.2735,1.000000,0.4375,0.5625
208,1,306.3345,343.2075,587.6498,115.0870,1.000000,0,1
208,2,524.2038,371.7034,118.7711,53.8836,1.000000,0.84375,0.15625
208,3,290.5057,372.0075,110.6263,58.2759,1.000000,0.5625,0.4375
209,1,304.8023,343.1592,587.0981,115.0228,1.000000,0,1
209,2,525.4434,371.6474,118.7504,53.8879,1.000000,0.75,0.25
209,3,291.6017,371.9087,110.6100,58.2766,1.000000,0.40625,0.59375
210,1,303.2702,343.1090,586.5485,114.9589,1.000000,0,1
210,2,526.6680,371.5999,118.7302,53.8929,1.000000,0.75,0.25
210,3,292.6845,371.8134,110.5945,58.2776,1.000000,0.65625,0.34375
211,1,301.7392,343.0573,586.0009,114.8953,1.000000,0,1
211,2,527.8737,371.5647,118.7106,53.8991,1.000000,0.75,0.25
211,3,293.7522,371.7242,110.5798,58.2793,1.000000,0.65625,0.34375
212,1,300.2091,343.0028,585.4541,114.8318,1.000000,0,1
212,2,529.1212,371.4852,118.6910,53.9020,1.000000,0.78125,0.21875
212,3,294.8413,371.6033,110.5655,58.2793,1.000000,0.65625,0.34375
213,1,298.6809,342.9467,584.9077,114.7684,1.000000,0,1
213,2,530.3480,371.4174,118.6720,53.9060,1.000000,0.875,0.125
213,3,295.9162,371.4869,110.5521,58.2798,1.000000,0.5625,0.4375
214,1,297.1552,342.8903,584.3626,114.7050,1.000000,0,1
214,2,531.5519,371.3647,118.6539,53.9113,1.000000,0.875,0.125
214,3,296.9749,371.3789,110.5393,58.2811,1.000000,0.71875,0.28125
215,1,295.6328,342.8308,583.8187,114.6417,1.000000,0,1
215,2,532.7999,371.2642,118.6362,53.9133,1.000000,0.75,0.25
215,3,298.0537,371.2406,110.5274,58.2808,1.000000,0.71875,0.28125
216,1,294.1137,342.7693,583.2759,114.5785,1.000000,0,1
216,2,534.0251,371.1756,118.6192,53.9164,1.000000,0.9375,0.0625
216,3,299.1191,371.1064,110.5162,58.2810,1.000000,0.78125,0.21875
217,1,292.5985,342.7071,582.7332,114.5152,1.000000,0,1
217,2,535.2249,371.1030,118.6033,53.9209,1.000000,0.84375,0.15625
217,3,300.1691,370.9788,110.5058,58.2820,1.000000,0.75,0.25
218,1,291.0851,342.6417,582.1908,114.4518,1.000000,0,1
218,2,536.4706,370.9806,118.5876,53.9220,1.000000,0.84375,0.15625
218,3,301.2390,370.8203,110.4962,58.2814,1.000000,0.84375,0.15625
219,1,289.5734,342.5736,581.6484,114.3883,1.000000,0,1
219,2,537.6917,370.8722,118.5729,53.9243,1.000000,0.71875,0.28125
219,3,302.2941,370.6670,110.4876,58.2814,1.000000,0.78125,0.21875
220,1,288.0642,342.5038,581.1051,114.3246,1.000000,0,1
220,2,538.8856,370.7824,118.5593,53.9284,1.000000,0.78125,0.21875
220,3,303.3344,370.5207,110.4796,58.2822,1.000000,0.6875,0.3125
221,1,286.5565,342.4318,580.5613,114.2607,1.000000,0,1
221,2,540.1274,370.6420,118.5460,53.9290,1.000000,0.8125,0.1875
221,3,304.3952,370.3452,110.4724,58.2814,1.000000,0.84375,0.15625
222,1,285.0508,342.3577,580.0174,114.1965,1.000000,0,1
222,2,541.3423,370.5184,118.5333,53.9309,1.000000,0.84375,0.15625
222,3,305.4410,370.1774,110.4656,58.2813,1.000000,0.75,0.25
223,1,283.5472,342.2818,579.4738,114.1324,1.000000,0,1
223,2,542.5302,370.4154,118.5218,53.9348,1.000000,0.71875,0.28125
223,3,306.4741,370.0176,110.4596,58.2819,1.000000,0.78125,0.21875
224,1,282.0454,342.2028,578.9305,114.0682,1.000000,0,1
224,2,543.7650,370.2653,118.5106,53.9354,1.000000,0.84375,0.15625
224,3,307.5294,369.8301,110.4536,58.2808,1.000000,0.875,0.125
225,1,280.5463,342.1207,578.3871,114.0039,1.000000,0,1
225,2,544.9728,370.1347,118.5001,53.9376,1.000000,0.71875,0.28125
225,3,308.5720,369.6510,110.4480,58.2804,1.000000,0.78125,0.21875
226,1,279.0504,342.0363,577.8439,113.9395,1.000000,0,1
226,2,546.1539,370.0262,118.4903,53.9417,1.000000,0.75,0.25
226,3,309.6027,369.4820,110.4428,58.2808,1.000000,0.8125,0.1875
227,1,277.5560,341.9481,577.3020,113.8753,1.000000,0,1
227,2,547.3799,369.8731,118.4807,53.9428,1.000000,0.84375,0.15625
227,3,310.6545,369.2894,110.4381,58.2800,1.000000,0.84375,0.15625
228,1,276.0639,341.8562,576.7612,113.8112,1.000000,0,1
228,2,548.5811,369.7380,118.4719,53.9453,1.000000,0.90625,0.09375
228,3,311.6926,369.1078,110.4338,58.2801,1.000000,0.9375,0.0625
229,1,274.5740,341.7603,576.2218,113.7472,1.000000,0,1
229,2,549.7557,369.6246,118.4640,53.9499,1.000000,0.71875,0.28125
229,3,312.7197,368.9361,110.4302,58.2811,1.000000,0.875,0.125
230,1,273.0853,341.6595,575.6843,113.6835,1.000000,0,1
230,2,550.9731,369.4689,118.4567,53.9516,1.000000,0.875,0.125
230,3,313.7686,368.7424,110.4270,58.2810,1.000000,0.78125,0.21875
231,1,271.5976,341.5540,575.1481,113.6199,1.000000,0,1
231,2,552.1654,369.3315,118.4500,53.9549,1.000000,0.78125,0.21875
231,3,314.8043,368.5606,110.4242,58.2818,1.000000,0.84375,0.15625
232,1,270.1090,341.4432,574.6136,113.5568,1.000000,0,1
232,2,553.3317,369.2160,118.4445,53.9603,1.000000,0.8125,0.1875
232,3,315.8298,368.3891,110.4219,58.2836,1.000000,0.90625,0.09375
233,1,268.6182,341.3272,574.0809,113.4939,1.000000,0,1
233,2,554.5371,369.0628,118.4395,53.9632,1.000000,0.875,0.125
233,3,316.8780,368.1961,110.4201,58.2843,1.000000,0.84375,0.15625
234,1,267.1263,341.2061,573.5494,113.4313,1.000000,0,1
234,2,555.7209,368.9258,118.4353,53.9676,1.000000,0.875,0.125
234,3,317.9127,368.0167,110.4189,58.2862,1.000000,0.8125,0.1875
235,1,265.6344,341.0799,573.0188,113.3689,1.000000,0,1
235,2,556.8796,368.8105,118.4321,53.9740,1.000000,0.71875,0.28125
235,3,318.9366,367.8494,110.4185,58.2893,1.000000,0.78125,0.21875
236,1,264.1414,340.9474,572.4913,113.3070,1.000000,0,1
236,2,558.0718,368.6631,118.4297,53.9785,1.000000,0.8125,0.1875
236,3,319.9803,367.6648,110.4186,58.2917,1.000000,0.6875,0.3125
237,1,262.6478,340.8087,571.9661,113.2456,1.000000,0,1
237,2,559.2429,368.5323,118.4281,53.9845,1.000000,0.875,0.125
237,3,321.0132,367.4909,110.4196,58.2952,1.000000,0.71875,0.28125
238,1,261.1543,340.6647,571.4429,113.1844,1.000000,0,1
238,2,560.3925,368.4208,118.4274,53.9923,1.000000,0.78125,0.21875
238,3,322.0345,367.3288,110.4218,58.3000,1.000000,0.78125,0.21875
239,1,259.6605,340.5128,570.9225,113.1239,1.000000,0,1
239,2,561.5719,368.2823,118.4272,53.9985,1.000000,0.75,0.25
239,3,323.0746,367.1497,110.4245,58.3043,1.000000,0.8125,0.1875
240,1,258.1653,340.3532,570.4066,113.0641,1.000000,0,1
240,2,562.7313,368.1609,118.4279,54.0063,1.000000,0.71875,0.28125
240,3,324.1019,366.9830,110.4283,58.3098,1.000000,0.875,0.125
241,1,256.6689,340.1853,569.8947,113.0052,1.000000,0,1
241,2,563.8698,368.0595,118.4292,54.0158,1.000000,0.875,0.125
241,3,325.1189,366.8268,110.4329,58.3165,1.000000,0.84375,0.15625
242,1,255.1727,340.0064,569.3864,112.9469,1.000000,0,1
242,2,565.0325,367.9382,118.4314,54.0244,1.000000,0.78125,0.21875
242,3,326.1559,366.6535,110.4382,58.3225,1.000000,0.6875,0.3125
243,1,253.6757,339.8181,568.8817,112.8894,1.000000,0,1
243,2,566.1857,367.8265,118.4341,54.0339,1.000000,0.875,0.125
243,3,327.1799,366.4933,110.4442,58.3297,1.000000,0.84375,0.15625
244,1,252.1768,339.6212,568.3822,112.8329,1.000000,0,1
244,2,567.3223,367.7318,118.4373,54.0449,1.000000,0.84375,0.15625
244,3,328.1940,366.3439,110.4509,58.3380,1.000000,0.71875,0.28125
245,1,250.6773,339.4115,567.8870,112.7772,1.000000,0,1
245,2,568.4771,367.6244,118.4410,54.0554,1.000000,0.78125,0.21875
245,3,329.2256,366.1797,110.4584,58.3459,1.000000,0.90625,0.09375
246,1,249.1758,339.1921,567.3977,112.7227,1.000000,0,1
246,2,569.6246,367.5260,118.4454,54.0667,1.000000,0.90625,0.09375
246,3,330.2456,366.0280,110.4666,58.3549,1.000000,0.84375,0.15625
247,1,247.6708,338.9662,566.9160,112.6698,1.000000,0,1
247,2,570.7617,367.4403,118.4498,54.0793,1.000000,0.875,0.125
247,3,331.2562,365.8872,110.4754,58.3650,1.000000,0.71875,0.28125
248,1,246.1644,338.7290,566.4396,112.6179,1.000000,0,1
248,2,571.9134,367.3460,118.4549,54.0915,1.000000,0.75,0.25
248,3,332.2844,365.7322,110.4847,58.3745,1.000000,0.8125,0.1875
249,1,244.6545,338.4854,565.9702,112.5675,1.000000,0,1
249,2,573.0599,367.2596,118.4602,54.1045,1.000000,0.75,0.25
249,3,333.3013,365.5891,110.4946,58.3852,1.000000,0.75,0.25
250,1,243.1389,338.2388,565.5105,112.5191,1.000000,0,1
250,2,574.1979,367.1835,118.4656,54.1183,1.000000,0.90625,0.09375
250,3,334.3093,365.4565,110.5050,58.3968,1.000000,0.8125,0.1875
251,1,241.6196,337.9834,565.0592,112.4726,1.000000,0,1
251,2,575.3454,367.1033,118.4714,54.1321,1.000000,0.84375,0.15625
251,3,335.3323,365.3127,110.5159,58.4080,1.000000,0.875,0.125
252,1,240.0962,337.7249,564.6172,112.4278,1.000000,0,1
252,2,576.4914,367.0273,118.4774,54.1463,1.000000,0.78125,0.21875
252,3,336.3477,365.1791,110.5271,58.4200,1.000000,0.875,0.125
253,1,238.5691,337.4687,564.1837,112.3849,1.000000,0,1
253,2,577.6323,366.9583,118.4835,54.1612,1.000000,0.90625,0.09375
253,3,337.3553,365.0565,110.5385,58.4329,1.000000,0.75,0.25
254,1,237.0386,337.2080,563.7598,112.3439,1.000000,0,1
254,2,578.7816,366.8856,118.4901,54.1761,1.000000,0.8125,0.1875
254,3,338.3780,364.9226,110.5503,58.4454,1.000000,0.78125,0.21875
255,1,235.5044,336.9480,563.3450,112.3048,1.000000,0,1
255,2,579.9286,366.8168,118.4966,54.1913,1.000000,0.78125,0.21875
255,3,339.3909,364.8004,110.5626,58.4589,1.000000,0.8125,0.1875
256,1,233.9642,336.6948,562.9410,112.2681,1.000000,0,1
256,2,581.0723,366.7534,118.5031,54.2068,1.000000,0.75,0.25
256,3,340.3943,364.6895,110.5754,58.4735,1.000000,0.9375,0.0625
257,1,232.4203,336.4428,562.5464,112.2332,1.000000,0,1
257,2,582.2214,366.6866,118.5101,54.2224,1.000000,0.875,0.125
257,3,341.4085,364.5696,110.5890,58.4878,1.000000,0.75,0.25
258,1,230.8713,336.1959,562.1611,112.2004,1.000000,0,1
258,2,583.3704,366.6205,118.5174,54.2383,1.000000,0.9375,0.0625
258,3,342.4160,364.4571,110.6029,58.5031,1.000000,0.875,0.125
259,1,229.3154,335.9588,561.7863,112.1699,1.000000,0,1
259,2,584.5172,366.5582,118.5248,54.2546,1.000000,0.8125,0.1875
259,3,343.4142,364.3547,110.6179,58.5194,1.000000,0.78125,0.21875
260,1,227.7551,335.7245,561.4195,112.1409,1.000000,0,1
260,2,585.6644,366.4987,118.5327,54.2713,1.000000,0.90625,0.09375
260,3,344.4217,364.2440,110.6336,58.5356,1.000000,0.8125,0.1875
261,1,226.1889,335.4968,561.0616,112.1140,1.000000,0,1
261,2,586.8151,366.4386,118.5407,54.2881,1.000000,0.90625,0.09375
261,3,345.4199,364.1420,110.6500,58.5528,1.000000,0.71875,0.28125
262,1,224.6162,335.2817,560.7123,112.0889,1.000000,0,1
262,2,587.9663,366.3806,118.5489,54.3052,1.000000,0.78125,0.21875
262,3,346.4085,364.0506,110.6672,58.5711,1.000000,0.78125,0.21875
263,1,223.0387,335.0719,560.3695,112.0652,1.000000,0,1
263,2,589.1173,366.3275,118.5572,54.3228,1.000000,0.84375,0.15625
263,3,347.4038,363.9527,110.6851,58.5895,1.000000,0.8125,0.1875
264,1,221.4556,334.8707,560.0345,112.0433,1.000000,0,1
264,2,590.2701,366.2764,118.5659,54.3407,1.000000,0.75,0.25
264,3,348.3940,363.8593,110.7040,58.6086,1.000000,0.875,0.125
265,1,219.8669,334.6823,559.7068,112.0229,1.000000,0,1
265,2,591.4239,366.2278,118.5746,54.3590,1.000000,0.75,0.25
265,3,349.3763,363.7739,110.7238,58.6287,1.000000,0.9375,0.0625
266,1,218.2753,334.4982,559.3860,112.0040,1.000000,0,1
266,2,592.5778,366.1846,118.5837,54.3780,1.000000,0.6875,0.3125
266,3,350.3568,363.6889,110.7444,58.6493,1.000000,0.84375,0.15625
267,1,216.6796,334.3198,559.0729,111.9868,1.000000,0,1
267,2,593.7367,366.1411,118.5927,54.3970,1.000000,0.8125,0.1875
267,3,351.3336,363.6065,110.7658,58.6705,1.000000,0.875,0.125
268,1,215.0794,334.1510,558.7671,111.9711,1.000000,0,1
268,2,594.8979,366.0992,118.6024,54.4164,1.000000,0.9375,0.0625
268,3,352.3070,363.5282,110.7882,58.6925,1.000000,0.78125,0.21875
269,1,213.4747,333.9862,558.4693,111.9571,1.000000,0,1
269,2,596.0564,366.0662,118.6122,54.4368,1.000000,0.875,0.125
269,3,353.2739,363.4553,110.8116,58.7154,1.000000,0.84375,0.15625
270,1,211.8651,333.8282,558.1788,111.9447,1.000000,0,1
270,2,597.2205,366.0329,118.6224,54.4573,1.000000,0.90625,0.09375
270,3,354.2394,363.3838,110.8359,58.7389,1.000000,0.75,0.25
271,1,210.2496,333.6794,557.8967,111.9341,1.000000,0,1
271,2,598.3896,365.9992,118.6329,54.4782,1.000000,0.78125,0.21875
271,3,355.2038,363.3138,110.8607,58.7629,1.000000,0.9375,0.0625
272,1,208.6285,333.5339,557.6222,111.9254,1.000000,0,1
272,2,599.5562,365.9741,118.6436,54.4998,1.000000,0.8125,0.1875
272,3,356.1616,363.2503,110.8865,58.7878,1.000000,0.875,0.125
273,1,207.0017,333.3958,557.3557,111.9182,1.000000,0,1
273,2,600.7267,365.9502,118.6550,54.5219,1.000000,0.84375,0.15625
273,3,357.1158,363.1918,110.9133,58.8134,1.000000,0.875,0.125
274,1,205.3700,333.2696,557.0953,111.9125,1.000000,0,1
274,2,601.9023,365.9267,118.6665,54.5443,1.000000,0.71875,0.28125
274,3,358.0682,363.1376,110.9404,58.8397,1.000000,0.875,0.125
275,1,203.7321,333.1513,556.8420,111.9084,1.000000,0,1
275,2,603.0753,365.9110,118.6783,54.5674,1.000000,0.75,0.25
275,3,359.0181,363.0867,110.9683,58.8666,1.000000,0.875,0.125
276,1,202.0897,333.0437,556.5939,111.9054,1.000000,0,1
276,2,604.2519,365.8964,118.6906,54.5910,1.000000,0.78125,0.21875
276,3,359.9670,363.0392,110.9966,58.8941,1.000000,0.90625,0.09375
277,1,200.4424,332.9505,556.3510,111.9036,1.000000,0,1
277,2,605.4345,365.8798,118.7034,54.6148,1.000000,0.78125,0.21875
277,3,360.9159,362.9960,111.0251,58.9220,1.000000,0.8125,0.1875
278,1,198.7897,332.8694,556.1129,111.9030,1.000000,0,1
278,2,606.6132,365.8713,118.7164,54.6393,1.000000,0.78125,0.21875
278,3,361.8628,362.9572,111.0543,58.9505,1.000000,0.84375,0.15625
279,1,197.1326,332.8026,555.8793,111.9033,1.000000,0,1
279,2,607.7953,365.8638,118.7296,54.6640,1.000000,0.59375,0.40625
279,3,362.8091,362.9230,111.0837,58.9796,1.000000,0.84375,0.15625
280,1,195.4713,332.7538,555.6488,111.9045,1.000000,0,1
280,2,608.9831,365.8547,118.7429,54.6888,1.000000,0.6875,0.3125
280,3,363.7557,362.8940,111.1133,59.0093,1.000000,0.8125,0.1875
281,1,193.8065,332.7202,555.4199,111.9059,1.000000,0,1
281,2,610.1656,365.8557,118.7560,54.7144,1.000000,0.6875,0.3125
281,3,364.7022,362.8716,111.1429,59.0394,1.000000,0.84375,0.15625
282,1,192.1397,332.7026,555.1910,111.9077,1.000000,0,1
282,2,611.3500,365.8596,118.8223,54.7402,1.000000,0.71875,0.28125
282,3,365.6487,362.8555,111.1725,59.0701,1.000000,0.84375,0.15625
283,1,190.4695,332.7016,554.9637,111.9096,1.000000,0,1
283,2,612.5436,365.8604,118.9103,54.7657,1.000000,0.59375,0.40625
283,3,366.5964,362.8463,111.2023,59.1014,1.000000,0.9375,0.0625
284,1,188.7973,332.7139,554.7357,111.9115,1.000000,0,1
284,2,613.7318,365.8720,118.9974,54.7918,1.000000,0.4375,0.5625
284,3,367.5462,362.8450,111.2315,59.1331,1.000000,0.96875,0.03125
285,1,187.1233,332.7387,554.5070,111.9134,1.000000,0,1
285,2,614.9213,365.8879,119.0839,54.8180,1.000000,0.46875,0.53125
285,3,368.4975,362.8519,111.2606,59.1653,1.000000,0.875,0.125
286,1,185.4462,332.7759,554.2791,111.9155,1.000000,0,1
286,2,616.1185,365.9027,119.1702,54.8439,1.000000,0.625,0.375
286,3,369.4515,362.8676,111.2892,59.1981,1.000000,0.75,0.25
287,1,183.7674,332.8269,554.0501,111.9174,1.000000,0,1
287,2,617.3110,365.9293,119.2551,54.8702,1.000000,0.40625,0.59375
287,3,370.4095,362.8930,111.3170,59.2313,1.000000,0.8125,0.1875
288,1,182.0867,332.8887,553.8203,111.9192,1.000000,0,1
288,2,618.5046,365.9610,119.3394,54.8967,1.000000,0.5,0.5
288,3,371.3714,362.9283,111.3441,59.2650,1.000000,0.90625,0.09375
289,1,180.4042,332.9597,553.5907,111.9211,1.000000,0,1
289,2,619.7069,365.9900,119.4228,54.9225,1.000000,0.375,0.625
289,3,372.3386,362.9750,111.3703,59.2991,1.000000,0.84375,0.15625
290,1,178.7206,333.0422,553.3606,111.9229,1.000000,0,1
290,2,620.9051,366.0294,119.5045,54.9484,1.000000,0.5,0.5
290,3,373.3135,363.0336,111.3950,59.3333,1.000000,0.9375,0.0625
291,1,177.0375,333.1331,553.1288,111.9244,1.000000,0,1
291,2,622.1026,366.0755,119.5850,54.9744,1.000000,0.40625,0.59375
291,3,374.2959,363.1034,111.4181,59.3679,1.000000,0.90625,0.09375
292,1,175.3557,333.2306,552.9860,111.9254,1.000000,0,1
292,2,623.3074,366.1206,119.6648,55.0000,1.000000,0.53125,0.46875
292,3,375.2855,363.1852,111.4398,59.4027,1.000000,0.875,0.125
293,1,173.6750,333.3367,552.9235,111.9261,1.000000,0,1
293,2,624.5100,366.1721,119.7432,55.0254,1.000000,0.375,0.625
293,3,376.2836,363.2814,111.4597,59.4378,1.000000,0.84375,0.15625
294,1,171.9957,333.4485,552.8600,111.9266,1.000000,0,1
294,2,625.7124,366.2276,119.8205,55.0506,1.000000,0.375,0.625
294,3,377.2906,363.3901,111.4774,59.4728,1.000000,0.875,0.125
295,1,170.3165,333.5656,552.7980,111.9275,1.000000,0,1
295,2,626.9153,366.2859,119.8968,55.0757,1.000000,0.40625,0.59375
295,3,378.3061,363.5107,111.4933,59.5078,1.000000,0.96875,0.03125
296,1,168.6403,333.6923,552.7349,111.9281,1.000000,0,1
296,2,628.1179,366.3459,119.9718,55.1004,1.000000,0.25,0.75
296,3,379.3300,363.6458,111.5071,59.5430,1.000000,0.84375,0.15625
297,1,166.9674,333.8272,552.6688,111.9280,1.000000,0,1
297,2,629.3204,366.4066,120.0461,55.1247,1.000000,0.3125,0.6875
297,3,380.3615,363.7922,111.5192,59.5783,1.000000,0.9375,0.0625
298,1,165.2964,333.9701,552.6010,111.9274,1.000000,0,1
298,2,630.5233,366.4672,120.1204,55.1490,1.000000,0.25,0.75
298,3,381.4005,363.9488,111.5296,59.6135,1.000000,0.8125,0.1875
299,1,163.6281,334.1257,552.5302,111.9262,1.000000,0,1
299,2,631.7266,366.5261,120.1942,55.1730,1.000000,0.21875,0.78125
299,3,382.4472,364.1160,111.5382,59.6488,1.000000,0.90625,0.09375
300,1,161.9638,334.2918,552.4550,111.9240,1.000000,0,1
300,2,632.9306,366.5832,120.2680,55.1968,1.000000,0.1875,0.8125
300,3,383.5009,364.2916,111.5453,59.6839,1.000000,0.8125,0.1875
301,1,160.3045,334.4671,552.3740,111.9204,1.000000,0,1
301,2,634.1350,366.6388,120.3419,55.2204,1.000000,0.34375,0.65625
301,3,384.5613,364.4751,111.5506,59.7189,1.000000,0.84375,0.15625
302,1,158.6498,334.6576,552.2882,111.9157,1.000000,0,1
302,2,635.3399,366.6920,120.4161,55.2439,1.000000,0.15625,0.84375
302,3,385.6279,364.6665,111.5545,59.7538,1.000000,0.78125,0.21875
303,1,156.9994,334.8604,552.1975,111.9099,1.000000,0,1
303,2,636.5452,366.7433,120.4906,55.2675,1.000000,0.21875,0.78125
303,3,386.7002,364.8635,111.5569,59.7883,1.000000,0.9375,0.0625
304,1,155.3533,335.0735,552.1016,111.9029,1.000000,0,1
304,2,637.7506,366.7932,120.5657,55.2911,1.000000,0.125,0.875
304,3,387.7783,365.0649,111.5577,59.8225,1.000000,0.75,0.25
305,1,153.7148,335.3007,551.9976,111.8940,1.000000,0,1
305,2,638.9562,366.8403,120.6412,55.3148,1.000000,0.15625,0.84375
305,3,388.8607,365.2715,111.5573,59.8565,1.000000,0.875,0.125
306,1,152.0815,335.5390,551.8877,111.8838,1.000000,0,1
306,2,640.1622,366.8860,120.7172,55.3384,1.000000,0.09375,0.90625
306,3,389.9466,365.4813,111.5560,59.8902,1.000000,0.8125,0.1875
307,1,150.4519,335.7855,551.7733,111.8725,1.000000,0,1
307,2,641.3685,366.9308,120.7940,55.3623,1.000000,0.0625,0.9375
307,3,391.0355,365.6920,111.5536,59.9236,1.000000,0.8125,0.1875
308,1,148.8294,336.0443,551.6517,111.8596,1.000000,0,1
308,2,642.5751,366.9742,120.8708,55.3861,1.000000,0.0625,0.9375
308,3,392.1268,365.9053,111.5504,59.9567,1.000000,0.90625,0.09375
309,1,147.2131,336.3109,551.5237,111.8452,1.000000,0,1
309,2,643.7820,367.0173,120.9482,55.4102,1.000000,0,1
309,3,393.2195,366.1198,111.5464,59.9896,1.000000,0.8125,0.1875
310,1,145.6033,336.5811,551.3884,111.8291,1.000000,0,1
310,2,644.9893,367.0598,121.0263,55.4344,1.000000,0.03125,0.96875
310,3,394.3139,366.3336,111.5418,60.0220,1.000000,0.78125,0.21875
311,1,143.9997,336.8617,551.2479,111.8118,1.000000,0,1
311,2,646.1972,367.1017,121.1045,55.4587,1.000000,0.03125,0.96875
311,3,395.4099,366.5478,111.5362,60.0539,1.000000,0.875,0.125
312,1,142.4014,337.1487,551.1020,111.7931,1.000000,0,1
312,2,647.4059,367.1443,121.1830,55.4832,1.000000,0,1
312,3,396.5068,366.7614,111.5300,60.0855,1.000000,0.8125,0.1875
313,1,140.8101,337.4383,550.9484,111.7728,1.000000,0,1
313,2,648.6156,367.1883,121.2616,55.5078,1.000000,0,1
313,3,397.6047,366.9729,111.5233,60.1167,1.000000,0.875,0.125
314,1,139.2245,337.7362,550.7901,111.7513,1.000000,0,1
314,2,649.8258,367.2336,121.3398,55.5323,1.000000,0,1
314,3,398.7046,367.1828,111.5159,60.1475,1.000000,0.84375,0.15625
315,1,137.6453,338.0395,550.6254,111.7284,1.000000,0,1
315,2,651.0367,367.2810,121.4175,55.5567,1.000000,0,1
315,3,399.8062,367.3910,111.5080,60.1778,1.000000,0.90625,0.09375
316,1,136.0742,338.3456,550.4530,111.7037,1.000000,0,1
316,2,652.2482,367.3313,121.4946,55.5812,1.000000,0,1
316,3,400.9098,367.5967,111.4993,60.2076,1.000000,0.875,0.125
317,1,134.5119,338.6613,550.2728,111.6772,1.000000,0,1
317,2,653.4598,367.3839,121.5710,55.6055,1.000000,0,1
317,3,402.0168,367.8008,111.4895,60.2366,1.000000,0.875,0.125
318,1,132.9570,338.9832,550.0865,111.6490,1.000000,0,1
318,2,654.6719,367.4392,121.6469,55.6298,1.000000,0,1
318,3,403.1257,368.0034,111.4788,60.2651,1.000000,0.875,0.125
319,1,131.4098,339.3088,549.8928,111.6194,1.000000,0,1
319,2,655.8842,367.4975,121.7220,55.6540,1.000000,0,1
319,3,404.2363,368.2042,111.4674,60.2931,1.000000,0.65625,0.34375
320,1,129.8721,339.6432,549.6915,111.5879,1.000000,0,1
320,2,657.0962,367.5576,121.7960,55.6780,1.000000,0,1
320,3,405.3494,368.4022,111.4549,60.3203,1.000000,0.84375,0.15625
321,1,128.3443,339.9830,549.4817,111.5544,1.000000,0,1
321,2,658.3079,367.6205,121.8695,55.7018,1.000000,0,1
321,3,406.4647,368.5982,111.4416,60.3469,1.000000,0.8125,0.1875
322,1,126.8276,340.3261,549.2622,111.5186,1.000000,0,1
322,2,659.5193,367.6865,121.9427,55.7259,1.000000,0,1
322,3,407.5818,368.7923,111.4275,60.3729,1.000000,0.84375,0.15625
323,1,125.3201,340.6780,549.0350,111.4811,1.000000,0,1
323,2,660.7297,367.7534,122.0150,55.7496,1.000000,0,1
323,3,408.7003,368.9837,111.4123,60.3981,1.000000,0.84375,0.15625
324,1,123.8231,341.0349,548.7990,111.4414,1.000000,0,1
324,2,661.9390,367.8228,122.0868,55.7734,1.000000,0,1
324,3,409.8194,369.1725,111.3967,60.4229,1.000000,0.9375,0.0625
325,1,122.3375,341.3927,548.5524,111.3994,1.000000,0,1
325,2,663.1470,367.8959,122.1584,55.7974,1.000000,0,1
325,3,410.9388,369.3582,111.3806,60.4473,1.000000,0.9375,0.0625
326,1,120.8635,341.7580,548.2942,111.3546,1.000000,0,1
326,2,664.3531,367.9703,122.2299,55.8214,1.000000,0,1
326,3,412.0578,369.5405,111.3642,60.4711,1.000000,0.9375,0.0625
327,1,119.4004,342.1262,548.0259,111.3075,1.000000,0,1
327,2,665.5581,368.0472,122.3013,55.8457,1.000000,0,1
327,3,413.1762,369.7202,111.3475,60.4946,1.000000,0.78125,0.21875
328,1,117.9485,342.4920,547.7480,111.2581,1.000000,0,1
328,2,666.7621,368.1286,122.3727,55.8704,1.000000,0,1
328,3,414.2941,369.8969,111.3306,60.5178,1.000000,0.9375,0.0625
329,1,116.5070,342.8618,547.4619,111.2068,1.000000,0,1
329,2,667.9642,368.2131,122.4442,55.8954,1.000000,0,1
329,3,415.4168,370.0631,111.3137,60.5402,1.000000,0.8125,0.1875
330,1,115.0759,343.2319,547.1674,111.1536,1.000000,0,1
330,2,669.1650,368.3014,122.5158,55.9208,1.000000,0,1
330,3,416.5689,370.1947,111.2967,60.5603,1.000000,0.875,0.125
331,1,113.6550,343.5988,546.8654,111.0984,1.000000,0,1
331,2,670.3651,368.3945,122.5877,55.9469,1.000000,0,1
331,3,417.7295,370.3116,111.2798,60.5794,1.000000,0.90625,0.09375
332,1,112.2460,343.9677,546.5541,111.0412,1.000000,0,1
332,2,671.5640,368.4924,122.6599,55.9735,1.000000,0,1
332,3,418.8690,370.4437,111.2630,60.5995,1.000000,0.84375,0.15625
333,1,110.8467,344.3340,546.2358,110.9823,1.000000,0,1
333,2,672.7637,368.5955,122.7321,56.0006,1.000000,0,1
333,3,420.0089,370.5712,111.2467,60.6195,1.000000,0.875,0.125
334,1,109.4567,344.6927,545.9107,110.9219,1.000000,0,1
334,2,673.9653,368.7040,122.8049,56.0284,1.000000,0,1
334,3,421.1570,370.6858,111.2310,60.6390,1.000000,0.875,0.125
335,1,108.0785,345.0527,545.5778,110.8595,1.000000,0,1
335,2,675.1696,368.8185,122.8782,56.0569,1.000000,0,1
335,3,422.2899,370.8102,111.2162,60.6594,1.000000,0.875,0.125
336,1,106.7127,345.4102,545.2354,110.7950,1.000000,0,1
336,2,676.3758,368.9402,122.9517,56.0862,1.000000,0,1
336,3,423.4247,370.9298,111.2019,60.6799,1.000000,0.8125,0.1875
337,1,105.3588,345.7595,544.8847,110.7284,1.000000,0,1
337,2,677.5837,369.0706,123.0255,56.1165,1.000000,0,1
337,3,424.5640,371.0421,111.1881,60.7001,1.000000,0.6875,0.3125
338,1,104.0157,346.1085,544.5267,110.6602,1.000000,0,1
338,2,678.7921,369.2117,123.0991,56.1475,1.000000,0,1
338,3,425.6903,371.1645,111.1747,60.7213,1.000000,0.75,0.25
339,1,102.6851,346.4533,544.1595,110.5898,1.000000,0,1
339,2,680.0015,369.3616,123.1721,56.1791,1.000000,0,1
339,3,426.8200,371.2831,111.1616,60.7422,1.000000,0.75,0.25
340,1,101.3665,346.7874,543.7842,110.5174,1.000000,0,1
340,2,681.2129,369.5198,123.2440,56.2109,1.000000,0,1
340,3,427.9545,371.3965,111.1487,60.7630,1.000000,0.71875,0.28125
341,1,100.0585,347.1196,543.4016,110.4433,1.000000,0,1
341,2,682.4248,369.6885,123.3154,56.2434,1.000000,0,1
341,3,429.0798,371.5194,111.1357,60.7844,1.000000,0.90625,0.09375
342,1,98.7623,347.4472,543.0105,110.3672,1.000000,0,1
342,2,683.6379,369.8660,123.3859,56.2764,1.000000,0,1
342,3,430.2089,371.6401,111.1228,60.8057,1.000000,0.90625,0.09375
343,1,97.4786,347.7661,542.6106,110.2891,1.000000,0,1
343,2,684.8527,370.0517,123.4551,56.3095,1.000000,0,1
343,3,431.3441,371.7577,111.1093,60.8265,1.000000,0.84375,0.15625
344,1,96.2036,348.0830,542.2054,110.2097,1.000000,0,1
344,2,686.0682,370.2470,123.5235,56.3430,1.000000,0,1
344,3,432.4723,371.8848,111.0953,60.8478,1.000000,0.75,0.25
345,1,94.9397,348.3939,541.7924,110.1285,1.000000,0,1
345,2,687.2851,370.4499,123.5908,56.3768,1.000000,0,1
345,3,433.6072,372.0090,111.0808,60.8686,1.000000,0.90625,0.09375
346,1,93.6882,348.6934,541.3713,110.0452,1.000000,0,1
346,2,688.5035,370.6594,123.6569,56.4106,1.000000,0,1
346,3,434.7499,372.1304,111.0651,60.8886,1.000000,0.84375,0.15625
347,1,92.4459,348.9902,540.9439,109.9607,1.000000,0,1
347,2,689.7228,370.8778,123.7213,56.4444,1.000000,0,1
347,3,435.8852,372.2624,111.0487,60.9090,1.000000,0.84375,0.15625
348,1,91.2133,349.2805,540.5106,109.8746,1.000000,0,1
348,2,690.9503,371.0962,123.7847,56.4777,1.000000,0,1
348,3,437.0275,372.3910,111.0314,60.9287,1.000000,0.84375,0.15625
349,1,89.9905,349.5589,540.0710,109.7871,1.000000,0,1
349,2,692.2339,371.2693,123.8495,56.5067,1.000000,0,1
349,3,438.1786,372.5142,111.0131,60.9475,1.000000,0.9375,0.0625
350,1,88.7749,349.8309,539.6270,109.6985,1.000000,0,1
350,2,693.5306,371.4362,123.9133,56.5346,1.000000,0,1
350,3,439.3234,372.6444,110.9934,60.9660,1.000000,0.6875,0.3125
351,1,87.5669,350.0938,539.1786,109.6089,1.000000,0,1
351,2,694.8126,371.6218,123.9752,56.5635,1.000000,0,1
351,3,440.4749,372.7683,110.9728,60.9836,1.000000,0.78125,0.21875
352,1,86.3673,350.3438,538.7253,109.5180,1.000000,0,1
352,2,696.0931,371.8158,124.0356,56.5924,1.000000,0,1
352,3,441.6324,372.8846,110.9513,61.0002,1.000000,0.84375,0.15625
353,1,85.1730,350.5874,538.2692,109.4265,1.000000,0,1
353,2,697.3848,372.0069,124.0955,56.6208,1.000000,0,1
353,3,442.7816,373.0047,110.9295,61.0167,1.000000,0.59375,0.40625
354,1,83.9843,350.8227,537.8101,109.3344,1.000000,0,1
354,2,698.6776,372.2032,124.1544,56.6492,1.000000,0,1
354,3,443.9346,373.1172,110.9077,61.0327,1.000000,0.8125,0.1875
355,1,82.8017,351.0452,537.3479,109.2414,1.000000,0,1
355,2,699.9691,372.4065,124.2121,56.6776,1.000000,0,1
355,3,445.0901,373.2215,110.8858,61.0481,1.000000,0.75,0.25
356,1,81.6219,351.2602,536.8849,109.1482,1.000000,0,1
356,2,701.2672,372.6118,124.2690,56.7059,1.000000,0,1
356,3,446.2369,373.3268,110.8644,61.0636,1.000000,0.71875,0.28125
357,1,80.4455,351.4664,536.4208,109.0548,1.000000,0,1
357,2,702.5659,372.8229,124.3250,56.7342,1.000000,0,1
357,3,447.3837,373.4260,110.8432,61.0789,1.000000,0.9375,0.0625
358,1,79.2744,351.6617,535.9541,108.9608,1.000000,0,1
358,2,703.8647,373.0395,124.3800,56.7626,1.000000,0,1
358,3,448.5309,373.5173,110.8226,61.0939,1.000000,0.75,0.25
359,1,78.1054,351.8500,535.4872,108.8667,1.000000,0,1
359,2,705.1712,373.2569,124.4345,56.7907,1.000000,0,1
359,3,449.6706,373.6075,110.8029,61.1091,1.000000,0.75,0.25
360,1,76.9375,352.0294,535.0209,108.7726,1.000000,0,1
360,2,706.4782,373.4795,124.4885,56.8191,1.000000,0,1
360,3,450.8089,373.6918,110.7838,61.1243,1.000000,0.8125,0.1875
361,1,75.7702,352.1967,534.5555,108.6789,1.000000,0,1
361,2,707.7841,373.7072,124.5421,56.8478,1.000000,0,1
361,3,451.9452,373.7707,110.7658,61.1396,1.000000,0.78125,0.21875
362,1,74.6032,352.3567,534.0918,108.5854,1.000000,0,1
362,2,709.0972,373.9346,124.5956,56.8763,1.000000,0,1
362,3,453.0746,373.8482,110.7487,61.1552,1.000000,0.78125,0.21875
363,1,73.4357,352.5071,533.6304,108.4925,1.000000,0,1
363,2,710.4105,374.1659,124.6487,56.9049,1.000000,0,1
363,3,454.2020,373.9214,110.7325,61.1710,1.000000,0.78125,0.21875
364,1,72.2690,352.6452,533.1699,108.3999,1.000000,0,1
364,2,711.7224,374.4006,124.7015,56.9338,1.000000,0,1
364,3,455.3278,373.9916,110.7172,61.1870,1.000000,0.6875,0.3125
365,1,71.1016,352.7753,532.7120,108.3077,1.000000,0,1
365,2,713.0406,374.6341,124.7545,56.9626,1.000000,0,1
365,3,456.4496,374.0609,110.7030,61.2036,1.000000,0.75,0.25
366,1,69.9327,352.8955,532.2568,108.2162,1.000000,0,1
366,2,714.3594,374.8692,124.8071,56.9914,1.000000,0,1
366,3,457.5693,374.1295,110.6898,61.2206,1.000000,0.9375,0.0625
367,1,68.7606,353.0042,531.8057,108.1256,1.000000,0,1
367,2,715.6763,375.1062,124.8596,57.0201,1.000000,0,1
367,3,458.6866,374.1995,110.6774,61.2382,1.000000,0.71875,0.28125
368,1,67.5863,353.1029,531.3575,108.0356,1.000000,0,1
368,2,716.9961,375.3416,124.9124,57.0490,1.000000,0,1
368,3,459.8020,374.2715,110.6658,61.2564,1.000000,0.65625,0.34375
369,1,66.4084,353.1898,530.9128,107.9466,1.000000,0,1
369,2,718.3155,375.5760,124.9652,57.0778,1.000000,0,1
369,3,460.9196,374.3433,110.6544,61.2748,1.000000,0.6875,0.3125
370,1,65.2251,353.2633,530.4736,107.8588,1.000000,0,1
370,2,719.6353,375.8080,125.0176,57.1062,1.000000,0,1
370,3,462.0387,374.4166,110.6429,61.2933,1.000000,0.84375,0.15625
371,1,64.0384,353.3266,530.0382,107.7718,1.000000,0,1
371,2,720.9590,376.0329,125.0704,57.1339,1.000000,0,1
371,3,463.1607,374.4923,110.6317,61.3121,1.000000,0.78125,0.21875
372,1,62.8468,353.3787,529.6079,107.6860,1.000000,0,1
372,2,722.2791,376.2570,125.1229,57.1617,1.000000,0,1
372,3,464.2844,374.5706,110.6204,61.3312,1.000000,0.625,0.375
373,1,61.6488,353.4178,529.1849,107.6018,1.000000,0,1
373,2,723.5962,376.4784,125.1754,57.1891,1.000000,0,1
373,3,465.4100,374.6517,110.6087,61.3503,1.000000,0.4375,0.5625
374,1,60.4458,353.4471,528.7668,107.5188,1.000000,0,1
374,2,724.9156,376.6941,125.2280,57.2161,1.000000,0,1
374,3,466.5427,374.7343,110.5969,61.3696,1.000000,0.59375,0.40625
375,1,59.2373,353.4652,528.3541,107.4372,1.000000,0,1
375,2,726.2340,376.9059,125.2808,57.2428,1.000000,0,1
375,3,467.6766,374.8218,110.5848,61.3891,1.000000,0.375,0.625
376,1,58.0217,353.4714,527.9495,107.3573,1.000000,0,1
376,2,727.5495,377.1135,125.3337,57.2690,1.000000,0,1
376,3,468.8124,374.9128,110.5721,61.4086,1.000000,0.5,0.5
377,1,56.8013,353.4669,527.5508,107.2787,1.000000,0,1
377,2,728.8635,377.3166,125.3864,57.2950,1.000000,0,1
377,3,469.9591,375.0007,110.5590,61.4278,1.000000,0.625,0.375
378,1,55.5760,353.4521,527.1578,107.2015,1.000000,0,1
378,2,730.1241,377.5136,125.4929,57.3205,1.000000,0,1
378,3,471.1065,375.0928,110.5452,61.4471,1.000000,0.21875,0.78125
379,1,54.3444,353.4271,526.7720,107.1259,1.000000,0,1
379,2,731.3593,377.7045,125.6229,57.3454,1.000000,0,1
379,3,472.2540,375.1880,110.5311,61.4663,1.000000,0.3125,0.6875
380,1,53.1088,353.3923,526.3915,107.0515,1.000000,0,1
380,2,732.5892,377.8906,125.7534,57.3702,1.000000,0,1
380,3,473.4144,375.2752,110.5164,61.4848,1.000000,0.40625,0.59375
381,1,51.8674,353.3497,526.0170,106.9786,1.000000,0,1
381,2,733.8199,378.0681,125.8842,57.3944,1.000000,0,1
381,3,474.5764,375.3629,110.5012,61.5031,1.000000,0.28125,0.71875
382,1,50.6184,353.3013,525.6507,106.9075,1.000000,0,1
382,2,735.0494,378.2377,126.0148,57.4178,1.000000,0,1
382,3,475.7380,375.4527,110.4856,61.5213,1.000000,0.3125,0.6875
383,1,49.3657,353.2478,525.2897,106.8375,1.000000,0,1
383,2,736.2717,378.4063,126.1452,57.4414,1.000000,0,1
383,3,476.9161,375.5311,110.4694,61.5385,1.000000,0.34375,0.65625
384,1,48.1081,353.1902,524.9346,106.7690,1.000000,0,1
384,2,737.4938,378.5674,126.2761,57.4644,1.000000,0,1
384,3,478.0884,375.6167,110.4529,61.5562,1.000000,0.21875,0.78125
385,1,46.8441,353.1296,524.5867,106.7021,1.000000,0,1
385,2,738.7147,378.7194,126.4072,57.4867,1.000000,0,1
385,3,479.2554,375.7079,110.4366,61.5742,1.000000,0.28125,0.71875
386,1,45.5769,353.0669,524.2441,106.6365,1.000000,0,1
386,2,739.9237,378.8732,126.5374,57.5093,1.000000,0,1
386,3,480.4416,375.7834,110.4201,61.5911,1.000000,0.25,0.75
387,1,44.3049,353.0030,523.9072,106.5721,1.000000,0,1
387,2,741.1371,379.0139,126.6689,57.5311,1.000000,0,1
387,3,481.6221,375.8653,110.4033,61.6085,1.000000,0.25,0.75
388,1,43.0271,352.9383,523.5771,106.5092,1.000000,0,1
388,2,742.3548,379.1399,126.8018,57.5520,1.000000,0,1
388,3,482.7960,375.9563,110.3864,61.6262,1.000000,0.21875,0.78125
389,1,41.7467,352.8736,523.2520,106.4475,1.000000,0,1
389,2,743.5578,379.2698,126.9337,57.5733,1.000000,0,1
389,3,483.9900,376.0317,110.3692,61.6430,1.000000,0.21875,0.78125
390,1,40.4628,352.8104,522.9321,106.3870,1.000000,0,1
390,2,744.7632,379.3893,127.0669,57.5942,1.000000,0,1
390,3,485.1778,376.1142,110.3518,61.6602,1.000000,0.125,0.875
391,1,39.1743,352.7501,522.6179,106.3277,1.000000,0,1
391,2,745.9742,379.4951,127.2014,57.6142,1.000000,0,1
391,3,486.3573,376.2050,110.3347,61.6780,1.000000,0.0625,0.9375
392,1,37.8840,352.6907,522.3072,106.2694,1.000000,0,1
392,2,747.1691,379.6064,127.3351,57.6350,1.000000,0,1
392,3,487.5558,376.2798,110.3174,61.6947,1.000000,0.15625,0.84375
393,1,36.5904,352.6336,522.0018,106.2121,1.000000,0,1
393,2,748.3684,379.7063,127.4703,57.6552,1.000000,0,1
393,3,488.7485,376.3602,110.3002,61.7118,1.000000,0.0625,0.9375
394,1,35.2939,352.5805,521.7003,106.1559,1.000000,0,1
394,2,749.5741,379.7919,127.6071,57.6744,1.000000,0,1
394,3,489.9331,376.4483,110.2829,61.7295,1.000000,0.21875,0.78125
395,1,33.9977,352.5298,521.4016,106.1001,1.000000,0,1
395,2,750.7641,379.8846,127.7430,57.6946,1.000000,0,1
395,3,491.1353,376.5221,110.2656,61.7462,1.000000,0.09375,0.90625
396,1,32.6998,352.4815,521.1055,106.0450,1.000000,0,1
396,2,751.9573,379.9686,127.8799,57.7143,1.000000,0,1
396,3,492.3321,376.6015,110.2480,61.7632,1.000000,0.0625,0.9375
397,1,31.3990,352.4364,520.8129,105.9907,1.000000,0,1
397,2,753.1592,380.0371,128.0184,57.7329,1.000000,0,1
397,3,493.5208,376.6875,110.2305,61.7806,1.000000,0.125,0.875
398,1,30.0993,352.3940,520.5219,105.9365,1.000000,0,1
398,2,754.3478,380.1123,128.1561,57.7523,1.000000,0,1
398,3,494.7271,376.7593,110.2129,61.7971,1.000000,0.03125,0.96875
399,1,28.7994,352.3547,520.2322,105.8829,1.000000,0,1
399,2,755.5364,380.1823,128.2947,57.7716,1.000000,0,1
399,3,495.9272,376.8369,110.1952,61.8139,1.000000,0.03125,0.96875
400,1,27.4985,352.3197,519.9446,105.8296,1.000000,0,1
400,2,756.7346,380.2381,128.4346,57.7897,1.000000,0,1
400,3,497.1187,376.9214,110.1773,61.8311,1.000000,0,1
401,1,26.1999,352.2863,519.6571,105.7764,1.000000,0,1
401,2,757.9217,380.3012,128.5734,57.8085,1.000000,0,1
401,3,498.3264,376.9923,110.1591,61.8473,1.000000,0,1
402,1,24.9023,352.2554,519.3699,105.7233,1.000000,0,1
402,2,759.1116,380.3586,128.7128,57.8269,1.000000,0,1
402,3,499.5307,377.0655,110.1407,61.8634,1.000000,0,1
403,1,23.6050,352.2285,519.0844,105.6704,1.000000,0,1
403,2,760.3102,380.4041,128.8535,57.8443,1.000000,0,1
403,3,500.7268,377.1440,110.1221,61.8798,1.000000,0,1
404,1,22.3101,352.2032,518.7985,105.6175,1.000000,0,1
404,2,761.4991,380.4586,128.9928,57.8623,1.000000,0,1
404,3,501.9352,377.2115,110.1031,61.8953,1.000000,0,1
405,1,21.0160,352.1797,518.5136,105.5648,1.000000,0,1
405,2,762.6904,380.5100,129.1322,57.8801,1.000000,0,1
405,3,503.1402,377.2812,110.0840,61.9107,1.000000,0,1
406,1,19.7235,352.1581,518.2288,105.5121,1.000000,0,1
406,2,763.8923,380.5489,129.2729,57.8968,1.000000,0,1
406,3,504.3384,377.3542,110.0649,61.9263,1.000000,0,1
407,1,18.4337,352.1358,517.9436,105.4593,1.000000,0,1
407,2,765.0854,380.5978,129.4123,57.9142,1.000000,0,1
407,3,505.5449,377.4185,110.0455,61.9413,1.000000,0,1
408,1,17.1448,352.1149,517.6595,105.4066,1.000000,0,1
408,2,766.2783,380.6468,129.5515,57.9313,1.000000,0,1
408,3,506.7495,377.4825,110.0259,61.9562,1.000000,0,1
409,1,15.8564,352.0960,517.3760,105.3541,1.000000,0,1
409,2,767.4843,380.6815,129.6913,57.9470,1.000000,0,1
409,3,507.9494,377.5473,110.0066,61.9711,1.000000,0,1
410,1,14.5715,352.0747,517.0912,105.3013,1.000000,0,1
410,2,768.6833,380.7230,129.8295,57.9629,1.000000,0,1
410,3,509.1539,377.6042,109.9872,61.9854,1.000000,0,1
411,1,13.2881,352.0529,516.8065,105.2485,1.000000,0,1
411,2,769.8842,380.7617,129.9675,57.9782,1.000000,0,1
411,3,510.3551,377.6600,109.9682,61.9998,1.000000,0,1
412,1,12.0053,352.0305,516.5227,105.1959,1.000000,0,1
412,2,771.0930,380.7907,130.1054,57.9923,1.000000,0,1
412,3,511.5527,377.7154,109.9492,62.0141,1.000000,0,1
413,1,10.7244,352.0047,516.2395,105.1434,1.000000,0,1
413,2,772.2940,380.8285,130.2416,58.0067,1.000000,0,1
413,3,512.7523,377.7643,109.9307,62.0283,1.000000,0,1
414,1,9.4447,351.9770,515.9570,105.0911,1.000000,0,1
414,2,773.5011,380.8605,130.3776,58.0202,1.000000,0,1
414,3,513.9495,377.8105,109.9124,62.0424,1.000000,0,1
415,1,8.1666,351.9471,515.6748,105.0388,1.000000,0,1
415,2,774.7165,380.8837,130.5133,58.0326,1.000000,0,1
415,3,515.1435,377.8554,109.8945,62.0565,1.000000,0,1
416,1,6.8907,351.9124,515.3937,104.9867,1.000000,0,1
416,2,775.9220,380.9156,130.6469,58.0450,1.000000,0,1
416,3,516.3349,377.8973,109.8771,62.0705,1.000000,0,1
417,1,5.6169,351.8751,515.1129,104.9346,1.000000,0,1
417,2,777.1327,380.9419,130.7800,58.0565,1.000000,0,1
417,3,517.5262,377.9340,109.8601,62.0845,1.000000,0,1
418,1,4.3452,351.8371,514.8324,104.8827,1.000000,0,1
418,2,778.3513,380.9600,130.9129,58.0670,1.000000,0,1
418,3,518.7163,377.9652,109.8436,62.0984,1.000000,0,1
419,1,3.0785,351.7958,514.5521,104.8306,1.000000,0,1
419,2,779.5625,380.9850,131.0437,58.0772,1.000000,0,1
419,3,519.9012,377.9936,109.8278,62.1123,1.000000,0,1
420,1,1.8161,351.7536,514.2712,104.7786,1.000000,0,1
420,2,780.7787,381.0057,131.1740,58.0867,1.000000,0,1
420,3,521.0847,378.0167,109.8126,62.1260,1.000000,0,1
421,1,0.5561,351.7115,513.9917,104.7267,1.000000,0,1
421,2,782.0007,381.0210,131.3041,58.0954,1.000000,0,1
421,3,522.2663,378.0353,109.7976,62.1397,1.000000,0,1
422,1,-0.6979,351.6649,513.7119,104.6746,1.000000,0,1
422,2,783.2216,381.0388,131.4327,58.1036,1.000000,0,1
422,3,523.4418,378.0514,109.7833,62.1533,1.000000,0,1
423,1,-1.9482,351.6172,513.4326,104.6227,1.000000,0,1
423,2,784.4446,381.0549,131.5601,58.1112,1.000000,0,1
423,3,524.6168,378.0616,109.7693,62.1667,1.000000,0,1
424,1,-3.1963,351.5709,513.1550,104.5712,1.000000,0,1
424,2,785.6693,381.0699,131.6868,58.1182,1.000000,0,1
424,3,525.7907,378.0681,109.7555,62.1798,1.000000,0,1
425,1,-4.4389,351.5215,512.8772,104.5194,1.000000,0,1
425,2,786.8981,381.0844,131.8127,58.1245,1.000000,0,1
425,3,526.9572,378.0758,109.7419,62.1931,1.000000,0,1
426,1,-5.6779,351.4732,512.5996,104.4677,1.000000,0,1
426,2,788.1271,381.1000,131.9373,58.1305,1.000000,0,1
426,3,528.1251,378.0776,109.7283,62.2060,1.000000,0,1
427,1,-6.9159,351.4280,512.3235,104.4164,1.000000,0,1
427,2,789.3556,381.1170,132.0612,58.1362,1.000000,0,1
427,3,529.2952,378.0738,109.7146,62.2183,1.000000,0,1
428,1,-8.1518,351.3829,512.0467,104.3650,1.000000,0,1
428,2,790.5916,381.1283,132.1844,58.1408,1.000000,0,1
428,3,530.4563,378.0751,109.7008,62.2309,1.000000,0,1
429,1,-9.3869,351.3414,511.7709,104.3136,1.000000,0,1
429,2,791.8286,381.1387,132.3068,58.1449,1.000000,0,1
429,3,531.6201,378.0721,109.6869,62.2431,1.000000,0,1
430,1,-10.6226,351.3067,511.4978,104.2629,1.000000,0,1
430,2,793.0632,381.1503,132.4284,58.1489,1.000000,0,1
430,3,532.7888,378.0637,109.6722,62.2546,1.000000,0,1
431,1,-11.8562,351.2747,511.2259,104.2125,1.000000,0,1
431,2,794.3060,381.1543,132.5497,58.1517,1.000000,0,1
431,3,533.9471,378.0632,109.6573,62.2663,1.000000,0,1
432,1,-13.0891,351.2466,510.9561,104.1624,1.000000,0,1
432,2,795.5458,381.1594,132.6699,58.1542,1.000000,0,1
432,3,535.1089,378.0605,109.6418,62.2776,1.000000,0,1
433,1,-14.3224,351.2242,510.6888,104.1130,1.000000,0,1
433,2,796.7831,381.1645,132.7894,58.1565,1.000000,0,1
433,3,536.2783,378.0532,109.6256,62.2882,1.000000,0,1
434,1,-15.5549,351.2040,510.4228,104.0640,1.000000,0,1
434,2,798.0349,381.1555,132.9096,58.1573,1.000000,0,1
434,3,537.4399,378.0540,109.6089,62.2990,1.000000,0,1
435,1,-16.7878,351.1868,510.1595,104.0153,1.000000,0,1
435,2,799.2807,381.1496,133.0288,58.1581,1.000000,0,1
435,3,538.6028,378.0558,109.5917,62.3097,1.000000,0,1
436,1,-18.0219,351.1730,509.8984,103.9672,1.000000,0,1
436,2,800.5195,381.1462,133.1471,58.1590,1.000000,0,1
436,3,539.7744,378.0523,109.5732,62.3193,1.000000,0,1
437,1,-19.2568,351.1592,509.6390,103.9196,1.000000,0,1
437,2,801.7726,381.1263,133.2665,58.1583,1.000000,0,1
437,3,540.9393,378.0576,109.5543,62.3293,1.000000,0,1
438,1,-20.4934,351.1463,509.3822,103.8724,1.000000,0,1
438,2,803.0203,381.1079,133.3851,58.1576,1.000000,0,1
438,3,542.1046,378.0643,109.5349,62.3391,1.000000,0,1
439,1,-21.7321,351.1358,509.1277,103.8259,1.000000,0,1
439,2,804.2608,381.0925,133.5034,58.1573,1.000000,0,1
439,3,543.2789,378.0634,109.5151,62.3481,1.000000,0,1
440,1,-22.9722,351.1235,508.8751,103.7797,1.000000,0,1
440,2,805.5176,381.0572,133.6229,58.1551,1.000000,0,1
440,3,544.4478,378.0687,109.4945,62.3572,1.000000,0,1
441,1,-24.2135,351.1111,508.6237,103.7339,1.000000,0,1
441,2,806.7658,381.0247,133.7415,58.1531,1.000000,0,1
441,3,545.6176,378.0730,109.4733,62.3658,1.000000,0,1
442,1,-25.4559,351.1002,508.3739,103.6884,1.000000,0,1
442,2,808.0054,380.9969,133.8598,58.1517,1.000000,0,1
442,3,546.7950,378.0697,109.4515,62.3736,1.000000,0,1
443,1,-26.7001,351.0888,508.1265,103.6433,1.000000,0,1
443,2,809.2640,380.9470,133.9807,58.1487,1.000000,0,1
443,3,547.9655,378.0723,109.4293,62.3815,1.000000,0,1
444,1,-27.9456,351.0781,507.8805,103.5987,1.000000,0,1
444,2,810.5120,380.9020,134.1008,58.1461,1.000000,0,1
444,3,549.1351,378.0744,109.4067,62.3891,1.000000,0,1
445,1,-29.1922,351.0683,507.6359,103.5544,1.000000,0,1
445,2,811.7498,380.8622,134.2206,58.1444,1.000000,0,1
445,3,550.3116,378.0689,109.3835,62.3959,1.000000,0,1
446,1,-30.4409,351.0578,507.3929,103.5104,1.000000,0,1
446,2,813.0093,380.7978,134.3438,58.1408,1.000000,0,1
446,3,551.4831,378.0657,109.3600,62.4026,1.000000,0,1
447,1,-31.6907,351.0483,507.1514,103.4668,1.000000,0,1
447,2,814.2576,380.7384,134.4662,58.1379,1.000000,0,1
447,3,552.6556,378.0595,109.3361,62.4088,1.000000,0,1
448,1,-32.9408,351.0420,506.9103,103.4233,1.000000,0,1
448,2,815.4935,380.6859,134.5891,58.1363,1.000000,0,1
448,3,553.8345,378.0457,109.3118,62.4142,1.000000,0,1
449,1,-34.1956,351.0363,506.6727,103.3804,1.000000,0,1
449,2,816.7521,380.6085,134.7155,58.1331,1.000000,0,1
449,3,555.0076,378.0353,109.2868,62.4195,1.000000,0,1
450,1,-35.4514,351.0321,506.4356,103.3379,1.000000,0,1
450,2,818.0017,380.5332,134.8424,58.1305,1.000000,0,1
450,3,556.1791,378.0249,109.2615,62.4245,1.000000,0,1
451,1,-36.7077,351.0308,506.1995,103.2954,1.000000,0,1
451,2,819.2393,380.4637,134.9688,58.1288,1.000000,0,1
451,3,557.3577,378.0054,109.2357,62.4286,1.000000,0,1
452,1,-37.9670,351.0312,505.9644,103.2533,1.000000,0,1
452,2,820.4975,380.3696,135.0988,58.1255,1.000000,0,1
452,3,558.5328,377.9864,109.2094,62.4324,1.000000,0,1
453,1,-39.2284,351.0339,505.7303,103.2114,1.000000,0,1
453,2,821.7449,380.2793,135.2286,58.1229,1.000000,0,1
453,3,559.7068,377.9659,109.1828,62.4359,1.000000,0,1
454,1,-40.4914,351.0400,505.4971,103.1697,1.000000,0,1
454,2,822.9816,380.1933,135.3589,58.1213,1.000000,0,1
454,3,560.8855,377.9391,109.1561,62.4389,1.000000,0,1
455,1,-41.7574,351.0483,505.2650,103.1283,1.000000,0,1
455,2,824.2417,380.0772,135.4931,58.1176,1.000000,0,1
455,3,562.0651,377.9114,109.1287,62.4414,1.000000,0,1
456,1,-43.0235,351.0584,505.0329,103.0868,1.000000,0,1
456,2,825.4877,379.9652,135.6263,58.1145,1.000000,0,1
456,3,563.2458,377.8813,109.1011,62.4436,1.000000,0,1
457,1,-44.2885,351.0685,504.8003,103.0453,1.000000,0,1
457,2,826.7196,379.8593,135.7596,58.1124,1.000000,0,1
457,3,564.4274,377.8477,109.0736,62.4456,1.000000,0,1
458,1,-45.5554,351.0782,504.5688,103.0038,1.000000,0,1
458,2,827.9776,379.7208,135.8972,58.1082,1.000000,0,1
458,3,565.6127,377.8123,109.0451,62.4470,1.000000,0,1
459,1,-46.8215,351.0867,504.3361,102.9623,1.000000,0,1
459,2,829.2227,379.5852,136.0346,58.1046,1.000000,0,1
459,3,566.8004,377.7736,109.0163,62.4479,1.000000,0,1
460,1,-48.0857,351.0942,504.1027,102.9205,1.000000,0,1
460,2,830.4528,379.4572,136.1718,58.1022,1.000000,0,1
460,3,567.9896,377.7299,108.9877,62.4486,1.000000,0,1
461,1,-49.3492,351.0995,503.8684,102.8786,1.000000,0,1
461,2,831.7081,379.2967,136.3136,58.0977,1.000000,0,1
461,3,569.1815,377.6827,108.9588,62.4489,1.000000,0,1
462,1,-50.6100,351.1023,503.6324,102.8362,1.000000,0,1
462,2,832.9501,379.1397,136.4547,58.0938,1.000000,0,1
462,3,570.3751,377.6313,108.9297,62.4487,1.000000,0,1
463,1,-51.8662,351.1028,503.3941,102.7933,1.000000,0,1
463,2,834.1758,378.9905,136.5952,58.0909,1.000000,0,1
463,3,571.5697,377.5745,108.9011,62.4485,1.000000,0,1
464,1,-53.1213,351.1001,503.1551,102.7501,1.000000,0,1
464,2,835.4238,378.8125,136.7400,58.0863,1.000000,0,1
464,3,572.7661,377.5120,108.8724,62.4478,1.000000,0,1
465,1,-54.3720,351.0934,502.9131,102.7063,1.000000,0,1
465,2,836.6627,378.6354,136.8853,58.0823,1.000000,0,1
465,3,573.9631,377.4434,108.8444,62.4468,1.000000,0,1
466,1,-55.6172,351.0832,502.6689,102.6620,1.000000,0,1
466,2,837.8882,378.4655,137.0309,58.0795,1.000000,0,1
466,3,575.1604,377.3676,108.8167,62.4456,1.000000,0,1
467,1,-56.8610,351.0713,502.4238,102.6174,1.000000,0,1
467,2,839.1340,378.2709,137.1802,58.0754,1.000000,0,1
467,3,576.3591,377.2841,108.7891,62.4439,1.000000,0,1
468,1,-58.1003,351.0569,502.1765,102.5722,1.000000,0,1
468,2,840.3698,378.0806,137.3298,58.0720,1.000000,0,1
468,3,577.5579,377.1932,108.7618,62.4417,1.000000,0,1
469,1,-59.3323,351.0400,501.9260,102.5263,1.000000,0,1
469,2,841.5953,377.8974,137.4799,58.0698,1.000000,0,1
469,3,578.7606,377.0902,108.7357,62.4393,1.000000,0,1
470,1,-60.5605,351.0222,501.6738,102.4801,1.000000,0,1
470,2,842.8421,377.6920,137.6345,58.0666,1.000000,0,1
470,3,579.9737,376.9674,108.7095,62.4355,1.000000,0,1
471,1,-61.7831,351.0032,501.4191,102.4331,1.000000,0,1
471,2,844.0793,377.4926,137.7895,58.0645,1.000000,0,1
471,3,581.1824,376.8393,108.6840,62.4316,1.000000,0,1
472,1,-62.9971,350.9822,501.1603,102.3853,1.000000,0,1
472,2,845.3077,377.3008,137.9445,58.0635,1.000000,0,1
472,3,582.3857,376.7056,108.6595,62.4277,1.000000,0,1
473,1,-64.2071,350.9609,500.8992,102.3368,1.000000,0,1
473,2,846.5565,377.0895,138.1038,58.0615,1.000000,0,1
473,3,583.5971,376.5526,108.6360,62.4231,1.000000,0,1
474,1,-65.4102,350.9391,500.6349,102.2876,1.000000,0,1
474,2,847.7980,376.8845,138.2637,58.0606,1.000000,0,1
474,3,584.8032,376.3934,108.6136,62.4186,1.000000,0,1
475,1,-66.6023,350.9157,500.3651,102.2371,1.000000,0,1
475,2,849.0325,376.6871,138.4242,58.0610,1.000000,0,1
475,3,586.0044,376.2280,108.5924,62.4141,1.000000,0,1
476,1,-67.7867,350.8898,500.0912,102.1856,1.000000,0,1
476,2,850.2866,376.4713,138.5884,58.0603,1.000000,0,1
476,3,587.2178,376.0387,108.5718,62.4083,1.000000,0,1
477,1,-68.9619,350.8618,499.8123,102.1329,1.000000,0,1
477,2,851.5317,376.2636,138.7521,58.0605,1.000000,0,1
477,3,588.4216,375.8474,108.5524,62.4028,1.000000,0,1
478,1,-70.1254,350.8329,499.5275,102.0788,1.000000,0,1
478,2,852.7692,376.0645,138.9157,58.0618,1.000000,0,1
478,3,589.6185,375.6523,108.5344,62.3978,1.000000,0,1
479,1,-71.2795,350.8018,499.2373,102.0233,1.000000,0,1
479,2,854.0284,375.8462,139.0833,58.0619,1.000000,0,1
479,3,590.8314,375.4312,108.5174,62.3916,1.000000,0,1
480,1,-72.4236,350.7673,498.9416,101.9666,1.000000,0,1
480,2,855.2788,375.6353,139.2501,58.0628,1.000000,0,1
480,3,592.0328,375.2115,108.5021,62.3863,1.000000,0,1
481,1,-73.5576,350.7289,498.6407,101.9087,1.000000,0,1
481,2,856.5204,375.4331,139.4164,58.0645,1.000000,0,1
481,3,593.2255,374.9926,108.4884,62.3820,1.000000,0,1
482,1,-74.6803,350.6870,498.3339,101.8493,1.000000,0,1
482,2,857.7839,375.2108,139.5859,58.0648,1.000000,0,1
482,3,594.4340,374.7502,108.4761,62.3769,1.000000,0,1
483,1,-75.7922,350.6401,498.0212,101.7886,1.000000,0,1
483,2,859.0377,374.9963,139.7545,58.0659,1.000000,0,1
483,3,595.6326,374.5096,108.4655,62.3726,1.000000,0,1
484,1,-76.8937,350.5863,497.7048,101.7268,1.000000,0,1
484,2,860.2843,374.7886,139.9232,58.0677,1.000000,0,1
484,3,596.8222,374.2720,108.4564,62.3695,1.000000,0,1
485,1,-77.9834,350.5242,497.3825,101.6638,1.000000,0,1
485,2,861.5554,374.5580,140.0950,58.0677,1.000000,0,1
485,3,598.0291,374.0110,108.4484,62.3653,1.000000,0,1
486,1,-79.0646,350.4538,497.0571,101.6000,1.000000,0,1
486,2,862.8137,374.3377,140.2654,58.0686,1.000000,0,1
486,3,599.2269,373.7527,108.4415,62.3619,1.000000,0,1
487,1,-80.1372,350.3747,496.7287,101.5353,1.000000,0,1
487,2,864.0630,374.1260,140.4349,58.0702,1.000000,0,1
487,3,600.4150,373.4994,108.4361,62.3598,1.000000,0,1
488,1,-81.2014,350.2834,496.3967,101.4698,1.000000,0,1
488,2,865.3369,373.8915,140.6082,58.0701,1.000000,0,1
488,3,601.6227,373.2210,108.4319,62.3565,1.000000,0,1
489,1,-82.2594,350.1807,496.0623,101.4038,1.000000,0,1
489,2,866.6000,373.6646,140.7802,58.0707,1.000000,0,1
489,3,602.8209,372.9470,108.4285,62.3541,1.000000,0,1
490,1,-83.3096,350.0674,495.7258,101.3372,1.000000,0,1
490,2,867.8540,373.4448,140.9509,58.0717,1.000000,0,1
490,3,604.0087,372.6802,108.4266,62.3528,1.000000,0,1
491,1,-84.3552,349.9400,495.3885,101.2704,1.000000,0,1
491,2,869.1324,373.2014,141.1254,58.0710,1.000000,0,1
491,3,605.2192,372.3862,108.4256,62.3504,1.000000,0,1
492,1,-85.3972,349.8003,495.0509,101.2035,1.000000,0,1
492,2,870.3992,372.9658,141.2989,58.0711,1.000000,0,1
492,3,606.4174,372.0997,108.4257,62.3490,1.000000,0,1
493,1,-86.4321,349.6495,494.7112,101.1360,1.000000,0,1
493,2,871.6573,372.7364,141.4719,58.0718,1.000000,0,1
493,3,607.6049,371.8223,108.4266,62.3486,1.000000,0,1
494,1,-87.4632,349.4832,494.3715,101.0686,1.000000,0,1
494,2,872.9399,372.4819,141.6480,58.0703,1.000000,0,1
494,3,608.8185,371.5152,108.4281,62.3466,1.000000,0,1
495,1,-88.4912,349.3043,494.0323,101.0013,1.000000,0,1
495,2,874.2112,372.2339,141.8231,58.0695,1.000000,0,1
495,3,610.0187,371.2182,108.4301,62.3456,1.000000,0,1
496,1,-89.5144,349.1145,493.6927,100.9337,1.000000,0,1
496,2,875.4740,371.9915,141.9980,58.0695,1.000000,0,1
496,3,611.2070,370.9326,108.4333,62.3460,1.000000,0,1
497,1,-90.5351,348.9081,493.3540,100.8664,1.000000,0,1
497,2,876.7623,371.7224,142.1769,58.0674,1.000000,0,1
497,3,612.4254,370.6152,108.4370,62.3445,1.000000,0,1
498,1,-91.5543,348.6891,493.0164,100.7993,1.000000,0,1
498,2,878.0384,371.4598,142.3546,58.0659,1.000000,0,1
498,3,613.6291,370.3101,108.4411,62.3441,1.000000,0,1
499,1,-92.5715,348.4598,492.6806,100.7326,1.000000,0,1
499,2,879.3047,371.2031,142.5315,58.0650,1.000000,0,1
499,3,614.8185,370.0202,108.4462,62.3453,1.000000,0,1
500,1,-93.5909,348.2155,492.3480,100.6666,1.000000,0,1
500,2,880.5962,370.9191,142.7122,58.0620,1.000000,0,1
500,3,616.0391,369.7005,108.4514,62.3447,1.000000,0,1
501,1,-94.6115,347.9600,492.0177,100.6011,1.000000,0,1
501,2,881.8757,370.6412,142.8918,58.0595,1.000000,0,1
501,3,617.2429,369.3972,108.4574,62.3456,1.000000,0,1
502,1,-95.6308,347.6961,491.6886,100.5359,1.000000,0,1
502,2,883.1464,370.3689,143.0710,58.0577,1.000000,0,1
502,3,618.4321,369.1117,108.4646,62.3484,1.000000,0,1
503,1,-96.6527,347.4176,491.3618,100.4713,1.000000,0,1
503,2,884.4434,370.0683,143.2534,58.0534,1.000000,0,1
503,3,619.6536,368.7958,108.4715,62.3491,1.000000,0,1
504,1,-97.6774,347.1288,491.0382,100.4073,1.000000,0,1
504,2,885.7262,369.7758,143.4340,58.0496,1.000000,0,1
504,3,620.8583,368.4973,108.4828,62.3511,1.000000,0,1
505,1,-98.7041,346.8331,490.7172,100.3438,1.000000,0,1
505,2,886.9993,369.4904,143.6133,58.0463,1.000000,0,1
505,3,622.0481,368.2184,108.5587,62.3548,1.000000,0,1
506,1,-99.7376,346.5234,490.4006,100.2816,1.000000,0,1
506,2,888.2996,369.1774,143.7960,58.0407,1.000000,0,1
506,3,623.2726,367.9084,108.6365,62.3565,1.000000,0,1
507,1,-100.7771,346.2032,490.0883,100.2202,1.000000,0,1
507,2,889.5847,368.8743,143.9769,58.0357,1.000000,0,1
507,3,624.4796,367.6177,108.7137,62.3595,1.000000,0,1
508,1,-101.8218,345.8756,489.7799,100.1598,1.000000,0,1
508,2,890.8584,368.5806,144.1558,58.0313,1.000000,0,1
508,3,625.6716,367.3479,108.7904,62.3642,1.000000,0,1
509,1,-102.8773,345.5345,489.4777,100.1008,1.000000,0,1
509,2,892.1561,368.2630,144.3376,58.0248,1.000000,0,1
509,3,626.9027,367.0439,108.8691,62.3667,1.000000,0,1
510,1,-103.9419,345.1832,489.1813,100.0432,1.000000,0,1
510,2,893.4443,367.9521,144.5179,58.0185,1.000000,0,1
510,3,628.1136,366.7622,108.9469,62.3706,1.000000,0,1
511,1,-105.0143,344.8241,488.8896,99.9867,1.000000,0,1
511,2,894.7228,367.6513,144.6972,58.0132,1.000000,0,1
511,3,629.3079,366.5034,109.0241,62.3765,1.000000,0,1
512,1,-106.1000,344.4492,488.6060,99.9321,1.000000,0,1
512,2,896.0254,367.3286,144.8790,58.0058,1.000000,0,1
512,3,630.5420,366.2097,109.1038,62.3802,1.000000,0,1
513,1,-107.1961,344.0623,488.3288,99.8790,1.000000,0,1
513,2,897.3159,367.0160,145.0591,57.9990,1.000000,0,1
513,3,631.7573,365.9375,109.1826,62.3854,1.000000,0,1
514,1,-108.3013,343.6671,488.0576,99.8273,1.000000,0,1
514,2,898.5977,366.7131,145.2383,57.9931,1.000000,0,1
514,3,632.9548,365.6891,109.2609,62.3925,1.000000,0,1
515,1,-109.4213,343.2554,487.7947,99.7776,1.000000,0,1
515,2,899.9026,366.3900,145.4202,57.9854,1.000000,0,1
515,3,634.1918,365.4065,109.3416,62.3975,1.000000,0,1
516,1,-110.5537,342.8319,487.5391,99.7296,1.000000,0,1
516,2,901.1970,366.0769,145.6005,57.9784,1.000000,0,1
516,3,635.4072,365.1474,109.4213,62.4042,1.000000,0,1
517,1,-111.6981,342.4010,487.2904,99.6833,1.000000,0,1
517,2,902.4832,365.7732,145.7800,57.9722,1.000000,0,1
517,3,636.6056,364.9095,109.5004,62.4125,1.000000,0,1
518,1,-112.8592,341.9533,487.0517,99.6392,1.000000,0,1
518,2,903.7926,365.4486,145.9628,57.9643,1.000000,0,1
518,3,637.8439,364.6356,109.5819,62.4186,1.000000,0,1
519,1,-114.0342,341.4952,486.8211,99.5971,1.000000,0,1
519,2,905.0892,365.1356,146.1439,57.9574,1.000000,0,1
519,3,639.0598,364.3839,109.6624,62.4262,1.000000,0,1
520,1,-115.2224,341.0322,486.5988,99.5569,1.000000,0,1
520,2,906.3768,364.8339,146.3240,57.9513,1.000000,0,1
520,3,640.2575,364.1519,109.7422,62.4354,1.000000,0,1
521,1,-116.4237,340.5555,486.3838,99.5184,1.000000,0,1
521,2,907.6881,364.5091,146.5072,57.9434,1.000000,0,1
521,3,641.4968,363.8795,109.8246,62.4420,1.000000,0,1
522,1,-117.6373,340.0713,486.1762,99.4818,1.000000,0,1
522,2,908.9877,364.1931,146.6890,57.9361,1.000000,0,1
522,3,642.7108,363.6299,109.9063,62.4503,1.000000,0,1
523,1,-118.8676,339.5855,485.9790,99.4475,1.000000,0,1
523,2,910.2788,363.8867,146.8708,57.9300,1.000000,0,1
523,3,643.9053,363.4017,109.9875,62.4605,1.000000,0,1
524,1,-120.1153,339.0896,485.7917,99.4155,1.000000,0,1
524,2,911.5930,363.5581,147.0562,57.9222,1.000000,0,1
524,3,645.1389,363.1385,110.0715,62.4687,1.000000,0,1
525,1,-121.3773,338.5899,485.6127,99.3856,1.000000,0,1
525,2,912.8955,363.2394,147.2410,57.9156,1.000000,0,1
525,3,646.3503,362.8970,110.1547,62.4786,1.000000,0,1
526,1,-122.6535,338.0938,485.4425,99.3576,1.000000,0,1
526,2,914.1887,362.9308,147.4255,57.9100,1.000000,0,1
526,3,647.5436,362.6756,110.2376,62.4902,1.000000,0,1
527,1,-123.9477,337.5951,485.2816,99.3319,1.000000,0,1
527,2,915.5024,362.6015,147.6133,57.9029,1.000000,0,1
527,3,648.7733,362.4229,110.3228,62.4999,1.000000,0,1
528,1,-125.2578,337.0998,485.1285,99.3081,1.000000,0,1
528,2,916.8064,362.2805,147.8007,57.8969,1.000000,0,1
528,3,649.9814,362.1920,110.4074,62.5114,1.000000,0,1
529,1,-126.5820,336.6143,484.9826,99.2860,1.000000,0,1
529,2,918.1019,361.9702,147.9887,57.8922,1.000000,0,1
529,3,651.1725,361.9817,110.4915,62.5245,1.000000,0,1
530,1,-127.9202,336.1338,484.8431,99.2653,1.000000,0,1
530,2,919.4181,361.6412,148.1805,57.8864,1.000000,0,1
530,3,652.3960,361.7451,110.5773,62.5359,1.000000,0,1
531,1,-129.2702,335.6628,484.7094,99.2461,1.000000,0,1
531,2,920.7239,361.3227,148.3721,57.8820,1.000000,0,1
531,3,653.6007,361.5290,110.6619,62.5486,1.000000,0,1
532,1,-130.6322,335.2073,484.5817,99.2283,1.000000,0,1
532,2,922.0211,361.0172,148.5637,57.8791,1.000000,0,1
532,3,654.7910,361.3327,110.7458,62.5627,1.000000,0,1
533,1,-132.0012,334.7619,484.4564,99.2111,1.000000,0,1
533,2,923.3380,360.6959,148.7590,57.8751,1.000000,0,1
533,3,656.0100,361.1150,110.8311,62.5753,1.000000,0,1
534,1,-133.3766,334.3286,484.3343,99.1946,1.000000,0,1
534,2,924.6465,360.3848,148.9541,57.8723,1.000000,0,1
534,3,657.2109,360.9177,110.9150,62.5892,1.000000,0,1
535,1,-134.7594,333.9129,484.2144,99.1787,1.000000,0,1
535,2,925.9470,360.0880,149.1495,57.8713,1.000000,0,1
535,3,658.3979,360.7384,110.9982,62.6041,1.000000,0,1
536,1,-136.1492,333.5091,484.0974,99.1635,1.000000,0,1
536,2,927.2633,359.7621,149.3478,57.8908,1.000000,0,1
536,3,659.6105,360.5387,111.0820,62.6174,1.000000,0,1
537,1,-137.5460,333.1176,483.9824,99.1488,1.000000,0,1
537,2,928.5725,359.4417,149.5465,57.9190,1.000000,0,1
537,3,660.8099,360.3542,111.1647,62.6315,1.000000,0,1
538,1,-138.9503,332.7410,483.8703,99.1348,1.000000,0,1
538,2,929.8767,359.1356,149.7455,57.9476,1.000000,0,1
538,3,661.9976,360.1879,111.2460,62.6465,1.000000,0,1
539,1,-140.3543,332.3756,483.7567,99.1204,1.000000,0,1
539,2,931.1992,358.8196,149.9476,57.9766,1.000000,0,1
539,3,663.2069,360.0069,111.3279,62.6601,1.000000,0,1
540,1,-141.7619,332.0228,483.6440,99.1064,1.000000,0,1
540,2,932.5153,358.5201,150.1500,58.0059,1.000000,0,1
540,3,664.4048,359.8277,111.4084,62.6878,1.000000,0,1
541,1,-143.1783,331.6839,483.5348,99.0930,1.000000,0,1
541,2,933.8262,358.2388,150.3522,58.0353,1.000000,0,1
541,3,665.5935,359.6635,111.4883,62.7157,1.000000,0,1
542,1,-144.5935,331.3525,483.4243,99.0795,1.000000,0,1
542,2,935.1549,357.9496,150.5575,58.0651,1.000000,0,1
542,3,666.8012,359.4856,111.5683,62.7434,1.000000,0,1
543,1,-146.0114,331.0310,483.3156,99.0664,1.000000,0,1
543,2,936.4756,357.6791,150.7621,58.0949,1.000000,0,1
543,3,667.9985,359.3233,111.6471,62.7706,1.000000,0,1
544,1,-147.4338,330.7234,483.2101,99.0539,1.000000,0,1
544,2,937.7902,357.4294,150.9665,58.1249,1.000000,0,1
544,3,669.1871,359.1765,111.7253,62.7975,1.000000,0,1
545,1,-148.8569,330.4236,483.1056,99.0418,1.000000,0,1
545,2,939.1214,357.1750,151.1735,58.1552,1.000000,0,1
545,3,670.3903,359.0200,111.8036,62.8243,1.000000,0,1
546,1,-150.2850,330.1332,483.0039,99.0302,1.000000,0,1
546,2,940.4479,356.9368,151.3802,58.1855,1.000000,0,1
546,3,671.5869,358.8741,111.8815,62.8509,1.000000,0,1
547,1,-151.7190,329.8568,482.9056,99.0195,1.000000,0,1
547,2,941.7697,356.7177,151.5871,58.2159,1.000000,0,1
547,3,672.7767,358.7401,111.9590,62.8774,1.000000,0,1
548,1,-153.1545,329.5910,482.8081,99.0090,1.000000,0,1
548,2,943.1069,356.4937,151.7959,58.2465,1.000000,0,1
548,3,673.9772,358.5992,112.0367,62.9038,1.000000,0,1
549,1,-154.5940,329.3381,482.7129,98.9989,1.000000,0,1
549,2,944.4335,356.2916,152.0037,58.2770,1.000000,0,1
549,3,675.1732,358.4667,112.1143,62.9302,1.000000,0,1
550,1,-156.0380,329.1013,482.6202,98.9895,1.000000,0,1
550,2,945.7556,356.1107,152.2119,58.3079,1.000000,0,1
550,3,676.3647,358.3444,112.1919,62.9567,1.000000,0,1
551,1,-157.4841,328.8791,482.5290,98.9804,1.000000,0,1
551,2,947.0987,355.9224,152.4230,58.3389,1.000000,0,1
551,3,677.5640,358.2179,112.2703,62.9836,1.000000,0,1
552,1,-158.9326,328.6729,482.4392,98.9718,1.000000,0,1
552,2,948.4347,355.7532,152.6334,58.3699,1.000000,0,1
552,3,678.7601,358.0992,112.3487,63.0104,1.000000,0,1
553,1,-160.3867,328.4859,482.3532,98.9639,1.000000,0,1
553,2,949.7619,355.6097,152.8436,58.4013,1.000000,0,1
553,3,679.9537,357.9893,112.4274,63.0373,1.000000,0,1
554,1,-161.8407,328.3180,482.2675,98.9562,1.000000,0,1
554,2,951.1051,355.4652,153.0560,58.4326,1.000000,0,1
554,3,681.1523,357.8799,112.5067,63.0646,1.000000,0,1
555,1,-163.2977,328.1684,482.1836,98.9488,1.000000,0,1
555,2,952.4464,355.3367,153.2683,58.4640,1.000000,0,1
555,3,682.3532,357.7721,112.5864,63.0920,1.000000,0,1
556,1,-164.7590,328.0377,482.1018,98.9420,1.000000,0,1
556,2,953.7830,355.2303,153.4808,58.4956,1.000000,0,1
556,3,683.5528,357.6695,112.6667,63.1198,1.000000,0,1
557,1,-166.2206,327.9283,482.0208,98.9353,1.000000,0,1
557,2,955.1294,355.1347,153.6949,58.5274,1.000000,0,1
557,3,684.7492,357.5757,112.7468,63.1476,1.000000,0,1
558,1,-167.6828,327.8378,481.9398,98.9287,1.000000,0,1
558,2,956.4752,355.0576,153.9092,58.5593,1.000000,0,1
558,3,685.9503,357.4801,112.8275,63.1755,1.000000,0,1
559,1,-169.1481,327.7668,481.8595,98.9223,1.000000,0,1
559,2,957.8212,354.9970,154.1239,58.5912,1.000000,0,1
559,3,687.1545,357.3831,112.9083,63.2034,1.000000,0,1
560,1,-170.6142,327.7152,481.7793,98.9157,1.000000,0,1
560,2,959.1737,354.9509,154.3392,58.6230,1.000000,0,1
560,3,688.3535,357.2952,112.9890,63.2314,1.000000,0,1
561,1,-172.0818,327.6809,481.6992,98.9093,1.000000,0,1
561,2,960.5255,354.9249,154.5540,58.6548,1.000000,0,1
561,3,689.5531,357.2105,113.0696,63.2594,1.000000,0,1
562,1,-173.5527,327.6643,481.6202,98.9032,1.000000,0,1
562,2,961.8774,354.9183,154.7688,58.6862,1.000000,0,1
562,3,690.7581,357.1238,113.1509,63.2875,1.000000,0,1
563,1,-175.0243,327.6658,481.5417,98.8971,1.000000,0,1
563,2,963.2348,354.9259,154.9835,58.7176,1.000000,0,1
563,3,691.9617,357.0403,113.2318,63.3154,1.000000,0,1
564,1,-176.4980,327.6815,481.4637,98.8912,1.000000,0,1
564,2,964.5950,354.9475,155.1980,58.7487,1.000000,0,1
564,3,693.1631,356.9620,113.3127,63.3433,1.000000,0,1
565,1,-177.9774,327.7094,481.3882,98.8860,1.000000,0,1
565,2,965.9565,354.9846,155.4117,58.7793,1.000000,0,1
565,3,694.3678,356.8842,113.3937,63.3714,1.000000,0,1
566,1,-179.4569,327.7517,481.3132,98.8807,1.000000,0,1
566,2,967.3193,355.0387,155.6249,58.8096,1.000000,0,1
566,3,695.5704,356.8122,113.4744,63.3992,1.000000,0,1
567,1,-180.9380,327.8057,481.2380,98.8756,1.000000,0,1
567,2,968.6836,355.1075,155.8374,58.8397,1.000000,0,1
567,3,696.7750,356.7419,113.5551,63.4269,1.000000,0,1
568,1,-182.4234,327.8699,481.1655,98.8709,1.000000,0,1
568,2,970.0522,355.1863,156.0499,58.8694,1.000000,0,1
568,3,697.9836,356.6720,113.6356,63.4546,1.000000,0,1
569,1,-183.9090,327.9451,481.0923,98.8662,1.000000,0,1
569,2,971.4202,355.2812,156.2613,58.8988,1.000000,0,1
569,3,699.1875,356.6112,113.7158,63.4820,1.000000,0,1
570,1,-185.3979,328.0287,481.0213,98.8619,1.000000,0,1
570,2,972.7919,355.3856,156.4725,58.9279,1.000000,0,1
570,3,700.3943,356.5537,113.7958,63.5093,1.000000,0,1
571,1,-186.8896,328.1199,480.9510,98.8579,1.000000,0,1
571,2,974.1674,355.4974,156.6830,58.9565,1.000000,0,1
571,3,701.6039,356.5016,113.8759,63.5366,1.000000,0,1
572,1,-188.3792,328.2197,480.8799,98.8536,1.000000,0,1
572,2,975.5352,355.6281,156.8920,58.9847,1.000000,0,1
572,3,702.8058,356.4635,113.9554,63.5636,1.000000,0,1
573,1,-189.8693,328.3268,480.8090,98.8494,1.000000,0,1
573,2,976.9101,355.7612,157.1010,59.0128,1.000000,0,1
573,3,704.0116,356.4297,114.0348,63.5906,1.000000,0,1
574,1,-191.3623,328.4393,480.7397,98.8455,1.000000,0,1
574,2,978.2911,355.8938,157.3104,59.0407,1.000000,0,1
574,3,705.2245,356.3976,114.1145,63.6176,1.000000,0,1
575,1,-192.8543,328.5596,480.6698,98.8416,1.000000,0,1
575,2,979.6605,356.0459,157.5175,59.0681,1.000000,0,1
575,3,706.4299,356.3824,114.1935,63.6443,1.000000,0,1
576,1,-194.3465,328.6854,480.5994,98.8376,1.000000,0,1
576,2,981.0371,356.1980,157.7256,59.0955,1.000000,0,1
576,3,707.6389,356.3721,114.2725,63.6709,1.000000,0,1
577,1,-195.8408,328.8151,480.5295,98.8335,1.000000,0,1
577,2,982.4225,356.3466,157.9347,59.1229,1.000000,0,1
577,3,708.8551,356.3615,114.3516,63.6975,1.000000,0,1
578,1,-197.3344,328.9513,480.4582,98.8293,1.000000,0,1
578,2,983.7939,356.5153,158.1421,59.1503,1.000000,0,1
578,3,710.0630,356.3708,114.4301,63.7238,1.000000,0,1
579,1,-198.8273,329.0912,480.3863,98.8249,1.000000,0,1
579,2,985.1747,356.6807,158.3508,59.1776,1.000000,0,1
579,3,711.2766,356.3853,114.5087,63.7500,1.000000,0,1
580,1,-200.3187,329.2336,480.3131,98.8202,1.000000,0,1
580,2,986.5654,356.8402,158.5609,59.2051,1.000000,0,1
580,3,712.4987,356.4024,114.5870,63.7761,1.000000,0,1
581,1,-201.8074,329.3817,480.2388,98.8153,1.000000,0,1
581,2,987.9387,357.0234,158.7692,59.2326,1.000000,0,1
581,3,713.7119,356.4402,114.6649,63.8019,1.000000,0,1
582,1,-203.2941,329.5319,480.1635,98.8100,1.000000,0,1
582,2,989.3214,357.2039,158.9792,59.2602,1.000000,0,1
582,3,714.9280,356.4863,114.7425,63.8276,1.000000,0,1
583,1,-204.7788,329.6810,480.0868,98.8045,1.000000,0,1
583,2,990.7175,357.3768,159.1910,59.2879,1.000000,0,1
583,3,716.1567,356.5310,114.8204,63.8531,1.000000,0,1
584,1,-206.2605,329.8341,480.0086,98.7986,1.000000,0,1
584,2,992.0975,357.5727,159.4011,59.3156,1.000000,0,1
584,3,717.3770,356.5969,114.8972,63.8783,1.000000,0,1
585,1,-207.7406,329.9883,479.9297,98.7925,1.000000,0,1
585,2,993.4846,357.7675,159.6125,59.3435,1.000000,0,1
585,3,718.5988,356.6730,114.9737,63.9032,1.000000,0,1
586,1,-209.2190,330.1411,479.8497,98.7860,1.000000,0,1
586,2,994.8826,357.9556,159.8257,59.3716,1.000000,0,1
586,3,719.8329,356.7483,115.0503,63.9280,1.000000,0,1
587,1,-210.6946,330.2955,479.7686,98.7795,1.000000,0,1
587,2,996.2621,358.1690,160.0365,59.3994,1.000000,0,1
587,3,721.0564,356.8438,115.1262,63.9526,1.000000,0,1
588,1,-212.1684,330.4497,479.6866,98.7726,1.000000,0,1
588,2,997.6506,358.3796,160.2485,59.4274,1.000000,0,1
588,3,722.2849,356.9442,115.2021,63.9770,1.000000,0,1
589,1,-213.6409,330.6010,479.6032,98.7655,1.000000,0,1
589,2,999.0518,358.5816,160.4622,59.4553,1.000000,0,1
589,3,723.5261,357.0418,115.2787,64.0015,1.000000,0,1
590,1,-215.1092,330.7530,479.5179,98.7579,1.000000,0,1
590,2,1000.4330,358.8091,160.6731,59.4830,1.000000,0,1
590,3,724.7549,357.1630,115.3544,64.0260,1.000000,0,1
591,1,-216.5740,330.9044,479.4309,98.7499,1.000000,0,1
591,2,1001.8230,359.0338,160.8853,59.5108,1.000000,0,1
591,3,725.9870,357.2913,115.4308,64.0505,1.000000,0,1
592,1,-218.0360,331.0544,479.3423,98.7414,1.000000,0,1
592,2,1003.2260,359.2497,161.0990,59.5386,1.000000,0,1
592,3,727.2350,357.4132,115.5080,64.0754,1.000000,0,1
593,1,-219.4920,331.2053,479.2505,98.7323,1.000000,0,1
593,2,1004.6080,359.4920,161.3093,59.5659,1.000000,0,1
593,3,728.4706,357.5594,115.5851,64.1003,1.000000,0,1
594,1,-220.9431,331.3565,479.1567,98.7226,1.000000,0,1
594,2,1005.9910,359.7374,161.5194,59.5930,1.000000,0,1
594,3,729.6833,357.7158,115.6865,64.1253,1.000000,0,1
595,1,-222.3888,331.5087,479.0606,98.7123,1.000000,0,1
595,2,1007.3910,359.9701,161.7313,59.6201,1.000000,0,1
595,3,730.8685,357.8665,115.8333,64.1507,1.000000,0,1
596,1,-223.8230,331.6625,478.9593,98.7009,1.000000,0,1
596,2,1008.7720,360.2076,161.9397,59.6671,1.000000,0,1
596,3,732.0446,358.0388,115.9797,64.1762,1.000000,0,1
597,1,-225.2488,331.8173,478.8546,98.6886,1.000000,0,1
597,2,1010.1490,360.4492,162.1471,59.7172,1.000000,0,1
597,3,733.2236,358.2177,116.1270,64.2020,1.000000,0,1
598,1,-226.6680,331.9721,478.7474,98.6757,1.000000,0,1
598,2,1011.5450,360.6763,162.3557,59.7657,1.000000,0,1
598,3,734.4156,358.3910,116.2759,64.2280,1.000000,0,1
599,1,-228.0753,332.1299,478.6351,98.6615,1.000000,0,1
599,2,1012.9220,360.9237,162.5616,59.8157,1.000000,0,1
599,3,735.5978,358.5869,116.4246,64.2543,1.000000,0,1
600,1,-229.4736,332.2886,478.5190,98.6464,1.000000,0,1
600,2,1014.2980,361.1752,162.7672,59.8661,1.000000,0,1
600,3,736.7816,358.7908,116.5736,64.2808,1.000000,0,1
601,1,-230.8637,332.4436,478.3986,98.6304,1.000000,0,1
601,2,1015.6870,361.4176,162.9735,59.9153,1.000000,0,1
601,3,737.9806,358.9873,116.7245,64.3075,1.000000,0,1
602,1,-232.2421,332.5999,478.2737,98.6131,1.000000,0,1
602,2,1017.0590,361.6777,163.1772,59.9660,1.000000,0,1
602,3,739.1715,359.2040,116.8752,64.3343,1.000000,0,1
603,1,-233.6103,332.7560,478.1437,98.5947,1.000000,0,1
603,2,1018.4320,361.9392,163.3810,60.0168,1.000000,0,1
603,3,740.3650,359.4266,117.0263,64.3613,1.000000,0,1
604,1,-234.9689,332.9104,478.0102,98.5753,1.000000,0,1
604,2,1019.8200,362.1885,163.5862,60.0664,1.000000,0,1
604,3,741.5732,359.6396,117.1789,64.3883,1.000000,0,1
605,1,-241.0768,333.5373,477.3524,98.4756,1.000000,0,1
605,2,1026.3080,363.1888,164.5463,60.2814,1.000000,0,1
605,3,747.2043,360.5172,117.8909,64.5585,1.000000,0,1
